internal_name,slug,internal_id,product_name,url
Clases + Ticket + Equipo Farellones,ticket-clases-rental-farellones,5397,Clase de Ski y Snowboard en Farellones con Ticket y Rental Incluido,https://www.tur.com/es/undefined-undefined/ticket-clases-rental-farellones-5397
Clases + Ticket (sin equipo) El Colorado,clase-ski-principiantes-el-colorado,5396,Ticket Principiante con Clase Colectiva de Ski o Snowboard en El Colorado,https://www.tur.com/es/undefined-undefined/clase-ski-principiantes-el-colorado-5396
Excursión a Pinguinera Punta Tombo y Trelew (MEF),excursion-a-pinguinera-punta-tombo-y-trelew,4590,Excursión a Pinguinera Punta Tombo y Trelew con Museo Paleontológico,https://www.tur.com/es/puerto-madryn-171/excursion-a-pinguinera-punta-tombo-y-trelew-4590
Experiencia de cerveza artesanal,tour-de-cerveza-artesanal-en-zona-rosa-con-degustacion-guiada-en-bogota,5212,Tour de cerveza artesanal por la Zona Rosa y Zona T de Bogotá con cata,https://www.tur.com/es/bogota-116/tour-de-cerveza-artesanal-en-zona-rosa-con-degustacion-guiada-en-bogota-5212
Pedido Tour café y chocolate,tour-de-cafe-y-chocolate-en-chapinero-con-degustacion-guiada,5209,"Tour de café y chocolate en barrio Chapinero, Bogotá",https://www.tur.com/es/bogota-116/tour-de-cafe-y-chocolate-en-chapinero-con-degustacion-guiada-5209
Pub Crawl Español,tour-de-vida-nocturna-en-zona-rosa-con-bares-y-discoteca-en-bogota,5213,Tour de vida nocturna en Zona Rosa de Bogotá con bares y discoteca,https://www.tur.com/es/bogota-116/tour-de-vida-nocturna-en-zona-rosa-con-bares-y-discoteca-en-bogota-5213
Remando al Atardecer en el Río Paraguay,rema-en-el-rio-paraguay,3231,Remando al Atardecer en el Río Paraguay en Formosa,https://www.tur.com/es/formosa-386/rema-en-el-rio-paraguay-3231
Villa Turística Herradura: Naturaleza y Tradición,excursion-herradura-desde-formosa,4393,Excursión a Villa Turística Herradura desde Formosa,https://www.tur.com/es/formosa-386/excursion-herradura-desde-formosa-4393
Carbonera bike tour desde Salento quindio,tour-en-bicicleta-de-montana-a-la-carbonera-desde-salento,5237,Tour en Bicicleta a La Carbonera: Bosque de Palmas de Cera desde Salento,https://www.tur.com/es/salento-119/tour-en-bicicleta-de-montana-a-la-carbonera-desde-salento-5237
Tour en finca cafetera Entrebosques con cata de café ,tour-cafe-salento-finca-cata,5043,Tour en finca cafetera Entrebosques con cata de café ,https://www.tur.com/es/salento-119/tour-cafe-salento-finca-cata-5043
"Tour completo la carbonera, la cascada y la finca el Roció",tour-la-carbonera-desde-salento-con-palmas-de-cera,5233,Tour La Carbonera desde Salento con palmas de cera,https://www.tur.com/es/salento-119/tour-la-carbonera-desde-salento-con-palmas-de-cera-5233
Experiencia de Maestro del Café Salento,experiencia-coffee-master-salento,5229,Experiencia Coffee Master en Salento con tostado y cata de café,https://www.tur.com/es/salento-119/experiencia-coffee-master-salento-5229
Tour Cervecero,tour-de-cerveza-artesanal-en-barrio-local-en-bogota,5202,Tour de Cerveza Artesanal con Degustación en Barrio Local,https://www.tur.com/es/bogota-116/tour-de-cerveza-artesanal-en-barrio-local-en-bogota-5202
Excursión de Kayak y Trekking en Isla Huemul,excursion-de-kayak-y-trekking-en-isla-huemul,4269,Excursión de Kayak y Trekking en Isla Huemul,https://www.tur.com/es/san-carlos-de-bariloche-158/excursion-de-kayak-y-trekking-en-isla-huemul-4269
Tour de Sobrevuelo a las Líneas de Nazca y Huacachina desde Lima,tour-sobrevuelo-lineas-nazca-huacachina-desde-lima,5069,Tour de Sobrevuelo a las Líneas de Nazca y Huacachina desde Lima,https://www.tur.com/es/lima-131/tour-sobrevuelo-lineas-nazca-huacachina-desde-lima-5069
Excursion a Machupicchi Limeño y Canta,tour-machu-picchu-limeno-canta-lima,5008,Tour Machu Picchu Limeño y Canta desde Lima con visita cultural,https://www.tur.com/es/lima-131/tour-machu-picchu-limeno-canta-lima-5008
CACAO BACKPACKER,tour-del-cacao-en-armenia,5001,Tour del Cacao y Taller de Chocolate desde Armenia,https://www.tur.com/es/armenia-114/tour-del-cacao-en-armenia-5001
Ruta Galesa con Visita al campo de Peonias,ruta-galesa-con-visita-al-campo-de-peonias,4145,Ruta Galesa con Visita al campo de Peonias,https://www.tur.com/es/esquel-169/ruta-galesa-con-visita-al-campo-de-peonias-4145
Ruta Galesa con Visita al campo de Tulipanes,ruta-galesa-con-visita-al-campo-de-tulipanes,4141,"Ruta Galesa con Visita al campo de Tulipanes, Cascadas y Viña Nant y Fall",https://www.tur.com/es/esquel-169/ruta-galesa-con-visita-al-campo-de-tulipanes-4141
Traslado hacia el Aeropuerto de Puerto Natales desde Puerto Natales,transfer-aeropuerto-puerto-natales,5053,Traslado hacia el Aeropuerto de Puerto Natales desde Puerto Natales,https://www.tur.com/es/puerto-natales-298/transfer-aeropuerto-puerto-natales-4809
Taller de trufas,taller-chocolate-cusco-trufas,5068,Taller de trufas en Cusco,https://www.tur.com/es/cusco-132/taller-chocolate-cusco-trufas-5068
Excursión Full al Parque de Aventura en San Rafael,excursion-full-al-parque-de-aventura-en-san-rafael,4678,Excursión Full al Parque de Aventura en San Rafael,https://www.tur.com/es/san-rafael-163/excursion-full-al-parque-de-aventura-en-san-rafael-4678
Tour de frutas exóticas,tour-de-frutas-exoticas-en-mercado-local-de-medellin,5225,Tour de frutas exóticas en mercado tradicional de Medellín,https://www.tur.com/es/medellin-124/tour-de-frutas-exoticas-en-mercado-local-de-medellin-5225
Paseo en Can-Am Defender con Oruga en Bariloche,paseo-en-can-am-defender-con-oruga-en-bariloche,4383,Paseo en Can-Am Defender con Oruga en Bariloche,https://www.tur.com/es/san-carlos-de-bariloche-158/paseo-en-can-am-defender-con-oruga-en-bariloche-4383
Paseo en Moto de Nieve en Cerro Otto en Bariloche,paseo-en-moto-de-nieve-en-cerro-otto-en-bariloche,4381,Paseo en Moto de Nieve en Cerro Otto en Bariloche,https://www.tur.com/es/san-carlos-de-bariloche-158/paseo-en-moto-de-nieve-en-cerro-otto-en-bariloche-4381
Passeio a Cavalo - Barra da Lagoa (1h),paseo-a-caballo-barra-da-lagoa-florianopolis,5234,Paseo a caballo en Barra da Lagoa por playa y dunas,https://www.tur.com/es/florianopolis-108/paseo-a-caballo-barra-da-lagoa-florianopolis-5234
MINCA TOURS 4 CASCADAS (Desde Santa Marta),tour-cascadas-minca-desde-santa-marta,5230,Tour a las Cascadas de Minca desde Santa Marta,https://www.tur.com/es/santa-marta-130/tour-cascadas-minca-desde-santa-marta-5230
Visita guiada por el Museo del Oro y el barrio de La Candelaria,tour-museo-del-oro-la-candelaria-bogota,5189,Tour Museo del Oro y La Candelaria en Bogotá cultural,https://www.tur.com/es/bogota-116/tour-museo-del-oro-la-candelaria-bogota-5189
Visita guiada por el barrio de Usaquén,tour-usaquen-bogota-historia-gastronomia-cultura,5190,"Tour Usaquén en Bogotá con historia, gastronomía y cultura",https://www.tur.com/es/bogota-116/tour-usaquen-bogota-historia-gastronomia-cultura-5190
TEST 1,test,78,test ,https://www.tur.com/es/undefined-undefined/test-78
Huellas de la Memoria,tour-huellas-de-la-memoria-santiago,4085,Tour Huellas de la Memoria por museos históricos de Santiago,https://www.tur.com/es/santiago-228/tour-huellas-de-la-memoria-santiago-4085
Anti tour Bogotá,tour-historico-y-cultural-en-bogota-con-chicha-y-viche,5216,Tour histórico y cultural por La Candelaria con chicha y viche,https://www.tur.com/es/bogota-116/tour-historico-y-cultural-en-bogota-con-chicha-y-viche-5216
"Nightlife Tour with Hidden Bars, Local Drinks & Tejo",tour-nocturno-en-la-candelaria-con-bebidas-tradicionales-y-tejo,5215,Tour nocturno por La Candelaria con bebidas tradicionales y tejo,https://www.tur.com/es/bogota-116/tour-nocturno-en-la-candelaria-con-bebidas-tradicionales-y-tejo-5215
Craft Beer and Gastro Tour with Local Snacks,ruta-de-cerveza-artesanal-con-guia-experto-en-parkway-bogota,5214,Tour de cerveza artesanal por Parkway en Bogotá con degustación y maridaje,https://www.tur.com/es/bogota-116/ruta-de-cerveza-artesanal-con-guia-experto-en-parkway-bogota-5214
Cultural Heritage Free Tour,tour-free-historico-santa-marta-centro-cultural,5224,Free tour por el centro histórico de Santa Marta,https://www.tur.com/es/santa-marta-130/tour-free-historico-santa-marta-centro-cultural-5224
Villavicencio Park Zipline Extreme de 1500m,villavicencio-park-zipline-extreme-de-1500m,4121,Villavicencio Park Zipline Extreme de 1500m,https://www.tur.com/es/mendoza-159/villavicencio-park-zipline-extreme-de-1500m-4121
 Passeio na Praia de Cumbuco,tour-playa-cumbuco-desde-fortaleza,5361,Tour a la playa de Cumbuco desde Fortaleza,https://www.tur.com/es/fortaleza-107/tour-playa-cumbuco-desde-fortaleza-5361
Transfer compartilhado Aeroporto x Hotéis Fortaleza,traslado-compartido-aeropuerto-hoteles-fortaleza,5350,Traslado compartido del aeropuerto a hoteles de Fortaleza,https://www.tur.com/es/fortaleza-107/traslado-compartido-aeropuerto-hoteles-fortaleza-5350
Passeio na Praia de Canoa Quebrada,tour-playa-canoa-quebrada-desde-fortaleza,5359,Tour a la playa de Canoa Quebrada desde Fortaleza,https://www.tur.com/es/fortaleza-107/tour-playa-canoa-quebrada-desde-fortaleza-5359
Santafé de Antioquia ,tour-santa-fe-de-antioquia,5037,Tour a Santa Fe de Antioquia desde Medellín: historia colonial y patrimonio,https://www.tur.com/es/medellin-124/tour-santa-fe-de-antioquia-desde-medellin-3483
Rafting Intenso en el Río Mendoza en Potrerillos,rafting-intenso-en-el-rio-mendoza-en-potrerillos,2492,Rafting Intenso en el Río Mendoza en Potrerillos,https://www.tur.com/es/potrerillos-190/rafting-intenso-en-el-rio-mendoza-en-potrerillos-2492
 Ida e volta - Transfer Aeroporto de Porto Seguro para Praia de Santo André,traslado-ida-vuelta-porto-seguro-praia-santo-andre,5300,Traslado ida y vuelta Porto Seguro y Praia de Santo André,https://www.tur.com/es/porto-seguro-398/traslado-ida-vuelta-porto-seguro-praia-santo-andre-5300
Petropolis Imperial,tour-historico-petropolis-museo-imperial-rua-teresa,4728,Tour histórico por Petrópolis con Museo Imperial y Rua Teresa,https://www.tur.com/es/rio-de-janeiro-103/tour-historico-petropolis-museo-imperial-rua-teresa-4728
Tour Guiado al Estadio Maracanã con Traslado en Río de Janeiro,tour-guiado-estadio-maracana-rio-de-janeiro,3014,Tour Guiado al Estadio Maracaná con Traslado en Río de Janeiro,https://www.tur.com/es/rio-de-janeiro-103/tour-guiado-estadio-maracana-rio-de-janeiro-3014
City Tour Full Day con Subida en Tren al Cristo,tour-completo-rio-de-janeiro-entradas-almuerzo,4729,Tour completo por Río de Janeiro con entradas y almuerzo,https://www.tur.com/es/rio-de-janeiro-103/tour-completo-rio-de-janeiro-entradas-almuerzo-4729
City Tour Rio completo más almuerzo en Churrascaria,tour-vip-dia-rio-corcovado-tren-steakhouse-brasileno,4002,Tour VIP de un día en Río con Corcovado en tren y steakhouse brasileño,https://www.tur.com/es/rio-de-janeiro-103/tour-vip-dia-rio-corcovado-tren-steakhouse-brasileno-4002
Pub Crawl nocturno por Lapa en Río de Janeiro,pub-crawl-lapa-rio-de-janeiro,3001,Pub Crawl nocturno por Lapa en Río de Janeiro,https://www.tur.com/es/rio-de-janeiro-103/pub-crawl-lapa-rio-de-janeiro-3001
Tour gastronómico por Río de Janeiro con sabores tradicionales,free-food-tour-rio-de-janeiro,2999,Tour Gastronómico por Río de Janeiro ,https://www.tur.com/es/rio-de-janeiro-103/free-food-tour-rio-de-janeiro-2999
Free Walking Tour por el Centro Histórico de Río de Janeiro,free-walking-tour-centro-rio-de-janeiro,3002,Free Walking Tour por el Centro Histórico de Río de Janeiro,No encontrada
Free Walking Tour de Herencia Africana y Boulevard Olímpico en Río,free-walking-tour-herencia-africana-rio-de-janeiro,3000,Free Walking Tour de Herencia Africana y Boulevard Olímpico en Río,No encontrada
Full day Petrópolis,tour-petropolis-desde-rio-de-janeiro,4941,Tour a Petrópolis desde Rio de Janeiro,https://www.tur.com/es/rio-de-janeiro-103/tour-petropolis-desde-rio-de-janeiro-4941
City Tour Full Day por Río de Janeiro con Cristo y Pan de Azúcar (UDR),city-tour-rio-de-janeiro-full-day,103,City Tour Full Day por Río de Janeiro con Cristo y Pan de Azúcar,https://www.tur.com/es/rio-de-janeiro-103/city-tour-rio-de-janeiro-full-day-103
Full day Arraial do Cabo desde cabo frio,full-day-arraial-do-cabo-desde-cabo-frio,4959,Full Day a Arraial do Cabo desde Cabo Frío,https://www.tur.com/es/rio-de-janeiro-103/full-day-arraial-do-cabo-desde-cabo-frio-4959
 Cristo Redentor y Pan de Azúcar en Río de Janeiro (EXPRESS),tour-expreso-cristo-redentor-pan-azucar-rio,2305, Tour por el Cristo Redentor y Pan de Azúcar en Río de Janeiro,https://www.tur.com/es/rio-de-janeiro-103/tour-expreso-cristo-redentor-pan-azucar-rio-2305
Ginga Tropical,show-folclorico-nocturno-rio-de-janeiro,4944,Tour nocturno con show folclórico brasileño en Río de Janeiro,https://www.tur.com/es/rio-de-janeiro-103/show-folclorico-nocturno-rio-de-janeiro-4944
Pedra do Telégrafo & Praias Secretas,trilha-pedra-do-telegrafo-rio-de-janeiro,4942,Trilha a la Pedra do Telégrafo en Río de Janeiro con guía,https://www.tur.com/es/rio-de-janeiro-103/trilha-pedra-do-telegrafo-rio-de-janeiro-4942
"Tour Panorámico: Cristo Redentor, Maracaná y Escalera Selarón en Río ( CCV)",tour-cristo-redentor-maracana-selaron-rio-de-janeiro,2297,"Tour Panorámico: Cristo Redentor, Maracaná y Escalera Selarón en Río",https://www.tur.com/es/rio-de-janeiro-103/tour-cristo-redentor-maracana-selaron-rio-de-janeiro-2297
Full day Búzios,tour-buzios-paseo-barco-almuerzo-rio-de-janeiro,4933,Tour a Búzios con Paseo en Barco y Almuerzo desde Río de Janeiro,https://www.tur.com/es/rio-de-janeiro-103/tour-buzios-paseo-barco-almuerzo-rio-de-janeiro-4933
Tour al AquaRio y Zona Portuaria desde Río de Janeiro Medio Día,tour-aquario-zona-portuaria-rio-de-janeiro,3012,Tour de Medio Día al AquaRio y Zona Portuaria desde Río de Janeiro ,https://www.tur.com/es/rio-de-janeiro-103/tour-aquario-zona-portuaria-rio-de-janeiro-3012
Rio Scenarium,experiencia-nocturna-samba-lapa-rio-de-janeiro,4947,Experiencia nocturna con samba en Lapa Río de Janeiro,https://www.tur.com/es/rio-de-janeiro-103/experiencia-nocturna-samba-lapa-rio-de-janeiro-4947
"Full Day a Arraial do Cabo: Playas, Barco y Reserva Ecológica",full-day-arraial-do-cabo-paseo-barco-rio-janeiro,2311,Full Day a Arraial do Cabo desde Río de Janeiro,https://www.tur.com/es/rio-de-janeiro-103/full-day-arraial-do-cabo-paseo-barco-rio-janeiro-2311
Tour de Buceo en Arraial do Cabo desde Río de Janeiro,buceo-arraial-do-cabo-rio-de-janeiro,98,Tour de Buceo en Arraial do Cabo desde Río de Janeiro,https://www.tur.com/es/rio-de-janeiro-103/buceo-arraial-do-cabo-rio-de-janeiro-98
Trekking en el Pan de Azúcar en Río de Janeiro con guía experto,trekking-pan-de-azucar-rio-de-janeiro,105,Trekking en el Pan de Azúcar en Río de Janeiro con guía experto,https://www.tur.com/es/rio-de-janeiro-103/trekking-pan-de-azucar-rio-de-janeiro-105
Trekking Pedra da Gávea en Río de Janeiro con guía especializado,trekking-pedra-da-gavea-rio-de-janeiro,104,Trekking Pedra da Gávea en Río de Janeiro con guía especializado,https://www.tur.com/es/rio-de-janeiro-103/trekking-pedra-da-gavea-rio-de-janeiro-104
Caminata por cascadas y cuevas en la Selva de Tijuca en Río,caminata-selva-tijuca-rio-cascadas-cuevas,88,Caminata por cascadas y cuevas en la Selva de Tijuca en Río,https://www.tur.com/es/rio-de-janeiro-103/caminata-selva-tijuca-rio-cascadas-cuevas-88
Translado y travessia compartido de Río de Janeiro a Ilha Grande con travesía,transfer-rio-de-janeiro-ilha-grande-compartilhado,106,Transfer compartido de Río de Janeiro a Ilha Grande ,https://www.tur.com/es/rio-de-janeiro-103/transfer-rio-de-janeiro-ilha-grande-compartilhado-106
Travessia Marítima - Vila do Abraão x  Conceição (Compartilhado),traslado-a-conceicao-de-jacarei-desde-ilha-grande,5183,Traslado marítimo compartido a Conceição de Jacareí desde Ilha Grande,https://www.tur.com/es/rio-de-janeiro-103/traslado-a-conceicao-de-jacarei-desde-ilha-grande-5183
Travessia Marítima - Conceição x Vila do Abraão (Compartilhado),traslado-maritimo-ilha-grande-desde-conceicao-de-jacarei,5182,Traslado marítimo compartido a Ilha Grande desde Conceição de Jacareí,https://www.tur.com/es/rio-de-janeiro-103/traslado-maritimo-ilha-grande-desde-conceicao-de-jacarei-5182
Ilha Grande x Rio de Janeiro (Barra da Tijuca) - (Transfer + Travessia compartilhados),transfer-ilha-grande-rio-de-janeiro-travesia,5186,Transfer de Ilha Grande a Barra da Tijuca Río de Janeiro con travesía,https://www.tur.com/es/rio-de-janeiro-103/transfer-ilha-grande-rio-de-janeiro-travesia-5186
Traslado y travesía compartida desde Ilha Grande a Río de Janeiro,traslado-ilha-grande-rio-de-janeiro-compartido,100,Traslado desde Ilha Grande a Río de Janeiro,https://www.tur.com/es/rio-de-janeiro-103/traslado-ilha-grande-rio-de-janeiro-compartido-100
Rio de Janeiro (Barra da Tijuca) x Ilha Grande (Transfer + Travessia compartilhado),traslado-ilha-grande-desde-barra-da-tijuca,5185,Traslado de Barra da Tijuca Río de Janeiro a Ilha Grande con travesía,https://www.tur.com/es/rio-de-janeiro-103/traslado-ilha-grande-desde-barra-da-tijuca-5185
Free Walking Tour Herencia Africana,tour-a-pie-herencia-africana-rio-de-janeiro-little-africa,3875,Free Walking Tour Herencia Africana en Río de Janeiro ,https://www.tur.com/es/rio-de-janeiro-103/tour-a-pie-herencia-africana-rio-de-janeiro-little-africa-3875
Free Walking Tour por el Centro Histórico y Lapa,tour-a-pie-centro-historico-rio-de-janeiro,3836,Free Walking Tour por el Centro Histórico y Lapa en Río de Janeiro,https://www.tur.com/es/rio-de-janeiro-103/tour-a-pie-centro-historico-rio-de-janeiro-3836
Free Walking Tour por el Barrio de Santa Teresa,free-tour-santa-teresa-rio-de-janeiro-escadaria-selaron,3827,Free walking tour por Santa Teresa en Río de Janeiro ,https://www.tur.com/es/rio-de-janeiro-103/free-tour-santa-teresa-rio-de-janeiro-escadaria-selaron-3827
Rio de Janeiro: Roxy Dinner Show,roxy-dinner-show-copacabana,5390,Rio de Janeiro: Roxy Dinner Show ,https://www.tur.com/es/rio-de-janeiro-103/roxy-dinner-show-copacabana-5390
Senderismo por la Pedra do Telégrafo,senderismo-pedra-do-telegrafo-rio-de-janeiro,32,Senderismo por la Pedra do Telégrafo,https://www.tur.com/es/rio-de-janeiro-103/senderismo-pedra-do-telegrafo-rio-de-janeiro-32
Excursión a Petrópolis con tour histórico y almuerzo desde Río,excursion-petropolis-tour-historico-almuerzo-rio-de-janeiro,102,Excursión a Petrópolis con tour histórico y almuerzo desde Río,https://www.tur.com/es/rio-de-janeiro-103/excursion-petropolis-tour-historico-almuerzo-rio-de-janeiro-102
Excursión a Arraial do Cabo desde Río de Janeiro,excursion-arraial-do-cabo-desde-rio-de-janeiro,35,Excursión a Arraial do Cabo desde Río de Janeiro,https://www.tur.com/es/rio-de-janeiro-103/excursion-arraial-do-cabo-desde-rio-de-janeiro-35
Excursión a Búzios desde Río de Janeiro con paseo en barco,excursion-buzios-rio-de-janeiro-paseo-barco,99,Excursión a Búzios desde Río de Janeiro con paseo en barco,https://www.tur.com/es/rio-de-janeiro-103/excursion-buzios-rio-de-janeiro-paseo-barco-99
Excursión en Barco Pirata por Angra dos Reis e Ilha Grande,excursion-barco-pirata-angra-dos-reis-ilha-grande,36,Excursión en Barco Pirata por Angra dos Reis e Ilha Grande desde Rio,https://www.tur.com/es/rio-de-janeiro-103/excursion-barco-pirata-angra-dos-reis-ilha-grande-36
Tour por la Favela Rocinha desde Rio de Janeiro,tour-favela-rocinha-rio-de-janeiro,33,Tour por la Favela Rocinha desde Rio de Janeiro,https://www.tur.com/es/rio-de-janeiro-103/tour-favela-rocinha-rio-de-janeiro-33
Tour de Bossa Nova por Copacabana en Río de Janeiro,tour-bossa-nova-copacabana-rio-de-janeiro,101,Tour de Bossa Nova por Copacabana en Río de Janeiro,https://www.tur.com/es/rio-de-janeiro-103/tour-bossa-nova-copacabana-rio-de-janeiro-101
Excursión a Cataratas del Iguazú - Lado Brasil,cataratas-iguzau-brasil-pasarelas-transporte-incluido,2442,Cataratas del Iguazú: excursión al lado Brasileño,https://www.tur.com/es/puerto-iguazu-157/cataratas-iguzau-brasil-pasarelas-transporte-incluido-2442
Entrada a Cataratas Brasileñas en Foz do Iguaçu,entrada-cataratas-brasilenas-foz-do-iguacu,27,Entrada a Cataratas Brasileñas en Foz do Iguaçu,https://www.tur.com/es/foz-de-iguazu-104/entrada-cataratas-brasilenas-foz-do-iguacu-27
Amanecer en las Cataratas Brasileñas,amanecer-cataratas-brasilenas-con-desayuno,4042,Amanecer en las Cataratas Brasileñas,https://www.tur.com/es/foz-de-iguazu-104/amanecer-cataratas-brasilenas-con-desayuno-4042
Tour Panorámico a Itaipú en Foz de Iguazú,tour-panoramico-a-itaipu-en-foz-de-iguazu,16,Tour Panorámico a Itaipú en Foz de Iguazú,https://www.tur.com/es/foz-de-iguazu-104/tour-panoramico-a-itaipu-en-foz-de-iguazu-16
Cataratas Brasil con Parque de Aves desde Foz do Iguaçu,circuito-cataratas-brasil-parque-aves-foz-do-iguacu,29,Cataratas Brasil con Parque de Aves desde Foz do Iguaçu,https://www.tur.com/es/foz-de-iguazu-104/circuito-cataratas-brasil-parque-aves-foz-do-iguacu-29
Rafain Cena e Show Latino America  ,rafain-cena-show-latinoamerica-foz-do-iguacu,4076,Rafain Cena y Show Latinoamerica  ,https://www.tur.com/es/foz-de-iguazu-104/rafain-cena-show-latinoamerica-foz-do-iguacu-4076
Tour en Catamarán con Cena por la Triple Frontera,tour-catamaran-cena-foz-do-iguazu-triple-frontera,4070,Tour en Catamarán con Cena por la Triple Frontera,https://www.tur.com/es/foz-de-iguazu-104/tour-catamaran-cena-foz-do-iguazu-triple-frontera-4070
Circuito Almuerzo Argentino desde Foz do Iguaçu,circuito-almuerzo-argentino-foz-do-iguacu,31,Circuito Almuerzo Argentino desde Foz do Iguaçu,https://www.tur.com/es/foz-de-iguazu-104/circuito-almuerzo-argentino-foz-do-iguacu-31
City Tour Argentina - Puerto Iguazu (nocturno),tour-nocturno-ciudad-del-este-foz-do-iguacu,26,City Tour Argentina - Puerto Iguazu (nocturno),https://www.tur.com/es/foz-de-iguazu-104/tour-nocturno-ciudad-del-este-foz-do-iguacu-26
Atardecer en las Cataratas Brasileñas,atardecer-cataratas-brasilenas-brindis-garganta-del-diablo,4044,Atardecer en las cataratas brasileñas,https://www.tur.com/es/foz-de-iguazu-104/atardecer-cataratas-brasilenas-brindis-garganta-del-diablo-4044
Tour guiado al Marco de las Tres Fronteras,entrada-marco-tres-fronteras-foz-do-iguacu,30,Tour guiado al Marco de las Tres Fronteras,https://www.tur.com/es/foz-de-iguazu-104/entrada-marco-tres-fronteras-foz-do-iguacu-30
Entrada Macuco Safari en Foz do Iguaçu con recorrido selva y cataratas,entrada-macuco-safari-foz-do-iguacu,22,Entrada Macuco Safari en Foz do Iguaçu con recorrido selva y cataratas,https://www.tur.com/es/foz-de-iguazu-104/entrada-macuco-safari-foz-do-iguacu-22
Tour guiado a Cataratas Argentinas ,circuito-cataratas-argentina,28,Circuito Cataratas Argentina,https://www.tur.com/es/foz-de-iguazu-104/circuito-cataratas-argentina-28
Transfer compartilhado  Hotéis em Salvador - Aeroporto  ,transfer-vuelta-hoteles-aeropuerto-salvador,5405,Transfer de regreso al aeropuerto desde hoteles en Salvador,https://www.tur.com/es/salvador-de-bahia-105/transfer-vuelta-hoteles-aeropuerto-salvador-5405
Bahia Histórica,tour-centro-historico-salvador-farol-barra,5411,Tour por el centro histórico de Salvador y Farol da Barra,https://www.tur.com/es/salvador-de-bahia-105/tour-centro-historico-salvador-farol-barra-5411
(ida e volta) Transfer compartilhado Aeroporto  – Hotéis em Salvador,transfer-compartido-ida-vuelta-aeropuerto-hoteles-salvador,5399,Transfer compartido ida y vuelta del aeropuerto a hoteles en Salvador,https://www.tur.com/es/salvador-de-bahia-105/transfer-compartido-ida-vuelta-aeropuerto-hoteles-salvador-5399
Tour às Ilhas (Frades e Itaparica),tour-ilha-dos-frades-itaparica-salvador,5409,Tour en barco a Ilha dos Frades e Itaparica desde Salvador,https://www.tur.com/es/salvador-de-bahia-105/tour-ilha-dos-frades-itaparica-salvador-5409
Morro de São Paulo,tour-morro-de-sao-paulo-desde-salvador,5407,Tour a Morro de São Paulo desde Salvador,https://www.tur.com/es/salvador-de-bahia-105/tour-morro-de-sao-paulo-desde-salvador-5407
Litoral Norte (Praia do Forte + Guarajuba),tour-praia-do-forte-guarajuba-salvador,5408,Tour a Praia do Forte y Guarajuba desde Salvador,https://www.tur.com/es/salvador-de-bahia-105/tour-praia-do-forte-guarajuba-salvador-5408
Bahia Panorâmica,tour-panoramico-salvador-bahia-todos-santos,5398,Tour panorámico por Salvador y Bahía de Todos los Santos,https://www.tur.com/es/salvador-de-bahia-105/tour-panoramico-salvador-bahia-todos-santos-5398
Transfer compartilhado Aeroporto  – Hotéis em Salvador ,transfer-ida-aeropuerto-hoteles-salvador,5404,Transfer compartido de ida aeropuerto a hoteles en Salvador,https://www.tur.com/es/salvador-de-bahia-105/transfer-ida-aeropuerto-hoteles-salvador-5404
Centro historico Sao Paulo + Degustación,tour-historico-centro-sao-paulo,3697,Tour histórico y cultural por el centro de São Paulo,https://www.tur.com/es/sao-paulo-106/tour-historico-centro-sao-paulo-3697
 Trilha das 3 Praias na Ilha Santo Amaro ,senderismo-costa-paulista-cascada-camburi,4021,Trekking en la isla de Santo Amaro,https://www.tur.com/es/sao-paulo-106/senderismo-costa-paulista-cascada-camburi-4021
CAMPOS DOS JORDÃO - A Suíça Brasileira,tour-campos-do-jordao-desde-sao-paulo,4019,Excursión a Campos do Jordão desde Sao Paulo,https://www.tur.com/es/sao-paulo-106/tour-campos-do-jordao-desde-sao-paulo-4019
Caminhada na Serra da Cantareira,senderismo-serra-da-cantareira-pedra-grande-engordador,4051,Senderismo por la Serra da Cantareira,https://www.tur.com/es/sao-paulo-106/senderismo-serra-da-cantareira-pedra-grande-engordador-4051
HOLAMBRA A Cidade das Flores,tour-holambra-desde-sao-paulo-granja-de-flores,4018,Excursión a Holambra desde Sao Paulo,https://www.tur.com/es/sao-paulo-106/tour-holambra-desde-sao-paulo-granja-de-flores-4018
"Excursión a Santos, São Vicente y Guarujá desde de Sao Paulo",tour-santos-sao-vicente-guaruja-museo-del-cafe,4013,"Excursión a Santos, São Vicente y Guarujá desde Sao Paulo",https://www.tur.com/es/sao-paulo-106/tour-santos-sao-vicente-guaruja-museo-del-cafe-4013
CITY TOUR - conheça SÃO PAULO,city-tour-sao-paulo-paulista-ibirapuera-centro-historico,4015,City Tour por Sao Paulo,https://www.tur.com/es/sao-paulo-106/city-tour-sao-paulo-paulista-ibirapuera-centro-historico-4015
APARECIDA - Tour Cultural e Religioso,tour-aparecida-desde-sao-paulo-cultural-religioso,4020,Excursión a Aparecida desde Sao Paulo,https://www.tur.com/es/sao-paulo-106/tour-aparecida-desde-sao-paulo-cultural-religioso-4020
SÃO ROQUE - Rota do Vinho,ruta-del-vino-sao-roque-desde-sao-paulo,4016,Excursión a São Roque desde Sao Paulo,https://www.tur.com/es/sao-paulo-106/ruta-del-vino-sao-roque-desde-sao-paulo-4016
Ida e Volta - Transfer compartilhado Aeroporto x Hotéis Fortaleza,traslado-ida-vuelta-aeropuerto-hoteles-fortaleza,5322,Traslado ida y vuelta Aeropuerto a hoteles de Fortaleza,https://www.tur.com/es/fortaleza-107/traslado-ida-vuelta-aeropuerto-hoteles-fortaleza-5322
 Passeio em Flecheiras e Mundaú com catamarã,tour-flecheiras-mundau-catamaran,5355,Tour a Flecheiras y Mundaú con paseo en catamarán,https://www.tur.com/es/fortaleza-107/tour-flecheiras-mundau-catamaran-5355
 Passeio na Praia de Águas Belas,tour-playa-aguas-belas-desde-fortaleza,5357,Tour a la playa de Águas Belas desde Fortaleza,https://www.tur.com/es/fortaleza-107/tour-playa-aguas-belas-desde-fortaleza-5357
City Tour + Praia de Cumbuco,city-tour-fortaleza-playa-cumbuco,5353,City tour por Fortaleza y playa de Cumbuco,https://www.tur.com/es/fortaleza-107/city-tour-fortaleza-playa-cumbuco-5353
Passeio em Paracuru com Buggy,excursion-paracuru-fortaleza-tour-buggy,5363,Excursión a Paracuru desde Fortaleza con tour en buggy ,https://www.tur.com/es/fortaleza-107/excursion-paracuru-fortaleza-tour-buggy-5363
Passeio em Morro Branco com Buggy,excursion-morro-branco-tour-buggy,5295,Excursión a Morro Branco con tour en buggy desde Fortaleza,https://www.tur.com/es/fortaleza-107/excursion-morro-branco-tour-buggy-5295
 Transfer compartilhado Hotéis Fortaleza x Aeroporto,traslado-compartido-hoteles-fortaleza-aeropuerto,5323,Traslado compartido de hoteles de Fortaleza al aeropuerto,https://www.tur.com/es/fortaleza-107/traslado-compartido-hoteles-fortaleza-aeropuerto-5323
Valle Europeo por Blumenau y Pomerode,tour-valle-europeo-blumenau-pomerode-florianopolis,25,Valle Europeo por Blumenau y Pomerode,https://www.tur.com/es/florianopolis-108/tour-valle-europeo-blumenau-pomerode-florianopolis-25
Experiencia Cultural en Nova Trento y Brusque desde Florianópolis,tour-cultural-nova-trento-brusque-florianopolis,17,Experiencia Cultural en Nova Trento y Brusque desde Florianópolis,https://www.tur.com/es/florianopolis-108/tour-cultural-nova-trento-brusque-florianopolis-17
"Tour Floripa Total por Centro, Este y Norte de Florianópolis",experiencia-completa-florianopolis-miradores-playas-cultura,18,Tour por Florianópolis al Completo ,https://www.tur.com/es/florianopolis-108/experiencia-completa-florianopolis-miradores-playas-cultura-18
"Tour a Balneário Camboriú, Unipraias y Laranjeiras desde Florianópolis",tour-balneario-camboriu-unipraias-laranjeiras-desde-florianopolis,15,"Tour a Balneário Camboriú, Unipraias y Laranjeiras desde Florianópolis",https://www.tur.com/es/florianopolis-108/tour-balneario-camboriu-unipraias-laranjeiras-desde-florianopolis-15
Tour al Parque Temático en Beto Carrero desde Florianópolis,tour-beto-carrero-desde-florianopolis,19,Traslado al Parque Temático  Beto Carrero desde Florianópolis,https://www.tur.com/es/florianopolis-108/tour-beto-carrero-desde-florianopolis-19
Excursión a Guarda do Embaú desde Florianópolis,excursion-guarda-do-embau-florianopolis,23,Excursión a Guarda do Embaú desde Florianópolis,https://www.tur.com/es/florianopolis-108/excursion-guarda-do-embau-florianopolis-23
Tour de Caiaque – Lagoa da Conceição & Barra da Lagoa (4h),tour-kayak-barra-da-lagoa-lagoa-da-conceicao,5231,Tour en kayak por Barra da Lagoa y Lagoa da Conceição,https://www.tur.com/es/florianopolis-108/tour-kayak-barra-da-lagoa-lagoa-da-conceicao-5231
Expedição Trilha do Gravatá,trekking-trilha-do-gravata-picnic-isla,5235,Trekking Trilha do Gravatá con picnic en la isla,https://www.tur.com/es/florianopolis-108/trekking-trilha-do-gravata-picnic-isla-5235
Brazil Food Experience,tour-gastronomico-florianopolis,5228,Tour gastronómico por Florianópolis,https://www.tur.com/es/florianopolis-108/tour-gastronomico-florianopolis-5228
Pub Crawl Floripa Centro,pub-crawl-florianopolis,5241,Pub Crawl  con fiesta en Florianópolis,https://www.tur.com/es/florianopolis-108/pub-crawl-florianopolis-5241
Roteiro: Ilhas Tropicais (barco pirata Florianópolis),paseo-barco-pirata-florianopolis,5210,Paseo en barco pirata por las islas de Florianópolis,https://www.tur.com/es/florianopolis-108/paseo-barco-pirata-florianopolis-5210
BOMBINHAS,excursion-playas-bombinhas-desde-florianopolis,5387,Excursión a las Playas de Bombinhas desde Florianópolis,https://www.tur.com/es/florianopolis-108/excursion-playas-bombinhas-desde-florianopolis-5387
ILHA DE CAMPECHE,excursion-ilha-do-campeche-desde-florianopolis,5460,Excursión en Barco a Ilha do Campeche desde Florianópolis,No encontrada
City Tour Florianópolis,tour-completo-florianopolis-playas-centro-historico,5312,Tour completo por Florianópolis con playas y centro histórico,https://www.tur.com/es/florianopolis-108/tour-completo-florianopolis-playas-centro-historico-5312
URUBICI + SERRA DO RIO DO RASTRO,excursion-urubici-serra-rio-rastro-florianopolis,5461,Excursión a Urubici y Serra do Rio do Rastro desde Florianópolis,No encontrada
Tour en Bicicleta por Florianópolis,tour-en-bicicleta-florianopolis-puentes-centro-historico-bahia,3826,"Tour en bicicleta por Florianópolis: puentes, centro histórico y bahía",https://www.tur.com/es/florianopolis-108/tour-en-bicicleta-florianopolis-puentes-centro-historico-bahia-3826
Trekking a Lagoinha do Leste desde Florianópolis,trekking-lagoinha-do-leste-florianopolis,34,Trekking a Lagoinha do Leste desde Florianópolis,https://www.tur.com/es/florianopolis-108/trekking-lagoinha-do-leste-florianopolis-34
City Tour com Praia de Camurupim,city-tour-completo-natal,5375,City tour completo por Natal y Praia de Camurupim,https://www.tur.com/es/natal-111/city-tour-completo-natal-5375
Aula de Surf em Búzios,clase-de-surf-principiantes-en-buzios,4950,Clase de surf para principiantes en Búzios,https://www.tur.com/es/buzios-112/clase-de-surf-principiantes-en-buzios-4950
Full day Rio desde Búzios,tour-rio-de-janeiro-desde-buzios-con-almuerzo,4739,Tour a Río de Janeiro desde Búzios con Cristo Redentor y almuerzo,https://www.tur.com/es/buzios-112/tour-rio-de-janeiro-desde-buzios-con-almuerzo-4739
Passeio de barco em Búzios,paseo-barco-playas-islas-buzios,4963,Paseo de barco por playas e islas de Búzios con paradas de baño,https://www.tur.com/es/buzios-112/paseo-barco-playas-islas-buzios-4963
Full day Buziano,tour-buziano-dia-completo-buzios-tierra-mar,4968,Tour Buziano de día completo en Búzios por tierra y mar,https://www.tur.com/es/buzios-112/tour-buziano-dia-completo-buzios-tierra-mar-4968
Mergulho Praia (Búzios),bautismo-buceo-buzios,4969,Bautismo de buceo en Búzios,https://www.tur.com/es/buzios-112/bautismo-buceo-buzios-4969
Full day Cabo Frio (saindo de Búzios),tour-dia-completo-cabo-frio-desde-buzios,4974,Tour de día completo a Cabo Frio con playa y compras desde Búzios,https://www.tur.com/es/buzios-112/tour-dia-completo-cabo-frio-desde-buzios-4974
Caminata a la reserva Barbas Bremen,caminata-reserva-rio-barbas,2319,Caminata a la reserva Barbas Bremen,https://www.tur.com/es/armenia-114/caminata-reserva-rio-barbas-2319
Taller de cocina tradicional colombiana,taller-cocina-colombiana-barbas-bremen,2314,Taller de cocina tradicional colombiana,https://www.tur.com/es/armenia-114/taller-cocina-colombiana-barbas-bremen-2314
"Valle de Cocora, Salento con degustación de chocolate",tour-valle-de-cocora-salento-cata-chocolate,2332,"Valle de Cocora, Salento con degustación de chocolate",https://www.tur.com/es/armenia-114/tour-valle-de-cocora-salento-cata-chocolate-2332
CITYTOUR BARRANQUILLA & SANTA MARTA,city-tour-barranquilla-santa-marta-desde-cartagena-1-dia,3484,City tour a Barranquilla y Santa Marta desde Cartagena,https://www.tur.com/es/barranquilla-115/city-tour-barranquilla-santa-marta-desde-cartagena-1-dia-3484
Carnaval de Barranquilla (experiencia cultural),tour-experiencia-carnavalera-barranquilla,3481,Experiencia Carnavalera en Barranquilla,https://www.tur.com/es/barranquilla-115/tour-experiencia-carnavalera-barranquilla-3481
"Gran Malecón, Museo del Carnaval, Barranquilla City Tour",city-tour-barranquilla-gran-malecon-museo-carnaval,5304,"City tour privado por Barranquilla, Gran Malecón y Museo del Carnaval ",https://www.tur.com/es/barranquilla-115/city-tour-barranquilla-gran-malecon-museo-carnaval-5304
Encanto Caribeño: Barranquilla + Santa Marta,tour-barranquilla-santa-marta-desde-cartagena,4803,Tour Barranquilla y Santa Marta desde Cartagena  por el día,https://www.tur.com/es/barranquilla-115/tour-barranquilla-santa-marta-desde-cartagena-4803
Free tour por el barrio El Prado en Barranquilla,free-tour-el-prado-barranquilla,5134,Free tour por el barrio El Prado en Barranquilla,https://www.tur.com/es/barranquilla-115/free-tour-el-prado-barranquilla-5134
Full Day in Barranquilla and Santa Marta from Cartagena,full-day-barranquilla-santa-marta-playa-historia,5000,"Excursión de día completo a Barranquilla y Santa Marta desde Cartagena: : historia, cultura y playa",https://www.tur.com/es/barranquilla-115/full-day-barranquilla-santa-marta-playa-historia-5000
Bogotá Neighborhoods: El Paraíso Favela Tour with Cable Car,texttour-el-paraiso-bogota-teleferico-arte-urbano,2214,Tour por el barrio El Paraíso en Bogotá con teleférico y aperitivo local,https://www.tur.com/es/bogota-116/texttour-el-paraiso-bogota-teleferico-arte-urbano-2214
ORGANIC COFFEE FARM TOUR,tour-privado-finca-cafe-organico-cundinamarca-bogota,2226,Tour Privado a Finca de Café Orgánico en Cundinamarca desde Bogotá,https://www.tur.com/es/bogota-116/tour-privado-finca-cafe-organico-cundinamarca-bogota-2226
*Full day Private tour* to Guatavita sacred lagoon + Nemocón salt mine,texttour-privado-guatavita-nemocon-mina-sal,2224,Tour privado a Guatavita y Mina de Sal de Nemocón desde Bogotá,https://www.tur.com/es/bogota-116/texttour-privado-guatavita-nemocon-mina-sal-2224
Día de bici en la gran y verde Bogotá,tour-bicicleta-parques-jardin-botanico-bogota,3805,Tour en bicicleta por parques y Jardín Botánico de Bogotá,https://www.tur.com/es/bogota-116/tour-bicicleta-parques-jardin-botanico-bogota-3805
Tour al barrio Mirador el Paraíso en Bogotá,tour-teleferico-ciudad-bolivar-mirador-paraiso-bogota,3807,Tour al barrio Mirador el Paraíso en Bogotá,https://www.tur.com/es/bogota-116/tour-teleferico-ciudad-bolivar-mirador-paraiso-bogota-3807
Free Local Food Tour Bogota (English),tour-gastronomico-local-a-pie-por-bogota,4888,Free Tour gastronómico por Bogotá,https://www.tur.com/es/bogota-116/tour-gastronomico-local-a-pie-por-bogota-4888
Monserrate Hill and Gold Museum Tour (Grupal),tour-monserrate-museo-oro-bogota,4046,Tour al Cerro de Monserrate y Museo del Oro en Bogotá,https://www.tur.com/es/bogota-116/tour-monserrate-museo-oro-bogota-4046
Free tour por Bogotá,free-walking-tour-bogota-centro-historico,3818,Free Walking Tour por el Centro Histórico de Bogotá,https://www.tur.com/es/bogota-116/free-walking-tour-bogota-centro-historico-3818
Zipaquirá Salt Cathedral - Private Tour,excursion-catedral-de-sal-de-zipaquira,4816,Excursión de día completo a la Catedral de Sal de Zipaquirá desde Bogotá - Tour Privado ,https://www.tur.com/es/bogota-116/excursion-catedral-de-sal-de-zipaquira-4816
Free tour por el barrio de Chapinero,walking-tour-chapinero-bogota,5038,Free Walking Tour por Chapinero en Bogotá historia y cultura urbana,https://www.tur.com/es/bogota-116/walking-tour-chapinero-bogota-5038
Suesca Rock Climbing Experience - Group Tour,tour-escalada-roca-suesca-bogota-rapel,2265,Aventura de escalada en roca y rappel en Suesca desde Bogotá,https://www.tur.com/es/bogota-116/tour-escalada-roca-suesca-bogota-rapel-2265
Zipaquira Salt Cathedral & Guatavita Lake Day - Group Tour,tour-catedral-sal-zipaquira-laguna-guatavita-grupo,2230,Catedral de Sal de Zipaquirá y Laguna de Guatavita desde Bogotá,https://www.tur.com/es/bogota-116/tour-catedral-sal-zipaquira-laguna-guatavita-grupo-2230
Premium Coffee tasting experience,cata-cafe-especialidad-bogota,4041,Cata de café de especialidad y métodos de filtrado en Bogotá,https://www.tur.com/es/bogota-116/cata-cafe-especialidad-bogota-4041
Chicaque National Park Hike - Group Tour,tour-trekking-parque-chicaque-bosque-niebla-bogota,2279,Excursión al Parque Natural Chicaque: Bosque de Niebla desde Bogotá,https://www.tur.com/es/bogota-116/tour-trekking-parque-chicaque-bosque-niebla-bogota-2279
Villa de Leyva Magic Town Day - Group Tour,texttour-villa-de-leyva-raquira-colonial-artesanias-grupo,2238,Tour a Villa de Leyva y Ráquira desde Bogotá,https://www.tur.com/es/bogota-116/texttour-villa-de-leyva-raquira-colonial-artesanias-grupo-2238
Walking tour Downtown Bogotá (La Candelaria) / Grupal,tour-a-pie-bogota-centro-historico,3684,Tour a pie por el centro histórico de Bogotá y la Candelaria,https://www.tur.com/es/bogota-116/tour-a-pie-bogota-centro-historico-3684
Nemocon Salt Mine - Group Tour,tour-mina-sal-nemocon-dia-completo-bogota,2234,Tour grupal a la Mina de Sal de Nemocón desde Bogotá,https://www.tur.com/es/bogota-116/tour-mina-sal-nemocon-dia-completo-bogota-2234
Private Walking Historic Downtown Tour Bogotá - La Candelaria,tour-centro-bogota-privado,2232,Tour privado a pie por el centro de Bogotá ,No encontrada
Guatavita Lake & Casa Loca Day - Group Tour,tour-laguna-guatavita-casa-loca-el-dorado,2250,Tour a la Laguna de Guatavita y la Casa Loca desde Bogotá,https://www.tur.com/es/bogota-116/tour-laguna-guatavita-casa-loca-el-dorado-2250
Free tour del grafiti por Bogotá,free-local-graffiti-tour-bogota,3819,Free Tour de Graffiti por Bogotá,https://www.tur.com/es/bogota-116/free-local-graffiti-tour-bogota-3819
Tour Laguna Guatavita y Casa Loca Leyenda de El Dorado desde Bogotá,tour-laguna-guatavita-casa-loca-bogota,3453,Tour a la Laguna de Guatavita y Casa Loca desde Bogotá,https://www.tur.com/es/bogota-116/tour-laguna-guatavita-casa-loca-bogota-3453
Zipaquirá Salt Cathedral - Group Tour,texttour-catedral-sal-zipaquira-grupo,2233,Excursión a la Catedral de Sal de Zipaquirá desde Bogotá - Tour Grupal,https://www.tur.com/es/bogota-116/texttour-catedral-sal-zipaquira-grupo-2233
Ciudad Bolívar Transmicable Social & Art - Group Tour,tour-transmicable-ciudad-bolivar-arte-social,2284,Tour Social y Artístico en Ciudad Bolívar: La Experiencia Transmicable,https://www.tur.com/es/bogota-116/tour-transmicable-ciudad-bolivar-arte-social-2284
Coffee Farm Experience & Tequendama Falls - Group Tour,tour-finca-cafetera-semilla-a-taza-bogota,2237,Desde Bogotá: Experiencia Cafetera 'De la Semilla a la Taza',https://www.tur.com/es/bogota-116/tour-finca-cafetera-semilla-a-taza-bogota-2237
Zipaquira Salt Cathedral & Andres Carne de Res Chia - Group Tour,tour-catedral-sal-zipaquira-almuerzo-chia-bogota,2235,Tour a la Catedral de Sal de Zipaquirá y Andrés Carne de Res desde Bogotá,https://www.tur.com/es/bogota-116/tour-catedral-sal-zipaquira-almuerzo-chia-bogota-2235
Bus Panorámico 3 en 1 Mañana Clásico,city-tour-panoramico-bogota-candelaria,5435,Bus Panorámico 3 en 1 Mañana por Bogotá,https://www.tur.com/es/bogota-116/city-tour-panoramico-bogota-candelaria-5435
Oferta: Guatavita + Catedral de Sal de Zipaquirá,tour-guatavita-zipaquira-desde-bogota-catedral-de-sal-con-entradas,3862,Tour privado a Guatavita y Catedral de Sal de Zipaquirá con entradas,https://www.tur.com/es/bogota-116/tour-guatavita-zipaquira-desde-bogota-catedral-de-sal-con-entradas-3862
Tour en bicicleta por Bogotá,tour-bicicleta-bogota-centro-historico-mercados-grafitis,3859,"Tour en bicicleta por Bogotá: centro histórico, mercados y grafitis",https://www.tur.com/es/bogota-116/tour-bicicleta-bogota-centro-historico-mercados-grafitis-3859
Excursión al Parque Jaime Duque,tour-parque-jaime-duque-desde-bogota-con-entradas-y-almuerzo,3861,Tour al Parque Jaime Duque desde Bogotá con entradas y almuerzo incluido,https://www.tur.com/es/bogota-116/tour-parque-jaime-duque-desde-bogota-con-entradas-y-almuerzo-3861
Visita guiada por Bogotá + Teleférico al cerro de Monserrate,tour-cerro-de-monserrate-en-bogota-con-tickets-y-transporte-incluido,3863,Tour al Cerro de Monserrate en Bogotá con tickets y transporte incluido,https://www.tur.com/es/bogota-116/tour-cerro-de-monserrate-en-bogota-con-tickets-y-transporte-incluido-3863
Walls of Wonder,tour-distrito-graffiti-bogota-industrial,3945,Tour de Graffiti en el Distrito Industrial de Bogotá,https://www.tur.com/es/bogota-116/tour-distrito-graffiti-bogota-industrial-3945
Graffiti Bike Tour (Private),bike-tour-graffiti-bogota-arte-urbano,3946,Bike Tour de Graffiti y Arte Urbano en Cali,https://www.tur.com/es/bogota-116/bike-tour-graffiti-bogota-arte-urbano-3946
Tour Chapinero Arte Nocturno,tour-arte-urbano-chapinero-bogota,3967,Tour de Arte Urbano Nocturno en el Barrio Chapinero de Bogotá,https://www.tur.com/es/bogota-116/tour-arte-urbano-chapinero-bogota-3967
Free Graffiti & Politics Tour,free-tour-graffiti-la-candelaria-bogota,3934,"Free tour de grafiti en La Candelaria, Bogotá",https://www.tur.com/es/bogota-116/free-tour-graffiti-la-candelaria-bogota-3934
Tour de Bogotá al completo con entradas,tour-bogota-completo,3008,"Tour completo por Bogotá con Monserrate, Museo del Oro y Botero",https://www.tur.com/es/bogota-116/tour-bogota-completo-3008
Bogota: Gold Museum,tour-museo-del-oro-bogota,2439,Visita guiada al Museo del Oro en Bogotá,https://www.tur.com/es/bogota-116/tour-museo-del-oro-bogota-privado-2323
Bogota: Tour to the Concordia Market,tour-gastronomico-la-candelaria-bogota,2446,"Descubre La Candelaria: Comida, Cultura y Arte en Bogotá",https://www.tur.com/es/bogota-116/tour-gastronomico-la-candelaria-bogota-2446
Taller de cacao y chocolate en La Candelaria,taller-cacao-chocolate-la-candelaria-bogota,4755,"Taller de cacao y chocolate en barrio La Candelaria, Bogotá",https://www.tur.com/es/bogota-116/taller-cacao-chocolate-la-candelaria-bogota-4755
Bogotá City Tour La Candelaria + Monserrate Opcional o Museos (del oro y Botero) 5 h con recogida,city-tour-bogota-la-candelaria-museo-del-oro-monserrate-opcional,3009,"City tour Bogotá: La Candelaria, Museo del Oro y Monserrate opcional",https://www.tur.com/es/bogota-116/city-tour-bogota-la-candelaria-museo-del-oro-monserrate-opcional-3009
Bogotá: Pub and Beer Tour,tour-cerveza-artesanal-bogota,2433,Tour de Cerveza Artesanal en Bogotá: Degustación y Cultura Local,https://www.tur.com/es/bogota-116/tour-cerveza-artesanal-bogota-2433
Visita guiada por Bogotá opcional con La Candelaria + Monserrate o Museos del Oro y Botero sin recogida 5 horas,visita-guiada-bogota-monserrate-teleferico-funicular-recogida,3010,Tour a Monserrate en teleférico o funicular o museos del Oro y Botero y centro histórico sin recogida,https://www.tur.com/es/bogota-116/visita-guiada-bogota-monserrate-teleferico-funicular-recogida-3010
Free Tour en Bicicleta en La Candelaria Bogotá,tour-bicicleta-la-candelaria-bogota,5309,Free tour en bicicleta por La Candelaria y el centro de Bogotá,https://www.tur.com/es/bogota-116/tour-bicicleta-la-candelaria-bogota-5309
Free Tour Monserrate,free-tour-monserrate-bogota,5303,Free tour por cerro Monserrate en Bogotá,https://www.tur.com/es/bogota-116/free-tour-monserrate-bogota-5303
Visita guiada por Monserrate,visita-guiada-monserrate-bogota,5308,Visita guiada al Cerro de Monserrate en Bogotá,https://www.tur.com/es/bogota-116/visita-guiada-monserrate-bogota-5308
Favela El Paraíso y Metrocable Bogotá Tour,tour-favela-el-paraiso-metrocable-bogota,5305,Tour Favela El Paraíso y Metrocable en Bogotá,https://www.tur.com/es/bogota-116/tour-favela-el-paraiso-metrocable-bogota-5305
Barhopping tour: En Tu Salsa,experiencia-salsera-bogota-noche,2301,Experiencia de Salsa y Noche Histórica en Bogotá,https://www.tur.com/es/bogota-116/experiencia-salsera-bogota-noche-2301
Cultural Tour: Between clouds and stories,monserrate-tour-bogota-funicular-teleferico,2292,Tour al Cerro de Monserrate en Funicular o Teleférico desde Bogotá,https://www.tur.com/es/bogota-116/monserrate-tour-bogota-funicular-teleferico-2292
Baking Class: Roots of Flavors,taller-amasijos-colombianos-bogota,2299,Taller de repostería tradicional en Bogotá,https://www.tur.com/es/bogota-116/taller-amasijos-colombianos-bogota-2299
Cultural Tour: The Self-Built Tour,visita-guiada-monserrate-bogota,2296,Visita cultural: La visita autoconstruida,https://www.tur.com/es/bogota-116/visita-guiada-monserrate-bogota-5308
"Granny Tour: in the Candelaria, Bogotá.",tour-a-pie-la-candelaria-bogota-granny-tour,2287,Tour a pie por La Candelaria en Bogotá,https://www.tur.com/es/bogota-116/tour-a-pie-la-candelaria-bogota-granny-tour-2287
BOGOTÁ: Zip Line Tour,tirolesa-bogota-aventura-reserva-natural,2764,Tirolesa en reserva natural desde Bogotá,https://www.tur.com/es/bogota-116/tirolesa-bogota-aventura-reserva-natural-2764
BOGOTÁ: Excursion to the Nemocón Salt Mine,tour-mina-sal-nemocon-privado,2322,Tour a la Mina de Sal de Nemocón en privado desde Bogotá,https://www.tur.com/es/bogota-116/tour-mina-sal-nemocon-privado-2322
BOGOTÁ: Religious Tour,tour-religioso-bogota-capillas-templos,2763,Bogotá: Tour Religioso,https://www.tur.com/es/bogota-116/tour-religioso-bogota-capillas-templos-2763
BOGOTÁ: Grafitti Tour,tour-graffiti-bogota-candelaria,2329,Tour de Graffiti en Bogotá por La Candelaria,https://www.tur.com/es/bogota-116/tour-graffiti-bogota-candelaria-2329
BOGOTÁ: Horseback Wilderness Ride,paseo-caballo-tobia-desde-bogota,2756,Cabalgata en los bosques de Tobia desde Bogotá,https://www.tur.com/es/bogota-116/paseo-caballo-tobia-desde-bogota-2756
BOGOTÁ: Full-Day Extreme Eco-Tour,aventura-tobia-desde-bogota-rafting-canopy,2761,"Eco tour extremo de día completo en Tobia desde Bogotá, Privado",https://www.tur.com/es/bogota-116/aventura-tobia-desde-bogota-rafting-canopy-2761
BOGOTÁ: Tour to the National Museum,visita-guiada-museo-nacional-bogota,2327,Visita Guiada al Museo Nacional de Colombia en Bogotá,https://www.tur.com/es/bogota-116/visita-guiada-museo-nacional-bogota-2327
BOGOTÁ: Private Paintball,tour-paintball-tobia-desde-bogota,2765,BOGOTÁ: Paintball Privado,https://www.tur.com/es/bogota-116/tour-paintball-tobia-desde-bogota-2765
BOGOTÁ: Visit to the Gold and Monserrate Museum,tour-museo-del-oro-bogota-privado,2323,Tour privado Museo del Oro y Monserrate en Bogotá,https://www.tur.com/es/bogota-116/tour-museo-del-oro-bogota-privado-2323
BOGOTÁ: White Water Rafting,barranquismo-tobia-desde-bogota-aventura,2766,Barranquismo en Tobia desde Bogotá,https://www.tur.com/es/bogota-116/barranquismo-tobia-desde-bogota-aventura-2766
BOGOTÁ: Night Tour,tour-nocturno-bogota-calera-centro,2326,Tour Nocturno Panorámico en Bogotá,https://www.tur.com/es/bogota-116/tour-nocturno-bogota-calera-centro-2326
BOGOTÁ: Full-Day City Tour,city-tour-full-day-medellin-metro-cable-plaza-parque,2325,"City Tour Privado en Bogotá full day: Monserrate, Museos de Oro, Botero y más",https://www.tur.com/es/bogota-116/city-tour-full-day-medellin-metro-cable-plaza-parque-2325
Tour de Bogotá al completo,tour-bogota-1-dia-monserrate-museos-la-candelaria,5188,"Tour por La Candelaria, Monserrate y museos en Bogotá",https://www.tur.com/es/bogota-116/tour-bogota-1-dia-monserrate-museos-la-candelaria-5188
Tour gastronomico por mercado local,tour-gastronomico-bogota-candelaria,5313,"Tour gastronómico por La Candelaria, centro histórico de Bogotá",https://www.tur.com/es/bogota-116/tour-gastronomico-bogota-candelaria-5313
 Tour esmeraldas,tour-esmeraldas-bogota,5314,Tour de esmeraldas por La Candelaria en Bogotá,https://www.tur.com/es/bogota-116/tour-esmeraldas-bogota-5314
Zipaquira,tour-catedral-de-sal-zipaquira-desde-bogota,5371,Tour Privado a la Catedral de Sal de Zipaquirá desde Bogotá,https://www.tur.com/es/bogota-116/tour-catedral-de-sal-zipaquira-desde-bogota-5371
Nemocón,tour-mina-de-sal-de-nemocon-desde-bogota,5370,Tour Privado a la Mina de Sal de Nemocón desde Bogotá,https://www.tur.com/es/bogota-116/tour-mina-de-sal-de-nemocon-desde-bogota-5370
"Tour privado por Bogotá, tu eliges",tour-privado-bogota-tu-eliges,5368,Tour en Privado por Bogotá con Itinerario a Elección,https://www.tur.com/es/bogota-116/tour-privado-bogota-tu-eliges-5368
Ruta de la Sal / Zpaquirá y Nemocón,ruta-de-la-sal-zipaquira-y-nemocon,5369,Tour Privado Ruta de la Sal Zipaquirá y Nemocón,https://www.tur.com/es/bogota-116/ruta-de-la-sal-zipaquira-y-nemocon-5369
 ¿Escala en Bogotá? Tour privado desde el aeropuerto,tour-privado-escala-bogota-desde-aeropuerto,5374,City Tour Privado por Bogotá en Escala desde el Aeropuerto El Dorado,https://www.tur.com/es/bogota-116/tour-privado-escala-bogota-desde-aeropuerto-5374
 Tour privado de la arquitectura de Bogotá,tour-arquitectura-la-candelaria-bogota,5372,Tour Privado de Arquitectura en La Candelaria Bogotá,https://www.tur.com/es/bogota-116/tour-arquitectura-la-candelaria-bogota-5372
 Tour privado del tejo y la cerveza por Bogotá,tour-tejo-cultura-la-candelaria-bogota,5373,Tour de Tejo y Cultura en La Candelaria Bogotá,https://www.tur.com/es/bogota-116/tour-tejo-cultura-la-candelaria-bogota-5373
Free Walking tour Historical Downtown Cali,free-walking-tour-cali-centro-historico,3454,Free Walking Tour por el Centro Histórico de Cali,https://www.tur.com/es/cali-117/free-walking-tour-cali-centro-historico-3454
Walking tour Cali salsa street art & resistance graffiti tour,tour-salsa-graffiti-resistencia-cali,4063,Tour de Salsa y Graffiti en Cali,https://www.tur.com/es/cali-117/tour-salsa-graffiti-resistencia-cali-4063
Alameda Market Food tour,tour-gastronomico-cali-mercado-alameda,5161,Tour Gastronómico y Cultural por el Mercado de la Alameda en Cali,https://www.tur.com/es/cali-117/tour-gastronomico-cali-mercado-alameda-5161
Free Walking tour Cali salsa street art & resistance graffiti tour,free-walking-tour-salsa-graffiti-cali,3455,Free Walking Tour de Salsa y Graffiti en Cali,https://www.tur.com/es/cali-117/free-walking-tour-salsa-graffiti-cali-3455
Amare Beach in Tierra Bomba Island,tour-por-el-dia-amare-beach-cartagena,2467,Tour por el día a Amare Beach en Tierra Bomba desde Cartagena,https://www.tur.com/es/cartagena-118/tour-por-el-dia-amare-beach-cartagena-2467
 Tour 3 Islas del Rosario,tour-3-islas-del-rosario-con-almuerzo-y-bebidas,4884,"Tour a 3 Islas del Rosario: San Lázaro, Islabela e Isla Mulata con almuerzo desde Cartagena",https://www.tur.com/es/cartagena-118/tour-3-islas-del-rosario-con-almuerzo-y-bebidas-4884
La Chorrera Waterfall Hike - Group Tour,trekking-la-chorrera-bogota,2334,Trekking a la Cascada La Chorrera desde Bogotá,https://www.tur.com/es/cartagena-118/trekking-la-chorrera-bogota-2334
Cartagena's Best Pub Crawl! 9:30pm,pub-crawl-cartagena-getsemani-experiencia,2227,Pub Crawl en Getsemaní: tour de bares por Cartagena,https://www.tur.com/es/cartagena-118/pub-crawl-cartagena-getsemani-experiencia-2227
IslaBela in Rosario Islands,tour-por-el-dia-isla-bela-cartagena,2450,Pasadía Islabela en Islas del Rosario desde Cartagena,https://www.tur.com/es/cartagena-118/tour-por-el-dia-isla-bela-cartagena-2450
Pasadía Playa Palmarito - Tierrabomba,tour-dia-playa-palmarito-tierra-bomba,3693,Excursión de día a Playa Palmarito en Isla Tierra Bomba,https://www.tur.com/es/cartagena-118/tour-dia-playa-palmarito-tierra-bomba-3693
Free Walking tour por la Ciudad Amurallada Cartagenael y barrio de Getsemaní,free-tour-ciudad-amurallada-getsemani-cartagena,4053,Free Tour por la Ciudad Amurallada y Getsemaní en Cartagena,https://www.tur.com/es/cartagena-118/free-tour-ciudad-amurallada-getsemani-cartagena-4053
Walking tour por el barrio de Getsemaní,free-walking-tour-getsemani-cartagena,3468, Walking Tour por el Barrio Getsemaní en Cartagena,https://www.tur.com/es/cartagena-118/free-walking-tour-getsemani-cartagena-3468
Free Walking tour Ciudad Amurallada Cartagena,free-tour-ciudad-amurallada-cartagena,4064,Free Tour por la Ciudad Amurallada de Cartagena,https://www.tur.com/es/cartagena-118/free-tour-ciudad-amurallada-cartagena-4064
Mangata in Rosario Islands,day-pass-ibbiza-beach-club-rosario,2347,Tour por el día en Ibbiza Beach Club en Islas del Rosario desde Cartagena,https://www.tur.com/es/cartagena-118/day-pass-ibbiza-beach-club-rosario-2347
Walking tour Ciudad Amurallada Cartagena,free-walking-tour-cartagena-centro-historico,3467,Walking Tour por el Centro Histórico y San Diego en Cartagena,https://www.tur.com/es/cartagena-118/free-walking-tour-cartagena-centro-historico-3467
San Felipe & Cartagena's Walled City Tour,tour-castillo-san-felipe-ciudad-amurallada-cartagena,2290,Tour Histórico Castillo San Felipe y Ciudad Amurallada Cartagena,https://www.tur.com/es/cartagena-118/tour-castillo-san-felipe-ciudad-amurallada-cartagena-3588
Pasadía Isla Pirata - Islas del Rosario - Barra Libre,tour-playa-barra-libre-islas-rosario,3694,Excursión de día a club de playa con barra libre en Islas del Rosario,https://www.tur.com/es/cartagena-118/tour-playa-barra-libre-islas-rosario-3694
Tour 5 Islas del Rosario - VIP,tour-vip-5-islas-rosario-baru-cartagena,3695,Tour a 5 islas del Rosario y Barú con almuerzo y snorkel desde Cartagena,https://www.tur.com/es/cartagena-118/tour-vip-5-islas-rosario-baru-cartagena-3695
ISLA PALMA,dia-de-playa-isla-palma-biopark-islas-del-rosario,4886,Día de playa en Isla Palma con BioPark en Islas del Rosario,https://www.tur.com/es/cartagena-118/dia-de-playa-isla-palma-biopark-islas-del-rosario-4886
Vista Mare in Tierra Bomba Island,day-pass-tierra-bomba-vista-mare,2272,Full Day en Tierra Bomba en Vista Mare Beach Club desde Cartagena,https://www.tur.com/es/cartagena-118/day-pass-tierra-bomba-vista-mare-2272
San Diego y Gabriel García Márquez Tour,tour-gabriel-garcia-marquez-cartagena,3471,Free Tour por Gabriel García Márquez y Barrio San Diego en Cartagena,https://www.tur.com/es/cartagena-118/free-tour-gabriel-garcia-marquez-cartagena-3460
Islas del Rosario Boat Transfers,transfer-lancha-islas-del-rosario-desde-cartagena,4891,Traslado en lancha a Islas del Rosario desde Cartagena,https://www.tur.com/es/cartagena-118/transfer-lancha-islas-del-rosario-desde-cartagena-4891
Distrito de Getsemaní de noche (sin cena),tour-nocturno-getsemani-cartagena,4052,Tour Nocturno por el Barrio Getsemaní en Cartagena de Indias,https://www.tur.com/es/cartagena-118/tour-nocturno-getsemani-cartagena-4052
Free Walking tour por el barrio de Getsemaní,free-tour-historia-cartagena-getsemani,4055,Free Tour por la Ciudad Amurallada y el Barrio Getsemaní,https://www.tur.com/es/cartagena-118/free-tour-historia-cartagena-getsemani-4055
Totumo Mud Volcano & Galerazamba - Group Tour,tour-volcan-totumo-galerazamba-cartagena,2223,Tour al Volcán del Totumo y Galerazamba desde Cartagena,https://www.tur.com/es/cartagena-118/tour-volcan-totumo-galerazamba-cartagena-2494
Free San Diego & Gabriel García Márquez Tour,free-tour-gabriel-garcia-marquez-cartagena,3460,Free Tour de Gabriel García Márquez por el Centro Histórico de Cartagena,https://www.tur.com/es/cartagena-118/free-tour-gabriel-garcia-marquez-cartagena-3460
Pasadía Isla Pirata - Islas del Rosario - Estándar,tour-islas-del-rosario-isla-del-pirata-cartagena,3701,Pasadía en Isla del Pirata Archipiélago del Rosario desde Cartagena,https://www.tur.com/es/cartagena-118/tour-islas-del-rosario-isla-del-pirata-cartagena-3701
SUNSET  CRUISE,paseo-catamaran-atardecer-bahia-cartagena,4885,Paseo en catamarán al atardecer por la bahía de Cartagena,https://www.tur.com/es/cartagena-118/paseo-catamaran-atardecer-bahia-cartagena-4885
Sunset Boat & Pub Crawl Party Combo,tour-nocturno-cartagena-barco-pub-crawl,5072,Atardecer en barco por la bahia y Pub Crawl en Cartagena,https://www.tur.com/es/cartagena-118/tour-nocturno-cartagena-barco-pub-crawl-5072
Pub Crawl Cartagena,tour-pub-crawl-cartagena-bares-fiesta,3469,Tour Pub Crawl en Cartagena: Ruta de Bares y Fiesta Local,https://www.tur.com/es/cartagena-118/tour-pub-crawl-cartagena-bares-fiesta-3469
Chiva Rumbera,tour-nocturno-chiva-rumbera-cartagena-indias,4889,Tour Nocturno en Chiva Rumbera por Cartagena de Indias,https://www.tur.com/es/cartagena-118/tour-nocturno-chiva-rumbera-cartagena-indias-4889
Nena Beach in BARÚ,day-pass-nena-beach-club-playa-blanca,2293,Tour por el día en Playa Blanca en Nena Beach Club desde Cartagena,https://www.tur.com/es/cartagena-118/day-pass-nena-beach-club-playa-blanca-2293
Experiencia en el mercado local de Bazurto,tour-mercado-bazurto-cartagena-gastronomia-local,3814,Tour Gastronómico y Cultural en el Mercado de Bazurto Cartagena,https://www.tur.com/es/cartagena-118/tour-mercado-bazurto-cartagena-gastronomia-local-3814
Tour por barrio de Getsemaní y Fortaleza San Felipe,tour-castillo-san-felipe-ciudad-amurallada-cartagena,3588,Tour al Castillo San Felipe de Barajas y Ciudad Amurallada de Cartagena,https://www.tur.com/es/cartagena-118/tour-castillo-san-felipe-ciudad-amurallada-cartagena-3588
Palmarito Beach in Tierra Bomba Island,tour-por-el-dia-palmarito-beach-tierra-bomba,2396,Tour por el día en Palmarito Beach Club en Tierra Bomba desde Cartagena,https://www.tur.com/es/cartagena-118/tour-por-el-dia-palmarito-beach-tierra-bomba-2396
Free tour por barrio de Getsemaní y Fortaleza San Felipe,free-tour-castillo-san-felipe-barajas-cartagena,3815,Free Tour en el Castillo San Felipe de Barajas en Cartagena,https://www.tur.com/es/cartagena-118/free-tour-castillo-san-felipe-barajas-cartagena-3815
Tour 5 Islas del Rosario + Plancton,tour-5-islas-rosario-plancton-luminoso-cartagena,3719,Tour VIP por 5 Islas del Rosario y Plancton Luminoso desde Cartagena,https://www.tur.com/es/cartagena-118/tour-5-islas-rosario-plancton-luminoso-cartagena-3719
Fiesta en barco al atardecer en la bahía de Cartagena,fiesta-barco-atardecer-bahia-cartagena,3709,Fiesta en barco al atardecer por la bahía de Cartagena con entrada a discoteca,https://www.tur.com/es/cartagena-118/fiesta-barco-atardecer-bahia-cartagena-3709
Bora Bora - Party Beach Club,beach-club-bora-bora-cartagena,4890,Pasadía en Bora Bora Beach Club desde Cartagena,https://www.tur.com/es/cartagena-118/beach-club-bora-bora-cartagena-4890
Tour Cultura Afro en Cartagena,tour-cultura-afro-san-basilio-palenque-cartagena,3487,Tour de Cultura Afro en San Basilio de Palenque desde Cartagena,https://www.tur.com/es/cartagena-118/tour-cultura-afro-san-basilio-palenque-cartagena-3487
Luxury Islas del Rosario Pasadía (Bar Abierto),pasadia-barra-libre-islas-del-rosario-cartagena,3705,Pasadía con Barra Libre en Islas del Rosario desde Cartagena,https://www.tur.com/es/cartagena-118/pasadia-barra-libre-islas-del-rosario-cartagena-3705
Historical Bike Tour with Local Flavors Tasting in Cartagena,tour-gastronomico-cultural-bicicleta-cartagena,2324,Tour en Bicicleta con Degustación de Comida Típica en Cartagena de Indias,https://www.tur.com/es/cartagena-118/tour-gastronomico-cultural-bicicleta-cartagena-2324
Bike Rental for 10 hours,alquiler-bicicletas-cartagena-10-horas,2303,Arriendo de bicicleta por 10 horas en Cartagena de Indias: Uso Flexible por 3 Días,https://www.tur.com/es/cartagena-118/alquiler-bicicletas-cartagena-10-horas-2303
 Bike Tour in Cartagena,tour-guiado-bicicleta-cartagena-ciudad-amurallada,2315,Tour guiado en bicicleta por la Ciudad Amurallada y Getsemaní en Cartagena,https://www.tur.com/es/cartagena-118/tour-guiado-bicicleta-cartagena-ciudad-amurallada-2315
Bike Rental for 5 hours,alquiler-bicicletas-cartagena-indias,2298,Arriendo de bicicleta por 5 horas en Cartagena de Indias,https://www.tur.com/es/cartagena-118/alquiler-bicicletas-cartagena-indias-2298
Bike Rental for 2 hours,arriendo-bicicleta-2-horas-cartagena,2273,Arriendo de bicicleta por 2 horas en Cartagena de Indias,https://www.tur.com/es/cartagena-118/arriendo-bicicleta-2-horas-cartagena-2273
Rosario Island experience  Premium X16 passengers,tour-islas-del-rosario-bote-premium,5339,Sunset Makani– Experiencia Premium en Bote Deportivo por Islas del Rosario | Hasta 16 pasajeros,https://www.tur.com/es/cartagena-118/tour-islas-del-rosario-bote-premium-17-personas-5336
Rosario Island experience VIP X15 passengers,tour-yate-vip-para-15-en-islas-del-rosario,5328,Sunset Cuña– Experiencia VIP en Yate Deportivo por Islas del Rosario | Hasta 15 pasajeros,https://www.tur.com/es/cartagena-118/tour-yate-vip-para-15-en-islas-del-rosario-5328
Rosario Island experience Basic X20 passengers,tour-islas-del-rosario-bote-maxima-cartagena,5341,Sunset Maxima– Experiencia Basicen Bote Deportivo por Islas del Rosario | Hasta 20 pasajeros,https://www.tur.com/es/cartagena-118/tour-islas-del-rosario-bote-maxima-cartagena-5341
Rosario Island experience Premium  X17 passengers,tour-islas-del-rosario-bote-premium-17-personas,5336,Sunset Altamare – Experiencia Premium en Bote Deportivo por Islas del Rosario | Hasta 17 pasajeros,https://www.tur.com/es/cartagena-118/tour-islas-del-rosario-bote-premium-17-personas-5336
Rosario Island experience VIP X20 passengers,navegacion-atardecer-lancha-vip-islas-rosario-cartagena,2381,Sunset La Martina – Experiencia VIP en Bote Deportivo por Islas del Rosario | Hasta 20 pasajeros,https://www.tur.com/es/cartagena-118/navegacion-atardecer-lancha-vip-islas-rosario-cartagena-2381
Rosario Island experience  Premium X20 passengers,excursion-privada-en-lancha-de-lujo-a-las-islas-del-rosario,2245,Experiencia Premium en Bote Deportivo por Islas del Rosario (Hasta 20 pasajeros),https://www.tur.com/es/cartagena-118/excursion-privada-en-lancha-de-lujo-a-las-islas-del-rosario-2245
Castillo de San Felipe,tour-castillo-san-felipe-cartagena,2544,Tour privado Castillo San Felipe de Barajas: historia y fortaleza de Cartagena  ,https://www.tur.com/es/cartagena-118/tour-castillo-san-felipe-cartagena-2544
Food Safari,tour-gastronomico-street-food-safari-cartagena,2388,Tour gastronómico de comida local en Cartagena,https://www.tur.com/es/cartagena-118/tour-gastronomico-street-food-safari-cartagena-2388
Cartagena + Shopping Tour,cartagena-shopping-tour-cultural,2528,Tour de compras y artesanías en Cartagena,https://www.tur.com/es/cartagena-118/cartagena-shopping-tour-cultural-2528
Conecta con el Alma Africana de Cartagena,tour-cultural-herencia-africana-champeta-cartagena,2384,Tour Cultural Herencia Africana y Champeta en Cartagena,https://www.tur.com/es/cartagena-118/tour-cultural-herencia-africana-champeta-cartagena-2384
De África a tu Cabeza: Una tarde de Turbantes,experiencia-cultural-turbantes-africa,2547,África en tu cabeza: una tarde de turbantes  ,https://www.tur.com/es/cartagena-118/experiencia-cultural-turbantes-africa-2547
Private boat + Private island +Cholon + Snorkeling+ Hotel pick up,tour-lancha-privada-islas-rosario,2449,Tour Privado en Lancha por las Islas del Rosario con Itinerario Flexible,https://www.tur.com/es/cartagena-118/tour-lancha-privada-islas-rosario-2449
Pedido Private transfer Airport Hotel Airport (Round trip or One Way),traslado-privado-aeropuerto-hotel-1-a-3-personas,4896,Traslado privado desde el Aeropuerto de Cartagena hasta el hotel (1 a 3 personas),https://www.tur.com/es/cartagena-118/traslado-privado-aeropuerto-hotel-1-a-3-personas-4896
Excursión a Playa Privada en Islas del Rosario,excursion-playa-privada-islas-del-rosario,4934,Excursión a Playa Privada Rosario de Mar en Islas del Rosario,https://www.tur.com/es/cartagena-118/excursion-playa-privada-islas-del-rosario-4934
Private Mangrove Tour + Lunch + Horse riding + fishing classes ,tour-manglares-la-boquilla-cartagena-cabalgata,4965,"Tour de Manglares en La Boquilla, con almuerzo y cabalgata desde Cartagena",https://www.tur.com/es/cartagena-118/tour-manglares-la-boquilla-cartagena-cabalgata-4965
Tour privado al Aviario de Cartagena,tour-privado-aviario-nacional-cartagena,4902,Tour al Aviario Nacional de Colombia desde Cartagena en privado,https://www.tur.com/es/cartagena-118/tour-privado-aviario-nacional-cartagena-4902
Islas del Rosario (Cartagena): Excursión VIP en barco por las islas,excursion-vip-islas-del-rosario-cartagena,5430,Islas del Rosario en Lancha Rápida con Almuerzo desde Cartagena,https://www.tur.com/es/cartagena-118/excursion-vip-islas-del-rosario-cartagena-5430
Islas del Rosario (Cartagena): Excursión en barco con oceanario y snorkel,excursion-islas-del-rosario-snorkel-oceanario-cartagena,5431,Islas del Rosario: snorkel y Oceanario desde Cartagena,https://www.tur.com/es/cartagena-118/excursion-islas-del-rosario-snorkel-oceanario-cartagena-5431
Descubre las Islas del Rosario en una Aventura de Fiesta,excursion-barco-islas-del-rosario-desde-cartagena,5163,Descubre las Islas del Rosario en una Aventura de Fiesta,https://www.tur.com/es/cartagena-118/excursion-barco-islas-del-rosario-desde-cartagena-5163
CITY TOUR EN CHIVA,city-tour-en-chiva-cartagena-bocagrande-centro-historico,3710,City Tour en chiva por Bocagrande y Centro Histórico de Cartagena,https://www.tur.com/es/cartagena-118/city-tour-en-chiva-cartagena-bocagrande-centro-historico-3710
PLANTON LUMINOSO,tour-plancton-luminoso-isla-baru-playa-blanca,3702,Tour de Plancton Luminoso en Isla Barú desde Cartagena,https://www.tur.com/es/cartagena-118/tour-plancton-luminoso-isla-baru-playa-blanca-3702
BARCO VOLAR -PLAN PARCHE Y PLAN FULLL,paseo-en-barco-por-la-bahia-con-dj-animacion-y-coctel-de-bienvenida,3763,Navegación por la Bahía en Barco con Ambiente Festivo al Atardecer,https://www.tur.com/es/cartagena-118/paseo-en-barco-por-la-bahia-con-dj-animacion-y-coctel-de-bienvenida-3763
TINTINPAN - ISLOTE DE SANTA CRUZ,tour-tintipan-islote-santa-cruz-san-bernardo,3759,Tour a Tintipán e Islote de Santa Cruz en San Bernardo,https://www.tur.com/es/cartagena-118/tour-tintipan-islote-santa-cruz-san-bernardo-3759
Cholon Forever,tour-cholon-isla-grande-islas-del-rosario,4962,Tour a Cholón e Isla Grande en Islas del Rosario con almuerzo ,https://www.tur.com/es/cartagena-118/tour-cholon-isla-grande-islas-del-rosario-4962
ETEKA ,pasadia-eteka-islas-del-rosario,3760,Pasadía Eteka en Islas del Rosario,https://www.tur.com/es/cartagena-118/pasadia-eteka-islas-del-rosario-3760
MERCADO DE BAZURTO,tour-mercado-de-bazurto-cartagena-almuerzo-jugos-tipicos,3723,Tour al Mercado de Bazurto con jugos típicos y almuerzo,https://www.tur.com/es/cartagena-118/tour-mercado-de-bazurto-cartagena-almuerzo-jugos-tipicos-3723
Top 3,top-3-islands-islas-del-rosario-cartagena,3751,Tour Top 3 Islands en Islas del Rosario desde Cartagena,https://www.tur.com/es/cartagena-118/top-3-islands-islas-del-rosario-cartagena-3751
ISLABELA,pasadia-islabela-almuerzo-kayak-opcion-oceanario,3999,Pasadía Islabela con almuerzo en Cartagena ,No encontrada
Pasadía Kabanna Tierra Bomba,pasadia-tierra-bomba-cartagena,3711,Pasadía en Playa de Tierra Bomba desde Cartagena,https://www.tur.com/es/cartagena-118/pasadia-tierra-bomba-cartagena-3711
AVIARIO,tour-aviario-nacional-colombia-playa-blanca-baru,3708,Tour al Aviario Nacional de Colombia y Playa Blanca desde Cartagena,https://www.tur.com/es/cartagena-118/tour-aviario-nacional-colombia-playa-blanca-baru-3708
Playa tranquila + islas del rosario,playa-tranquila-islas-del-rosario-cartagena,3716,Islas del Rosario y Playa Tranquila en lancha rápida desde Cartagena,https://www.tur.com/es/cartagena-118/playa-tranquila-islas-del-rosario-cartagena-3716
Atardecer en Cartagena,atardecer-flamante-catamaran-bahia-cartagena,3735,Navegación en catamarán al atardecer con barra libre en Cartagena,https://www.tur.com/es/cartagena-118/atardecer-flamante-catamaran-bahia-cartagena-3735
Quinta del Mar,pasadia-quinta-del-mar-san-bernardo,3757,Pasadía Quinta del Mar en Islas San Bernardo,https://www.tur.com/es/cartagena-118/pasadia-quinta-del-mar-san-bernardo-3757
PLAYA TRANQUILA + SNORKEL Y MAPACHES,tour-playa-tranquila-baru-snorkel-mapaches,3699,Tour a Playa Tranquila en Barú con snorkel y avistamiento de mapaches desde Cartagena,https://www.tur.com/es/cartagena-118/tour-playa-tranquila-baru-snorkel-mapaches-3699
Manglares Tour,tour-por-manglares-en-canoa-artesanal-avistamiento-de-aves-almuerzo,3720,Tour de manglares en canoa con avistamiento de aves y almuerzo desde Cartagena,https://www.tur.com/es/cartagena-118/tour-por-manglares-en-canoa-artesanal-avistamiento-de-aves-almuerzo-3720
PAO PAO,pasadia-pao-pao-cartagena-lancha-rapida,4003,Pasadía en Pao Pao Beach Club en las Islas del Rosario desde Cartagena,https://www.tur.com/es/cartagena-118/pasadia-pao-pao-cartagena-lancha-rapida-4003
MAMBO BEACH + PLANTON,tour-mambo-beach-plancton-isla-baru-playa-blanca,4004,Pasadía en Mambo Beach Club con tour de plancton en Barú desde Cartagena,https://www.tur.com/es/cartagena-118/tour-mambo-beach-plancton-isla-baru-playa-blanca-4004
TROPICAL INN,pasadia-tropical-inn,3778,Pasadía Tropical Inn con Lancha Rápida,https://www.tur.com/es/cartagena-118/pasadia-tropical-inn-3778
Playa Tranquila,tour-playa-tranquila-cartagena,3714,Excursión a Playa Tranquila con Almuerzo y Transporte terrestre desde Cartagena,https://www.tur.com/es/cartagena-118/tour-playa-tranquila-cartagena-3714
CITY TOUR EN VANZ CLIMATIZADA,city-tour-van-climatizada-cartagena-getsemani-castillo-san-felipe,3713,City tour por Cartagena en van climatizada ,https://www.tur.com/es/cartagena-118/city-tour-van-climatizada-cartagena-getsemani-castillo-san-felipe-3713
MARINE BEACH,tour-playa-tierra-bomba-desde-cartagena,3784,Tour a Playa Tierra Bomba desde Cartagena de Indias,https://www.tur.com/es/cartagena-118/tour-playa-tierra-bomba-desde-cartagena-3784
Carrusel,carrusel-tradicional-atardecer-bahia-cartagena,3725,Navegación al Atardecer por la Bahía de Cartagena en Carrusel,https://www.tur.com/es/cartagena-118/carrusel-tradicional-atardecer-bahia-cartagena-3725
PALMARITO BEACH,pasadia-palmarito-beach,3781,Pasadía Palmarito Beach con Lancha Deportiva,https://www.tur.com/es/cartagena-118/pasadia-palmarito-beach-3781
TOUR BAHIA BARCO BEQUIA,tour-en-barco-en-cartagena-bahia-open-bar-musica,3764,Fiesta en barco por la bahía de Cartagena con barra libre y animación,https://www.tur.com/es/cartagena-118/tour-en-barco-en-cartagena-bahia-open-bar-musica-3764
Pasadía Holístico Tierra Bomba (Namasté),pasadia-holistico-tierra-bomba-cartagena,4772,Pasadía Holístico en Tierra Bomba Cartagena,https://www.tur.com/es/cartagena-118/pasadia-holistico-tierra-bomba-cartagena-4772
PADDLE BOARD,paddle-board-cartagena-aguas-tranquilas,3732,Experiencia de Paddle Board en Cartagena,https://www.tur.com/es/cartagena-118/paddle-board-cartagena-aguas-tranquilas-3732
FÉNIX,pasadia-fenix-beach-tierra-bomba,3762,Pasadía Fénix Beach en Tierra Bomba,https://www.tur.com/es/cartagena-118/pasadia-fenix-beach-tierra-bomba-3762
CORALINA ISLAND,pasadia-isla-coralina-islas-del-rosario-snorkel-almuerzo,3994,Pasadía en Coralina Island en las Islas del Rosario desde Cartagena,https://www.tur.com/es/cartagena-118/pasadia-isla-coralina-islas-del-rosario-snorkel-almuerzo-3994
BONAVIDA CATAMARAN ISLAS DEL ROSARIO,navegacion-en-catamaran-islas-del-rosario-desde-cartagena,3785,Navegación a Islas del Rosario en catamarán desde Cartagena,https://www.tur.com/es/cartagena-118/navegacion-en-catamaran-islas-del-rosario-desde-cartagena-3785
ISLA PIRATA,pasadia-isla-del-pirata-desde-cartagena-almuerzo-coctel,4001,Pasadía en Isla del Pirata desde Cartagena con almuerzo,https://www.tur.com/es/cartagena-118/pasadia-isla-del-pirata-desde-cartagena-almuerzo-coctel-4001
BARCO PIRATA,paseo-en-barco-pirata-por-la-bahia-con-bebidas-y-musica,3761,Paseo en barco pirata por la bahía de Cartagena con barra libre,https://www.tur.com/es/cartagena-118/paseo-en-barco-pirata-por-la-bahia-con-bebidas-y-musica-3761
RUMBA EN BOTE,rumba-en-bote-en-cartagena-open-bar-entrada-discoteca,3767,Rumba en bote en Cartagena con open bar y entrada a discoteca,https://www.tur.com/es/cartagena-118/rumba-en-bote-en-cartagena-open-bar-entrada-discoteca-3767
CHIVA RUMBERA,chiva-rumbera-en-cartagena-tour-centro-entrada-discoteca,3768,Chiva rumbera por Cartagena con entrada a discoteca ,https://www.tur.com/es/cartagena-118/chiva-rumbera-en-cartagena-tour-centro-entrada-discoteca-3768
BORA BORA,tour-bora-bora-tradicional-lancha-rapida-almuerzo-coctel,3783,Pasadía a Bora Bora Beach Club en Barú desde Cartagena,https://www.tur.com/es/cartagena-118/tour-bora-bora-tradicional-lancha-rapida-almuerzo-coctel-3783
VOLCAN DEL TOTUMO,tour-volcan-del-totumo-bano-de-lodo-almuerzo-buffet,3718,Tour al Volcán del Totumo con Baño de Lodo y Playa desde Cartagena,https://www.tur.com/es/cartagena-118/tour-volcan-del-totumo-bano-de-lodo-almuerzo-buffet-3718
BUCEO,tour-buceo-baru-desde-cartagena-instructor-equipo-completo,3706,Tour de buceo en Barú desde Cartagena,https://www.tur.com/es/cartagena-118/tour-buceo-baru-desde-cartagena-instructor-equipo-completo-3706
NOCHE BLANCA BARCO BEQUIA,tour-nocturno-en-cartagena-noche-blanca-barco-cena-buffet,3766,Tour nocturno en barco en Cartagena Noche Blanca con cena buffet,https://www.tur.com/es/cartagena-118/tour-nocturno-en-cartagena-noche-blanca-barco-cena-buffet-3766
MARGARITA BEACH ,pasadia-playa-margarita-tierra-bomba,3777,Pasadía en Playa Margarita en Tierra Bomba con Lancha Rápida,https://www.tur.com/es/cartagena-118/pasadia-playa-margarita-tierra-bomba-3777
Pasadía Holístico Tierra Bomba (Namasté),pasadia-holistico-tierra-bomba-cartagena,3704,Pasadía en Namasté Beach Club en Tierra Bomba desde Cartagena,https://www.tur.com/es/cartagena-118/pasadia-holistico-tierra-bomba-cartagena-4772
5 ISLAS VIP,tour-5-islas-vip-islas-del-rosario-lancha-snorkel-playas,3928,"Tour 5 Islas VIP en Islas del Rosario con lancha, snorkel y playas",https://www.tur.com/es/cartagena-118/tour-5-islas-vip-islas-del-rosario-lancha-snorkel-playas-3928
FAMILY PLAN,tour-islas-del-rosario-baru-cartagena-playa-privada,3700,Tour familiar en lancha por Islas del Rosario y Barú desde Cartagena,https://www.tur.com/es/cartagena-118/tour-islas-del-rosario-baru-cartagena-playa-privada-3700
Mambo Beach + Plancton,mambo-beach-plancton-isla-baru-cartagena,3721,Tour a Mambo Beach y Plancton en Isla Barú desde Cartagena,https://www.tur.com/es/cartagena-118/mambo-beach-plancton-isla-baru-cartagena-3721
ISLA DEL ENCANTO,pasadia-isla-del-encanto-islas-del-rosario-almuerzo-piscina,3997,Pasadía Isla del Encanto en Islas del Rosario con almuerzo y piscina desde Cartagena,https://www.tur.com/es/cartagena-118/pasadia-isla-del-encanto-islas-del-rosario-almuerzo-piscina-3997
LIVI´N TURBACO EXPERIENCIA PISCINA DE LODO,tour-piscina-lodo-turbaco-city-tour-almuerzo,3992,"Tour al volcán de lodo, Turbaco y Museo Yurbaco con almuerzo",https://www.tur.com/es/cartagena-118/tour-piscina-lodo-turbaco-city-tour-almuerzo-3992
TAMARINDO BEACH ,pasadia-tamarindo-beach-house-tierra-bomba,3765,Pasadía en Tamarindo Beach House en Tierra Bomba,https://www.tur.com/es/cartagena-118/pasadia-tamarindo-beach-house-tierra-bomba-3765
ISLA MUCURA,pasadia-isla-mucura-san-bernardo,3754,Pasadía a Isla Múcura en el Archipiélago de San Bernardo desde Cartagena,https://www.tur.com/es/cartagena-118/pasadia-isla-mucura-san-bernardo-3754
3 Islas,tour-3-islands-islas-del-rosario-cartagena,3753,Tour 3 Islands en Islas del Rosario desde Cartagena,https://www.tur.com/es/cartagena-118/tour-3-islands-islas-del-rosario-cartagena-3753
LIVI´N TURBACO EXPERIENCIA JARDÍN BOTÁNICO,tour-en-turbaco-jardin-botanico-museo-yurbaco-almuerzo,3779,"Tour a Turbaco con Jardín Botánico, Museo Yurbaco y almuerzo incluido",https://www.tur.com/es/cartagena-118/tour-en-turbaco-jardin-botanico-museo-yurbaco-almuerzo-3779
Recorrido literario a pie sobre Gabriel García Márquez,tour-pie-cartagena-gabo,2412,Tour Literario de García Márquez en Cartagena,https://www.tur.com/es/cartagena-118/tour-pie-cartagena-gabo-2412
Clase de cocina y visita al mercado,tour-mercado-bazurto-cartagena,2416,Clase de cocina cartagenera y tour por el Mercado de Bazurto,https://www.tur.com/es/cartagena-118/tour-mercado-bazurto-cartagena-gastronomia-local-3814
Tour privado de comida callejera y ciudad de Cartagena.,tour-privado-medio-dia-cartagena,2400,"City tour privado por Barrios Históricos, La Popa y Castillo de San Felipe desde Cartagena",https://www.tur.com/es/cartagena-118/tour-privado-medio-dia-cartagena-2400
Tour Manglares (Con almuerzo),tour-manglares-la-boquilla-cartagena-almuerzo,2441,Tour por los manglares de La Boquilla con almuerzo desde Cartagena,https://www.tur.com/es/cartagena-118/tour-manglares-la-boquilla-cartagena-almuerzo-2441
Baño de Lodo en el Totumo y Tour a Galerazamba,volcan-totumo-mar-rosado-galerazamba,2418,Excursión al Volcán de Lodo Totumo y Galerazamba desde Cartagena,https://www.tur.com/es/cartagena-118/volcan-totumo-mar-rosado-galerazamba-2418
Excursión etnoturística a Palenque,tour-san-basilio-palenque-cartagena,2453,Tour a San Basilio de Palenque desde Cartagena,https://www.tur.com/es/cartagena-118/tour-san-basilio-palenque-cartagena-2453
Gastronomic experience: La Ruta del Pastel,experiencia-gastronomica-pastel-cartagenero,2285,"Experiencia Gastronómica  en Cartagena, La Ruta del Pastel",https://www.tur.com/es/cartagena-118/experiencia-gastronomica-pastel-cartagenero-2285
"Ruta del Tejido Zenú, un recorrido por la historia y la memoria",ruta-tejido-zenu-cartagena-experiencia-cultural,2261,Ruta del Tejido Zenú en Cartagena,https://www.tur.com/es/cartagena-118/ruta-tejido-zenu-cartagena-experiencia-cultural-2261
Cultural Tour: Drum Safari,taller-percusion-la-boquilla-drum-safari,2282,Taller de percusión en La Boquilla desde Cartagena,https://www.tur.com/es/cartagena-118/taller-percusion-la-boquilla-drum-safari-2282
Island Day Out: Across Water and Sand,excursion-isla-cartagena-caribe,2309,Excursión a las Islas del Rosario desde Cartagena,https://www.tur.com/es/cartagena-118/excursion-isla-cartagena-caribe-2309
Bazurto Market Adventure: Extended Version,bike-tour-gastronomico-cartagena-bazurto,2247,"Tour en Bicicleta por Getsemaní, Manga y Bazurto con Almuerzo en Cartagena",https://www.tur.com/es/cartagena-118/bike-tour-gastronomico-cartagena-bazurto-2247
Pasadía con Barra libre ,pasadia-con-barra-libre-hotel-isla-del-sol,4770,Pasadía en Isla del Sol con barra libre ,https://www.tur.com/es/cartagena-118/pasadia-con-barra-libre-hotel-isla-del-sol-4770
Pasadía Regular Isla del Sol,pasadia-regular-isla-del-sol-desde-cartagena,4771,"Pasadía regular en Isla del Sol con playa, piscina y almuerzo",https://www.tur.com/es/cartagena-118/pasadia-regular-isla-del-sol-desde-cartagena-4771
Cartagena: Party Bus Tour,party-bus-cartagena-experiencia,2336,Tour en Chiva rumbera por Cartagena,https://www.tur.com/es/cartagena-118/party-bus-cartagena-experiencia-2336
Proposal Experience Cartagena,experiencia-romantica-cartagena,2385,Propuesta Experiencia Cartagena,https://www.tur.com/es/cartagena-118/experiencia-romantica-cartagena-2385
Mud Volcano Cartagena,tour-volcan-del-totumo-cartagena,2383,Volcán de lodo de Cartagena,https://www.tur.com/es/cartagena-118/tour-volcan-del-totumo-cartagena-2383
Cartagena to Rosario Islands and Cholon Boat,tour-lancha-grupos-grandes-cartagena,2399,Barco de Cartagena a Islas del Rosario y Cholón,https://www.tur.com/es/cartagena-118/tour-lancha-grupos-grandes-cartagena-2399
Beach Club At Rosario Islands Italian Vibes,luxe-beach-club-isla-grande,2392,Club de Playa en Islas del Rosario con Ambiente Italiano,https://www.tur.com/es/cartagena-118/luxe-beach-club-isla-grande-2392
Private San Basilio de Palenque Experience Full Day Tour,tour-san-basilio-de-palenque-cartagena,2386,Experiencia privada en San Basilio de Palenque desde Cartagena,https://www.tur.com/es/cartagena-118/tour-san-basilio-de-palenque-cartagena-2386
Bilingual Private Transfer In Cartagena,traslado-aeropuerto-servicio-privado,2387,Traslado desde Aeropuerto de Cartagena en privado,https://www.tur.com/es/cartagena-118/traslado-aeropuerto-servicio-privado-2387
"Atardecer en Cartagena, vive la experiencia en un Barco Pirata",tour-atardecer-barco-pirata-skyline,5040,"Atardecer en Cartagena, vive la experiencia en un Barco Pirata",https://www.tur.com/es/cartagena-118/tour-atardecer-barco-pirata-skyline-5040
Experiencia Pirata Fuerte San Fernando de Bocachica y Playa,tour-fuerte-de-san-fernando-bocachica,5039,Tour en barco pirata  por la bahía de Cartagena y fuerte de San Fernando con almuerzo,https://www.tur.com/es/cartagena-118/tour-fuerte-de-san-fernando-bocachica-5039
Tour por los Manglares de Cartagena,tour-manglares-cartagena-canoa-la-boquilla,4037,Tour en canoa por los manglares de Cartagena y La Boquilla,https://www.tur.com/es/cartagena-118/tour-manglares-cartagena-canoa-la-boquilla-4037
"City Tour en Cartagena (Ciudad Amurallada, Getsemaní y Castillo)",city-tour-privado-cartagena-castillo-san-felipe,4109,"City Tour en Cartagena: Ciudad Amurallada, Getsemaní y Castillo San Felipe de Barajas",https://www.tur.com/es/cartagena-118/city-tour-privado-cartagena-castillo-san-felipe-4109
Tour de Comida Callejera en Cartagena con Guía Local,tour-comida-callejera-cartagena-guia-local,4762,Tour de Comida Callejera en Cartagena con Guía Local,https://www.tur.com/es/cartagena-118/tour-comida-callejera-cartagena-guia-local-4762
Tour Guiado del Castillo San Felipe con Entradas,tour-castillo-san-felipe-san-diego-cartagena,4038,Tour guiado a pie por el Castillo San Felipe y barrio San Diego en Cartagena,https://www.tur.com/es/cartagena-118/tour-castillo-san-felipe-san-diego-cartagena-4038
Coffee Crawl en Cartagena,coffee-crawl-cartagena-tour-cafe-colombiano,4107,Coffee Crawl en Cartagena: Tour de Café de especialidad,https://www.tur.com/es/cartagena-118/coffee-crawl-cartagena-tour-cafe-colombiano-4107
Freetour Centro Histórico y barrio Getsemaní (Ciudad Amurallada),free-walking-tour-centro-historico-getsemani-cartagena,4039,Free tour por Centro Histórico y Getsemaní en Cartagena,https://www.tur.com/es/cartagena-118/free-walking-tour-centro-historico-getsemani-cartagena-4039
Wakeboard - 2 PAX,wakeboard-hotel-sunrise,2479,Clase de Wakeboard compartida para dos personas en Cartagena,No encontrada
Tour Paddleboard Night,navegacion-manglar-la-cueva-atardecer,2475,Tour Paddleboard Night,https://www.tur.com/es/cartagena-118/navegacion-manglar-la-cueva-atardecer-2475
Wakeboard - 1 PAX,clase-wakeboard-hotel-sunrise,2477,Clase de Wakeboard en San Andrés,No encontrada
Ibbiza + Cholón Forever,tour-fiesta-islas-del-rosario-cholon,4882,Tour de fiesta a Cholón e Ibbiza Beach Club con almuerzo,https://www.tur.com/es/cartagena-118/tour-fiesta-islas-del-rosario-cholon-4882
Chiva Rumbera en Cartagena: Fiesta Sobre Ruedas con Recorrido Turístico,chiva-rumbera-cartagena-recorrido-nocturno-discoteca,4806,Tour en Chiva Rumbera con entrada a discoteca en Cartagena,https://www.tur.com/es/cartagena-118/chiva-rumbera-cartagena-recorrido-nocturno-discoteca-4806
Traslado en barco desde Isla Grande a Cartagena,traslado-barco-cartagena-isla-grande,2527,Traslado en barco desde Isla Grande a Cartagena,https://www.tur.com/es/cartagena-118/traslado-barco-cartagena-isla-grande-2524
 Club de playa Pasadía Bora Bora,club-de-playa-bora-bora-islas-del-rosario-cartagena,4804,Pasadía Bora Bora en Islas del Rosario desde Cartagena,https://www.tur.com/es/cartagena-118/club-de-playa-bora-bora-islas-del-rosario-cartagena-4804
Traslado en barco desde Cartagena hacia Isla Grande,traslado-barco-cartagena-isla-grande,2524,Traslado en lancha a Isla Grande desde Cartagena,https://www.tur.com/es/cartagena-118/traslado-barco-cartagena-isla-grande-2524
TOP 3 PLAYAS privadas EN ISLAS DEL ROSARIO,top-3-playas-privadas-islas-del-rosario,4881,"Tour Top 3 Playas Privadas en Islas del Rosario: Isla Grande, Cholón y Barú desde Cartagena ",https://www.tur.com/es/cartagena-118/top-3-playas-privadas-islas-del-rosario-4881
Fiesta al atardecer en la bahía de Cartagena,tour-bahia-cartagena-atardecer-dj-bebidas-discoteca,4813,Navegación por la bahía de Cartagena al atardecer con entrada a discoteca,https://www.tur.com/es/cartagena-118/tour-bahia-cartagena-atardecer-dj-bebidas-discoteca-4813
Cartagena: Excursión a la Bahía del Atardecer en Catamarán con bebidas,crucero-atardecer-bahia-cartagena,2482,Cartagena: Excursión a la Bahía del Atardecer en Catamarán con bebidas,https://www.tur.com/es/cartagena-118/crucero-atardecer-bahia-cartagena-2482
Cena de Lujo Internacional en Catamarán: Navega y Disfruta Cartagena de Noche,cena-catamaran-cartagena-navegacion-nocturna,5171,Cena en catamarán en Cartagena con navegación nocturna,https://www.tur.com/es/cartagena-118/cena-catamaran-cartagena-navegacion-nocturna-5171
"Cartagena: Ecoplan en Barú, Aviario y Oceanario en un día",ecoturismo-baru-aviario-oceanario-cartagena,2532,"Tour al Aviario Nacional, Oceanario y Playa Blanca desde Cartagena",https://www.tur.com/es/cartagena-118/ecoturismo-baru-aviario-oceanario-cartagena-2532
"Cartagena: Tour por la bahía al atardecer con Dj, bebidas y discoteca",fiesta-atardecer-bahia-cartagena,2546,Fiesta al atardecer en la bahía de Cartagena,https://www.tur.com/es/cartagena-118/fiesta-atardecer-bahia-cartagena-2546
"Isla Palma: Disfruta un paradisíaco día de Playa, Naturaleza y Relax",pasadia-isla-palma-cartagena,2533,Pasadía a Isla Palma en el Archipiélago de San Bernardo desde Cartagena,https://www.tur.com/es/cartagena-118/pasadia-isla-palma-cartagena-2533
Cena de Noche Blanca,cena-noche-blanca-bahia-cartagena,4880,Cena Noche Blanca en la bahía de Cartagena,https://www.tur.com/es/cartagena-118/cena-noche-blanca-bahia-cartagena-4880
"Cartagena: 5 Islas del Rosario, Full party con bebidas, Snorkel y almuerzo",tour-5-islas-del-rosario-snorkel-almuerzo-cartagena,2926,Tour a 5 Islas del Rosario con snorkel y almuerzo desde Cartagena,https://www.tur.com/es/cartagena-118/tour-5-islas-del-rosario-snorkel-almuerzo-cartagena-2926
Cartagena: Excursión de un día Aviario y disfruta de Playa Blanca en autobús,aviario-playa-blanca-baru-cartagena,2557,Cartagena: Excursión de un día Aviario y disfruta de Playa Blanca en autobús,https://www.tur.com/es/cartagena-118/aviario-playa-blanca-baru-cartagena-2557
Cartagena: Experiencia culinaria de 4 platos a bordo de un catamarán,cena-bahia-cartagena-4-platos,2529,Cena de 4 tiempos en barco por la bahía de Cartagena,https://www.tur.com/es/cartagena-118/cena-bahia-cartagena-4-platos-2529
"Cartagena: 2h Fiesta nocturna sobre ruedas, animador y paradas para fotos",party-bus-cartagena-noche,2555,Party Bus con entrada a discoteca en Cartagena,https://www.tur.com/es/cartagena-118/party-bus-cartagena-noche-2555
Cartagena: Explora con un city tour abordo de una chiva típica,city-tour-chiva-tipica-cartagena,2558,Cartagena: Explora con un city tour abordo de una chiva típica,https://www.tur.com/es/cartagena-118/city-tour-chiva-tipica-cartagena-2558
Top 3 islas vip: bora bora + paopao + playa bela,tour-islas-vip-bora-bora-pao-pao-islabela-rosario,4805,"Tour 3 Islas VIP Bora Bora, Pao Pao e Islabela en Islas del Rosario",https://www.tur.com/es/cartagena-118/tour-islas-vip-bora-bora-pao-pao-islabela-rosario-4805
 Tour de Peluquería - Conocimiento del Cabello y Libertad de Trenzado en Palenque,taller-trenzas-peinados-palenque,2472,Tour de peinados y trenzas tradicionales en San Basilio de Palenque desde Cartagena,https://www.tur.com/es/cartagena-118/taller-trenzas-peinados-palenque-2472
Palenque Historical Share Tour,tour-cultural-san-basilio-palenque-cartagena,2458,Tour cultural a San Basilio de Palenque con clase de cocina o degustación desde Cartagena,https://www.tur.com/es/cartagena-118/tour-cultural-san-basilio-palenque-cartagena-2458
Tour de mercados locales con degustación,tour-mercados-tradicionales-lima-degustacion,5352,Tour de mercados locales con degustación en Lima,https://www.tur.com/es/cartagena-118/tour-mercados-tradicionales-lima-degustacion-5352
Free Tour de puros y café en Cartagena,free-tour-cafe-puros-cartagena,5136,Free tour de café y tabaco en Cartagena,https://www.tur.com/es/cartagena-118/free-tour-cafe-puros-cartagena-5136
Recorrido panorámico de Cartagena para cruceros,tour-panoramico-cartagena-cruceros,5436,Tour panorámico por Cartagena para pasajeros de crucero,https://www.tur.com/es/cartagena-118/tour-panoramico-cartagena-cruceros-5436
Experiencia VIP Esmeralda: El oro verde de Colombia para pasajeros de cruceros,experiencia-vip-esmeraldas-cartagena-cruceros,5437,Experiencia VIP de esmeraldas en Cartagena para cruceros,https://www.tur.com/es/cartagena-118/experiencia-vip-esmeraldas-cartagena-cruceros-5437
Tour Atardecer Sibarita Extress,tour-atardecer-express-yate-cartagena,5348,Tour Atardecer Rumbero por la bahia de Cartagena en yate Sibarita,https://www.tur.com/es/cartagena-118/tour-atardecer-express-yate-cartagena-5348
Tour Atardecer Sibarita Master,tour-atardecer-bahia-cartagena-barra-libre,5343,Tour al atardecer por la bahía de Cartagena,https://www.tur.com/es/cartagena-118/tour-atardecer-bahia-cartagena-barra-libre-5343
CENA RUMBERA ,navegacion-nocturna-bahia-cartagena,5342,Cena Rumbera en Yate Sibarita por la bahía de Cartagena,https://www.tur.com/es/cartagena-118/navegacion-nocturna-bahia-cartagena-5342
City Tour Cartagena en grupo,city-tour-completo-por-cartagena,2463,City Tour grupal por Cartagena con entradas incluidas,https://www.tur.com/es/cartagena-118/city-tour-completo-por-cartagena-2463
City tour en Chiva,city-tour-chiva-panoramica-cartagena,2512,City Tour en Chiva por Cartagena con Castillo San Felipe,https://www.tur.com/es/cartagena-118/city-tour-chiva-panoramica-cartagena-2512
Tour al Volcán del totumo y Galerazamba,tour-volcan-totumo-galerazamba-cartagena,2494,Tour al Volcán del Totumo y Salinas de Galerazamba,https://www.tur.com/es/cartagena-118/tour-volcan-totumo-galerazamba-cartagena-2494
Ruta ecológica tras las huellas del jaguar en los Montes de María,ruta-ecologica-huellas-jaguar-montes-de-maria,4992,Ruta ecológica tras las huellas del jaguar en los Montes de María,https://www.tur.com/es/cartagena-118/ruta-ecologica-huellas-jaguar-montes-de-maria-4992
Totumo Volcano Eco-Route and Mangrove Experience,eco-ruta-volcan-del-totumo-manglares-cartagena,4955,Tour de volcán del Totumo y Manglares con almuerzo desde Cartagena,https://www.tur.com/es/cartagena-118/eco-ruta-volcan-del-totumo-manglares-cartagena-4955
 Recorrido de fiesta en autobús típico.,rumba-chiva-cartagena-fiesta-nocturna,2428,Tour en Chiva Rumbera por Cartagena de Indias al anochecer,https://www.tur.com/es/cartagena-118/rumba-chiva-cartagena-fiesta-nocturna-2428
 Disfruta de la tranquilidad de Playa Blanca,tour-playa-blanca-dia-completo,2420,Excursión a Playa Blanca desde Cartagena por tierra,https://www.tur.com/es/cartagena-118/tour-playa-blanca-dia-completo-2420
Tour Cultural a San Jacinto desde Cartagena con Gaitas y Artesanía,tour-cultural-san-jacinto-gaitas-artesania-cartagena,2397,Tour Cultural a San Jacinto desde Cartagena con Gaitas y Artesanía,https://www.tur.com/es/cartagena-118/tour-cultural-san-jacinto-gaitas-artesania-cartagena-2397
Día de relajación con fangoterapia en el Volcán del Totumo,tour-volcan-del-totumo-cartagena,2266,Tour al Volcán del Totumo y Playa Manzanillo desde Cartagena,https://www.tur.com/es/cartagena-118/tour-volcan-del-totumo-cartagena-2383
Excursión de pesca en manglares y baño de barro,experiencia-pesca-barro-volcanico-natural,4900,Excursión de pesca en manglares y volcán del Totumo desde Cartagena,https://www.tur.com/es/cartagena-118/experiencia-pesca-barro-volcanico-natural-4900
Mud Experience at the Volcano,tour-volcan-del-totumo-con-almuerzo,4883,Tour al Volcán del Totumo con almuerzo desde Cartagena,https://www.tur.com/es/cartagena-118/tour-volcan-del-totumo-con-almuerzo-4883
"Cabalgata fincas cafeteras, bosque y rio Boquerón",cabalgata-tour-cafe-salento-cruce-rio,4056,Cabalgata y tour de café desde Salento,https://www.tur.com/es/salento-119/cabalgata-tour-cafe-salento-cruce-rio-4056
Tour paramo de romerales Salento QuindÃ­o,trekking-paramo-romerales-salento,3736,Expedición de Trekking al Páramo de Romerales desde Salento,https://www.tur.com/es/salento-119/trekking-paramo-romerales-salento-3736
Cabalgata mixta 4 puntos Valle del Cocora,cabalgata-completa-valle-de-cocora-miradores-pena-virgen,4057,Cabalgata al Valle de Cocora y Peña de la Virgen desde Salento,https://www.tur.com/es/salento-119/cabalgata-completa-valle-de-cocora-miradores-pena-virgen-4057
Tour Cafetero finca de café Buenos Aires,tour-cafetero-finca-buenos-aires-salento-quindio,4960,Tour cafetero en finca Buenos Aires en Salento,https://www.tur.com/es/salento-119/tour-cafetero-finca-buenos-aires-salento-quindio-4960
Tour cafetero finca cafetera don Elias,tour-cafetero-salento-quindio-degustacion-cafe,4958,Tour cafetero finca cafetera don Elias,https://www.tur.com/es/salento-119/tour-cafetero-salento-quindio-degustacion-cafe-4958
Cocora Valley and Coffee Farms Tour,tour-valle-cocora-fincas-cafeteras-salento,3733,Cocora Valley and Coffee Farms Tour,https://www.tur.com/es/salento-119/tour-valle-cocora-fincas-cafeteras-salento-3733
Bike Tour La Carbonera,tour-bicicleta-la-carbonera-salento,3741,Tour en Bicicleta por La Carbonera desde Salento,https://www.tur.com/es/salento-119/tour-bicicleta-la-carbonera-salento-3741
Horseback riding with viewpoints and the Sestillal waterfall in Salento,cabalgata-miradores-cascada-sestillal-salento,3729,Cabalgata a los Miradores y Cascada Sestillal desde Salento,https://www.tur.com/es/salento-119/cabalgata-miradores-cascada-sestillal-salento-3729
Tour privado al Valle del Cocora y Cascada Santa Rita desde Salento,tour-valle-cocora-salento-cascada-santa-rita,3731,Tour privado al Valle del Cocora y Cascada Santa Rita desde Salento,https://www.tur.com/es/salento-119/tour-valle-cocora-salento-cascada-santa-rita-3731
Short hike and great waterfall in the Cocora Valley,tour-gran-cascada-valle-cocora-salento,3738,Tour al Valle del Cocora y Gran Cascada desde Salento,https://www.tur.com/es/salento-119/tour-gran-cascada-valle-cocora-salento-3738
Tour premium finca cafetera el Ocaso,tour-cafe-premium-finca-el-ocaso-salento,4086,Tour de Café Premium en Finca El Ocaso,https://www.tur.com/es/salento-119/tour-cafe-premium-finca-el-ocaso-salento-4086
Excursión grupal valle de cocora,tour-economico-valle-de-cocora-salento-jeep-willys,4067,Excursión al Valle de Cocora en transporte típico desde Salento,https://www.tur.com/es/salento-119/tour-economico-valle-de-cocora-salento-jeep-willys-4067
"Day trip to Filandia, QuindÃ­o, and Santa Rosa Hot Springs",tour-filandia-termales-santa-rosa-cabal,3734,Tour a Filandia y Termales de Santa Rosa de Cabal desde Salento,https://www.tur.com/es/salento-119/tour-filandia-termales-santa-rosa-cabal-3734
Transporte y entrada valle de cocora,transporte-entrada-valle-cocora-salento,4087,Traslado al Valle de Cocora con entrada desde Salento,https://www.tur.com/es/salento-119/transporte-entrada-valle-cocora-salento-4087
Expedición Morrogacho,trekking-cerro-morro-gacho-valle-del-cocora,4068,Trekking al Cerro Morro Gacho en el Valle del Cocora desde Salento,https://www.tur.com/es/salento-119/trekking-cerro-morro-gacho-valle-del-cocora-4068
"Cocora Valley, Salento and Filandia Tour",tour-valle-cocora-salento-filandia-quindio,3737,"Tour al Valle del Cocora, Salento y Filandia desde Armenia",https://www.tur.com/es/salento-119/tour-valle-cocora-salento-filandia-quindio-3737
Cabalgata mirador Salento Quindío el mocambo,cabalgata-corta-miradores-salento-camino-nacional,4059,Cabalgata por el Camino Nacional y miradores en Salento,https://www.tur.com/es/salento-119/cabalgata-corta-miradores-salento-camino-nacional-4059
Tour tradicional la Carbonera Desde Salento Q,expedicion-la-carbonera-desde-salento-bosque-palmas-cera,4054,Tour Tradicional La Carbonera desde Salento Q,https://www.tur.com/es/salento-119/expedicion-la-carbonera-desde-salento-bosque-palmas-cera-4054
Coffee Tour English / Spanish (Share),tour-del-cafe-finca-tradicional-quindio,5129,Tour del Café en finca tradicional  del Quindío en Colombia,https://www.tur.com/es/salento-119/tour-del-cafe-finca-tradicional-quindio-5129
Tour compartido a Finca Cafetera,tour-cafetero-salento-finca-compartido,5306,Tour compartido a finca cafetera en Salento,https://www.tur.com/es/salento-119/tour-cafetero-salento-finca-compartido-5306
Tour compartido al Valle del Cocora,tour-valle-del-cocora-desde-salento,5307,Tour compartido al Valle del Cocora desde Salento,https://www.tur.com/es/salento-119/tour-valle-del-cocora-desde-salento-5307
Cacao de Autor: El arte de la transformación en el Quindío. Desde Salento,tour-cafetero-en-quindio-con-cata-y-taller-desde-salento,5071,Tour del Cacao y proceso del chocolate en el Quindío desde Salento,https://www.tur.com/es/salento-119/tour-cafetero-en-quindio-con-cata-y-taller-desde-salento-5071
Cocora Valley & Coffee Tour (English Guide),tour-valle-del-cocora-cafe-guia-ingles,2366,Tour Valle del Cocora y cafetales con guía en inglés,https://www.tur.com/es/salento-119/tour-valle-del-cocora-cafe-guia-ingles-2366
Palm forest & Viewpoints 5km,caminata-5-km-en-el-valle-de-cocora-desde-salento,2360,Caminata circuito corto 5 km en el valle de Cocora desde Salento,https://www.tur.com/es/salento-119/caminata-5-km-en-el-valle-de-cocora-desde-salento-2360
Palm forest & Viewpoints 5km,caminata-bosque-palmas-cera-miradores-5-km-salento,2358,Tour privado bosque de palmas de cera y miradores,https://www.tur.com/es/salento-119/caminata-bosque-palmas-cera-miradores-5-km-salento-2358
Coffee Tour & Coffee Tasting,tostado-artesanal-de-cafe-y-recorrido-por-tunel-historico-con-cata-guiada,2361,Tostado artesanal de café y recorrido por túnel histórico con cata guiada,https://www.tur.com/es/salento-119/tostado-artesanal-de-cafe-y-recorrido-por-tunel-historico-con-cata-guiada-2361
"Tour Salento, Valle del Cocora y Filandia (tres opciones de plan)",tour-salento-valle-del-cocora-filandia-desde-pereira-o-armenia,5406,"Tour Salento, Valle del Cocora y Filandia desde Pereira o Armenia",https://www.tur.com/es/salento-119/tour-salento-valle-del-cocora-filandia-desde-pereira-o-armenia-5406
Tour en bicicleta por el municipio de Filandia,ruta-del-bareque-bicicleta-colonial-filandia-fotos,4061,Tour en bicicleta por el municipio de Filandia,https://www.tur.com/es/filandia-120/ruta-del-bareque-bicicleta-colonial-filandia-fotos-4061
De la Semilla a la Taza: Una travesía sensorial por el Cacao y el encanto de Filandia,tour-del-cacao-en-filandia-con-degustacion-desde-salento,5026,De la Semilla a la Taza: Una travesía sensorial por el Cacao y el encanto de Filandia.,https://www.tur.com/es/filandia-120/tour-del-cacao-en-filandia-con-degustacion-desde-salento-5026
" Desde Filandia: Senderismo Yarumal, pueblo de colores + avistamiento de monos",senderismo-yarumal-filandia-avistamiento-monos,5376,Senderismo en Yarumal y Avistamiento de Monos desde Filandia,https://www.tur.com/es/filandia-120/senderismo-yarumal-filandia-avistamiento-monos-5376
Transporte Privado Puerta-Puerta - Private Transport Door to Door (From Guatapé to Medellín),traslado-privado-guatape-a-medellin,2417,Traslado privado a Medellín desde Guatapé con paradas turísticas,https://www.tur.com/es/guatape-121/traslado-privado-guatape-a-medellin-2417
Waterfalls Tour in Guatapé - Cascadas en Guatapé,caminata-cascadas-guatape,2410,"Caminata a Cascadas Escondidas, Casa al Revés y La Piedra el Peñón desde Guatapé",https://www.tur.com/es/guatape-121/caminata-cascadas-guatape-2410
JETSKIS 1800 renta por 1hr,jetski-guatape,2216,Alquiler de Jet Ski 1800 por 1 hora en Guatapé,https://www.tur.com/es/guatape-121/jetski-guatape-2216
Planchon,planchon-guatape,2291,Paseo en Planchón por el Embalse de Guatapé,https://www.tur.com/es/guatape-121/planchon-guatape-2291
Boat tour,tour-lancha-guatape,2286,Paseo en Lancha por el Embalse de Guatapé,https://www.tur.com/es/guatape-121/tour-lancha-guatape-2286
JETSKIS 1800 RENTAL 30mins,jetski-guatape-30min-1800,2220,Alquiler de Jet Ski 1800 por 30 Minutos en Guatapé,https://www.tur.com/es/guatape-121/jetski-guatape-30min-1800-2220
Jetskis 1500 renta por 1h,jetski-guatape-tour,2215,Arriendo de una hora de Jet Ski en Guatapé,https://www.tur.com/es/guatape-121/jetski-guatape-tour-2215
JETSKIS 1500 RENTAL 30mins,jetski-guatape-30min,2219,Alquiler de Jet Ski en Guatapé por 30 Minutos,https://www.tur.com/es/guatape-121/jetski-guatape-30min-1800-2220
WAKEBOARD (60 MINUTES),wakeboard-guatape,2280,Clase de Wakeboard (1 hora) en Guatapé,https://www.tur.com/es/guatape-121/wakeboard-guatape-2280
Tour a Guatapé,tour-guatape-piedra-del-penol-paseo-en-barco,4756,Tour a Guatapé y Piedra del Peñol con Barco e Isla Privada desde Medellín,https://www.tur.com/es/guatape-121/tour-guatape-piedra-del-penol-paseo-en-barco-4756
Expedición Amazonas,expedicion-amazonas-leticia-comunidades-fauna,5444,Expedición Amazonas con comunidades indígenas y fauna,No encontrada
"Reservas Naturales, Reserva Naineku",tour-amazonas-reserva-naineku-5-dias,5445,Reservas Naturales en Amazonas con Nainekü 5 Días,No encontrada
Paisa por un día,tour-paisa-comuna-13-medellin,4773,"Experiencia ""Paisa por un día"" con Comuna 13 y pueblito paisa en Medellín",https://www.tur.com/es/medellin-124/tour-paisa-comuna-13-medellin-4773
City Tour Medellín,city-tour-medellin-con-metrocable,4815,City tour por Medellín con metrocable,https://www.tur.com/es/medellin-124/city-tour-medellin-con-metrocable-4815
Transporte,transporte-privado-medellin,4814,Transporte Privado en Van para grupos desde Medellín,https://www.tur.com/es/medellin-124/transporte-privado-medellin-4814
Transporte 4 a 5 personas,traslado-privado-medellin-4-5-personas,4781,Traslado Privado en Medellín para Grupos de 4 a 5 Personas,No encontrada
Guatapé Aventura + Hacieda la Manuela,tour-guatape-aventura-piedra-del-penol-medellin,4778,Tour a Guatapé con Piedra del Peñol y Hacienda La Manuela,https://www.tur.com/es/medellin-124/tour-guatape-aventura-piedra-del-penol-medellin-4778
Free tour en chiva,free-tour-chiva-medellin-recorrido-cultural,4939,"Free tour en chiva por Medellín, recorrido cultural urbano",https://www.tur.com/es/medellin-124/free-tour-chiva-medellin-recorrido-cultural-4939
Tour Comuna 13,tour-comuna-13-medellin-graffitour-escaleras,4774,Graffitour por la Comuna 13 y escaleras eléctricas en Medellín,https://www.tur.com/es/medellin-124/tour-comuna-13-medellin-graffitour-escaleras-4774
Café Tour,tour-cafe-colombiano-recoleccion-medellin,4775,Tour de café con recolección y almuerzo desde Medellín,https://www.tur.com/es/medellin-124/tour-cafe-colombiano-recoleccion-medellin-4775
Tour Pablo Escobar,tour-pablo-escobar-transformacion-medellin,4767,Tour de Pablo Escobar y Transformación Social en Medellín,https://www.tur.com/es/medellin-124/tour-pablo-escobar-transformacion-medellin-4767
Transporte de 1 a 3 personas,traslado-privado-medellin-1-3-personas,4779,Traslado Privado en Vehículo para 1 a 3 Personas en Medellín,No encontrada
Party Bus,tour-party-bus-medellin-fiesta,4764,Party Bus en Medellín,https://www.tur.com/es/medellin-124/tour-party-bus-medellin-fiesta-4764
tour del café de san francisco - antioquia,tour-cafe-san-francisco-antioquia-medellin,3972,Excursión de café en San Francisco Antioquia con salida de Medellín,https://www.tur.com/es/medellin-124/tour-cafe-san-francisco-antioquia-medellin-3972
senderismo de montaña y bosques mágicos,senderismo-parque-el-salado-cascadas-envigado,3987,"Senderismo en Envigado, visita el Parque El Salado y sus cascadas desde Medellín",https://www.tur.com/es/medellin-124/senderismo-parque-el-salado-cascadas-envigado-3987
tour del café (santa bárbara - antioquia),tour-cafe-santa-barbara-finca-los-alpes,3971,Tour de Café en Santa Bárbara desde Medellín y Finca Los Alpes,https://www.tur.com/es/medellin-124/tour-cafe-santa-barbara-finca-los-alpes-3971
tour del chocolate,tour-chocolate-finca-cacao-pozas-naturales-las-aguadas,3970,Tour de Chocolate en finca cacaotera y pozas naturales Las Aguadas,https://www.tur.com/es/medellin-124/tour-chocolate-finca-cacao-pozas-naturales-las-aguadas-3970
miradores de senderismo de medellín,hiking-miradores-medellin-piedra-galana,3986,Hiking a los miradores de Medellín y Piedra Galana,https://www.tur.com/es/medellin-124/hiking-miradores-medellin-piedra-galana-3986
medellín: recorrido privado por el distrito de los museos y palacio nacional,tour-museos-medellin-arte-botero,3984,Tour de Museos en Medellín y Galerías de Arte del Centro,https://www.tur.com/es/medellin-124/tour-museos-medellin-arte-botero-3984
tour de frutas y dulces,tour-frutas-golosinas-medellin-mercados,3985,Tour de Frutas Tropicales y Dulces Típicos en Medellín,https://www.tur.com/es/medellin-124/tour-frutas-golosinas-medellin-mercados-3985
tour por la ciudad de medellín,city-tour-medellin-comuna-13-plaza-botero,3983,City Tour por Medellín con Comuna 13 y Plaza Botero,https://www.tur.com/es/medellin-124/city-tour-medellin-comuna-13-plaza-botero-3983
Free Walking Tour Violencia & Posconflicto en Medellín,free-tour-violencia-y-posconflicto-en-medellin,4817,Free tour de violencia y posconflicto en Medellín con Casa de la Memoria,https://www.tur.com/es/medellin-124/free-tour-violencia-y-posconflicto-en-medellin-4817
Tour a Santa Fe de Antioquia desde Medellín,tour-santa-fe-de-antioquia-desde-medellin,3483,Tour a Santa Fe de Antioquia desde Medellín,https://www.tur.com/es/medellin-124/tour-santa-fe-de-antioquia-desde-medellin-3483
Tour de Café en Finca Tradicional de Santa Elena desde Medellín,coffee-tour-medellin-santa-elena,3464,Tour de Café en Finca Tradicional de Santa Elena desde Medellín,https://www.tur.com/es/medellin-124/coffee-tour-medellin-santa-elena-3464
Free Tour El Poblado: desde Provenza hasta Manila,tour-a-pie-el-poblado-medellin-provenza-manila,2240,"Free Tour por El Poblado, Provenza y Manila en Medellín",https://www.tur.com/es/medellin-124/tour-a-pie-el-poblado-medellin-provenza-manila-2240
Food Bike Tour Medellín,food-bike-tour-medellin,3462,Tour de Comida Callejera en Bicicleta por el Centro de Medellín,https://www.tur.com/es/medellin-124/food-bike-tour-medellin-3462
Tour Comuna 13 con Teleférico en Medellín,tour-comuna-13-medellin-graffiti-metrocable,3404,Tour Comuna 13 con Teleférico en Medellín,https://www.tur.com/es/medellin-124/tour-comuna-13-medellin-graffiti-metrocable-3404
Walking Tour por el distrito de El Poblado,descubre-provenza-y-manila-con-nuestro-tour-a-pie-por-el-poblado-explora-la-transformacion-el-arte-y-la-cultura-de-medellin-con-guias-locales,3591,Tour a pie por el Barrio El Poblado en Medellín,https://www.tur.com/es/medellin-124/descubre-provenza-y-manila-con-nuestro-tour-a-pie-por-el-poblado-explora-la-transformacion-el-arte-y-la-cultura-de-medellin-con-guias-locales-3591
Walking Tour Violencia & Posconflicto en Medellín,free-walking-tour-conflicto-transformacion-medellin,3456,Walking Tour del Conflicto y Transformación en Medellín,https://www.tur.com/es/medellin-124/free-walking-tour-conflicto-transformacion-medellin-3456
Tour en bicicleta Medellín y Pueblito Paisa,bike-tour-medellin-pueblito-paisa,3458,Tour en Bicicleta por Medellín y Pueblito Paisa,https://www.tur.com/es/medellin-124/bike-tour-medellin-pueblito-paisa-3458
Paseo a caballo,tour-cabalgata-salento-quindio,3800,Tour de Cabalgata por Paisajes del Quindío en Salento,https://www.tur.com/es/medellin-124/tour-cabalgata-salento-quindio-3800
guatape,tour-privado-guatape-desde-medellin-penon-tour-de-cafe,3910,Tour privado a Guatapé y Piedra del Peñol con tour de café desde Medellín,https://www.tur.com/es/medellin-124/tour-privado-guatape-desde-medellin-penon-tour-de-cafe-3910
Pablo Escobar tour Medellin,tour-privado-pablo-escobar-medellin-parque-memorial-lugares-clave,3914,Tour privado de Pablo Escobar y Parque Memorial en Medellín,https://www.tur.com/es/medellin-124/tour-privado-pablo-escobar-medellin-parque-memorial-lugares-clave-3914
pablo escobar y comuna ,tour-privado-medellin-pablo-escobar-comuna-13-guia-local,3908,Tour privado Pablo Escobar y Comuna 13 con guía local en Medellín,https://www.tur.com/es/medellin-124/tour-privado-medellin-pablo-escobar-comuna-13-guia-local-3908
Tour comuna 13 graffitour medellín,tour-graffiti-comuna-13-medellin,3881,Graffiti Tour Comuna 13 en Medellín,https://www.tur.com/es/medellin-124/tour-graffiti-comuna-13-medellin-3881
MEDELLIN: Tour de Senderismo ¨Chorro de las Campanas¨,trekking-chorro-campanas-envigado-medellin,2356,Trekking al Chorro de las Campanas desde Medellín,https://www.tur.com/es/medellin-124/trekking-chorro-campanas-envigado-medellin-2356
CITY TOUR,city-tour-medellin-plaza-botero-metro-pueblito-paisa,3952,"City tour por Medellín con Plaza Botero, Metro y Pueblito Paisa",https://www.tur.com/es/medellin-124/city-tour-medellin-plaza-botero-metro-pueblito-paisa-3952
Transporte Privado Puerta-Puerta - Private Transport Door to Door (From Medellín to Guatapé),traslado-medellin-guatape-privado,2413,Traslado en privado a Guatapé desde Medellín con paradas turísticas,https://www.tur.com/es/medellin-124/traslado-medellin-guatape-privado-2413
Free tour por Medellín,free-tour-medellin-historico-plaza-botero,3799,Free Tour Histórico por el Centro de Medellín y Plaza Botero,https://www.tur.com/es/medellin-124/free-tour-medellin-historico-plaza-botero-3799
 Tour en Chiva Rumbera por Medellín,tour-chiva-rumbera-medellin-musica-mirador,3802,Tour en Chiva Rumbera por Medellín,https://www.tur.com/es/medellin-124/tour-chiva-rumbera-medellin-musica-mirador-3802
Tour nocturno por la Medellín bohemia,tour-bohemio-nocturno-medellin-arte,3803,Tour Nocturno: Arte y Bohemia por Medellín,https://www.tur.com/es/medellin-124/tour-bohemio-nocturno-medellin-arte-3803
Foodie tour,tour-gastronomico-centro-medellin,3795,Free Tour Gastronómico por el centro de Medellín,https://www.tur.com/es/medellin-124/tour-gastronomico-centro-medellin-3795
Free Tour Nuevos Aires,tour-nuevos-aires-medellin,4740,Tour de transformación urbana en Medellín,https://www.tur.com/es/medellin-124/tour-nuevos-aires-medellin-4740
Free Tour Laureles,tour-laureles-medellin-cafe-local,4007,Free Tour Laureles en Medellín con experiencia de café local,https://www.tur.com/es/medellin-124/tour-laureles-medellin-cafe-local-4007
Tour parques del rio en Medellín,tour-triciclo-medellin,2308,Tour parques del rio en Medellín,https://www.tur.com/es/medellin-124/tour-triciclo-medellin-2211
Alquiler de Triciclo eléctrico con guía en tour personalizado en Medellín,tour-triciclo-electrico-medellin,2310,Tour en Triciclo eléctrico en Medellín con guía personalizado,https://www.tur.com/es/medellin-124/tour-triciclo-electrico-medellin-2310
Tour por el centro de Medellín,tour-triciclo-medellin,2211,Tour por el centro de Medellín,https://www.tur.com/es/medellin-124/tour-triciclo-medellin-2211
MEDELLÍN: Pablo Escobar – Hacienda Nápoles,tour-privado-dia-completo-hacienda-napoles-desde-medellin,2768,Tour a la Hacienda Nápoles privado desde Medellín,https://www.tur.com/es/medellin-124/tour-privado-dia-completo-hacienda-napoles-desde-medellin-2768
MEDELLÍN: Graffiti Tour,tour-comuna-13-arte-urbano-metrocable-medellin,2772,Tour de arte urbano en Comuna 13 con metrocable en Medellín,https://www.tur.com/es/medellin-124/tour-comuna-13-arte-urbano-metrocable-medellin-2772
MEDELLÍN: Salsa Experience,tour-salsa-medellin,2411,MEDELLÍN: Salsa Experience,https://www.tur.com/es/medellin-124/tour-salsa-medellin-2411
MEDELLÍN: Christmas Lights Tour,tour-privado-luces-navidenas-medellin-paradas-bebida-cortesia,2757,Tour privado de luces navideñas en Medellín,https://www.tur.com/es/medellin-124/tour-privado-luces-navidenas-medellin-paradas-bebida-cortesia-2757
MEDELLÍN: Airport Transfers,traslado-aeropuerto-medellin,2372,Traslado privado desde el Aeropuerto de Medellín,https://www.tur.com/es/medellin-124/traslado-aeropuerto-medellin-2372
MEDELLÍN: Tour of the Slums,tour-comuna-13-medellin,4945,Tour privado por la Comuna 13 en Medellín,https://www.tur.com/es/medellin-124/tour-comuna-13-medellin-graffiti-metrocable-3404
MEDELLÍN: Off-Road Adventure Tour by Quad Bike,tour-en-cuatrimoto-desde-medellin,2762,Tour en cuatrimoto por senderos naturales en Medellín,https://www.tur.com/es/medellin-124/tour-en-cuatrimoto-desde-medellin-2762
MEDELLÍN: Paisa Tour,tour-privado-medellin-comuna-13-metrocable-plaza-botero,4892,Tour privado por Medellín: Conoce los sitios emblemáticos de la ciudad,https://www.tur.com/es/medellin-124/tour-privado-medellin-comuna-13-metrocable-plaza-botero-4892
Colonial Tour to Santa Fe de Antioquia,tour-colonial-santa-fe-de-antioquia-desde-medellin,4961,Excursión privada a Santa Fe de Antioquia con salida de Medellín,https://www.tur.com/es/medellin-124/tour-colonial-santa-fe-de-antioquia-desde-medellin-4961
MEDELLÍN: 2 Days Pablo Escobar Tour,tour-2-dias-pablo-escobar-guatape-piedra-del-penol,2758,"Tour de 2 días: Pablo Escobar, Guatapé y Piedra del Peñol desde Medellín",https://www.tur.com/es/medellin-124/tour-2-dias-pablo-escobar-guatape-piedra-del-penol-2758
MEDELLÍN: Turibus City Tour,city-tour-hop-on-hop-off-medellin-7-paradas,4893,City Tour Hop-On Hop-Off por Medellín con 7 paradas,https://www.tur.com/es/medellin-124/city-tour-hop-on-hop-off-medellin-7-paradas-4893
Tour Paintball Party en Medellín,tour-paintball-medellin,2318,Tour Paintball Party en Medellín,https://www.tur.com/es/medellin-124/tour-paintball-medellin-2318
Tour grupal Pablo Escobar en Medellín con Comuna 13,tour-historia-pablo-escobar-medellin,4894,Tour grupal de Pablo Escobar en Medellín con comuna 13,https://www.tur.com/es/medellin-124/tour-historia-pablo-escobar-medellin-4894
MEDELLÍN: 4-Hour Religious and Historical Tour,recorrido-religioso-e-historico-medellin-4-horas,2760,Tour religioso e histórico en Medellín,https://www.tur.com/es/medellin-124/recorrido-religioso-e-historico-medellin-4-horas-2760
MEDELLÍN: Pablo Escobar – Escape Route,tour-ruta-escape-la-catedral-medellin-envigado,2770,Tour La Catedral y ruta de escape de Pablo Escobar en Envigado desde Medellín,https://www.tur.com/es/medellin-124/tour-ruta-escape-la-catedral-medellin-envigado-2770
MEDELLÍN: Water Rafting,rafting-rio-cauca-medellin,2321,Tour de Rafting en el Río Cauca desde Medellín,https://www.tur.com/es/medellin-124/rafting-rio-cauca-medellin-2321
MEDELLÍN: Horse Rides,tour-cabalgata-ecologica-rionegro-medellin,2352,Cabalgata en Rionegro desde Medellín,https://www.tur.com/es/medellin-124/tour-cabalgata-ecologica-rionegro-medellin-2352
MEDELLÍN: Guatape & Pablo Escobar Full Day Tour,tour-pablo-escobar-piedra-penol-guatape,2337,"Tour Pablo Escobar, Guatapé y Piedra del Peñol desde Medellín",https://www.tur.com/es/medellin-124/tour-pablo-escobar-piedra-penol-guatape-2337
MEDELLÍN: Range Tour,tiro-deportivo-medellin-instructor-25-cartuchos,2771,Tiro deportivo con instructor en Medellín,https://www.tur.com/es/medellin-124/tiro-deportivo-medellin-instructor-25-cartuchos-2771
MEDELLÍN: Helicopter Tour,tour-helicoptero-medellin-panoramico,2431,Tour en Helicóptero con Vuelo Panorámico sobre Medellín,https://www.tur.com/es/medellin-124/tour-helicoptero-medellin-panoramico-2431
Express Coffee Tour,tour-de-cafe-expres-cerca-de-medellin,4966,Tour privado a finca cafetera en los alrededores de Medellín,https://www.tur.com/es/medellin-124/tour-de-cafe-expres-cerca-de-medellin-4966
MEDELLÍN: Pub Crawl Tour,tour-vida-nocturna-medellin-pub-crawl,2320,Pub crawl privado en Medellín,https://www.tur.com/es/medellin-124/tour-vida-nocturna-medellin-pub-crawl-2320
MEDELLÍN: Andes Paragliding Expereince,tour-parapente-medellin-san-felix,2343,Tour de Parapente desde el cerro San Félix en Medellín,https://www.tur.com/es/medellin-124/tour-parapente-medellin-san-felix-2343
MEDELLÍN: Metro Private Tour,tour-medellin-metro-metrocable-plaza-botero,2759,City tour en Medellín con Metro y Plaza Botero,https://www.tur.com/es/medellin-124/tour-medellin-metro-metrocable-plaza-botero-2759
MEDELLÍN: City Tour – Full Day,tour-privado-medellin-teleferico-comuna-13,4058,"City Tour privado completo por Medellín, incluye teleférico y Comuna 13",https://www.tur.com/es/medellin-124/tour-privado-medellin-teleferico-comuna-13-4058
MEDELLÍN: Cultural City & Museum Tour,tour-cultural-museos-medellin-plaza-botero,2344,Tour Privado por Museos de Medellín y Plaza Botero,https://www.tur.com/es/medellin-124/tour-cultural-museos-medellin-plaza-botero-2344
MEDELLÍN: Flower Farm & Silletero History Tour,tour-cultura-silletera-flores-santa-elena,2339,Tour Silletero y Feria de las Flores en Santa Elena desde Medellín,https://www.tur.com/es/medellin-124/tour-cultura-silletera-flores-santa-elena-2339
MEDELLÍN: Zip Line Tour,aventura-zipline-bosque-medellin,2436,MEDELLÍN: Zip Line Tour,https://www.tur.com/es/medellin-124/aventura-zipline-bosque-medellin-2436
MEDELLÍN: Tango Tour,tour-tango-medellin-historia-cultura,2755,Tango en Medellín: historia y legado,https://www.tur.com/es/medellin-124/tour-tango-medellin-historia-cultura-2755
 Tour de Comida Callejera - Street Food Tour en Medellín,tour-gastronomico-comida-callejera-medellin,4035,"Tour de comida callejera en El Poblado, Medellín",https://www.tur.com/es/medellin-124/tour-gastronomico-comida-callejera-medellin-4035
Tour del café en finca desde Medellín,experiencia-finca-cafe-cerca-medellin,4763,Tour del café en finca desde Medellín,https://www.tur.com/es/medellin-124/experiencia-finca-cafe-cerca-medellin-4763
Medellín - Tour Hacienda Nápoles - Pasaporte Premium,tour-hacienda-napoles-medellin-pasaporte-premium,5222,Tour a Hacienda Nápoles desde Medellín con pasaporte premium,https://www.tur.com/es/medellin-124/tour-hacienda-napoles-medellin-pasaporte-premium-5222
Medellín - Tour Hacienda Nápoles - Pasaporte Aventura,tour-hacienda-napoles-desde-medellin,4812,Tour a la Hacienda Nápoles Pasaporte Aventura desde Medellín,https://www.tur.com/es/medellin-124/tour-hacienda-napoles-desde-medellin-4812
Tour panorámico por Medellín,city-tour-medellin-bus-panoramico-pueblito-paisa,5292,City Tour en Bus Panorámico por Medellín,https://www.tur.com/es/medellin-124/city-tour-medellin-bus-panoramico-pueblito-paisa-5292
Graffiti 13,tour-graffiti-13-medellin,5187,Tour del Graffiti en comuna 13 de Medellín,https://www.tur.com/es/medellin-124/tour-graffiti-13-medellin-5187
Tour Nocturno,tour-nocturno-medellin,5175,Tour Nocturno por Medellín,https://www.tur.com/es/medellin-124/tour-nocturno-medellin-5175
Tour Lechero,tour-lechero-campo-antioqueno-medellin,5413,Tour por la Ruta Lechera con almuerzo desde Medellín,https://www.tur.com/es/medellin-124/tour-lechero-campo-antioqueno-medellin-5413
City Tour Plus (Graffi13 + City Tour),city-tour-medellin-comuna-13,5172,"City Tour Plus por Medellín, incluye Comuna 13 y Pueblito Paisa",https://www.tur.com/es/medellin-124/city-tour-medellin-comuna-13-5172
Tour por la Comuna 13 de Medellín con Viaje en Metrocable,tour-comuna-13-medellin-metrocable,3788,Tour por la Comuna 13 de Medellín con Metrocable,https://www.tur.com/es/medellin-124/tour-comuna-13-medellin-metrocable-3788
Tour de Café en Barrio La Sierra,tour-cafe-barrio-la-sierra-medellin,3633,Tour de café en el Barrio La Sierra en Medellín,https://www.tur.com/es/medellin-124/tour-cafe-barrio-la-sierra-medellin-3633
MEDELLIN FULL DAY CITY TOUR,tour-de-dia-completo-por-medellin-comuna-13-funicular,4758,"Tour de Día Completo por Medellín con Comuna 13, Metro y Funicular",https://www.tur.com/es/medellin-124/tour-de-dia-completo-por-medellin-comuna-13-funicular-4758
TOUR COMUNA 13,tour-comuna-13-medellin-graffiti-breakdance,4757,"Tour Comuna 13 en Medellín con Graffiti, Breakdance e Historia Local",https://www.tur.com/es/medellin-124/tour-comuna-13-medellin-graffiti-breakdance-4757
COFFEE EXPERIENCE,experiencia-cafetera-recorrido-por-cafetales-y-catacion,4759,Experiencia de café con cata desde Medellín,https://www.tur.com/es/medellin-124/experiencia-cafetera-recorrido-por-cafetales-y-catacion-4759
Tour de café,tour-cafe-medellin-experiencia-cafetera,5191,Tour del café en Sabaneta desde Medellín,https://www.tur.com/es/medellin-124/tour-cafe-medellin-experiencia-cafetera-5191
Cabo de la Vela y Punta Gallinas: La Guajira mágica en 3 días/2 noches,3-dias-cabo-de-la-vela-y-punta-gallinas-desde-palomino,2264,Tour de 3 Días a Cabo de la Vela y Punta Gallinas desde Palomino,https://www.tur.com/es/palomino-125/3-dias-cabo-de-la-vela-y-punta-gallinas-desde-palomino-2264
TUBING TECHO ROJO,tour-tubing-techo-rojo-rio-palomino,5421,Tour de Tubing Techo Rojo en Río Palomino,https://www.tur.com/es/palomino-125/tour-tubing-techo-rojo-rio-palomino-5421
Aventura Ancestral: Tubing en Río Palomino con Visita Indígena,tour-tubing-seiviaka-rio-palomino,5428,Tour de Tubing Seiviaka por el Río Palomino,https://www.tur.com/es/palomino-125/tour-tubing-seiviaka-rio-palomino-5428
Tour de Observación de Flamencos en Canoa en el Parque Natural Los Flamencos,tour-canoa-los-flamencos-la-guajira,5424,Tour en Canoa por Los Flamencos en La Guajira,https://www.tur.com/es/palomino-125/tour-canoa-los-flamencos-la-guajira-5424
Kayak - San Salvador,tour-kayak-rio-san-salvador,5417,Tour en Kayak por el Río San Salvador,https://www.tur.com/es/palomino-125/tour-kayak-rio-san-salvador-5417
Tungueka - Comunidad Kogui,tour-parque-tayrona-cabo-san-juan,5416,Tour Cultural a Tungueka y Comunidad Kogui,https://www.tur.com/es/santa-marta-130/tour-parque-tayrona-cabo-san-juan-santa-marta-2375
Santa Marta - Tubing Seiviaka: Aventura ancestral por el río Palomino,tubing-rio-palomino-visita-indigena-ancestral,2262,Tubing por el Río Palomino con Visita Indígena desde Palomino,https://www.tur.com/es/palomino-125/tubing-rio-palomino-visita-indigena-ancestral-2262
Tubing Caracoli,tour-tubing-caracoli-rio-palomino,5425,Tour de Tubing Caracolí en Río Palomino,https://www.tur.com/es/palomino-125/tour-tubing-caracoli-rio-palomino-5425
Tubing Pozo Caimán,tour-tubing-pozo-caiman-rio-palomino,5422,Tour de Tubing Pozo Caimán en Río Palomino,https://www.tur.com/es/palomino-125/tour-tubing-pozo-caiman-rio-palomino-5422
IBIZA SAI,paseo-exclusivo-san-andres-islas-mar-siete-colores,5075,"Paseo exclusivo en San Andrés, contempla el mar de siete colores desde un bar flotante",https://www.tur.com/es/san-andres-127/paseo-exclusivo-san-andres-islas-mar-siete-colores-5075
Apitour,apiturismo-san-andres-islas-colmena-didactica,5077,Apiturismo con colmena didáctica en San Andrés Islas,https://www.tur.com/es/san-andres-127/apiturismo-san-andres-islas-colmena-didactica-5077
Tour de 3 Días,tour-3-dias-san-andres-acuario-bahia-johnny-cay,5100,"Tour de 3 días en San Andrés con Acuario, Bahía y Johnny Cay",https://www.tur.com/es/san-andres-127/tour-3-dias-san-andres-acuario-bahia-johnny-cay-5100
"Servicio de Taxi (Aeropuerto-Costa Buceo, Suroeste)",traslado-en-taxi-aeropuerto-costa-buceo-suroeste,5126,Traslado en Taxi del Aeropuerto a la Costa Buceo en San Andrés,https://www.tur.com/es/san-andres-127/traslado-en-taxi-aeropuerto-costa-buceo-suroeste-5126
Alquiler de ponton Privado,alquiler-ponton-privado-san-andres-bahia,5103,Alquiler de Pontón Privado por la Bahía en San Andrés,https://www.tur.com/es/san-andres-127/alquiler-ponton-privado-san-andres-bahia-5103
Acuario y Jhony cay,acuario-haynes-cay-manglares,5111,Tour al Acuario y Haynes Cay con manglares en San Andrés,https://www.tur.com/es/san-andres-127/acuario-haynes-cay-manglares-5111
"Servicio de Taxi (Aeropuerto-San luis, Este)",servicio-taxi-aeropuerto-san-luis-este,5117,Traslado en Taxi del Aeropuerto a San Luis Este desde San Andrés,https://www.tur.com/es/san-andres-127/servicio-taxi-aeropuerto-san-luis-este-5117
Vuelta a la isla (Mini Van),tour-vuelta-a-la-isla-en-mini-van-san-andres,5109,Tour Vuelta a la Isla en Mini Van por San Andrés,https://www.tur.com/es/san-andres-127/tour-vuelta-a-la-isla-en-mini-van-san-andres-5109
Caminata Submarina,caminata-submarina-cove-west-view-escafandra,5076,Caminata submarina con escafandra en Cove West View,https://www.tur.com/es/san-andres-127/caminata-submarina-cove-west-view-escafandra-5076
Caribbean night,noche-caribena-musica-en-vivo-cove,5084,Noche Caribeña con música en vivo en Paradise Farm Cove San Andrés,https://www.tur.com/es/san-andres-127/noche-caribena-musica-en-vivo-cove-5084
Horseback Riding Ecological Route 2hr,cabalgata-ruta-ecologica-2-horas-zona-rural,5104,Cabalgata Ecológica al Mirador Hill Top desde San Andrés,https://www.tur.com/es/san-andres-127/cabalgata-ruta-ecologica-2-horas-zona-rural-5104
Rondón Tour «Preparación de Comida Típica» 1-3 pax,tour-gastronomico-rondon-san-andres,5116,Tour gastronómico de Rondón en San Andrés con cocina en vivo,https://www.tur.com/es/san-andres-127/tour-gastronomico-rondon-san-andres-5116
Alquiler de jetski ,jetski-san-andres,5127,Alquiler de moto de agua en San Andrés,https://www.tur.com/es/san-andres-127/jetski-san-andres-5127
Horseback Riding Beach Route 1hr,disfruta-una-cabalgata-ruta-playa-en-san-andres-islas-con-recorrido-por-zona-rural-playa-y-entorno-natural-en-una-experiencia-de-1-hora,5089,Cabalgata por Zona Rural y Playa Tom Hooker en San Andrés Islas,https://www.tur.com/es/san-andres-127/disfruta-una-cabalgata-ruta-playa-en-san-andres-islas-con-recorrido-por-zona-rural-playa-y-entorno-natural-en-una-experiencia-de-1-hora-5089
Servicio de Taxi (Aeropuerto-Centro),traslado-aeropuerto-centro-servicio-privado,5074,Traslado privado del Aeropuerto al Sector Centro en San Andrés,https://www.tur.com/es/san-andres-127/traslado-aeropuerto-centro-servicio-privado-5074
Tour Vuelta a la isla (Chiva),tour-vuelta-a-la-isla-en-chiva-san-andres,5122,Vuelta a la Isla de San Andrés en Chiva,https://www.tur.com/es/san-andres-127/tour-vuelta-a-la-isla-en-chiva-san-andres-5122
Sala de Exhibición Marina The persistence,sala-exhibicion-marina-interactiva-san-andres,5114,Entrada al Museo Interactivo Pirata The Persistence en San Andrés,https://www.tur.com/es/san-andres-127/sala-exhibicion-marina-interactiva-san-andres-5114
" Servicio de taxi (Aeropuerto-Loma Cove, Oeste)",traslado-taxi-aeropuerto-loma-cove-oeste,5128,"Traslado en Taxi del Aeropuerto a Loma, Cove y Zona Oeste en San Andrés",https://www.tur.com/es/san-andres-127/traslado-taxi-aeropuerto-loma-cove-oeste-5128
Snuba,snuba-san-andres-experiencia-submarina,5113,Snuba en San Andrés Isla,https://www.tur.com/es/san-andres-127/snuba-san-andres-experiencia-submarina-5113
" Servicio de Taxi (Aeropuerto- Hoyo Soplador, Sureste)",traslado-aeropuerto-hoyo-soplador-sureste,5120,Traslado entre Aeropuerto y Hoyo Soplador Sureste,https://www.tur.com/es/san-andres-127/traslado-aeropuerto-hoyo-soplador-sureste-5120
Bautismo de Buceo,bautismo-buceo-san-andres,5110,Bautismo de buceo en San Andrés,https://www.tur.com/es/san-andres-127/bautismo-buceo-san-andres-5110
CocoART Coconut handcrafts,arte-palma-de-coco-cultura-islena,5115,Coco Art: Taller de Tejido en Palma de Coco en el Sector Cove en San Andrés,https://www.tur.com/es/san-andres-127/arte-palma-de-coco-cultura-islena-5115
Tour en Bicicleta (Extremo),tour-en-bicicleta-extremo-en-san-andres,5123,Tour en Bicicleta de Montaña en San Andrés,https://www.tur.com/es/san-andres-127/tour-en-bicicleta-extremo-en-san-andres-5123
Semi-submarine,tour-semi-submarino-spratt-bight-mar-de-los-7-colores,5080,Tour en semisubmarino en Spratt Bight en San Andrés,https://www.tur.com/es/san-andres-127/tour-semi-submarino-spratt-bight-mar-de-los-7-colores-5080
Live like a fisherman of the mangroves rout,tour-manglares-experiencia-natural,4996,Experiencia en Manglares como pescador local,https://www.tur.com/es/san-andres-127/tour-manglares-experiencia-natural-4996
San Agustín: Tour anillo turístico privado,tour-privado-anillo-turistico-san-agustin-cascadas,2213,Tour privado por el Anillo Turístico de San Agustín con cascadas,https://www.tur.com/es/san-agustin-129/tour-privado-anillo-turistico-san-agustin-cascadas-2213
anillo turistico,tour-grupal-anillo-turistico-san-agustin,2212,Tour compartido al Anillo Turístico de San Agustín,https://www.tur.com/es/san-agustin-129/tour-grupal-anillo-turistico-san-agustin-2212
Recorrido San Agustín ancestral,tour-ancestral-arqueologico-san-agustin-chaquira,2373,Tour arqueológico privado a La Chaquira en San Agustín,https://www.tur.com/es/san-agustin-129/tour-ancestral-arqueologico-san-agustin-chaquira-2373
MONTAÑA LA MANO DEL GIGANTE,tour-mano-del-gigante-neiva-huila,5060,Excursión al mirador Mano del Gigante con salida de Neiva,https://www.tur.com/es/san-agustin-129/tour-mano-del-gigante-neiva-huila-5060
RUTA MAGICA DEL CAFÉ ,ruta-del-cafe-huila-2-dias-desde-neiva,5062,Ruta Mágica del Café de dos días en Huila desde Neiva,https://www.tur.com/es/san-agustin-129/ruta-del-cafe-huila-2-dias-desde-neiva-5062
Tour Lancha Neiva,tour-lancha-neiva-rio-magdalena,5057,Tour en Lancha por Neiva con Ruta Ecológica en el Río Magdalena,https://www.tur.com/es/san-agustin-129/tour-lancha-neiva-rio-magdalena-5057
RUTA DEL QUESILLO YAGUAREÑO ,ruta-del-quesillo-yaguareno-y-ruta-tumburagua-desde-neiva,5050,Ruta del Quesillo Yaguareño y Ruta Tumburagua desde Neiva,https://www.tur.com/es/san-agustin-129/ruta-del-quesillo-yaguareno-y-ruta-tumburagua-desde-neiva-5050
TOURS EMBRUJO DE LA JAGUA,tour-embrujo-de-la-jagua-garzon-balcon-del-huila,5051,Tour Embrujo de La Jagua con Garzón y Balcón del Huila desde Nevia,https://www.tur.com/es/san-agustin-129/tour-embrujo-de-la-jagua-garzon-balcon-del-huila-5051
PARQUE ARQUEOLOGICO TIERRADENTRO,tour-parque-arqueologico-tierradentro-desde-neiva,5144,Tour Parque Arqueológico Tierradentro desde Neiva,https://www.tur.com/es/san-agustin-129/tour-parque-arqueologico-tierradentro-desde-neiva-5144
PAICOL AVENTURA,tour-paicol-aventura-desde-neiva,5052,Tour Paicol Aventura desde Neiva,https://www.tur.com/es/san-agustin-129/tour-paicol-aventura-desde-neiva-5052
MEDIA JORNADA TOURSDESIERTO TATACOA,tour-desierto-de-la-tatacoa-media-jornada,5054,Tour Desierto de la Tatacoa Media Jornada,https://www.tur.com/es/san-agustin-129/tour-desierto-de-la-tatacoa-media-jornada-5054
CITY TOURS NEIVA,city-tour-neiva-cultural-miradores,5066,City Tour en Neiva con Visita Cultural y Miradores,https://www.tur.com/es/san-agustin-129/city-tour-neiva-cultural-miradores-5066
PARQUE ARQUEOLOGICO SAN AGUSTIN,tour-parque-arqueologico-san-agustin-desde-neiva,5049,Tour al Parque Arqueológico San Agustín desde Neiva,https://www.tur.com/es/san-agustin-129/tour-parque-arqueologico-san-agustin-desde-neiva-5049
Cuidad perdida 5 días,trekking-ciudad-perdida-santa-marta,5087,Trekking a Ciudad Perdida en la Sierra Nevada  5 días y 4 noches desde Santa Marta,https://www.tur.com/es/santa-marta-130/trekking-ciudad-perdida-santa-marta-3801
"Entre bosques, 3 días y 2 noches",trekking-bunkuany-santa-marta-comunidad-tayku,5223,Trekking a Bunkuany de 2 días con comunidad indígena desde Santa Marta,https://www.tur.com/es/santa-marta-130/trekking-bunkuany-santa-marta-comunidad-tayku-5223
Cuidad Perdida 4 días,trekking-ciudad-perdida-sierra-nevada-desde-santa-marta,5082,Trekking a Ciudad Perdida en la Sierra Nevada 4 días y 3 noches desde Santa Marta,https://www.tur.com/es/santa-marta-130/trekking-ciudad-perdida-sierra-nevada-desde-santa-marta-5082
Excursión a las playas Cinto y Cristal,tour-playa-cinto-playa-cristal-tayrona-santa-marta,5045,Tour a Playa Cinto y Playa Cristal en Tayrona desde Santa Marta,https://www.tur.com/es/santa-marta-130/tour-playa-cinto-playa-cristal-tayrona-santa-marta-5045
Pasadia Club pirvado Calderon Beach,playa-privada-calderon-beach-santa-marta,2427,Calderón Beach Club: pasadía en playa privada en lancha desde Santa Marta,https://www.tur.com/es/santa-marta-130/playa-privada-calderon-beach-santa-marta-2427
Santa Marta: AVENTURA TAYRONA EN BUGGY,tour-buggy-parque-tayrona-playa-cristal-santa-marta,2414,Playa Cristal en Buggy por el Parque Tayrona desde Santa Marta,https://www.tur.com/es/santa-marta-130/tour-buggy-parque-tayrona-playa-cristal-santa-marta-2414
Santa Marta desde el Mar en Pontón de Lujo,navegacion-ponton-lujo-bahia-playas-santa-marta,2421,Playas de la Bahía de Santa Marta en Pontón,https://www.tur.com/es/santa-marta-130/navegacion-ponton-lujo-bahia-playas-santa-marta-2421
PARQUE TAYRONA SECTOR PLAYA CRISTAL,excursion-playa-cristal-parque-tayrona-desde-barranquilla-o-santa-marta,3774,Excursión a Playa Cristal en Parque Tayrona desde Santa Marta o Barranquilla,https://www.tur.com/es/santa-marta-130/excursion-playa-cristal-parque-tayrona-desde-barranquilla-o-santa-marta-3774
Buceo PADI Nivel 1,curso-padi-aguas-abiertas-taganga,2278,Curso PADI Open Water en Taganga con Inmersiones en Tayrona,https://www.tur.com/es/santa-marta-130/curso-padi-aguas-abiertas-taganga-2278
Doble Buceo,buceo-doble-tayrona,2295,Buceo con Dos Inmersiones en el Parque Tayrona desde Taganga,https://www.tur.com/es/santa-marta-130/buceo-doble-tayrona-2295
PADI Bucea de descubrimiento,buceo-descubrimiento-taganga-tayrona,2333,Bautismo de Buceo en el Parque Tayrona desde Santa Marta,https://www.tur.com/es/santa-marta-130/buceo-descubrimiento-taganga-tayrona-2333
PADI Avanzado nivel 2,curso-padi-avanzado-nivel-2-tayrona,2307,Curso PADI Advanced en el Parque Tayrona desde Santa Marta,https://www.tur.com/es/santa-marta-130/curso-padi-avanzado-nivel-2-tayrona-2307
Parque Tayrona,tour-parque-tayrona-cabo-san-juan,5415,Tour al Parque Tayrona con Caminata a Cabo San Juan,https://www.tur.com/es/santa-marta-130/tour-parque-tayrona-cabo-san-juan-santa-marta-2375
Santa Marta - Parque natural nacional Los Flamingos,tour-observacion-flamencos-parque-nacional-los-flamencos,2263,Tour de Observación de Flamencos en Canoa en el Parque Natural Los Flamencos,https://www.tur.com/es/santa-marta-130/tour-observacion-flamencos-parque-nacional-los-flamencos-2263
Santa Marta: Aventura en Taganga - Full day,tour-aventura-snorkel-taganga-kayak-santa-marta,2244,Tour de Aventura y Snorkel en Taganga con Kayak y Mercado Samario,https://www.tur.com/es/santa-marta-130/tour-aventura-snorkel-taganga-kayak-santa-marta-2244
BIKE TOUR TAGANGA / SISIGUACA,tour-bicicleta-kayak-snorkel-taganga-sisiguaca,2242,"Tour en Bicicleta, Kayak y Snorkel en Taganga y la Bahía de Sisiguaca",https://www.tur.com/es/santa-marta-130/tour-bicicleta-kayak-snorkel-taganga-sisiguaca-2242
CITY TOUR EN BICICLETA POR CENTRO HISTÓRICO,tour-en-bicicleta-santa-marta-centro-historico,2241,Tour grupal en bicicleta por el centro histórico de Santa Marta,https://www.tur.com/es/santa-marta-130/tour-en-bicicleta-santa-marta-centro-historico-2241
 MINCA CASCADA MARINKA Y HOSTEL SIERRA MINCA (Desde Minca),tour-cascada-marinka-sierra-minca,5329,Cascada Marinka y Sierra Minca en 4x4 desde Santa Marta o Minca,https://www.tur.com/es/santa-marta-130/tour-cascada-marinka-sierra-minca-5329
Playa Blanca Aquarium Experience,tour-acuario-playa-blanca-santa-marta,2499,Tour al Acuario y Playa Blanca en Santa Marta,No encontrada
Tour 3 Cascadas y Taller de Cacao,tour-3-cascadas-cacao-minca,5335,Tour 3 Cascadas y Taller de Cacao en Minca,https://www.tur.com/es/santa-marta-130/tour-3-cascadas-cacao-minca-5335
Traslado en Lancha Parque Tayrona (Transportation by boat tayrona park) cabo san juan,traslado-lancha-cabo-san-juan-parque-tayrona,2487,Traslado en Lancha a Cabo San Juan desde Santa Marta,https://www.tur.com/es/santa-marta-130/traslado-lancha-cabo-san-juan-parque-tayrona-2487
"Tour Cascada Escondida, Taller de cacao y Mirador",tour-cascada-escondida-cacao-minca,5324,Tour a Cascada Escondida y Taller de Cacao en Minca,https://www.tur.com/es/santa-marta-130/tour-cascada-escondida-cacao-minca-5324
Buritaca Experience,tour-tubing-rio-buritaca-santa-marta,2425,Tour de Tubing en el Río Buritaca con Playa y Almuerzo Típico desde Santa Marta,No encontrada
MINCA - TOUR ENTRE NUBES CERRO KENNEDY - EL RAMO - SAN LORENZO (Desde Santa Marta),tour-amanecer-cerro-kennedy-santa-marta,5327,Excursión al Cerro Kennedy: amanecer en la Sierra Nevada desde Santa Marta o Minca,https://www.tur.com/es/santa-marta-130/tour-amanecer-cerro-kennedy-santa-marta-5327
Tayronaka Don Diego Experience + Los Ángeles Beach,tour-tayronaka-tubing-playa-los-angeles-santa-marta,2488,Experiencia Cultural Tayronaka y Playa Los Ángeles,No encontrada
"MINCA TOUR DE CAFÉ, CACAO Y CASCADA (Desde Santa Marta)",tour-cafe-cacao-cascada-minca,4802,"Tour a Minca: Café, Cacao y Cascada Escondida desde Santa Marta",https://www.tur.com/es/santa-marta-130/tour-cafe-cacao-cascada-minca-4802
Tayrona Park-Bay Concha,tour-bahia-concha-parque-tayrona-almuerzo-incluido,2379,Tour a Bahía Concha en el Parque Tayrona con Almuerzo desde Santa Marta,https://www.tur.com/es/santa-marta-130/tour-bahia-concha-parque-tayrona-almuerzo-incluido-2379
Lost City Experience (Ciudad Perdida),trekking-ciudad-perdida-4-dias-sierra-nevada,2489,Trekking a Ciudad Perdida 4 Días en la Sierra Nevada desde Santa Marta,https://www.tur.com/es/santa-marta-130/trekking-ciudad-perdida-4-dias-sierra-nevada-2489
Traslado en Lancha Playa Cinto (Boat transfer Playa Cinto),traslado-lancha-playa-cinto-tayrona-santa-marta,2380,Traslado en Lancha a Playa Cinto en el Parque Tayrona desde Santa Marta,https://www.tur.com/es/santa-marta-130/traslado-lancha-playa-cinto-tayrona-santa-marta-2380
Tour de Tubing en el Río Buritaca con Playa y Almuerzo Típico desde Santa Marta,tour-buritaca-tubing-almuerzo-santa-marta,5345,Tour a Buritaca con tubing y almuerzo desde Santa Marta,No encontrada
Lost City Bunkuany Tayrona (Ciudad Perdida Bunkuany Tayrona),tour-bunkuany-tayrona-caminata-santa-marta,5346,Tour a Bunkuany Tayrona con caminata desde Santa Marta,No encontrada
Cascada Marinka y Hostel Sierra Minca.,tour-minca-cascada-marinka-santa-marta,2424,"Tour ecológico y cultural a Minca, la capital verde de la Sierra Nevada",No encontrada
taganga experience (Playa Grande),tour-playa-grande-taganga-santa-marta,2930,Tour grupal a Playa Grande y Taganga desde Santa Marta,No encontrada
Traslado en Lancha Playa Cristal (Boat transfer  Cristal Beach),traslado-lancha-playa-cristal-santa-marta,2485,Traslado en Lancha a Playa Cristal desde Santa Marta,https://www.tur.com/es/santa-marta-130/traslado-lancha-playa-cristal-santa-marta-2485
Traslado en lancha Playa Cinto-Playa Cristal (Boat transfer Cinto Beach- Cristal Beach),traslado-lancha-playa-cinto-playa-cristal-tayrona,2486,Traslado en Lancha a Playa Cinto y Playa Cristal,https://www.tur.com/es/santa-marta-130/traslado-lancha-playa-cinto-playa-cristal-tayrona-2486
MINCA EL TOUR DE LOS CANTOS - AVISTAMIENTOS DE AVES,tour-avistamiento-aves-minca-desde-santa-marta,4788,Tour de Avistamiento de Aves en Minca desde Santa Marta,https://www.tur.com/es/santa-marta-130/tour-avistamiento-aves-minca-desde-santa-marta-4788
Tayrona Park-Cristal beach,tour-playa-cristal-parque-tayrona-santa-marta,2377,Excursión a Playa Cristal en el Parque Tayrona desde Santa Marta,https://www.tur.com/es/santa-marta-130/tour-playa-cristal-parque-tayrona-santa-marta-2377
Tayrona Park-Cabo San Juan,tour-parque-tayrona-cabo-san-juan-santa-marta,2375,Trekking al Parque Tayrona y Cabo San Juan desde Santa Marta,https://www.tur.com/es/santa-marta-130/tour-parque-tayrona-cabo-san-juan-santa-marta-2375
Velero Anna Lezah Privado,tour-velero-bahia-concha-santa-marta,5094,Tour privado en velero a Bahía Concha desde Santa Marta,https://www.tur.com/es/santa-marta-130/tour-velero-bahia-concha-santa-marta-5094
ATARDECER EN VELERO SONATA,atardecer-velero-santa-marta-taganga,72,Atardecer en velero Sonata en Santa Marta con visita a Taganga,https://www.tur.com/es/santa-marta-130/atardecer-velero-santa-marta-taganga-72
Fiesta Blanca - Katamaran Tayrona,fiesta-catamaran-nocturna-santa-marta,2516,Fiesta Nocturna en Catamarán y Playa en Santa Marta,https://www.tur.com/es/santa-marta-130/fiesta-catamaran-nocturna-santa-marta-2516
Buritaca,excursion-buritaca-desde-santa-marta,4967,Excursión a Buritaca desde Santa Marta,https://www.tur.com/es/santa-marta-130/excursion-buritaca-desde-santa-marta-4967
Tour Bahías de Santa Marta,tour-bahias-santa-marta-catamaran-inca-inca,5025,Tour marítimo por las bahías de Santa Marta con Inca Inca,https://www.tur.com/es/santa-marta-130/tour-bahias-santa-marta-catamaran-inca-inca-5025
Parque Tayrona - Cabo San Juan (Terrestre),tour-terrestre-cabo-san-juan-parque-tayrona-desde-santa-marta,5021,Tour a Cabo San Juan en el Parque Tayrona vía terrestre desde Santa Marta,https://www.tur.com/es/santa-marta-130/tour-terrestre-cabo-san-juan-parque-tayrona-desde-santa-marta-5021
Minca - Taganga,tour-minca-taganga-desde-santa-marta-playa-grande,4990,Tour a Minca y Taganga desde Santa Marta con Playa Grande,https://www.tur.com/es/santa-marta-130/tour-minca-taganga-desde-santa-marta-playa-grande-4990
Parque Tayrona - Bahía Concha (Terrestre),tour-bahia-concha-parque-tayrona-via-terrestre,4988,Tour a Bahía Concha en el Parque Tayrona desde Santa Marta,https://www.tur.com/es/santa-marta-130/tour-bahia-concha-parque-tayrona-via-terrestre-4988
Parque Tayrona - Playa Cristal (Terrestre),tour-terrestre-playa-cristal-parque-tayrona-desde-santa-marta,5024,Tour a Playa Cristal en el Parque Tayrona vía terrestre desde Santa Marta,https://www.tur.com/es/santa-marta-130/tour-terrestre-playa-cristal-parque-tayrona-desde-santa-marta-5024
Palomino,tour-palomino-rio-playa-desde-santa-marta,4989,Tour a Palomino con Río y Playa desde Santa Marta,https://www.tur.com/es/santa-marta-130/tour-palomino-rio-playa-desde-santa-marta-4989
Parque Tayrona,tour-parque-tayrona-santa-marta,3804,Tour al Parque Tayrona desde Santa Marta,https://www.tur.com/es/santa-marta-130/tour-parque-tayrona-santa-marta-3804
Ciudad Perdida,trekking-ciudad-perdida-santa-marta,3801,Trekking a Ciudad Perdida de 4 días desde Santa Marta,https://www.tur.com/es/santa-marta-130/trekking-ciudad-perdida-santa-marta-3801
MINCA,tour-cascada-escondida-cafe-minca,3796,Tour por Minca con Cascada Escondida y café desde Santa Marta,https://www.tur.com/es/santa-marta-130/tour-cascada-escondida-cafe-minca-3796
"City Tour: Histórico, Gastronômico e Cultural",city-tour-historico-gastronomico-cultural-fortaleza,5351,"City tour histórico, gastronómico y cultural en Fortaleza",https://www.tur.com/es/santa-marta-130/city-tour-historico-gastronomico-cultural-fortaleza-5351
"Tour Private to Tayrona Park, the Cañaveral sector, Reefs, Arenilla and Cabo San Juan",senderismo-parque-nacional-tayrona-cabo-san-juan,4998,Senderismo en Parque Nacional Tayrona y Cabo San Juan,https://www.tur.com/es/santa-marta-130/senderismo-parque-nacional-tayrona-cabo-san-juan-4998
Descubre la cultura indígena viva en Ciudad Perdida (Santa Marta),trekking-ciudad-perdida-5-dias-santa-marta,2401,Trekking a Ciudad Perdida 5 Días desde Santa Marta,https://www.tur.com/es/santa-marta-130/trekking-ciudad-perdida-5-dias-santa-marta-2401
2 DÍAS EN HUANCAYA(RESERVAPAISAJISTICA NORYAUYOS COCHAS),tour-de-2-huancaya-lima,5278,Tour de 2 días a Reserva Paisajística Nor Yauyos-Cochas desde Lima con lagunas y cascadas,https://www.tur.com/es/lima-131/tour-de-2-huancaya-lima-5278
Tour Isla Ballestas Oasis de Huacachina 1 día,tour-islas-ballestas-huacachina-desde-lima,5252,Tour de 1 día en Islas Ballestas y Oasis Huacachina desde Lima,https://www.tur.com/es/lima-131/tour-islas-ballestas-huacachina-desde-lima-5252
Cordillera La Viuda – Canta | Full day | Lima,tour-cordillera-la-viuda-canta-full-day-lima,4946,Tour Cordillera La Viuda y Canta Full Day desde Lima,https://www.tur.com/es/lima-131/tour-cordillera-la-viuda-canta-full-day-lima-4946
Free walking tour por Barranco,free-walking-tour-barranco-lima,4943,Free walking tour por Barranco,https://www.tur.com/es/lima-131/free-walking-tour-barranco-lima-4943
Free tour por el centro de Lima,free-walking-tour-centro-lima,4938,Free tour por el centro de Lima,https://www.tur.com/es/lima-131/free-walking-tour-centro-lima-4938
Tour Bohemio por Barranco con cena y degustación de bebidas,tour-bohemio-barranco-lima-nocturno,82,Tour Bohemio por Barranco con cena y degustación de bebidas,https://www.tur.com/es/lima-131/tour-bohemio-barranco-lima-nocturno-82
City Tour desde el Aeropuerto de Lima con Centro Histórico,city-tour-aeropuerto-lima-centro-historico,80,City Tour desde el Aeropuerto de Lima con Centro Histórico,https://www.tur.com/es/lima-131/city-tour-aeropuerto-lima-centro-historico-80
Tour por Pachacamac y Exhibición de Caballos Peruanos de Paso en Lima,tour-pachacamac-caballos-paso-lima,5263,Tour por Pachacamac y Exhibición de Caballos Peruanos de Paso en Lima,https://www.tur.com/es/lima-131/tour-pachacamac-caballos-paso-lima-5263
Visita guiada por el Museo Larco Herrera,city-tour-lima-museo-larco-centro-historico,4976,Visita al Museo Larco en Lima ,https://www.tur.com/es/lima-131/city-tour-lima-museo-larco-centro-historico-4976
City Tour Sabores de barrio,tour-gastronomico-callejero-en-lima-con-degustaciones-locales,4994,Tour Gastronómico Nocturno por Lima con Degustaciones Locales,https://www.tur.com/es/lima-131/tour-gastronomico-callejero-en-lima-con-degustaciones-locales-4994
Tour al Circuito Mágico del Agua en Lima,tour-circuito-magico-del-agua-lima,85,Tour al Circuito Mágico del Agua en Lima,https://www.tur.com/es/lima-131/tour-circuito-magico-del-agua-lima-85
"Tour a Paracas, Ica y Huacachina desde Lima",excursion-paracas-ica-ballestas-huacachina-lima,83,"Tour a Paracas, Ica y Huacachina desde Lima",https://www.tur.com/es/lima-131/excursion-paracas-ica-ballestas-huacachina-lima-83
Tour al Santuario Arqueológico de Pachacamac desde Lima,tour-pachacamac-desde-lima,81,Tour al Santuario Arqueológico de Pachacamac desde Lima,https://www.tur.com/es/lima-131/tour-pachacamac-desde-lima-81
Tour por Lima y Museo de Oro del Perú,tour-lima-museo-oro-entradas-incluidas,5427,Tour por Lima y Museo de Oro del Perú,https://www.tur.com/es/lima-131/tour-lima-museo-oro-entradas-incluidas-5427
City Tour panorámico por Lima colonial y moderna,descubre-lima-colonial-y-moderna,79,City Tour por Lima con ingreso a San Francisco,https://www.tur.com/es/lima-131/descubre-lima-colonial-y-moderna-79
Paracas ica + Islas ballestas full,tour-islas-ballestas-ica-huacachina-desde-lima,5276,"Tour Islas Ballestas, Ica y Huacachina desde Lima",https://www.tur.com/es/lima-131/tour-islas-ballestas-ica-huacachina-desde-lima-5276
Tour por Callao y Fortaleza Real Felipe,tour-historico-callao-real-felipe-museo-naval,4991,Tour por Callao y Fortaleza Real Felipe desde Lima,https://www.tur.com/es/lima-131/tour-historico-callao-real-felipe-museo-naval-4991
City Tour: Entre malecones y callejones de Chorrillos y Barranco,tour-chorrillos-barranco-lima,4995,Tour guiado por Chorrillos y Barranco en Lima,https://www.tur.com/es/lima-131/tour-chorrillos-barranco-lima-4995
"Tour a Paracas, Huacachina y atardecer en el oasis",full-day-ica-paracas-islas-ballestas-huacachina,5291,Full Day Ica y Paracas con Islas Ballestas desde Lima,https://www.tur.com/es/lima-131/full-day-ica-paracas-islas-ballestas-huacachina-5291
Recorriendo la Costa Verde en Bicicleta,tour-bicicleta-morro-solar-costa-verde-lima,4743,Tour en bicicleta por el barrio bohemio y el Morro de Chorrillos,https://www.tur.com/es/lima-131/tour-bicicleta-morro-solar-costa-verde-lima-4743
Enamórate de Barranco,tour-bicicleta-miraflores-barranco-lima-atardecer,4742,Tour en Bicicleta por Miraflores y Barranco en Lima,https://www.tur.com/es/lima-131/tour-bicicleta-miraflores-barranco-lima-atardecer-4742
Historia y cultura en cada esquina,tour-bicicleta-centro-historico-lima-patrimonio-unesco,4745,Tour en Bicicleta por el Centro Histórico de Lima y Damero de Pizarro,https://www.tur.com/es/lima-131/tour-bicicleta-centro-historico-lima-patrimonio-unesco-4745
Tour por Villa El Salvador,tour-cultural-villa-el-salvador-lima,5193,Tour cultural por Villa El Salvador en Lima,https://www.tur.com/es/lima-131/tour-cultural-villa-el-salvador-lima-5193
Tour por el Mercado de Brujas de Gamarra,tour-mercado-de-brujas-de-gamarra,5194,Tour Mercado de Brujas de Gamarra en Lima,https://www.tur.com/es/lima-131/tour-mercado-de-brujas-de-gamarra-5194
Taller de ceviche en Lima y pisco Sour,clase-ceviche-pisco-sour-miraflores-lima,5203,Taller de ceviche y pisco sour en Lima,https://www.tur.com/es/lima-131/clase-ceviche-pisco-sour-miraflores-lima-5203
Tour del vino por Lima,tour-del-vino-lima-catas-surco-barranco,5282,Tour del vino en Lima con catas y visita a Surco y Barranco,https://www.tur.com/es/lima-131/tour-del-vino-lima-catas-surco-barranco-5282
Excursión a los Pantanos de Villa,excursion-pantanos-de-villa-lima,5195,Excursión a Pantanos de Villa en Lima con observación de aves,https://www.tur.com/es/lima-131/excursion-pantanos-de-villa-lima-5195
 Trekking por el Nevado Rajuntay,trekking-nevado-rajuntay-desde-lima,5003,Trekking al Nevado Rajuntay desde Lima Tour de Alta Montaña,https://www.tur.com/es/lima-131/trekking-nevado-rajuntay-desde-lima-5003
Tour de comida callejera en Lima,tour-gastronomico-lima-street-food-centro-historico,5017,City tour y Tour de comida callejera en Lima,https://www.tur.com/es/lima-131/tour-gastronomico-lima-street-food-centro-historico-5017
 Contrastes de Lima,tour-contrastes-lima-rimac-centro-historico,5010,Tour de contrastes por Lima con Rímac y Centro Histórico,https://www.tur.com/es/lima-131/tour-contrastes-lima-rimac-centro-historico-5010
Excursión a Huaral y lomas de Lachay,tour-lomas-de-lachay-huaral-desde-lima,5006,Tour Lomas de Lachay y Huaral desde Lima con experiencia rural,https://www.tur.com/es/lima-131/tour-lomas-de-lachay-huaral-desde-lima-5006
Trekking por el Nevado Raura + Baños termales de Churín,excursion-cordillera-raura-churin-desde-lima,5005,Excursión Cordillera de Raura y Baños Termales de Churín desde Lima,https://www.tur.com/es/lima-131/excursion-cordillera-raura-churin-desde-lima-5005
Excursión a Caral y Bandurria,tour-caral-bandurria-desde-lima,5014,Tour arqueológico a Caral y Bandurria desde Lima,https://www.tur.com/es/lima-131/tour-caral-bandurria-desde-lima-5014
Taller de cocina en Lima: Prepara los platos más populares,clase-cocina-peruana-lima-lomo-saltado-causa,5016,Clase de Cocina Peruana en Lima con Lomo Saltado y Causa,https://www.tur.com/es/lima-131/clase-cocina-peruana-lima-lomo-saltado-causa-5016
Cordillera de la Viuda,tour-cordillera-la-viuda-lagunas-cascadas-desde-lima,5007,Tour Cordillera La Viuda con Lagunas y Cascadas desde Lima,https://www.tur.com/es/lima-131/tour-cordillera-la-viuda-lagunas-cascadas-desde-lima-5007
Excursión a Huancaya en autobus nocturno,excursion-huancaya-desde-lima-lagunas-cascadas,5012,Excursión en autobus nocturno a Huancaya desde Lima ,https://www.tur.com/es/lima-131/excursion-huancaya-desde-lima-lagunas-cascadas-5012
Excursion a Huaral y Castillo de Chancay,excursion-huaral-castillo-de-chancay-ecotruly,5011,Excursión a Huaral y Castillo de Chancay con Eco Truly,https://www.tur.com/es/lima-131/excursion-huaral-castillo-de-chancay-ecotruly-5011
Tour en patinete por Miraflores,tour-scooter-electrico-miraflores,5041,Tour en scooter eléctrico por Miraflores,https://www.tur.com/es/lima-131/tour-scooter-electrico-miraflores-5041
free food tour: Descubre los sabores de Lima a pie,free-food-tour-lima-centro-barrio-chino,5015,Free Food Tour Gastronómico en Lima Centro y Barrio Chino,https://www.tur.com/es/lima-131/free-food-tour-lima-centro-barrio-chino-5015
Senderismo y rapel en el cañon de Autisha,tour-canon-de-autisha-desde-lima-con-rapel,5009,Tour Cañón de Autisha desde Lima con rápel y cascada subterránea,https://www.tur.com/es/lima-131/tour-canon-de-autisha-desde-lima-con-rapel-5009
Lima Colonial + Circuito Mágico del agua,city-tour-lima-catacumbas-circuito-magico-agua,5013,City Tour en Lima y Circuito Mágico del Agua,https://www.tur.com/es/lima-131/city-tour-lima-catacumbas-circuito-magico-agua-5013
Excursión al Cañón de Shutco y la Laguna Cochapampa en autobús nocturno,excursion-canon-shutco-laguna-cochapampa-lima,5004,Excursión Cañón de Shutco y Laguna Cochapampa en bus nocturno desde Lima,https://www.tur.com/es/lima-131/excursion-canon-shutco-laguna-cochapampa-lima-5004
Excursión a San Mateo de Otao,excursion-san-mateo-otao-lima-trekking-aventura,5002,Excursión a San Mateo de Otao con trekking y aventura desde Lima,https://www.tur.com/es/lima-131/excursion-san-mateo-otao-lima-trekking-aventura-5002
Tour por Ica y la laguna de Huacachina desde Lima,excursion-huacachaina,2,Tour por Ica y la laguna de Huacachina desde Lima,https://www.tur.com/es/lima-131/excursion-huacachaina-2
Paseo en barco a las Islas Palomino desde Lima Perú,paseo-barco-islas-palomino-lima,56,Paseo en barco a las Islas Palomino desde Lima Perú,https://www.tur.com/es/lima-131/paseo-barco-islas-palomino-lima-56
City tour cultural por Lima con Centro Histórico y Santo Domingo,city-tour-cultural-lima,54,City tour cultural por Lima con Centro Histórico y Santo Domingo,https://www.tur.com/es/lima-131/city-tour-cultural-lima-54
Tour Puntos Obligados en Lima: Museo Larco y Centro Histórico,tour-lima-museo-larco-centro-historico,60,City Tour por el Centro Histórico de Lima y Museo Larco,https://www.tur.com/es/lima-131/tour-lima-museo-larco-centro-historico-60
"Tour privado a Ica, Huacachina y viñedos desde Lima",tour-privado-ica-huacachina-lima,53,"Tour privado a Ica, Huacachina y viñedos desde Lima",https://www.tur.com/es/lima-131/tour-privado-ica-huacachina-lima-53
Tour por las casas coloniales de Lima,tour-casas-coloniales-lima,5394,Tour por Casas Coloniales del Centro Histórico de Lima,https://www.tur.com/es/lima-131/tour-casas-coloniales-lima-5394
Experiencia Cultural en Callao y La Punta desde Lima,tour-callao-monumental-la-punta-lima,55,Tour por Callao Monumental y La Punta con visita a artista local,https://www.tur.com/es/lima-131/tour-callao-monumental-la-punta-lima-55
Tour por Pachacamac y Circuito Histórico de Lima,tour-pachacamac-lima-experiencia-dia-completo,75,Tour por Pachacamac y Circuito Histórico de Lima,https://www.tur.com/es/lima-131/tour-pachacamac-lima-experiencia-dia-completo-75
Taller de cocina peruana y ceviche con vista al mar en Lima,taller-cocina-peruana-ceviche-lima,57,Clase de cocina peruana con visita a mercado local en Lima,https://www.tur.com/es/lima-131/taller-cocina-peruana-ceviche-lima-57
City Tour Cultural en Lima con visita histórica y degustación,city-tour-cultural-en-lima,42,City Tour privado por el Centro Histórico y Miraflores en Lima,https://www.tur.com/es/lima-131/city-tour-cultural-en-lima-42
Tour en bicicleta por Miraflores y Barranco,tour-bicicleta-miraflores-barranco-lima,4951,Tour guiado en bicicleta por Miraflores y Barranco en Lima,https://www.tur.com/es/lima-131/tour-bicicleta-miraflores-barranco-lima-atardecer-4742
Free Tour Miraflores – Caminata por el Malecón,free-tour-miraflores-lima,4897,Free Tour a Pie por Miraflores en Lima,https://www.tur.com/es/lima-131/free-tour-miraflores-lima-4897
Free Tour Lima – Recorrido por el Centro Histórico,free-tour-centro-historico-lima,4899,Free Tour por el Centro Histórico de Lima,https://www.tur.com/es/lima-131/free-tour-centro-historico-lima-4899
Free Tour Barranco – Arte Urbano y Puente de los Suspiros,free-tour-barranco-lima,4898,Free Tour a Pie por Barranco en Lima,https://www.tur.com/es/lima-131/free-tour-barranco-lima-4898
Ica paracas islas ballestas + huacachina en Buggies desde Lima,full-day-paracas-ica-islas-ballestas-huacachina-desde-lima,3883,Full Day Paracas e Ica con Islas Ballestas y Huacachina desde Lima,https://www.tur.com/es/lima-131/full-day-paracas-ica-islas-ballestas-huacachina-desde-lima-3883
City tour Lima colonial y moderna medio día,city-tour-lima-colonial-moderna-medio-dia,3884,City Tour en Lima Colonial y Moderna Medio Día,https://www.tur.com/es/lima-131/city-tour-lima-colonial-moderna-medio-dia-3884
Paseo en lancha rápida por las Islas Palomino + Nado con lobos marinos,tour-islas-palomino-lancha-rapida-nado-lobos-marinos,5260,Lancha rápida por Islas Palomino y nado con lobos marinos en Lima,https://www.tur.com/es/lima-131/tour-islas-palomino-lancha-rapida-nado-lobos-marinos-5260
Pub Crawl ¡Tour de fiesta por Lima!,pub-crawl-lima-barranco-miraflores,5064,Pub Crawl ¡Tour de fiesta por Lima!,https://www.tur.com/es/lima-131/pub-crawl-lima-barranco-miraflores-5064
Tour de 2 días con sobrevuelo Líneas de Nazca,tour-2-dias-paracas-huacachina-lineas-nazca,5393,Tour de 2 días con sobrevuelo Líneas de Nazca en Lima,https://www.tur.com/es/lima-131/tour-2-dias-paracas-huacachina-lineas-nazca-5393
tour de 2 días con noche en huacachina,tour-paracas-huacachina-2-dias-desde-lima,5433,Tour de 2 días con una noche en Huacachina desde Lima,https://www.tur.com/es/lima-131/tour-paracas-huacachina-2-dias-desde-lima-5433
TOUR DE 3 DÍAS CON NOCHE EN PARACAS & HUACACHINA,tour-3-dias-paracas-huacachina-desde-lima,5392,Tour de 3 Días en Paracas y Huacachina desde Lima,https://www.tur.com/es/lima-131/tour-3-dias-paracas-huacachina-desde-lima-5392
Full day Tour: Paracas + Huacachina,tour-paracas-huacachina-desde-lima,5434,Tour Full Day Paracas y Huacachina desde Lima,https://www.tur.com/es/lima-131/tour-paracas-huacachina-desde-lima-5434
Excursión de 2 días a Paracas y Huacachina,tour-paracas-huacachina-2-dias-islas-ballestas-buggy,5267,Tour 2 días Paracas y Huacachina con Islas Ballestas y buggy en Lima,https://www.tur.com/es/lima-131/tour-paracas-huacachina-2-dias-islas-ballestas-buggy-5267
TITICACA EXPERIENCE - 2 DÍAS (ALOJAMIENTO CON FAMILIA),experiencia-titicaca-2-dias,5319,Experiencia de 2 días por Titicaca con alojamiento en una casa familiar,https://www.tur.com/es/lima-131/experiencia-titicaca-2-dias-5319
TOUR DE 3 DÍAS CON SOBREVUELO LÍNEAS DE NAZCA,ruta-del-sillar-arequipa-anashuayco-culebrillas,5391,Tour de 3 días con sobrevuelo Líneas de Nazca en Lima,https://www.tur.com/es/lima-131/ruta-del-sillar-arequipa-anashuayco-culebrillas-5391
Free tour nocturno por Lima + Circuito Mágico del Agua,free-tour-nocturno-lima-circuito-agua,5382,Free tour nocturno por Lima y Circuito del Agua,https://www.tur.com/es/lima-131/free-tour-nocturno-lima-circuito-agua-5382
"Taller de ceviche, pisco sour y causa limeña + Tour por un mercado local",taller-ceviche-pisco-sour-causa-lima,5412,"Taller de Ceviche, Causa y Pisco Sour en Lima",https://www.tur.com/es/lima-131/taller-ceviche-pisco-sour-causa-lima-5412
Tour por el Museo Larco Herrera y Huaca Pucllana,tour-museo-larco-herrera-huaca-pucllana-lima,5442,Tour Museo Larco Herrera y Huaca Pucllana en Lima,https://www.tur.com/es/lima-131/tour-museo-larco-herrera-huaca-pucllana-lima-5442
Circuito Mágico del Agua + Alameda Chabuca Granda,circuito-magico-agua-lima-noche,5410,Tour Circuito Mágico del Agua y  Alameda Chabuca Granda,https://www.tur.com/es/lima-131/circuito-magico-agua-lima-noche-5410
"Excursion al callao, con visita a mercado local",excursion-callao-mercado-local-real-felipe,5201,Excursión al Callao con mercado local y Real Felipe en Lima,https://www.tur.com/es/lima-131/excursion-callao-mercado-local-real-felipe-5201
Tour panorámico 3 distritos de lima,tour-miradores-lima-barranco-morro-solar,5290,Tour panorámico 3 distritos de Lima,https://www.tur.com/es/lima-131/tour-miradores-lima-barranco-morro-solar-5290
Tour de mercados locales con degustación,tour-gastronomia-mercados-lima,5251,Tour de Gastronomía Local y Mercados Tradicionales en Lima,https://www.tur.com/es/lima-131/tour-gastronomia-mercados-lima-5251
Prepara 3 delicias peruanas & show de las aguas (cooking class),clase-cocina-peruana-show-de-las-aguas-lima,5211,Clase de cocina peruana con Show de las Aguas en Lima,https://www.tur.com/es/lima-131/clase-cocina-peruana-show-de-las-aguas-lima-5211
Lima city tour & mercado central,tour-centro-historico-lima-catacumbas,5354,"Tour centro histórico, Mercado central y Catacumbas de Lima",https://www.tur.com/es/lima-131/tour-centro-historico-lima-catacumbas-5354
Tour de lima con entradas,tour-completo-lima,5204,"Tour completo por Lima con Callao, Barranco y Circuito Mágico",https://www.tur.com/es/lima-131/tour-completo-lima-5204
Pirámides y santuario de pachacamac,tour-arqueologico-pachacamac-lima,5208,Tour arqueológico a Pachacamac en Lima,https://www.tur.com/es/lima-131/tour-arqueologico-pachacamac-lima-5208
lima highlights tour,tour-cultural-lima-surquillo-barranco,5200,"Tour por Lima con Surquillo, Barranco y Centro Histórico",https://www.tur.com/es/lima-131/tour-cultural-lima-surquillo-barranco-5200
Free tour por el barrio chino y Presbítero Maestro,tour-barrio-chino-cementerio-presbitero-maestro,5356,Free tour por el barrio chino y Presbítero Maestro,https://www.tur.com/es/lima-131/tour-barrio-chino-cementerio-presbitero-maestro-5356
Free tour por Chorrillos,free-tour-chorrillos-morro-solar-lima,5358,Free tour por Chorrillos y Morro Solar en Lima,https://www.tur.com/es/lima-131/free-tour-chorrillos-morro-solar-lima-5358
Free tour por las pirámides de Lima y el parque El Olivar,free-tour-huaca-pucllana-huaca-huallamarca,5360,Free tour por las pirámides de Lima y el parque El Olivar,https://www.tur.com/es/lima-131/free-tour-huaca-pucllana-huaca-huallamarca-5360
Tour por Miraflores y Huaca Pucllana,tour-miraflores-huaca-pucllana-lima,5365,Tour por Miraflores y Huaca Pucllana en Lima,https://www.tur.com/es/lima-131/tour-miraflores-huaca-pucllana-lima-5365
Tour por la Lima colonial y el Barrio Chino,tour-lima-colonial-barrio-chino,5364,Tour por la Lima colonial y el Barrio Chino,https://www.tur.com/es/lima-131/tour-lima-colonial-barrio-chino-5364
HD Templo preinca de Pachacamac,excursion-pachacamac-desde-lima,4800,Excursión al templo preincaico de Pachacamac desde Lima,https://www.tur.com/es/lima-131/excursion-pachacamac-desde-lima-4800
Noche en el Museo Larco,noche-lima-museo-larco-cena-gourmet,4065,Noche en Lima con Museo Larco y cena gourmet,https://www.tur.com/es/lima-131/noche-lima-museo-larco-cena-gourmet-4065
HD Visita de la Ciudad y Catedral de Lima,city-tour-medio-dia-lima-historica-moderna,4801,City tour de medio día por Lima histórica y moderna,https://www.tur.com/es/lima-131/city-tour-medio-dia-lima-historica-moderna-4801
Patrimonio de Lima y Museo Larco,tour-lima-catedral-santo-domingo-museo-larco,4060,"Visita de la ciudad de Lima con Catedral, Santo Domingo y Museo Larco",https://www.tur.com/es/lima-131/tour-lima-catedral-santo-domingo-museo-larco-4060
"Museo Larco, Taberna tradicional y Circuito Mágico del Agua",tour-tarde-lima-museo-larco-taberna-pisco-circuito-agua,4062,"Museo Larco, taberna de pisco y Circuito Mágico del Agua tour en Lima",https://www.tur.com/es/lima-131/tour-tarde-lima-museo-larco-taberna-pisco-circuito-agua-4062
Camino Inca corto a Machu Picchu 2 días,camino-inca-corto-2-dias-machu-picchu-trekking,4906,Camino Inca Corto 2 Días a Machu Picchu con Trekking Guiado,https://www.tur.com/es/cusco-132/camino-inca-corto-2-dias-machu-picchu-trekking-4906
machu picchu 2 dias 1 noche sin entradas,tour-machu-picchu-desde-cusco,5132,Tour a Machu Picchu 2 días en tren desde Cusco sin Entradas,https://www.tur.com/es/cusco-132/tour-machu-picchu-desde-cusco-5132
Montaña de colores,tour-montana-de-7-colores-vinicunca-desde-cusco,4912,Tour de Día Completo a la Montaña de 7 Colores desde Cusco,https://www.tur.com/es/cusco-132/tour-montana-de-7-colores-vinicunca-desde-cusco-4912
City tours Cusco,city-tour-cusco-sitios-arqueologicos,4913,City Tour en Cusco y Sitios Arqueológicos Cercanos,https://www.tur.com/es/cusco-132/city-tour-cusco-sitios-arqueologicos-4913
Tour a montaña de colores palccoyo desde Cusco,tour-montana-de-colores-palcoyo-cusco,4909,Tour Montaña de Colores Palcoyo con Caminata desde Cusco,https://www.tur.com/es/cusco-132/tour-montana-de-colores-palcoyo-cusco-4909
 Cuatrimoto Maras Moray y Salineras,tour-cuatrimoto-maras-moray-salineras-cusco,4908,Tour en Cuatrimoto Maras Moray y Salineras,https://www.tur.com/es/cusco-132/tour-cuatrimoto-maras-moray-salineras-cusco-4908
Tour a laguna humantay desde Cusco,tour-laguna-humantay-cusco,4911,Tour Laguna Humantay con Caminata de Altura desde Cusco,https://www.tur.com/es/cusco-132/tour-laguna-humantay-cusco-trekking-4769
 Atv Montaña de colores,tour-cuatrimoto-montana-de-colores-desde-cusco,4907,Tour en Cuatrimoto a la Montaña de Colores desde Cusco,https://www.tur.com/es/cusco-132/tour-cuatrimoto-montana-de-colores-desde-cusco-4907
Puente Inca Qeswachaca,tour-puente-inca-qeswachaca-cusco,4910,Tour Puente Inca Qeswachaca con Ruta Andina desde Cusco,https://www.tur.com/es/cusco-132/tour-puente-inca-qeswachaca-cusco-4910
 Machu Picchu full day:,machu-picchu-full-day-desde-cusco,4914,Tour Machu Picchu Full Day en tren desde Cusco,https://www.tur.com/es/machu-picchu-302/tour-machu-picchu-full-day-desde-cusco-3825
 Excursión a Moray y las salineras de Maras,tour-maras-moray-salineras-cusco,5220,Tour Maras Moray y Salineras desde Cusco con guía local,https://www.tur.com/es/cusco-132/tour-maras-moray-salineras-cusco-5220
Tour a la Cordillera de Colores Palcoyo desde Cusco,tour-montana-colores-palcoyo-desde-cusco,3857,Tour a la Cordillera de Colores Palcoyo desde Cusco,https://www.tur.com/es/cusco-132/tour-montana-colores-palcoyo-desde-cusco-3857
Cuatrimotos a Montaña de Colores a 5 Km de la montaña,tour-cuatrimoto-montana-colores-cusco,5317,Excursión en cuatrimoto a la Montaña de 7 Colores desde Cusco,https://www.tur.com/es/cusco-132/tour-cuatrimoto-montana-colores-cusco-5317
Tour de trekking por las 7 Lagunas del Ausangate desde Cusco,tour-7-lagunas-ausangate-desde-cusco,3860,Tour de Trekking 7 Lagunas del Ausangate desde Cusco,https://www.tur.com/es/cusco-132/tour-7-lagunas-ausangate-desde-cusco-3860
Machu Picchu Full Day,tour-full-day-machu-picchu-cusco,5320,Tour Full Day a Machu Picchu con Tren desde Cusco,https://www.tur.com/es/cusco-132/tour-full-day-machu-picchu-cusco-5320
Tour a la Montaña Pallay Poncho de Apu Tacllo desde Cusco,tour-montana-pallay-poncho-apu-tacllo-cusco,3858,Tour a la Montaña Pallay Poncho desde Cusco,https://www.tur.com/es/cusco-132/tour-montana-pallay-poncho-apu-tacllo-cusco-3858
PUENTE INKA DE QESWACHAKA,tour-puente-inca-qeswachaka-cusco,3903,Tour al Puente Inca Q'eswachaka desde Cusco,https://www.tur.com/es/cusco-132/tour-puente-inca-qeswachaka-cusco-3903
Tour arqueológico y cultural en Valle Sagrado,tour-valle-sagrado-maras-moray-desde-cusco,3005,"Tour al Valle Sagrado: Chinchero, Maras y Moray desde Cusco",https://www.tur.com/es/cusco-132/tour-valle-sagrado-maras-moray-desde-cusco-3005
City Tour  Cusco Medio Día,city-tour-arqueologico-colonial-cusco,3004,City Tour Arqueológico y Colonial por Cusco,https://www.tur.com/es/cusco-132/city-tour-arqueologico-colonial-cusco-3004
Machu Picchu Dos Días,tour-machu-picchu-2-dias-valle-sagrado-cusco,5316,Tour a Machu Picchu 2 Días con Valle Sagrado desde Cusco,https://www.tur.com/es/cusco-132/tour-machu-picchu-2-dias-valle-sagrado-cusco-5316
MONTAÑA 7 COLORES EN CUATRIMOTO POR EL VALLE ROJO,tour-cuatrimoto-montana-7-colores-cusco,3898,Tour a la Montaña de 7 Colores en cuatrimoto desde Cusco,https://www.tur.com/es/cusco-132/tour-cuatrimoto-montana-7-colores-cusco-3898
GLACIAR DE QELCAYA,tour-glaciar-quelccaya-laguna-sibinacocha-cusco,3899,Tour al Glaciar Quelccaya y Laguna Sibinacocha desde Cusco,https://www.tur.com/es/cusco-132/tour-glaciar-quelccaya-laguna-sibinacocha-cusco-3899
Tour a la Montaña de 7 Colores Vinicunca desde Cusco,tour-montana-7-colores-vinicunca-desde-cusco,3855,Tour a la Montaña de 7 Colores Vinicunca desde Cusco,https://www.tur.com/es/cusco-132/tour-montana-7-colores-vinicunca-desde-cusco-3855
WAQRAPUKARA FULL DAY,tour-waqrapukara-full-day-cusco,3902,Tour a la Fortaleza de Waqrapukara desde Cusco,https://www.tur.com/es/cusco-132/tour-waqrapukara-full-day-cusco-3902
"Valle Sagrado Clasico (Pisac, Oyaitatambo y Chinchero)",tour-valle-sagrado-clasico-desde-cusco,4765,Tour arqueológico al Valle Sagrado con almuerzo desde Cusco,https://www.tur.com/es/cusco-132/tour-valle-sagrado-clasico-desde-cusco-4765
Machu Picchu Full Day - Sin Entrada,conexion-machu-picchu-sin-entrada-transporte-guia,5318,Machu Picchu sin entrada con transporte y guía desde Cusco,https://www.tur.com/es/cusco-132/conexion-machu-picchu-sin-entrada-transporte-guia-5318
Laguna Humantay,tour-laguna-humantay-cusco-trekking,4769,Tour Laguna Humantay desde Cusco Trekking de Alta Montaña,https://www.tur.com/es/cusco-132/tour-laguna-humantay-cusco-trekking-4769
"Valle Sagrado VIP (Pisac, Oyaitatambo y Chinchero) + MarsMoray Sin Almuerzo",tour-valle-sagrado-vip-maras-moray-cusco,4766,Tour Valle Sagrado con Maras y Moray desde Cusco,https://www.tur.com/es/cusco-132/tour-valle-sagrado-vip-maras-moray-cusco-4766
"Valle Sagrado VIP (Pisac, Oyaitatambo y Chinchero) + MarsMoray",tour-valle-sagrado-vip-cusco,5321,Tour Valle Sagrado al completo con Maras y Moray desde Cusco  ,https://www.tur.com/es/cusco-132/tour-valle-sagrado-vip-cusco-5321
VALLE SUR,tour-valle-sur-cusco-tipon-pikillacta-andahuaylillas,3900,"Tour al Valle Sur: Tipón, Pikillacta y Andahuaylillas desde Cusco",https://www.tur.com/es/cusco-132/tour-valle-sur-cusco-tipon-pikillacta-andahuaylillas-3900
 City tour en Cusco,city-tour-cusco-medio-dia-cultural-inca,4952,City Tour en Cusco de Medio Día por Sitios Arqueológicos,https://www.tur.com/es/cusco-132/city-tour-cusco-medio-dia-cultural-inca-4952
Tour a las Cuatro Lagunas Andinas | Aves Autóctonas,tour-cuatro-lagunas-andinas-cusco,4868,Tour a las Cuatro Lagunas Andinas desde Cusco con Avistamiento de Aves,https://www.tur.com/es/cusco-132/tour-cuatro-lagunas-andinas-cusco-4868
Valle Sagrado,tour-valle-sagrado-cusco-almuerzo-buffet,3837,Tour al Valle Sagrado de los Incas desde Cusco con Almuerzo Buffet,https://www.tur.com/es/cusco-132/tour-valle-sagrado-cusco-almuerzo-buffet-3837
Excursión a Moray y las salineras de Maras,tour-maras-moray-salineras-cusco,3809,Excursión a Moray y las salineras de Maras,https://www.tur.com/es/cusco-132/tour-maras-moray-salineras-cusco-5220
Tour Gastronómico en Cusco,tour-gastronomico-cusco-clase-cocina-mercado,4949,Tour gastronómico en Cusco con clase de cocina y mercado local,https://www.tur.com/es/cusco-132/tour-gastronomico-cusco-clase-cocina-mercado-4949
Trekking por la montaña Palcoyo,tour-montana-palcoyo-desde-cusco,3887,Tour a la Montaña Palcoyo desde Cusco,https://www.tur.com/es/cusco-132/tour-montana-palcoyo-desde-cusco-3887
Tour de 4D / 3N Manu,tour-selva-del-manu-4-dias-3-noches-desde-cusco,3889,Tour Selva del Manu 4 Días y 3 Noches desde Cusco en Reserva Nacional,https://www.tur.com/es/cusco-132/tour-selva-del-manu-4-dias-3-noches-desde-cusco-3889
Trekking por la Montaña Arcoíris y el Valle Rojo,tour-montana-de-colores-vinicunca-valle-rojo,3909,Tour Montaña Arcoíris y Valle Rojo desde Cusco,https://www.tur.com/es/cusco-132/tour-montana-de-colores-vinicunca-valle-rojo-3909
Tour de 3D /2N Manu,tour-zona-cultural-manu-3-dias-desde-cusco,4785,Tour a la Zona Cultural del Manu 3 Días desde Cusco,https://www.tur.com/es/cusco-132/tour-zona-cultural-manu-3-dias-desde-cusco-4785
Rafting en el río Urubamba y tirolina sobre el Valle del Sur,tour-rafting-cusipata-zipline-valle-sur-cusco,3832,Tour de Rafting en Cusipata y Zipline en el Valle Sur desde Cusco,https://www.tur.com/es/cusco-132/tour-rafting-cusipata-zipline-valle-sur-cusco-3832
Ruta del Sol desde Cusco hasta Puno,tour-ruta-del-sol-cusco-puno,3904,Tour Ruta del Sol de Cusco a Puno con visitas arqueológicas,https://www.tur.com/es/cusco-132/tour-ruta-del-sol-cusco-puno-3904
Tour nocturno por Cusco + Taller de pisco sour,tour-nocturno-cusco-pisco-sour-cocina,3905,Tour Nocturno con Pisco Sour y Cristo Blanco  en Cusco ,https://www.tur.com/es/cusco-132/tour-nocturno-cusco-pisco-sour-cocina-3905
Excursión a la Laguna Humantay,tour-laguna-humantay-desde-cusco,3835,Tour a la Laguna Humantay desde Cusco con Desayuno y Almuerzo,https://www.tur.com/es/cusco-132/tour-laguna-humantay-desde-cusco-3835
FreeFree Walking Tour Cusco ,free-walking-tour-cusco-centro-historico,4866,Free Walking Tour en Cusco con Guía Local,https://www.tur.com/es/cusco-132/free-walking-tour-cusco-centro-historico-4866
Planetarium Cusco,excursion-planetario-cusco-astronomia-inca,5418,Excursión al Planetario de Cusco con Astronomía Inca,https://www.tur.com/es/cusco-132/excursion-planetario-cusco-astronomia-inca-5418
Free walking tour nocturno Cusco,free-tour-nocturno-cusco-caminata-historica,5419,Free walking tour nocturno en Cusco,https://www.tur.com/es/cusco-132/free-tour-nocturno-cusco-caminata-historica-5419
Tour Machu Picchu Full Day,tour-machu-picchu-full-day-cusco,2956,Tour a Machu Picchu en un día desde Cusco con Tren Expedition,https://www.tur.com/es/cusco-132/tour-machu-picchu-full-day-cusco-2956
Excursión a Moray y las salineras de Maras,excursion-moray-salineras-maras-cusco,2979,Excursión a Moray y las Salineras de Maras desde Cusco,https://www.tur.com/es/cusco-132/excursion-moray-salineras-maras-cusco-2979
"Valle Sagrado de los Incas, Maras & Moray",valle-sagrado-maras-moray-desde-cusco,2976,Tour Valle Sagrado de los Incas con Maras y Moray desde Cusco,https://www.tur.com/es/cusco-132/tour-valle-sagrado-maras-moray-desde-cusco-3005
Trekking a la montaña Palcoyo desde Cusco ,trekking-montana-palcoyo-cusco,52,Trekking Privado a la montaña Palcoyo desde Cusco ,https://www.tur.com/es/cusco-132/trekking-montana-palcoyo-cusco-52
Montaña 7 Colores en Cuatrimotos,tour-cuatrimoto-montana-7-colores-cusco,2978,Tour de Aventura a la Montaña de 7 Colores en Cuatrimoto desde Cusco,https://www.tur.com/es/cusco-132/tour-cuatrimoto-montana-7-colores-cusco-3898
Tour Machu Picchu con Pernocte,tour-machu-picchu-valle-sagrado-2-dias-1-noche,2957,Tour a Machu Picchu y Valle Sagrado de 2 días 1 noche desde Cusco,https://www.tur.com/es/cusco-132/tour-machu-picchu-valle-sagrado-2-dias-1-noche-2957
Tour en cuatrimoto por Maras Moray y Salineras desde Cusco,tour-quad-maras-moray-salineras-cusco,51,Tour en cuatrimoto por Maras Moray y Salineras desde Cusco,https://www.tur.com/es/cusco-132/tour-quad-maras-moray-salineras-cusco-51
Tour Valle Sagrado de los Incas,tour-valle-sagrado-de-los-incas-desde-cusco,2977,"Tour al Valle Sagrado de los Incas: Pisac, Ollantaytambo y Chinchero con almuerzo buffet",https://www.tur.com/es/cusco-132/tour-valle-sagrado-de-los-incas-desde-cusco-2977
Aventura de 4 días por el Camino Inca a Machu Picchu,vive-camino-inca-machu-picchu-trekking-4-dias-campamentos-guia,11,Aventura de 4 días por el Camino Inca a Machu Picchu,https://www.tur.com/es/cusco-132/vive-camino-inca-machu-picchu-trekking-4-dias-campamentos-guia-11
"City Tour en Cusco: Catedral, Qorikancha y Cuatro Ruinas",city-tour-en-cusco-catedral-y-ruinas,2974,"City Tour en Cusco: Catedral, Qorikancha y Cuatro Ruinas",https://www.tur.com/es/cusco-132/city-tour-en-cusco-catedral-y-ruinas-2974
Tour Laguna Humantay - Full Day,tour-laguna-humantay-full-day,2973,Excursión de Trekking a Laguna Humantay desde Cusco,https://www.tur.com/es/cusco-132/tour-laguna-humantay-full-day-2973
Tour Montaña Arco Iris Vinincunca 1 Día ,tour-montana-arcoiris-vinicunca-cusco,2962,Tour a la Montaña Arcoíris Vinicunca desde Cusco,https://www.tur.com/es/cusco-132/tour-montana-arcoiris-vinicunca-cusco-2962
Trekking Privado a las 7 Lagunas de Ausangate desde Cusco,trekking-7-lagunas-ausangate-cusco,46,Trekking Privado a las 7 Lagunas de Ausangate desde Cusco,https://www.tur.com/es/cusco-132/trekking-7-lagunas-ausangate-cusco-46
"Tour en Cusco, Montaña Arcoíris y Machu Picchu en 4 días",tour-cusco-montana-arcoiris-machu-picchu-4-dias,43,"Tour en Cusco, Montaña Arcoíris y Machu Picchu en 4 días",https://www.tur.com/es/cusco-132/tour-cusco-montana-arcoiris-machu-picchu-4-dias-43
Cuatrimotos en montaña de colores,tour-cuatrimoto-montana-arcoiris-cusco-caminata-corta,4957,Tour en cuatrimoto a Montaña Arcoíris en Cusco ,https://www.tur.com/es/cusco-132/tour-cuatrimoto-montana-arcoiris-cusco-caminata-corta-4957
Excursión de 2 días a Machu Picchu con entradas by Car,tour-2-dias-machu-picchu-valle-sagrado-cusco,4956,Machu Picchu con Valle Sagrado desde Cusco by Car en 2 días,https://www.tur.com/es/cusco-132/tour-2-dias-machu-picchu-valle-sagrado-cusco-4956
Montaña Arcoíris,trekking-montana-de-colores-vinicunca-desde-cusco,3813,Trekking Montaña de Colores Vinicunca desde Cusco,https://www.tur.com/es/cusco-132/trekking-montana-de-colores-vinicunca-desde-cusco-3813
Excursión a la Laguna Humantay,trekking-laguna-humantay-desde-cusco,3893,Trekking a la Laguna Humantay desde Cusco Full Day,https://www.tur.com/es/cusco-132/trekking-laguna-humantay-desde-cusco-3893
Valle sagrado de los Incas,tour-valle-sagrado-de-los-incas-desde-cusco,3888,Tour Valle Sagrado de los Incas desde Cusco con Almuerzo Buffet,https://www.tur.com/es/cusco-132/tour-valle-sagrado-de-los-incas-desde-cusco-2977
Cuatrimotos en Valle Sagrado,tour-cuatrimotos-valle-sagrado-cusco,3882,Tour en Cuatrimotos por Valle Sagrado desde Cusco,https://www.tur.com/es/cusco-132/tour-cuatrimotos-valle-sagrado-cusco-3882
Ausangate y 7 lagunas full day,trekking-ausangate-7-lagunas-cusco-full-day,5162,Trekking a Ausangate y 7 Lagunas en Cusco Full Day,https://www.tur.com/es/cusco-132/trekking-ausangate-7-lagunas-cusco-full-day-5162
Valle sagrado y Machupicchu 2 días 1 noche,tour-valle-sagrado-machupicchu-2-dias-1-noche-desde-cusco,3892,Tour Valle Sagrado y Machu Picchu 2 Días 1 Noche desde Cusco,https://www.tur.com/es/cusco-132/tour-valle-sagrado-machupicchu-2-dias-1-noche-desde-cusco-3892
Pub Crawl ¡Tour de fiesta por Cusco!,pub-crawl-cusco-3-bares-discoteca,5065,Pub Crawl ¡Tour de fiesta por Cusco!,https://www.tur.com/es/cusco-132/pub-crawl-cusco-3-bares-discoteca-5065
Cusco Chocolate Workshop,taller-de-chocolate-en-cusco,5067,Taller de Chocolate en Cusco,https://www.tur.com/es/cusco-132/taller-de-chocolate-en-cusco-5067
FD Bus La Ruta del Altiplano Cusco a Puno c/almuerzo,bus-turistico-panoramico-cusco-puno-almuerzo,4787,Bus turístico panorámico de Cusco a Puno con almuerzo,https://www.tur.com/es/cusco-132/bus-turistico-panoramico-cusco-puno-almuerzo-4787
"Valle Sagrado Premium: Chinchero, Moray & Ollantaytambo c/almuerzo",tour-chinchero-moray-ollantaytambo-desde-cusco,4790,"Tour a Chinchero, Moray y Ollantaytambo desde Cusco con almuerzo",https://www.tur.com/es/cusco-132/tour-chinchero-moray-ollantaytambo-desde-cusco-4790
"Traslado aeropuerto, estación de bus / hotel en Cuzco",traslado-compartido-llegada-aeropuerto-cusco,4799,Traslado compartido de llegada del aeropuerto de Cusco al centro,https://www.tur.com/es/cusco-132/traslado-compartido-llegada-aeropuerto-cusco-4799
"HD Sacsayhuaman, Tambomachay, Q'enqo y Puca Pucara",tour-sacsayhuaman-qenqo-puka-pukara-tambomachay-cusco,4792,"Tour de medio día a Sacsayhuamán, Q'enqo, Puka Pukara y Tambomachay",https://www.tur.com/es/cusco-132/tour-sacsayhuaman-qenqo-puka-pukara-tambomachay-cusco-4792
FD Excursión a Machu Picchu con servicio de tren seleccionado,excursion-machu-picchu-desde-cusco-con-guia,4786,Excursión de un día a Machu Picchu con guía desde Cusco,https://www.tur.com/es/cusco-132/excursion-machu-picchu-desde-cusco-con-guia-4786
HD Visita de la ciudad y Parque Arqueológico,city-tour-cusco-sacsayhuaman-catedral-qorikancha,4791,City tour por Cusco y Sacsayhuamán con Catedral y Qorikancha,https://www.tur.com/es/cusco-132/city-tour-cusco-sacsayhuaman-catedral-qorikancha-4791
"Traslado hotel en Cuzco /aeropuerto, estación de bus",traslado-privado-salida-aeropuerto-cusco,4798,Traslado privado de salida desde hotel en Cusco al aeropuerto,https://www.tur.com/es/cusco-132/traslado-privado-salida-aeropuerto-cusco-4798
HD Visita de la ciudad,tour-ciudad-cusco-mercado-san-pedro-catedral-qorikancha,4793,"Tour por la ciudad de Cusco con mercado de San Pedro, Catedral y Qorikancha",https://www.tur.com/es/cusco-132/tour-ciudad-cusco-mercado-san-pedro-catedral-qorikancha-4793
2 Días Valle Sagrado Full Experience,tour-2-dias-valle-sagrado-desde-cusco,4789,"Tour de 2 días al Valle Sagrado desde Cusco con Pisac, Maras y Ollantaytambo",https://www.tur.com/es/cusco-132/tour-2-dias-valle-sagrado-desde-cusco-4789
Mercado de Pisac y Fortaleza de Ollantaytambo,tour-pisac-ollantaytambo-almuerzo,4066,Mercado de Pisac y fortaleza de Ollantaytambo en Cusco,https://www.tur.com/es/cusco-132/tour-pisac-ollantaytambo-almuerzo-4066
Tour gastronómico por Cusco,tour-gastronomico-cusco,5137,Tour gastronómico en Cusco,https://www.tur.com/es/cusco-132/tour-gastronomico-cusco-clase-cocina-mercado-4949
Trekking por la montaña Palcoyo,trekking-palcoyo-desde-cusco,5148,Trekking a la Montaña Palcoyo desde Cusco,https://www.tur.com/es/cusco-132/trekking-palcoyo-desde-cusco-5148
Tour nocturno por Cusco + Taller de pisco sour,tour-nocturno-cusco-clase-pisco-sour,5140,Tour nocturno por Cusco con clase de pisco sour,https://www.tur.com/es/cusco-132/tour-nocturno-cusco-clase-pisco-sour-5140
Tour al Colca 2 días 1 noche,tour-canon-del-colca-2-dias-desde-arequipa,5253,Tour de 2 días a Cañón del Colca y la Cruz del Cóndor desde Arequipa,https://www.tur.com/es/arequipa-133/tour-canon-del-colca-2-dias-desde-arequipa-5253
EXCURSIÓN SALINAS Y AGUADA BLANCA FULL DAY DESDE AREQUIPA,excursion-salinas-aguada-blanca-arequipa,5388,Excursión Reserva Salinas y Aguada Blanca desde Arequipa,https://www.tur.com/es/arequipa-133/excursion-salinas-aguada-blanca-arequipa-5388
Colca Full Day + Traslado Chivay a Puno,tour-canon-colca-traslado-puno,5384,Tour Cañón del Colca y traslado a Puno,https://www.tur.com/es/arequipa-133/tour-canon-colca-traslado-puno-5384
Ruta del Sillar en Arequipa – Añashuayco y Culebrillas,ruta-del-sillar-arequipa-anashuayco-culebrillas,5386,Ruta del Sillar en Arequipa con Añashuayco y Culebrillas,https://www.tur.com/es/lima-131/ruta-del-sillar-arequipa-anashuayco-culebrillas-5391
Cañon del colca full day,full-day-canon-del-colca-desde-arequipa,3885,Full Day Cañón del Colca y Cruz del Cóndor desde Arequipa,https://www.tur.com/es/arequipa-133/full-day-canon-del-colca-desde-arequipa-3885
"Excursión a los ríos Amazonas, Nanay y Momón",full-day-rios-amazonas-nanay-momon-iquitos,3839,"Full Day por los Ríos Amazonas, Nanay y Momón desde Iquitos",https://www.tur.com/es/iquitos-135/full-day-rios-amazonas-nanay-momon-iquitos-3839
Islas Uros y Taquile Full Day – Lago Titicaca,tour-lago-titicaca-uros-taquile-puno,5247,Tour Lago Titicaca Islas Uros y Taquile desde Puno,https://www.tur.com/es/puno-136/tour-lago-titicaca-uros-taquile-puno-5247
Catamarán por el Lago Titicaca y visita a la Isla del Sol desde Puno,catamaran-lago-titicaca-isla-del-sol-puno,47,Catamarán por el Lago Titicaca y visita a la Isla del Sol desde Puno,https://www.tur.com/es/puno-136/catamaran-lago-titicaca-isla-del-sol-puno-47
Tour Ruta del Sol desde Puno a Cusco,ruta-del-sol-puno-cusco,48,Tour Ruta del Sol desde Puno a Cusco,https://www.tur.com/es/puno-136/ruta-del-sol-puno-cusco-48
TITICACA EXPERIENCE - TOUR DE 1 DÍA,titicaca-experience-tour-1-dia-desde-cusco,5389,Excursión de 1 día al lago Titicaca en autobús nocturno,https://www.tur.com/es/puno-136/titicaca-experience-tour-1-dia-desde-cusco-5389
Tour en buggy y sandboarding en el desierto de Usaka en Nazca,tour-de-sandboarding-y-visita-arqueologica-en-el-desierto-de-usaka,69,Tour en buggy y sandboarding en el desierto de Usaka en Nazca,https://www.tur.com/es/nazca-137/tour-de-sandboarding-y-visita-arqueologica-en-el-desierto-de-usaka-69
Tour a la Reserva Nacional Pampa Galeras desde Nazca,tour-reserva-nacional-paracas-pampa-galeras,70,Tour a la Reserva Nacional Pampa Galeras desde Nazca,https://www.tur.com/es/nazca-137/tour-reserva-nacional-paracas-pampa-galeras-70
Tour completo de Nazca con vuelo y sin vuelo,tour-completo-nazca-entradas-incluidas,50,Tour completo de Nazca con o sin sobrevuelo y visitas arqueológicas,https://www.tur.com/es/nazca-137/tour-completo-nazca-entradas-incluidas-50
Sobrevuelo en avioneta por las Líneas de Nazca en Perú,sobrevuelo-lineas-nazca-peru,67,Sobrevuelo en avioneta por las Líneas de Nazca en Perú,https://www.tur.com/es/nazca-137/sobrevuelo-lineas-nazca-peru-67
Tour al Centro Ceremonial de Cahuachi desde Nasca,tour-centro-ceremonial-cahuachi-nasca,63,Tour al Centro Ceremonial de Cahuachi desde Nasca,https://www.tur.com/es/nazca-137/tour-centro-ceremonial-cahuachi-nasca-63
Tour Museo María Reiche y Miradores de las Líneas de Nasca,tour-museo-maria-reiche-miradores-nasca,66,Tour Museo María Reiche y Miradores de las Líneas de Nasca,https://www.tur.com/es/nazca-137/tour-museo-maria-reiche-miradores-nasca-66
Excursión en lancha a las Islas Ballestas desde Paracas,excursion-islas-ballestas-paracas,68,Excursión en lancha a las Islas Ballestas desde Paracas,https://www.tur.com/es/paracas-138/excursion-islas-ballestas-paracas-68
Excursión a Tiwanaku,excursion-tiwanaku-la-paz,2255,Excursión guiada a las ruinas de Tiwanaku desde La Paz,https://www.tur.com/es/la-paz-140/excursion-tiwanaku-la-paz-2255
Tour cultural por La Paz con teleférico y mercados tradicionales,tour-cultural-la-paz-teleferico-mercados-tradicionales,2251,Tour cultural por La Paz con teleférico y mercados tradicionales,https://www.tur.com/es/la-paz-140/tour-cultural-la-paz-teleferico-mercados-tradicionales-2251
Tour Combate de Lucha Libre de Cholitas: Orgullo Indígena en La Paz,tour-lucha-libre-cholitas-bolivia-la-paz,2253,La Paz: Tour Combate de Lucha Libre de Cholitas,https://www.tur.com/es/la-paz-140/tour-lucha-libre-cholitas-bolivia-la-paz-2253
Tour urbano en teleférico con degustación típica en La Paz,city-tour-teleferico-degustacion-la-paz,45,Tour urbano en teleférico con degustación típica en La Paz,https://www.tur.com/es/la-paz-140/city-tour-teleferico-degustacion-la-paz-45
Tour por La Paz y  Valle de la Luna,tour-la-paz-valle-de-la-luna,2258,City Tour en La Paz con Valle de la Luna y Teleférico,https://www.tur.com/es/la-paz-140/tour-la-paz-valle-de-la-luna-2258
Excursión Isla del Sol,excursion-isla-del-sol-desde-la-paz-con-visita-a-copacabana,2254,Excursión a Isla del Sol desde La Paz con visita a Copacabana,https://www.tur.com/es/la-paz-140/excursion-isla-del-sol-desde-la-paz-con-visita-a-copacabana-2254
Trekking Cultural a la Laguna Quilotoa y Visita al Cañón de Toachi desde Quito,trekking-laguna-quilotoa-cotopaxi-quito,2774,Trekking Cultural a la Laguna Quilotoa y Visita al Cañón de Toachi desde Quito,https://www.tur.com/es/quito-142/trekking-laguna-quilotoa-cotopaxi-quito-2774
Tour a Otavalo: Artesanías & Naturaleza,excursion-privada-mercado-otavalo-cascada-peguche-quito,2933,Excursión Privada: Mercado de Otavalo y Cascada de Peguche desde Quito,https://www.tur.com/es/quito-142/excursion-privada-mercado-otavalo-cascada-peguche-quito-2933
TelefériQo,tour-privado-teleferico-quito-cruz-loma,2939,Tour Privado al Teleférico de Quito con Ascenso al Cruz Loma,https://www.tur.com/es/quito-142/tour-privado-teleferico-quito-cruz-loma-2939
City Tour de Quito & TelefériQo,tour-centro-historico-quito-teleferico,2937,Tour Privado por el Centro Histórico de Quito y Teleférico,https://www.tur.com/es/quito-142/tour-centro-historico-quito-teleferico-2937
Mindo: Magia en el Bosque Nublado,tour-naturaleza-aventura-mindo-mariposas-orquideas-canopy,2934,"Tour de Naturaleza y Aventura en Mindo: Mariposas, Orquídeas y Canopy",https://www.tur.com/es/quito-142/tour-naturaleza-aventura-mindo-mariposas-orquideas-canopy-2934
City Tour Quito ,city-tour-privado-quito-centro-historico,2940,Tour Privado por el Centro Histórico de Quito y El Panecillo,https://www.tur.com/es/quito-142/city-tour-privado-quito-centro-historico-2940
Tour de Medio Dia Mercado y Gastronomía Ecuatoriana en Quito,tour-mercados-gastronomia-ecuatoriana-quito,2517,Tour de Medio Dia Mercado y Gastronomía Ecuatoriana en Quito,https://www.tur.com/es/quito-142/tour-mercados-gastronomia-ecuatoriana-quito-2517
Tour Gastronómico y Cultural por Quito con Degustaciones,tour-gastronomico-cultural-centro-historico-quito,2509,Tour Gastronómico y Cultural por Quito con Degustaciones,https://www.tur.com/es/quito-142/tour-gastronomico-cultural-centro-historico-quito-2509
Tour gastronómico por Ciudad de México,tour-gastronomico-centro-historico-cdmx-sabores-cultura,2506,Tour Gastronómico: Sabores y Tradición del Centro Histórico de CDMX,https://www.tur.com/es/ciudad-de-mexico-147/tour-gastronomico-centro-historico-cdmx-sabores-cultura-2506
"Xochimilco, Ciudad Universitaria y Coyoacan desde CDMX",tour-xochimilco-coyoacan-ciudad-universitaria-mexico,3950,"Tour a Xochimilco, Coyoacán y Ciudad Universitaria en Ciudad de México",https://www.tur.com/es/ciudad-de-mexico-147/tour-xochimilco-coyoacan-ciudad-universitaria-mexico-3950
Cuernavaca y pueblo mágico de Taxco desde CDMX,tour-cuernavaca-taxco-pueblo-magico-desde-mexico,3955,Tour a Cuernavaca y Pueblo Mágico de Taxco desde Ciudad de México,https://www.tur.com/es/ciudad-de-mexico-147/tour-cuernavaca-taxco-pueblo-magico-desde-mexico-3955
Experiencia lucha libre desde la ciudad de méxico,tour-lucha-libre-ciudad-de-mexico-arena-mexico,3929,Tour de Lucha Libre Mexicana en la Arena México desde Ciudad de México,https://www.tur.com/es/ciudad-de-mexico-147/tour-lucha-libre-ciudad-de-mexico-arena-mexico-3929
Garibaldi de noche desde la ciudad de mexico,tour-nocturno-plaza-garibaldi-mariachis-ciudad-de-mexico,3940,Tour Nocturno en Plaza Garibaldi con Show de Mariachis en CDMX,https://www.tur.com/es/ciudad-de-mexico-147/tour-nocturno-plaza-garibaldi-mariachis-ciudad-de-mexico-3940
Tour de la Ciudad de México,tour-ciudad-de-mexico-centro-historico-murales,3954,"Tour Ciudad de México: Centro Histórico, Zócalo y Murales de Rivera",https://www.tur.com/es/ciudad-de-mexico-147/tour-ciudad-de-mexico-centro-historico-murales-3954
Globo aerostático en las pirámides de Teotihuacan,vuelo-en-globo-aerostatico-teotihuacan,3927,Vuelo en Globo Aerostático sobre Teotihuacán desde Ciudad de México,https://www.tur.com/es/ciudad-de-mexico-147/vuelo-en-globo-aerostatico-teotihuacan-3927
Acolman - Teotihuacán - Plaza de las tres culturas - tall...,tour-teotihuacan-acolman-plaza-tres-culturas-desde-mexico,3931,"Tour a Teotihuacán, Acolman y Plaza de las Tres Culturas desde CDMX",https://www.tur.com/es/ciudad-de-mexico-147/tour-teotihuacan-acolman-plaza-tres-culturas-desde-mexico-3931
Basílica de guadalupe y piramides de teotihuacan desd...,tour-basilica-guadalupe-piramides-teotihuacan-desde-mexico,3948,Tour a la Basílica de Guadalupe y Pirámides de Teotihuacán en CDMX,https://www.tur.com/es/ciudad-de-mexico-147/tour-basilica-guadalupe-piramides-teotihuacan-desde-mexico-3948
Conoce la toscana mexicana “Val´Quirico” y Ciudad de  los ángeles “Puebla”,tour-valle-de-bravo-cascada-velo-de-novia-desde-mexico,3933,Val´Quirico y ciudad de Los Ángeles “Puebla”     ,https://www.tur.com/es/ciudad-de-mexico-147/tour-valle-de-bravo-cascada-velo-de-novia-desde-mexico-3933
Puebla y Cholula desde la Ciudad de México,tour-puebla-pueblo-magico-cholula-desde-ciudad-de-mexico,3941,Tour a Puebla y Pueblo Mágico de Cholula desde Ciudad de México,https://www.tur.com/es/ciudad-de-mexico-147/tour-puebla-pueblo-magico-cholula-desde-ciudad-de-mexico-3941
La Bufadora / The Blow Hole,excursion-la-bufadora,2434,Tour de Día Completo a La Bufadora desde Ensenada,https://www.tur.com/es/baja-california-148/excursion-la-bufadora-2434
"Tour de Vinos y Quesos Artesanales en el Valle de Ojos Negros, Ensenada",tour-quesos-vinos-ensenada-valle-ojos-negros,2469,"Tour de Vinos y Quesos Artesanales en el Valle de Ojos Negros, Ensenada",https://www.tur.com/es/baja-california-148/tour-quesos-vinos-ensenada-valle-ojos-negros-2469
Tour Histórico de Vinos y Degustación en la Ruta Antigua de Ensenada,tour-degustacion-ruta-antigua-vino-ensenada,2496,Tour Histórico de Vinos y Degustación en la Ruta Antigua de Ensenada,https://www.tur.com/es/baja-california-148/tour-degustacion-ruta-antigua-vino-ensenada-2496
Wine Tour Guadalupe Valley,tour-valle-de-guadalupe-vino,2419,Tour Enológico por el Valle de Guadalupe en Baja California,https://www.tur.com/es/baja-california-148/tour-valle-de-guadalupe-vino-2419
Chichen itza,tour-chichen-itza-valladolid-cenote,5315,"Tour a Chichén Itzá, Valladolid y cenote desde Cancun o Tulum",https://www.tur.com/es/cancun-riviera-maya-149/tour-chichen-itza-valladolid-cenote-5315
Tour gastronómico por Mérida,tour-gastronomico-a-pie-merida-yucatan,2508,Tour Gastronómico a Pie por Mérida: Sabores del Alma Culinaria Yucateca,https://www.tur.com/es/merida-150/tour-gastronomico-a-pie-merida-yucatan-2508
Iguazú BikeTour Camino del Yaguarete en bicicleta,iguazu-biketour-camino-del-yaguarete-en-bicicleta,2560,Excursión en bicicleta al Camino del Yaguarete,https://www.tur.com/es/puerto-iguazu-157/iguazu-biketour-camino-del-yaguarete-en-bicicleta-2560
Iguazú BikeTour a Cataratas de Brasil en bicicleta,ciclismo-en-cataratas-del-iguazu,2561,Excursión en bicicleta a las Cataratas de Brasil,https://www.tur.com/es/puerto-iguazu-157/ciclismo-en-cataratas-del-iguazu-2561
Cabalgata Ecológica en la Selva Iguazú,cabalgata-ecologica-en-la-selva-iguazu,2645,Cabalgata Ecológica en la Selva Iguazú ,https://www.tur.com/es/puerto-iguazu-157/cabalgata-ecologica-en-la-selva-iguazu-2645
Cabalgata  por la Selva en Iguazú  de 2 horas,paseos-a-caballo-ecologicos-selva-misiones,2459,Cabalgata  por la Selva en Iguazú  de 2 horas,https://www.tur.com/es/puerto-iguazu-157/paseos-a-caballo-ecologicos-selva-misiones-2459
Cabalgata  por la Selva en Iguazú  de 1 hora,cabalgata-ecologica-indio-solitario-iguazu-misiones,2457,Cabalgata  por la Selva en Iguazú  de 1 hora,https://www.tur.com/es/puerto-iguazu-157/cabalgata-ecologica-indio-solitario-iguazu-misiones-2457
Excursión a Cataratas Brasileras y Parque das Aves,cataratas-iguzau-brasil-parque-das-aves-transporte-incluido,2443,Excursión a Cataratas Brasileras y Parque de las Aves ,https://www.tur.com/es/puerto-iguazu-157/cataratas-iguzau-brasil-parque-das-aves-transporte-incluido-2443
Travesía Iguazú regreso del Parque a Puerto Iguazú,travesia-iguazu-regreso-del-parque-a-puerto-iguazu,3342,Travesía Iguazú regreso del Parque a Puerto Iguazú ,https://www.tur.com/es/puerto-iguazu-157/travesia-iguazu-regreso-del-parque-a-puerto-iguazu-3342
Gran Aventura y Excursión Cataratas Lado Argentina,tour-cataratas-iguazu-navegacion-gran-aventura-transporte-incluido,2378,Excursión Cataratas Lado Argentina y Navegación la Gran Aventura ,https://www.tur.com/es/puerto-iguazu-157/tour-cataratas-iguazu-navegacion-gran-aventura-transporte-incluido-2378
Excursión Privada a Cataratas del Iguazú Brasil,excursion-privada-a-cataratas-del-iguazu-brasil,3346,Excursión Privada a Cataratas del Iguazú Brasil ,https://www.tur.com/es/puerto-iguazu-157/excursion-privada-a-cataratas-del-iguazu-brasil-3346
"Cataratas Argentina, Brasil, Gran Aventura y Aves","cataratas-argentina,-brasil,-gran-aventura-y-aves",3339,Excursión a Cataratas de Argentina con  Gran Aventura y Brasil con Parque de Aves,"https://www.tur.com/es/puerto-iguazu-157/cataratas-argentina,-brasil,-gran-aventura-y-aves-3339"
City Tour de Puerto Iguazú,city-tour-de-puerto-iguazu,4750,City Tour de Puerto Iguazú,https://www.tur.com/es/puerto-iguazu-157/city-tour-de-puerto-iguazu-4750
"Cataratas Total con Gran Aventura, Minas y Ruinas ",cataratas-total-con-gran-aventura-minas-y-ruinas,2815,Cataratas Brasil y Argentina con Gran Aventura + Excursión a Minas de Wanda y Ruinas  San Ignacio,https://www.tur.com/es/puerto-iguazu-157/cataratas-total-con-gran-aventura-minas-y-ruinas-2815
Cataratas Brasil y Argentina con Gran Aventura,cataratas-brasil-y-argentina-con-gran-aventura,3337,Excursión a Cataratas de Brasil y Argentina con Navegación Gran Aventura  ,https://www.tur.com/es/puerto-iguazu-157/cataratas-brasil-y-argentina-con-gran-aventura-3337
Show artístico en Madero Tango Iguazú,show-artistico-en-madero-tango-iguazu,4754,Entrada al Show artístico Madero Tango Iguazú,https://www.tur.com/es/puerto-iguazu-157/show-artistico-en-madero-tango-iguazu-4754
Excursión a Aldea Guaraní Fortín Mbororé,excursion-a-aldea-guarani-fortin-mborore,2813,Excursión a aldea Guaraní Fortín M'bororé en Puerto Iguazú,https://www.tur.com/es/puerto-iguazu-157/excursion-a-aldea-guarani-fortin-mborore-2813
Excursión Privada a Cataratas del Iguazú Argentina,excursion-privada-a-cataratas-del-iguazu-argentina,3344,Excursión Privada a Cataratas del Iguazú Argentina ,https://www.tur.com/es/puerto-iguazu-157/excursion-privada-a-cataratas-del-iguazu-argentina-3344
Excursión a Minas de Wanda y sus Tesoros Minerales ,excursion-a-minas-de-wanda-y-sus-tesoros-minerales,2814,Excursión a Minas de Wanda y sus tesoros minerales en Puerto Iguazú,https://www.tur.com/es/puerto-iguazu-157/excursion-a-minas-de-wanda-y-sus-tesoros-minerales-2814
Naturaleza y Cultura: Biocentro y Aldea Guaraní,biocentro-comunidad-guarani-iguazu,2448,Excursión natural por el Biocentro y Aldea Guaraní Fortín Mbororé,https://www.tur.com/es/puerto-iguazu-157/biocentro-comunidad-guarani-iguazu-2448
Jungle Fly Aventura en la Selva en Iguazú,jungle-adventure-selva-iguazu,2437,Jungle Fly Aventura en la Selva en Iguazú,https://www.tur.com/es/puerto-iguazu-157/jungle-adventure-selva-iguazu-2437
Excursión a Ruinas de San Ignacio y Minas de Wanda,excursion-minas-wanda-ruinas-san-ignacio-iguazu,2394,Excursión a Ruinas de San Ignacio y Minas de Wanda ,https://www.tur.com/es/puerto-iguazu-157/excursion-minas-wanda-ruinas-san-ignacio-iguazu-2394
Iguazú 360: Cataratas Lado Brasil y Argentina,iguazu-360-cataratas-lado-brasil-y-argentina,4752,Excursión a Cataratas y Aventura: visita lado Brasil y Argentina con Parque Jungle Fly,https://www.tur.com/es/puerto-iguazu-157/iguazu-360-cataratas-lado-brasil-y-argentina-4752
Excursión y Tour de compras a Ciudad del Este,excursion-y-tour-de-compras-a-ciudad-del-este,4749,Excursión y Tour de compras a Ciudad del Este en Paraguay,https://www.tur.com/es/puerto-iguazu-157/excursion-y-tour-de-compras-a-ciudad-del-este-4749
"Iguazú Total: Cataratas, Gran Aventura y Navegación","iguazu-total-cataratas,-gran-aventura-y-navegacion",5020,"Iguazú Total: Cataratas, Gran Aventura y Navegación de regreso a Puerto Iguazú","https://www.tur.com/es/puerto-iguazu-157/iguazu-total-cataratas,-gran-aventura-y-navegacion-5020"
Excursiónes a las Cataratas de Argentina y Brasil,excursiones-a-las-cataratas-de-argentina-y-brasil,3338,Excursiones a las Cataratas de Argentina y Brasil ,https://www.tur.com/es/puerto-iguazu-157/excursiones-a-las-cataratas-de-argentina-y-brasil-3338
Excursión a Saltos del Mocona desde Puerto Iguazú ,excursion-saltos-del-mocona,2812,Excursión a Saltos del Mocona desde Puerto Iguazú ,https://www.tur.com/es/puerto-iguazu-157/excursion-saltos-del-mocona-2812
Explora la Flora y Fauna en el Biocentro Iguazú ,explora-la-flora-y-fauna-en-el-biocentro-iguazu,2816,Entrada al Biocentro Iguazú: Explora la Flora y Fauna local,https://www.tur.com/es/puerto-iguazu-157/explora-la-flora-y-fauna-en-el-biocentro-iguazu-2816
Paseo en Catamarán a las 3 Fronteras en Pto Iguazú,catamaran-puerto-iguazu-navegacion-rio-transporte-incluido,2440,Paseo en catamarán a Hito 3 Fronteras en Puerto Iguazú ,https://www.tur.com/es/puerto-iguazu-157/catamaran-puerto-iguazu-navegacion-rio-transporte-incluido-2440
Excursión Aldea Guaraní Fortín Mbororé con Brunch,excursion-aldea-guarani-fortin-mborore-con-brunch,3340,Excursión Aldea Guaraní Fortín Mbororé con Brunch,https://www.tur.com/es/puerto-iguazu-157/excursion-aldea-guarani-fortin-mborore-con-brunch-3340
The Argentine Experience: Sabor y Ritual en Iguazú,the-argentine-experience-sabor-y-ritual-en-iguazu,4751,The Argentine Experience: Menú Interactivo con Maridaje de Vinos en Iguazú,https://www.tur.com/es/puerto-iguazu-157/the-argentine-experience-sabor-y-ritual-en-iguazu-4751
Excursión a Cataratas del Iguazú - Lado Argentina,tour-excursion-cataratas-iguazu-misiones-transporte,2432,Cataratas del Iguazú: excursión al lado Argentino,https://www.tur.com/es/puerto-iguazu-157/tour-excursion-cataratas-iguazu-misiones-transporte-2432
Entrada a Fly Park Iguazu: zipline y arborismo,fly-park-iguazu-tirolesas-puentes-caida-libre-transporte-incluido,2456,Entrada a Fly Park Iguazu: zipline y arborismo,https://www.tur.com/es/puerto-iguazu-157/fly-park-iguazu-tirolesas-puentes-caida-libre-transporte-incluido-2456
Entrada al Bar de Hielo - Ice Bar en Puerto Iguazu,icebar-puerto-iguazu-experiencia-hielo,2455,Entrada al Bar de Hielo IceBar Iguazú,https://www.tur.com/es/puerto-iguazu-157/icebar-puerto-iguazu-experiencia-hielo-2455
"Fly Park Iguazu: zipline, freefall y arborismo ","fly-park-iguazu-zipline,-freefall-y-arborismo",2689,Entrada a Fly Park Iguazu: zipline y arborismo con traslados,"https://www.tur.com/es/puerto-iguazu-157/fly-park-iguazu-zipline,-freefall-y-arborismo-2689"
Experiencia Raices en la Posada Puerto Bemberg,experiencia-raices-en-la-posada-puerto-bemberg,2692,Experiencia Raices en la Posada Puerto Bemberg,https://www.tur.com/es/puerto-iguazu-157/experiencia-raices-en-la-posada-puerto-bemberg-2692
Cabalgata Amigos del Jaguar Iguazu ,cabalgata-amigos-del-jaguar-iguazu,2691,Cabalgata Amigos del Jaguar Iguazu ,https://www.tur.com/es/puerto-iguazu-157/cabalgata-amigos-del-jaguar-iguazu-2691
Experiencia Yerbatera Andresito en Iguazu,experiencia-yerbatera-andresito-en-iguazu,2694,Experiencia Yerbatera Andresito en Iguazu,https://www.tur.com/es/puerto-iguazu-157/experiencia-yerbatera-andresito-en-iguazu-2694
"La Aripuca, Comunidad Guarani, Hito 3 fronteras","la-aripuca,-comunidad-guarani,-hito-3-fronteras",2690,"Excursión a la Aripuca, Comunidad Guarani e Hito 3 Fronteras","https://www.tur.com/es/puerto-iguazu-157/la-aripuca,-comunidad-guarani,-hito-3-fronteras-2690"
Cataratas excursión al lado Argentino  con Hito ,cataratas-iguazu-hito-tres-fronteras,5246,Cataratas del Iguazú: Excursión al lado Argentino y visita a Hito de las Tres Fronteras,https://www.tur.com/es/puerto-iguazu-157/cataratas-iguazu-hito-tres-fronteras-5246
Excursión de Turismo Rural Estancia las Mercedes ,excursion-de-turismo-rural-estancia-las-mercedes,2688,Excursión de Turismo Rural Estancia las Mercedes en Argentina,https://www.tur.com/es/puerto-iguazu-157/excursion-de-turismo-rural-estancia-las-mercedes-2688
Excursión y Aventura en Kayak en Puerto Iguazú,excursion-kayak-rio-iguazu,2452,Excursión y Aventura en Kayak en Puerto Iguazú,https://www.tur.com/es/puerto-iguazu-157/excursion-kayak-rio-iguazu-2452
Travesía en Kayak en Puerto Iguazú de día completo,travesia-en-kayak-en-puerto-iguazu-de-dia-completo,3193,Travesía en Kayak en Puerto Iguazú de día completo,https://www.tur.com/es/puerto-iguazu-157/travesia-en-kayak-en-puerto-iguazu-de-dia-completo-3193
Experiencia IceBar con traslados en Puerto Iguazu,experiencia-icebar-con-traslados-en-puerto-iguazu,2668,Entrada al Bar de Hielo - Ice Bar Iguazú con traslados,https://www.tur.com/es/puerto-iguazu-157/experiencia-icebar-con-traslados-en-puerto-iguazu-2668
Cabalgata en la Selva y Comunidades Guaraníes,cabalgata-en-la-selva-y-comunidades-guaranies,2667,Cabalgata en la Selva y Comunidades Guaraníes,https://www.tur.com/es/puerto-iguazu-157/cabalgata-en-la-selva-y-comunidades-guaranies-2667
Bautismo de Buceo en Lago Moreno en Bariloche,bautismo-de-buceo-en-lago-moreno-en-bariloche,2586,Bautismo de Buceo en Lago Moreno en Bariloche,https://www.tur.com/es/san-carlos-de-bariloche-158/bautismo-de-buceo-en-lago-moreno-en-bariloche-2586
Excursión de Buceo en Lago Moreno desde Bariloche,excursion-de-buceo-en-lago-moreno-desde-bariloche,3173,Excursión de Buceo en Lago Moreno desde Bariloche ,https://www.tur.com/es/san-carlos-de-bariloche-158/excursion-de-buceo-en-lago-moreno-desde-bariloche-3173
Paseo en lancha por Lago Moreno de 1 hora ,paseo-en-lancha-por-lago-moreno-de-1-hora,2587,Paseo en lancha por Lago Moreno de 1 hora ,https://www.tur.com/es/san-carlos-de-bariloche-158/paseo-en-lancha-por-lago-moreno-de-1-hora-2587
Bautismo de Buceo en Lago Nahuel Huapi,bautismo-de-buceo-en-lago-nahuel-huapi,3025,Bautismo de Buceo en Lago Nahuel Huapi ,https://www.tur.com/es/san-carlos-de-bariloche-158/bautismo-de-buceo-en-lago-nahuel-huapi-3025
Minicat: Circuito Chico desde el Lago Moreno,minicat-circuito-chico-desde-el-lago-moreno,3240,Minicat: Circuito Chico desde el Lago Moreno,https://www.tur.com/es/san-carlos-de-bariloche-158/minicat-circuito-chico-desde-el-lago-moreno-3240
Trekking al Refugio Frey: Aventura y Paisajes Únicos,trekking-al-refugio-frey-aventura-y-paisajes-unicos,3246,Trekking al Refugio Frey: Aventura y Paisajes Únicos,https://www.tur.com/es/san-carlos-de-bariloche-158/trekking-al-refugio-frey-aventura-y-paisajes-unicos-3246
Trekking Nocturno en Cerro López: Magia y aventura,trekking-nocturno-en-cerro-lopez-magia-y-aventura,3245,Trekking Nocturno en Cerro López: Magia y aventura,https://www.tur.com/es/san-carlos-de-bariloche-158/trekking-nocturno-en-cerro-lopez-magia-y-aventura-3245
"Destilados Patagónicos: Vermut, Whisky y Gin","destilados-patagonicos-vermut,-whisky-y-gin",3242,"Visita con degustación a 3 Destilerías Patagónicas de Whisky, Vermut y Gin con almuerzo","https://www.tur.com/es/san-carlos-de-bariloche-158/destilados-patagonicos-vermut,-whisky-y-gin-3242"
Chocolate Tasting: Un viaje de sabores únicos,chocolate-tasting-un-viaje-de-sabores-unicos,4077,Chocolate Tasting: Un viaje de sabores únicos,https://www.tur.com/es/san-carlos-de-bariloche-158/chocolate-tasting-un-viaje-de-sabores-unicos-4077
Bodega Adamow: Vinos y naturaleza en Lago Puelo,bodega-adamow-vinos-y-naturaleza-en-lago-puelo,3241,Bodega Adamow: Vinos y naturaleza en Lago Puelo,https://www.tur.com/es/san-carlos-de-bariloche-158/bodega-adamow-vinos-y-naturaleza-en-lago-puelo-3241
Creá tu propio chocolate en Chocolaterie,crea-tu-propio-chocolate-artesanal-en-chocolateria,3248,Crea tu propio chocolate en una Chocolatería Artesanal,https://www.tur.com/es/san-carlos-de-bariloche-158/crea-tu-propio-chocolate-artesanal-en-chocolateria-3248
Experiencia WineHouse: Sabores de la Patagonia,experiencia-winehouse-sabores-de-la-patagonia,3243,Experiencia WineHouse: Sabores de la Patagonia,https://www.tur.com/es/san-carlos-de-bariloche-158/experiencia-winehouse-sabores-de-la-patagonia-3243
Excursión Ruta 7 lagos a San Martin de los Andes,excursion-ruta-7-lagos-a-san-martin-de-los-andes-patagonia,2576,Excursión Ruta 7 lagos a San Martin de los Andes desde Bariloche,https://www.tur.com/es/san-carlos-de-bariloche-158/excursion-ruta-7-lagos-a-san-martin-de-los-andes-patagonia-2576
Cabalgata en la Estepa con Asado en Bariloche,cabalgata-en-la-estepa-con-asado-en-bariloche,2580,Cabalgata en la Estepa con Asado en Bariloche,https://www.tur.com/es/san-carlos-de-bariloche-158/cabalgata-en-la-estepa-con-asado-en-bariloche-2580
Excursión a la Comarca del Bolsón y Lago Puelo ,excursion-a-la-comarca-del-bolson-y-lago-puelo,2585,Excursión a la Comarca del Bolsón y Lago Puelo ,https://www.tur.com/es/san-carlos-de-bariloche-158/excursion-a-la-comarca-del-bolson-y-lago-puelo-2585
Navegación en Velero Orgulloso en el Nahuel Huapi,navegacion-en-velero-orgulloso-en-el-nahuel-huapi,2578,Navegación en Velero Orgulloso en el Nahuel Huapi,https://www.tur.com/es/san-carlos-de-bariloche-158/navegacion-en-velero-orgulloso-en-el-nahuel-huapi-2578
Paseo en Tren Patagónico Bariloche con Cena y Show,paseo-en-tren-patagonico-bariloche-con-cena-y-show,3321,Paseo en Tren Patagónico con Cena y Show desde Bariloche,https://www.tur.com/es/san-carlos-de-bariloche-158/paseo-en-tren-patagonico-bariloche-con-cena-y-show-3321
Excursión por el Circuito Chico en Bariloche,excursion-por-el-circuito-chico-en-bariloche,2579,Excursión por el Circuito Chico en Bariloche,https://www.tur.com/es/san-carlos-de-bariloche-158/excursion-por-el-circuito-chico-en-bariloche-2579
Excursión a Circuito Grande con Traful y Angostura ,excursion-a-circuito-grande-con-traful-y-angostura,2583,Excursión a Circuito Grande con Traful y Angostura ,https://www.tur.com/es/san-carlos-de-bariloche-158/excursion-a-circuito-grande-con-traful-y-angostura-2583
Excursión al Cerro Tronador y Ventisquero Negro ,excursion-al-cerro-tronador-y-ventisquero-negro,2582,Excursión al Cerro Tronador y Ventisquero Negro ,https://www.tur.com/es/san-carlos-de-bariloche-158/excursion-al-cerro-tronador-y-ventisquero-negro-2582
Navegación y Trekking descubriendo Brazo Tristeza,navegacion-y-trekking-descubriendo-brazo-tristeza,2797,Navegación y Trekking descubriendo Brazo Tristeza,https://www.tur.com/es/san-carlos-de-bariloche-158/navegacion-y-trekking-descubriendo-brazo-tristeza-2797
Excursión al Cerro Catedral en Bariloche,excursion-al-cerro-catedral-en-bariloche,2584,Excursión al Cerro Catedral en Bariloche,https://www.tur.com/es/san-carlos-de-bariloche-158/excursion-al-cerro-catedral-en-bariloche-2584
Paseo en Kayak en Lago Gutierrez de medio día,paseo-en-kayak-en-lago-gutierrez-de-medio-dia,2577,Paseo en Kayak en Lago Gutierrez de medio día,https://www.tur.com/es/san-carlos-de-bariloche-158/paseo-en-kayak-en-lago-gutierrez-de-medio-dia-2577
Volá en el Canopy Adventure Tour Bariloche,vola-en-el-canopy-adventure-tour-bariloche,2604,Canopy Cerro Lopez Vuela entre Árboles en Bariloche,https://www.tur.com/es/san-carlos-de-bariloche-158/vola-en-el-canopy-adventure-tour-bariloche-2604
Euca Bariloche Parque Aéreo y Arborismo Nivel 1,euca-bariloche-parque-aereo-y-arborismo-nivel-1,3310,Euca Bariloche Parque Aéreo y Arborismo - Entrada a Nivel 1 ,https://www.tur.com/es/san-carlos-de-bariloche-158/euca-bariloche-parque-aereo-y-arborismo-nivel-1-3310
Euca Bariloche Parque Aéreo Arborismo Nivel 1 2 3,euca-bariloche-parque-aereo-arborismo-nivel-1-2-3,3311,"Euca Bariloche Parque Aéreo Arborismo - Entrada a Nivel 1, 2 y 3 ",https://www.tur.com/es/san-carlos-de-bariloche-158/euca-bariloche-parque-aereo-arborismo-nivel-1-2-3-3311
Euca Bariloche Parque Aéreo y Arborismo - MINI,euca-bariloche-parque-aereo-y-arborismo-mini,3309,Euca Bariloche Parque Aéreo y Arborismo - Entrada a sector MINI ,https://www.tur.com/es/san-carlos-de-bariloche-158/euca-bariloche-parque-aereo-y-arborismo-mini-3309
Euca Bariloche Parque Aéreo y Arborismo 5 Niveles ,euca-bariloche-parque-aereo-y-arborismo-5-niveles,2821,Euca Bariloche Parque Aéreo y Arborismo - Entrada a 5 Niveles ,https://www.tur.com/es/san-carlos-de-bariloche-158/euca-bariloche-parque-aereo-y-arborismo-5-niveles-2821
Rafting en el Manso: A la Frontera Límite con Chile,rafting-en-el-manso-a-la-frontera-limite-con-chile,2826,Rafting en el Manso: A la Frontera Límite con Chile,https://www.tur.com/es/san-carlos-de-bariloche-158/rafting-en-el-manso-a-la-frontera-limite-con-chile-2826
Rafting Familiar Rio Manso Villegas en Bariloche,rafting-familiar-rio-manso-villegas-en-bariloche,2827,Rafting Familiar Rio Manso Villegas en Bariloche,https://www.tur.com/es/san-carlos-de-bariloche-158/rafting-familiar-rio-manso-villegas-en-bariloche-2827
Pesca en el Lago Nahuel Huapi,pesca-en-el-lago-nahuel-huapi,2828,Pesca en el Lago Nahuel Huapi,https://www.tur.com/es/san-carlos-de-bariloche-158/pesca-en-el-lago-nahuel-huapi-2828
Kayak en el Valle Encantado por el río Limay,kayak-en-el-valle-encantado-por-el-rio-limay,4271,Kayak en el Valle Encantado por el río Limay,https://www.tur.com/es/san-carlos-de-bariloche-158/kayak-en-el-valle-encantado-por-el-rio-limay-4271
Paseo en Bicicleta por Circuito Chico en Bariloche,paseo-bicicleta-circuito-chico-bariloche,3572,Paseo en bicicleta por Circuito Chico en Bariloche,https://www.tur.com/es/san-carlos-de-bariloche-158/paseo-bicicleta-circuito-chico-bariloche-3572
Trekking al Refugio Roca Negra y Cerro Lopez,trekking-refugio-roca-negra-cerro-lopez-bariloche,3574,Trekking al Refugio Roca Negra y Cerro López,https://www.tur.com/es/san-carlos-de-bariloche-158/trekking-refugio-roca-negra-cerro-lopez-bariloche-3574
Trekking Cumbres y Cerro Bella Vista,trekking-cumbres-cerro-bella-vista-bariloche,3573,Trekking Cumbres y Cerro Bella Vista,https://www.tur.com/es/san-carlos-de-bariloche-158/trekking-cumbres-cerro-bella-vista-bariloche-3573
Skyswing K1 Mirador la mejor Hamaca del mundo! ,skyswing-k1-mirador-la-mejor-hamaca-del-mundo,2840,Skyswing K1 Mirador la mejor Hamaca del mundo,https://www.tur.com/es/san-carlos-de-bariloche-158/skyswing-k1-mirador-la-mejor-hamaca-del-mundo-2840
La Cueva Travesía Afterski en Moto de Nieve y Cena,travesia-afterski-en-moto-de-nieve-y-cena,4660,Travesía Afterski en Moto de Nieve y Cena,https://www.tur.com/es/san-carlos-de-bariloche-158/travesia-afterski-en-moto-de-nieve-y-cena-4660
La Cueva Travesía en Moto de Nieve en Bariloche,travesia-en-moto-de-nieve-en-bariloche,4662,Travesía en Moto de Nieve en Bariloche,https://www.tur.com/es/san-carlos-de-bariloche-158/travesia-en-moto-de-nieve-en-bariloche-4662
La Cueva Travesía Nocturna en Moto de Nieve y Cena,travesia-nocturna-en-moto-de-nieve-y-cena,4661,Travesía Nocturna en Moto de Nieve y Cena,https://www.tur.com/es/san-carlos-de-bariloche-158/travesia-nocturna-en-moto-de-nieve-y-cena-4661
Kayak de Travesia Lago Moreno Oeste - Morenito,kayak-de-travesia-lago-moreno-oeste-morenito,3566,Kayak de Travesia Lago Moreno Oeste - Morenito,https://www.tur.com/es/san-carlos-de-bariloche-158/kayak-de-travesia-lago-moreno-oeste-morenito-3566
Rafting Rio Manso a la Frontera con Chile,rafting-rio-manso-frontera-chile-desde-bariloche,3151,Rafting en Río Manso hasta la Frontera con Chile desde Bariloche,https://www.tur.com/es/san-carlos-de-bariloche-158/rafting-rio-manso-frontera-chile-desde-bariloche-3151
Experiencia Rafting en Rio Villegas en Bariloche,rafting-familiar-rio-villegas-desde-bariloche,3152,Experiencia de Rafting Familiar en Río Villegas desde Bariloche,https://www.tur.com/es/san-carlos-de-bariloche-158/rafting-familiar-rio-villegas-desde-bariloche-3152
Clase Grupal de Esquí Nórdico en Bariloche,clase-grupal-de-esqui-nordico-en-bariloche,4382,Clase Grupal de Esquí Nórdico en Bariloche,https://www.tur.com/es/san-carlos-de-bariloche-158/clase-grupal-de-esqui-nordico-en-bariloche-4382
Noche Nórdica en Moto de Nieve y Cena,noche-nordica-en-moto-de-nieve-y-cena,4384,Noche Nórdica en Moto de Nieve y Cena,https://www.tur.com/es/san-carlos-de-bariloche-158/noche-nordica-en-moto-de-nieve-y-cena-4384
Navegación a Puerto Blest extendido a Lago Frías,navegacion-a-puerto-blest-extendido-a-lago-frias,2562,Navegación a Puerto Blest extendido a Lago Frías,https://www.tur.com/es/san-carlos-de-bariloche-158/navegacion-a-puerto-blest-extendido-a-lago-frias-2562
Cruce Andino en Bicicleta: Aventura Épica,cruce-andino-en-bicicleta-aventura-epica,3227,Cruce Andino en Bicicleta: Aventura Épica,https://www.tur.com/es/san-carlos-de-bariloche-158/cruce-andino-en-bicicleta-aventura-epica-3227
Mágico Cruce Andino de Bariloche a Puerto Varas,cruce-andino-lagos-cordillera-andes-bariloche,3226,Cruce Andino desde San Carlos de Bariloche a Puerto Varas,https://www.tur.com/es/san-carlos-de-bariloche-158/cruce-andino-lagos-cordillera-andes-bariloche-3226
Excursión a Isla Victoria y Bosque de Arrayanes,excursion-a-isla-victoria-y-bosque-de-arrayanes,2563,Excursión a Isla Victoria y Bosque de Arrayanes,https://www.tur.com/es/san-carlos-de-bariloche-158/excursion-a-isla-victoria-y-bosque-de-arrayanes-2563
Navegación Puerto Blest y Cascada de los Cántaros,navegacion-puerto-blest-y-cascada-de-los-cantaro,2564,Navegación Puerto Blest y Cascada de los Cántaros,https://www.tur.com/es/san-carlos-de-bariloche-158/navegacion-puerto-blest-y-cascada-de-los-cantaro-2564
Salto en Paracaídas con SkyDiving en Mendoza,salto-en-paracaidas-con-skydiving-en-mendoza,2791,Salto en Paracaídas con SkyDiving en Mendoza,https://www.tur.com/es/mendoza-159/salto-en-paracaidas-con-skydiving-en-mendoza-2791
Free Tour por la ciudad de Mendoza,free-tour-ciudad-mendoza,5414,Free Tour por la ciudad de Mendoza,https://www.tur.com/es/mendoza-159/free-tour-ciudad-mendoza-5414
Vuelo de Altura en Parapente Cerro Arco en Mendoza,vuelo-de-altura-en-parapente-cerro-arco-en-mendoza,5179,Vuelo de Altura en Parapente Cerro Arco con instructor en Mendoza,https://www.tur.com/es/mendoza-159/vuelo-de-altura-en-parapente-cerro-arco-en-mendoza-5179
Vuelo Tradicional en Parapente Cerro Arco Mendoza,vuelo-tradicional-en-parapente-cerro-arco-mendoza,5180,Vuelo Tradicional en Parapente Cerro Arco Mendoza,https://www.tur.com/es/mendoza-159/vuelo-tradicional-en-parapente-cerro-arco-mendoza-5180
Vuelo en Parapente Biplaza en Mendoza,vuelo-en-parapente-biplaza-en-mendoza,4604,Vuelo en Parapente Biplaza en Mendoza con instructor,https://www.tur.com/es/mendoza-159/vuelo-en-parapente-biplaza-en-mendoza-extendido-4605
Vuelo en Parapente Biplaza en Mendoza Extendido,vuelo-en-parapente-biplaza-en-mendoza-extendido,4605,Vuelo en Parapente Biplaza en Mendoza Extendido con instructor,https://www.tur.com/es/mendoza-159/vuelo-en-parapente-biplaza-en-mendoza-extendido-4605
Atardecer en Casa Vigil,atardecer-casa-vigil-experiencia-enologica,5239,Atardecer Mágico con Cena en Casa Vigil,https://www.tur.com/es/mendoza-159/atardecer-casa-vigil-experiencia-enologica-5239
Globo al Atardecer,vuelo-en-globo-al-atardecer-en-mendoza,5138,Vuelo en Globo al Atardecer sobre Viñedos en Mendoza,https://www.tur.com/es/mendoza-159/vuelo-en-globo-al-atardecer-en-mendoza-5138
Enólogo por un día: Crea tu propio vino Blend,enologo-por-un-dia-crea-tu-propio-vino-blend,3989,Enólogo por un día: Crea tu propio vino Blend con almuerzo y degustación,https://www.tur.com/es/mendoza-159/enologo-por-un-dia-crea-tu-propio-vino-blend-3989
Excursión al Parque de Agua de Termas de Cacheuta,excursion-al-parque-de-agua-de-termas-de-cacheuta,4784,Excursión al Parque de Agua de Termas de Cacheuta,https://www.tur.com/es/mendoza-159/excursion-al-parque-de-agua-de-termas-de-cacheuta-4784
Wine Tour Superior: Degustación y Almuerzo Gourmet,wine-tour-superior-degustacion-y-almuerzo-gourmet,4097,Tour de Vino Superior: Degustación y Almuerzo Gourmet,https://www.tur.com/es/mendoza-159/wine-tour-superior-degustacion-y-almuerzo-gourmet-4097
Excursión a la Alta Montaña: Aconcagua y los Andes,excursion-a-la-alta-montana-aconcagua-y-los-andes,4112,Excursión a la Alta Montaña: Aconcagua y los Andes,https://www.tur.com/es/mendoza-159/excursion-a-la-alta-montana-aconcagua-y-los-andes-4112
Mindfulness Termal (con traslado),mindfulness-termal-(con-traslado),5232,Experiencia Mindfulness en las Termas de Cacheuta,https://www.tur.com/es/mendoza-159/mindfulness-termal-(con-traslado)-5232
Cena Gourmet en Restaurante de Bodega,cena-gourmet-en-restaurante-de-bodega,5238,Cena Gourmet Privada en Restaurante de Bodega Mendocina,https://www.tur.com/es/mendoza-159/cena-gourmet-en-restaurante-de-bodega-5238
Full Spa Termas de Cacheuta: Relax de Montaña,full-spa-termas-de-cacheuta-relax-de-montana,4102,Excursión Full Spa en el Hotel Termal de Cacheuta con almuerzo,https://www.tur.com/es/mendoza-159/full-spa-termas-de-cacheuta-relax-de-montana-4102
Wine Classic Tour: Sabores y Almuerzo de Montaña,wine-classic-tour-sabores-y-almuerzo-de-montana,4096,Tour de Vino Clásico: Bodegas y Almuerzo de Montaña,https://www.tur.com/es/mendoza-159/wine-classic-tour-sabores-y-almuerzo-de-montana-4096
"Esta experiencia, conocida como el circuito chico de alta montaña, comienza bordeando las aguas del río Mendoza y atravesando la elegante zona de Chacras de Coria. La aventura cobra emoción en Cacheuta, donde tendrás el desafío de cruzar su emblemático puente colgante antes de iniciar el ascenso por los pintorescos caracoles de montaña y atravesar el túnel que conecta con el Dique Potrerillos. Al salir del túnel, te sorprenderá la vista espectacular de este espejo de agua turquesa rodeado de cumbres majestuosas, el sitio ideal para capturar fotografías profesionales. El recorrido continúa explorando villas de montaña como Las Carditas, El Salto y Valle del Sol, alcanzando la serenidad de Piedras Blancas, donde dispondrás de tiempo libre para caminar por senderos naturales o disfrutar de una merienda típica en una pastelería de montaña. Bajo la supervisión de guías que conocen cada rincón de la cordillera, el regreso se realiza por la Ruta Nacional 7, cruzando la zona de Agrelo, epicentro del Malbec, para concluir un día lleno de contrastes y paisajes únicos.",tour-montana-cacheuta-potrerillos-mendoza,5429,Excursión Circuito Chico a Cacheuta y Potrerillos,https://www.tur.com/es/mendoza-159/tour-montana-cacheuta-potrerillos-mendoza-5429
"Esta aventura gastronómica comienza por la mañana con un viaje hacia el histórico departamento de Maipú, el corazón de la tradición mendocina, donde nos adentraremos en los cautivadores espacios de la Bodega Florio para conocer sus secretos de producción y disfrutar de una degustación selecta de sus etiquetas más representativas. El desafío sensorial continúa con una visita exclusiva a la prestigiosa destilería artesanal Hilbing & Franke, un espacio dedicado a la creación de bebidas espirituales de alta gama donde exploraremos el proceso de elaboración de sus premiados gin, grappa y brandy, reconocidos por su excelencia a nivel mundial. Para coronar este despliegue de sabores, regresaremos hacia la ciudad de Mendoza con el objetivo de visitar la emblemática fábrica Chocolezza, una marca que es sinónimo de maestría en el chocolate artesanal y cuyos alfajores son un hito para cualquier viajero. Acompañados en todo momento por guías especializados que enriquecen el recorrido con historias locales, los visitantes podrán sumergirse en este destino ideal para los amantes de las cosas ricas, finalizando la jornada con un cómodo regreso al hotel tras haber vivido una verdadera inmersión en la cultura culinaria de la provincia.","ruta-de-sabores-destileria,-bodega-y-choclateria",4095,"Ruta de Sabores Mendocinos: Destilería, Bodega y Chocolatería","https://www.tur.com/es/mendoza-159/ruta-de-sabores-destileria,-bodega-y-choclateria-4095"
Excursión a la Alta Montaña en Servicio Privado,excursion-a-la-alta-montana-en-servicio-privado,4114,Excursión a la Alta Montaña de Mendoza en Servicio Privado,https://www.tur.com/es/mendoza-159/excursion-a-la-alta-montana-en-servicio-privado-4114
Cabalgata entre viñedos (con asado y degustación),cabalgata-entre-vinedos-(con-asado-y-degustacion),5236,Cabalgata Privada entre Viñedos con asado y degustación,https://www.tur.com/es/mendoza-159/cabalgata-entre-vinedos-(con-asado-y-degustacion)-5236
Cabalgata para toda la Familia en Cacheuta,cabalgata-familiar-cacheuta-mendoza,3361,Cabalgata familiar en Cacheuta con guías expertos,https://www.tur.com/es/mendoza-159/cabalgata-familiar-cacheuta-mendoza-3361
Camino del Vino El Sol - Martes,camino-del-vino-el-sol-martes,3141,Bus Vitivinícola Camino del Vino El Sol - Martes,https://www.tur.com/es/mendoza-159/camino-del-vino-el-sol-martes-3141
Camino del Vino Luján de Cuyo Tierra Malbec – Jueves,camino-del-vino-lujan-de-cuyo-tierra-malbec-–-jueves,3142,Bus Vitivinícola Camino del Vino Luján de Cuyo Tierra Malbec – Jueves,https://www.tur.com/es/mendoza-159/camino-del-vino-lujan-de-cuyo-tierra-malbec-–-jueves-3142
Camino del Vino y Olivos de Maipú - Lunes,camino-del-vino-y-olivos-de-maipu-lunes,3526,Bus Vitivinícola Camino del Vino y Olivos de Maipú - Lunes,https://www.tur.com/es/mendoza-159/camino-del-vino-y-olivos-de-maipu-lunes-3526
Camino del Vino Luján Sur - Viernes,camino-del-vino-lujan-sur-viernes,3143,Bus Vitivinícola Camino del Vino Luján Sur - Viernes,https://www.tur.com/es/mendoza-159/camino-del-vino-lujan-sur-viernes-3143
Camino del Vino Valle de Uco Sur - Miércoles,camino-del-vino-valle-de-uco-sur-miercoles,3144,Bus Vitivinícola Camino del Vino Valle de Uco Sur - Miércoles,https://www.tur.com/es/mendoza-159/camino-del-vino-valle-de-uco-sur-miercoles-3144
Camino del Vino Valle de Uco - Domingos . Ruta 89,camino-del-vino-valle-de-uco-domingos-.-ruta-89,3147,Bus Vitivinícola Camino del Vino Valle de Uco - Domingos . Ruta 89,https://www.tur.com/es/mendoza-159/camino-del-vino-valle-de-uco-domingos-.-ruta-89-3147
Cabalgata Familiar por la Finca EcoMalargue,cabalgata-familiar-por-la-finca-ecomalargue,3284,Cabalgata Familiar por la Finca EcoMalargue,https://www.tur.com/es/mendoza-159/cabalgata-familiar-por-la-finca-ecomalargue-3284
"Cabalgata al Atardecer con Asado, Fogón y Guitarra","cabalgata-al-atardecer-con-asado,-fogon-y-guitarra",2830,"Cabalgata al Atardecer con Asado, Fogón y Guitarra en Mendoza","https://www.tur.com/es/mendoza-159/cabalgata-al-atardecer-con-asado,-fogon-y-guitarra-2830"
Cabalgata Criolla a la Mañana con Asado en Mendoza,cabalgata-criolla-a-la-manana-con-asado-en-mendoza,3172,Cabalgata Criolla a la Mañana con Asado en Mendoza,https://www.tur.com/es/mendoza-159/cabalgata-criolla-a-la-manana-con-asado-en-mendoza-3172
Vuelo en Helicóptero sobre Tupungato y Bodegas,vuelo-en-helicoptero-tupungato-y-bodegas,3547,Vuelo en Helicóptero sobre Tupungato y Bodegas,https://www.tur.com/es/mendoza-159/vuelo-en-helicoptero-tupungato-y-bodegas-3547
Explora la Ciudad Mendoza en Altura en Helicóptero,explora-mendoza-en-helicoptero,3545,Explora la Ciudad Mendoza en Altura en Helicóptero,https://www.tur.com/es/mendoza-159/explora-mendoza-en-helicoptero-3545
Trekking al Aconcagua y Cumbre del Cerro Bonete,trekking-al-aconcagua-y-cumbre-del-cerro-bonete,3066,Trekking al Aconcagua y Cumbre del Cerro Bonete,https://www.tur.com/es/mendoza-159/trekking-al-aconcagua-y-cumbre-del-cerro-bonete-3066
Trekking Plaza Francia al Aconcagua en 3 Días,trekking-plaza-francia-al-aconcagua-en-3-dias,3065,Trekking Plaza Francia al Aconcagua en 3 Días,https://www.tur.com/es/mendoza-159/trekking-plaza-francia-al-aconcagua-en-3-dias-3065
Trekking a Plaza Francia y Plaza de Mulas en 5 días,trekking-a-plaza-francia-y-plaza-de-mulas-en-5-dias,3067,Trekking a Plaza Francia y Plaza de Mulas en 5 días,https://www.tur.com/es/mendoza-159/trekking-a-plaza-francia-y-plaza-de-mulas-en-5-dias-3067
"Explora Bodegas de Maipú: Vinos, Aceites y Sabores","explora-bodegas-de-maipu-vinos,-aceites-y-sabores",3495,Visita a Bodegas Trapiche y Antigal con almuerzo en Aceitera Pan & Oliva,"https://www.tur.com/es/mendoza-159/explora-bodegas-de-maipu-vinos,-aceites-y-sabores-3495"
Tour privado en bodegas de Luján de Cuyo,tour-privado-en-bodegas-de-lujan-de-cuyo,3501,"Tour Privado Bodegas Benegas, Ruca Malen y Norton de Luján de Cuyo",https://www.tur.com/es/mendoza-159/tour-privado-en-bodegas-de-lujan-de-cuyo-3501
La Mejor Cabalgata al Atardecer y Asado en Mendoza,la-mejor-cabalgata-al-atardecer-y-asado-en-mendoza,2916,La Mejor Cabalgata al Atardecer y Asado en Mendoza,https://www.tur.com/es/mendoza-159/la-mejor-cabalgata-al-atardecer-y-asado-en-mendoza-2916
Excursión Imperdible Cañón del Atuel y San Rafael,excursion-imperdible-canon-del-atuel-y-san-rafael,3491,Excursión Imperdible Cañón del Atuel y San Rafael desde Mendoza,https://www.tur.com/es/mendoza-159/excursion-imperdible-canon-del-atuel-y-san-rafael-3491
Cabalgata Full Day en la Quebrada del Condor,cabalgata-full-day-en-la-quebrada-del-condor,3502,Cabalgata al mirador de Quebrada del Condor con almuerzo,https://www.tur.com/es/mendoza-159/cabalgata-full-day-en-la-quebrada-del-condor-3502
Trekking Medio Aconcagua hasta 3400m Día Completo,aconcagua-trekking-dia-mendoza-3400m,2513,Trekking Medio Aconcagua hasta 3400m Día Completo,https://www.tur.com/es/mendoza-159/aconcagua-trekking-dia-mendoza-3400m-2513
Experiencia Aconcagua: Mirador y Puente del Inca,experiencia-aconcagua-mirador-y-puente-del-inca,3492,Experiencia Aconcagua: Mirador y Puente del Inca,https://www.tur.com/es/mendoza-159/experiencia-aconcagua-mirador-y-puente-del-inca-3492
Cabalgata Familiar Criolla en Lunlunta en Mendoza,cabalgata-familiar-criolla-en-lunlunta-en-mendoza,3493,Cabalgata Familiar Criolla en Lunlunta en Mendoza,https://www.tur.com/es/mendoza-159/cabalgata-familiar-criolla-en-lunlunta-en-mendoza-3493
Tour en Bicicleta Autoguiado por Bodegas,tour-en-bicicleta-autoguiado-por-bodegas,4125,Tour en Bicicleta Autoguiado por Bodegas,https://www.tur.com/es/mendoza-159/tour-en-bicicleta-autoguiado-por-bodegas-4125
Potrerillos Park Arborismo en Altura Minipark,potrerillos-park-arborismo-en-altura-minipark,3317,Potrerillos Park Arborismo en Altura Minipark,https://www.tur.com/es/mendoza-159/potrerillos-park-arborismo-en-altura-minipark-3317
Potrerillos Park Arborismo en Altura Nivel 1 2 3 4,arborismo-potrerillos-park,3316,"Arborismo en Altura en Potrerillos Park Niveles 1, 2, 3 y 4",https://www.tur.com/es/mendoza-159/arborismo-potrerillos-park-3316
"Aventura Múltiple: Trekking, Rappel y Canopy","aventura-multiple-trekking,-rappel-y-canopy",3331,"Aventura Múltiple: Trekking, Rappel y Canopy","https://www.tur.com/es/mendoza-159/aventura-multiple-trekking,-rappel-y-canopy-3331"
Rafting en el Río Mendoza por 12 km de diversión!,rafting-en-el-rio-mendoza-por-12-km-de-diversion!,3327,Rafting 12 km en el Río Mendoza Desde Potrerillos,https://www.tur.com/es/mendoza-159/rafting-en-el-rio-mendoza-por-12-km-de-diversion!-3327
"Aventuras en Mendoza: Canopy, Rappel y Rafting ","aventuras-en-mendoza-canopy,-rappel-y-rafting",2892,"Aventuras en Mendoza: Canopy, Rappel y Rafting ","https://www.tur.com/es/mendoza-159/aventuras-en-mendoza-canopy,-rappel-y-rafting-2892"
Travesía Stand Up Paddle en Potrerillos Mendoza,stand-up-paddle-potrerillos-mendoza,2896,Travesía Stand Up Paddle en Potrerillos Mendoza ,https://www.tur.com/es/mendoza-159/stand-up-paddle-potrerillos-mendoza-2896
Ascenso al Cerro Penitentes en Mendoza,ascenso-al-cerro-penitentes-en-mendoza,3314,Ascenso al Cerro Penitentes en Mendoza ,https://www.tur.com/es/mendoza-159/ascenso-al-cerro-penitentes-en-mendoza-3314
Parque Aconcagua Laguna del Inca,tour-parque-aconcagua-trekking-laguna-del-inca,3752,Trekking al Parque Aconcagua y Laguna del Inca con Trekking desde Santiago,https://www.tur.com/es/mendoza-159/tour-parque-aconcagua-trekking-laguna-del-inca-3752
Villavicencio Park Arborismo Nivel 1 2 y 3,villavicencio-park-arborismo-nivel-1-2-y-3,4124,Villavicencio Park Arborismo Nivel 1 2 y 3,https://www.tur.com/es/mendoza-159/villavicencio-park-arborismo-nivel-1-2-y-3-4124
Villavicencio Park Arborismo y Zipline Extreme,villavicencio-park-arborismo-y-zipline-extreme,3019,Villavicencio Park Arborismo y Zipline Extreme ,https://www.tur.com/es/mendoza-159/villavicencio-park-arborismo-y-zipline-extreme-3019
Villavicencio Park Arborismo y Tirolesa en Mendoza,villavicencio-park-arborismo-y-tirolesa-en-mendoza,3105,Villavicencio Park Arborismo y Tirolesa en Mendoza,https://www.tur.com/es/mendoza-159/villavicencio-park-arborismo-y-tirolesa-en-mendoza-3105
Andes Truck 4x4 en Reserva Natural Villavicencio,andes-truck-4x4-en-reserva-natural-villavicencio,2625,Andes Truck 4x4 en Reserva Natural Villavicencio,https://www.tur.com/es/mendoza-159/andes-truck-4x4-en-reserva-natural-villavicencio-2625
Excursión a Cañon del Atuel y Ciudad de San Rafael ,excursion-a-canon-del-atuel-y-ciudad-de-san-rafael,2606,Excursión a Cañon del Atuel y Ciudad de San Rafael ,https://www.tur.com/es/mendoza-159/excursion-a-canon-del-atuel-y-ciudad-de-san-rafael-2606
Trekking con Rapel en Roca y Arborismo en Cacheuta,trekking-con-rapel-en-roca-y-arborismo-en-cacheuta,3564,Trekking con Rapel en Roca y Arborismo en Cacheuta ,https://www.tur.com/es/mendoza-159/trekking-con-rapel-en-roca-y-arborismo-en-cacheuta-3564
Excursión a la Reserva Natural de Villavicencio ,excursion-a-la-reserva-natural-de-villavicencio,2607,Excursión a la Reserva Natural de Villavicencio ,https://www.tur.com/es/mendoza-159/excursion-a-la-reserva-natural-de-villavicencio-2607
Rafting Familiar en Río Mendoza en Blanco Encalada,rafting-familiar-en-rio-mendoza-en-blanco-encalada,2490,Rafting Familiar en el Río Mendoza en Blanco Encalada,https://www.tur.com/es/mendoza-159/rafting-familiar-en-rio-mendoza-en-blanco-encalada-2490
Diversión Acuática: Hidrospeed y Rafting Cacheuta,diversion-acuatica-hidrospeed-y-rafting-cacheuta,3563,Diversión Acuática: Hidrospeed y Rafting Cacheuta ,https://www.tur.com/es/mendoza-159/diversion-acuatica-hidrospeed-y-rafting-cacheuta-3563
Excursión de Alta Montaña por los Andes de Mendoza ,excursion-de-alta-montana-por-los-andes-de-mendoza,2610,Excursión de Alta Montaña por los Andes de Mendoza ,https://www.tur.com/es/mendoza-159/excursion-de-alta-montana-por-los-andes-de-mendoza-2610
Arborismo en Cacheuta Aventura en Árboles ,arborismo-en-cacheuta-aventura-en-arboles,2913,Arborismo en Cacheuta  una Aventura en los Árboles ,https://www.tur.com/es/mendoza-159/arborismo-en-cacheuta-aventura-en-arboles-2913
Rafting Potrerillos + Terma y Tirolesa en Cacheuta,rafting-potrerillos-terma-y-tirolesa-en-cacheuta-27164,2493,Rafting Potrerillos + Terma y Tirolesa en Cacheuta,https://www.tur.com/es/mendoza-159/rafting-potrerillos-terma-y-tirolesa-en-cacheuta-27164-2493
Excursión a Bodegas y Fábrica de Aceite de Oliva ,excursion-a-bodegas-y-fabrica-de-aceite-de-oliva,2611,Excursión a Bodegas Familiares y Fábrica de Aceite de Oliva en Mendoza,https://www.tur.com/es/mendoza-159/excursion-a-bodegas-y-fabrica-de-aceite-de-oliva-2611
Rafting Familiar + Tirolesa y Termas de Cacheuta,rafting-familiar-tirolesa-y-termas-de-cacheuta-70920,2495,"Rafting Familiar, Tirolesa y Termas de Cacheuta ",https://www.tur.com/es/mendoza-159/rafting-familiar-tirolesa-y-termas-de-cacheuta-70920-2495
City Tour en la ciudad de Mendoza Capital ,city-tour-en-la-ciudad-de-mendoza-capital,2608,City Tour en la ciudad de Mendoza Capital ,https://www.tur.com/es/mendoza-159/city-tour-en-la-ciudad-de-mendoza-capital-2608
Paseo en Kayak Inflable - Doky en Blanco Encalada,paseo-en-kayak-inflable-doky-en-blanco-encalada,3562,Paseo en Kayak Inflable - Doky en Blanco Encalada ,https://www.tur.com/es/mendoza-159/paseo-en-kayak-inflable-doky-en-blanco-encalada-3562
Paintball en Xtreme Park en Mendoza Outdoor,paintball-en-xtreme-park-en-mendoza-outdoor,3504,Paintball en Xtreme Park en Mendoza Outdoor,https://www.tur.com/es/mendoza-159/paintball-en-xtreme-park-en-mendoza-outdoor-3504
Bicicleta por la Ruta 40 y los 7 Lagos en 3 días,bicicleta-por-la-ruta-40-y-los-7-lagos-en-3-dias,3017,Bicicleta por la Ruta 40 y los 7 Lagos en 3 días,https://www.tur.com/es/san-martin-de-los-andes-160/bicicleta-por-la-ruta-40-y-los-7-lagos-en-3-dias-3017
Bicicleta por la Ruta 40 y los 7 Lagos en 2 días,bicicleta-por-la-ruta-40-y-los-7-lagos-en-2-dias,3016,Bicicleta por la Ruta 40 y los 7 Lagos en 2 días,https://www.tur.com/es/san-martin-de-los-andes-160/bicicleta-por-la-ruta-40-y-los-7-lagos-en-2-dias-3016
Bicicleta por la Ruta 40 y los 7 Lagos en 4 días,bicicleta-por-la-ruta-40-y-los-7-lagos-en-4-dias,3015,Bicicleta por la Ruta 40 y los 7 Lagos en 4 días,https://www.tur.com/es/san-martin-de-los-andes-160/bicicleta-por-la-ruta-40-y-los-7-lagos-en-4-dias-3015
Trekking a Base del Volcán Lanin Cara Sur,trekking-a-base-del-volcan-lanin-cara-sur,2553,Trekking a Base del Volcán Lanin Cara Sur ,https://www.tur.com/es/san-martin-de-los-andes-160/trekking-a-base-del-volcan-lanin-cara-sur-2553
Trekking y Ascenso al Cerro Mallo,trekking-y-ascenso-al-cerro-mallo,2543,Trekking y Ascenso al Cerro Mallo,https://www.tur.com/es/san-martin-de-los-andes-160/trekking-y-ascenso-al-cerro-mallo-3301
Trekking Guiado a la Laguna Rosales y alrededores,trekking-laguna-rosales-san-martin-andes-picnic,2391,Trekking Guiado a la Laguna Rosales y alrededores,https://www.tur.com/es/san-martin-de-los-andes-160/trekking-laguna-rosales-san-martin-andes-picnic-2391
Trekking a la Laguna Rosales ,trekking-a-la-laguna-rosales,2541,Trekking a la Laguna Rosales ,https://www.tur.com/es/san-martin-de-los-andes-160/trekking-a-la-laguna-rosales-2541
Trekking y ascenso al Cerro Falkner,trekking-y-ascenso-al-cerro-falkner,2535,Trekking guiado al cerro Falkner en Parque Nacional Nahuel Huapi,https://www.tur.com/es/san-martin-de-los-andes-160/trekking-y-ascenso-al-cerro-falkner-2535
Ascenso y Trekking al Cerro Colorado,ascenso-y-trekking-al-cerro-colorado,2540,Ascenso y Trekking al Cerro Colorado,https://www.tur.com/es/san-martin-de-los-andes-160/ascenso-y-trekking-al-cerro-colorado-2540
Ascenso al Refugio del Volcan Lanín Cara Norte,trekking-refugio-volcan-lanin-cara-norte,2542,Ascenso al Refugio del Volcan Lanín Cara Norte,https://www.tur.com/es/san-martin-de-los-andes-160/trekking-refugio-volcan-lanin-cara-norte-2542
Ascenso al Volcán Lanín: ¡La Cima Nevada te Espera!,ascenso-al-volcan-lanin-la-cima-nevada-te-espera,2786,Ascenso al Volcán Lanín: La Cima Nevada te Espera,https://www.tur.com/es/san-martin-de-los-andes-160/ascenso-al-volcan-lanin-la-cima-nevada-te-espera-2786
Espectacular Ascenso al Volcán Domuyo,espectacular-ascenso-al-volcan-domuyo,3182,Espectacular Ascenso al Volcán Domuyo,https://www.tur.com/es/san-martin-de-los-andes-160/espectacular-ascenso-al-volcan-domuyo-3182
Excursión a  Villa la Angostura  por Ruta 7 Lagos,excursion-a-villa-la-angostura-por-ruta-7-lagos,2787,Excursión a  Villa la Angostura  por Ruta 7 Lagos,https://www.tur.com/es/san-martin-de-los-andes-160/excursion-a-villa-la-angostura-por-ruta-7-lagos-2787
Trekking Familiar a Mirador Bandurrias y Piedra Mora,trekking-familiar-a-mirador-bandurrias-y-piedra-mora,3267,Trekking Familiar a Mirador Bandurrias y Piedra Mora,https://www.tur.com/es/san-martin-de-los-andes-160/trekking-familiar-a-mirador-bandurrias-y-piedra-mora-3267
Trekking y Ascenso al Volcán Achen Ñiyeu,trekking-y-ascenso-al-volcan-achen-niyeu,3269,Trekking y Ascenso al Volcán Achen Ñiyeu,https://www.tur.com/es/san-martin-de-los-andes-160/trekking-y-ascenso-al-volcan-achen-niyeu-3269
Excursión Hua Hum y Cascada de Chachin,excursion-hua-hum-y-cascada-de-chachin,2788,Excursión Hua Hum y Cascada de Chachin,https://www.tur.com/es/san-martin-de-los-andes-160/excursion-hua-hum-y-cascada-de-chachin-2788
Trekking al Cerro Colorado en San Martín Andes,trekking-al-cerro-colorado-en-san-martin-andes,3266,Trekking al Cerro Colorado en San Martín Andes,https://www.tur.com/es/san-martin-de-los-andes-160/trekking-al-cerro-colorado-en-san-martin-andes-3266
Excursión Siete Lagos hasta Bariloche,excursion-siete-lagos-hasta-bariloche,3271,Excursión Siete Lagos hasta Bariloche,https://www.tur.com/es/san-martin-de-los-andes-160/excursion-siete-lagos-hasta-bariloche-3271
Paseo Circuito Chico - Miradores - Laguna Rosales,paseo-circuito-chico-miradores-laguna-rosales,3270,Paseo Circuito Chico - Miradores - Laguna Rosales,https://www.tur.com/es/san-martin-de-los-andes-160/paseo-circuito-chico-miradores-laguna-rosales-3270
"Excursión Paimun, Volcán Lanin y Lago Huechulafquen",excursion-paimun-volcan-lanin-y-lago-huechulafquen,2789,"Excursión Paimun, Volcán Lanin y Lago Huechulafquen",https://www.tur.com/es/san-martin-de-los-andes-160/excursion-paimun-volcan-lanin-y-lago-huechulafquen-2789
Travesía de Auquinco: 3 días en la Huella Andina,travesia-de-auquinco-3-dias-en-la-huella-andina,3303,Travesía de Auquinco 3 días de trekking en Huella Andina,https://www.tur.com/es/san-martin-de-los-andes-160/travesia-de-auquinco-3-dias-en-la-huella-andina-3303
Trekking y Ascenso al Cerro Mallo,trekking-y-ascenso-al-cerro-mallo,3301,Ascenso al Cerro Mallo trekking de montaña en San Martín de los Andes,https://www.tur.com/es/san-martin-de-los-andes-160/trekking-y-ascenso-al-cerro-mallo-3301
Ascenso Familiar al Cerro Colorado: Vistas ünicas,ascenso-familiar-al-cerro-colorado-vistas-ünicas,3300,Ascenso al Cerro Colorado trekking familiar en San Martín de los Andes,https://www.tur.com/es/san-martin-de-los-andes-160/ascenso-familiar-al-cerro-colorado-vistas-ünicas-3300
Trekking a Lago y Termas Agrestes de Queñi,trekking-a-lago-y-termas-agrestes-de-queni,3299,Trekking a Termas de Queñi desde San Martín de los Andes,https://www.tur.com/es/san-martin-de-los-andes-160/trekking-a-lago-y-termas-agrestes-de-queni-3299
Trekking al Refugio Volcán Lanín en la Cara Norte,trekking-al-refugio-volcan-lanin-en-la-cara-norte,3298,Trekking al Refugio del Volcán Lanín por la cara norte,https://www.tur.com/es/san-martin-de-los-andes-160/trekking-al-refugio-volcan-lanin-en-la-cara-norte-3298
Trekking a la Base del Volcán Lanín - Cara Sur,trekking-a-la-base-del-volcan-lanin-cara-sur,3305,Trekking a la base del Volcán Lanín por la cara sur,https://www.tur.com/es/san-martin-de-los-andes-160/trekking-a-la-base-del-volcan-lanin-cara-sur-3305
Travesía de 3 Días Vuelta al Lago Lacar,travesia-de-3-dias-vuelta-al-lago-lacar,3304,Travesía de 3 días vuelta al Lago Lácar en San Martín de los Andes,https://www.tur.com/es/san-martin-de-los-andes-160/travesia-de-3-dias-vuelta-al-lago-lacar-3304
Trekking y Ascenso al Volcán Achen Ñiyeu,trekking-y-ascenso-al-volcan-achen-niyeu,3302,Ascenso al Volcán Achen Ñiyeu en Parque Nacional Lanín,https://www.tur.com/es/san-martin-de-los-andes-160/trekking-y-ascenso-al-volcan-achen-niyeu-3269
Trineos con Perros Huskies en Cerro Chapelco,trineos-con-perros-huskies-en-cerro-chapelco,4328,Trineos con Perros Huskies en Cerro Chapelco,https://www.tur.com/es/san-martin-de-los-andes-160/trineos-con-perros-huskies-en-cerro-chapelco-4328
Caminata Bosque Encantado con Raquetas en Chapelco,caminata-bosque-encantado-con-raquetas-en-chapelco,4327,Caminata  Bosque Encantado con Raquetas en Chapelco,https://www.tur.com/es/san-martin-de-los-andes-160/caminata-bosque-encantado-con-raquetas-en-chapelco-4327
Paseo en Snow Truck en Cerro Chapelco,paseo-en-snow-truck-en-cerro-chapelco,4331,Paseo en Snow Truck en Cerro Chapelco,https://www.tur.com/es/san-martin-de-los-andes-160/paseo-en-snow-truck-en-cerro-chapelco-4331
Caminata a la Pradera con Raquetas en Chapelco,caminata-a-la-pradera-con-raquetas-en-chapelco,4330,Caminata a la Pradera con Raquetas en Chapelco,https://www.tur.com/es/san-martin-de-los-andes-160/caminata-a-la-pradera-con-raquetas-en-chapelco-4330
Buceo en Lago Huechulafquen en Bahia Canicul,buceo-en-lago-huechulafquen-en-bahia-canicul,3581,Buceo en  Lago Huechulafquen en Bahia Canicul ,https://www.tur.com/es/san-martin-de-los-andes-160/buceo-en-lago-huechulafquen-en-bahia-canicul-3581
Bautismo de Buceo en el lago Lacar,bautismo-de-buceo-en-lago-lacar-patagonia,3580,Bautismo de Buceo en Lago Lácar,https://www.tur.com/es/san-martin-de-los-andes-160/bautismo-de-buceo-en-lago-lacar-patagonia-3580
Cabalgata de Montaña a las Pendientes de 3 horas,cabalgata-las-pendientes-san-martin-de-los-andes,2623,Cabalgata de montaña a Las Pendientes en San Martín de los Andes,https://www.tur.com/es/san-martin-de-los-andes-160/cabalgata-las-pendientes-san-martin-de-los-andes-2623
Cabalgata de Montaña hasta el Mirador de 2 horas,cabalgata-de-montana-hasta-el-mirador-de-2-horas,2622,Cabalgata de Montaña hasta el Mirador de 2 horas,https://www.tur.com/es/san-martin-de-los-andes-160/cabalgata-de-montana-hasta-el-mirador-de-2-horas-2622
Excursión a Quila Quina y Comunidades Mapuches,excursion-a-quila-quina-y-comunidades-mapuches,3272,Excursión a Quila Quina y Comunidades Mapuches ,https://www.tur.com/es/san-martin-de-los-andes-160/excursion-a-quila-quina-y-comunidades-mapuches-3272
Excursión a Circuito Arrayán y Cerro Chapelco,excursion-a-circuito-arrayan-y-cerro-chapelco,3275,Excursión a Circuito Arrayán y Cerro Chapelco ,https://www.tur.com/es/san-martin-de-los-andes-160/excursion-a-circuito-arrayan-y-cerro-chapelco-3275
Excursión a Ruta 7 Lagos y Villa la Angostura,excursion-a-ruta-7-lagos-y-villa-la-angostura,3277,Excursión a Ruta 7 Lagos y Villa la Angostura,https://www.tur.com/es/san-martin-de-los-andes-160/excursion-a-ruta-7-lagos-y-villa-la-angostura-3277
"Excursión a Yuco, Hua Hum y Cascada de Chachin",excursion-a-yuco-hua-hum-y-cascada-de-chachin,2818,"Excursión a Yuco, Hua Hum y Cascada de Chachin",https://www.tur.com/es/san-martin-de-los-andes-160/excursion-a-yuco-hua-hum-y-cascada-de-chachin-2818
Rafting Familiar por río Hua Hum cruzando a Chile,rafting-familiar-por-rio-hua-hum-cruzando-a-chile,3273,Rafting Familiar por río Hua Hum cruzando a Chile,https://www.tur.com/es/san-martin-de-los-andes-160/rafting-familiar-por-rio-hua-hum-cruzando-a-chile-3273
"Excursión a Lago Meliquina, Traful y Paso Córdoba",excursion-lago-meliquina-traful-paso-cordoba,3276,"Excursión a Lago Meliquina, Traful y Paso Córdoba ",https://www.tur.com/es/san-martin-de-los-andes-160/excursion-lago-meliquina-traful-paso-cordoba-3276
"Excursión a Aluminé, Moquehue y Villa Pehuenia",excursion-alumine-moquehue-villa-pehuenia,3274,"Excursión a Aluminé, Moquehue y Villa Pehuenia ",https://www.tur.com/es/san-martin-de-los-andes-160/excursion-alumine-moquehue-villa-pehuenia-3274
"Excursión Siete Lagos, La Angostura y Bariloche ",excursion-siete-lagos-villa-la-angostura-bariloche-san-martin-de-los-andes,2817,"Excursión Siete Lagos, Villa La Angostura y Bariloche desde S. M. de los Andes",https://www.tur.com/es/san-martin-de-los-andes-160/excursion-siete-lagos-villa-la-angostura-bariloche-san-martin-de-los-andes-2817
"Excursión Lago Huechulafquen, Paimun, Volcán Lanin",excursion-huechulafquen-paimun-volcan-lanin,3278,"Excursión a Huechulafquen, Paimún y Volcán Lanín",https://www.tur.com/es/san-martin-de-los-andes-160/excursion-huechulafquen-paimun-volcan-lanin-3278
Experiencia Rural en Las Vertientes con Desayuno,experiencia-rural-en-las-vertientes-con-desayuno,2820,Experiencia Rural en Las Vertientes con Desayuno,https://www.tur.com/es/san-martin-de-los-andes-160/experiencia-rural-en-las-vertientes-con-desayuno-2820
Día de Pesca en San Martín y Junín de los Andes,dia-de-pesca-en-san-martin-y-junin-de-los-andes,3252,Día de Pesca en San Martín y Junín de los Andes,https://www.tur.com/es/san-martin-de-los-andes-160/dia-de-pesca-en-san-martin-y-junin-de-los-andes-3252
"Excursión de Pesca: vadeo, flotada y navegación","excursion-de-pesca-vadeo,-flotada-y-navegacion",3251,"Excursión de Pesca: vadeo, flotada y navegación","https://www.tur.com/es/san-martin-de-los-andes-160/excursion-de-pesca-vadeo,-flotada-y-navegacion-3251"
Rafting en río Chimehuin San Martín de los Andes,rafting-en-rio-chimehuin-san-martin-de-los-andes,3542,Rafting en Río Chimehuin desde San Martín y Junín de los Andes,https://www.tur.com/es/san-martin-de-los-andes-160/rafting-en-rio-chimehuin-san-martin-de-los-andes-3542
Excursión Lacustre en Barco a Hua Hum,excursion-lacustre-en-barco-a-hua-hum,2722,Excursión Lacustre en Barco a Hua Hum,https://www.tur.com/es/san-martin-de-los-andes-160/excursion-lacustre-en-barco-a-hua-hum-2722
Paseo en Barco por el Lago Lacar a Quila Quina,paseo-en-barco-por-el-lago-lacar-a-quila-quina,2723,Paseo en Barco por el Lago Lacar a Quila Quina,https://www.tur.com/es/san-martin-de-los-andes-160/paseo-en-barco-por-el-lago-lacar-a-quila-quina-2723
Excursión Lacustre en Barco a Quila Quina,excursion-lacustre-en-barco-a-quila-quina,2724,Excursión Lacustre en Barco a Quila Quina,https://www.tur.com/es/san-martin-de-los-andes-160/excursion-lacustre-en-barco-a-quila-quina-2724
Rafting en río Chimehuin desde Junín de los Andes,rafting-en-rio-chimehuin-desde-junin-de-los-andes,3548,Rafting en río Chimehuin desde Junín de los Andes,https://www.tur.com/es/san-martin-de-los-andes-160/rafting-en-rio-chimehuin-desde-junin-de-los-andes-3548
Rafting Río Chimehuin a la Mañana S. M. de los Andes,rafting-rio-chimehuin-a-la-manana-s.-m.-de-los-andes,2620,Rafting Río Chimehuin por la Mañana en San Martín de los Andes,https://www.tur.com/es/san-martin-de-los-andes-160/rafting-rio-chimehuin-a-la-manana-s.-m.-de-los-andes-2620
Descubre San Martín de los Andes en Redbus Citytour,descubre-san-martin-de-los-andes-en-redbus-citytour,2573,Descubre San Martín de los Andes en Redbus Citytour,https://www.tur.com/es/san-martin-de-los-andes-160/descubre-san-martin-de-los-andes-en-redbus-citytour-2573
"Bicicleta MTB por Laguna Rosales, Bandurrias y más ",tour-mtb-laguna-rosales-bandurrias-parque-nacional-lanin,2616,Tour en bicicleta MTB por Laguna Rosales y Bandurrias en Lanín,https://www.tur.com/es/san-martin-de-los-andes-160/tour-mtb-laguna-rosales-bandurrias-parque-nacional-lanin-2616
Trekking Tradicional al Cerro Colorado ,trekking-tradicional-al-cerro-colorado,2617,Trekking Tradicional al Cerro Colorado en San Martín de los Andes,https://www.tur.com/es/san-martin-de-los-andes-160/trekking-tradicional-al-cerro-colorado-2617
Excursión en Kayak hasta la Islita en Lago Lacar ,excursion-kayak-islita-lago-lacar,2615,Excursión en Kayak hasta la Islita en Lago Lacar ,https://www.tur.com/es/san-martin-de-los-andes-160/excursion-kayak-islita-lago-lacar-2615
Trekking a la Maravillosa Laguna Rosales ,trekking-laguna-rosales-patagonia,2618,Trekking a Laguna Rosales y Observación de Aves en Patagonia,https://www.tur.com/es/san-martin-de-los-andes-160/trekking-laguna-rosales-patagonia-2618
Aventura en Kayak por los Lagos Machónico y Pichi ,kayak-lagos-machonico-pichi-san-martin-andes,2614,Kayak por los Lagos Machónico y Pichi Machónico desde San Martín,https://www.tur.com/es/san-martin-de-los-andes-160/kayak-lagos-machonico-pichi-san-martin-andes-2614
Vuelo en Parapente desde el Cipresal (300 mts),vuelo-en-parapente-san-martin-de-los-andes,5178,Vuelo en Parapente desde el Cipresal o la Buitrera en San Martín de los Andes,https://www.tur.com/es/san-martin-de-los-andes-160/vuelo-en-parapente-san-martin-de-los-andes-5178
Kayak en Lago Argentino y Bahía Redonda ,kayak-lago-argentino-bahia-redonda-el-calafate,2802,Kayak en Lago Argentino y Bahía Redonda en El Calafate,https://www.tur.com/es/el-calafate-161/kayak-lago-argentino-bahia-redonda-el-calafate-2802
Cabalgata en Cerro Frías con Almuerzo en Calafate,cabalgata-en-cerro-frias-con-almuerzo-en-calafate,3155,Cabalgata en Cerro Frías con Almuerzo en Calafate,https://www.tur.com/es/el-calafate-161/cabalgata-en-cerro-frias-con-almuerzo-en-calafate-3155
Tirolesa en Cerro Frías con Almuerzo en Calafate,tirolesa-en-cerro-frias-con-almuerzo-en-calafate,2811,Tirolesa en Cerro Frías con Almuerzo en Calafate,https://www.tur.com/es/el-calafate-161/tirolesa-en-cerro-frias-con-almuerzo-en-calafate-2811
Excursión en 4x4 por el Cerro Frías con Almuerzo,excursion-en-4x4-por-el-cerro-frias-con-almuerzo,3153,Excursión en 4x4 por el Cerro Frías con Almuerzo,https://www.tur.com/es/el-calafate-161/excursion-en-4x4-por-el-cerro-frias-con-almuerzo-3153
Excursión en 4x4 por el Cerro Frías con Merienda,excursion-en-4x4-por-el-cerro-frias-con-merienda,2810,Excursión en 4x4 por el Cerro Frías con Merienda,https://www.tur.com/es/el-calafate-161/excursion-en-4x4-por-el-cerro-frias-con-merienda-2810
Excursión 4x4 en Cerro Frías con Cena de 3 pasos,excursion-4x4-en-cerro-frias-con-cena-de-3-pasos,3158,Excursión 4x4 en Cerro Frías con Cena de 3 pasos ,https://www.tur.com/es/el-calafate-161/excursion-4x4-en-cerro-frias-con-cena-de-3-pasos-3158
Cabalgata en Cerro Frías con Cena de 3 pasos,cabalgata-en-cerro-frias-con-cena-de-3-pasos,3159,Cabalgata en Cerro Frías con Cena de 3 pasos ,https://www.tur.com/es/el-calafate-161/cabalgata-en-cerro-frias-con-cena-de-3-pasos-3159
Trekking en Cerro Frías con Almuerzo en Calafate,trekking-en-cerro-frias-con-almuerzo-en-calafate,3156,Trekking en Cerro Frías con Almuerzo en Calafate ,https://www.tur.com/es/el-calafate-161/trekking-en-cerro-frias-con-almuerzo-en-calafate-3156
Trekking en Cerro Frías con Merienda en Calafate,trekking-en-cerro-frias-con-merienda-en-calafate,3154,Trekking en Cerro Frías con Merienda en Calafate ,https://www.tur.com/es/el-calafate-161/trekking-en-cerro-frias-con-merienda-en-calafate-3154
Cabalgata en Cerro Frías con Merienda en Calafate,cabalgata-en-cerro-frias-con-merienda-en-calafate,2809,Cabalgata en Cerro Frías con Merienda en Calafate,https://www.tur.com/es/el-calafate-161/cabalgata-en-cerro-frias-con-merienda-en-calafate-2809
Tirolesa en Cerro Frías con Merienda en Calafate,tirolesa-en-cerro-frias-con-merienda-en-calafate,3157,Tirolesa en Cerro Frías con Merienda en Calafate ,https://www.tur.com/es/el-calafate-161/tirolesa-en-cerro-frias-con-merienda-en-calafate-3157
Aventura en 4x4 a los Balcones del Cerro Huyliche,aventura-en-4x4-a-los-balcones-del-cerro-huyliche,2591,Aventura en 4x4 a los Balcones del Cerro Huyliche,https://www.tur.com/es/el-calafate-161/aventura-en-4x4-a-los-balcones-del-cerro-huyliche-2591
Aventura en 4X4 al mirador del Cerro Huyliche,aventura-en-4x4-al-mirador-del-cerro-huyliche,2602,Aventura en 4X4 al mirador del Cerro Huyliche,https://www.tur.com/es/el-calafate-161/aventura-en-4x4-al-mirador-del-cerro-huyliche-2602
Glaciarium: Visita al Centro de Interpretación,glaciarium-visita-al-centro-de-interpretacion,3369,Visita al Centro de Interpretación Glaciarium,https://www.tur.com/es/el-calafate-161/glaciarium-visita-al-centro-de-interpretacion-3369
Kayak en Río Santa Cruz Travesía Darwin Experience,kayak-en-rio-santa-cruz-travesia-darwin-experience,2882,Kayak en Río Santa Cruz Travesía Darwin Experience,https://www.tur.com/es/el-calafate-161/kayak-en-rio-santa-cruz-travesia-darwin-experience-2882
Excursión a Pasarelas del Glaciar Perito Moreno,excursion-a-pasarelas-del-glaciar-perito-moreno,2589,Excursión a Pasarelas del Glaciar Perito Moreno,https://www.tur.com/es/el-calafate-161/excursion-a-pasarelas-del-glaciar-perito-moreno-2589
Navegación Glaciares Gourmet Classic,navegacion-glaciares-gourmet-classic,2598,Navegación Glaciares Gourmet Classic,https://www.tur.com/es/el-calafate-161/navegacion-glaciares-gourmet-classic-2598
Safari Experience Excursión en 4x4 a la Estepa,safari-experience-excursion-en-4x4-a-la-estepa,2595,Safari Experience Excursión en 4x4 a la Estepa,https://www.tur.com/es/el-calafate-161/safari-experience-excursion-en-4x4-a-la-estepa-2595
Excursión Todo Glaciares al Upsala y Spegazzini,excursion-todo-glaciares-al-upsala-y-spegazzini,2596,Excursión Todo Glaciares al Upsala y Spegazzini,https://www.tur.com/es/el-calafate-161/excursion-todo-glaciares-al-upsala-y-spegazzini-2596
Mayo Spirit Trek Glaciares del Cerro Mayo y Negro,mayo-spirit-trek-glaciares-del-cerro-mayo-y-negro,2594,Mayo Spirit Trek Glaciares del Cerro Mayo y Negro,https://www.tur.com/es/el-calafate-161/mayo-spirit-trek-glaciares-del-cerro-mayo-y-negro-2594
Excursión Exclusiva Todo Glaciares Capitains Club,excursion-exclusiva-todo-glaciares-capitains-club,2600,Excursión Exclusiva Todo Glaciares Capitains Club,https://www.tur.com/es/el-calafate-161/excursion-exclusiva-todo-glaciares-capitains-club-2600
Cabalgata y Día de Campo en Estancia Nibepo Aike,cabalgata-y-dia-de-campo-en-estancia-nibepo-aike,3370,Cabalgata y Día de Campo en Estancia Nibepo Aike,https://www.tur.com/es/el-calafate-161/cabalgata-y-dia-de-campo-en-estancia-nibepo-aike-3370
Navegación Glaciares Gourmet Classic y Desembarco,navegacion-glaciares-gourmet-classic-y-desembarco,2599,Navegación Glaciares Gourmet Classic y Desembarco,https://www.tur.com/es/el-calafate-161/navegacion-glaciares-gourmet-classic-y-desembarco-2599
Excursión con Navegación al Glaciar Perito Moreno,excursion-con-navegacion-al-glaciar-perito-moreno,2590,Excursión con Navegación al Glaciar Perito Moreno,https://www.tur.com/es/el-calafate-161/excursion-con-navegacion-al-glaciar-perito-moreno-2590
Día de Campo en Estancia Nibepo Aike con Almuerzo,dia-de-campo-en-estancia-nibepo-aike-con-almuerzo,2881,Día de Campo en Estancia Nibepo Aike con Almuerzo,https://www.tur.com/es/el-calafate-161/dia-de-campo-en-estancia-nibepo-aike-con-almuerzo-2881
Navegación Frente al Glaciar Perito Moreno,navegacion-frente-al-glaciar-perito-moreno,2603,Navegación Frente al Glaciar Perito Moreno,https://www.tur.com/es/el-calafate-161/navegacion-frente-al-glaciar-perito-moreno-2603
Citytour de El Calafate y Alrededores,city-tour-calafate-y-vistas-al-lago-argentino,3371,Citytour de El Calafate y Alrededores,https://www.tur.com/es/el-calafate-161/city-tour-calafate-y-vistas-al-lago-argentino-3371
Nativo Experience 4x4: Lagos & Cavernas de Walichu,nativo-experience-4x4-lagos--cavernas-de-walichu,2592,Nativo Experience 4x4: Lagos & Cavernas de Walichu,https://www.tur.com/es/el-calafate-161/nativo-experience-4x4-lagos--cavernas-de-walichu-2592
Minitrekking: Aventura Glacial en el Perito Moreno,minitrekking-aventura-glacial-en-el-perito-moreno,2879,Minitrekking Perito Moreno: Aventura en el Hielo,https://www.tur.com/es/el-calafate-161/minitrekking-aventura-glacial-en-el-perito-moreno-2879
Navegación Glaciares Gourmet Premium,navegacion-glaciares-gourmet-premium,3372,Navegación Glaciares Gourmet Premium,https://www.tur.com/es/el-calafate-161/navegacion-glaciares-gourmet-premium-y-desembarco-3368
Torres del Paine: Excursión desde El Calafate,torres-del-paine-excursion-desde-el-calafate,4768,Excursión a Torres del Paine desde El Calafate,https://www.tur.com/es/el-calafate-161/torres-del-paine-excursion-desde-el-calafate-4768
BIG ICE Navegación y Trekking en Bosque y Glaciar,big-ice-navegacion-y-trekking-en-bosque-y-glaciar,2597,Big Ice:  Navegación y Trekking en Bosque y Glaciar,https://www.tur.com/es/el-calafate-161/big-ice-navegacion-y-trekking-en-bosque-y-glaciar-2597
Safari Azul Navegación y Caminata junto al Glaciar,safari-azul-navegacion-y-caminata-junto-al-glaciar,2588,Safari Azul Navegación y Caminata junto al Glaciar,https://www.tur.com/es/el-calafate-161/safari-azul-navegacion-y-caminata-junto-al-glaciar-2588
Navegación Glaciares Gourmet Premium y Desembarco,navegacion-glaciares-gourmet-premium-y-desembarco,3368,Navegación Glaciares Gourmet Premium con Desembarco en Pasarelas,https://www.tur.com/es/el-calafate-161/navegacion-glaciares-gourmet-premium-y-desembarco-3368
Moto de Nieve Balcon Experience en Calafate,moto-de-nieve-balcon-experience-en-calafate,4641,Excursión en Moto de Nieve  al Balcón del Cerro Huyliche,https://www.tur.com/es/el-calafate-161/moto-de-nieve-balcon-experience-en-calafate-4641
Cabalgata en Lago Viedma,cabalgata-en-lago-viedma,4643,Cabalgata en Estancia  por la costa del Lago Viedma,https://www.tur.com/es/el-calafate-161/cabalgata-en-lago-viedma-4643
Excursión al Bosque Petrificado de La Leona,excursion-al-bosque-petrificado-de-la-leona,3373,Excursión al Bosque Petrificado de La Leona ,https://www.tur.com/es/el-calafate-161/excursion-al-bosque-petrificado-de-la-leona-3373
"Trineos Husky, Motonieve y Cena en Nunatak","trineos-husky,-motonieve-y-cena-en-nunatak",4240,"Trineos perros Husky, Moto de nieve y Cena en Nunatak en Ushuaia","https://www.tur.com/es/ushuaia-162/trineos-husky,-motonieve-y-cena-en-nunatak-4240"
"Aventura Total: Motos, Trineos y Raquetas de Nieve","aventura-total-motos,-trineos-y-raquetas-de-nieve",4239,"Aventura Total en Ushuaia: Trineos, Motos y Raquetas de Nieve","https://www.tur.com/es/ushuaia-162/aventura-total-motos,-trineos-y-raquetas-de-nieve-4239"
Snorkelling en el Canal de Beagle,snorkelling-canal-beagle-ushuaia,2798,Snorkelling en el Canal Beagle en Ushuaia,https://www.tur.com/es/ushuaia-162/snorkelling-canal-beagle-ushuaia-2798
Buceo para Certificados en Canal de Beagle,buceo-para-certificados-canal-beagle-ushuaia,2799,Buceo para Certificados en Canal Beagle desde Ushuaia,https://www.tur.com/es/ushuaia-162/buceo-para-certificados-canal-beagle-ushuaia-2799
Cabalgata 1 Hs Lago Escondido,cabalgata-1-hora-lago-escondido-ushuaia,2801,Cabalgata 1 Hs Lago Escondido,https://www.tur.com/es/ushuaia-162/cabalgata-1-hora-lago-escondido-ushuaia-2801
Aventura a Caballo: Cabalgata con Asado en Ushuaia,aventura-a-caballo-cabalgata-con-asado-en-ushuaia,3136,Aventura a Caballo: Cabalgata con Asado en Ushuaia,https://www.tur.com/es/ushuaia-162/aventura-a-caballo-cabalgata-con-asado-en-ushuaia-3136
Cabalgata a Monte Susana en Ushuaia de 4 horas,cabalgata-a-monte-susana-en-ushuaia-de-4-horas,2807,Cabalgata a Monte Susana en Ushuaia de 4 horas,https://www.tur.com/es/ushuaia-162/cabalgata-a-monte-susana-en-ushuaia-de-4-horas-2807
Cabalgata y Expedición a Península Mitre 10 días,cabalgata-y-expedicion-a-peninsula-mitre-10-dias,4242,Cabalgata y Expedición a Península Mitre 10 días,https://www.tur.com/es/ushuaia-162/cabalgata-y-expedicion-a-peninsula-mitre-10-dias-4242
Cabalgata a Monte Susana en Ushuaia de 2 horas,cabalgata-a-monte-susana-en-ushuaia-de-2-horas,2806,Cabalgata a Monte Susana en Ushuaia de 2 horas,https://www.tur.com/es/ushuaia-162/cabalgata-a-monte-susana-en-ushuaia-de-2-horas-2806
Experiencia Panorama Blanco en Llanos del Castor,experiencia-panorama-blanco-en-llanos-del-castor,4280,Experiencia Panorama Blanco en Llanos del Castor con almuerzo,https://www.tur.com/es/ushuaia-162/experiencia-panorama-blanco-en-llanos-del-castor-4280
Excursión Lagos Escondido y Fagnano en 4x4 Offroad,excursion-lagos-escondido-y-fagnano-en-4x4-offroad,3169,Excursión Lagos Escondido y Fagnano en 4x4 Offroad,https://www.tur.com/es/ushuaia-162/excursion-lagos-escondido-y-fagnano-en-4x4-offroad-3169
Experiencia Silencio Andino en Llanos del Castor,experiencia-silencio-andino-en-llanos-del-castor,3168,Experiencia Silencio Andino en Llanos del Castor,https://www.tur.com/es/ushuaia-162/experiencia-silencio-andino-en-llanos-del-castor-3168
Experiencia Full Day Nieve en Llanos del Castor,experiencia-full-day-nieve-en-llanos-del-castor,4275,"Experiencia de Nieve en Llanos del Castor:  Moto, Trineo, Raquetas y más!",https://www.tur.com/es/ushuaia-162/experiencia-full-day-nieve-en-llanos-del-castor-4275
Llanos 360° Travesía en Cuatriciclos y Trekking,llanos-360°-travesia-en-cuatriciclos-y-trekking,2849,Llanos 360° Travesía en Cuatriciclos y Trekking,https://www.tur.com/es/ushuaia-162/llanos-360°-travesia-en-cuatriciclos-y-trekking-2849
"Travesía en 4x4 Offroad, Cuatriciclos y Trekking",travesia-lagos-escondido-y-fagnano-4x4-cuatriciclos,3527,"Travesía en 4x4 Offroad, Cuatriciclos y Trekking",https://www.tur.com/es/ushuaia-162/travesia-lagos-escondido-y-fagnano-4x4-cuatriciclos-3527
Trekking por los Hitos Andinos de Ushuaia,trekking-hitos-andinos-ushuaia,3177,Trekking por los Hitos Andinos de Ushuaia,https://www.tur.com/es/ushuaia-162/trekking-hitos-andinos-ushuaia-3177
Citytour en Bicicleta Urban E-Bike en Ushuaia,city-tour-bicicleta-e-bike-ushuaia,2867,City tour en bicicleta e-bike por Ushuaia,https://www.tur.com/es/ushuaia-162/city-tour-bicicleta-e-bike-ushuaia-2867
Explora en Bicicleta E-Bike el Mirador del Beagle,tour-e-bike-mirador-del-beagle-ushuaia,3175,Tour en bicicleta e-bike al Mirador del Beagle en Ushuaia,https://www.tur.com/es/ushuaia-162/tour-e-bike-mirador-del-beagle-ushuaia-3175
Trekking a Lagunas Gemelas y Ascenso a Cerro Verde,trekking-lagunas-gemelas-cerro-verde-ushuaia,3178,Trekking a Lagunas Gemelas y Cerro Verde en Ushuaia,https://www.tur.com/es/ushuaia-162/trekking-lagunas-gemelas-cerro-verde-ushuaia-3178
Explora en Bicicleta E-Bike la Cascada de Beban,tour-e-bike-cascada-beban-ushuaia,3176,Tour en E-Bike a Cascada Beban en Ushuaia,https://www.tur.com/es/ushuaia-162/tour-e-bike-cascada-beban-ushuaia-3176
Navegación Canal Beagle con Trekking Isla Bridges,navegacion-canal-beagle-con-trekking-isla-bridges,3744,Navegación al Canal Beagle con Caminata en Isla Bridges,https://www.tur.com/es/ushuaia-162/navegacion-canal-beagle-con-trekking-isla-bridges-3744
Trekking Diurno o Nocturno al Monte Susana ,trekking-diurno-o-nocturno-al-monte-susana,2899,Trekking Diurno o Nocturno al Monte Susana ,https://www.tur.com/es/ushuaia-162/trekking-diurno-o-nocturno-al-monte-susana-2899
Trekking y Packrafting en el río Olivia en Ushuaia ,trekking-y-packrafting-en-el-rio-olivia-en-ushuaia,2897,Trekking y Packrafting en el río Olivia en Ushuaia ,https://www.tur.com/es/ushuaia-162/trekking-y-packrafting-en-el-rio-olivia-en-ushuaia-2897
Trekking al Glaciar Vinciguerra,trekking-al-glaciar-vinciguerra,3179,Trekking al Glaciar Vinciguerra,https://www.tur.com/es/ushuaia-162/trekking-al-glaciar-vinciguerra-3179
Trekking y Packrafting cruzando la Cordillera,trekking-y-packrafting-cruzando-la-cordillera,3181,Trekking y Packrafting cruzando la Cordillera ,https://www.tur.com/es/ushuaia-162/trekking-y-packrafting-cruzando-la-cordillera-3181
Trekking al Monte Martial y Vista Mar ,trekking-al-monte-martial-y-vista-mar,2898,Trekking al Monte Martial y Vista Mar ,https://www.tur.com/es/ushuaia-162/trekking-al-monte-martial-y-vista-mar-2898
Excursión al PN y Tren del Fin del Mundo,excursion-al-pn-y-tren-del-fin-del-mundo,2733,Excursión al Parque Nacional Tierra del Fuego y Tren del Fin del Mundo,https://www.tur.com/es/ushuaia-162/excursion-al-pn-y-tren-del-fin-del-mundo-2733
Excursión a Lago Escondido y Centros Invernales,excursion-a-lago-escondido-y-centros-invernales,4760,Excursión a Lago Escondido y Centros Invernales,https://www.tur.com/es/ushuaia-162/excursion-a-lago-escondido-y-centros-invernales-4760
Citytour en la ciudad de Ushuaia y alrededores,citytour-en-la-ciudad-de-ushuaia-y-alrededores,3130,Citytour en la ciudad de Ushuaia y alrededores ,No encontrada
Caminando al Parque Nacional Tierra del Fuego,caminando-al-parque-nacional-tierra-del-fuego,2734,Caminando al Parque Nacional Tierra del Fuego,https://www.tur.com/es/ushuaia-162/caminando-al-parque-nacional-tierra-del-fuego-2734
Excursión al Fin del Mundo: Cabo San Pablo,excursion-al-fin-del-mundo-cabo-san-pablo,2730,Excursión al Fin del Mundo: Cabo San Pablo,https://www.tur.com/es/ushuaia-162/excursion-al-fin-del-mundo-cabo-san-pablo-2730
Excursión a Puerto Almanza Gourmet con Almuerzo,excursion-a-puerto-almanza-gourmet-con-almuerzo,2732,Excursión a Puerto Almanza Gourmet con Almuerzo,https://www.tur.com/es/ushuaia-162/excursion-a-puerto-almanza-gourmet-con-almuerzo-2732
"Navegación a la Isla Lobos, Faro y Canal Beagle",navegacion-a-la-isla-lobos-faro-y-canal-beagle,2735,"Navegación a la Isla Lobos, Faro y Canal Beagle",https://www.tur.com/es/ushuaia-162/navegacion-a-la-isla-lobos-faro-y-canal-beagle-2735
Excursión al Parque Nacional Tierra del Fuego,excursion-al-parque-nacional-tierra-del-fuego,2725,Excursión al Parque Nacional Tierra del Fuego,https://www.tur.com/es/ushuaia-162/excursion-al-parque-nacional-tierra-del-fuego-2725
Excursión al PN y Navegación en Canal Beagle ,excursion-al-pn-y-navegacion-en-canal-beagle,2728,Excursión Parque Nacional Tierra del Fuego y Navegación en Canal Beagle ,https://www.tur.com/es/ushuaia-162/excursion-al-pn-y-navegacion-en-canal-beagle-2728
Pinguinera Isla Gable y Martillo con Canoas a Remo,pinguinera-isla-gable-y-martillo-con-canoas-a-remo,3131,Pinguinera Isla Gable y Martillo con Canoas a Remo,https://www.tur.com/es/ushuaia-162/pinguinera-isla-gable-y-martillo-con-canoas-a-remo-3131
"Navegación Isla Lobos, Faro y Avistaje Pingüinos ",navegacion-isla-lobos-faro-y-avistaje-pinguinos,2731,"Navegación Isla Lobos, Faro y Avistaje Pingüinos ",https://www.tur.com/es/ushuaia-162/navegacion-isla-lobos-faro-y-avistaje-pinguinos-2731
Excursión a los Lagos Escondido y Fagnano,excursion-a-los-lagos-escondido-y-fagnano,2726,Excursión a los Lagos Escondido y Fagnano con miradores,https://www.tur.com/es/ushuaia-162/excursion-a-los-lagos-escondido-y-fagnano-2726
Excursión a Parque Nacional con Trekking y Canoas,excursion-a-parque-nacional-con-trekking-y-canoas,2727,Excursión a Parque Nacional Tierra del Fuego con Trekking y Canoas en Bahia Lapataia,https://www.tur.com/es/ushuaia-162/excursion-a-parque-nacional-con-trekking-y-canoas-2727
"Ushuaia Imperdible: Excursión, Tren y Navegación ","ushuaia-imperdible-excursion,-tren-y-navegacion",2729,"Ushuaia Imperdible: Parque Nacional, Tren Fin del Mundo y Navegación en Canal Beagle","https://www.tur.com/es/ushuaia-162/ushuaia-imperdible-excursion,-tren-y-navegacion-2729"
Snow Cat al Atardecer en el Valle y Chocolate,snow-cat-al-atardecer-en-el-valle-y-chocolate,4464,Snow Cat al Atardecer en el Valle y Chocolate,https://www.tur.com/es/ushuaia-162/snow-cat-al-atardecer-en-el-valle-y-chocolate-4464
Diversión en la Nieve: Snow Cat y Ski de Fondo,diversion-en-la-nieve-snow-cat-y-ski-de-fondo,4466,Diversión en la Nieve: Snow Cat y Ski de Fondo,https://www.tur.com/es/ushuaia-162/diversion-en-la-nieve-snow-cat-y-ski-de-fondo-4466
"Full Nieve: Ski, Trineo, Raquetas y Snow Cat",full-nieve-ski-trineo-raquetas-y-snow-cat,4463,"Full Nieve: Ski, Trineo, Raquetas y Snow Cat",https://www.tur.com/es/ushuaia-162/full-nieve-ski-trineo-raquetas-y-snow-cat-4463
Snow Cat a la Noche Austral y Fondue,snow-cat-a-la-noche-austral-y-fondue,4465,Snow Cat a la Noche Austral y Fondue,https://www.tur.com/es/ushuaia-162/snow-cat-a-la-noche-austral-y-fondue-4465
Trekking Inolvidable al Glaciar Ojo del Albino,trekking-inolvidable-al-glaciar-ojo-del-albino,2900,Trekking Inolvidable al Glaciar Ojo del Albino,https://www.tur.com/es/ushuaia-162/trekking-inolvidable-al-glaciar-ojo-del-albino-2900
Trekking a Laguna Turquesa,trekking-a-laguna-turquesa,3099,Trekking a Laguna Turquesa ,https://www.tur.com/es/ushuaia-162/trekking-a-laguna-turquesa-3099
Glaciar Vinciguerra y Laguna de los Témpanos,glaciar-vinciguerra-y-laguna-de-los-tempanos,2902,Glaciar Vinciguerra y Laguna de los Témpanos,https://www.tur.com/es/ushuaia-162/glaciar-vinciguerra-y-laguna-de-los-tempanos-2902
Trekking a Laguna Esmeralda Confort,trekking-a-laguna-esmeralda-confort,2901,Trekking a Laguna Esmeralda Confort,https://www.tur.com/es/ushuaia-162/trekking-a-laguna-esmeralda-confort-2901
Trekking a Laguna Esmeralda Sunset,trekking-a-laguna-esmeralda-sunset,3098,Trekking a Laguna Esmeralda Sunset ,https://www.tur.com/es/ushuaia-162/trekking-a-laguna-esmeralda-sunset-3098
Citytour Panorámico en Bus Doubledecker en Ushuaia,citytour-panoramico-en-bus-doubledecker-en-ushuaia,2911,Citytour Panorámico en Bus Doubledecker en Ushuaia,https://www.tur.com/es/ushuaia-162/citytour-panoramico-en-bus-doubledecker-en-ushuaia-2911
Descenso río Atuel en Doky o Triky en San Rafael,descenso-rio-atuel-en-doky-o-triky-en-san-rafael,2713,Descenso río Atuel en Doky o Triky en San Rafael,https://www.tur.com/es/san-rafael-163/descenso-rio-atuel-en-doky-o-triky-en-san-rafael-2713
Cabalgata en Valle Grande en San Rafael,cabalgata-en-valle-grande-en-san-rafael,2717,Cabalgata en Valle Grande en San Rafael,https://www.tur.com/es/san-rafael-163/cabalgata-en-valle-grande-en-san-rafael-2717
Circuito Adrenalina Rapel y Tirolesa,circuito-adrenalina-rapel-y-tirolesa,2714,Circuito Adrenalina Rapel y Tirolesa,https://www.tur.com/es/san-rafael-163/circuito-adrenalina-rapel-y-tirolesa-2714
El mejor Rafting en el río Atuel en San Rafael,el-mejor-rafting-en-el-rio-atuel-en-san-rafael,2715,El mejor Rafting en el río Atuel en San Rafael,https://www.tur.com/es/san-rafael-163/el-mejor-rafting-en-el-rio-atuel-en-san-rafael-2715
Cool River XL en el río Atuel en San Rafael,cool-river-xl-en-el-rio-atuel-en-san-rafael,2716,Cool River XL en el río Atuel en San Rafael,https://www.tur.com/es/san-rafael-163/cool-river-xl-en-el-rio-atuel-en-san-rafael-2716
Rafting Expedición 20KM  Río Atuel en San Rafael,rafting-expedicion-20km-rio-atuel-en-san-rafael,2711,Rafting Expedición 20KM  Río Atuel en San Rafael,https://www.tur.com/es/san-rafael-163/rafting-expedicion-20km-rio-atuel-en-san-rafael-2711
Rafting Nocturno en el río Atuel en San Rafael ,rafting-nocturno-en-el-rio-atuel-en-san-rafael,2712,Rafting Nocturno en el río Atuel en San Rafael ,https://www.tur.com/es/san-rafael-163/rafting-nocturno-en-el-rio-atuel-en-san-rafael-2712
Cool River en el Río Atuel en San Rafael,cool-river-en-el-rio-atuel-en-san-rafael-hidrospeed,3202,Cool River en el Río Atuel en San Rafael,https://www.tur.com/es/san-rafael-163/cool-river-en-el-rio-atuel-en-san-rafael-hidrospeed-3202
Trekking Familiar de las 4 Cascadas en San Rafael,trekking-familiar-de-las-4-cascadas-en-san-rafael,3203,Trekking Familiar de las 4 Cascadas en San Rafael,https://www.tur.com/es/san-rafael-163/trekking-familiar-de-las-4-cascadas-en-san-rafael-3203
Kayak por el Valle Grande en San Rafael,kayak-por-el-valle-grande-en-san-rafael,3205,Kayak por el Valle Grande en San Rafael,https://www.tur.com/es/san-rafael-163/kayak-por-el-valle-grande-en-san-rafael-3205
Rafting en el Río Atuel en San Rafael,rafting-en-el-rio-atuel-en-san-rafael,2825,Rafting en el Río Atuel en San Rafael,https://www.tur.com/es/san-rafael-163/el-mejor-rafting-en-el-rio-atuel-en-san-rafael-2715
"Aventura Completa: Rafting, Trekking y Catamarán","aventura-completa-rafting,-trekking-y-catamaran",3204,"Aventura Completa: Rafting, Trekking y Catamarán","https://www.tur.com/es/san-rafael-163/aventura-completa-rafting,-trekking-y-catamaran-3204"
Paseo en Catamarán por el Cañón de Cochico,paseo-en-catamaran-por-el-canon-de-cochico,3201,Paseo en Catamarán por el Cañón de Cochico,https://www.tur.com/es/san-rafael-163/paseo-en-catamaran-por-el-canon-de-cochico-3201
Vuelo en Tirolesa 1000m sobre el Dique los Reyunos,tirolesa-1000-metros-dique-los-reyunos,2841,Vuelo en Tirolesa de 1000 Metros sobre Los Reyunos,https://www.tur.com/es/san-rafael-163/tirolesa-1000-metros-dique-los-reyunos-2841
"Alquiler Canoa, Kayak o Hidropedal en los Reyunos","alquiler-canoa,-kayak-o-hidropedal-en-los-reyunos",2842,"Alquiler de Kayak, Canoa o Hidropedal en Los Reyunos","https://www.tur.com/es/san-rafael-163/alquiler-canoa,-kayak-o-hidropedal-en-los-reyunos-2842"
Paseo en Catamarán en el Dique los Reyunos,paseo-en-catamaran-en-el-dique-los-reyunos,2843,Paseo en Catamarán por el Dique Los Reyunos,https://www.tur.com/es/san-rafael-163/paseo-en-catamaran-en-el-dique-los-reyunos-2843
Costumbres Mendocinas - San Rafael,costumbres-mendocinas-san-rafael,2852,Costumbres Mendocinas: Bodegas y Casa de Campo en San Rafael,https://www.tur.com/es/san-rafael-163/costumbres-mendocinas-san-rafael-2852
Los Reyunos: Excursión + Actividad de Aventura,los-reyunos-excursion-actividad-de-aventura,2858,Excursión a Los Reyunos + Actividad de Aventura,https://www.tur.com/es/san-rafael-163/los-reyunos-excursion-actividad-de-aventura-2858
Entre Vides y Copas - Bodegas en San Rafael ,entre-vides-y-copas-bodegas-en-san-rafael,2851,Excursión a Bodegas con degustación en San Rafael ,https://www.tur.com/es/san-rafael-163/entre-vides-y-copas-bodegas-en-san-rafael-2851
City Tour San Rafael ,city-tour-san-rafael,2857,City Tour por San Rafael con Bodega y Chocolates,https://www.tur.com/es/san-rafael-163/city-tour-san-rafael-2857
Bike Tour por Viñedos de San Rafael ,bike-tour-por-vinedos-de-san-rafael,2856,Bike Tour por Viñedos de San Rafael ,https://www.tur.com/es/san-rafael-163/bike-tour-por-vinedos-de-san-rafael-2856
Excursión al Cañon del Atuel ,excursion-al-canon-del-atuel,2853,Excursión al Cañon del Atuel  desde San Rafael,https://www.tur.com/es/san-rafael-163/excursion-al-canon-del-atuel-2853
Excursión a los Reyunos desde San Rafael,excursion-a-los-reyunos-desde-san-rafael,2855,Excursión al Dique los Reyunos desde San Rafael,https://www.tur.com/es/san-rafael-163/excursion-a-los-reyunos-desde-san-rafael-2855
Cañon del Atuel: Excursión + Actividad de Aventura,canon-del-atuel-excursion-actividad-de-aventura,2854,Excursión al Cañon del Atuel + Actividad de Aventura,https://www.tur.com/es/san-rafael-163/canon-del-atuel-excursion-actividad-de-aventura-2854
Excursión al Valle de Las Leñas desde San Rafael,excursion-al-valle-de-las-lenas-desde-san-rafael,3108,Excursión al Valle de  Las Leñas desde San Rafael,https://www.tur.com/es/san-rafael-163/excursion-al-valle-de-las-lenas-desde-san-rafael-3108
Traslado e Ingreso al Parque de Aventura San Rafael,traslado-ingreso-parque-aventura-san-rafael,3379,Traslado e Ingreso al Parque de Aventura San Rafael,https://www.tur.com/es/san-rafael-163/traslado-ingreso-parque-aventura-san-rafael-3379
Excursión al Cañón del Atuel desde San Rafael,excursion-canon-del-atuel-desde-san-rafael,2696,Excursión al Cañón del Atuel desde San Rafael,https://www.tur.com/es/san-rafael-163/excursion-canon-del-atuel-desde-san-rafael-2696
Excursión al Embalse y Dique los Reyunos,excursion-los-reyunos-desde-san-rafael,2697,Excursión al Embalse y Dique Los Reyunos desde San Rafael,https://www.tur.com/es/san-rafael-163/excursion-los-reyunos-desde-san-rafael-2697
Excursión a Las Leñas desde San Rafael,excursion-a-las-lenas-desde-san-rafael,2698,Excursión a Las Leñas desde San Rafael,https://www.tur.com/es/san-rafael-163/excursion-a-las-lenas-desde-san-rafael-2698
Vuela en Tirolesa 4 cables en  Lago de Valle Grande,tirolesa-valle-grande-san-rafael,2894,"Tirolesa 4 cables en Lago Valle Grande, San Rafael",https://www.tur.com/es/san-rafael-163/tirolesa-valle-grande-san-rafael-2894
Vuela en Tirolesa 6 cables en Lago de Valle Grande,vuela-en-tirolesa-6-cables-en-lago-de-valle-grande,3167,Vuela en Tirolesa 6 cables en Lago de Valle Grande,https://www.tur.com/es/san-rafael-163/vuela-en-tirolesa-6-cables-en-lago-de-valle-grande-3167
Extreme Games Salta: Pack Aventura en el Agua,pack-aventura-acuatica-cabra-corral-salta,2823,"Pack de Aventura Acuática en Dique Cabra Corral, Salta",https://www.tur.com/es/salta-164/pack-aventura-acuatica-cabra-corral-salta-2823
Extreme Games Salta: Pack Adrenalina en el Aire,extreme-games-salta,3323,"Pack de Aventura en el Dique Cabra Corral, Salta",https://www.tur.com/es/salta-164/extreme-games-salta-3323
Navegación por las islas del Dique Cabra Corral,navegacion-islas-dique-cabra-corral-salta,2824,Navegación por las Islas del Dique Cabra Corral en Salta,https://www.tur.com/es/salta-164/navegacion-islas-dique-cabra-corral-salta-2824
Excursión Vuelta a los Valles Calchaquíes en 1 día,excursion-vuelta-a-los-valles-calchaquies-en-1-dia,3096,Excursión Vuelta a los Valles Calchaquíes en 1 día,https://www.tur.com/es/salta-164/excursion-vuelta-a-los-valles-calchaquies-en-1-dia-3096
"Excursiones a Cafayate, Cachi y Humahuaca en 3 días",cafayate-cachi-y-humahuaca-en-3-dias,3086,"Excursiones a Cafayate, Cachi y Humahuaca en 3 días",https://www.tur.com/es/salta-164/cafayate-cachi-y-humahuaca-en-3-dias-3086
"Excursiones a Cachi, Humahuaca y Salinas en 3 días",cachi-humahuaca-y-salinas-en-3-dias,3087,"Excursiones a Cachi, Humahuaca y Salinas en 3 días",https://www.tur.com/es/salta-164/cachi-humahuaca-y-salinas-en-3-dias-3087
Excursión a Humahuaca con Serranías del Hornocal,excursion-a-humahuaca-con-serranias-del-hornocal,2847,Excursión a Humahuaca con Serranías del Hornocal desde Salta,https://www.tur.com/es/salta-164/excursion-a-humahuaca-con-serranias-del-hornocal-2847
"Excursiones a Cafayate, Cachi y Salinas en 3 días","excursiones-a-cafayate,-cachi-y-salinas-en-3-dias",3072,"Excursiones a Cafayate, Cachi y Salinas en 3 días","https://www.tur.com/es/salta-164/excursiones-a-cafayate,-cachi-y-salinas-en-3-dias-3072"
Excursión a San Antonio de los Cobres,excursion-a-san-antonio-de-los-cobres,3093,Excursión a San Antonio de los Cobres,https://www.tur.com/es/salta-164/excursion-a-san-antonio-de-los-cobres-3093
"Excursión a Cafayate, Tierra de Vinos y Quebradas","excursion-a-cafayate,-tierra-de-vinos-y-quebradas",3080,"Excursión a Cafayate, Tierra de Vinos y Quebradas","https://www.tur.com/es/salta-164/excursion-a-cafayate,-tierra-de-vinos-y-quebradas-3080"
Excursiones a Cafayate y Cachi en 2 días,cafayate-y-cachi-en-2-dias-en-salta,3082,Excursiones a Cafayate y Cachi en 2 días,https://www.tur.com/es/salta-164/cafayate-y-cachi-en-2-dias-en-salta-3082
Pack 4 excursiones de día completo en Salta y Jujuy,excursiones-de-dia-completo-en-salta-y-jujuy,3089,Pack 4 excursiones de día completo en Salta y Jujuy,https://www.tur.com/es/salta-164/excursiones-de-dia-completo-en-salta-y-jujuy-3089
Excursiones a Cachi y Salinas Grandes en 2 días,excursiones-a-cachi-y-salinas-grandes-en-2-dias,3084,Excursiones a Cachi y Salinas Grandes en 2 días,https://www.tur.com/es/salta-164/excursiones-a-cachi-y-salinas-grandes-en-2-dias-3084
Excursiones a Cafayate y Humahuaca en 2 días,cafayate-y-humahuaca-en-2-dias-salta-y-jujuy,3083,Excursiones a Cafayate y Humahuaca en 2 días,https://www.tur.com/es/salta-164/cafayate-y-humahuaca-en-2-dias-salta-y-jujuy-3083
"Excursiones a Cafayate, Humahuaca y Salinas 3 días",cafayate-humahuaca-salias-grandes-y-cerro-de-los-7-colores,3088,"Excursiones a Cafayate, Humahuaca y Salinas 3 días",https://www.tur.com/es/salta-164/cafayate-humahuaca-salias-grandes-y-cerro-de-los-7-colores-3088
Excursiones a Cafayate y Salinas Grandes en 2 días,excursiones-a-cafayate-y-salinas-grandes-en-2-dias,3073,Excursiones a Cafayate y Salinas Grandes en 2 días,https://www.tur.com/es/salta-164/excursiones-a-cafayate-y-salinas-grandes-en-2-dias-3073
Excursiones a Humahuaca y Salinas Grandes 2 días,humahuaca-y-salinas-grandes-2-dias-en-jujuy,3085,Excursiones a Humahuaca y Salinas Grandes 2 días,https://www.tur.com/es/salta-164/humahuaca-y-salinas-grandes-2-dias-en-jujuy-3085
Excursión Imperdible a Iruya con Purmamarca,excursion-a-iruya-con-purmamarca-desde-salta,3094,Excursión Imperdible a Iruya con Purmamarca desde Salta,https://www.tur.com/es/salta-164/excursion-a-iruya-con-purmamarca-desde-salta-3094
Excursión a Cachi y Parque Nacional Los Cardones,excursion-a-cachi-y-parque-nacional-los-cardones,3071,Excursión a Cachi y Parque Nacional Los Cardones,https://www.tur.com/es/salta-164/excursion-a-cachi-y-parque-nacional-los-cardones-3071
Excursión a Salinas Grandes con Purmamarca,excursion-a-salinas-grandes-con-purmamarca,3079,Excursión a Salinas Grandes con Purmamarca desde Salta,https://www.tur.com/es/salta-164/excursion-a-salinas-grandes-con-purmamarca-3079
Excursión Vuelta los Valles Calchaquíes en 2 días,los-valles-calchaquies-en-2-dias-en-salta,3097,Excursión Vuelta los Valles Calchaquíes en 2 días,https://www.tur.com/es/salta-164/los-valles-calchaquies-en-2-dias-en-salta-3097
Excursión por Quebrada de Humahuaca y Purmamarca,excursion-por-quebrada-de-humahuaca-y-purmamarca,3081,Excursión por Quebrada de Humahuaca y Purmamarca desde Salta,https://www.tur.com/es/salta-164/excursion-por-quebrada-de-humahuaca-y-purmamarca-3081
Aventura en Bicicleta por la Yunga de San Lorenzo,aventura-en-bicicleta-por-la-yunga-de-san-lorenzo,2863,Aventura en Bicicleta por la Yunga de San Lorenzo,https://www.tur.com/es/salta-164/aventura-en-bicicleta-por-la-yunga-de-san-lorenzo-2863
Aventura en Bicicleta por la Quebrada del Toro,aventura-en-bicicleta-por-la-quebrada-del-toro,3222,Aventura en Bicicleta por la Quebrada del Toro,https://www.tur.com/es/salta-164/aventura-en-bicicleta-por-la-quebrada-del-toro-3222
Trekking Corto en las Yungas Salteñas,trekking-corto-en-las-yungas-saltenas,2864,Trekking Corto en las Yungas Salteñas,https://www.tur.com/es/salta-164/trekking-corto-en-las-yungas-saltenas-2864
Trekking Yungas Salteñas: Aventura Natural,trekking-yungas-saltenas-aventura-natural,3223,Trekking Yungas Salteñas: Aventura Natural,https://www.tur.com/es/salta-164/trekking-yungas-saltenas-aventura-natural-3223
City Tour por la ciudad de Salta y alrededores,city-tour-por-la-ciudad-de-salta-y-alrededores,2526,City Tour por la ciudad de Salta y alrededores ,https://www.tur.com/es/salta-164/city-tour-por-la-ciudad-de-salta-y-alrededores-2526
"Excursión Cachi, Cafayate, Humahuaca y Salinas ","excursion-cachi,-cafayate,-humahuaca-y-salinas",2861,"Excursión Cachi, Cafayate, Humahuaca y Salinas ","https://www.tur.com/es/salta-164/excursion-cachi,-cafayate,-humahuaca-y-salinas-2861"
Excursión a la Quebrada de Humahuaca desde Salta,excursion-a-la-quebrada-de-humahuaca-desde-salta,3191,Excursión a la Quebrada de Humahuaca desde Salta ,https://www.tur.com/es/salta-164/excursion-a-la-quebrada-de-humahuaca-desde-salta-2672
Lo mejor de Salta y Jujuy: Cafayate + Humahuaca,lo-mejor-de-salta-y-jujuy-cafayate-+-humahuaca,3190,Lo mejor de Salta y Jujuy: Cafayate + Humahuaca ,https://www.tur.com/es/salta-164/lo-mejor-de-salta-y-jujuy-cafayate-+-humahuaca-3190
Excursión a Cachi por la Cuesta del Obispo ,excursion-a-cachi-por-la-cuesta-del-obispo,2859,Excursión a Cachi por la Cuesta del Obispo ,https://www.tur.com/es/salta-164/excursion-a-cachi-por-la-cuesta-del-obispo-2859
Excursión a Cafayate con visita a Bodega ,excursion-a-cafayate-con-visita-a-bodega,2860,Excursión a Cafayate con visita a Bodega ,https://www.tur.com/es/salta-164/excursion-a-cafayate-con-visita-a-bodega-2860
Paquete Excursiones desde Salta: Cachi y Cafayate,paquete-excursiones-desde-salta-cachi-y-cafayate,3189,Paquete Excursiones desde Salta: Cachi y Cafayate ,https://www.tur.com/es/salta-164/paquete-excursiones-desde-salta-cachi-y-cafayate-3189
"Safari a las Nubes, y Salinas por San Antonio","safari-a-las-nubes,-y-salinas-por-san-antonio",2862,Safari a las Nubes y Salinas por San Antonio,"https://www.tur.com/es/salta-164/safari-a-las-nubes,-y-salinas-por-san-antonio-2862"
Safari a la Polvorilla: San Antonio de los Cobres,safari-a-la-polvorilla-san-antonio-de-los-cobres,3322,Safari a la Polvorilla: San Antonio de los Cobres ,https://www.tur.com/es/salta-164/safari-a-la-polvorilla-san-antonio-de-los-cobres-3322
Vuelta y Travesía a los Valles Calchaquies en 4x4,vuelta-y-travesia-a-los-valles-calchaquies-en-4x4,2679,Vuelta y Travesía a los Valles Calchaquies en 4x4,https://www.tur.com/es/salta-164/vuelta-y-travesia-a-los-valles-calchaquies-en-4x4-2679
"Travesía a las Nubes, Salinas y Purmamarca en 4x4","travesia-a-las-nubes,-salinas-y-purmamarca-en-4x4",2669,"Travesía a las Nubes, Salinas y Purmamarca en 4x4","https://www.tur.com/es/salta-164/travesia-a-las-nubes,-salinas-y-purmamarca-en-4x4-2669"
Excursión a Quebrada y Viaducto del Toro en Salta,excursion-a-quebrada-y-viaducto-del-toro-en-salta,2678,Excursión a Quebrada y Viaducto del Toro en Salta,https://www.tur.com/es/salta-164/excursion-a-quebrada-y-viaducto-del-toro-en-salta-2678
Valles Calchaquíes: Aventura de 2 Días desde Salta,valles-calchaquies-aventura-de-2-dias-desde-salta,2684,Valles Calchaquíes: Aventura de 2 Días desde Salta,https://www.tur.com/es/salta-164/valles-calchaquies-aventura-de-2-dias-desde-salta-2684
Excursión y visita al Dique Cabra Corral en Salta,excursion-y-visita-al-dique-cabra-corral-en-salta,2677,Excursión y visita al Dique Cabra Corral en Salta,https://www.tur.com/es/salta-164/excursion-y-visita-al-dique-cabra-corral-en-salta-2677
Excursión a Cachi y Valles Calchaquíes desde Salta,excursion-a-cachi-y-valles-calchaquies-desde-salta,2666,Excursión a Cachi y Valles Calchaquíes desde Salta,https://www.tur.com/es/salta-164/excursion-a-cachi-y-valles-calchaquies-desde-salta-2666
Excursión a la Quebrada de Humahuaca desde Salta,excursion-a-la-quebrada-de-humahuaca-desde-salta,2672,Excursión a la Quebrada de Humahuaca desde Salta,https://www.tur.com/es/salta-164/excursion-a-la-quebrada-de-humahuaca-desde-salta-2672
Quebrada de Humahuaca con Hornocal  desde Salta,quebrada-de-humahuaca-con-hornocal-desde-salta,2671,Quebrada de Humahuaca con Hornocal  desde Salta,https://www.tur.com/es/salta-164/quebrada-de-humahuaca-con-hornocal-desde-salta-2671
Excursión a Humahuaca e Iruya desde Salta,excursion-a-humahuaca-e-iruya-desde-salta,2650,Excursión a Humahuaca e Iruya desde Salta,https://www.tur.com/es/salta-164/excursion-a-humahuaca-e-iruya-desde-salta-2650
City Tour de la ciudad de Salta y San Lorenzo,city-tour-de-la-ciudad-de-salta-y-san-lorenzo,2676,City Tour de la ciudad de Salta y San Lorenzo,https://www.tur.com/es/salta-164/city-tour-de-la-ciudad-de-salta-y-san-lorenzo-2676
Excursión a las Salinas Grandes desde Salta,excursion-a-las-salinas-grandes-desde-salta,2681,Excursión a las Salinas Grandes desde Salta,https://www.tur.com/es/salta-164/excursion-a-las-salinas-grandes-desde-salta-2681
Combo Quebrada de Humahuaca y Salinas Grandes,combo-quebrada-de-humahuaca-y-salinas-grandes,2655,Combo Quebrada de Humahuaca y Salinas Grandes,https://www.tur.com/es/salta-164/combo-quebrada-de-humahuaca-y-salinas-grandes-2655
Rafting en el Río Juramento con Asado en Salta,rafting-rio-juramento-con-asado-salta,3324,Rafting en el Río Juramento con Asado en Salta,https://www.tur.com/es/salta-164/rafting-rio-juramento-con-asado-salta-3324
Rafting en el Río Juramento en Salta ,rafting-rio-juramento-salta,2893,Rafting en el Río Juramento en Salta y Cañón del Juramento,https://www.tur.com/es/salta-164/rafting-rio-juramento-salta-2893
Excursión a Salinas Grandes y Tren Solar desde Salta,excursion-a-salinas-grandes-y-tren-solar-desde-salta,4101,Excursión a Salinas Grandes y Tren Solar desde Salta,https://www.tur.com/es/salta-164/excursion-a-salinas-grandes-y-tren-solar-desde-salta-4101
Ticket al Tren a las Nubes desde S Antonio Solo Tren,tren-a-las-nubes-san-antonio-de-los-cobres,5240,Ticket al Tren a las Nubes desde San Antonio de los Cobres,https://www.tur.com/es/salta-164/tren-a-las-nubes-san-antonio-de-los-cobres-5240
"Hornocal, Tren Solar y Purmamarca Explosión de Color","hornocal,-tren-solar-y-purmamarca-explosion-de-color",4098,"Excursión al Hornocal, Tren Solar y Purmamarca  desde Salta","https://www.tur.com/es/salta-164/hornocal,-tren-solar-y-purmamarca-explosion-de-color-4098"
Tren a las Nubes: Un Viaje Épico Sobre los Andes,tren-a-las-nubes-un-viaje-epico-sobre-los-andes,4100,Tren a las Nubes: Un Viaje Épico Sobre los Andes,https://www.tur.com/es/salta-164/tren-a-las-nubes-un-viaje-epico-sobre-los-andes-4100
Cabalgata a Las Lomas en Salta de 3 horas,cabalgata-a-las-lomas-en-salta-de-3-horas,2701,Cabalgata a Las Lomas en Salta de 3 horas,https://www.tur.com/es/salta-164/cabalgata-a-las-lomas-en-salta-de-3-horas-2701
Trekking a la Quebrada de San Lorenzo de 3 horas,trekking-a-la-quebrada-de-san-lorenzo-de-3-horas,2700,Trekking a la Quebrada de San Lorenzo de 3 horas,https://www.tur.com/es/salta-164/trekking-a-la-quebrada-de-san-lorenzo-de-3-horas-2700
Trekking al Mirador San Lorenzo o Cajones 7 horas,trekking-al-mirador-san-lorenzo-o-cajones-7-horas,2703,Trekking al Mirador San Lorenzo o Cajones 7 horas,https://www.tur.com/es/salta-164/trekking-al-mirador-san-lorenzo-o-cajones-7-horas-2703
Bicicleta a Potrero Grande en Salta 3 horas,tour-bicicleta-potrero-grande-salta,2705,Tour en Bicicleta en Potrero Grande Salta de 3 Horas,https://www.tur.com/es/salta-164/tour-bicicleta-potrero-grande-salta-2705
Bicicleta a la Quebrada de Arteaga en Salta,tour-bicicleta-quebrada-de-arteaga-salta,2704,Tour en Bicicleta a la Quebrada de Arteaga en Salta,https://www.tur.com/es/salta-164/tour-bicicleta-quebrada-de-arteaga-salta-2704
Cabalgata a Potrero Grande con Asado de 7 hs,cabalgata-a-potrero-grande-con-asado-de-7-hs,2702,Cabalgata a Potrero Grande con Asado de 7 hs,https://www.tur.com/es/salta-164/cabalgata-a-potrero-grande-con-asado-de-7-hs-2702
Cabalgata Familiar a Las Lomas en Salta de 2 horas,cabalgata-familiar-a-las-lomas-en-salta-de-2-horas,2706,Cabalgata Familiar a Las Lomas en Salta de 2 horas,https://www.tur.com/es/salta-164/cabalgata-familiar-a-las-lomas-en-salta-de-2-horas-2706
Bicicleta a Puerta del Cielo en Salta de 7 horas,bicicleta-a-puerta-del-cielo-en-salta-de-7-horas,3117,Bicicleta a Puerta del Cielo en Salta de 7 horas,https://www.tur.com/es/salta-164/bicicleta-a-puerta-del-cielo-en-salta-de-7-horas-3117
Ruta del Vino de Altura: Cafayate y Museo del Vino,ruta-del-vino-cafayate-y-museo-del-vino,3257,Ruta del Vino de Altura: Cafayate y Museo del Vino,https://www.tur.com/es/salta-164/ruta-del-vino-cafayate-y-museo-del-vino-3257
Salta: Descubre el Corazón del Folclore Argentino,salta-descubre-el-corazon-del-folclore-argentino,2907,Salta: Descubre el Corazón del Folclore Argentino,https://www.tur.com/es/salta-164/salta-descubre-el-corazon-del-folclore-argentino-2907
Excursión a Laguna del Toro y Avistaje de Flamenco,excursion-a-laguna-del-toro-y-avistaje-de-flamenco,2909,Excursión a Laguna del Toro y Avistaje de Flamenco,https://www.tur.com/es/salta-164/excursion-a-laguna-del-toro-y-avistaje-de-flamenco-2909
Excursión 4x4 a Yungas y Parque Nacional el Rey,excursion-4x4-a-yungas-y-parque-nacional-el-rey,2908,Excursión 4x4 a Yungas y Parque Nacional el Rey,https://www.tur.com/es/salta-164/excursion-4x4-a-yungas-y-parque-nacional-el-rey-2908
Walking Tour: Recorre Salta y sus Rincones a Pie,walking-tour-recorre-salta-y-sus-rincones-a-pie,3256,Walking Tour: Recorre Salta y sus Rincones a Pie,https://www.tur.com/es/salta-164/walking-tour-recorre-salta-y-sus-rincones-a-pie-3256
Sabores Regionales: Circuito Gastronómico en Salta,circuito-gastronomico-en-salta,3255,Sabores Regionales: Circuito Gastronómico en Salta,https://www.tur.com/es/salta-164/circuito-gastronomico-en-salta-3255
Excursión a las Pinturas Rupestres de Guachipas,excursion-a-las-pinturas-rupestres-de-guachipas,3259,Excursión a las Pinturas Rupestres de Guachipas,https://www.tur.com/es/salta-164/excursion-a-las-pinturas-rupestres-de-guachipas-3259
Excursión a la Ruta del Tabaco en Salta,excursion-a-la-ruta-del-tabaco-en-salta,3258,Excursión a la Ruta del Tabaco en Salta,https://www.tur.com/es/salta-164/excursion-a-la-ruta-del-tabaco-en-salta-3258
Travesía a Tolar Grande Explorando la Puna Salteña,travesia-a-tolar-grande-explorando-la-puna-saltena,3260,Travesía a Tolar Grande Explorando la Puna Salteña,https://www.tur.com/es/salta-164/travesia-a-tolar-grande-explorando-la-puna-saltena-3260
Buceo en Bosque Sumergido de Villa Traful,buceo-en-bosque-sumergido-de-villa-traful,3026,Buceo en Bosque Sumergido de Villa Traful,https://www.tur.com/es/villa-traful-165/buceo-en-bosque-sumergido-de-villa-traful-3026
Bautismo de Buceo en el Lago Traful,bautismo-de-buceo-en-el-lago-traful,3579,Bautismo de Buceo en el Lago Traful,https://www.tur.com/es/villa-traful-165/bautismo-de-buceo-en-el-lago-traful-3579
Paseo de Iniciación a la Cabalgata en Traful,paseo-de-iniciacion-a-la-cabalgata-en-traful,3161,Paseo de Iniciación a la Cabalgata en Traful,https://www.tur.com/es/villa-traful-165/paseo-de-iniciacion-a-la-cabalgata-en-traful-3161
Cabalgata Vamos a la Playa en Villa Traful,cabalgata-vamos-a-la-playa-en-villa-traful,3162,Cabalgata a las Playas de Villa Traful por Bosque Patagónico,https://www.tur.com/es/villa-traful-165/cabalgata-vamos-a-la-playa-en-villa-traful-3162
Cabalgata Terapia de Bosque en Villa Traful,cabalgata-terapia-de-bosque-en-villa-traful,3160,Cabalgata Terapia de Bosque en Villa Traful,https://www.tur.com/es/villa-traful-165/cabalgata-terapia-de-bosque-en-villa-traful-3160
https://latitur.com/actividades/lago-traful/multiple/bosque-sumergido-y-bahia-grande-en-villa-traful/122024,bosque-sumergido-y-bahia-grande-en-villa-traful,3901,Navegaciónn al Bosque Sumergido y Bahía Grande en Villa Traful,https://www.tur.com/es/villa-traful-165/bosque-sumergido-y-bahia-grande-en-villa-traful-3901
Navegación Bosque Sumergido: Magia en el Lago Traful,navegacion-bosque-sumergido-magia-en-el-lago-traful,2819,Navegación al Bosque Sumergido: Magia en el Lago Traful,https://www.tur.com/es/villa-traful-165/navegacion-bosque-sumergido-magia-en-el-lago-traful-2819
Cabalgata una hora en Traful,cabalgata-una-hora-en-traful,3063, Cabalgata a los Pozones del Cuyín en Traful,https://www.tur.com/es/villa-traful-165/cabalgata-una-hora-en-traful-3063
Trekking Lagunas Las Mellizas y Pinturas Rupestres,trekking-lagunas-las-mellizas-y-pinturas-rupestres,3059,Trekking Lagunas Las Mellizas y Pinturas Rupestres,https://www.tur.com/es/villa-traful-165/trekking-lagunas-las-mellizas-y-pinturas-rupestres-3059
Trekking al Cerro Negro y Mirador Naso,trekking-al-cerro-negro-y-mirador-naso,3060,Trekking al Cerro Negro y Mirador Naso,https://www.tur.com/es/villa-traful-165/trekking-al-cerro-negro-y-mirador-naso-3060
Cabalgata a las cascadas Coa Co y Arroyo Blanco,cabalgata-a-las-cascadas-coa-co-y-arroyo-blanco,3061,Cabalgata a las cascadas Coa Co y Arroyo Blanco,https://www.tur.com/es/villa-traful-165/cabalgata-a-las-cascadas-coa-co-y-arroyo-blanco-3061
Bike tour a la Playa de las 3 Marías en Villa Traful,bike-tour-a-la-playa-de-las-3-marias-en-villa-traful,3062,Bike tour a la Playa de las 3 Marías en Villa Traful,https://www.tur.com/es/villa-traful-165/bike-tour-a-la-playa-de-las-3-marias-en-villa-traful-3062
Alquiler de Kayak Simple 1 hora en Lago Traful,alquiler-de-kayak-simple-1-hora-en-lago-traful,3150,Alquiler de Kayak Simple 1 hora en Lago Traful,https://www.tur.com/es/villa-traful-165/alquiler-de-kayak-simple-1-hora-en-lago-traful-3150
Alquiler de Kayak Doble 1 hora en Lago Traful,alquiler-de-kayak-doble-1-hora-en-lago-traful,3149,Alquiler de Kayak Doble 1 hora en Lago Traful,https://www.tur.com/es/villa-traful-165/alquiler-de-kayak-doble-1-hora-en-lago-traful-3149
Travesía en SUP Inicial: Descubre el Lago Traful,travesia-en-sup-inicial-descubre-el-lago-traful,3363,Travesía en SUP Inicial: Descubre el Lago Traful,https://www.tur.com/es/villa-traful-165/travesia-en-sup-inicial-descubre-el-lago-traful-3363
Travesía en SUP Full Day por el Lago Traful,travesia-en-sup-full-day-por-el-lago-traful,3362,Travesía en SUP Full Day por el Lago Traful,https://www.tur.com/es/villa-traful-165/travesia-en-sup-full-day-por-el-lago-traful-3362
Trekking al Cerro Monje en Villa Traful,trekking-al-cerro-monje-en-villa-traful,3366,Trekking al Cerro Monje en Villa Traful,https://www.tur.com/es/villa-traful-165/trekking-al-cerro-monje-en-villa-traful-3366
Travesía en SUP Medio Día por el Lago Traful,travesia-en-sup-medio-dia-por-el-lago-traful,3364,Travesía en SUP Medio Día por el Lago Traful,https://www.tur.com/es/villa-traful-165/travesia-en-sup-medio-dia-por-el-lago-traful-3364
Travesía en Mega SUP: Diversión y Aventura en Equipo,travesia-en-mega-sup-diversion-y-aventura-en-equipo,3367,Travesía en Mega SUP: Diversión y Aventura en Equipo,https://www.tur.com/es/villa-traful-165/travesia-en-mega-sup-diversion-y-aventura-en-equipo-3367
Travesía en SUP Full Day Exclusiva por Lago Traful,travesia-en-sup-full-day-exclusiva-por-lago-traful,3365,Travesía en SUP Full Day Exclusiva por Lago Traful,https://www.tur.com/es/villa-traful-165/travesia-en-sup-full-day-exclusiva-por-lago-traful-3365
Ascenso al Volcán Domuyo: El Techo de la Patagonia,ascenso-al-volcan-domuyo-el-techo-de-la-patagonia,3268,Ascenso al Volcán Domuyo: El Techo de la Patagonia,https://www.tur.com/es/villa-la-angostura-166/ascenso-al-volcan-domuyo-el-techo-de-la-patagonia-3268
Bautismo Buceo en Bahía Mansa Villa la Angostura,bautismo-de-buceo-en-bahia-mansa-villa-la-angostura,3027,"Bautismo de Buceo en Bahía Mansa, Villa La Angostura",https://www.tur.com/es/villa-la-angostura-166/bautismo-de-buceo-en-bahia-mansa-villa-la-angostura-3027
Cabalgata Mirador Belvedere y Cascada Inacayal,cabalgata-mirador-belvedere-y-cascada-inacayal,3489,Cabalgata  Mirador Belvedere y Cascada Inacayal,https://www.tur.com/es/villa-la-angostura-166/cabalgata-mirador-belvedere-y-cascada-inacayal-3489
Cabalgata al Mirador del Cerro Belvedere,cabalgata-al-mirador-del-cerro-belvedere,3490,Cabalgata al Mirador del Cerro Belvedere,https://www.tur.com/es/villa-la-angostura-166/cabalgata-al-mirador-del-cerro-belvedere-3490
Navegación Imperdible al Bosque de Arrayanes,navegacion-imperdible-al-bosque-de-arrayanes,3387,Navegación Imperdible al Bosque de Arrayanes,https://www.tur.com/es/villa-la-angostura-166/navegacion-imperdible-al-bosque-de-arrayanes-3387
Iniciación a Pesca con Mosca en Villa la Angostura,iniciacion-a-pesca-con-mosca-en-villa-la-angostura,3519,Iniciación a Pesca con Mosca en Villa la Angostura,https://www.tur.com/es/villa-la-angostura-166/iniciacion-a-pesca-con-mosca-en-villa-la-angostura-3519
Pesca en Lago de Montaña en Villa la Angostura,pesca-en-lago-de-montana-en-villa-la-angostura,3520,Pesca en Lago de Montaña en Villa la Angostura,https://www.tur.com/es/villa-la-angostura-166/pesca-en-lago-de-montana-en-villa-la-angostura-3520
Paseo en Kayak de Bahía Mansa a Bahía Las Balsas,paseo-en-kayak-de-bahia-mansa-a-bahia-las-balsas,3195,Paseo en Kayak de Bahía Mansa a Bahía Las Balsas,https://www.tur.com/es/villa-la-angostura-166/paseo-en-kayak-de-bahia-mansa-a-bahia-las-balsas-3195
Vuelta en Kayak a la Isla Menéndez,vuelta-en-kayak-a-la-isla-menendez,3194,Vuelta en Kayak a la Isla Menéndez,https://www.tur.com/es/villa-la-angostura-166/vuelta-en-kayak-a-la-isla-menendez-3194
Trekking y Navegación al Dormilón o Machete,trekking-y-navegacion-al-dormilon-o-machete,3196,Trekking y Navegación al Dormilón o Machete,https://www.tur.com/es/villa-la-angostura-166/trekking-y-navegacion-al-dormilon-o-machete-3196
Excursión en Kayak en Lago Espejo o Nahuel Huapi,excursion-en-kayak-en-lago-espejo-o-nahuel-huapi,3585,Excursión en Kayak en Lago Espejo o Nahuel Huapi,https://www.tur.com/es/villa-la-angostura-166/excursion-en-kayak-en-lago-espejo-o-nahuel-huapi-3585
Excursión a San Martín de los Andes por 7 Lagos,excursion-a-san-martin-de-los-andes-por-7-lagos,3549,Excursión a San Martín de los Andes por 7 Lagos desde Villa la Angostura,https://www.tur.com/es/villa-la-angostura-166/excursion-a-san-martin-de-los-andes-por-7-lagos-3549
Excursión Imperdible al Circuito Angostura,excursion-imperdible-al-circuito-angostura,3551,Excursión Imperdible al Circuito Angostura,https://www.tur.com/es/villa-la-angostura-166/excursion-imperdible-al-circuito-angostura-3551
Excursión a Bariloche y Circuito Chico desde Villa,excursion-a-bariloche-y-circuito-chico-desde-villa,3552,Excursión a Bariloche y Circuito Chico desde Villa la Angostura,https://www.tur.com/es/villa-la-angostura-166/excursion-a-bariloche-y-circuito-chico-desde-villa-3552
Excursión a Villa Traful y el Valle Encantado,excursion-a-villa-traful-y-el-valle-encantado,3550,Excursión a Villa Traful y el Valle Encantado desde Villa la Angostura,https://www.tur.com/es/villa-la-angostura-166/excursion-a-villa-traful-y-el-valle-encantado-3550
La Experiencia Urbana definitiva en Bicicleta,la-experiencia-urbana-definitiva-en-bicicleta,2800,La Experiencia Urbana definitiva en Bicicleta en Buenos Aires,https://www.tur.com/es/buenos-aires-167/la-experiencia-urbana-definitiva-en-bicicleta-2800
Autobús turístico Buenos Aires Bus,bus-turistico-buenos-aires,5133,Bus Turístico en Buenos Aires con Hop On Hop Off,https://www.tur.com/es/buenos-aires-167/bus-turistico-buenos-aires-5133
Torre Verti-GO: 1 Salto en Caída Libre de 13 Metros,torre-verti-go-1-salto-en-caida-libre-de-13-metros,3200,Euca Tigre Parque Aéreo de Aventura Torre Verti-GO:  Caída Libre de 13 m,https://www.tur.com/es/buenos-aires-167/torre-verti-go-1-salto-en-caida-libre-de-13-metros-3200
Entrada 1 hora de Aventura en Euca Mini Tigre,entrada-1-hora-de-aventura-en-euca-mini-tigre,3199,Euca Tigre Parque Aéreo de Aventura - Entrada 1 hora sector MINI ,https://www.tur.com/es/buenos-aires-167/entrada-1-hora-de-aventura-en-euca-mini-tigre-3199
Entrada General: 3 horas de Aventura en Euca Tigre,entrada-general-3-horas-de-aventura-en-euca-tigre,2822,Euca Tigre Parque Aéreo de Aventura - Entrada de 3 horas,https://www.tur.com/es/buenos-aires-167/entrada-general-3-horas-de-aventura-en-euca-tigre-2822
Fototour por el Barrio de la Boca y Caminito,fototour-la-boca-caminito-buenos-aires,2829,Fototour por La Boca y Caminito en Buenos Aires,https://www.tur.com/es/buenos-aires-167/fototour-la-boca-caminito-buenos-aires-2829
Fototour por el Centro Histórico Porteño,fototour-centro-historico-buenos-aires,3325,Fototour a pie por el Centro Histórico de Buenos Aires,https://www.tur.com/es/buenos-aires-167/fototour-centro-historico-buenos-aires-3325
Fototour por el Barrio Histórico de San Telmo,fototour-barrio-historico-san-telmo,3326,Fototour por el Barrio Histórico de San Telmo,https://www.tur.com/es/buenos-aires-167/fototour-barrio-historico-san-telmo-3326
Free Tour en el Cementario de la Recoleta,tour-cementerio-recoleta-buenos-aires,5310,Free Tour en el Cementerio de la Recoleta,https://www.tur.com/es/buenos-aires-167/tour-cementerio-recoleta-buenos-aires-5310
City Tour Premium por la Ciudad de Buenos Aires,city-tour-premium-por-la-ciudad-de-buenos-aires,2838,City Tour Premium por la Ciudad de Buenos Aires,https://www.tur.com/es/buenos-aires-167/city-tour-premium-por-la-ciudad-de-buenos-aires-2838
Cena y Show de Tango Tradicional en Cátulo Tango,cena-y-show-de-tango-tradicional-en-catulo-tango,3680,Cena y Show de Tango Tradicional en Cátulo Tango ,https://www.tur.com/es/buenos-aires-167/cena-y-show-de-tango-tradicional-en-catulo-tango-3680
Entrada Show de Tango Premium en Cátulo Tango,entrada-show-de-tango-premium-en-catulo-tango,3681,Entrada Show de Tango  Premium en Cátulo Tango,https://www.tur.com/es/buenos-aires-167/entrada-show-de-tango-premium-en-catulo-tango-3681
Tras los Pasos del Papa Francisco,tour-papa-francisco-buenos-aires,3583,Tour Tras los Pasos del Papa Francisco en Buenos Aires,https://www.tur.com/es/buenos-aires-167/tour-papa-francisco-buenos-aires-3583
City Tour Premium + Madero Tango Cena Show Platea,city-tour-premium-cena-show-tango-buenos-aires,3845,City Tour Premium por Buenos Aires  + Cena Show en Madero Tango en Platea,https://www.tur.com/es/buenos-aires-167/city-tour-premium-cena-show-tango-buenos-aires-3845
Visita Express a la Bombonera y Museo Boca Juniors,visita-express-a-la-bombonera-y-museo-boca-juniors,3397,Visita Express al Estadio Bombonera y Museo Boca Juniors,https://www.tur.com/es/buenos-aires-167/visita-express-a-la-bombonera-y-museo-boca-juniors-3397
City Tour Premium por la Ciudad en Privado,city-tour-premium-por-la-ciudad-en-privado,3789,City Tour Premium por la Ciudad de Buenos Aires en Privado,https://www.tur.com/es/buenos-aires-167/city-tour-premium-por-la-ciudad-en-privado-3789
Excursión a Tigre y Delta Premium,excursion-a-tigre-y-delta-premium,3582,Excursión a Tigre y Delta Premium en Buenos Aires,https://www.tur.com/es/buenos-aires-167/excursion-a-tigre-y-delta-premium-3582
Entradas Parque de la Costa,entradas-parque-de-la-costa,3675,Entradas al Parque de la Costa en el Tigre,https://www.tur.com/es/buenos-aires-167/entradas-parque-de-la-costa-3675
Entrada al Show de Tango y Malambo el Viejo Almacén,entrada-al-show-de-tango-y-malambo-el-viejo-almacen,3678,Entrada al Show de Tango y Malambo el Viejo Almacén,https://www.tur.com/es/buenos-aires-167/entrada-al-show-de-tango-y-malambo-el-viejo-almacen-3678
Navegación Postales de Buenos Aires desde La Boca,navegacion-postales-de-buenos-aires-desde-la-boca,2832,Navegación Postales de Buenos Aires desde La Boca,https://www.tur.com/es/buenos-aires-167/navegacion-postales-de-buenos-aires-desde-la-boca-2832
Visita Full a la Bombonera y Museo Boca Juniors,visita-full-a-la-bombonera-y-museo-boca-juniors,3846,Visita Full al Estadio  Bombonera y Museo Boca Juniors,https://www.tur.com/es/buenos-aires-167/visita-full-a-la-bombonera-y-museo-boca-juniors-3846
Entrada Show VIP de Tango en Madero Tango,entrada-show-vip-de-tango-en-madero-tango,3679,Entrada al Show artístico Madero Tango Buenos Aires,https://www.tur.com/es/buenos-aires-167/entrada-show-vip-de-tango-en-madero-tango-3679
Navegación Postales de Buenos Aires desde Pto Madero,navegacion-postales-de-buenos-aires-desde-puerto-madero,2571,Navegación Postales de Buenos Aires desde Puerto Madero,https://www.tur.com/es/buenos-aires-167/navegacion-postales-de-buenos-aires-desde-puerto-madero-2571
Parque de la Costa: Adrenalina y Diversión en Tigre,parque-de-la-costa-adrenalina-y-diversion-en-tigre,2836,Excursión al Parque de la Costa con traslados desde Buenos Aires,https://www.tur.com/es/buenos-aires-167/parque-de-la-costa-adrenalina-y-diversion-en-tigre-2836
Experiencia Vitivinícola  Bodega Gamboa,experiencia-vitivinicola-campana,2839,Experiencia vitivinícola con almuerzo en Campana,https://www.tur.com/es/buenos-aires-167/experiencia-vitivinicola-campana-2839
Traslado Privado Aeroparque Jorge Newbery al Hotel,traslado-privado-aeroparque-jorge-newbery-al-hotel,3790,Traslado Privado Aeroparque Jorge Newbery al Hotel,https://www.tur.com/es/buenos-aires-167/traslado-privado-aeroparque-jorge-newbery-al-hotel-3790
Tour Estadio Bombonera de Boca y Monumental de River,tour-estadio-bombonera-de-boca-y-monumental-de-river,3683,Tour al Estadio Bombonera de Boca Juniors y al Monumental de River Plate,https://www.tur.com/es/buenos-aires-167/tour-estadio-bombonera-de-boca-y-monumental-de-river-3683
Cena y Show de Tango sector platea en Madero Tango,cena-y-show-de-tango-sector-platea-en-madero-tango,3682,Cena y Show de Tango sector platea en Madero Tango ,https://www.tur.com/es/buenos-aires-167/cena-y-show-de-tango-sector-platea-en-madero-tango-3682
Excursión a Fiesta Gaucha en Estancia Don Silvano,excursion-a-fiesta-gaucha-en-estancia-don-silvano,2834,Excursión a Fiesta Gaucha en Estancia Don Silvano,https://www.tur.com/es/buenos-aires-167/excursion-a-fiesta-gaucha-en-estancia-don-silvano-2834
Navegación Postales de Buenos Aires desde la Boca,navegacion-postales-de-buenos-aires-desde-la-boca,4808,Navegación Postales de Buenos Aires desde la Boca ida y vuelta,https://www.tur.com/es/buenos-aires-167/navegacion-postales-de-buenos-aires-desde-la-boca-2832
Visita Full al Monumental y Museo River Plate,visita-full-al-monumental-y-museo-river-plate,3792,Visita Full al Estadio  Monumental y Museo River Plate,https://www.tur.com/es/buenos-aires-167/visita-full-al-monumental-y-museo-river-plate-3792
Tigre Clasico + Madero Tango Cena Show Platea,excursion-tigre-delta-cena-show-tango-buenos-aires,3844,Excursión a Tigre Clásico + Madero Tango Cena Show Platea,https://www.tur.com/es/buenos-aires-167/excursion-tigre-delta-cena-show-tango-buenos-aires-3844
Visita Express Museo River Plate,visita-express-museo-river-plate,2837,Visita Express al Estadio Monumental y Museo River Plate,https://www.tur.com/es/buenos-aires-167/visita-express-museo-river-plate-2837
Entrada al Bioparque Temaikén,entrada-al-bioparque-temaiken,2569,Entrada al Bioparque Temaikèn,https://www.tur.com/es/buenos-aires-167/entrada-al-bioparque-temaiken-2569
Excursión a Fiesta Gaucha en Estancia Santa Susana,excursion-a-fiesta-gaucha-en-estancia-santa-susana,2831,Excursión a Fiesta Gaucha en Estancia Santa Susana,https://www.tur.com/es/buenos-aires-167/excursion-a-fiesta-gaucha-en-estancia-santa-susana-2831
Excursión a Tigre y Delta Clásico + Puerto de Frutos,excursion-a-tigre-y-delta-clasico-+-puerto-de-frutos,2572,Excursión al Tigre y Puerto de Frutos con Navegación por el Delta ,https://www.tur.com/es/buenos-aires-167/excursion-a-tigre-y-delta-clasico-+-puerto-de-frutos-2572
Tour a  Campanópolis: Aldea Medieval de Buenos Aires,tour-a-campanopolis-aldea-medieval-de-buenos-aires,2570,Tour a  Campanópolis: Aldea Medieval de Buenos Aires,https://www.tur.com/es/buenos-aires-167/tour-a-campanopolis-aldea-medieval-de-buenos-aires-2570
Navegación Postales de Buenos Aires ida y vuelta,navegacion-postales-de-buenos-aires-ida-y-vuelta,2833,Navegación Postales de Buenos Aires desde Pto. Madero ida y vuelta,https://www.tur.com/es/buenos-aires-167/navegacion-postales-de-buenos-aires-ida-y-vuelta-2833
Cena y Show de Tango en el Viejo Almacén,cena-y-show-de-tango-en-el-viejo-almacen,3677,Cena y Show de Tango  en el Viejo Almacén,https://www.tur.com/es/buenos-aires-167/cena-y-show-de-tango-en-el-viejo-almacen-3677
Free Tour por el Barrio de la Recoleta,free-tour-por-el-barrio-de-la-recoleta,3930,Free Tour por el Barrio de la Recoleta,https://www.tur.com/es/buenos-aires-167/free-tour-por-el-barrio-de-la-recoleta-3930
Walking Tour por Buenos Aires con Cata de Vinos,walking-tour-por-buenos-aires-con-cata-de-vinos,4807,Walking Tour por Buenos Aires con degustación de Vinos,https://www.tur.com/es/buenos-aires-167/walking-tour-por-buenos-aires-con-cata-de-vinos-4807
Free Tour Nocturno por la Ciudad de Buenos Aires,free-tour-nocturno-por-la-ciudad-de-buenos-aires,3959,Free Tour Nocturno por la Ciudad de Buenos Aires,https://www.tur.com/es/buenos-aires-167/free-tour-nocturno-por-la-ciudad-de-buenos-aires-3959
Tour en Bicicleta por Ciudad de Buenos Aires Norte,tour-bicicleta-buenos-aires-norte-recoleta-palermo,3058,Tour en Bicicleta por Ciudad de Buenos Aires Norte,https://www.tur.com/es/buenos-aires-167/tour-bicicleta-buenos-aires-norte-recoleta-palermo-3058
Tour en Bicicleta por Ciudad de Buenos Aires Sur,tour-bicicleta-buenos-aires-sur,2890,Tour en Bicicleta por Ciudad de Buenos Aires Sur,https://www.tur.com/es/buenos-aires-167/tour-bicicleta-buenos-aires-sur-almuerzo-2889
Tour en Bicicleta por la Ciudad con Almuerzo,tour-bicicleta-buenos-aires-sur-almuerzo,2889,Tour en Bicicleta por Buenos Aires Sur con Almuerzo,https://www.tur.com/es/buenos-aires-167/tour-bicicleta-buenos-aires-sur-almuerzo-2889
Salto en Paracaídas en Chascomús: ¡Adrenalina Pura!,salto-en-paracaidas-en-chascomus,2895,Salto en Paracaídas en Chascomús: ¡Adrenalina Pura!,https://www.tur.com/es/buenos-aires-167/salto-en-paracaidas-en-chascomus-2895
Show de Tango Tradicional en el Café Tortoni,show-de-tango-tradicional-en-el-cafe-tortoni,4103,Show de Tango Tradicional en el Café Tortoni,https://www.tur.com/es/buenos-aires-167/show-de-tango-tradicional-en-el-cafe-tortoni-4103
Visita guiada al Teatro Colón,visita-guiada-al-teatro-colon,4104,Visita guiada al Teatro Colón,https://www.tur.com/es/buenos-aires-167/visita-guiada-al-teatro-colon-4104
Free tour en San Telmo: historia y tradición porteña,free-tour-en-san-telmo-historia-y-tradicion-portena,3794,Free Tour en San Telmo: historia y tradición de Buenos Aires,https://www.tur.com/es/buenos-aires-167/free-tour-en-san-telmo-historia-y-tradicion-portena-3794
Free Tour por La Boca y Caminito: Colores y Tango,free-tour-por-la-boca-y-caminito-colores-y-tango,4106,Free Tour por La Boca y Caminito: Colores y Tango,https://www.tur.com/es/buenos-aires-167/free-tour-por-la-boca-y-caminito-colores-y-tango-4106
Free Tour Palermo: El Corazón Verde de Buenos Aires,free-tour-palermo-el-corazon-verde-de-buenos-aires,4105,Free Tour Palermo: El Corazón Verde de Buenos Aires,https://www.tur.com/es/buenos-aires-167/free-tour-palermo-el-corazon-verde-de-buenos-aires-4105
Free Tour por el centro histórico de Buenos Aires,free-tour-por-el-centro-historico-de-buenos-aires,3793,Free Tour por el centro histórico de Buenos Aires,https://www.tur.com/es/buenos-aires-167/free-tour-por-el-centro-historico-de-buenos-aires-3793
Tivoli Park: Diversión y Aventuras en Familia,tivoli-park-diversion-y-aventuras-en-familia,2903,Tivoli Park: Diversión y Aventuras en Familia,https://www.tur.com/es/buenos-aires-167/tivoli-park-diversion-y-aventuras-en-familia-2903
Imperdible Vuelo en Parapente sobre El Bolsón,imperdible-vuelo-en-parapente-sobre-el-bolson,5176,Imperdible Vuelo en Parapente sobre El Bolsón,https://www.tur.com/es/el-bolson-168/imperdible-vuelo-en-parapente-sobre-el-bolson-5176
Trekking y Packrafting en el Río Azul en El Bolsón,trekking-y-packrafting-en-el-rio-azul-en-el-bolson,3171,Trekking y Packrafting en el Río Azul en El Bolsón,https://www.tur.com/es/el-bolson-168/trekking-y-packrafting-en-el-rio-azul-en-el-bolson-3171
Trekking Interpretativo al Cajón del Azul,trekking-cajon-del-azul-el-bolson,3104,Trekking Interpretativo Cajón del Azul en El Bolsón,https://www.tur.com/es/el-bolson-168/trekking-cajon-del-azul-el-bolson-3104
Cabalgata Familiar Cascada Escondida en El Bolsón,cabalgata-familiar-cascada-escondida-el-bolson,3102,Cabalgata Familiar a Cascada Escondida en El Bolsón,https://www.tur.com/es/el-bolson-168/cabalgata-familiar-cascada-escondida-el-bolson-3102
Cabalgata Imperdible Cajón del Azul en el Bolsón,cabalgata-cajon-del-azul-el-bolson,3103,Cabalgata al Cajón del Azul en El Bolsón,https://www.tur.com/es/el-bolson-168/cabalgata-cajon-del-azul-el-bolson-3103
Excursión Puerto Bonito en Lago Epuyén y Miradores,excursion-puerto-bonito-en-lago-epuyen-y-miradores,3128,Excursión Puerto Bonito en Lago Epuyén y Miradores,https://www.tur.com/es/el-bolson-168/excursion-puerto-bonito-en-lago-epuyen-y-miradores-3128
"Excursión al Mirador, Pasarela y Saltos del Banco",excursion-lago-puelo-mirador-blanco-cascada-cardenas,3101,"Excursión al Mirador, Pasarela y Saltos del Banco",https://www.tur.com/es/el-bolson-168/excursion-lago-puelo-mirador-blanco-cascada-cardenas-3101
Excursión Cascada Nahuelpan Chacra y Pisicucultura,excursion-cascada-nahuelpan-chacras-el-bolson,3129,Excursión a Cascada Nahuelpan y Chacras en El Bolsón,https://www.tur.com/es/el-bolson-168/excursion-cascada-nahuelpan-chacras-el-bolson-3129
Patagonia Canopy Tour: Tirolesas en el Bolsón,patagonia-canopy-tour-tirolesas-en-el-bolson,3107,Patagonia Canopy Tour: Tirolesas en el Bolsón,https://www.tur.com/es/el-bolson-168/patagonia-canopy-tour-tirolesas-en-el-bolson-3107
Rafting Río Azul: Diversión Acuática en El Bolsón,rafting-rio-azul-diversion-acuatica-en-el-bolson,3537,Rafting Río Azul: Diversión Acuática en El Bolsón,https://www.tur.com/es/el-bolson-168/rafting-rio-azul-diversion-acuatica-en-el-bolson-3537
Cabalgata en la Patagonia desde Lago Puelo,cabalgata-en-la-patagonia-desde-lago-puelo,3516,Cabalgata en la   Patagonia desde Lago Puelo,https://www.tur.com/es/esquel-169/cabalgata-en-la-patagonia-desde-lago-puelo-3516
Kayak en Río Arrayanes hasta Punta Maos Full Day,kayak-en-rio-arrayanes-hasta-punta-maos-full-day,3312,Kayak en Río Arrayanes hasta Punta Maos Full Day,https://www.tur.com/es/esquel-169/kayak-en-rio-arrayanes-hasta-punta-maos-full-day-3312
Kayak en Lago Verde de Medio Día,kayak-en-lago-verde-de-medio-dia,3313,Kayak en Lago Verde de Medio Día,https://www.tur.com/es/esquel-169/kayak-en-lago-verde-de-medio-dia-3313
Citytour en Esquel con degustación de Yerba Mate,citytour-en-esquel-con-degustacion-de-yerba-mate,2748,City tour en Esquel con degustación de yerba mate,https://www.tur.com/es/esquel-169/citytour-en-esquel-con-degustacion-de-yerba-mate-2748
Kayak Express en Río Arrayanes en Esquel,kayak-express-en-rio-arrayanes-en-esquel,3115,Kayak Express en Río Arrayanes en Esquel,https://www.tur.com/es/esquel-169/kayak-express-en-rio-arrayanes-en-esquel-3115
Cabalgata de 3 hs. en Chacra los Alamos en Esquel,cabalgata-de-3-hs-en-chacra-los-alamos-en-esquel,3111,Cabalgata de 3 horas en Chacra Los Álamos en Esquel,https://www.tur.com/es/esquel-169/cabalgata-de-3-hs-en-chacra-los-alamos-en-esquel-3111
Viaje en Expreso Patagónico La Trochita en Esquel,viaje-en-expreso-patagonico-la-trochita-en-esquel,2746,Viaje en Expreso Patagónico La Trochita en Esquel,https://www.tur.com/es/esquel-169/viaje-en-expreso-patagonico-la-trochita-en-esquel-2746
Citytour en Esquel y alrededores,citytour-en-esquel-y-alrededores,2743,City Tour en Esquel y alrededores,https://www.tur.com/es/esquel-169/citytour-en-esquel-y-alrededores-2743
Excursión y fototravesía a Lago Bagillt ,excursion-y-fototravesia-a-lago-bagillt,2740,Excursión y fototravesía a Lago Bagillt ,https://www.tur.com/es/esquel-169/excursion-y-fototravesia-a-lago-bagillt-2740
Excursión a Piedra Parada y Cañadón de la Buitrera,excursion-a-piedra-parada-y-canadon-de-la-buitrera,3036,Excursión a Piedra Parada y Cañadón de la Buitrera,https://www.tur.com/es/esquel-169/excursion-a-piedra-parada-y-canadon-de-la-buitrera-2747
Canopy Tour en Pueblo Alto Lodge,canopy-tour-en-pueblo-alto-lodge,3034,Canopy Tour en Pueblo Alto Lodge,https://www.tur.com/es/esquel-169/canopy-tour-en-pueblo-alto-lodge-3034
Alquiler de Bicicleta en Esquel por 10 horas,alquiler-de-bicicleta-en-esquel-por-10-horas,3116,Alquiler de bicicleta mountain bike por día completo en Esquel,https://www.tur.com/es/esquel-169/alquiler-de-bicicleta-en-esquel-por-10-horas-3116
Cabalgata de 2 hs. en Chacra los Alamos en Esquel ,cabalgata-2-horas-chacra-los-alamos-esquel,2738,Cabalgata de 2 horas en Chacra Los Álamos en Esquel,https://www.tur.com/es/esquel-169/cabalgata-2-horas-chacra-los-alamos-esquel-2738
Excursión a Piedra Parada y Cañadón de la Buitrera ,excursion-a-piedra-parada-y-canadon-de-la-buitrera,2747,Excursión a Piedra Parada y Cañadón de la Buitrera ,https://www.tur.com/es/esquel-169/excursion-a-piedra-parada-y-canadon-de-la-buitrera-2747
Cabalgata de 1 hora en Chacra los Alamos en Esquel ,cabalgata-de-1-hora-en-chacra-los-alamos-en-esquel,2741,Cabalgata de 1 hora en Chacra Los Álamos en Esquel,https://www.tur.com/es/esquel-169/cabalgata-de-1-hora-en-chacra-los-alamos-en-esquel-2741
Ruta Galesa Medio Dia desde Esquel,ruta-galesa-medio-dia-desde-esquel,3112,Ruta Galesa medio día desde Esquel,https://www.tur.com/es/esquel-169/ruta-galesa-medio-dia-desde-esquel-3112
"Ruta Galesa con Represa Futaleufú, Cascadas y Viña","ruta-galesa-con-represa-futaleufu,-cascadas-y-vina",2739,"Ruta Galesa con Represa Futaleufú, Cascadas y Viña","https://www.tur.com/es/esquel-169/ruta-galesa-con-represa-futaleufu,-cascadas-y-vina-2739"
"Excursión a Trevelin, Cascadas, Molino y Viña","excursion-a-trevelin,-cascadas,-molino-y-vina",2745,"Excursión a Trevelin, Cascadas, Molino y Viña","https://www.tur.com/es/esquel-169/excursion-a-trevelin,-cascadas,-molino-y-vina-2745"
Bicicleta Clásica en Estancia Bonanza en Chaltén,bicicleta-clasica-en-estancia-bonanza-en-chalten,3348,Bicicleta Clásica en Estancia Bonanza en Chaltén,https://www.tur.com/es/el-chalten-170/bicicleta-clasica-en-estancia-bonanza-en-chalten-3348
Cabalgata con almuerzo o cena en Estancia Bonanza,cabalgata-con-almuerzo-o-cena-en-estancia-bonanza,3347,Cabalgata con almuerzo o cena en Estancia Bonanza,https://www.tur.com/es/el-chalten-170/cabalgata-con-almuerzo-o-cena-en-estancia-bonanza-3347
Escalada en Roca y Rappel en el Chaltén,escalada-en-roca-y-rappel-en-el-chalten,3353,Escalada en Roca y Rappel en el Chaltén,https://www.tur.com/es/el-chalten-170/escalada-en-roca-y-rappel-en-el-chalten-3353
Cabalgata y Kayak Full Day en Chaltén,cabalgata-y-kayak-full-day-en-chalten,3351,"Cabalgata por Cañadón, Trekking  y Kayak en Laguna Cóndor en Chaltén",https://www.tur.com/es/el-chalten-170/cabalgata-y-kayak-full-day-en-chalten-3351
Bicicleta y Rafting Full Day en el Chaltén,bicicleta-y-rafting-full-day-en-el-chalten,3352,Bicicleta y Rafting Full Day en el Chaltén,https://www.tur.com/es/el-chalten-170/bicicleta-y-rafting-full-day-en-el-chalten-3352
Via Ferrata en Estancia Bonanza en el Chaltén,via-ferrata-en-estancia-bonanza-en-el-chalten,2736,Via Ferrata en Estancia Bonanza en el Chaltén,https://www.tur.com/es/el-chalten-170/via-ferrata-en-estancia-bonanza-en-el-chalten-2736
Cabalgata clásica en Estancia Bonanza en Chalten,cabalgata-clasica-en-estancia-bonanza-en-chalten,2737,Cabalgata clásica en Estancia Bonanza en Chalten,https://www.tur.com/es/el-chalten-170/cabalgata-clasica-en-estancia-bonanza-en-chalten-2737
Cabalgata Full Day a la Laguna en Estancia Bonanza,cabalgata-full-day-a-la-laguna-en-estancia-bonanza,3350,Cabalgata Full Day a la Laguna en Estancia Bonanza,https://www.tur.com/es/el-chalten-170/cabalgata-full-day-a-la-laguna-en-estancia-bonanza-3350
Rafting en Río de las Vueltas en Chaltén ,rafting-en-rio-de-las-vueltas-en-chalten,2721,Rafting en Río de las Vueltas en Chaltén ,https://www.tur.com/es/el-chalten-170/rafting-en-rio-de-las-vueltas-en-chalten-2721
Kayak en Río de las Vueltas en Chaltén,kayak-en-rio-de-las-vueltas-en-chalten,3334,Kayak en Río de las Vueltas en Chaltén ,https://www.tur.com/es/el-chalten-170/kayak-en-rio-de-las-vueltas-en-chalten-3334
Excursión a la Capital del Trekking: El Chalten,excursion-a-la-capital-del-trekking-el-chalten,2593,"Excursión a El Chaltén, Mirador de los Cóndores y Chorrillo del Salto",https://www.tur.com/es/el-chalten-170/excursion-a-la-capital-del-trekking-el-chalten-2593
Trekking a Laguna de los Tres,trekking-a-laguna-de-los-tres,2880,Trekking a Laguna de los Tres,https://www.tur.com/es/el-chalten-170/trekking-a-laguna-de-los-tres-2880
Navegación y Trekking Dos Glaciares y Vespignani,navegacion-trekking-dos-glaciares-vespignani-el-chalten,3229,Navegación y trekking Dos Glaciares y Vespignani en El Chaltén,https://www.tur.com/es/el-chalten-170/navegacion-trekking-dos-glaciares-vespignani-el-chalten-3229
One Shot Vespignani: Navegación y Trekking Glacial,navegacion-trekking-glacial-vespignani-el-chalten,3230,Navegación y trekking glacial Vespignani en El Chaltén,https://www.tur.com/es/el-chalten-170/navegacion-trekking-glacial-vespignani-el-chalten-3230
Avistaje Delfines Patagónicos desde Rawson,avistaje-delfines-patagonicos-desde-rawson,2637,Avistaje Delfines Patagónicos desde Rawson,https://www.tur.com/es/puerto-madryn-171/avistaje-delfines-patagonicos-desde-rawson-2637
Aventura 4x4 con Sandboard Puerto Madryn,aventura-4x4-con-sandboard-puerto-madryn,2790,Aventura 4x4 y Sandboard en las dunas de  Puerto Madryn,https://www.tur.com/es/puerto-madryn-171/aventura-4x4-con-sandboard-puerto-madryn-2790
Isla Escondida con Delfín Patagónico en Rawson ,isla-escondida-con-delfin-patagonico-en-rawson,2638,Isla Escondida con Delfín Patagónico en Rawson ,https://www.tur.com/es/puerto-madryn-171/isla-escondida-con-delfin-patagonico-en-rawson-2638
Excursión a Pinguinera Punta Tombo y Gaiman,excursion-a-pinguinera-punta-tombo-y-gaiman,2634,Excursión a Pinguinera Punta Tombo y Gaiman,https://www.tur.com/es/puerto-madryn-171/excursion-a-pinguinera-punta-tombo-y-gaiman-2634
Avistaje de Orcas en Punta Norte y Caleta Valdés,avistaje-de-orcas-en-punta-norte-y-caleta-valdes,2644,Avistaje de Orcas en Punta Norte y Caleta Valdés,https://www.tur.com/es/puerto-madryn-171/avistaje-de-orcas-en-punta-norte-y-caleta-valdes-2644
Excursión a la Pinguinera de Punta Tombo ,excursion-a-la-pinguinera-de-punta-tombo,2632,Excursión a la Pinguinera de Punta Tombo ,https://www.tur.com/es/puerto-madryn-171/excursion-a-la-pinguinera-de-punta-tombo-2632
Excursión a Punta Tombo con Puerto Rawson,excursion-a-punta-tombo-con-puerto-rawson,2633,Excursión a Punta Tombo con Puerto Rawson,https://www.tur.com/es/puerto-madryn-171/excursion-a-punta-tombo-con-puerto-rawson-2633
Excursión al Valle Inferior y su Cultura Galesa,excursion-al-valle-inferior-y-su-cultura-galesa,2636,Excursión al Valle Inferior y su Cultura Galesa,https://www.tur.com/es/puerto-madryn-171/excursion-al-valle-inferior-y-su-cultura-galesa-2636
Excursión a Punta Loma y CityTour en Puerto Madryn ,excursion-a-punta-loma-y-citytour-en-puerto-madryn,2646,Excursión a Punta Loma y CityTour en Puerto Madryn ,https://www.tur.com/es/puerto-madryn-171/excursion-a-punta-loma-y-citytour-en-puerto-madryn-2646
Excursión Península Valdés con Puerto Piramides ,excursion-peninsula-valdes-con-puerto-piramides,2642,Excursión Península Valdés con Puerto Piramides ,https://www.tur.com/es/puerto-madryn-171/excursion-peninsula-valdes-con-puerto-piramides-2642
Avistaje Imperdible de Ballenas Yellow Submarine,avistaje-imperdible-de-ballenas-yellow-submarine,4593,Avistaje Imperdible de Ballenas en submarino  Yellow Submarine,https://www.tur.com/es/puerto-madryn-171/avistaje-imperdible-de-ballenas-yellow-submarine-4593
Excursión Solo Ballenas con Avistaje Costero,excursion-solo-ballenas-con-avistaje-costero,4592,Excursión Península de Valdez con avistaje Costero de Ballenas,https://www.tur.com/es/puerto-madryn-171/excursion-solo-ballenas-con-avistaje-costero-4592
Buceo de Bautismo Submarino en Puerto Madryn ,buceo-de-bautismo-submarino-en-puerto-madryn,2648,Buceo de Bautismo Submarino en Puerto Madryn ,https://www.tur.com/es/puerto-madryn-171/buceo-de-bautismo-submarino-en-puerto-madryn-2648
Excursión Península Valdés con Avistaje de Ballenas,excursion-peninsula-valdes-con-avistaje-de-ballenas,2647,Excursión Península Valdés con Avistaje de Ballenas Embarcado,https://www.tur.com/es/puerto-madryn-171/excursion-peninsula-valdes-con-avistaje-de-ballenas-2647
"Excursión Valle Inferior: Rawson, Trelew y Gaiman","excursion-valle-inferior-rawson,-trelew-y-gaiman",2635,"Excursión Valle Inferior: Rawson, Trelew y Gaiman","https://www.tur.com/es/puerto-madryn-171/excursion-valle-inferior-rawson,-trelew-y-gaiman-2635"
Excursión al Museo Paleontológico EF y Punta Loma,excursion-al-museo-paleontologico-ef-y-punta-loma,3356,Excursión al Museo Paleontológico EF y Punta Loma,https://www.tur.com/es/puerto-madryn-171/excursion-al-museo-paleontologico-ef-y-punta-loma-3356
Excursión Dique Ameghino y Dolavon ,excursion-dique-ameghino-y-dolavon,2639,Excursión Dique Ameghino y Dolavon ,https://www.tur.com/es/puerto-madryn-171/excursion-dique-ameghino-y-dolavon-2639
Excursión a Pinguinera Punta Tombo e Isla Escondida ,excursion-a-pinguinera-punta-tombo-e-isla-escondida,2641,Excursión a Pinguinera Punta Tombo e Isla Escondida ,https://www.tur.com/es/puerto-madryn-171/excursion-a-pinguinera-punta-tombo-e-isla-escondida-2641
Excursión al Dique Ameghino y Gaiman ,excursion-al-dique-ameghino-y-gaiman,2640,Excursión al Dique Ameghino y Gaiman ,https://www.tur.com/es/puerto-madryn-171/excursion-al-dique-ameghino-y-gaiman-2640
4x4 Camino al Extremo en Puerto Madryn,4x4-camino-al-extremo-en-puerto-madryn,3357,4x4 Camino al Extremo en Puerto Madryn,https://www.tur.com/es/puerto-madryn-171/4x4-camino-al-extremo-en-puerto-madryn-3357
Snorkeling con Lobos Marinos en Punta Loma ,snorkeling-con-lobos-marinos-en-punta-loma,2643,Snorkeling con Lobos Marinos en Punta Loma ,https://www.tur.com/es/puerto-madryn-171/snorkeling-con-lobos-marinos-en-punta-loma-2643
Aventura 4x4 en Punta Ninfas y Faro,aventura-4x4-punta-ninfas-faro-puerto-madryn,2805,Aventura 4x4 en Punta Ninfas y Faro desde Puerto Madryn,https://www.tur.com/es/puerto-madryn-171/aventura-4x4-punta-ninfas-faro-puerto-madryn-2805
Aventura 4x4 y Día de Campo Patagónico,aventura-4x4-dia-de-campo-patagonico-puerto-madryn,2803,Aventura 4x4 y Día de Campo Patagónico en Puerto Madryn,https://www.tur.com/es/puerto-madryn-171/aventura-4x4-dia-de-campo-patagonico-puerto-madryn-2803
Aventura Extrema 4x4 por las Playas de Madryn,aventura-extrema-4x4-por-las-playas-de-madryn,3100,Aventura Extrema 4x4 por las Playas de Madryn,https://www.tur.com/es/puerto-madryn-171/aventura-extrema-4x4-por-las-playas-de-madryn-3100
Snorkel con Lobos Marinos y Buceo en Puerto Madryn,snorkel-con-lobos-marinos-y-buceo-en-puerto-madryn,3335,Snorkel con Lobos Marinos y Bautismo de Buceo en Puerto Madryn,https://www.tur.com/es/puerto-madryn-171/snorkel-con-lobos-marinos-y-buceo-en-puerto-madryn-3335
Bautismo Submarino en Puerto Madryn,bautismo-submarino-en-puerto-madryn,3336,Bautismo Submarino en Puerto Madryn,https://www.tur.com/es/puerto-madryn-171/bautismo-submarino-en-puerto-madryn-3336
Snorkel con Lobos Marinos en Puerto Madryn,snorkel-con-lobos-marinos-en-puerto-madryn,2699,Snorkel con Lobos Marinos en Puerto Madryn,https://www.tur.com/es/puerto-madryn-171/snorkel-con-lobos-marinos-en-puerto-madryn-2699
Vuelo en Parapente en Loma Bola en Tucumán,vuelo-en-parapente-en-loma-bola-en-tucuman,4429,Vuelo en Parapente en Loma Bola en Tucumán,https://www.tur.com/es/san-miguel-de-tucuman-172/vuelo-en-parapente-en-loma-bola-en-tucuman-4429
Excursión a Tafi del Valle desde Tucumán,excursion-a-tafi-del-valle-desde-tucuman,2680,Excursión a Tafi del Valle desde Tucumán,https://www.tur.com/es/san-miguel-de-tucuman-172/excursion-a-tafi-del-valle-desde-tucuman-2680
Excursión a Tafí del Valle y Ruinas de Quilmes,excursion-a-tafi-del-valle-y-ruinas-de-quilmes,2658,Excursión a Tafí del Valle y Ruinas de Quilmes,https://www.tur.com/es/san-miguel-de-tucuman-172/excursion-a-tafi-del-valle-y-ruinas-de-quilmes-2658
Excursión por los Paisajes y Yungas de Tucumán,excursion-por-los-paisajes-y-yungas-de-tucuman,2663,Excursión por los Paisajes y Yungas de Tucumán,https://www.tur.com/es/san-miguel-de-tucuman-172/excursion-por-los-paisajes-y-yungas-de-tucuman-2663
City Tour de San Miguel de Tucumán y alrededores,city-tour-de-san-miguel-de-tucuman-y-alrededores,2674,City Tour de San Miguel de Tucumán y alrededores,https://www.tur.com/es/san-miguel-de-tucuman-172/city-tour-de-san-miguel-de-tucuman-y-alrededores-2674
"Excursión Tafí Del Valle, Ruinas Quilmes, Cafayate","excursion-tafi-del-valle,-ruinas-quilmes,-cafayate",2659,"Excursión a Tafí Del Valle, Ruinas Quilmes y bodega de  Cafayate","https://www.tur.com/es/san-miguel-de-tucuman-172/excursion-tafi-del-valle,-ruinas-quilmes,-cafayate-2659"
Raki Parque Aéreo KIDS de 4 a 6 años,raki-parque-aereo-kids-de-4-a-6-anos,4578,Parque Aéreo y de Aventura Raki KIDS de 4 a 6 años,https://www.tur.com/es/san-miguel-de-tucuman-172/raki-parque-aereo-kids-de-4-a-6-anos-4578
Raki Parque Aéreo 3 horas mayores 7 años,raki-parque-aereo-3-horas-mayores-7-anos,4579,Parque Aéreo y Aventura Raki para  mayores de 7 años,https://www.tur.com/es/san-miguel-de-tucuman-172/raki-parque-aereo-3-horas-mayores-7-anos-4579
Paseo en Barco por el Dique Cadillal en Tucumán,paseo-en-barco-por-el-dique-cadillal-en-tucuman,2568,Paseo en Barco por el Dique Cadillal en Tucumán,https://www.tur.com/es/san-miguel-de-tucuman-172/paseo-en-barco-por-el-dique-cadillal-en-tucuman-2568
Vuelo en Tirolesa en el Dique Cadillal en Tucumán,vuelo-en-tirolesa-en-el-dique-cadillal-en-tucuman,2566,Vuelo en Tirolesa en el Dique Cadillal en Tucumán,https://www.tur.com/es/san-miguel-de-tucuman-172/vuelo-en-tirolesa-en-el-dique-cadillal-en-tucuman-2566
Paseo en Kayak por el Dique Cadillal en Tucumán,paseo-en-kayak-por-el-dique-cadillal-en-tucuman,2567,Paseo en Kayak por el Dique Cadillal en Tucumán,https://www.tur.com/es/san-miguel-de-tucuman-172/paseo-en-kayak-por-el-dique-cadillal-en-tucuman-2567
"Excursión a San Javier, Nougues, Raco y Cadillal",excursion-circuito-chico-san-javier-raco-villa-nougues-cadillal,3575,"Excursión Circuito Chico por San Javier, Raco y El Cadillal",https://www.tur.com/es/san-miguel-de-tucuman-172/excursion-circuito-chico-san-javier-raco-villa-nougues-cadillal-3575
"Excursión a El Cadillal, Raco y el Siambon",excursion-el-cadillal-raco-el-siambon-desde-tucuman,3577,"Excursión a El Cadillal, Raco y El Siambón desde Tucumán",https://www.tur.com/es/san-miguel-de-tucuman-172/excursion-el-cadillal-raco-el-siambon-desde-tucuman-3577
Excursión a San Javier y Villa Nougues,excursion-san-javier-villa-nougues-desde-tucuman,3576,Excursión a San Javier y Villa Nougués desde Tucumán,https://www.tur.com/es/san-miguel-de-tucuman-172/excursion-san-javier-villa-nougues-desde-tucuman-3576
City Tour en Tucuman,city-tour-tucuman-yerba-buena,3578,City Tour en Tucumán y Yerba Buena,https://www.tur.com/es/san-miguel-de-tucuman-172/city-tour-tucuman-yerba-buena-3578
Excursión Quebrada de Humahuaca y Purmamarca,excursion-quebrada-de-humahuaca-y-purmamarca,3074,Excursión Quebrada de Humahuaca y Purmamarca desde Jujuy,https://www.tur.com/es/san-salvador-de-jujuy-173/excursion-quebrada-de-humahuaca-y-purmamarca-3074
Excursión Salinas Grandes y Purmamarca desde jujuy,excursion-salinas-grandes-y-purmamarca-desde-jujuy,2848,Excursión Salinas Grandes y Purmamarca desde Jujuy,https://www.tur.com/es/san-salvador-de-jujuy-173/excursion-salinas-grandes-y-purmamarca-desde-jujuy-2848
Excursión a Humahuaca con Hornocal y Purmamarca,humahuaca-con-hornocal-y-purmamarca,3090,Excursión a Humahuaca con Hornocal desde Jujuy,https://www.tur.com/es/san-salvador-de-jujuy-173/humahuaca-con-hornocal-y-purmamarca-3090
Humahuaca con opcional Hornocal,humahuaca-con-opcional-hornocal,3192,Humahuaca con opcional Hornocal ,https://www.tur.com/es/san-salvador-de-jujuy-173/humahuaca-con-opcional-hornocal-3192
Quebrada de Humahuaca con Hornocal desde Jujuy,quebrada-de-humahuaca-con-hornocal-desde-jujuy,2675,Quebrada de Humahuaca con Hornocal desde Jujuy,https://www.tur.com/es/san-salvador-de-jujuy-173/quebrada-de-humahuaca-con-hornocal-desde-jujuy-2675
Excursión a las Salinas Grandes desde Jujuy,salinas-grandes-desde-jujuy-excursion-purmamarca-cuesta-lipan,2276,Excursión a las Salinas Grandes desde Jujuy,No encontrada
City Tour en la Ciudad de San Salvador de Jujuy,city-tour-en-la-ciudad-de-san-salvador-de-jujuy,2673,City Tour en la Ciudad de San Salvador de Jujuy,https://www.tur.com/es/san-salvador-de-jujuy-173/city-tour-en-la-ciudad-de-san-salvador-de-jujuy-2673
Excursión a la Quebrada de Humahuaca desde Jujuy,excursion-a-la-quebrada-de-humahuaca-desde-jujuy,2664,Excursión a la Quebrada de Humahuaca desde Jujuy,https://www.tur.com/es/san-salvador-de-jujuy-173/excursion-a-la-quebrada-de-humahuaca-desde-jujuy-2664
Lagunas de Yala y Termas de Reyes desde Jujuy,lagunas-de-yala-y-termas-de-reyes-desde-jujuy,2652,Lagunas de Yala y Termas de Reyes desde Jujuy,https://www.tur.com/es/san-salvador-de-jujuy-173/lagunas-de-yala-y-termas-de-reyes-desde-jujuy-2652
Excursión a las Salinas Grandes desde Jujuy,excursion-a-las-salinas-grandes-desde-jujuy,2651,Excursión a las Salinas Grandes desde Jujuy,https://www.tur.com/es/san-salvador-de-jujuy-173/excursion-a-las-salinas-grandes-desde-jujuy-2651
Excursión al Parque Nacional Calilegua desde Jujuy,excursion-al-parque-nacional-calilegua-desde-jujuy,2910,Excursión al Parque Nacional Calilegua desde Jujuy,https://www.tur.com/es/san-salvador-de-jujuy-173/excursion-al-parque-nacional-calilegua-desde-jujuy-2910
Aventura a Caballo en las Sierras de Merlo,aventura-a-caballo-en-las-sierras-de-merlo,3378,Cabalgata a Pueblo Escondido y Salto del Tigre desde Merlo,https://www.tur.com/es/merlo-174/aventura-a-caballo-en-las-sierras-de-merlo-3378
Travesía a Cerro Áspero y Pueblo Escondido ,travesia-cerro-aspero-pueblo-escondido,2628,Travesía a Cerro Áspero y Pueblo Escondido con Trekking,https://www.tur.com/es/merlo-174/travesia-cerro-aspero-pueblo-escondido-2628
Trekking al Salto del Tabaquillo desde Merlo,trekking-al-salto-del-tabaquillo-desde-merlo,2626,Trekking al Salto del Tabaquillo desde Merlo,https://www.tur.com/es/merlo-174/trekking-al-salto-del-tabaquillo-desde-merlo-2626
Champaquí en un Día: Desafío Extremo de la Cumbre,trekking-cerro-champaqui-en-un-dia-traslasierra,2808,Champaquí en un Día: Desafío Extremo de la Cumbre,https://www.tur.com/es/merlo-174/trekking-cerro-champaqui-en-un-dia-traslasierra-2808
"Cascada Amancay, trekking y escalada",trekking-escalada-cascada-amancay,3137,Trekking y Escalada Fácil a Cascada Amancay,https://www.tur.com/es/merlo-174/trekking-escalada-cascada-amancay-3137
Trekking en Familia a Cascada Esmeralda en Merlo ,trekking-familiar-cascada-esmeralda-merlo,2630,Trekking Familiar a Cascada Esmeralda en Merlo con guía local,https://www.tur.com/es/merlo-174/trekking-familiar-cascada-esmeralda-merlo-2630
Explora el Circuito Chico de Merlo,tour-circuito-chico-villa-de-merlo,3220,Tour Circuito Chico en Villa de Merlo y Algarrobo Abuelo,https://www.tur.com/es/merlo-174/tour-circuito-chico-villa-de-merlo-3220
Explora el Circuito Sur de Merlo,tour-circuito-sur-merlo,3221,Tour Circuito Sur de Merlo con Carpintería y Villa Larca,https://www.tur.com/es/merlo-174/tour-circuito-sur-merlo-3221
Cerro Champaquí Tradicional: Trekking de 3 días,cerro-champaqui-tradicional-trekking-de-3-dias,2710,Cerro Champaquí Tradicional: Trekking de 3 días,https://www.tur.com/es/cordoba-175/cerro-champaqui-tradicional-trekking-de-3-dias-2710
Ascenso Rápido al Champaquí: Trekking de 2 días,ascenso-rapido-al-champaqui-trekking-de-2-dias,2709,Ascenso Rápido al Champaquí: Trekking de 2 días,https://www.tur.com/es/cordoba-175/ascenso-rapido-al-champaqui-trekking-de-2-dias-2709
Trekking a Pueblo Escondido y Salto del Tigre,trekking-a-pueblo-escondido-y-salto-del-tigre,2629,Trekking a Pueblo Escondido y Salto del Tigre,https://www.tur.com/es/cordoba-175/trekking-a-pueblo-escondido-y-salto-del-tigre-2629
Salto del Tabaquillo con escalada y rapel,salto-del-tabaquillo-con-escalada-y-rapel,2627,Salto del Tabaquillo con escalada y rapel,https://www.tur.com/es/cordoba-175/salto-del-tabaquillo-con-escalada-y-rapel-2627
Kayak en Dique La Viña ,kayak-en-dique-la-vina,2719,Kayak en Dique La Viña ,https://www.tur.com/es/cordoba-175/kayak-en-dique-la-vina-2719
Buceo en Dique de la Viña ,buceo-en-dique-de-la-vina,2845,Buceo en Dique de la Viña ,https://www.tur.com/es/cordoba-175/buceo-en-dique-de-la-vina-2845
Conozca los Secretos en el City Tour de Córdoba,city-tour-cordoba-centro-historico-nueva-cordoba,2870,City tour por Córdoba con centro histórico y Nueva Córdoba,https://www.tur.com/es/cordoba-175/city-tour-cordoba-centro-historico-nueva-cordoba-2870
Excursión al Valle de Traslasierra,excursion-valle-traslasierra-desde-cordoba,2869,Excursión al Valle de Traslasierra desde Córdoba,https://www.tur.com/es/cordoba-175/excursion-valle-traslasierra-desde-cordoba-2869
Excursión  a Villa Carlos Paz: historia y paisajes,excursion-a-villa-carlos-paz-historia-y-paisajes,2872,Excursión  a Villa Carlos Paz: historia y paisajes,https://www.tur.com/es/cordoba-175/excursion-a-villa-carlos-paz-historia-y-paisajes-2872
Alta Gracia: Historia y legado en las Sierras,alta-gracia-historia-y-legado-en-las-sierras,2873,Alta Gracia: Historia y legado en las Sierras,https://www.tur.com/es/cordoba-175/alta-gracia-historia-y-legado-en-las-sierras-2873
Alta Gracia y Villa Carlos Paz: Cultura y paisajes,excursion-alta-gracia-villa-carlos-paz-cordoba,2874,Excursión a Alta Gracia y Villa Carlos Paz desde Córdoba,https://www.tur.com/es/cordoba-175/excursion-alta-gracia-villa-carlos-paz-cordoba-2874
Jesús María y Colonia Caroya: Historia y Tradición,excursion-jesus-maria-colonia-caroya-cordoba,2875,Excursión a Jesús María y Colonia Caroya desde Córdoba,https://www.tur.com/es/cordoba-175/excursion-jesus-maria-colonia-caroya-cordoba-2875
Camino del Vino Norte: Tradición y Sabor en Córdoba,camino-del-vino-norte-tradicion-y-sabor-en-cordoba,2871,Camino del Vino Norte: Tradición y Sabor en Córdoba,https://www.tur.com/es/cordoba-175/camino-del-vino-norte-tradicion-y-sabor-en-cordoba-2871
Excursión a La Cumbrecita y Villa General Belgrano,excursion-a-la-cumbrecita-y-villa-general-belgrano,2876,Excursión a La Cumbrecita y Villa General Belgrano,https://www.tur.com/es/cordoba-175/excursion-a-la-cumbrecita-y-villa-general-belgrano-2876
Excursión por el Valle de Punilla en Córdoba,excursion-valle-punilla-cordoba,2868,Excursión al Valle de Punilla desde Córdoba,https://www.tur.com/es/cordoba-175/excursion-valle-punilla-cordoba-2868
Cascada de Ranchillos + Sitio Arqueológico,cascada-de-ranchillos-+-sitio-arqueologico,3385,Cascada de Ranchillos + Sitio Arqueológico ,https://www.tur.com/es/uspallata-176/cascada-de-ranchillos-+-sitio-arqueologico-3385
Ascenso al Cerro Penitentes desde Uspallata,ascenso-al-cerro-penitentes-desde-uspallata,3381,Ascenso al Cerro Penitentes desde Uspallata,https://www.tur.com/es/uspallata-176/ascenso-al-cerro-penitentes-desde-uspallata-3381
Trekking al Cerro de los 7 Colores en Uspallata,trekking-al-cerro-de-los-7-colores-en-uspallata,3382,Trekking al Cerro de los 7 Colores en Uspallata ,https://www.tur.com/es/uspallata-176/trekking-al-cerro-de-los-7-colores-en-uspallata-3382
Escalada y Rappel en Roca en Uspallata,escalada-y-rappel-en-roca-en-uspallata,3383,Escalada y Rappel en Roca en Uspallata ,https://www.tur.com/es/uspallata-176/escalada-y-rappel-en-roca-en-uspallata-3383
Trekking y Ascenso al Cerro de la Cruz,trekking-y-ascenso-al-cerro-de-la-cruz,3384,Trekking y Ascenso al Cerro de la Cruz,https://www.tur.com/es/uspallata-176/trekking-y-ascenso-al-cerro-de-la-cruz-3384
Cabalgata 16km en Uspallata ,cabalgata-16km-en-uspallata,2686,Cabalgata 16km en Uspallata ,https://www.tur.com/es/uspallata-176/cabalgata-16km-en-uspallata-2686
Cabalgata 8km en Uspallata,cabalgata-8km-en-uspallata,3056,Cabalgata 8km en Uspallata ,https://www.tur.com/es/uspallata-176/cabalgata-8km-en-uspallata-3056
"Escalada, Rappel y Tirolesa en Uspallata ","escalada,-rappel-y-tirolesa-en-uspallata",2687,"Escalada, Rappel y Tirolesa en Uspallata ","https://www.tur.com/es/uspallata-176/escalada,-rappel-y-tirolesa-en-uspallata-2687"
Mountain Bike en Uspallata: Aventura y Descensos,mountain-bike-en-uspallata-aventura-y-descensos,3057,Mountain Bike en Uspallata: Aventura y Descensos,https://www.tur.com/es/uspallata-176/mountain-bike-en-uspallata-aventura-y-descensos-3057
Excursión Miramar con Carpa y el Bosque Energético,excursion-miramar-con-carpa-y-el-bosque-energetico,3531,Excursión Miramar con Carpa y el Bosque Energético,https://www.tur.com/es/mar-del-plata-178/excursion-miramar-con-carpa-y-el-bosque-energetico-3531
Día de Playa en Villa Gesell con Mar de las Pampas,dia-de-playa-en-villa-gesell-con-mar-de-las-pampas,3529,Día de Playa en Villa Gesell con Mar de las Pampas,https://www.tur.com/es/mar-del-plata-178/dia-de-playa-en-villa-gesell-con-mar-de-las-pampas-3529
Excursión y Día de Playa en Punta Mogotes,excursion-y-dia-de-playa-en-punta-mogotes,3530,Excursión y Día de Playa en Punta Mogotes,https://www.tur.com/es/mar-del-plata-178/excursion-y-dia-de-playa-en-punta-mogotes-3530
Pack 5 Clases Grupales de Surf en Mar del Plata,pack-5-clases-grupales-de-surf-en-mar-del-plata,3570,Pack 5 Clases Grupales de Surf en Mar del Plata,https://www.tur.com/es/mar-del-plata-178/pack-5-clases-grupales-de-surf-en-mar-del-plata-3570
Clase Privada de Surf en Mar del Plata,clase-privada-de-surf-en-mar-del-plata,3569,Clase Privada de Surf en Mar del Plata,https://www.tur.com/es/mar-del-plata-178/clase-privada-de-surf-en-mar-del-plata-3569
Clase Grupal de Surf en Mar del Plata,clase-grupal-de-surf-en-mar-del-plata,3568,Clase Grupal de Surf en Mar del Plata,https://www.tur.com/es/mar-del-plata-178/clase-grupal-de-surf-en-mar-del-plata-3568
Parapente en Sierras o Acantilados en Mar del Plata,parapente-en-sierras-o-acantilados-en-mar-del-plata,5177,Parapente en Sierras o Acantilados en Mar del Plata,https://www.tur.com/es/mar-del-plata-178/parapente-en-sierras-o-acantilados-en-mar-del-plata-5177
Trekking Guiado con Iniciación a Escalada y Rappel,trekking-guiado-con-iniciacion-a-escalada-y-rappel,3571,Trekking Guiado con Iniciación a Escalada y Rappel,https://www.tur.com/es/mar-del-plata-178/trekking-guiado-con-iniciacion-a-escalada-y-rappel-3571
Citytour en la ciudad de Corrientes,city-tour-ciudad-corrientes,3509,City Tour por la Ciudad de Corrientes,https://www.tur.com/es/corrientes-179/city-tour-ciudad-corrientes-3509
Excursión al Portal Cambyreta en Esteros del Iberá,excursion-al-portal-cambyreta-en-esteros-del-ibera,3517,Excursión al Portal Cambyreta en Esteros del Iberá desde Ituzaingó,https://www.tur.com/es/corrientes-179/excursion-al-portal-cambyreta-en-esteros-del-ibera-3517
Pesca Deportiva en Paso de la Patria 2 pescadores,pesca-deportiva-en-paso-de-la-patria-2-pescadores,3567,Pesca Deportiva en Paso de la Patria 2 pescadores,https://www.tur.com/es/corrientes-179/pesca-deportiva-en-paso-de-la-patria-2-pescadores-3567
Trekking al Cerro Ventanita y Cañon Huayquerias,trekking-al-cerro-ventanita-y-canon-huayquerias,3386,Trekking al Cerro Ventanita y Cañon Huayquerias ,https://www.tur.com/es/tunuyan-180/trekking-al-cerro-ventanita-y-canon-huayquerias-3386
Excursión y Experiencia Vitivinícola Valle de Uco,excursion-y-experiencia-vitivinicola-valle-de-uco,3496,Experiencia Vitivinícola al Valle de Uco en Privado,https://www.tur.com/es/tunuyan-180/excursion-y-experiencia-vitivinicola-valle-de-uco-3496
Cabalgata de 1 hora por Valle de Uco en Tunuyán,cabalgata-1-hora-valle-de-uco-tunuyan,3533,Cabalgata de 1 Hora en Valle de Uco desde Tunuyán,https://www.tur.com/es/tunuyan-180/cabalgata-1-hora-valle-de-uco-tunuyan-3533
Rafting Superior en el río Tunuyán en Valle de Uco,rafting-superior-rio-tunuyan-valle-de-uco,3535,Rafting Superior en el río Tunuyán en Valle de Uco ,https://www.tur.com/es/tunuyan-180/rafting-superior-rio-tunuyan-valle-de-uco-3535
Cabalgata de 2 horas por Valle de Uco en Tunuyán,cabalgata-2-horas-valle-de-uco-tunuyan,3534,Cabalgata de 2 Horas en Valle de Uco desde Tunuyán,https://www.tur.com/es/tunuyan-180/cabalgata-2-horas-valle-de-uco-tunuyan-3534
Rafting Extremo Full Day en Valle de Uco,rafting-extremo-full-day-valle-de-uco,3536,"Rafting Extremo Full Day en Río Tunuyán, Valle de Uco",https://www.tur.com/es/tunuyan-180/rafting-extremo-full-day-valle-de-uco-3536
Rafting Clásico en Río Tunuyan en Valle de Uco,rafting-clasico-rio-tunuyan-valle-de-uco,3532,"Rafting Clásico en Río Tunuyán, aventura en Valle de Uco",https://www.tur.com/es/tunuyan-180/rafting-clasico-rio-tunuyan-valle-de-uco-3532
Excursión a Valle de Uco y Cordón de Plata ,excursion-a-valle-de-uco-y-cordon-de-plata,2609,Excursión a Valle de Uco y Cordón de Plata ,https://www.tur.com/es/tunuyan-180/excursion-a-valle-de-uco-y-cordon-de-plata-2609
Trekking al Arroyo Turquesa del Cerro Mercedario,trekking-al-arroyo-turquesa-del-cerro-mercedario,3132,Trekking al Arroyo Turquesa del Cerro Mercedario ,https://www.tur.com/es/san-juan-182/trekking-al-arroyo-turquesa-del-cerro-mercedario-3132
Aventura Épica: Cabalgata Cruce de los Andes,aventura-epica-cabalgata-cruce-de-los-andes,2718,Aventura Épica: Cabalgata Cruce de los Andes,https://www.tur.com/es/san-juan-182/aventura-epica-cabalgata-cruce-de-los-andes-2718
Bautismo de SUP en Dique Punta Negra de San Juan,bautismo-de-sup-en-dique-punta-negra-de-san-juan,3139,Bautismo de SUP en Dique Punta Negra de San Juan,https://www.tur.com/es/san-juan-182/bautismo-de-sup-en-dique-punta-negra-de-san-juan-3139
Travesía en SUP en Dique Punta Negra de San Juan,travesia-en-sup-en-dique-punta-negra-de-san-juan,3140,Travesía en SUP en Dique Punta Negra de San Juan,https://www.tur.com/es/san-juan-182/travesia-en-sup-en-dique-punta-negra-de-san-juan-3140
Salida de Pesca en Caviahue Fly Cast o Spinning,salida-de-pesca-en-caviahue-fly-cast-o-spinning,3518,Salida de Pesca en Caviahue Fly Cast o Spinning,https://www.tur.com/es/caviahue-183/salida-de-pesca-en-caviahue-fly-cast-o-spinning-3518
Excursión Quebrada de Humahuaca desde Purmamarca,excursion-quebrada-de-humahuaca-desde-purmamarca,3075,Excursión Quebrada de Humahuaca desde Purmamarca,https://www.tur.com/es/purmamarca-184/excursion-quebrada-de-humahuaca-desde-purmamarca-3075
Excursión a Salinas Grandes desde Purmamarca,excursion-a-salinas-grandes-desde-purmamarca,3076,Excursión a Salinas Grandes desde Purmamarca,https://www.tur.com/es/purmamarca-184/excursion-a-salinas-grandes-desde-purmamarca-3076
Excursión a Humahuaca con Hornocal desde Purmamarca,excursion-a-humahuaca-con-hornocal-desde-purmamarca,3077,Excursión a Humahuaca con Hornocal desde Purmamarca,https://www.tur.com/es/purmamarca-184/excursion-a-humahuaca-con-hornocal-desde-purmamarca-3077
Excursion a las Salinas Grandes por Purmamarca,salinas-grandes-desde-salta,3188,Excursion a las Salinas Grandes por Purmamarca ,https://www.tur.com/es/purmamarca-184/salinas-grandes-desde-salta-3188
Trekking por sendas del Viltipoco desde Purmamarca,trekking-por-sendas-del-viltipoco-desde-purmamarca,2877,Trekking por sendas del Viltipoco desde Purmamarca,https://www.tur.com/es/purmamarca-184/trekking-por-sendas-del-viltipoco-desde-purmamarca-2877
Explora la Noche Mágica de Purmamarca,explora-la-noche-magica-de-purmamarca,2656,Explora la Noche Mágica de Purmamarca,https://www.tur.com/es/purmamarca-184/explora-la-noche-magica-de-purmamarca-2656
Caravana de Llamas: Un Viaje Cultural y Natural,caravana-de-llamas-un-viaje-cultural-y-natural,2649,Caravana de Llamas: Un Viaje Cultural y Natural,https://www.tur.com/es/purmamarca-184/caravana-de-llamas-un-viaje-cultural-y-natural-2649
Excursión a Salinas Grandes desde Purmamarca,excursion-a-salinas-grandes-desde-purmamarca,2654,Excursión a Salinas Grandes desde Purmamarca,https://www.tur.com/es/purmamarca-184/excursion-a-salinas-grandes-desde-purmamarca-3076
Quebrada Humahuaca con Hornocal desde Purmamarca,quebrada-humahuaca-con-hornocal-desde-purmamarca,2657,Quebrada Humahuaca con Hornocal desde Purmamarca,https://www.tur.com/es/purmamarca-184/quebrada-humahuaca-con-hornocal-desde-purmamarca-2657
Trekking Imperdible de Iruya a Nazareno,travesia-iruya-nazareno-comunidades-andinas,3183,Trekking Imperdible de Iruya a Nazareno,https://www.tur.com/es/iruya-186/travesia-iruya-nazareno-comunidades-andinas-3183
Trekking de Iruya a Nazareno por Salta y Jujuy,trekking-iruya-nazareno-salta-jujuy-5-dias,3538,Trekking de Iruya a Nazareno por Salta y Jujuy en 5 días,https://www.tur.com/es/iruya-186/trekking-iruya-nazareno-salta-jujuy-5-dias-3538
Excursión Extendida a Iruya en 2 días,excursion-a-iruya-en-2-dias,3095,Excursión Extendida a Iruya en 2 días,https://www.tur.com/es/iruya-186/excursion-a-iruya-en-2-dias-3095
Excursión a Iruya desde Tilcara,excursion-a-iruya-desde-tilcara,2661,Excursión a Iruya desde Tilcara,https://www.tur.com/es/iruya-186/excursion-a-iruya-desde-tilcara-2661
Excursión a Iruya con Salinas 2 días desde Salta,excursion-a-iruya-con-salinas-2-dias-desde-salta,2685,Excursión a Iruya con Salinas 2 días desde Salta,https://www.tur.com/es/iruya-186/excursion-a-iruya-con-salinas-2-dias-desde-salta-2685
Excursión a Humahuaca e Iruya desde Purmamarca,excursion-a-humahuaca-e-iruya-desde-purmamarca,2653,Excursión a Humahuaca e Iruya desde Purmamarca,https://www.tur.com/es/iruya-186/excursion-a-humahuaca-e-iruya-desde-purmamarca-2653
Excursion a Humahuaca e Iruya desde Jujuy,excursion-a-humahuaca-e-iruya-desde-jujuy,2665,Excursión a Humahuaca e Iruya desde Jujuy,https://www.tur.com/es/iruya-186/excursion-a-humahuaca-e-iruya-desde-jujuy-2665
Excursión a Iruya desde San Salvador de Jujuy,excursion-a-iruya-desde-san-salvador-de-jujuy,3253,Excursión a Iruya desde San Salvador de Jujuy,https://www.tur.com/es/iruya-186/excursion-a-iruya-desde-san-salvador-de-jujuy-3253
Parque Talampaya y Valle de la Luna desde La Rioja,parque-talampaya-y-valle-de-la-luna-desde-la-rioja,3254,Parque Talampaya y Valle de la Luna desde La Rioja,https://www.tur.com/es/chilecito-187/parque-talampaya-y-valle-de-la-luna-desde-la-rioja-3254
Parque Nacional Talampaya desde Catamarca,parque-nacional-talampaya-desde-catamarca,3263,Parque Nacional Talampaya desde Catamarca,https://www.tur.com/es/chilecito-187/parque-nacional-talampaya-desde-catamarca-3263
Parque Nacional Talampaya desde La Rioja,parque-nacional-talampaya-desde-la-rioja,3264,Parque Nacional Talampaya desde La Rioja,https://www.tur.com/es/chilecito-187/parque-nacional-talampaya-desde-la-rioja-3264
Exploración Triásica: Talampaya y Valle de la Luna,exploracion-triasica-talampaya-y-valle-de-la-luna,3262,Exploración Triásica: Talampaya y Valle de la Luna,https://www.tur.com/es/chilecito-187/exploracion-triasica-talampaya-y-valle-de-la-luna-3262
Viaja al Pasado en el Valle de la Luna,viaja-al-pasado-en-el-valle-de-la-luna,3261,Viaja al Pasado en el Valle de la Luna,https://www.tur.com/es/chilecito-187/viaja-al-pasado-en-el-valle-de-la-luna-3261
Parque Peñón del Aguila: Pase del Aguila ,parque-penon-del-aguila-pase-del-aguila,2885,Parque Peñón del Aguila: Pase del Aguila ,https://www.tur.com/es/villa-general-belgrano-188/parque-penon-del-aguila-pase-del-aguila-2885
Parque Peñón del Aguila: Pase Gambrinus ,parque-penon-del-aguila-pase-gambrinus,2883,Parque Peñón del Aguila: Pase Gambrinus ,https://www.tur.com/es/villa-general-belgrano-188/parque-penon-del-aguila-pase-gambrinus-2883
Parque Peñón del Aguila: Pase Aldeanos ,parque-penon-del-aguila-pase-aldeanos,2884,Parque Peñón del Aguila: Pase Aldeanos ,https://www.tur.com/es/villa-general-belgrano-188/parque-penon-del-aguila-pase-aldeanos-2884
Quaras: Pase Parque Temático Aventura y Acuático,quaras-pase-parque-tematico-aventura-y-acuatico,2888,Pase Parque Temático Aventura y Acuático Quaras,https://www.tur.com/es/villa-general-belgrano-188/quaras-pase-parque-tematico-aventura-y-acuatico-2888
Excursión al Corazón del Volcán Malacara,excursion-al-corazon-del-volcan-malacara,3280,Excursión al Corazón del Volcán Malacara,https://www.tur.com/es/malargue-189/excursion-al-corazon-del-volcan-malacara-3280
Excursión a la Reserva Natural La Payunia,excursion-a-la-reserva-natural-la-payunia,3279,Excursión a la Reserva Natural La Payunia,https://www.tur.com/es/malargue-189/excursion-a-la-reserva-natural-la-payunia-3279
Cabalgata Mirador Cordillera de Colonia Pehuenche,cabalgata-mirador-cordillera-de-colonia-pehuenche,3285,Cabalgata Mirador Cordillera de Colonia Pehuenche,https://www.tur.com/es/malargue-189/cabalgata-mirador-cordillera-de-colonia-pehuenche-3285
Excursión a Termas de Cajón Grande,aventura-cordillera-andes-paisajes-vegas-arroyos,3292,Excursión a Termas de Cajón Grande,https://www.tur.com/es/malargue-189/aventura-cordillera-andes-paisajes-vegas-arroyos-3292
Excursión a la Cascada Manqui Malal,excursion-a-la-cascada-manqui-malal,3288,Excursión  a  la Cascada Manqui Malal,https://www.tur.com/es/malargue-189/excursion-a-la-cascada-manqui-malal-3288
Cabalgata al Atardecer con Mate y Pan Casero,cabalgata-atardecer-malargue-mate-pan-casero,3286,Cabalgata al Atardecer con Mate y Pan Casero,https://www.tur.com/es/malargue-189/cabalgata-atardecer-malargue-mate-pan-casero-3286
Excursión Parque Paleontológico Huella de Dinosaurio,excursion-parque-paleontologico-huellas-de-dinosaurios-malargue,3290,Excursión al Parque Paleontológico Huellas de Dinosaurios en Malargüe,https://www.tur.com/es/malargue-189/excursion-parque-paleontologico-huellas-de-dinosaurios-malargue-3290
Excursión a Valle Hermoso: Aventura en la Cordillera,excursion-valle-hermoso-las-lenas-malargue-mendoza,3293,Excursión a Valle Hermoso: Aventura en la Cordillera,https://www.tur.com/es/malargue-189/excursion-valle-hermoso-las-lenas-malargue-mendoza-3293
Excursión a Termas del Sosneado,excursion-termas-del-sosneado-san-rafael,3294,Excursión a Termas del Sosneado,https://www.tur.com/es/malargue-189/excursion-termas-del-sosneado-san-rafael-3294
Excursión descubriendo la Laguna de Llancanelo,excursion-descubriendo-la-laguna-de-llancanelo,3283,Excursión descubriendo la Laguna de Llancanelo,https://www.tur.com/es/malargue-189/excursion-descubriendo-la-laguna-de-llancanelo-3283
Excursión Laguna del Diamante en los Andes,excursion-laguna-del-diamante-mendoza,3289,Excursión a Laguna del Diamante en Mendoza,https://www.tur.com/es/malargue-189/excursion-laguna-del-diamante-mendoza-3289
Cabalgata por las Bardas a la Luz de la Luna,cabalgata-nocturna-bardas-colonia-pehuenche,3287,Cabalgata Nocturna Inclusiva por las Bardas en Colonia Pehuenche,https://www.tur.com/es/malargue-189/cabalgata-nocturna-bardas-colonia-pehuenche-3287
Explora los Valles hasta las Leñas desde Malargüe,explora-los-valles-hasta-las-lenas-desde-malargüe,3282,Explora los Valles hasta las Leñas desde Malargüe,https://www.tur.com/es/malargue-189/explora-los-valles-hasta-las-lenas-desde-malargüe-3282
Parque de Aventura Turcará: Exploración y Diversión,parque-de-aventura-turcara-exploracion-y-diversion,3291,Parque de Aventura Turcará: Exploración y Diversión,https://www.tur.com/es/malargue-189/parque-de-aventura-turcara-exploracion-y-diversion-3291
"Explora Caverna de las Brujas, Maqui Malal y Tucara",explora-caverna-de-las-brujas-y-tucara,3281,Explora Caverna de las Brujas y Tucara,https://www.tur.com/es/malargue-189/explora-caverna-de-las-brujas-y-tucara-3281
Cabalgata a los Cuatro Hitos y Volcán Descabezado,cabalgata-cuatro-hitos-volcan-descabezado-malargue,3225,Cabalgata a Cuatro Hitos y Volcán Descabezado en Malargüe,https://www.tur.com/es/malargue-189/cabalgata-cuatro-hitos-volcan-descabezado-malargue-3225
Cabalgata al Avión de los Uruguayos en Mendoza,cabalgata-avion-de-los-uruguayos-mendoza-malargue,3224,Cabalgata al Avión de los Uruguayos en Mendoza desde Malargüe,https://www.tur.com/es/malargue-189/cabalgata-avion-de-los-uruguayos-mendoza-malargue-3224
Velero en Potrerillos,velero-degustacion-potrerillos-mendoza,5124,Velero con degustación en Embalse Potrerillos en Mendoza,https://www.tur.com/es/potrerillos-190/velero-degustacion-potrerillos-mendoza-5124
Cabalgata de Montaña y Asado en Potrerillos,cabalgata-de-montana-en-potrerillos,3148,Cabalgata de Montaña y Asado en Potrerillos,https://www.tur.com/es/potrerillos-190/cabalgata-de-montana-en-potrerillos-3148
Vuelo en Helicóptero sobre Potrerillos en Mendoza,vuelo-en-helicoptero-sobre-potrerillos-mendoza,3546,Vuelo en Helicóptero sobre Potrerillos en Mendoza,https://www.tur.com/es/potrerillos-190/vuelo-en-helicoptero-sobre-potrerillos-mendoza-3546
Trekking al Cerro Arenales en Vallecitos,trekking-al-cerro-arenales-en-vallecitos,3500,Trekking al Cerro Arenales en Vallecitos,https://www.tur.com/es/potrerillos-190/trekking-al-cerro-arenales-en-vallecitos-3500
Canopy Adrenalina a 40m de Altura en Potrerillos,canopy-adrenalina-a-40m-de-altura-en-potrerillos,3498,Canopy Adrenalina a 40m de Altura en Potrerillos,https://www.tur.com/es/potrerillos-190/canopy-adrenalina-a-40m-de-altura-en-potrerillos-3498
Trekking con Rappel En la Cascada del Diablo,trekking-con-rappel-en-la-cascada-del-diablo,3499,Trekking con Rappel En la Cascada del Diablo,https://www.tur.com/es/potrerillos-190/trekking-con-rappel-en-la-cascada-del-diablo-3499
Rafting en el Río Mendoza en Potrerillos Full Day,rafting-en-el-rio-mendoza-en-potrerillos-full-day,3497,Rafting en el Río Mendoza en Potrerillos Full Day,https://www.tur.com/es/potrerillos-190/rafting-en-el-rio-mendoza-en-potrerillos-full-day-3497
Paseo en Velero por el Dique Potrerillos Mendoza,paseo-en-velero-por-el-dique-potrerillos-mendoza,3503,Paseo en Velero por el Dique Potrerillos Mendoza,https://www.tur.com/es/potrerillos-190/paseo-en-velero-por-el-dique-potrerillos-mendoza-3503
Stand Up Paddle Grupal en el Dique de Potrerillos,stand-up-paddle-grupal-en-el-dique-de-potrerillos,3360,Stand Up Paddle Grupal en el Dique de Potrerillos,https://www.tur.com/es/potrerillos-190/stand-up-paddle-grupal-en-el-dique-de-potrerillos-3360
Paseo Guiado de Kayak en el Dique de Potrerillos,paseo-guiado-de-kayak-en-el-dique-de-potrerillos,3359,Paseo Guiado de Kayak en el Dique de Potrerillos,https://www.tur.com/es/potrerillos-190/paseo-guiado-de-kayak-en-el-dique-de-potrerillos-3359
Alquiler de Kayak en el Dique de Potrerillos,alquiler-de-kayak-en-el-dique-de-potrerillos,3358,Alquiler de Kayak en el Dique de Potrerillos,https://www.tur.com/es/potrerillos-190/alquiler-de-kayak-en-el-dique-de-potrerillos-3358
Aventura Vertical Trekking y Rappel en Roca,aventura-vertical-trekking-y-rappel-en-roca,3333,Aventura Vertical Trekking y Rappel en Roca ,https://www.tur.com/es/potrerillos-190/aventura-vertical-trekking-y-rappel-en-roca-3333
Rafting en Río Mendoza + Trekking y Rappel en Roca,rafting-en-rio-mendoza-+-trekking-y-rappel-en-roca,3328,Rafting en Río Mendoza + Trekking y Rappel en Roca ,https://www.tur.com/es/potrerillos-190/rafting-en-rio-mendoza-+-trekking-y-rappel-en-roca-3328
Trekking a la Cumbre de Cerro Calavera en Mendoza,trekking-a-la-cumbre-de-cerro-calavera-en-mendoza,3330,Trekking a la Cumbre de Cerro Calavera en Mendoza ,https://www.tur.com/es/potrerillos-190/trekking-a-la-cumbre-de-cerro-calavera-en-mendoza-3330
Canopy Andino Vuela Sobre el Río Mendoza,canopy-andino-vuela-sobre-el-rio-mendoza,3329,Canopy Andino Vuela Sobre el Río Mendoza ,https://www.tur.com/es/potrerillos-190/canopy-andino-vuela-sobre-el-rio-mendoza-3329
Paseo en Kayak Touring por el Dique Potrerillos ,paseo-en-kayak-touring-por-el-dique-potrerillos,2891,Paseo en Kayak Touring por el Dique Potrerillos ,https://www.tur.com/es/potrerillos-190/paseo-en-kayak-touring-por-el-dique-potrerillos-2891
Canopy Aventura y Rafting en el Río Mendoza,canopy-aventura-y-rafting-en-el-rio-mendoza,3332,Canopy Aventura y Rafting en el Río Mendoza ,https://www.tur.com/es/potrerillos-190/canopy-aventura-y-rafting-en-el-rio-mendoza-3332
Rafting Extendido en el Río Mendoza en Potrerillos,rafting-extendido-en-el-rio-mendoza-en-potrerillos,3561,Rafting Extendido en el Río Mendoza en Potrerillos ,https://www.tur.com/es/potrerillos-190/rafting-extendido-en-el-rio-mendoza-en-potrerillos-3561
Rafting en Blanco Encalada y Arborismo en Cacheuta,rafting-en-blanco-encalada-y-arborismo-en-cacheuta,3560,Rafting en Blanco Encalada y Arborismo en Cacheuta ,https://www.tur.com/es/potrerillos-190/rafting-en-blanco-encalada-y-arborismo-en-cacheuta-3560
Salto Bungee Jumping en Cacheuta Mendoza ,salto-bungee-jumping-en-cacheuta-mendoza,2886,Salto Bungee Jumping en Cacheuta en Mendoza ,https://www.tur.com/es/cacheuta-191/salto-bungee-jumping-en-cacheuta-mendoza-2886
Salto Puenting en Cacheuta en Mendoza ,salto-puenting-en-cacheuta-en-mendoza,2887,Salto Puenting en Cacheuta en Mendoza ,https://www.tur.com/es/cacheuta-191/salto-puenting-en-cacheuta-en-mendoza-2887
Rappel Aéreo desde Puente Colgante en Mendoza,rappel-aereo-desde-puente-colgante-en-mendoza,3557,Rappel Aéreo desde Puente Colgante en Mendoza,https://www.tur.com/es/cacheuta-191/rappel-aereo-desde-puente-colgante-en-mendoza-3557
Trekking Familiar por la Precordillera en Cacheuta,trekking-familiar-por-la-precordillera-en-cacheuta,3558,Trekking Familiar por la Precordillera en Cacheuta ,https://www.tur.com/es/cacheuta-191/trekking-familiar-por-la-precordillera-en-cacheuta-3558
Rappel en Roca en el Parque Termal de Cacheuta,rappel-en-roca-en-el-parque-termal-de-cacheuta,3556,Rappel en Roca en el Parque Termal de Cacheuta,https://www.tur.com/es/cacheuta-191/rappel-en-roca-en-el-parque-termal-de-cacheuta-3556
Tirolesa en Parque de Agua en Termas de Cacheuta,tirolesa-en-parque-de-agua-en-termas-de-cacheuta,3555,Tirolesa en Parque de Agua en Termas de Cacheuta,https://www.tur.com/es/cacheuta-191/tirolesa-en-parque-de-agua-en-termas-de-cacheuta-3555
Hidrospeed en río Mendoza: Adrenalina en el Agua!,hidrospeed-en-el-rio-mendoza,2503,Hidrospeed en río Mendoza: Adrenalina en el Agua!,No encontrada
Aventura en Altura: Trekking y Rappel en Cacheuta,aventura-en-altura-trekking-y-rappel-en-cacheuta,3559,Aventura en Altura: Trekking y Rappel en Cacheuta ,https://www.tur.com/es/cacheuta-191/aventura-en-altura-trekking-y-rappel-en-cacheuta-3559
Trekking  Familiar  4hs en Cacheuta,trekking-familiar-en-cacheuta,2504,Trekking  Familiar  4hs en Cacheuta,https://www.tur.com/es/cacheuta-191/trekking-familiar-en-cacheuta-2504
Cabalgata en Campo de Caballos en Chaco,cabalgata-en-campo-de-caballos-en-chaco,3135,Cabalgata en Campo de Caballos en Chaco ,https://www.tur.com/es/resistencia-192/cabalgata-en-campo-de-caballos-en-chaco-3135
Excursión Ruta QOM por el Impenetrable Chaqueño,excursion-ruta-qom-impenetrable-chaqueno,3506,Excursión Ruta Qom por el Impenetrable Chaqueño,https://www.tur.com/es/resistencia-192/excursion-ruta-qom-impenetrable-chaqueno-3506
Excursión a Parque Nacional Chaco,excursion-parque-nacional-chaco-desde-resistencia,3510,Excursión al Parque Nacional Chaco desde Resistencia,https://www.tur.com/es/resistencia-192/excursion-parque-nacional-chaco-desde-resistencia-3510
Excursión a Isla del Cerrito en Chaco,isla-del-cerrito-en-chaco,3512,Excursión a Isla del Cerrito en Chaco,https://www.tur.com/es/resistencia-192/pesca-en-isla-del-cerrito-en-chaco-3513
Día de Pesca en Isla del Cerrito en Chaco,pesca-en-isla-del-cerrito-en-chaco,3513,"Pesca deportiva con devolución en Isla del Cerrito, Chaco",https://www.tur.com/es/resistencia-192/pesca-en-isla-del-cerrito-en-chaco-3513
Excursión a Bañado la Estrella y Vertedero,excursion-a-banado-la-estrella-y-vertedero,3505,Excursión a Bañado La Estrella y Vertedero desde Resistencia,https://www.tur.com/es/resistencia-192/excursion-a-banado-la-estrella-y-vertedero-3505
Paseo en lancha Río Paraná e Isla del Cerrito,lancha-rio-parana-e-isla-del-cerrito,3514,Paseo en lancha por el río Paraná e Isla del Cerrito,https://www.tur.com/es/resistencia-192/lancha-rio-parana-e-isla-del-cerrito-3514
Excursión a Campo del Cielo y sus Meteoritos,campo-del-cielo-y-sus-meteoritos,3511,Excursión a Campo del Cielo y Meteoritos en Chaco,https://www.tur.com/es/resistencia-192/campo-del-cielo-y-sus-meteoritos-3511
Excursión a los Esteros del Iberá en Corrientes,excursion-esteros-del-ibera-desde-resistencia,3507,Excursión a los Esteros del Iberá por Portal San Nicolás desde Resistencia,https://www.tur.com/es/resistencia-192/excursion-esteros-del-ibera-desde-resistencia-3507
Citytour en la ciudad de Resistencia,city-tour-ciudad-resistencia-chaco,3508,City Tour por la Ciudad de Resistencia,https://www.tur.com/es/resistencia-192/city-tour-ciudad-resistencia-chaco-3508
"Excursión a Cafayate, Bodegas y Valles Calchaquíes","excursion-a-cafayate,-bodegas-y-valles-calchaquies",2670,"Excursión a Cafayate, Bodegas y Valles Calchaquíes","https://www.tur.com/es/cafayate-193/excursion-a-cafayate,-bodegas-y-valles-calchaquies-2670"
Rafting Circuito Río Alumine Abra Ancha Grado 2,rafting-circuito-rio-alumine-abra-ancha-grado-2,2574,Rafting Circuito Río Alumine Abra Ancha Grado 2,https://www.tur.com/es/villa-pehuenia-194/rafting-circuito-rio-alumine-abra-ancha-grado-2-2574
Rafting Circuito Río Alumine desde Villa Pehuenia ,rafting-circuito-rio-alumine-desde-villa-pehuenia,2575,Rafting Circuito Río Alumine desde Villa Pehuenia ,https://www.tur.com/es/villa-pehuenia-194/rafting-circuito-rio-alumine-desde-villa-pehuenia-2575
Bautismo de Buceo Lago Moquehue en Villa Pehuenia,bautismo-buceo-lago-moquehue-villa-pehuenia,3250,Bautismo de Buceo en Lago Moquehue en Villa Pehuenia,https://www.tur.com/es/villa-pehuenia-194/bautismo-buceo-lago-moquehue-villa-pehuenia-3250
Navegación en Barco Lago Alumine en Villa Pehunia,navegacion-en-barco-lago-alumine-en-villa-pehunia,3586,Navegación en Barco Lago Alumine en Villa Pehunia,https://www.tur.com/es/villa-pehuenia-194/navegacion-en-barco-lago-alumine-en-villa-pehunia-3586
Travesía en Kayak Lago Aluminé en Villa Pehuenia,travesia-islas-lago-alumine-kayak-villa-pehuenia,3541,Travesía Islas Lago Aluminé - Kayak Villa Pehuenia ,https://www.tur.com/es/villa-pehuenia-194/travesia-islas-lago-alumine-kayak-villa-pehuenia-3541
Snorkelling con lobos marinos en Puerto Pirámides,snorkelling-con-lobos-marinos-en-puerto-piramides,3553,Snorkelling con lobos marinos en Puerto Pirámides ,https://www.tur.com/es/puerto-piramides-195/snorkelling-con-lobos-marinos-en-puerto-piramides-3553
Buceo para brevetados en Puerto Pirámides,buceo-para-brevetados-en-puerto-piramides,4425,Buceo para brevetados en Puerto Pirámides,https://www.tur.com/es/puerto-piramides-195/buceo-para-brevetados-en-puerto-piramides-4425
Bautismo de Buceo en Puerto Pirámides,bautismo-de-buceo-en-puerto-piramides,4426,Bautismo de Buceo en Puerto Pirámides,https://www.tur.com/es/puerto-piramides-195/bautismo-de-buceo-en-puerto-piramides-4426
Bautismo de Buceo en Dique de la Viña,bautismo-de-buceo-en-dique-de-la-vina,3388,Bautismo de Buceo en Dique de la Viña ,https://www.tur.com/es/villa-las-rosas-196/bautismo-de-buceo-en-dique-de-la-vina-3388
Mountain Bike Barranca de Los Loros y San Javier,mountain-bike-barranca-de-los-loros-y-san-javier,3390,Mountain Bike Barranca de Los Loros y San Javier ,https://www.tur.com/es/villa-las-rosas-196/mountain-bike-barranca-de-los-loros-y-san-javier-3390
"Mountain Bike Villa las Rosas, los Molles y Rodeo ","mountain-bike-villa-las-rosas,-los-molles-y-rodeo",2846,"Mountain Bike Villa las Rosas, los Molles y Rodeo ","https://www.tur.com/es/villa-las-rosas-196/mountain-bike-villa-las-rosas,-los-molles-y-rodeo-2846"
Mountain Bike Villa las Rosas a Balneario Guasmara,mountain-bike-villa-las-rosas-a-balneario-guasmara,3391,Mountain Bike Villa las Rosas a Balneario Guasmara ,https://www.tur.com/es/villa-las-rosas-196/mountain-bike-villa-las-rosas-a-balneario-guasmara-3391
Escalada en Roca en Villa las Rosas,escalada-en-roca-en-villa-las-rosas,3393,Escalada en Roca en Villa las Rosas ,https://www.tur.com/es/villa-las-rosas-196/escalada-en-roca-en-villa-las-rosas-3393
"Mountain Bike Villa las Rosas, las Chacras y Pinar","mountain-bike-villa-las-rosas,-las-chacras-y-pinar",3392,"Mountain Bike Villa las Rosas, las Chacras y Pinar ","https://www.tur.com/es/villa-las-rosas-196/mountain-bike-villa-las-rosas,-las-chacras-y-pinar-3392"
Escalada en Roca en La Ola Altas Cumbres ,escalada-en-roca-en-la-ola-altas-cumbres,2844,Escalada en Roca en La Ola Altas Cumbres ,https://www.tur.com/es/villa-las-rosas-196/escalada-en-roca-en-la-ola-altas-cumbres-2844
Mountain Bike recorriendo Villa las Rosas,mountain-bike-recorriendo-villa-las-rosas,3389,Mountain Bike recorriendo Villa las Rosas ,https://www.tur.com/es/villa-las-rosas-196/mountain-bike-recorriendo-villa-las-rosas-3389
Expedición de Trekking de Tilcara a Calilegua,expedicion-de-trekking-de-tilcara-a-calilegua,2951,Trekking de altura de Tilcara a San Salvador de Jujuy,https://www.tur.com/es/tilcara-197/expedicion-de-trekking-de-tilcara-a-calilegua-2951
Salinas Grandes y Purmamarca desde Tilcara,salinas-grandes-y-purmamarca-desde-tilcara,3078,Salinas Grandes y Purmamarca desde Tilcara,https://www.tur.com/es/tilcara-197/salinas-grandes-y-purmamarca-desde-tilcara-3078
Excursión a Humahuaca con Hornocal desde Tilcara,humahuaca-con-hornocal-desde-tilcara,3092,Excursión a Humahuaca con Hornocal desde Tilcara,https://www.tur.com/es/tilcara-197/humahuaca-con-hornocal-desde-tilcara-3092
Excursión a Quebrada de Humahuaca desde Tilcara,excursion-a-quebrada-de-humahuaca-desde-tilcara,3091,Excursión a Quebrada de Humahuaca desde Tilcara,https://www.tur.com/es/tilcara-197/excursion-a-quebrada-de-humahuaca-desde-tilcara-3091
Serranías del Hornocal: 14 Colores desde Tilcara,serranias-del-hornocal-14-colores-desde-tilcara,2682,Serranías del Hornocal: 14 Colores desde Tilcara,https://www.tur.com/es/tilcara-197/serranias-del-hornocal-14-colores-desde-tilcara-2682
Excursión Salinas Grandes y la Puna desde Tilcara,excursion-salinas-grandes-y-la-puna-desde-tilcara,2662,Excursión Salinas Grandes y la Puna desde Tilcara,https://www.tur.com/es/tilcara-197/excursion-salinas-grandes-y-la-puna-desde-tilcara-2662
Excursión a la Quebrada de Humahuaca desde Tilcara,excursion-a-la-quebrada-de-humahuaca-desde-tilcara,3045,Excursión a la Quebrada de Humahuaca desde Tilcara,https://www.tur.com/es/tilcara-197/excursion-a-la-quebrada-de-humahuaca-desde-tilcara-3045
Tour Full Day a Parque Nacional Lauca desde Arica,full-day-parque-nacional-lauca-25522,1888,Tour Full Day a Parque Nacional Lauca desde Putre,https://www.tur.com/es/arica-199/full-day-parque-nacional-lauca-25522-1888
Ruta Altiplánica: Descubre los Encantos de General Lagos,full-day-general-lagos-25761,1656,Ruta Altiplánica: Descubre los Encantos de General Lagos,https://www.tur.com/es/putre-200/full-day-general-lagos-25761-1656
Termas de Jurasi: Caminata entre Aguas Termales y Paisajes Andinos,trekking-hacia-las-termas-de-jurasi-25765,1663,Termas de Jurasi: Caminata entre Aguas Termales y Paisajes Andinos,https://www.tur.com/es/putre-200/trekking-hacia-las-termas-de-jurasi-25765-1663
Aventura en el Salar de Surire: Fauna Andina y Termas Naturales de Arica y Parinacota,full-day-monumento-natural-salar-de-surire-25759,1605,Aventura en el Salar de Surire: Fauna Andina y Termas Naturales de Arica y Parinacota,https://www.tur.com/es/putre-200/full-day-monumento-natural-salar-de-surire-25759-1605
Trekking a las Alturas Sagradas: Cerro Guane Guane en Putre,trekking-guane-guane-25767,1764,Trekking a las Alturas Sagradas: Cerro Guane Guane en Putre,https://www.tur.com/es/putre-200/trekking-guane-guane-25767-1764
Trekking a Suriplaza: Montaña de Colores y Paisajes del Altiplano Chileno,trekking-a-suriplaza-25766,1447,Trekking a Suriplaza: Montaña de Colores y Paisajes del Altiplano Chileno,https://www.tur.com/es/putre-200/trekking-a-suriplaza-25766-1447
"Termas Naturales y Pueblos Andinos: Aventura en Socoroma, Belén y Chapiquiña desde Putre",full-day-termas-de-chapiquina-25762,1667,"Termas Naturales y Pueblos Andinos: Aventura en Socoroma, Belén y Chapiquiña desde Putre",https://www.tur.com/es/putre-200/full-day-termas-de-chapiquina-25762-1667
Explora Suriplaza: Montañas de Colores y Cultura Andina desde Putre,full-day-panoramico-suriplaza-25760,1347,Explora Suriplaza: Montañas de Colores y Cultura Andina desde Putre,https://www.tur.com/es/putre-200/full-day-panoramico-suriplaza-25760-1347
Desafía las Alturas: Ascenso al Volcán Parinacota a 6.342 msnm,trekking-volcan-parinacota-25769,1698,Desafía las Alturas: Ascenso al Volcán Parinacota a 6.342 msnm,https://www.tur.com/es/putre-200/trekking-volcan-parinacota-25769-1698
Trekking de Alta Montaña: Escala el Cerro Choquelimpe desde Putre,trekking-choquelimpe-25768,1505,Trekking de Alta Montaña: Escala el Cerro Choquelimpe desde Putre,https://www.tur.com/es/putre-200/trekking-choquelimpe-25768-1505
Conquista la Cumbre del Guallatire: Trekking en los Andes Altiplánicos,trekking-volcan-guallatire-25770,1788,Conquista la Cumbre del Guallatire: Trekking en los Andes Altiplánicos,https://www.tur.com/es/putre-200/trekking-volcan-guallatire-25770-1788
Trekking Arqueológico: Willacaurane y Cerro Petacane en el Altiplano Chileno,trekking-willacaurane-25764,1707,Trekking Arqueológico: Willacaurane y Cerro Petacane en el Altiplano Chileno,https://www.tur.com/es/putre-200/trekking-willacaurane-25764-1707
Ascenso al Volcán Taapacá: Exploración Andina a 5.860 m.s.n.m.,volcan-taapaca-25771,1317,Ascenso al Volcán Taapacá: Exploración Andina a 5.860 m.s.n.m.,https://www.tur.com/es/putre-200/volcan-taapaca-25771-1317
Ruta Andina desde Putre: Tesoros del Altiplano y el Lago Chungará,putre-chungara-putre-25758,1225,Ruta Andina desde Putre: Tesoros del Altiplano y el Lago Chungará,https://www.tur.com/es/putre-200/putre-chungara-putre-25758-1225
Suriplaza: Aventuras y Paisajes Mágicos del Altiplano Chileno,putre-quebrada-de-allane-cerro-suriplaza-putre-25792,1641,Suriplaza: Aventuras y Paisajes Mágicos del Altiplano Chileno,https://www.tur.com/es/putre-200/putre-quebrada-de-allane-cerro-suriplaza-putre-25792-1641
Ruta Altiplánica: Salar de Surire y Termas de Polloquere,putre-surire-putre-25791,1472,Ruta Altiplánica: Salar de Surire y Termas de Polloquere,https://www.tur.com/es/putre-200/putre-surire-putre-25791-1472
Ruta Precordillerana desde Putre: Historia y Naturaleza en el Altiplano,putre-belen-putre-25793,1607,Ruta Precordillerana desde Putre: Historia y Naturaleza en el Altiplano,https://www.tur.com/es/putre-200/putre-belen-putre-25793-1607
Tour Full Day Buggy 4x4 en el Oasis de Pica: Garganta del Diablo y Sandboard en Dunas,tour-buggy-en-el-oasis-de-pica-25301,1523,Tour Full Day Buggy 4x4 en el Oasis de Pica: Garganta del Diablo y Sandboard en Dunas,https://www.tur.com/es/iquique-201/tour-buggy-en-el-oasis-de-pica-25301-1523
Sandboard en las dunas del Cerro Dragón,sandboard-en-cerro-dragon-iquique-1-25387,1924,Sandboard en las dunas del Cerro Dragón,https://www.tur.com/es/iquique-201/sandboard-en-cerro-dragon-iquique-1-25387-1924
City Tour por Iquique: Ruta Gloriosa entre Historia y Mar,la-ruta-gloriosa-de-iquique-28512,2028,City Tour por Iquique: Ruta Gloriosa entre Historia y Mar,https://www.tur.com/es/iquique-201/la-ruta-gloriosa-de-iquique-28512-2028
Ruta del Oro Blanco: Tour a Humberstone y Santa Laura desde Iquique,ruta-del-oro-blanco-salitreras-humberstone-y-santa-laura-28331,1496,Ruta del Oro Blanco: Tour a Humberstone y Santa Laura desde Iquique,https://www.tur.com/es/iquique-201/ruta-del-oro-blanco-salitreras-humberstone-y-santa-laura-28331-1496
Laguna Roja y Petroglifos de Chillaiza: Aventura de Día Completo,laguna-roja-un-viaje-entre-colores-30867,1434,Laguna Roja y Petroglifos de Chillaiza: Aventura de Día Completo,https://www.tur.com/es/iquique-201/laguna-roja-un-viaje-entre-colores-30867-1434
Tour de observación de estrellas en Iquique: Bajo las estrellas en La Huayca,astroturismo-bajo-las-estrellas-29794,1518,Tour de observación de estrellas en Iquique: Bajo las estrellas en La Huayca,https://www.tur.com/es/iquique-201/astroturismo-bajo-las-estrellas-29794-1518
RESERVA NACIONAL PAMPA DEL TAMARUGAL,reserva-nacional-pampa-del-tamarugal,3436,Entrada Reserva Nacional Pampa Del Tamarugal,https://www.tur.com/es/iquique-201/reserva-nacional-pampa-del-tamarugal-3436
Ascenso al Volcán Sairecabur: Aventura a 5.400 Metros en Atacama,volcan-sairecabur-1-3-25727,1985,Ascenso al Volcán Sairecabur: Aventura a 5.400 Metros en Atacama,https://www.tur.com/es/san-pedro-de-atacama-202/volcan-sairecabur-1-3-25727-1985
Explora el Valle del Arcoíris: Un Mundo de Colores,valle-del-arcoiris-4-25721,1781,Explora el Valle del Arcoíris: Un Mundo de Colores,https://www.tur.com/es/san-pedro-de-atacama-202/valle-del-arcoiris-4-25721-1781
Vive el Salar de Atacama: Laguna Cejar y su Belleza Turquesa,laguna-cejar-5-25718,1704,Vive el Salar de Atacama: Laguna Cejar y su Belleza Turquesa,https://www.tur.com/es/san-pedro-de-atacama-202/laguna-cejar-5-25718-1704
Trekking Hacia las Cavernas Ocultas: Una Aventura en San Pedro de Atacama,trekking-cavernas-ocultas-del-desierto-25729,1697,Trekking Hacia las Cavernas Ocultas: Una Aventura en San Pedro de Atacama,https://www.tur.com/es/san-pedro-de-atacama-202/trekking-cavernas-ocultas-del-desierto-25729-1697
Amanecer en los Geysers del Tatio: Un viaje al corazón del altiplano chileno,geisers-del-tatio-25717,2175,Amanecer en los Geysers del Tatio: Un viaje al corazón del altiplano chileno,https://www.tur.com/es/san-pedro-de-atacama-202/geisers-del-tatio-25717-2175
Tour a Piedras Rojas y Lagunas Altiplánicas desde San Pedro,piedras-rojas-1-25392,1689,Tour a Piedras Rojas y Lagunas Altiplánicas desde San Pedro,https://www.tur.com/es/san-pedro-de-atacama-202/piedras-rojas-1-25392-1689
Tour Astronómico en San Pedro de Atacama: Observa los Cielos Más Limpios del Mundo,astronomico-25722,2173,Tour Astronómico en San Pedro de Atacama: Observa los Cielos Más Limpios del Mundo,https://www.tur.com/es/san-pedro-de-atacama-202/astronomico-25722-2173
Sumérgete en la Belleza de las Lagunas de Baltinache,lagunas-baltinache-25716,2111,Sumérgete en la Belleza de las Lagunas de Baltinache,https://www.tur.com/es/san-pedro-de-atacama-202/lagunas-baltinache-25716-2111
Exploración Cósmica: Tour Astronómico en San Pedro de Atacama,tour-astronomico-10-27112,1771,Tour astronómico desde San Pedro de Atacama,https://www.tur.com/es/san-pedro-de-atacama-202/tour-astronomico-10-27112-1771
Vuela sobre el Salar de Atacama: Globo Aerostático al Amanecer,vuelo-fantastico-25331,1404,Vuela sobre el Salar de Atacama: Globo Aerostático al Amanecer,https://www.tur.com/es/san-pedro-de-atacama-202/vuelo-fantastico-25331-1404
Vuelo Privado en Globo sobre el Salar de Atacama: Amanecer Mágico,vuelo-privado-25332,1776,Vuelo Privado en Globo sobre el Salar de Atacama: Amanecer Mágico,https://www.tur.com/es/san-pedro-de-atacama-202/vuelo-privado-25332-1776
Tour Valle de la Luna: Caminata y Atardecer desde San Pedro de Atacama,valle-de-la-luna-2-25702,1396,Tour Valle de la Luna: Caminata y Atardecer desde San Pedro de Atacama,https://www.tur.com/es/san-pedro-de-atacama-202/valle-de-la-luna-2-25702-1396
Tour Valle del Arcoíris: Colores y Petroglifos en San Pedro de Atacama,valle-del-arcoiris-1-25705,1448,Tour Valle del Arcoíris: Colores y Petroglifos en San Pedro de Atacama,https://www.tur.com/es/san-pedro-de-atacama-202/valle-del-arcoiris-1-25705-1448
San Pedro de Atacama: Ruta por las Lagunas del Salar,laguna-cejar-2-25706,1539,"Tour a Laguna Cejar, Ojos del Salar y Laguna Tebinquinche desde San Pedro de Atacama",https://www.tur.com/es/san-pedro-de-atacama-202/laguna-cejar-2-25706-1539
Aventura en los Géiseres del Tatio: Naturaleza y Fauna en el Corazón de Atacama,geyser-del-tatio-1-25703,1928,Aventura en los Géiseres del Tatio: Naturaleza y Fauna en el Corazón de Atacama,https://www.tur.com/es/san-pedro-de-atacama-202/geyser-del-tatio-1-25703-1928
Rutas de Altura: Piedras Rojas y Lagunas del Altiplano en San Pedro de Atacama,piedras-rojas-y-lagunas-altiplanicas-1-1-25704,1452,Rutas de Altura: Piedras Rojas y Lagunas del Altiplano en San Pedro de Atacama,https://www.tur.com/es/san-pedro-de-atacama-202/piedras-rojas-y-lagunas-altiplanicas-1-1-25704-1452
Salar de Uyuni: Tour de 4 Días desde San Pedro de Atacama,regular-4-dias-3-noches-salar-de-uyuni-25385,1328,Salar de Uyuni: Tour de 4 Días desde San Pedro de Atacama,https://www.tur.com/es/san-pedro-de-atacama-202/regular-4-dias-3-noches-salar-de-uyuni-25385-1328
Aventura Salar de Uyuni: Desierto de Sal y Lagunas en 3 Días,regular-salar-de-uyuni-3-dias-2-noches-25329,2153,Aventura Salar de Uyuni: Desierto de Sal y Lagunas en 3 Días,https://www.tur.com/es/san-pedro-de-atacama-202/regular-salar-de-uyuni-3-dias-2-noches-25329-2153
Termas de Puritama: Relajo y Bienestar en el Desierto con Entrada y Transporte,termas-de-puritama-2-28715,2171,Termas de Puritama: Relajo y Bienestar en el Desierto con Entrada y Transporte,https://www.tur.com/es/san-pedro-de-atacama-202/termas-de-puritama-2-28715-2171
Descubre Piedras Rojas y Lagunas Altiplánicas desde San Pedro,piedras-rojas-3-28710,1217,Descubre Piedras Rojas y Lagunas Altiplánicas desde San Pedro,https://www.tur.com/es/san-pedro-de-atacama-202/piedras-rojas-3-28710-1217
Tour Volcán Lascar desde San Pedro de Atacama,volcan-lascar-2-28719,1718,Tour Volcán Lascar desde San Pedro de Atacama,https://www.tur.com/es/san-pedro-de-atacama-202/volcan-lascar-2-28719-1718
Lagunas Escondidas de Baltinache en San Pedro de Atacama,lagunas-de-baltinache-1-28721,2146,Lagunas Escondidas de Baltinache en San Pedro de Atacama,https://www.tur.com/es/san-pedro-de-atacama-202/lagunas-de-baltinache-1-28721-2146
Experiencia Astronómica y Fotográfica Única en San Pedro,sesion-astrofotografica-en-san-pedro-de-atacama-28588,2009,Experiencia Astronómica en San Pedro de Atacama,https://www.tur.com/es/san-pedro-de-atacama-202/sesion-astrofotografica-en-san-pedro-de-atacama-28588-2009
Ruta de los Salares: Maravillas del Desierto y Altiplano Chileno,ruta-de-los-salares-8-1-25157,1774,Tour a la Ruta de los Salares desde San Pedro de Atacama,https://www.tur.com/es/san-pedro-de-atacama-202/ruta-de-los-salares-8-1-25157-1774
Piedras Rojas y Lagunas Altiplánicas: Maravillas Andinas,ruta-de-los-salares-1-1-1-1-1-25218,1325,Tour Piedras Rojas y Lagunas Altiplánicas desde San Pedro de Atacama,https://www.tur.com/es/san-pedro-de-atacama-202/ruta-de-los-salares-1-1-1-1-1-25218-1325
Valle del Arcoíris: Paisajes de Colores en el Atacama,ruta-de-los-salares-1-1-1-1-1-1-25234,1436,Tour al Valle del Arcoíris y Petroglifos de Yerbas Buenas desde San Pedro de Atacama,https://www.tur.com/es/san-pedro-de-atacama-202/ruta-de-los-salares-1-1-1-1-1-1-25234-1436
Amanecer en los Géiseres del Tatio: Un Tour Inolvidable en el Desierto de Atacama,ruta-de-los-salares-1-2-25213,1906,Tour a los Geysers del Tatio al amanecer desde San Pedro de Atacama,https://www.tur.com/es/san-pedro-de-atacama-202/ruta-de-los-salares-1-2-25213-1906
Ascenso Cerro Toco,ascenso-cerro-toco-san-pedro-de-atacama,4034,Ascenso al Cerro Toco desde San Pedro de Atacama,https://www.tur.com/es/san-pedro-de-atacama-202/ascenso-cerro-toco-san-pedro-de-atacama-4034
Valle del Arcoíris,tour-valle-arcoiris-petroglifos-yerbas-buenas-san-pedro,4024,Tour al Valle del Arcoíris y Petroglifos de Yerbas Buenas desde San Pedro de Atacama,https://www.tur.com/es/san-pedro-de-atacama-202/tour-valle-arcoiris-petroglifos-yerbas-buenas-san-pedro-4024
Valle de la luna,tour-valle-de-la-luna-san-pedro-de-atacama,4017,Tour al Valle de la Luna con cóctel desde San Pedro de Atacama,https://www.tur.com/es/san-pedro-de-atacama-202/tour-valle-de-la-luna-san-pedro-de-atacama-4017
Ascenso al Volcán Láscar (Entrada Incluida),ascenso-volcan-lascar-san-pedro-de-atacama,4036,Ascenso al Volcán Lascar desde San Pedro de Atacama,https://www.tur.com/es/san-pedro-de-atacama-202/ascenso-volcan-lascar-san-pedro-de-atacama-4036
Vallecito,tour-vallecito-autobus-magico-san-pedro-atacama,4023,Tour a Vallecito y Autobús Mágico al atardecer desde San Pedro de Atacama,https://www.tur.com/es/san-pedro-de-atacama-202/tour-vallecito-autobus-magico-san-pedro-atacama-4023
Ruta de los Salares,tour-ruta-de-los-salares-monjes-de-la-pacana-san-pedro,4031,Tour a la Ruta de los Salares y Monjes de la Pacana desde San Pedro de Atacama,https://www.tur.com/es/san-pedro-de-atacama-202/tour-ruta-de-los-salares-monjes-de-la-pacana-san-pedro-4031
Lagunas Escondidas de Baltinache,tour-lagunas-escondidas-baltinache-san-pedro-atacama,4026,Tour a las Lagunas Escondidas de Baltinache desde San Pedro de Atacama,https://www.tur.com/es/san-pedro-de-atacama-202/tour-lagunas-escondidas-baltinache-san-pedro-atacama-4026
Geysers del Tatio,tour-geiseres-del-tatio-machuca-san-pedro-atacama,4030,Tour a los Geysers del Tatio y el Pueblo de Machuca desde San Pedro de Atacama,https://www.tur.com/es/san-pedro-de-atacama-202/tour-geiseres-del-tatio-machuca-san-pedro-atacama-4030
Laguna Cejar,tour-laguna-cejar-ojos-del-salar-san-pedro-atacama,4025,"Tour a la Laguna Cejar, Ojos del Salar y Laguna Tebenquiche desde San Pedro de Atacama",https://www.tur.com/es/san-pedro-de-atacama-202/tour-laguna-cejar-ojos-del-salar-san-pedro-atacama-4025
Trekking Purilibre,trekking-rio-puritama-termas-purilibre-san-pedro,4027,Trekking Río Puritama y Termas de Purilibre desde San Pedro de Atacama,https://www.tur.com/es/san-pedro-de-atacama-202/trekking-rio-puritama-termas-purilibre-san-pedro-4027
Traslado Termas de Puritama,traslado-termas-de-puritama-san-pedro-atacama,4029,Traslado ida y vuelta a las Termas de Puritama desde San Pedro de Atacama,https://www.tur.com/es/san-pedro-de-atacama-202/traslado-termas-de-puritama-san-pedro-atacama-4029
Piedras Rojas,tour-piedras-rojas-lagunas-altiplanicas-san-pedro-atacama,4022,Tour Piedras Rojas y Lagunas Altiplánicas desde San Pedro de Atacama,https://www.tur.com/es/san-pedro-de-atacama-202/tour-piedras-rojas-lagunas-altiplanicas-san-pedro-atacama-4022
Explora los Pueblos Remotos de San Pedro de Atacama: Trekking Machuca a Río Grande,trekking-machuca-a-rio-grande-25044,1589,Explora los Pueblos Remotos de San Pedro de Atacama: Trekking Machuca a Río Grande,https://www.tur.com/es/san-pedro-de-atacama-202/trekking-machuca-a-rio-grande-25044-1589
Expedición al Volcán Jorquencal: Naturaleza y Aventura,volcan-jorquencal-24965,1761,Expedición al Volcán Jorquencal: Naturaleza y Aventura,https://www.tur.com/es/san-pedro-de-atacama-202/volcan-jorquencal-24965-1761
Volcán Saciel: Un desafío de montañismo en San Pedro de Atacama,volcan-saciel-24991,1569,Volcán Saciel: Un desafío de montañismo en San Pedro de Atacama,https://www.tur.com/es/san-pedro-de-atacama-202/volcan-saciel-24991-1569
Explora el Cerro Toco: Ascenso en San Pedro de Atacama con Vistas Incomparables,cerro-toco-1-1-1-24957,1265,Explora el Cerro Toco: Ascenso en San Pedro de Atacama con Vistas Incomparables,https://www.tur.com/es/san-pedro-de-atacama-202/cerro-toco-1-1-1-24957-1265
Explora el Volcán Tatio Sur: Trekking de Alta Montaña desde San Pedro de Atacama,volcan-tatio-sur-25027,1274,Explora el Volcán Tatio Sur: Trekking de Alta Montaña desde San Pedro de Atacama,https://www.tur.com/es/san-pedro-de-atacama-202/volcan-tatio-sur-25027-1274
Ascenso al Cerro Quimal: Conquista las Alturas de San Pedro de Atacama,cerro-quimal-25036,1686,Ascenso al Cerro Quimal: Conquista las Alturas de San Pedro de Atacama,https://www.tur.com/es/san-pedro-de-atacama-202/cerro-quimal-25036-1686
San Pedro de Atacama: Ascenso al Imponente Volcán Sairecabur,volcan-sairecabur-1-1-25001,2147,San Pedro de Atacama: Ascenso al Imponente Volcán Sairecabur,https://www.tur.com/es/san-pedro-de-atacama-202/volcan-sairecabur-1-1-25001-2147
Trekking en la Cordillera de Domeyko desde San Pedro de Atacama,trekking-cordillera-de-domeyko-25047,1245,Trekking en la Cordillera de Domeyko desde San Pedro de Atacama,https://www.tur.com/es/san-pedro-de-atacama-202/trekking-cordillera-de-domeyko-25047-1245
Trekking al Volcán Chascón: Aventura en los Andes de San Pedro de Atacama,volcan-chascon-25040,1645,Trekking al Volcán Chascón: Aventura en los Andes de San Pedro de Atacama,https://www.tur.com/es/san-pedro-de-atacama-202/volcan-chascon-25040-1645
Transporte a las Termas de Puritama (AM/PM) desde San Pedro de Atacama,termas-de-puritama-san-pedro-de-atacama,3696,Transporte a las Termas de Puritama (AM/PM) desde San Pedro de Atacama,https://www.tur.com/es/san-pedro-de-atacama-202/termas-de-puritama-san-pedro-de-atacama-3696
Tour en Bicicleta – Garganta del Diablo,tour-bicicleta-garganta-del-diablo-san-pedro-de-atacama,4736,Tour en Bicicleta por Garganta del Diablo en San Pedro de Atacama,https://www.tur.com/es/san-pedro-de-atacama-202/tour-bicicleta-garganta-del-diablo-san-pedro-de-atacama-4736
Sandboard en el Valle de la Muerte: Aventura en las Dunas del Desierto de Atacama,sandboard-4-32227,1889,Sandboard en el Valle de la Muerte desde San Pedro de Atacama,https://www.tur.com/es/san-pedro-de-atacama-202/sandboard-4-32227-1889
Entrada a las Termas de Puritama: Relajación Natural en Reserva de Conservación,termas-reserva-de-conservacion-puritama-31303,2062,Entrada a la Reserva de Conservación: Termas de Puritama ,https://www.tur.com/es/san-pedro-de-atacama-202/termas-reserva-de-conservacion-puritama-31303-2062
Traslado / Transfer de San Pedro de Atacama al Aeropuerto de Calama,traslado-san-pedro-de-atacama,2078,Traslado desde San Pedro de Atacama al Aeropuerto de Calama,https://www.tur.com/es/san-pedro-de-atacama-202/traslado-san-pedro-de-atacama-2078
Traslado / Transfer de Aeropuerto Calama a San Pedro de Atacama,tarifa-aeropuerto-calama-30731,1398,Traslado a San Pedro de Atacama desde el Aeropuerto de Calama ,https://www.tur.com/es/san-pedro-de-atacama-202/tarifa-aeropuerto-calama-30731-1398
Colores del Desierto: Explorando el Valle del Arcoíris en San Pedro de Atacama,tour-valle-del-arcoiris-27355,1379,Colores del Desierto: Explorando el Valle del Arcoíris en San Pedro de Atacama,https://www.tur.com/es/san-pedro-de-atacama-202/tour-valle-del-arcoiris-27355-1379
Tour Arqueológico - Excursión a la Aldea de Tulor y Pucará de Quitor,tour-arqueologico-san-pedro-de-atacama,4964,"Tour Arqueológico Compartido en San Pedro de Atacama, Chile",https://www.tur.com/es/san-pedro-de-atacama-202/tour-arqueologico-san-pedro-de-atacama-4964
Laguna Cejar: Flotación y Paisajes Únicos en San Pedro de Atacama,tour-laguna-cejar-27352,1324,Laguna Cejar: Floating y Paisajes Únicos en San Pedro de Atacama,https://www.tur.com/es/san-pedro-de-atacama-202/tour-laguna-cejar-27352-1324
"Maravillas de San Pedro de Atacama: Piedras Rojas, Miscanti, Miñiques y Laguna Chaxa",tour-piedras-rojas-miscanti-miniques-y-laguna-chaxa-27354,1240,"Maravillas de San Pedro de Atacama: Piedras Rojas, Miscanti, Miñiques y Laguna Chaxa",https://www.tur.com/es/san-pedro-de-atacama-202/tour-piedras-rojas-miscanti-miniques-y-laguna-chaxa-27354-1240
Excursión patrimonial a Chacabuco con salida desde Calama,oficina-salitrera-chacabuco-desde-calama-30482,2017,Excursión patrimonial a Chacabuco con salida desde Calama,https://www.tur.com/es/calama-203/oficina-salitrera-chacabuco-desde-calama-30482-2017
"City Tour por Calama: Historia, Cultura y Panorámicas del Desierto",city-tour-calama-29568,2046,"City Tour por Calama: Historia, Cultura y Panorámicas del Desierto",https://www.tur.com/es/calama-203/city-tour-calama-29568-2046
"Trekking en Morro Moreno, Antofagasta: Ruta de los Primeros Habitantes",trekking-costero-morro-moreno-28153,1688,"Trekking en Morro Moreno, Antofagasta: Ruta de los Primeros Habitantes",https://www.tur.com/es/antofagasta-204/trekking-costero-morro-moreno-28153-1688
Tras las Huellas de los Changos: Trekking Pictografías de Quebrada El Médano,trekking-pictografias-de-quebrada-el-medano-28152,1199,Tras las Huellas de los Changos: Trekking Pictografías de Quebrada El Médano,https://www.tur.com/es/antofagasta-204/trekking-pictografias-de-quebrada-el-medano-28152-1199
Travesía en Kayak por Playa Áncora: Naturaleza e Historia en el Litoral,travesia-en-kayak-playa-ancora-28151,1560,Travesía en Kayak por Playa Áncora: Naturaleza e Historia en el Litoral,https://www.tur.com/es/antofagasta-204/travesia-en-kayak-playa-ancora-28151-1560
Expedición al Ojos del Salado: Trekking de 7 Días en el Desierto de Atacama,expedicion-volcan-ojos-del-salado-6893-mnsm-26063,1391,Expedición al Ojos del Salado: Trekking de 7 Días en el Desierto de Atacama,https://www.tur.com/es/copiapo-205/expedicion-volcan-ojos-del-salado-6893-mnsm-26063-1391
"Playa La Virgen, humedales y rocas de Atacama desde Caldera o Bahía Inglesa",tour-playa-la-virgen-ruta-changa-27871,1901,"Playa La Virgen, humedales y rocas de Atacama desde Caldera o Bahía Inglesa",https://www.tur.com/es/copiapo-205/tour-playa-la-virgen-ruta-changa-27871-1901
Mina San José y Dunas de Atacama desde Caldera o Bahía Inglesa,mina-san-jose-al-rescate-de-los-33-27929,1558,Mina San José y Dunas de Atacama desde Caldera o Bahía Inglesa,https://www.tur.com/es/copiapo-205/mina-san-jose-al-rescate-de-los-33-27929-1558
Ruta de la Sal: Recorrido Cultural desde Caldera o Bahía Inglesa,ruta-de-la-sal-1-27928,1970,Ruta de la Sal: Recorrido Cultural desde Caldera o Bahía Inglesa,https://www.tur.com/es/copiapo-205/ruta-de-la-sal-1-27928-1970
Atardecer en el Mar de Dunas: Una Experiencia Inolvidable en el Desierto,caminata-atardecer-en-el-mar-de-dunas-26633,1996,Atardecer en el Mar de Dunas: Una Experiencia Inolvidable en el Desierto,https://www.tur.com/es/copiapo-205/caminata-atardecer-en-el-mar-de-dunas-26633-1996
"Explora la Ruta de los Seismiles: Cumbres, Lagunas y Termas de Atacama",full-day-laguna-verde-salar-de-maricunga-26611,2001,"Explora la Ruta de los Seismiles: Cumbres, Lagunas y Termas de Atacama",https://www.tur.com/es/copiapo-205/full-day-laguna-verde-salar-de-maricunga-26611-2001
Ciclotour en Copiapó: Descubre la Historia sobre Dos Ruedas,recorriendo-copiapo-ciclotour-26631,1917,Ciclotour en Copiapó: Descubre la Historia sobre Dos Ruedas,https://www.tur.com/es/copiapo-205/recorriendo-copiapo-ciclotour-26631-1917
Full Day Salar de Pedernales y Maricunga,tour-salar-de-pedernales-y-maricunga-desde-copiapo,3459,Tour Full Day a Salar de Pedernales y Maricunga desde Copiapó,https://www.tur.com/es/copiapo-205/tour-salar-de-pedernales-y-maricunga-desde-copiapo-3459
Puna de Atacama: Expedición de 2 Días con Termas y Refugio de Montaña,puna-de-atacama-2-dias-1-noche-32102,1450,Puna de Atacama: Expedición de 2 Días con Termas y Refugio de Montaña,https://www.tur.com/es/copiapo-205/puna-de-atacama-2-dias-1-noche-32102-1450
"Full Day Laguna Verde y sus termas, Mirador Ojos del Salado",full-day-laguna-verde-termas-mirador-ojos-del-salado-desde-copiapo,3461,Full day Laguna Verde y termas con Mirador Ojos del Salado,https://www.tur.com/es/copiapo-205/full-day-laguna-verde-termas-mirador-ojos-del-salado-desde-copiapo-3461
Full Day Parque Nacional Nevado de Tres Cruces y Salar de Maricunga,tour-4x4-nevado-de-tres-cruces-salar-de-maricunga-desde-copiapo,3463,Tour 4x4 al Nevado de Tres Cruces y Salar de Maricunga desde Copiapó,https://www.tur.com/es/copiapo-205/tour-4x4-nevado-de-tres-cruces-salar-de-maricunga-desde-copiapo-3463
PARQUE NACIONAL NEVADO TRES CRUCES,parque-nacional-nevado-tres-cruces,3435,Entrada Parque Nacional Nevado Tres Cruces,https://www.tur.com/es/copiapo-205/parque-nacional-nevado-tres-cruces-3435
PARQUE NACIONAL PAN DE AZÚCAR,parque-nacional-pan-de-azucar,3438,Entrada Parque Nacional Pan De Azúcar,https://www.tur.com/es/chanaral-208/parque-nacional-pan-de-azucar-3438
Avistamiento de ballenas en Chañaral de Aceituno: vive la magia del océano,ticket-de-navegacion-en-chanaral-de-aceituno-27474,1649,Avistamiento de Ballenas en Chañaral de Aceituno,https://www.tur.com/es/chanaral-208/ticket-de-navegacion-en-chanaral-de-aceituno-27474-1649
Termas en la Cordillera desde Vicuña con Sabores Locales,tour-termas-cordilleranas-30207,1853,Termas en la Cordillera desde La Serena o Vicuña,https://www.tur.com/es/la-serena-209/tour-termas-cordilleranas-30207-1853
"Día Completo en el Valle del Elqui: Cultura, Pisco y Naturaleza",tour-valle-de-elqui-1-1-24889,1962,Full Day Valle del Elqui con Degustación de Vinos desde La Serena,https://www.tur.com/es/la-serena-209/tour-valle-de-elqui-1-1-24889-1962
Valle del Elqui: Un Viaje entre Sabores y Vistas,tour-valle-del-elqui-clasico-24867,1411,Full Day Valle del Elqui desde La Serena,https://www.tur.com/es/la-serena-209/tour-valle-del-elqui-clasico-24867-1411
Tour de Avistamiento de Ballenas en Chañaral de Aceituno,tour-chanaral-de-aceituno-avistamiento-de-ballenas,1369,Tour de Avistamiento de Ballenas en Chañaral de Aceituno desde La Serena,https://www.tur.com/es/la-serena-209/tour-chanaral-de-aceituno-avistamiento-de-ballenas-1369
Astronias: Observación Astronómica en el Valle de Elqui,centro-de-observacion-astronomica-astronias-24868,1914,Tour Astronómico en Observatorio Astronias desde La Serena,https://www.tur.com/es/la-serena-209/centro-de-observacion-astronomica-astronias-24868-1914
MONUMENTO NATURAL PICHASCA,monumento-natural-pichasca,3434,Entrada Monumento Natural Pichasca,https://www.tur.com/es/la-serena-209/monumento-natural-pichasca-3434
Experiencia astronómica en el Valle del Elqui: Observatorio Mamalluca,tour-observatorio-mamalluca-32603,1581,Tour Astronómico en Observatorio Mamalluca desde La Serena o Vicuña,https://www.tur.com/es/la-serena-209/tour-observatorio-mamalluca-32603-1581
Tour por Valle del Elqui desde La Serena,valle-de-elqui-32608,1838,Tour Valle del Elqui Tradicional desde La Serena,https://www.tur.com/es/la-serena-209/valle-de-elqui-32608-1838
Experiencia astronómica en Mamalluca desde La Serena,tour-astronomia-outdoor-32609,1272,Tour Astronómico en Observatorio Omega desde La Serena o Vicuña,https://www.tur.com/es/la-serena-209/tour-astronomia-outdoor-32609-1272
"Tour Isla Damas, Navegación y Naturaleza desde La Serena",tour-isla-damas,2995,Tour a la Reserva Pingüino Humboldt e Isla Damas desde La Serena,https://www.tur.com/es/la-serena-209/tour-isla-damas-2995
"Tour Avistamiento de Ballenas, Navegación en Reserva Humboldt desde La Serena",avistamiento-de-ballenas-reserva-humboldt,4050,"Tour Avistamiento de Ballenas, Navegación en Reserva Humboldt desde La Serena",https://www.tur.com/es/la-serena-209/avistamiento-de-ballenas-reserva-humboldt-4050
Observatorio Collowara,tour-observatorio-collowara-andacollo-desde-la-serena,4954,Tour astronómico en Observatorio Collowara de Andacollo,https://www.tur.com/es/la-serena-209/tour-observatorio-collowara-andacollo-desde-la-serena-4954
city tour la serena,city-tour-la-serena-coquimbo-medio-dia,3601,City Tour por La Serena y Coquimbo con patrimonio y miradores,https://www.tur.com/es/la-serena-209/city-tour-la-serena-coquimbo-medio-dia-3601
City Tour La Serena y Coquimbo,city-tour-la-serena-y-coquimbo-24833,2102,City Tour por La Serena y Coquimbo,https://www.tur.com/es/la-serena-209/city-tour-la-serena-y-coquimbo-24833-2102
"Tour Descubre el Valle del Elqui: Pisco, Vino y Cerveza Artesanal",tour-descubre-elqui-25345,2010,"Tour Ruta del Pisco, Vino y Cerveza en el Valle del Elqui desde La Serena",https://www.tur.com/es/la-serena-209/tour-descubre-elqui-25345-2010
Tour Ruta del Pisco: Tradición y Sabor en La Serena,tour-ruta-del-pisco-25350,1602,Tour Ruta del Pisco desde La Serena,https://www.tur.com/es/la-serena-209/tour-ruta-del-pisco-25350-1602
Vive una Experiencia Astronómica Inmersiva en el Observatorio Alfa Aldea con Transporte desde La Serena,tour-astronomico-alfa-aldea-25328,1361,Tour Astronómico en Observatorio Alfa Aldea desde La Serena,https://www.tur.com/es/la-serena-209/tour-astronomico-alfa-aldea-25328-1361
Descubre las mejores playas de La Serena y Coquimbo en Un Solo Tour,tour-playas-la-serena-coquimbo,1329,Tour de Playas por la Costa de La Serena y Coquimbo,https://www.tur.com/es/la-serena-209/tour-playas-la-serena-coquimbo-1329
"Tour Valle de Elqui desde La Serena: historia, cultura y misticismo en un solo viaje",tour-valle-de-elqui-1-1-1-25253,1951,Recorrido al Valle de Elqui desde La Serena,https://www.tur.com/es/la-serena-209/tour-valle-de-elqui-1-1-1-25253-1951
Tour de Buceo desde La Serena con Equipo Incluido,tour-de-buceo-25356,1223,Bautismo de Buceo en Tongoy desde La Serena,https://www.tur.com/es/la-serena-209/tour-de-buceo-25356-1223
Bio Senderismo Arqueológico en Caleta Los Hornos: Historia y Naturaleza,bio-senderismo-arqueologico-caleta-los-hornos-24891,1620,Senderismo Arqueológico en Caleta Los Hornos desde La Serena,https://www.tur.com/es/la-serena-209/bio-senderismo-arqueologico-caleta-los-hornos-24891-1620
Avistamiento de Ballenas en Chañaral de Aceituno: Una Aventura Marina,avistamiento-de-ballenas-chanaral-de-aceituno-24888,1580,Avistamiento de Ballenas en Chañaral de Aceituno desde La Serena,https://www.tur.com/es/la-serena-209/avistamiento-de-ballenas-chanaral-de-aceituno-24888-1580
RESERVA NACIONAL LAS CHINCHILLAS,reserva-nacional-las-chinchillas,3443,Entrada Reserva Nacional Las Chinchillas,https://www.tur.com/es/coquimbo-210/reserva-nacional-las-chinchillas-3443
"Tour al Valle de Estrellas: Historia, Naturaleza y Observación del Cosmos",astroturismo-valle-de-estrellas-27437,1353,Tour al Valle de Estrellas desde Ovalle,https://www.tur.com/es/ovalle-211/astroturismo-valle-de-estrellas-27437-1353
Observación de Aves y Paseo en Kayak a las Puertas del Humedal Río Limarí,humedal-rio-limari-27424,1579,Observación de Aves y Paseo en Kayak a las Puertas del Humedal Río Limarí,https://www.tur.com/es/ovalle-211/humedal-rio-limari-27424-1579
Full Day en Parque Nacional Fray Jorge y Valle del Encanto desde Ovalle,full-day-parque-fray-jorge-y-valle-del-encanto-27451,2084,Full Day en Parque Nacional Fray Jorge y Valle del Encanto desde Ovalle,https://www.tur.com/es/ovalle-211/full-day-parque-fray-jorge-y-valle-del-encanto-27451-2084
Trekking Cerro Tamaya: Descubre el Atardecer Más Bello del Valle del Limarí,trekking-cerro-tamaya-27423,1362,Trekking Cerro Tamaya: Descubre el Atardecer Más Bello del Valle del Limarí,https://www.tur.com/es/ovalle-211/trekking-cerro-tamaya-27423-1362
PARQUE NACIONAL BOSQUE FRAY JORGE,parque-nacional-bosque-fray-jorge,3439,Entrada Parque Nacional Bosque Fray Jorge,https://www.tur.com/es/ovalle-211/parque-nacional-bosque-fray-jorge-3439
Ruta del Patrimonio Indígena Vivo en el Valle de Elqui: pasado y presente,ruta-del-patrimonio-indigena-vivo-en-el-valle-de-elqui-pasado-y-presente-27090,1220,Ruta del Patrimonio Indígena Vivo en el Valle de Elqui: pasado y presente,https://www.tur.com/es/vicuna-212/ruta-del-patrimonio-indigena-vivo-en-el-valle-de-elqui-pasado-y-presente-27090-1220
Trazos de Historia recorre la Ruta Patrimonial: Del Valle de Elqui a la Costa,ruta-patrimonial-de-cordillera-a-mar-27122,1861,Trazos de Historia recorre la Ruta Patrimonial: Del Valle de Elqui a la Costa,https://www.tur.com/es/vicuna-212/ruta-patrimonial-de-cordillera-a-mar-27122-1861
Ruta hacia las Termas en la Alta Cordillera del Valle de Elqui,ruta-hacia-las-termas-en-la-alta-cordillera-del-valle-de-elqui-27114,1219,Ruta hacia las Termas en la Alta Cordillera del Valle de Elqui,https://www.tur.com/es/vicuna-212/ruta-hacia-las-termas-en-la-alta-cordillera-del-valle-de-elqui-27114-1219
Ruta de la Totora: Patrimonio Vivo Indígena del Valle de Elqui,ruta-de-la-totora-fibra-vegetal-patrimonio-vivo-indigena-del-valle-de-elqui-27119,1571,Ruta de la Totora: Patrimonio Vivo Indígena del Valle de Elqui,https://www.tur.com/es/vicuna-212/ruta-de-la-totora-fibra-vegetal-patrimonio-vivo-indigena-del-valle-de-elqui-27119-1571
Ruta de los Patrimonios Bioculturales de la Comuna de Vicuña,ruta-de-los-patrimonios-bioculturales-de-la-comuna-de-vicuna-27116,1892,Ruta de los Patrimonios Bioculturales de la Comuna de Vicuña,https://www.tur.com/es/vicuna-212/ruta-de-los-patrimonios-bioculturales-de-la-comuna-de-vicuna-27116-1892
Senderismo en el Valle de Elqui: Ruta a Pullayes y Petroglifos,ruta-de-senderismo-a-pullalles-valle-de-elqui-30408,1664,Senderismo en el Valle de Elqui: Ruta a Pullayes y Petroglifos,https://www.tur.com/es/vicuna-212/ruta-de-senderismo-a-pullalles-valle-de-elqui-30408-1664
Ruta de los Ríos Valle de Elqui,ruta-de-los-rios-de-la-cuenca-del-valle-de-elqui-comuna-de-vicuna-y-paihuano-27120,2167,Ruta de los Ríos Valle de Elqui,https://www.tur.com/es/vicuna-212/ruta-de-los-rios-de-la-cuenca-del-valle-de-elqui-comuna-de-vicuna-y-paihuano-27120-2167
"Escapada Hotel Puclaro 3 Días: Yoga, Astronomía y Tinajas Calientes",bienestar-valle-del-elqui-31160,2060,"Escapada Hotel Puclaro 3 Días: Yoga, Astronomía y Tinajas Calientes",https://www.tur.com/es/vicuna-212/bienestar-valle-del-elqui-31160-2060
Trekking guiado de medio día por Santuario Natural en Elqui,trekking-por-un-santuario-30116,1749,Trekking guiado de medio día por Santuario Natural en Elqui,https://www.tur.com/es/paihuano-214/trekking-por-un-santuario-30116-1749
Cena en la Montaña en Valle de Elqui,cena-en-la-montana-al-estilo-migrantes-30117,1535,Cena en la Montaña en Valle de Elqui,https://www.tur.com/es/paihuano-214/cena-en-la-montana-al-estilo-migrantes-30117-1535
Tour Elqui a tu Medida: Descubre el Valle según tus Intereses,elqui-a-tu-medida-30115,1497,Tour Elqui a tu Medida: Descubre el Valle según tus Intereses,https://www.tur.com/es/paihuano-214/elqui-a-tu-medida-30115-1497
Biketour entre cerros y viñedos en Valle de Elqui,bike-tour-pueblos-de-elqui-30114,2071,Tour en bicicleta entre cerros y viñedos en Valle de Elqui,https://www.tur.com/es/paihuano-214/bike-tour-pueblos-de-elqui-30114-2071
Stand Up Paddle en Pichidangui: Aventura a la Isla Locos,stand-up-paddle-en-pichidangui-24958,2040,Stand Up Paddle en Pichidangui: Aventura a la Isla Locos,https://www.tur.com/es/los-vilos-215/stand-up-paddle-en-pichidangui-24958-2040
Tour en Kayak en Pullally: Flora y Fauna,observacion-de-flora-y-fauna-en-kayak-31909,1994,Tour en Kayak en Pullally: Flora y Fauna,https://www.tur.com/es/papudo-216/observacion-de-flora-y-fauna-en-kayak-31909-1994
Tour de Pesca en Kayak en Papudo: Aventura Guiada en la Costa,pesca-en-kayak-31355,2065,Tour de Pesca en Kayak en Papudo: Aventura Guiada en la Costa,https://www.tur.com/es/papudo-216/pesca-en-kayak-31355-2065
Senderismo en Las Plaiyas: Explora Paisajes Únicos y Rutas Escénicas en Papudo,senderismo-las-plaiyas,1405,Papudo: Senderismo en Las Plaiyas,https://www.tur.com/es/papudo-216/senderismo-las-plaiyas-1405
"Explora la Costa de Papudo en Zodiac: Punta Pite, Isla de los Lobos  y Playa Los Lilenes",excursion-nautica-bote-zodiac,1740,Papudo: Explora la Costa en Zodiac privado,https://www.tur.com/es/papudo-216/excursion-nautica-bote-zodiac-1740
Clases de Surf en Papudo: Aprende a Surfear en Salinas de Pullally,clases-inciacion-de-surf-31363,2074,Clases de Surf en Papudo: Aprende a Surfear en Salinas de Pullally,https://www.tur.com/es/papudo-216/clases-inciacion-de-surf-31363-2074
Tour Arqueológico en Papudo con Kayak y Dunas Longotoma,ruta-arqueologica-31201,1473,Tour Arqueológico en Papudo con Kayak y Dunas Longotoma,https://www.tur.com/es/papudo-216/ruta-arqueologica-31201-1473
Senderismo en Punta Pite: Naturaleza y Piscinas Naturales en Zapallar,senderismo-punta-pite,1555,"Zapallar: Senderismo en Punta Pite, Naturaleza y Piscinas Naturales ",https://www.tur.com/es/zapallar-217/senderismo-punta-pite-1555
Parque OUTLIFE RKF Aguas Claras: Ticket diario para trekking y MTB en Zapallar,ticket-diario-para-mtb-o-trekking-outlife-aguas-claras-28567,2199,Parque OUTLIFE RKF Aguas Claras: Ticket diario para trekking y MTB en Zapallar,https://www.tur.com/es/zapallar-217/ticket-diario-para-mtb-o-trekking-outlife-aguas-claras-28567-2199
Acceso al Circuito MTB de Parque Tricao: Aventura en la Naturaleza,entrada-circuito-mtb-parque-tricao,1779,Acceso al Circuito MTB de Parque Tricao ,https://www.tur.com/es/santo-domingo-219/entrada-circuito-mtb-parque-tricao-1779
"Parque Tricao: Canopy, Aviario y Jardín Botánico",experiencia-parque-tricao,1485,"Parque Tricao FULL: Entrada, Canopy, Aviario y Jardín Botánico",https://www.tur.com/es/santo-domingo-219/experiencia-parque-tricao-1485
Entrada al Parque Tricao,entrada-general-parque-tricao,1273,Entrada al Parque Tricao (Sin aviario ni Jardín Botánico),https://www.tur.com/es/santo-domingo-219/entrada-general-parque-tricao-1273
Entrada al Parque Tricao y su Jardín Botánico,entrada-general-jardin-botanico-parque-tricao,2179,Parque Tricao y Jardín Botánico (Sin Aviario),https://www.tur.com/es/santo-domingo-219/entrada-general-jardin-botanico-parque-tricao-2179
Biodiversidad y Sabores Exclusivos en Viña Matetic,tour-biodinamico-25441,1358,Biodiversidad y Sabores Exclusivos en Viña Matetic,https://www.tur.com/es/cartagena-chile-220/tour-biodinamico-25441-1358
Degustación Premium en Viña Matetic: Una Experiencia de Sabores Únicos,degustacion-emporio-27207,1613,Degustación Premium en Viña Matetic: Una Experiencia de Sabores Únicos,https://www.tur.com/es/cartagena-chile-220/degustacion-emporio-27207-1613
Entrada Motocross en Parque Las Palmas,entrada-motocross-25755,1296,Parque Las Palmas: entrada a pistas de motocross,https://www.tur.com/es/cartagena-chile-220/entrada-motocross-25755-1296
Entrada Mountain Bike en Parque Las Palmas,entrada-bikepark-25754,1251,Entrada Mountain Bike en Parque Las Palmas,https://www.tur.com/es/cartagena-chile-220/entrada-bikepark-25754-1251
Tour y Degustación en Viña Casa Marín: Descubre los Mejores Vinos de Chile,tour-degustacion-do-lo-abarca-24782,2150,"Tour y Degustación de 4 vinos en Viña Casa Marín, Lo Abarca Valparaíso",https://www.tur.com/es/cartagena-chile-220/tour-degustacion-do-lo-abarca-24782-2150
Ascenso al Cerro La Campana: Naturaleza y Desafío,cumbre-cerro-la-campana-31694,2070,Ascenso al Cerro La Campana: Naturaleza y Desafío,https://www.tur.com/es/valparaiso-221/cumbre-cerro-la-campana-31694-2070
Tour Valparaíso y Viña del Mar desde el Puerto de Valparaíso,valparaiso-and-vina-del-mar-tour-from-the-port-of-valparaiso-32527,1547,Tour Valparaíso y Viña del Mar desde el Puerto de Valparaíso,https://www.tur.com/es/valparaiso-221/valparaiso-and-vina-del-mar-tour-from-the-port-of-valparaiso-32527-1547
Explora el Arte Callejero de Valparaíso: Graffitis y Murales Icónicos,tour-street-art-valparaiso-cerro-alegre-bellavista,1899,Explora el Arte Callejero de Valparaíso: Graffitis y Murales Icónicos,https://www.tur.com/es/valparaiso-221/tour-street-art-valparaiso-cerro-alegre-bellavista-1899
Descubre el Encanto de Playa Ancha: Historia y Arquitectura en Valparaíso,free-tour-valparaiso-playa-ancha-barrio-puerto,1536,Free tour por el Cerro Playa Ancha y los íconos de Valparaíso,https://www.tur.com/es/valparaiso-221/free-tour-valparaiso-playa-ancha-barrio-puerto-1536
Camina Valparaíso: Un Viaje por su Historia y Arte Urbano,free-tour-valparaiso-historico,1953,Free tour por el Barrio Puerto y el Cerro Concepción en Valparaíso,https://www.tur.com/es/valparaiso-221/free-tour-valparaiso-historico-1953
Recorrido en Funicular: Explora los Cerros de Valparaíso,the-funicular-rides-tour-24858,2206,Recorrido en Funicular: Explora los Cerros de Valparaíso,https://www.tur.com/es/valparaiso-221/the-funicular-rides-tour-24858-2206
Tour Gastronómico en el Barrio Puerto de Valparaíso,platos-con-relato-tour-25070,1529,Tour Gastronómico en el Barrio Puerto de Valparaíso,https://www.tur.com/es/valparaiso-221/platos-con-relato-tour-25070-1529
Ruta La Matriz: Descubre el Barrio Más Antiguo de Valparaíso,tour-cultural-valparaiso-la-matriz-cerro-santo-domingo,2011,Ruta La Matriz: Descubre el Barrio Más Antiguo de Valparaíso,https://www.tur.com/es/valparaiso-221/tour-cultural-valparaiso-la-matriz-cerro-santo-domingo-2011
Sabores Porteños: de la caleta a la cocina en Valparaíso,cocina-tour-25067,1786,Sabores Porteños: de la caleta a la cocina en Valparaíso,https://www.tur.com/es/valparaiso-221/cocina-tour-25067-1786
City Tour Valparaíso: Vive el Encanto Patrimonial del Puerto,city-tour-valparaiso-cerros-alegre-concepcion-barrio-puerto,1865,City Tour Valparaíso: Vive el Encanto Patrimonial del Puerto,https://www.tur.com/es/valparaiso-221/city-tour-valparaiso-cerros-alegre-concepcion-barrio-puerto-1865
Tour Patrimonial por Valparaíso,patrimonial-tour-25542,2033,Tour Patrimonial por Valparaíso,https://www.tur.com/es/valparaiso-221/patrimonial-tour-25542-2033
Kayak Recreativo en Valparaíso: Explora el Muelle Barón,arriendo-de-kayak-sit-on-top-valparaiso-25699,2093,Kayak Recreativo en Valparaíso: Explora el Muelle Barón,https://www.tur.com/es/valparaiso-221/arriendo-de-kayak-sit-on-top-valparaiso-25699-2093
Navega en un Velero / Yate Hansa en Valparaíso: Aventura para Todos,arriendo-de-velero-hansa-valparaiso-25701,2096,Navega en un Velero / Yate Hansa en Valparaíso: Aventura para Todos,https://www.tur.com/es/valparaiso-221/arriendo-de-velero-hansa-valparaiso-25701-2096
"Tour en Velero Raquero, Descubre Valparaíso desde el Mar",paseo-en-velero-raquero-30865,1269,"Tour en Velero Raquero, Descubre Valparaíso desde el Mar",https://www.tur.com/es/valparaiso-221/paseo-en-velero-raquero-30865-1269
City Tour Valparaiso y Viña del Mar con salida de Valparaìso o Viña del Mar,city-tour-local-valparaiso-vina-del-mar,3841,City Tour Valparaíso y Viña del Mar con Salida Local,https://www.tur.com/es/valparaiso-221/city-tour-local-valparaiso-vina-del-mar-3841
Observación de Aves en Parque Tricao desde Valparaiso,birdwatching-en-parque-tricao-30003,2058,Tour al Aviario del Parque Tricao desde Valparaíso y San Antonio,https://www.tur.com/es/valparaiso-221/birdwatching-en-parque-tricao-30003-2058
"Free tour Valparaíso a Pie: Colores, Sabores e Historias",free-tour-esencial-en-valparaiso-26853,1769,"Free tour Valparaíso a Pie: Colores, Sabores e Historias",https://www.tur.com/es/valparaiso-221/free-tour-esencial-en-valparaiso-26853-1769
"Tour Costero: Viña del Mar, Reñaca y Concón en un Recorrido Inolvidable",costa-pacifico-vina-del-mar-renaca-y-concon-25178,1989,"Tour Costero: Viña del Mar, Reñaca y Concón en un Recorrido Inolvidable",https://www.tur.com/es/valparaiso-221/costa-pacifico-vina-del-mar-renaca-y-concon-25178-1989
Tour por Viña del Mar y Valparaíso: Entre Playas y Cerros Icónicos,city-tour-clasico-vina-del-mar-y-valparaiso-25177,1982,Tour por Viña del Mar y Valparaíso: Entre Playas y Cerros Icónicos,https://www.tur.com/es/valparaiso-221/city-tour-clasico-vina-del-mar-y-valparaiso-25177-1982
Tour del Vino en el Valle de Casablanca: Degustación y Cultura Vitivinícola,valle-de-casablanca-vinos-de-calidad-mundial-25176,1287,Tour del Vino en el Valle de Casablanca desde Valparaíso,https://www.tur.com/es/valparaiso-221/valle-de-casablanca-vinos-de-calidad-mundial-25176-1287
Grafitis de Valparaíso: Un Recorrido por los Murales Más Iconicos,tour-grafitis-por-valparaiso-25179,1799,Grafitis de Valparaíso: Un Recorrido por los Murales Más Iconicos,https://www.tur.com/es/valparaiso-221/tour-grafitis-por-valparaiso-25179-1799
Navega en un Velero / Yate en Valparaíso: Aventura para Todos,tour-en-yate-por-valparaiso-y-vina-del-mar-1-1-32213,2181,Navega en un Velero en Valparaíso: Aventura para Todos,https://www.tur.com/es/valparaiso-221/tour-en-yate-por-valparaiso-y-vina-del-mar-1-1-32213-2181
Tour en Santo Domingo al Aviario y Jardines del Parque Tricao,tour-aviario-parque-tricao-y-san-antonio-31534,1308,Tour al Parque Tricao con acceso al Aviario desde San Antonio,https://www.tur.com/es/san-antonio-222/tour-aviario-parque-tricao-y-san-antonio-31534-1308
Cabalgatas en el Valle de Casablanca: Fundo Pitama,cabalgatas-1-1-27033,1227,Cabalgatas en el Valle de Casablanca: Fundo Pitama,https://www.tur.com/es/casablanca-223/cabalgatas-1-1-27033-1227
Ticket Diario Parque Bienestar Pitama en Casablanca,entrada-al-parque-3-27035,1293,Ticket Diario Parque Bienestar Pitama en Casablanca,https://www.tur.com/es/casablanca-223/entrada-al-parque-3-27035-1293
Experiencia Rural en la Granja Educativa del Valle de Casablanca,granja-educativa-27367,2024,Experiencia Rural en la Granja Educativa del Valle de Casablanca,https://www.tur.com/es/casablanca-223/granja-educativa-27367-2024
Tour de Vinos en Casablanca desde Santiago con Catas Guiadas,casablanca-wine-tasting-tour-31189,1938,Tour de Vinos en Casablanca desde Santiago con Catas Guiadas,https://www.tur.com/es/casablanca-223/casablanca-wine-tasting-tour-31189-1938
Tour Viñedos del Valle de Casablanca desde Valparaíso,casablanca-wine-tasting-tour-from-valparaiso-32526,2191,Tour Viñedos del Valle de Casablanca desde Valparaíso,https://www.tur.com/es/casablanca-223/casablanca-wine-tasting-tour-from-valparaiso-32526-2191
"Experiencia culinaria Drone Andes Pacific Ocean en Viña Casas del Bosque, Casablanca",cata-maridaje-casablanca-experiencia-culinaria-vina,1621,"Experiencia culinaria Drone Andes Pacific Ocean en Viña Casas del Bosque, Casablanca",https://www.tur.com/es/casablanca-223/cata-maridaje-casablanca-experiencia-culinaria-vina-1621
Tour de Vino en Casas del Bosque en Casablanca con Cata de Íconos,tour-vino-casablanca-casas-del-bosque-cata-vinos-icono-maridaje,1636,Tour de Vino en Casas del Bosque en Casablanca con Cata de Íconos,https://www.tur.com/es/casablanca-223/tour-vino-casablanca-casas-del-bosque-cata-vinos-icono-maridaje-1636
Tour y Degustación Privada en Viña Casas del Bosque con Selección de 5 Vinos,tour-privado-vina-casas-del-bosque-casablanca-cata-5-vinos-quesos,1588,Tour y Degustación Privada en Viña Casas del Bosque con Selección de 5 Vinos,https://www.tur.com/es/casablanca-223/tour-privado-vina-casas-del-bosque-casablanca-cata-5-vinos-quesos-1588
Premium Wine Tour en Viña Casas del Bosque con Cata de 5 Vinos,premium-wine-tour-casablanca-casas-del-bosque-cata-sensorial-5-vinos,1625,Premium Wine Tour en Viña Casas del Bosque con Cata de 5 Vinos,https://www.tur.com/es/casablanca-223/premium-wine-tour-casablanca-casas-del-bosque-cata-sensorial-5-vinos-1625
Cocina de 9 Tiempos y Tour en Viña Casas del Bosque,menu-degustacion-9-tiempos-maridaje-tour-vina-casas-del-bosque-casablanca,1642,"Menú degustación de 9 tiempos con maridaje y tour en Viña Casas del Bosque, Casablanca",https://www.tur.com/es/casablanca-223/menu-degustacion-9-tiempos-maridaje-tour-vina-casas-del-bosque-casablanca-1642
"Enólogo Por Un Día En Casas Del Bosque, En Casablanca Experiencia De Mezcla De Vinos",enologo-por-un-dia-casablanca-casas-del-bosque-mezcla-de-vinos,2121,"Enólogo por un día en Viña Casas del Bosque, Casablanca, con mezcla de vinos",https://www.tur.com/es/casablanca-223/enologo-por-un-dia-casablanca-casas-del-bosque-mezcla-de-vinos-2121
"Maridaje Pequeñas Cool Climate en Viña Casas del Bosque, Casablanca",drone-pequenas-cool-climate-32574,1470,"Maridaje Pequeñas Cool Climate en Viña Casas del Bosque, Casablanca",https://www.tur.com/es/casablanca-223/drone-pequenas-cool-climate-32574-1470
Degustación de Cervezas en Casablanca,tour-variedad-de-estilos-25211,1212,Degustación de Cervezas en Casablanca,https://www.tur.com/es/casablanca-223/tour-variedad-de-estilos-25211-1212
Tour Cervecero: Descubre las Cervezas de Guarda en Casablanca,tour-cervezas-de-guarda-25212,1238,Tour Cervecero: Descubre las Cervezas de Guarda en Casablanca,https://www.tur.com/es/casablanca-223/tour-cervezas-de-guarda-25212-1238
Procesos y Producción: Tour Cervecero en Casablanca,tour-procesos-y-produccion-de-cerveza-25189,1185,Procesos y Producción: Tour Cervecero en Casablanca,https://www.tur.com/es/casablanca-223/tour-procesos-y-produccion-de-cerveza-25189-1185
Tour Orgánico Gê en Viña Emiliana,tour-organico-vina-emiliana,1576,Tour Orgánico Gê en Viña Emiliana en Casablanca,https://www.tur.com/es/casablanca-223/tour-organico-vina-emiliana-1576
Viña Emiliana: Naturaleza y Sabores en un Picnic Único en Casablanca,picnic-vina-emiliana,2081,Casablanca: Picnic para 2 en Viña Emiliana,https://www.tur.com/es/casablanca-223/picnic-vina-emiliana-2081
Tour Orgánico de Jugos por la Viña Emiliana,tour-organico-jugos-25538,1540,Casablanca: Tour Orgánico de Jugos en Viña Emiliana,https://www.tur.com/es/casablanca-223/tour-organico-jugos-25538-1540
¡Haz tu propio vino en Viña Emiliana!,vina-emiliana-haz-tu-propio-vino,1775,Casablanca: Haz tu propio vino en Viña Emiliana,https://www.tur.com/es/casablanca-223/vina-emiliana-haz-tu-propio-vino-1775
Tour a Sewell desde Viña del Mar: Patrimonio y Minería en Altura,tour-regular-sewell,1557,Tour a Sewell desde Viña del Mar: Patrimonio y Minería en Altura,https://www.tur.com/es/rancagua-231/tour-regular-sewell-desde-rancagua-1694
Parque Ludiano by OUTLIFE: Ticket diario para MTB Análoga en Quillota,mtb-analoga-en-parque-ludiano-28656,1794,"Parque Ludiano by OUTLIFE: Ticket diario para MTB Análoga en Quillota, Chile",https://www.tur.com/es/vina-del-mar-224/mtb-analoga-en-parque-ludiano-28656-1794
Parque Ludiano by OUTLIFE: Ticket diario para trekking en Quillota,trekking-en-parque-ludiano-28658,1712,"Parque Ludiano by OUTLIFE: Ticket diario para trekking en Quillota, Chile",https://www.tur.com/es/vina-del-mar-224/trekking-en-parque-ludiano-28658-1712
Parque Ludiano by OUTLIFE: Vive la experiencia MTB Ebike en Quillota,mtb-ebike-en-parque-ludiano-28657,1389,"Parque Ludiano by OUTLIFE: Vive la experiencia MTB Ebike en Quillota, Chile",https://www.tur.com/es/vina-del-mar-224/mtb-ebike-en-parque-ludiano-28657-1389
Reserva Nacional Lago Peñuelas - Sendero Los Coipos ,reserva-nacional-lago-penuelas-sendero-los-coipos,3422,Entrada Reserva Nacional Lago Peñuelas - Sendero Los Coipos ,https://www.tur.com/es/vina-del-mar-224/reserva-nacional-lago-penuelas-sendero-los-coipos-3422
Free Walking Tour Viña del Mar,free-tour-museos-palacios-vina-del-mar,5018,Free tour por museos y palacios de Viña del Mar,https://www.tur.com/es/vina-del-mar-224/free-tour-museos-palacios-vina-del-mar-5018
"Vive la Aventura de un Atardecer a caballo en Terevaka, Rapa Nui",sunset-terevaka-25251,1760,"Cabalgata en Monte Terevaka, vive el mejor atardecer en Rapa Nui",https://www.tur.com/es/rapa-nui-225/sunset-terevaka-25251-1760
Tour privado en Rapa Nui: La famosa Ruta del Hombre Pájaro y sus Misterios,tour-half-day-orongo-25968,2107,Tour privado en Rapa Nui: La famosa Ruta del Hombre Pájaro y sus Misterios,https://www.tur.com/es/rapa-nui-225/tour-half-day-orongo-25968-2107
Tour Privado Full Day por los Moais Emblemáticos de Isla de Pascua,tour-full-day-ecos-de-un-pueblo-navegante-26199,2127,Tour Privado Full Day por los Moais Emblemáticos de Isla de Pascua,https://www.tur.com/es/rapa-nui-225/tour-full-day-ecos-de-un-pueblo-navegante-26199-2127
Tour Privado al Amanecer en Isla de Pascua: Experiencia Única Frente a los Moai,tour-amanecer-la-sombra-de-los-ancestros-26201,2115,Tour Privado al Amanecer en Isla de Pascua: Experiencia Única Frente a los Moai,https://www.tur.com/es/rapa-nui-225/tour-amanecer-la-sombra-de-los-ancestros-26201-2115
"Tour Privado por Rapa Nui: Descubre Puna Pau, Ahu Akivi y Ana te Pahu",tour-half-day-descubriendo-a-los-exploradores-una-aventura-subterranea-26198,1903,"Tour Privado por Rapa Nui: Descubre Puna Pau, Ahu Akivi y Ana te Pahu",https://www.tur.com/es/rapa-nui-225/tour-half-day-descubriendo-a-los-exploradores-una-aventura-subterranea-26198-1903
Tour privado en la Cima de Rapa Nui: Atardecer desde Maunga Terevaka,tour-puesta-de-sol-en-la-cima-de-rapa-nui-26202,1823,Tour privado en la Cima de Rapa Nui: Atardecer desde Maunga Terevaka,https://www.tur.com/es/rapa-nui-225/tour-puesta-de-sol-en-la-cima-de-rapa-nui-26202-1823
Full Day Tangata Manu: Tras los Pasos del Hombre-Pájaro y los Tesoros Arqueológicos de Rapa Nui,full-day-tangata-manu-27968,2149,Full Day Tangata Manu: Tras los Pasos del Hombre-Pájaro y los Tesoros Arqueológicos de Rapa Nui,https://www.tur.com/es/rapa-nui-225/full-day-tangata-manu-27968-2149
Full Day Hotu Matua: Un Viaje por los Orígenes y Misterios de Rapa Nui,full-day-hotu-matua-27917,2135,Full Day Hotu Matua: Un Viaje por los Orígenes y Misterios de Rapa Nui,https://www.tur.com/es/rapa-nui-225/full-day-hotu-matua-27917-2135
Amanecer en Ahu Tongariki: Despierta con los Moai de Rapa Nui,amanecer-ahu-tongariki-28855,2014,Tour privado al amanecer con los Moai de Rapa Nui en Ahu Tongariki,https://www.tur.com/es/rapa-nui-225/amanecer-ahu-tongariki-28855-2014
Explorando los Secretos de Rapa Nui: Tour Completo de 2 Días,programa-rapa-nui-clasico-de-2-dias,2188,Rapa Nui: Tour Completo de 2 Días,https://www.tur.com/es/rapa-nui-225/programa-rapa-nui-clasico-de-2-dias-2188
Descubre Rapa Nui con un Tour Privado adaptado para Movilidad Reducida,programa-2-dias-inclusivo,1159,Rapa Nui: Tour Privado de 2 Días Adaptado a Personas con Movilidad Reducida,https://www.tur.com/es/rapa-nui-225/programa-2-dias-inclusivo-1159
Trekking en Ana Te Pahu: Explorando las Cuevas de Rapa Nui,trekking-cuevas-ana-te-pahu,1798,Trekking en Ana Te Pahu: Explorando las Cuevas de Rapa Nui,https://www.tur.com/es/rapa-nui-225/trekking-cuevas-ana-te-pahu-1798
"La Leyenda del Hombre Pájaro: Tour a Rano Kau, Vinapu y Tahai  en Rapa Nui",la-leyenda-del-hombre-pajaro-25450,1851,"La Leyenda del Hombre Pájaro: Tour a Rano Kau, Vinapu y Tahai  en Rapa Nui",https://www.tur.com/es/rapa-nui-225/la-leyenda-del-hombre-pajaro-25450-1851
Tesoros Arqueológicos y del Cielo en Rapa Nui: Moai y Más,mirando-las-estrellas-25451,1484,Tesoros Arqueológicos y del Cielo en Rapa Nui: Moai y Más,https://www.tur.com/es/rapa-nui-225/mirando-las-estrellas-25451-1484
Rapa Nui: Un viaje a través de la historia de los moai y la cultura polinesia,la-llegada-de-hotu-matua-25283,2168,Rapa Nui: Un viaje a través de la historia de los moai y la cultura polinesia,https://www.tur.com/es/rapa-nui-225/la-llegada-de-hotu-matua-25283-2168
Experiencia de Trekking en Rapa Nui: La Última Luz en Vai a Tare,trekking-vai-a-tare-la-ultima-luz-32242,1337,Experiencia de Trekking en Rapa Nui: La Última Luz en Vai a Tare,https://www.tur.com/es/rapa-nui-225/trekking-vai-a-tare-la-ultima-luz-32242-1337
Ruta de los Moai: Excursión de Día Completo,full-day-tour-1-27071,1852,Ruta de los Moai: Excursión de Día Completo,https://www.tur.com/es/rapa-nui-225/full-day-tour-1-27071-1852
Trekking Costa Norte en Rapa Nui: El Camino Perdido,trekking-costa-norte-el-camino-perdido-de-rapa-nui-32127,1803,Trekking Costa Norte en Rapa Nui: El Camino Perdido,https://www.tur.com/es/rapa-nui-225/trekking-costa-norte-el-camino-perdido-de-rapa-nui-32127-1803
Trekking Poike en Rapa Nui Cueva Ana O Keke y leyenda Uka Neru,trekking-poike-la-cueva-de-las-virgenes-32126,1507,Trekking Poike en Rapa Nui Cueva Ana O Keke y leyenda Uka Neru,https://www.tur.com/es/rapa-nui-225/trekking-poike-la-cueva-de-las-virgenes-32126-1507
Tour Mediodía en Rapa Nui: El Origen de la Cultura en la Isla,mediodia-el-origen-de-rapa-nui-32112,1446,Tour Mediodía en Rapa Nui: El Origen de la Cultura en la Isla,https://www.tur.com/es/rapa-nui-225/mediodia-el-origen-de-rapa-nui-32112-1446
Traslado / Transfer Hotel – Aeropuerto Rapa Nui con collar de despedida,traslado-hotel-aeropuerto-32257,1356,Traslado / Transfer Hotel – Aeropuerto Rapa Nui con collar de despedida,https://www.tur.com/es/rapa-nui-225/traslado-hotel-aeropuerto-32257-1356
Traslado / Transfer Aeropuerto – Hotel con City Tour de Bienvenida en Rapa Nui,traslado-aeropuerto-hotel-2-32258,1257,Traslado / Transfer Aeropuerto – Hotel con City Tour de Bienvenida en Rapa Nui,https://www.tur.com/es/rapa-nui-225/traslado-aeropuerto-hotel-2-32258-1257
Amanecer en Ahu Tongariki: El Despertar del Moai en Rapa Nui,mediodia-el-despertar-del-moai-32125,1824,Amanecer en Ahu Tongariki: El Despertar del Moai en Rapa Nui,https://www.tur.com/es/rapa-nui-225/mediodia-el-despertar-del-moai-32125-1824
Tour Mediodía en Rapa Nui: La Leyenda del Hombre Pájaro,mediodia-la-leyenda-del-hombre-pajaro-32124,1502,Tour Mediodía en Rapa Nui: La Leyenda del Hombre Pájaro,https://www.tur.com/es/rapa-nui-225/mediodia-la-leyenda-del-hombre-pajaro-32124-1502
Snorkel en el Arrecife de Coral desde la Playa Ovahe o Anakena – Rapa Nui,easter-island-snorkel-on-coral-reef-32576,1654,Snorkel en el Arrecife de Coral en Playa Ovahe o Anakena,https://www.tur.com/es/rapa-nui-225/easter-island-snorkel-on-coral-reef-32576-1654
Experiencia cultural en Rapa Nui: crea tu propio moai de madera,easter-island-how-to-carve-a-moai-32604,1550,Experiencia cultural en Rapa Nui: crea tu propio moai de madera,https://www.tur.com/es/rapa-nui-225/easter-island-how-to-carve-a-moai-32604-1550
Entrada Parque Nacional Rapa Nui,parque-nacional-rapa-nui,4,Entrada Parque Nacional Rapa Nui,https://www.tur.com/es/rapa-nui-225/parque-nacional-rapa-nui-4
Navega al Atardecer: Un Paseo Inolvidable en Rapa Nui,navegacion-atardecer-rapa-nui,1634,Navegación al Atardecer en Rapa Nui,https://www.tur.com/es/rapa-nui-225/navegacion-atardecer-rapa-nui-1634
Conquista el Océano: Clase de Apnea y Pesca Submarina en Rapa Nui,clase-de-apnea-y-caza-submarina-rapa-nui,2016,Clase de Apnea y Pesca Submarina en Rapa Nui,https://www.tur.com/es/rapa-nui-225/clase-de-apnea-y-caza-submarina-rapa-nui-2016
Snorkeling en Hanga Roa: Encuentro Mágico con la Fauna Coralina,snorkel-rapa-nui,1964,Rapa Nui: Snorkeling en Hanga Roa,https://www.tur.com/es/rapa-nui-225/snorkel-rapa-nui-1964
"Pesca Deportiva en Rapa Nui: Atún, Mahi Mahi y Más en Alta Mar",pesca-alta-mar-rapa-nui,1904,"Rapa Nui: Pesca Deportiva de Atún, Mahi Mahi y más en Alta Mar",https://www.tur.com/es/rapa-nui-225/pesca-alta-mar-rapa-nui-1904
Clases de buceo en Rapa Nui,buceo-para-principiantes-rapa-nui,1949,Clases de buceo en Rapa Nui sin certificación,https://www.tur.com/es/rapa-nui-225/buceo-para-principiantes-rapa-nui-1949
Navegación a los Motu y místico snorkel en Rapa Nui,navegacion-motu-snorkel,2064,Navegación a los Motu y snorkel en Rapa Nui,https://www.tur.com/es/rapa-nui-225/navegacion-motu-snorkel-2064
Buceo en el mundo submarino de Rapa Nui para buzos Certificados,buceo-recreativo-para-certificados-rapa-nui,1191,Buceo para Buzos Certificados en Rapa Nui,https://www.tur.com/es/rapa-nui-225/buceo-recreativo-para-certificados-rapa-nui-1191
Tour de pesca recreativa en Rapa Nui y captura deportiva,rapa-nui-sportfishing-28522,2151,Tour de pesca recreativa en Rapa Nui y captura deportiva,https://www.tur.com/es/rapa-nui-225/rapa-nui-sportfishing-28522-2151
Atardecer desde el Mar en Rapa Nui: Tour Escénico en Bote,atardecer-desde-el-mar-29707,1252,Atardecer desde el Mar en Rapa Nui: Tour Escénico en Bote,https://www.tur.com/es/rapa-nui-225/atardecer-desde-el-mar-29707-1252
Snorkeling en los Motu de Rapa Nui,snorkeling-en-rapa-nui-29708,1658,Snorkeling en los Motu de Rapa Nui,https://www.tur.com/es/rapa-nui-225/snorkeling-en-rapa-nui-29708-1658
Expedición a la Isla Robinson Crusoe por la Ruta de la Langosta,la-ruta-de-la-langosta-32790,2159,Expedición a la Isla Robinson Crusoe por la Ruta de la Langosta,https://www.tur.com/es/isla-robinson-crusoe-226/la-ruta-de-la-langosta-32790-2159
Experiencia de Buceo para Principiantes en Isla Robinson Crusoe,discover-scuba-diving-50-31643,2141,Experiencia de Buceo para Principiantes en Isla Robinson Crusoe,https://www.tur.com/es/isla-robinson-crusoe-226/discover-scuba-diving-50-31643-2141
Nado Guiado con Lobos Finos de Dos Pelos en Isla Robinson Crusoe,nado-con-lobos-finos-de-dos-pelos-31645,1538,Nado Guiado con Lobos Finos de Dos Pelos en Isla Robinson Crusoe,https://www.tur.com/es/isla-robinson-crusoe-226/nado-con-lobos-finos-de-dos-pelos-31645-1538
Freediving en Robinson Crusoe: Buceo en Apnea para Todos,freediving-31644,1268,Freediving en Robinson Crusoe: Buceo en Apnea para Todos,https://www.tur.com/es/isla-robinson-crusoe-226/freediving-31644-1268
Expedición de Buceo Doble en Isla Robinson Crusoe: Exploración y Aventura,expedicion-submarina-doble-31647,1373,Expedición de Buceo Doble en Isla Robinson Crusoe: Exploración y Aventura,https://www.tur.com/es/isla-robinson-crusoe-226/expedicion-submarina-doble-31647-1373
Expedición Submarina Nocturna en Isla Robinson Crusoe,expedicion-submarina-nocturna-31648,1590,Expedición Submarina Nocturna en Isla Robinson Crusoe,https://www.tur.com/es/isla-robinson-crusoe-226/expedicion-submarina-nocturna-31648-1590
PARQUE NACIONAL ARCHIPIELAGO JUAN FERNANDEZ,parque-nacional-archipielago-juan-fernandez,3405,Entrada Parque Nacional Archipiélago Juan Fernandez,https://www.tur.com/es/isla-robinson-crusoe-226/parque-nacional-archipielago-juan-fernandez-3405
Paintball en Cajón del Maipo: Aventura y Diversión al Aire Libre,paintball-cajon-del-maipo-28762,1454,Paintball en Cajón del Maipo: Aventura y Diversión al Aire Libre,https://www.tur.com/es/san-jose-de-maipo-227/paintball-cajon-del-maipo-28762-1454
Rafting en el Río Maipo: Aventura Acuática en Cajón del Maipo,rafting-cajon-del-maipo-28761,1417,Rafting en el Río Maipo: Aventura Acuática en Cajón del Maipo,https://www.tur.com/es/san-jose-de-maipo-227/rafting-cajon-del-maipo-28761-1417
Trekking a Laguna Negra desde Cajón del Maipo: Naturaleza y Aventura Andina,senderismo-meson-alto-1-2-28784,1925,Trekking a Laguna Negra desde Cajón del Maipo: Naturaleza y Aventura Andina,https://www.tur.com/es/san-jose-de-maipo-227/senderismo-meson-alto-1-2-28784-1925
Cabalgata a Laguna Negra: Paisajes Andinos y Tesoros Escondidos,senderismo-meson-alto-1-1-1-1-1-28786,1969,Cabalgata a Laguna Negra: Paisajes Andinos y Tesoros Escondidos,https://www.tur.com/es/san-jose-de-maipo-227/senderismo-meson-alto-1-1-1-1-1-28786-1969
"Yoga y Escalada en el Cajón del Maipo: Aventura, bienestar y desconexión",yoga-y-escalada-en-roca-27357,2031,"Yoga y Escalada en el Cajón del Maipo: Aventura, bienestar y desconexión",https://www.tur.com/es/san-jose-de-maipo-227/yoga-y-escalada-en-roca-27357-2031
"Trekking a las Cuevas del Manzano, Cajón del Maipo",trekking-cuevas-del-manzano-24800,1681,"Trekking a las Cuevas del Manzano, Cajón del Maipo",https://www.tur.com/es/san-jose-de-maipo-227/trekking-cuevas-del-manzano-24800-1681
Escalada en Roca en El Manzano: Aventura Guiada en el Cajón del Maipo,experiencia-de-escalada-en-roca-24885,1461,Escalada en Roca en El Manzano: Aventura Guiada en el Cajón del Maipo,https://www.tur.com/es/san-jose-de-maipo-227/experiencia-de-escalada-en-roca-24885-1461
Expedición de 3 días al Refugio Tupungato con caballos de apoyo y guías certificados desde Santiago,trekking-refugio-tupungato-32439,2130,Expedición de 4 días al Refugio Tupungato con caballos de apoyo desde Santiago,https://www.tur.com/es/san-jose-de-maipo-227/trekking-refugio-tupungato-32439-2130
Full Day de escalada en roca en los Andes con guía y transporte incluidos,full-day-escalada-en-roca-cerca-de-santiago-30623,1846,Full Day de escalada en roca en los Andes con guía y transporte incluidos,https://www.tur.com/es/san-jose-de-maipo-227/full-day-escalada-en-roca-cerca-de-santiago-30623-1846
Full Day al Volcán San José con Termas y Senderismo,explora-el-volcan-san-jose-senderismo-y-termas-naturales-en-un-dia-desde-santiago-30685,1929,Full Day al Volcán San José con Termas y Senderismo,https://www.tur.com/es/san-jose-de-maipo-227/explora-el-volcan-san-jose-senderismo-y-termas-naturales-en-un-dia-desde-santiago-30685-1929
Arriendo de Bicicletas en el Cajón del Maipo: Explora a tu Ritmo,arriendo-de-bicicletas-25343,2047,Arriendo de Bicicletas en el Cajón del Maipo: Explora a tu Ritmo,https://www.tur.com/es/san-jose-de-maipo-227/arriendo-de-bicicletas-25343-2047
Caminata por la Cordillera: Explora La Piedra del Búho y su Patrimonio Natural,senderismo-la-piedra-del-buho-25123,2048,"Caminata por la Cordillera en el Cajón del Maipo: Explora la Piedra del Búho, su flora y fauna",https://www.tur.com/es/san-jose-de-maipo-227/senderismo-la-piedra-del-buho-25123-2048
Adrenalina Pura: Tirolesa en el Cajón del Maipo,tirolesa-canopy-25342,1993,Adrenalina Pura: Tirolesa en el Cajón del Maipo,https://www.tur.com/es/san-jose-de-maipo-227/tirolesa-canopy-25342-1993
Aventura de Trekking en Cajón del Maipo por el Bosque de los Brujos,trekking-bosque-los-brujos-31968,1177,Cajón del Maipo: trekking por el Bosque de los Brujos,https://www.tur.com/es/san-jose-de-maipo-227/trekking-bosque-los-brujos-31968-1177
Rafting en Cajón del Maipo: Naturaleza y Diversión,rafting-cajon-del-maipo-1-31414,2097,Rafting en Cajón del Maipo: Naturaleza y Diversión,https://www.tur.com/es/san-jose-de-maipo-227/rafting-cajon-del-maipo-1-31414-2097
Descubre la Adrenalina del Rafting en el Cajón del Maipo,rafting-5-24938,1968,Descubre la Adrenalina del Rafting en el Cajón del Maipo,https://www.tur.com/es/san-jose-de-maipo-227/rafting-5-24938-1968
Trekking con Raquetas en Cajón del Maipo: Aventura Invernal Única,trekking-con-raquetas-2-30702,1210,Trekking en nieve con raquetas en Cajón del Maipo: Aventura Invernal Única,No encontrada
Tour Astronómico en el Cajón del Maipo: Observa Estrellas y Constelaciones,tour-astronomico-6-25337,2162,Tour Astronómico con fotografías en el Cajón del Maipo,https://www.tur.com/es/san-jose-de-maipo-227/tour-astronomico-6-25337-2162
Tour a Portillo y Laguna del Inca desde Santiago,portillo-laguna-del-inca-30213,2034,Tour a Portillo y Laguna del Inca desde Santiago,https://www.tur.com/es/san-jose-de-maipo-227/portillo-laguna-del-inca-30213-2034
Parque Arenas: Exploración y Aventura en la Cordillera,parque-arenas-28112,1541,Entrada Parque Arenas,https://www.tur.com/es/san-jose-de-maipo-227/parque-arenas-28112-1541
MONUMENTO NATURAL EL MORADO,monumento-natural-el-morado,3433,Entrada Monumento Natural El Morado,https://www.tur.com/es/san-jose-de-maipo-227/monumento-natural-el-morado-3433
Rafting en el Río Maipo: Aventura Extrema en el Cajón del Maipo,rafting-rio-maipo-24823,1504,Rafting en el Río Maipo: Aventura Extrema en el Cajón del Maipo,https://www.tur.com/es/san-jose-de-maipo-227/rafting-rio-maipo-24823-1504
Cajon del Maipo Termas Colinas,tour-termas-valle-colina-cajon-del-maipo,3748,Excursión a Termas Valle de Colina y Cajón del Maipo desde Santiago,https://www.tur.com/es/san-jose-de-maipo-227/tour-termas-valle-colina-cajon-del-maipo-3748
Cascadas y Termas: Dos Días de Belleza Natural en el Parque 7 Tazas,parque-nacional-7-tazas-cascada-invertida-y-termas-del-medano-25802,1429,Cascadas y Termas: Dos Días de Belleza Natural en el Parque 7 Tazas,https://www.tur.com/es/santiago-228/parque-nacional-7-tazas-cascada-invertida-y-termas-del-medano-25802-1429
Laguna del inca y Viña Sánchez de Loria,tour-laguna-del-inca-y-vinedos-del-aconcagua-desde-santiago,4936,Tour a la Laguna del Inca y Viña Sánchez de Loria desde Santiago,https://www.tur.com/es/santiago-228/tour-laguna-del-inca-y-vinedos-del-aconcagua-desde-santiago-4936
"Explorando la Costa, la Artesanía y el Vino: Quisco, Pomaire y Viña Undurraga",explorando-la-costa-la-artesania-y-el-vino-full-day-al-quisco-pomaire-y-vina-undurraga-25801,1478,"Tour a Isla Negra, Pomaire y Viña Undurraga desde Santiago",https://www.tur.com/es/santiago-228/explorando-la-costa-la-artesania-y-el-vino-full-day-al-quisco-pomaire-y-vina-undurraga-25801-1478
"Tour Cajón del Maipo: San José, Túnel Tinoco y Mirador del Río Yeso",cajon-del-maipo-4-25851,1988,"Tour Cajón del Maipo: San José, Túnel Tinoco y Mirador del Río Yeso",https://www.tur.com/es/santiago-228/cajon-del-maipo-4-25851-1988
Aventura Invernal en Farellones: Tour con Transporte,farellones-1-25798,2053,Aventura Invernal en Farellones: Tour con Transporte,https://www.tur.com/es/santiago-228/farellones-1-25798-2053
"Trekking en el Cajón del Maipo: Glaciar Colgante El Morado, Laguna Esmeralda y Glaciar Cortaderas",trekking-3-en-1-glaciar-colgante-el-morado-laguna-esmeralda-y-glaciar-cortaderas-25942,1795,"Trekking en el Cajón del Maipo: Glaciar Colgante El Morado, Laguna Esmeralda y Glaciar Cortaderas",https://www.tur.com/es/santiago-228/trekking-3-en-1-glaciar-colgante-el-morado-laguna-esmeralda-y-glaciar-cortaderas-25942-1795
Cumbre del Cerro El Plomo: Tres Días de Montañismo,expedicion-cerro-el-plomo,1643,Expedición de 3 días Cumbre del Cerro El Plomo ,https://www.tur.com/es/santiago-228/expedicion-cerro-el-plomo-1643
Trekking Morro Buitreros (2108 msnm) y Cerro San Roque (2304 msnm) en Cajón del Maipo,trekking-morro-buitreros-2108-msnm-y-cerro-san-roque-2304-msnm-25943,1644,Trekking Morro Buitreros y Cerro San Roque en Cajón del Maipo,https://www.tur.com/es/santiago-228/trekking-morro-buitreros-2108-msnm-y-cerro-san-roque-2304-msnm-25943-1644
Aventura en la Sierra de Ramón: 3 Días de Trekking en la Cordillera,travesia-sierra-de-ramon-invernal-26060,2045,Aventura en la Sierra de Ramón: 3 Días de Trekking en la Cordillera,https://www.tur.com/es/santiago-228/travesia-sierra-de-ramon-invernal-26060-2045
Escalada en Roca en el Cajón del Maipo,escalada-en-roca-los-manyos-cajon-del-maipo-26059,1848,Escalada en Roca en el Cajón del Maipo desde Santiago,https://www.tur.com/es/santiago-228/escalada-en-roca-los-manyos-cajon-del-maipo-26059-1848
"Mountain Tour: Trekking Embalse El Yeso, Laguna de Los Patos y Termas del Plomo",mountain-tourtrekking-embalse-el-yeso-laguna-de-los-patos-y-termas-del-plomo-26062,2044,"Trekking Embalse El Yeso, Laguna de Los Patos y Termas del Plomo desde Santiago",https://www.tur.com/es/santiago-228/mountain-tourtrekking-embalse-el-yeso-laguna-de-los-patos-y-termas-del-plomo-26062-2044
Trekking al Base Camp Federación: La Puerta al Cerro El Plomo,trekking-base-camp-federacion-4100-msnm-cerro-el-plomo-25944,2050,Trekking al Base Camp Federación: La Puerta al Cerro El Plomo,https://www.tur.com/es/santiago-228/trekking-base-camp-federacion-4100-msnm-cerro-el-plomo-25944-2050
Expedición al Volcán San José: 4 días de aventura a 5.856 msnm,expedicion-volcan-san-jose-5856-msnm-26058,1638,Expedición de 4 días al Volcán San José desde Santiago,https://www.tur.com/es/santiago-228/expedicion-volcan-san-jose-5856-msnm-26058-1638
Cerro Pintor 4180 msnm: Trekking de Altura con Vistas Espectaculares,trekking-cerro-pintor-4180-msnm-25842,2023,Trekking Cerro Pintor desde Santiago,https://www.tur.com/es/santiago-228/trekking-cerro-pintor-4180-msnm-25842-2023
Ticket Farellones,ticket-centro-ski-farellones,5279,Entrada Centro de Montaña Farellones,https://www.tur.com/es/santiago-228/ticket-centro-ski-farellones-5279
Ticket El Colorado,ticket-centro-ski-el-colorado,2132,Ticket Diario Centro de Montaña El Colorado,https://www.tur.com/es/santiago-228/ticket-centro-ski-el-colorado-2132
Escalada en Roca en Santiago: Vive la Magia de los Andes,escalada-en-roca-santiago-30342,1480,Escalada en Roca en Santiago: Vive la Magia de los Andes,https://www.tur.com/es/santiago-228/escalada-en-roca-santiago-30342-1480
Ski guiado en Santiago con ticket y transporte privado incluidos,ski-snowboard-guiado-en-santiago-30721,1858,Ski guiado en Santiago con ticket y transporte privado incluidos,https://www.tur.com/es/santiago-228/ski-snowboard-guiado-en-santiago-30721-1858
Entrada a Parque Las Hualtatas,entrada-a-parque-las-hualtatas,1839,Entrada a Parque Las Hualtatas,https://www.tur.com/es/santiago-228/entrada-a-parque-las-hualtatas-1839
Trekking Nocturno en Parque Cantalao para Toda la Familia,trekking-nocturno-parque-cantalao-31419,2198,Trekking Nocturno en Parque Cantalao,https://www.tur.com/es/santiago-228/trekking-nocturno-parque-cantalao-31419-2198
Trekking al Mirador Caletones en Parque Santa Elena,trekking-parque-santa-elena-31417,1568,Trekking al Mirador Caletones en Parque Santa Elena,https://www.tur.com/es/santiago-228/trekking-parque-santa-elena-31417-1568
Entrada a Parque San Carlos de Apoquindo,entrada-a-parque-san-carlos-de-apoquindo,1845,Entrada a Parque San Carlos de Apoquindo,https://www.tur.com/es/santiago-228/entrada-a-parque-san-carlos-de-apoquindo-1845
Participa en la Competencia MTB en Parque La Plaza,concurso-la-plaza-bike-park-31565,2025,Participa en la Competencia MTB en Parque La Plaza,https://www.tur.com/es/santiago-228/concurso-la-plaza-bike-park-31565-2025
Entrada a Parque Aguas de Ramón,entrada-a-parque-aguas-de-ramon,1723,Entrada a Parque Aguas de Ramón,https://www.tur.com/es/santiago-228/entrada-a-parque-aguas-de-ramon-1723
Trekking Nocturno al Morro Las Papas en Parque Bulnes Correa,trekking-nocturno-parque-bulnes-correa-31421,2197,Trekking Nocturno al Morro Las Papas en Parque Bulnes Correa,https://www.tur.com/es/santiago-228/trekking-nocturno-parque-bulnes-correa-31421-2197
Entrada a Parque la Plaza,entrada-a-parque-la-plaza,1893,Entrada a Parque la Plaza ,https://www.tur.com/es/santiago-228/entrada-a-parque-la-plaza-1893
Funga de Parque Cordillera: Micófilos en Ruta,trekking-parque-cantalao-cordillera-fungi,4818,Funga de Parque Cordillera: Micófilos en Ruta,https://www.tur.com/es/santiago-228/trekking-parque-cantalao-cordillera-fungi-4818
Parque La Plaza Bike Park,parque-la-plaza-bike-park,4975,Entrada Parque La Plaza Bike Park,https://www.tur.com/es/santiago-228/parque-la-plaza-bike-park-4975
Club de senderismo Parque Cordillera,club-senderismo-parque-cordillera-chile,3880,Membresía en el Club de senderismo en Parque Cordillera ,https://www.tur.com/es/santiago-228/club-senderismo-parque-cordillera-chile-3880
Trekking Nocturno El Maqui en Parque Las Hualtatas,trekking-nocturno-parque-las-hualtatas-31418,1321,Trekking Nocturno El Maqui en Parque Las Hualtatas,https://www.tur.com/es/santiago-228/trekking-nocturno-parque-las-hualtatas-31418-1321
Entrada a Parque Bulnes Correa,entrada-a-parque-bulnes-correa,2072,Entrada a Parque Bulnes Correa,https://www.tur.com/es/santiago-228/entrada-a-parque-bulnes-correa-2072
"Trekking Nocturno en Los Peumos, Parque Aguas de Ramón",trekking-nocturno-parque-aguas-de-ramon-31416,1785,"Trekking Nocturno en Los Peumos, Parque Aguas de Ramón",https://www.tur.com/es/santiago-228/trekking-nocturno-parque-aguas-de-ramon-31416-1785
Trekking Nocturno Morro las Papas en Parque La Plaza Sur,trekking-morro-las-papas-parque-la-plaza-sur,4761,Trekking Nocturno Morro las Papas en Parque La Plaza Sur,https://www.tur.com/es/santiago-228/trekking-morro-las-papas-parque-la-plaza-sur-4761
Tirolesa en Parque Cantalao: Aventura en Santiago,tirolesa-parque-cantalao-31841,2092,Tirolesa en Parque Cantalao: Aventura en Santiago,https://www.tur.com/es/santiago-228/tirolesa-parque-cantalao-31841-2092
Membresía Red de Parques Cordillera – Acceso ilimitado por 6 meses,membresia-red-parques,1282,Membresía Red de Parques Cordillera – Acceso ilimitado por 6 meses,https://www.tur.com/es/santiago-228/membresia-red-parques-1282
Entrada a Parque Cantalao,entrada-a-parque-cantalao,1990,Entrada a Parque Cantalao,https://www.tur.com/es/santiago-228/entrada-a-parque-cantalao-1990
Entrada a Parque Puente Ñilhue,parque-puente-nilhue,2069,Entrada a Parque Puente Ñilhue,https://www.tur.com/es/santiago-228/parque-puente-nilhue-2069
Trekking Nocturno al Mirador de la Roca en San Carlos de Apoquindo,trekking-nocturno-mirador-de-la-roca,1350,Trekking Nocturno al Mirador de la Roca en San Carlos de Apoquindo,https://www.tur.com/es/santiago-228/trekking-nocturno-mirador-de-la-roca-1350
Expedición al Cerro El Plomo: Vive la Aventura de Alta Montaña,expedicion-cerro-apu-el-plomo-4-dias-28353,1905,Expedición al Cerro El Plomo: Vive la Aventura de Alta Montaña,https://www.tur.com/es/santiago-228/expedicion-cerro-apu-el-plomo-4-dias-28353-1905
Parque Acuático Aviva en Santiago: Experiencia Full con Piscina con Olas,parque-acuatico-aviva-32823,2210,Parque Acuático Aviva en Santiago: Experiencia Full con Piscina con Olas,https://www.tur.com/es/santiago-228/parque-acuatico-aviva-32823-2210
Entrada Parque Aviva,entrada-parque-acuatico-aviva,3007,Entrada al Parque Acuático Aviva Santiago con Piscina de Olas,https://www.tur.com/es/santiago-228/entrada-parque-acuatico-aviva-3007
Full Day Cajón del Maipo: Termas de Colina + Picnic,full-day-cajon-del-maipo-termas-de-colina-picnic-32688,1442,Full Day Cajón del Maipo: Termas de Colina y Picnic,https://www.tur.com/es/santiago-228/full-day-cajon-del-maipo-termas-de-colina-picnic-32688-1442
Tour de Vinos Cellar Collection en Santiago,experiencia-cellar-collection-by-concha-y-toro-33006,2208,Tour de Vinos Cellar Collection en Santiago,https://www.tur.com/es/santiago-228/experiencia-cellar-collection-by-concha-y-toro-33006-2208
Tour Embalse El Yeso y Termas de Colina con Picnic,full-day-cajon-del-maipo-embalse-el-yeso-termas-de-colina-picnic-32538,1213,Tour Embalse El Yeso y Termas de Colina con Picnic,https://www.tur.com/es/santiago-228/full-day-cajon-del-maipo-embalse-el-yeso-termas-de-colina-picnic-32538-1213
"Tour Full Day Papudo y Zapallar: Lancha, Pingüinos de Humboldt y Cabalgata",tour-full-day-papudo-y-zapallar-pinguinos-de-humbold-cabalgata-32689,2209,Tour Full Day Zapallar y Papudo con cabalgata desde Santiago,https://www.tur.com/es/santiago-228/tour-full-day-papudo-y-zapallar-pinguinos-de-humbold-cabalgata-32689-2209
"Valparaíso y Viña del Mar en un Día: Cultura, Mar y Patrimonio",tour-full-day-vina-del-mar-y-valparaiso-31268,2200,"Valparaíso y Viña del Mar en un Día: Cultura, Mar y Patrimonio",https://www.tur.com/es/santiago-228/tour-full-day-vina-del-mar-y-valparaiso-31268-2200
Full Day Cajón del Maipo: Embalse El Yeso y Picnic,full-day-cajon-del-maipo-embalse-el-yeso-picnic-32539,1427,Full Day Cajón del Maipo: Embalse El Yeso y Picnic,https://www.tur.com/es/santiago-228/full-day-cajon-del-maipo-embalse-el-yeso-picnic-32539-1427
Tour Cajón del Maipo y Embalse el Yeso desde Santiago – Naturaleza y Cultura,embalse-del-yeso-29598,1601,Tour Cajón del Maipo y Embalse el Yeso desde Santiago: Naturaleza y Cultural,https://www.tur.com/es/santiago-228/embalse-del-yeso-29598-1601
Walking City Tour en Santiago: Historia y Cultura a Pie,walking-city-tour-29599,1860,Walking City Tour en Santiago: Historia y Cultura a Pie,https://www.tur.com/es/santiago-228/walking-city-tour-29599-1860
Excursión a la Cordillera de los Andes: Portillo y Laguna del Inca,portillo-y-laguna-del-inca-31100,2184,Excursión a la Cordillera de los Andes: Portillo y Laguna del Inca,https://www.tur.com/es/santiago-228/portillo-y-laguna-del-inca-31100-2184
Visita guiada a Viña del Mar y Valparaíso desde Santiago,vina-del-mar-y-valparaiso-29595,1679,Visita guiada a Valparaíso y Viña del Mar desde Santiago,https://www.tur.com/es/santiago-228/vina-del-mar-y-valparaiso-29595-1679
Cabalgata en Mesón Alto: Vistas Privilegiadas al Embalse El Yeso,senderismo-meson-alto-1-1-1-1-28785,1955,Cabalgata en Mesón Alto: Vistas Privilegiadas al Embalse El Yeso,https://www.tur.com/es/santiago-228/senderismo-meson-alto-1-1-1-1-28785-1955
Trekking panorámico en Cajón del Maipo: Glaciar Mesón Alto,senderismo-meson-alto-3-28572,1410,Trekking panorámico en Cajón del Maipo: Glaciar Mesón Alto,https://www.tur.com/es/santiago-228/senderismo-meson-alto-3-28572-1410
Visita Guiada Premium + Tasting The New Wines en Centro del Vino Concha y Toro,experiencia-the-new-wines-concha-y-toro-30635,2108,Visita Guiada Premium + Tasting The New Wines en Centro del Vino Concha y Toro,https://www.tur.com/es/santiago-228/experiencia-the-new-wines-concha-y-toro-30635-2108
Visita Guiada Premium + Tasting y Maridaje Terrunyo en Centro del Vino Concha y Toro,experiencia-terrunyo-food-wine-30636,2112,Visita Guiada Premium + Tasting y Maridaje Terrunyo en Centro del Vino Concha y Toro,https://www.tur.com/es/santiago-228/experiencia-terrunyo-food-wine-30636-2112
Experiencia Nocturna Casillero del Diablo + Cena en Centro del Vino Concha y Toro,experiencia-nocturna-casillero-del-diablo-30637,1335,Experiencia Nocturna Casillero del Diablo + Cena en Centro del Vino Concha y Toro,https://www.tur.com/es/santiago-228/experiencia-nocturna-casillero-del-diablo-30637-1335
Visita Guiada Premium en Centro del Vino Concha y Toro,tour-premium-1-1-1-27666,1307,Visita Guiada Premium en Centro del Vino Concha y Toro,https://www.tur.com/es/santiago-228/tour-premium-1-1-1-27666-1307
Visita Guiada Premium + Tasting Marqués de Casa Concha en Centro del Vino Concha y Toro,experiencia-marques-de-casa-concha-27671,1311,Visita Guiada Premium + Tasting Marqués de Casa Concha en Centro del Vino Concha y Toro,https://www.tur.com/es/santiago-228/experiencia-marques-de-casa-concha-27671-1311
Visita Guiada Premium + Tasting Cellar Collection en Centro del Vino Concha y Toro,experiencia-cellar-collection-27696,1295,Visita Guiada Premium + Tasting Cellar Collection en Centro del Vino Concha y Toro,https://www.tur.com/es/santiago-228/experiencia-cellar-collection-27696-1295
Vuelo en Helicóptero por Santiago: Una Perspectiva Única de la Capital,santiago-sobre-el-aire-2-25182,1843,Vuelo en Helicóptero por Santiago: Una Perspectiva Única de la Capital,https://www.tur.com/es/santiago-228/santiago-sobre-el-aire-2-25182-1843
Vuelo en Helicóptero por la Alta Cordillera de los Andes: Descubre el Cordón Montañoso,santiago-sobre-el-aire-1-3-25713,1338,Vuelo en Helicóptero por la Alta Cordillera de los Andes: Descubre el Cordón Montañoso,https://www.tur.com/es/santiago-228/santiago-sobre-el-aire-1-3-25713-1338
Aventura Aérea: Vuelo en Helicóptero desde Santiago a la Costa del Pacífico,costa-del-pacifico-25852,2019,Aventura Aérea: Vuelo en Helicóptero desde Santiago a la Costa del Pacífico,https://www.tur.com/es/santiago-228/costa-del-pacifico-25852-2019
"Vuelo en Helicóptero por la Región de Valparaíso: Viña del Mar, Valparaíso y Reñaca",valparaiso-vina-del-mar-25853,1260,"Vuelo en Helicóptero por Viña del Mar, Valparaíso y Reñaca desde Santiago",https://www.tur.com/es/santiago-228/valparaiso-vina-del-mar-25853-1260
Vuelo en Helicóptero por Glaciares Andinos de la Cordillera de los Andes,santiago-sobre-el-aire-1-1-25712,1787,Vuelo en Helicóptero por Glaciares Andinos de la Cordillera de los Andes,https://www.tur.com/es/santiago-228/santiago-sobre-el-aire-1-1-25712-1787
Trekking en La Parva: Ascenso a dos cumbres de 4.000 m,full-day-trekking-de-montana-ascenso-a-2-cumbres-de-4000-metros-desde-santiago-30720,1531,Trekking en La Parva: Ascenso a dos cumbres de 4.000 m,https://www.tur.com/es/santiago-228/full-day-trekking-de-montana-ascenso-a-2-cumbres-de-4000-metros-desde-santiago-30720-1531
Tour a Sewell desde Santiago: Patrimonio Histórico Minero,tour-sewell-santiago,2193,Tour a Sewell desde Santiago: Patrimonio Histórico Minero,https://www.tur.com/es/santiago-228/tour-sewell-santiago-2193
 Tour en moto de nieve en el Cajón del Maipo,cuatrimoto-moto-nieve-cajon-del-maipo,5294,Tour invernal en cuatrimoto y moto de nieve en Cajón del Maipo,https://www.tur.com/es/santiago-228/cuatrimoto-moto-nieve-cajon-del-maipo-5294
"Experiencia La Montaña: Naturaleza, Cerveza y Gastronomía en el Valle del Maipo",experiencia-la-montana-27791,1608,"Experiencia La Montaña: Naturaleza, Cerveza y Gastronomía en el Valle del Maipo",https://www.tur.com/es/santiago-228/experiencia-la-montana-27791-1608
Experiencia Santuario El Ajila con Degustación de Cerveza Artesanal en Santiago,experiencia-santuario-lm-27789,1519,Experiencia Santuario El Ajila con Degustación de Cerveza Artesanal en Santiago,https://www.tur.com/es/santiago-228/experiencia-santuario-lm-27789-1519
Tour a Viña Undurraga con Degustación desde Santiago,vina-undurraga-desde-santiago,1413,Tour a Viña Undurraga con Degustación desde Santiago,https://www.tur.com/es/santiago-228/vina-undurraga-desde-santiago-1413
Acceso al Parque Farellones con ticket y actividades de nieve incluidas,parque-farellones-con-actividades-29929,1730,Acceso al Parque Farellones con ticket y actividades de nieve incluidas,https://www.tur.com/es/santiago-228/parque-farellones-con-actividades-29929-1730
"Traslado/Transfer a Centros de Nieve desde Santiago: Valle Nevado, Farellones o El Colorado",solo-traslado-nieve-29928,2106,"Traslado/Transfer a Centros de Nieve desde Santiago: Valle Nevado, Farellones o El Colorado",https://www.tur.com/es/santiago-228/solo-traslado-nieve-29928-2106
Parque Farellones con clases colectivas de esquí y equipo incluido,parque-farellones-con-clases-29930,2002,Parque Farellones con clases colectivas de esquí y equipo incluido,https://www.tur.com/es/santiago-228/parque-farellones-con-clases-29930-2002
Tour Andes Panorámico: Naturaleza y Altura en un Solo Día,andes-panoramico-29927,2103,Tour Andes Panorámico desde Santiago,https://www.tur.com/es/santiago-228/andes-panoramico-29927-2103
Tour Viña del Mar y Valparaíso desde Santiago,vina-del-mar-valparaiso-desde-santiago,2178,Tour Viña del Mar y Valparaíso desde Santiago,https://www.tur.com/es/santiago-228/vina-del-mar-valparaiso-desde-santiago-2178
"City Tour por Santiago: Historia, Cultura y Modernidad",city-tour-medio-dia-santiago,2066,City Tour de Medio día por Santiago,https://www.tur.com/es/santiago-228/city-tour-medio-dia-santiago-2066
Tour Viña Santa Rita: Historia y Vino en el Valle del Maipo,vina-santa-rita-desde-santiago,1242,Tour Viña Santa Rita desde Santiago,https://www.tur.com/es/santiago-228/vina-santa-rita-desde-santiago-1242
Transfer a Parque Farellones desde Santiago con parada para Ropa de Nieve,transfer-parque-farellones-30365,2098,Transfer a Parque Farellones desde Santiago con parada para Ropa de Nieve,https://www.tur.com/es/santiago-228/transfer-parque-farellones-30365-2098
Valparaiso y Viña del Mar,tour-valparaiso-vina-del-mar-desde-santiago,4744,Tour por Valparaíso y Viña del Mar desde Santiago con Guía Local,https://www.tur.com/es/santiago-228/tour-valparaiso-vina-del-mar-desde-santiago-4744
Tour al Embalse El Yeso desde Santiago: Naturaleza y Cordillera,embalse-el-yeso-desde-santiago,1300,Tour al Embalse El Yeso desde Santiago,https://www.tur.com/es/santiago-228/embalse-el-yeso-desde-santiago-1300
Termas en Cajón del Maipo: Relajo Natural en Altura,termas-de-colina-desde-santiago,1412,Termas de Colina en Cajón del Maipo desde Santiago,https://www.tur.com/es/santiago-228/termas-de-colina-desde-santiago-1412
Atardecer en Farellones: Picnic y Vista Panorámica en la Cordillera,puesta-de-sol-en-farellones,2129,Santiago: Atardecer en Farellones con Picnic,https://www.tur.com/es/santiago-228/puesta-de-sol-en-farellones-2129
Paseo Panorámico en Valle Nevado: Nieve y Cordillera,paseo-panoramico-valle-nervado-28780,1375,Paseo Panorámico en Valle Nevado: Nieve y Cordillera,https://www.tur.com/es/santiago-228/paseo-panoramico-valle-nervado-28780-1375
Parque OUTLIFE RKF El Durazno: Ticket diario para MTB y trekking en Lo Barnechea,rkf-el-durazno-28429,1603,Parque OUTLIFE RKF El Durazno: Ticket diario para MTB y trekking en Lo Barnechea,https://www.tur.com/es/santiago-228/rkf-el-durazno-28429-1603
Parque OUTLIFE Chamisero: Ticket diario para MTB y trekking en Colina,ticket-diario-para-mtb-o-trekking-outlife-chamisero-28497,1816,Parque OUTLIFE Chamisero: Ticket diario para MTB y trekking en Colina,https://www.tur.com/es/santiago-228/ticket-diario-para-mtb-o-trekking-outlife-chamisero-28497-1816
Transporte privado y guía desde Santiago a Portillo,full-day-portillo-1-29960,1961,Transporte privado y guía desde Santiago a Portillo,https://www.tur.com/es/santiago-228/full-day-portillo-1-29960-1961
Transporte Privado y guía desde Santiago hacia Valle Nevado,full-day-valle-nevado-29961,1619,Transporte Privado y guía desde Santiago hacia Valle Nevado,https://www.tur.com/es/santiago-228/full-day-valle-nevado-29961-1619
"Tour Valle de Colchagua: Viñedos, Vino y Tradición",full-day-valle-de-colchagua-29522,1977,Tour al Valle de Colchagua en tu Viña favorita desde Santiago,https://www.tur.com/es/santiago-228/full-day-valle-de-colchagua-29522-1977
Full Day El Colorado con Transporte Privado desde Santiago,full-day-el-colorado-29957,1573,Full Day El Colorado con Transporte Privado desde Santiago,https://www.tur.com/es/santiago-228/full-day-el-colorado-29957-1573
Transporte privado y guía desde Santiago a La Parva,full-day-la-parva-29959,1945,Transporte privado y guía desde Santiago a La Parva,https://www.tur.com/es/santiago-228/full-day-la-parva-29959-1945
Full Day al Valle de Casablanca: Viña y Degustación con Transporte Privado,fulldayvalledecasablanca29518,1820,Full Day al Valle de Casablanca: Viña y Degustación con Transporte Privado,https://www.tur.com/es/santiago-228/fulldayvalledecasablanca29518-1820
Full Day Parque Farellones: Nieve y Diversión para Toda la Familia,full-day-farellones-29958,1981,Full Day Parque Farellones: Nieve y Diversión para Toda la Familia,https://www.tur.com/es/santiago-228/full-day-farellones-29958-1981
Ascenso al Cerro Leonera: Aventura y Campamento en las Alturas,cerro-leonera-25447,2036,Ascenso al Cerro Leonera: Aventura y Campamento en las Alturas,https://www.tur.com/es/santiago-228/cerro-leonera-25447-2036
Trekking a Cerro Provincia,cerro-provincia-1-1-25446,2158,Trekking a Cerro Provincia,https://www.tur.com/es/santiago-228/cerro-provincia-1-1-25446-2158
Trekking al Glaciar el Morado: Naturaleza Salvaje en Cajón del Maipo,glaciar-el-morado-25445,1750,Trekking al Glaciar el Morado: Naturaleza Salvaje en Cajón del Maipo,https://www.tur.com/es/santiago-228/glaciar-el-morado-25445-1750
Trekking al Cerro Pintor: Colores y Vistas Inigualables a Más de 4000 msnm,cerro-pintor-1-1-1-25137,2052,Trekking al Cerro Pintor: Colores y Vistas Inigualables a Más de 4000 msnm,https://www.tur.com/es/santiago-228/cerro-pintor-1-1-1-25137-2052
Aventura al atardecer en scooter eléctrico en cerro San Cristóbal y Pedro de Valdivia Norte,aventura-atardecer-cerro-san-cristobal-en-scooter-electrico-27470,1941,Aventura al atardecer en scooter eléctrico en cerro San Cristóbal y Pedro de Valdivia Norte,https://www.tur.com/es/santiago-228/aventura-atardecer-cerro-san-cristobal-en-scooter-electrico-27470-1941
"Explorando la Precordillera en Scooter: Cultura, Naturaleza y Arte en Los Andes",precordillera-de-los-andes-en-scooter-electrico-27471,1303,"Explorando la Precordillera en Scooter: Cultura, Naturaleza y Arte en Los Andes",https://www.tur.com/es/santiago-228/precordillera-de-los-andes-en-scooter-electrico-27471-1303
"Santiago en Scooter Eléctrico: Historia, Naturaleza y Modernidad",ruta-naturaleza-y-urbanismo-en-scooter-electrico-santiago-27458,1415,"Santiago en Scooter Eléctrico: Historia, Naturaleza y Modernidad",https://www.tur.com/es/santiago-228/ruta-naturaleza-y-urbanismo-en-scooter-electrico-santiago-27458-1415
Tour de 3 Días desde Santiago: Navegación y Avistamiento de Ballenas en Chañaral de Aceituno,fauna-costera-chanaral-de-aceituno-y-punta-de-choros-27918,1326,Tour de 3 Días desde Santiago: Navegación y Avistamiento de Ballenas en Chañaral de Aceituno,https://www.tur.com/es/santiago-228/fauna-costera-chanaral-de-aceituno-y-punta-de-choros-27918-1326
Cajón del Maipo Full Day: Aventura y naturaleza en los Andes desde Santiago,full-day-cajon-del-maipo-28229,1701,Cajón del Maipo Full Day: Aventura y naturaleza en los Andes desde Santiago,https://www.tur.com/es/santiago-228/full-day-cajon-del-maipo-28229-1701
Excursión Privada de Día Completo desde Santiago al Parque Tricao,parque-tricao-27858,1477,Excursión Privada de Día Completo al Parque Tricao desde Santiago,https://www.tur.com/es/santiago-228/parque-tricao-27858-1477
Desde Santiago: Escapada de un día a Portillo y la Laguna del Inca,full-day-portillo-28226,1687,Desde Santiago: Escapada de un día a Portillo y la Laguna del Inca,https://www.tur.com/es/santiago-228/full-day-portillo-28226-1687
Inmersión guiada en Pichidangui o Los Molles: Vive el buceo en Chile,buceo-full-day-28227,1678,Inmersión guiada en Pichidangui o Los Molles: Vive el buceo en Chile,https://www.tur.com/es/santiago-228/buceo-full-day-28227-1678
Chile Vinícola: Un viaje por los sabores y tradiciones de Viña Chocalán,experiencia-vinicola-vina-chocalan-27859,1703,Chile Vinícola: Un viaje por los sabores y tradiciones de Viña Chocalán,https://www.tur.com/es/santiago-228/experiencia-vinicola-vina-chocalan-27859-1703
Tour Viña Santa Catalina en Valle del Maipo,tour-vina-santa-catalina-icono-region-metropolitana-25525,1186,Tour Viña Santa Catalina en Valle del Maipo,https://www.tur.com/es/santiago-228/tour-vina-santa-catalina-icono-region-metropolitana-25525-1186
Tour Don Lorenzo en Viña Santa Catalina: Espumantes y Sabores Únicos,tour-vinos-vina-santa-catalina-desde-santiago,1299,Tour Don Lorenzo en Viña Santa Catalina: Espumantes y Sabores Únicos,https://www.tur.com/es/santiago-228/tour-vinos-vina-santa-catalina-desde-santiago-1299
Mirador Sky Costanera,entrada-mirador-sky-costanera,1821,Entrada al Sky Costanera Santiago con vista panorámica,https://www.tur.com/es/santiago-228/entrada-mirador-sky-costanera-1821
Cajón del Maipo y Embalse del Yeso,tour-embalse-del-yeso-cajon-del-maipo-santiago,3477,Excursión al Embalse del Yeso y Cajón del Maipo + Brindis desde Santiago,https://www.tur.com/es/santiago-228/tour-embalse-del-yeso-cajon-del-maipo-santiago-3477
Parque Tricao y Pomaire,tour-parque-tricao-pomaire-santiago,4078,Full Day al Parque Tricao y Pomaire desde Santiago,https://www.tur.com/es/santiago-228/tour-parque-tricao-pomaire-santiago-4078
Sunset Cordillera de Los Andes - Valle Nevado,tour-sunset-cordillera-andes-valle-nevado,4014,Tour Sunset en Cordillera de los Andes y Valle Nevado desde Santiago,https://www.tur.com/es/santiago-228/tour-sunset-cordillera-andes-valle-nevado-4014
Transfer ida y retorno al Parque Farellones,transfer-parque-farellones-desde-santiago,4074,Traslado ida y vuelta al Parque Farellones desde Santiago,https://www.tur.com/es/santiago-228/transfer-parque-farellones-desde-santiago-4074
"Portillo, Laguna del Inca y Viña San Esteban",tour-portillo-laguna-del-inca-vina-san-esteban-santiago,4733,"Tour a Portillo, Laguna del Inca y Viña San Esteban desde Santiago",https://www.tur.com/es/santiago-228/tour-portillo-laguna-del-inca-vina-san-esteban-santiago-4733
"City Tour con Funicular, Teleferico y Tasting",city-tour-santiago-teleferico-degustacion-tipica,3782,City Tour por Santiago con Ascenso a Cerros y Degustación Típica,https://www.tur.com/es/santiago-228/city-tour-santiago-teleferico-degustacion-tipica-3782
Tour Andes Panoramico - Valle Nevado Farellones,tour-full-day-nieve-farellones-santiago,4075,Tour Andes Panorámico - Valle Nevado y Farellones desde Santiago,https://www.tur.com/es/santiago-228/tour-full-day-nieve-farellones-santiago-4075
Portillo Laguna del Inca,tour-laguna-del-inca-portillo-santiago,3749,Tour a Laguna del Inca y Centro de Esquí Portillo desde Santiago,https://www.tur.com/es/santiago-228/tour-laguna-del-inca-portillo-santiago-3749
Isla Negra Algarrobo San Alfonso,tour-isla-negra-algarrobo-san-alfonso-del-mar,3756,"Tour a Isla Negra, Algarrobo y San Alfonso del Mar desde Santiago",https://www.tur.com/es/santiago-228/tour-isla-negra-algarrobo-san-alfonso-del-mar-3756
"Tour Viña Casas del Bosque, incluye traslados",tour-vinedo-casas-del-bosque-casablanca,4009,Tour a Viña Casas del Bosque desde Santiago,https://www.tur.com/es/santiago-228/tour-vinedo-casas-del-bosque-casablanca-4009
Viña Cousiño Macul,tour-vina-cousino-macul-santiago,3775,Tour a la Viña Cousiño Macul en Santiago con Degustación,https://www.tur.com/es/santiago-228/tour-vina-cousino-macul-santiago-3775
Cena Show Restaurante Bali Hai desde Santiago,cena-show-restaurante-bali-hai-santiago,4010,Cena Show en Restaurante Bali Hai con traslados en Santiago,https://www.tur.com/es/santiago-228/cena-show-restaurante-bali-hai-santiago-4010
Valparaiso Viña del Mar,tour-valparaiso-vina-del-mar-renaca-santiago,3755,"Tour a Valparaíso, Viña del Mar y Reñaca desde Santiago",https://www.tur.com/es/santiago-228/tour-valparaiso-vina-del-mar-renaca-santiago-3755
Tour Museo y Estadio Monumental de Colo Colo,tour-museo-estadio-monumental-colo-colo-santiago,4081,Tour al Museo y Estadio Monumental de Colo-Colo en Santiago,https://www.tur.com/es/santiago-228/tour-museo-estadio-monumental-colo-colo-santiago-4081
Tour Concha y Toro Standard,tour-vina-concha-y-toro-santiago,3771,Visita Guiada Standard a Viña Concha y Toro desde Santiago,https://www.tur.com/es/santiago-228/tour-vina-concha-y-toro-santiago-3771
"Tour Viña Alyan Sunset, incluye traslados",tour-sunset-vinedo-alyan-maipo,4012,Tour Sunset en Viña Alyan con Cena y Degustación desde Santiago,https://www.tur.com/es/santiago-228/tour-sunset-vinedo-alyan-maipo-4012
Visita Guiada Standard a Viña Concha y Toro + Tasting Marques de Casa Concha desde Santiago,tour-vina-concha-y-toro-premium-pirque,5378,Visita Guiada Standard a Viña Concha y Toro + Tasting Marques desde Santiago,https://www.tur.com/es/santiago-228/tour-vina-concha-y-toro-premium-pirque-5378
Traslado / Transfer de Aeropuerto Santiago a domicilio*,tarifas-aeropuerto-santiago-30728,1437,Transfer Aeropuerto Santiago hacia Santiago,https://www.tur.com/es/santiago-228/tarifas-aeropuerto-santiago-30728-1437
Traslado / Transfer desde tu domicilio* al Aeropuerto de Santiago,transfer-aeropuerto-santiago,1395,Transfer Santiago al Aeropuerto de Santiago,https://www.tur.com/es/santiago-228/transfer-aeropuerto-santiago-1395
Tour Culinario por Santiago: Historia y Sabores Locales,santiago-culinario-29792,1162,Tour Culinario por Santiago: Historia y Sabores Locales,https://www.tur.com/es/santiago-228/santiago-culinario-29792-1162
Tour Santiago con Viña Cousiño Macul y Templo Bahá’í,city-santiago-wine-sunset-29998,1354,Tour Santiago con Viña Cousiño Macul y Templo Bahá’í,https://www.tur.com/es/santiago-228/city-santiago-wine-sunset-29998-1354
City Tour Santiago con Cerro San Cristóbal y Miradores,city-tour-clasico-con-cerro-san-cristobal-29995,1368,City Tour Santiago con Cerro San Cristóbal y Miradores,https://www.tur.com/es/santiago-228/city-tour-clasico-con-cerro-san-cristobal-29995-1368
Encuentro cercano con la vida salvaje en BuinZoo,explora-el-mundo-animal-en-bioparque-buinzoo-31102,1867,Encuentro cercano con la vida salvaje en BuinZoo,https://www.tur.com/es/santiago-228/explora-el-mundo-animal-en-bioparque-buinzoo-31102-1867
Tour por Viñedos del Valle de Casablanca: Sabores y Tradición del Vino Chileno,full-day-valparaiso-vina-del-mar-30002,2166,Tour por Viñedos del Valle de Casablanca: Sabores y Tradición del Vino Chileno,https://www.tur.com/es/santiago-228/full-day-valparaiso-vina-del-mar-30002-2166
Tour de Compras en Santiago: Outlets y Malls a Elección,tour-de-compras-en-santiago-30001,1599,Tour de Compras en Santiago: Outlets y Malls a Elección,https://www.tur.com/es/santiago-228/tour-de-compras-en-santiago-30001-1599
Viñedos del Valle de Casablanca desde Santiago y Valparaíso,vinedos-del-valle-de-san-antonio-32525,1870,Viñedos del Valle de Casablanca desde Santiago y Valparaíso,https://www.tur.com/es/santiago-228/vinedos-del-valle-de-san-antonio-32525-1870
Tour Viñedos del Valle de Casablanca,vinedos-del-valle-de-casablanca-32524,1611,Tour Viñedos del Valle de Casablanca,https://www.tur.com/es/santiago-228/vinedos-del-valle-de-casablanca-32524-1611
City Tour Santiago con Visita al Museo de Arte Precolombino,city-tour-santiago-con-museo-de-arte-precolombino-29997,1756,City Tour Santiago con Visita al Museo de Arte Precolombino,https://www.tur.com/es/santiago-228/city-tour-santiago-con-museo-de-arte-precolombino-29997-1756
Tour Centro Histórico de Santiago con La Moneda y Cerro Santa Lucía,santiago-center-contrast-santa-lucia-walking-tour-31715,1192,Tour Centro Histórico de Santiago con La Moneda y Cerro Santa Lucía,https://www.tur.com/es/santiago-228/santiago-center-contrast-santa-lucia-walking-tour-31715-1192
City Tour por el Centro Histórico de Santiago y Cambio de Guardia,changing-of-the-guards-historic-downtown-santiago-walking-tour-31714,1563,City Tour por el Centro Histórico de Santiago y Cambio de Guardia,https://www.tur.com/es/santiago-228/changing-of-the-guards-historic-downtown-santiago-walking-tour-31714-1563
Tour Sanhattan en Santiago con Opción Sky Costanera,las-condes-sanhattan-financial-district-with-optional-skycostanera-admission-31713,1291,Tour por el Barrio Sanhattan con entrada opcional al Sky Costanera,https://www.tur.com/es/santiago-228/las-condes-sanhattan-financial-district-with-optional-skycostanera-admission-31713-1291
Free Tour Santiago Histórico: Descubre el Corazón de la Capital,free-tour-esencial-en-santiago-de-chile-26703,1283,Free Tour Santiago Histórico: Descubre el Corazón de la Capital,https://www.tur.com/es/santiago-228/free-tour-esencial-en-santiago-de-chile-26703-1283
Free Walking Tour Barrio Yungay,free-walking-tour-barrio-yungay-barrio-brasil-santiago,4734,Free Walking Tour Barrio Yungay y Barrio Brasil en Santiago,https://www.tur.com/es/santiago-228/free-walking-tour-barrio-yungay-barrio-brasil-santiago-4734
"Providencia: Historia, Cultura, Bohemia y Gastronomia",walking-tour-providencia-historia-cultura-gastronomia,4735,"Free Walking tour por Providencia con historia, cultura y gastronomía",https://www.tur.com/es/santiago-228/walking-tour-providencia-historia-cultura-gastronomia-4735
Aprende a Esquiar sin Rental en Valle Nevado: Clase para principiantes y Ticket,aprende-a-esquiar-sin-rental-30335,1401,Aprende a Esquiar sin Rental en Valle Nevado: Clase para principiantes y Ticket,https://www.tur.com/es/santiago-228/aprende-a-esquiar-sin-rental-30335-1401
"Aprende a Esquiar en Valle Nevado: Clase, Ticket y Equipo Incluidos",aprende-a-esquiar-1-30334,1716,"Aprende a Esquiar en Valle Nevado: Clase, Ticket y Equipo Incluidos",https://www.tur.com/es/santiago-228/aprende-a-esquiar-1-30334-1716
"Tour por Santiago: Historia, Arquitectura y Vino",santiago-con-historia-y-sabor-29791,2100,"Tour por Santiago: Historia, Arquitectura y Vino",https://www.tur.com/es/santiago-228/santiago-con-historia-y-sabor-29791-2100
Arrienda una E-Bike y Descubre los Senderos de Bike Park El Durazno,e-bike-rental-6-1-1-27089,1939,Arrienda una E-Bike y Descubre los Senderos de Bike Park El Durazno en Santiago,https://www.tur.com/es/lo-barnechea-229/e-bike-rental-6-1-1-27089-1939
Escalada Colectiva en Punta de Lobos: Una Actividad para Todos los Niveles,clases-de-surf-colectivas-1-1-1-1-1-27062,1810,Clase de Escalada Grupal en Punta de Lobos,https://www.tur.com/es/pichilemu-230/clases-de-surf-colectivas-1-1-1-1-1-27062-1810
Aprende Surf en Punta de Lobos: Clase Privada Adaptada a Tu Nivel,clases-de-surf-particular-colectiva-2-27031,1374,Clase de Surf Privada en Punta de Lobos,https://www.tur.com/es/pichilemu-230/clases-de-surf-particular-colectiva-2-27031-1374
Clase de Skate Personalizada en Punta de Lobos: Aventura sobre Ruedas,clases-de-surf-particular-colectiva-1-1-1-1-1-1-27060,1754,Clase de Skate Privada en Punta de Lobos,https://www.tur.com/es/pichilemu-230/clases-de-surf-particular-colectiva-1-1-1-1-1-1-27060-1754
Clases Grupales de Skate en Pichilemu: Aprende con Instructores Expertos,clases-de-surf-colectivas-1-1-1-1-1-1-27059,1164,Clases de Skate Grupal en Punta de Lobos,https://www.tur.com/es/pichilemu-230/clases-de-surf-colectivas-1-1-1-1-1-1-27059-1164
Aprende Escalada en Punta de Lobos: Clase Privada y Personalizada,clases-de-surf-particular-colectiva-1-1-1-1-1-27061,1847,Clase de Escalada Privada en Punta de Lobos,https://www.tur.com/es/pichilemu-230/clases-de-surf-particular-colectiva-1-1-1-1-1-27061-1847
Experiencia de Surf en Grupo en Punta de Lobos: Diversión Asegurada,clases-de-surf-colectivas-2-27054,1556,Clase de Surf Grupal en Punta de Lobos,https://www.tur.com/es/pichilemu-230/clases-de-surf-colectivas-2-27054-1556
Explora en Kayak el Humedal de Cáhuil: Observación de Aves y Paz,tour-corto-en-kayak-de-travesia-explorando-en-silencio-el-humedal-de-las-aves-25368,2124,Explora en Kayak el Humedal de Cáhuil: Observación de Aves y Paz,https://www.tur.com/es/pichilemu-230/tour-corto-en-kayak-de-travesia-explorando-en-silencio-el-humedal-de-las-aves-25368-2124
"Tradición Costera: Ruta Etnocultural en Punta de Lobos, Pichilemu",ruta-etnocultural-patrimonio-y-comunidades-25369,1745,"Tradición Costera: Ruta Etnocultural en Punta de Lobos, Pichilemu",https://www.tur.com/es/pichilemu-230/ruta-etnocultural-patrimonio-y-comunidades-25369-1745
Kayak por el Humedal de Cáhuil: Descubre las Salinas Abandonadas de Barrancas,explorando-las-salinas-abandonadas-de-barrancas-25370,1344,Kayak por el Humedal de Cáhuil: Descubre las Salinas Abandonadas de Barrancas,https://www.tur.com/es/pichilemu-230/explorando-las-salinas-abandonadas-de-barrancas-25370-1344
Recorrido por el Humedal Bucalemu : Naturaleza y Fotografía,descubriendo-al-sietecolores-25299,2073,Recorrido por el Humedal Bucalemu: Naturaleza y Fotografía,https://www.tur.com/es/pichilemu-230/descubriendo-al-sietecolores-25299-2073
Secretos de Pichilemu: Poza del Encanto,amanecer-en-la-poza-del-encanto-1-25821,1200,Secretos de Pichilemu: Poza del Encanto,https://www.tur.com/es/pichilemu-230/amanecer-en-la-poza-del-encanto-1-25821-1200
Clases de Surf en Pichilemu: Vive la Magia de Punta de Lobos,clases-de-surf,1791,Clases de Surf en Pichilemu: Vive la Magia de Punta de Lobos,https://www.tur.com/es/pichilemu-230/clases-de-surf-particular-colectiva-1-1-1-1-1-1-27060-1754
Aventura en SUP en los humedales de Pichilemu y sus alrededores,stand-up-paddle-en-pichilemu-26726,1855,Aventura en SUP en los humedales de Pichilemu y sus alrededores,https://www.tur.com/es/pichilemu-230/stand-up-paddle-en-pichilemu-26726-1855
Tour a Sewell desde Rancagua: Historia y Minería Andina,tour-regular-sewell-desde-rancagua,1694,Tour a Sewell desde Rancagua: Historia y Minería Andina,https://www.tur.com/es/rancagua-231/tour-regular-sewell-desde-rancagua-1694
Parque Safari Rancagua,tour-parque-safari-rancagua-desde-santiago,4011,Tour al Parque Safari Rancagua con Traslados desde Santiago,https://www.tur.com/es/rancagua-231/tour-parque-safari-rancagua-desde-santiago-4011
Tour al Parque Safari desde Santiago: Felinos y Aventura Familiar,vive-una-aventura-salvaje-en-parque-safari-31103,1998,Tour al Parque Safari desde Santiago: Felinos y Aventura Familiar,https://www.tur.com/es/rancagua-231/vive-una-aventura-salvaje-en-parque-safari-31103-1998
Tradición Vitivinícola en Rancagua: Tour y Degustación en Viña Butrón Budinich,tradicion-vitivinicola-31692,1974,Tradición Vitivinícola en Rancagua: Tour y Degustación en Viña Butrón Budinich,https://www.tur.com/es/rancagua-231/tradicion-vitivinicola-31692-1974
Tour de Herencia de bodega en el Valle de Cachapoal: Aromas que Atrapan,tour-express-31198,2041,Tour de Herencia de bodega en el Valle de Cachapoal: Aromas que Atrapan,https://www.tur.com/es/rancagua-231/tour-express-31198-2041
Legado Familiar y Tradición en Viña Butrón Budinich: Historia y Vinos,tour-legado-familiar-31693,2018,Viña Butrón Budinich: Tour con almuerzo de 4 tiempos,https://www.tur.com/es/rancagua-231/tour-legado-familiar-31693-2018
Travesía en SUP por la Boca de Rapel para toda la familia,travesia-guiada-en-sup-o-kayak-a-la-desembocadur-del-rio-rapel-27676,1808,Travesía en SUP por la Boca de Rapel para toda la familia,https://www.tur.com/es/navidad-232/travesia-guiada-en-sup-o-kayak-a-la-desembocadur-del-rio-rapel-27676-1808
Relajación y Buffet en Hotel Santa Cruz,desayuno-buffet-y-masaje-de-relajacion-31679,1856,Relajación y Buffet en Hotel Santa Cruz,https://www.tur.com/es/santa-cruz-233/desayuno-buffet-y-masaje-de-relajacion-31679-1856
Cabalgata en Cerro Ninquén: Cata de Vinos en Colchagua,eco-aventura-ninquen-cabalgata-tour-montgras-30648,1241,Cabalgata en Cerro Ninquén: Cata de Vinos en Colchagua,https://www.tur.com/es/santa-cruz-233/eco-aventura-ninquen-cabalgata-tour-montgras-30648-1241
Cabalgata en Viña MontGras en Valle Colchagua,cabalgata-montgras-25519,1731,Cabalgata en Viña MontGras en Valle Colchagua,https://www.tur.com/es/santa-cruz-233/cabalgata-montgras-25519-1731
Cabalgata y Degustación en Viña MontGras: Vinos y Paisajes de Colchagua,cavalgada-degustacao-vale-colchagua,1521,Cabalgata y Degustación en Viña MontGras: Vinos y Paisajes de Colchagua,https://www.tur.com/es/santa-cruz-233/cavalgada-degustacao-vale-colchagua-1521
Abejaventura,tour-apicultura-conservacion-litueche,3698,Tour de Apicultura y Conservación en Litueche con Degustación de Miel,https://www.tur.com/es/santa-cruz-233/tour-apicultura-conservacion-litueche-3698
TOUR VINOS DE LUJO,tour-vinos-lujo-valle-colchagua-degustacion-premium,5217,Tour de Vinos de Lujo en Viña Viu Manent ,https://www.tur.com/es/santa-cruz-233/tour-vinos-lujo-valle-colchagua-degustacion-premium-5217
Tour Carruaje a Viñedos,tour-carruaje-vinedos-colchagua-degustacion-vinos,5219,Tour en carruaje en Viña Viu Manent,https://www.tur.com/es/santa-cruz-233/tour-carruaje-vinedos-colchagua-degustacion-vinos-5219
Experiencia Viña Encierra: Recorrido y Degustación de Vinos Premium,momento-tour-degustacion-vinos-premium-27408,1218,Experiencia Viña Encierra: Recorrido y Degustación de Vinos Premium,https://www.tur.com/es/santa-cruz-233/momento-tour-degustacion-vinos-premium-27408-1218
Experiencia Cata Vertical en Viña Encierra: Un Viaje por Seis Añadas Excepcionales,tour-cata-vertical-27409,1491,Experiencia Cata Vertical en Viña Encierra: Un Viaje por Seis Añadas Excepcionales,https://www.tur.com/es/santa-cruz-233/tour-cata-vertical-27409-1491
Momento Tour & Degustación: Historia y Vinos Icónicos de Viña Encierra,momento-tour-degustacion-vinos-iconos-27382,1987,Momento Tour & Degustación: Historia y Vinos Icónicos de Viña Encierra,https://www.tur.com/es/santa-cruz-233/momento-tour-degustacion-vinos-iconos-27382-1987
"Sabores y Tradiciones en Viña Encierra: Degustación, Historia y Picnic Campestre",tour-picnic-27411,1554,"Sabores y Tradiciones en Viña Encierra: Degustación, Historia y Picnic Campestre",https://www.tur.com/es/santa-cruz-233/tour-picnic-27411-1554
Paseo en Bicicleta y Degustación de Vinos en Viña Encierra,tour-bicicleta-degustacion-27413,1357,Paseo en Bicicleta y Degustación de Vinos en Viña Encierra,https://www.tur.com/es/santa-cruz-233/tour-bicicleta-degustacion-27413-1357
Experiencia Premium en Viña Encierra: Degustación y Almuerzo Campestre,momento-tour-almuerzo-27410,1509,Experiencia Premium en Viña Encierra: Degustación y Almuerzo Campestre,https://www.tur.com/es/santa-cruz-233/momento-tour-almuerzo-27410-1509
"Experiencia de Vendimia en Viña Encierra: Vino, Asado y Vistas Panorámicas",jornada-de-vendimia-en-vina-encierra-28499,1911,"Experiencia de Vendimia en Viña Encierra: Vino, Asado y Vistas Panorámicas",https://www.tur.com/es/santa-cruz-233/jornada-de-vendimia-en-vina-encierra-28499-1911
Tour Grandes Vinos,bodega-santa-cruz-degustacion-teleferico-valle-colchagua,4794,Tour Grandes Vinos con visita al teleférico en Viña Santa Cruz ,https://www.tur.com/es/santa-cruz-233/bodega-santa-cruz-degustacion-teleferico-valle-colchagua-4794
Enoturismo en un día ,enoturismo-un-dia-lolol-museo-automovil-vinos,4796,Experiencia de enoturismo premium en Viña Santa Cruz,https://www.tur.com/es/santa-cruz-233/enoturismo-un-dia-lolol-museo-automovil-vinos-4796
Sunset Eno-Astronómico,sunset-eno-astronomico-bodega-santa-cruz-colchagua,4797,Sunset Eno-Astronómico en Viña Santa Cruz ,https://www.tur.com/es/santa-cruz-233/sunset-eno-astronomico-bodega-santa-cruz-colchagua-4797
Museo del Vino y del Automóvil en Viña Santa Cruz,museo-del-vino-y-del-automovil-vina-santa-cruz,4795,Museo del Vino y del Automóvil en Viña Santa Cruz,https://www.tur.com/es/santa-cruz-233/museo-del-vino-y-del-automovil-vina-santa-cruz-4795
Hacienda Los Lingues en San Fernando: Un Viaje en el Tiempo,vive-una-experiencia-colonial-en-san-fernando-27251,1203,Hacienda Los Lingues en San Fernando: Un Viaje en el Tiempo,https://www.tur.com/es/san-fernando-235/vive-una-experiencia-colonial-en-san-fernando-27251-1203
Patrimonio y Gastronomía en el Valle de Colchagua: Hacienda Los Lingues,almuerzo-con-historia-en-hacienda-los-lingues-valle-de-colchagua-27453,1709,Patrimonio y Gastronomía en el Valle de Colchagua: Hacienda Los Lingues,https://www.tur.com/es/san-fernando-235/almuerzo-con-historia-en-hacienda-los-lingues-valle-de-colchagua-27453-1709
Escapada Colonial para Dos en Hacienda Los Lingues con Paseo a Caballo,vive-la-colonia-chilena-en-hacienda-los-lingues-valle-de-colchagua-28678,2203,Escapada Colonial para Dos en Hacienda Los Lingues con Paseo a Caballo,https://www.tur.com/es/san-fernando-235/vive-la-colonia-chilena-en-hacienda-los-lingues-valle-de-colchagua-28678-2203
Reserva Nacional Rio De Los Cipreses,reserva-nacional-rio-de-los-cipreses,3685,Entrada a la Reserva Nacional Rio De Los Cipreses,https://www.tur.com/es/san-fernando-235/reserva-nacional-rio-de-los-cipreses-3685
Cata de Vinos Íconos en Viña Maquis,tour-icono-24954,1204,Cata de Vinos Íconos en Viña Maquis,https://www.tur.com/es/palmilla-236/tour-icono-24954-1204
Tour emblema por Viña Maquis y degustación de Vinos,tour-emblema-24953,1617,Tour emblema por Viña Maquis y degustación de Vinos,https://www.tur.com/es/palmilla-236/tour-emblema-24953-1617
Explorando las Estrellas: Tour Astronómico en el Valle de Cachapoal,tour-astronomico-9-27108,1205,Explorando las Estrellas: Tour Astronómico en el Valle de Cachapoal,https://www.tur.com/es/pichidegua-237/tour-astronomico-9-27108-1205
Tour Íconos Ravanal: Vinos Premium y Experiencia de Lujo,tour-iconos-ravanal-29645,1947,Tour Íconos Ravanal: Vinos Premium y Experiencia de Lujo,https://www.tur.com/es/placilla-238/tour-iconos-ravanal-29645-1947
Tour Viñedos Centenarios: Historia y Vino en Viña Ravanal,tour-vinhedos-centenarios-vale-colchagua,1936,Tour Viñedos Centenarios: Historia y Vino en Viña Ravanal,https://www.tur.com/es/placilla-238/tour-vinhedos-centenarios-vale-colchagua-1936
Arma tu Propio Vino en Viña Ravanal: Creatividad y Sabor en Placilla,arma-tu-propio-vini-29644,1201,Arma tu Propio Vino en Viña Ravanal: Creatividad y Sabor en Placilla,https://www.tur.com/es/placilla-238/arma-tu-propio-vini-29644-1201
Trekking Nidos de Piedras: Naturaleza y Aventura en Colchagua,vive-una-aventura-inolvidable-en-nidos-de-piedras-30315,1372,Trekking Nidos de Piedras: Naturaleza y Aventura en Colchagua,https://www.tur.com/es/nancagua-239/vive-una-aventura-inolvidable-en-nidos-de-piedras-30315-1372
Bodega VIK: Vinos Premium y Arquitectura Vanguardista - Tour Exclusivo en Español,vik-experience-1-31205,2082,Bodega VIK: Vinos Premium y Arquitectura Vanguardista - Tour Exclusivo en Español,https://www.tur.com/es/san-vicente-de-tagua-tagua-240/vik-experience-1-31205-2082
Bodega VIK: Arquitectura Vanguardista y Degustación Premium - Tour Exclusivo en Inglés,vik-experience-ingles-31449,1278,Bodega VIK: Arquitectura Vanguardista y Degustación Premium - Tour Exclusivo en Inglés,https://www.tur.com/es/san-vicente-de-tagua-tagua-240/vik-experience-ingles-31449-1278
Tour Siete Tazas: Explora cascadas y naturaleza endémica desde Curicó,tour-siete-tazas-27565,2022,Tour Siete Tazas: Explora cascadas y naturaleza endémica desde Curicó,https://www.tur.com/es/curico-242/tour-siete-tazas-27565-2022
Experiencia de Randonnée en Laguna del Maule: Nieve y Vistas Volcánicas,randonnee-laguna-del-maule-29155,1720,Experiencia de Randonnée en Laguna del Maule: Nieve y Vistas Volcánicas,https://www.tur.com/es/curico-242/randonnee-laguna-del-maule-29155-1720
Trekking con Raquetas en Laguna del Maule: Paisajes Nevados Únicos,trekking-con-raquetas-de-nieve-laguna-del-maule-29142,2004,Trekking con Raquetas en Laguna del Maule: Paisajes Nevados Únicos,https://www.tur.com/es/curico-242/trekking-con-raquetas-de-nieve-laguna-del-maule-29142-2004
Tour con Raquetas de Nieve en Laguna del Maule: Aventura Inolvidable,tour-con-raquetas-de-nieve-laguan-del-maule-29141,1921,Tour con Raquetas de Nieve en Laguna del Maule: Aventura Inolvidable,https://www.tur.com/es/curico-242/tour-con-raquetas-de-nieve-laguan-del-maule-29141-1921
Cascada Invertida y Laguna del Maule: Naturaleza y Aventura en la Cordillera,cascada-invertida-laguna-del-maule-27824,1978,Cascada Invertida y Laguna del Maule: Naturaleza y Aventura en la Cordillera,https://www.tur.com/es/curico-242/cascada-invertida-laguna-del-maule-27824-1978
"Vive Panimávida: Relajo, Termas y Gastronomía en el Maule",disfruta-un-dia-de-relajo-en-termas-de-panimavida-29026,1506,"Vive Panimávida: Relajo, Termas y Gastronomía en el Maule",https://www.tur.com/es/panimavida-243/disfruta-un-dia-de-relajo-en-termas-de-panimavida-29026-1506
Full Day Siete Tazas: miradores y cascadas del Maule,full-day-siete-tazas-32309,1486,Full Day Siete Tazas: miradores y cascadas del Maule,https://www.tur.com/es/molina-244/full-day-siete-tazas-32309-1486
PARQUE NACIONAL RADAL SIETE TAZAS,parque-nacional-radal-siete-tazas,3427,Entrada Parque Nacional Radal Siete Tazas,https://www.tur.com/es/molina-244/parque-nacional-radal-siete-tazas-bolson-dia-3593
PARQUE NACIONAL RADAL SIETE TAZAS - BOLSÓN VISITA POR EL DÍA,parque-nacional-radal-siete-tazas-bolson-dia,3593,Entrada al Parque Nacional Radal Siete Tazas - Bolsón visita por el día,https://www.tur.com/es/molina-244/parque-nacional-radal-siete-tazas-bolson-dia-3593
PARQUE NACIONAL RADAL SIETE TAZAS - CAMPING EL BOLSÓN,parque-nacional-radal-siete-tazas-camping-el-bolson,3594,Entrada al Parque Nacional Radal Siete Tazas - Camping El Bolsón,https://www.tur.com/es/molina-244/parque-nacional-radal-siete-tazas-camping-el-bolson-3594
Barranquismo en Radal 7 Tazas: Aventura entre Cascadas y Pozones,barranquismo-en-radal-7-tazas-31606,2029,Barranquismo en Radal 7 Tazas: Aventura entre Cascadas y Pozones,https://www.tur.com/es/molina-244/barranquismo-en-radal-7-tazas-31606-2029
Full Day Stand Up Paddle y trekking a pozones en Bullileo,full-day-stand-up-paddle-river-trekking-30624,1650,Full Day Stand Up Paddle y trekking a pozones en Bullileo,https://www.tur.com/es/talca-245/full-day-stand-up-paddle-river-trekking-30624-1650
Trekking y Pernocte: Aventúrate en los Pozones del Sendero Coigües en Parque Tricahue,trekking-y-pernocte-en-sendero-coigues-26697,1773,Trekking y Pernocte: Aventúrate en los Pozones del Sendero Coigües en Parque Tricahue,https://www.tur.com/es/talca-245/trekking-y-pernocte-en-sendero-coigues-26697-1773
Camping La Lorera en el Parque Tricahue: Naturaleza y Relajo,camping-la-lorera-parque-natural-tricahue-29880,1778,Camping La Lorera en el Parque Tricahue: Naturaleza y Relajo,https://www.tur.com/es/talca-245/camping-la-lorera-parque-natural-tricahue-29880-1778
RESERVA NACIONAL ALTOS DE LIRCAY,reserva-nacional-altos-de-lircay,3441,Entrada Reserva Nacional Altos De Lircay,https://www.tur.com/es/talca-245/reserva-nacional-altos-de-lircay-3441
Aventura en Cuatrimotos en Quillón: Adrenalina y Diversión para Todos,aventura-en-cuatrimotos-25470,1577,Aventura en Cuatrimotos en Quillón: Adrenalina y Diversión para Todos,https://www.tur.com/es/quillon-246/aventura-en-cuatrimotos-25470-1577
Cabalgata en Pinto: Bosque Nativo Imperdible,cabalgatas-1-31438,2059,Cabalgata en Pinto: Bosque Nativo Imperdible,https://www.tur.com/es/pinto-247/cabalgatas-1-31438-2059
Canopy 14 Tramos en Pinto: Vistas Únicas y Puentes Colgantes,canopy-14-tramos-31484,1883,Canopy 14 Tramos en Pinto: Vistas Únicas y Puentes Colgantes,https://www.tur.com/es/pinto-247/canopy-14-tramos-31484-1883
Reserva Nacional Ñuble,reserva-nacional-nuble,3421,Entrada Reserva Nacional Ñuble,https://www.tur.com/es/pinto-247/reserva-nacional-nuble-3421
Sendero Educativo las Trancas: Un Recorrido Autoguiado entre Naturaleza y Historia,sendero-educativo-las-trancas-25249,1673,Sendero Educativo las Trancas: Un Recorrido Autoguiado entre Naturaleza y Historia,https://www.tur.com/es/pinto-247/sendero-educativo-las-trancas-25249-1673
Tour de Rafting en San Fabián con Naturaleza y Adrenalina,rafting-seccion-alta-caracol-los-puquios-31890,1797,Tour de Rafting en San Fabián con Naturaleza y Adrenalina,https://www.tur.com/es/san-fabian-248/rafting-seccion-alta-caracol-los-puquios-31890-1797
Reserva Nacional Huemules de Niblinto,reserva-nacional-huemules-de-niblinto,3689,Entrada a la Reserva Nacional Huemules de Niblinto,https://www.tur.com/es/san-fabian-248/reserva-nacional-huemules-de-niblinto-3689
Rafting familiar en San Fabián de Alico con rápidos clase II y III,rafting-en-san-fabian-de-alico-1-1-27378,2042,Rafting familiar en San Fabián de Alico con rápidos clase II y III,https://www.tur.com/es/san-fabian-248/rafting-en-san-fabian-de-alico-1-1-27378-2042
Tour Día de Campo por Viña Prado,tour-dia-de-campo-32295,2120,Tour Día de Campo por Viña Prado,https://www.tur.com/es/portezuelo-249/tour-dia-de-campo-32295-2120
Experiencia Cata de Vinos en Viña Prado,cata-de-vinos-2-32659,2035,Experiencia Cata de Vinos en Viña Prado,https://www.tur.com/es/portezuelo-249/cata-de-vinos-2-32659-2035
"Vive Vendimia con cosecha y almuerzo en Viña Prado, Portezuelo",vive-vendimia-32838,1331,"Vive Vendimia con cosecha y almuerzo en Viña Prado, Portezuelo",https://www.tur.com/es/portezuelo-249/vive-vendimia-32838-1331
"Caminata por el Bosque a Pasos de Los Saltos del Laja: Flora, Fauna y Encanto",trakking-y-sendero-encantado-mayor-duracion-por-un-bosque-virgen-26553,1752,"Caminata por el Bosque a Pasos de Los Saltos del Laja: Flora, Fauna y Encanto",https://www.tur.com/es/los-angeles-250/trakking-y-sendero-encantado-mayor-duracion-por-un-bosque-virgen-26553-1752
Parque Aéreo a pasos de Los Saltos del Laja: Deslízate hacia la Aventura,parque-aereo-26784,1441,Parque Aéreo a pasos de Los Saltos del Laja: Deslízate hacia la Aventura,https://www.tur.com/es/los-angeles-250/parque-aereo-26784-1441
Paintball: Batalla de Colores en Los Ángeles,paintball-2-27680,1699,Paintball: Batalla de Colores en Los Ángeles,https://www.tur.com/es/los-angeles-250/paintball-2-27680-1699
Aventura entre árboles nativos: Canopy en el Bío Bío,canopy-4-26783,1551,Aventura entre árboles nativos: Canopy en el Bío Bío,https://www.tur.com/es/los-angeles-250/canopy-4-26783-1551
PARQUE NACIONAL LAGUNA DEL LAJA,parque-nacional-laguna-del-laja,3426,Entrada Parque Nacional Laguna Del Laja,https://www.tur.com/es/los-angeles-250/parque-nacional-laguna-del-laja-3426
Navegación en Kayak por el Río Bio Bío,navegacion-en-kayak-por-el-rio-bio-bio-25543,1297,Navegación en Kayak por el Río Bio Bío,https://www.tur.com/es/hualqui-251/navegacion-en-kayak-por-el-rio-bio-bio-25543-1297
Full Day Escalada en Roca en Concepción,full-day-escalada-en-roca-2-32039,1582,Full Day Escalada en Roca en Concepción,https://www.tur.com/es/concepcion-252/full-day-escalada-en-roca-2-32039-1582
PARQUE NACIONAL NONGUÉN,parque-nacional-nonguen,3432,Entrada Parque Nacional Nonguén,https://www.tur.com/es/concepcion-252/parque-nacional-nonguen-3432
Aventura 4x4 en la Cordillera de Nahuelbuta: Del Pacífico a los Andes,aventura-4x4-en-nahuelbuta-28168,1762,Aventura 4x4 en la Cordillera de Nahuelbuta: Del Pacífico a los Andes,https://www.tur.com/es/canete-254/aventura-4x4-en-nahuelbuta-28168-1762
Paseo Náutico en Hualpén: Vida Marina y Cultura Costera,paseos-por-la-costa-peninsula-de-hualpen-28765,1376,Paseo Náutico en Hualpén: Vida Marina y Cultura Costera,https://www.tur.com/es/hualpen-255/paseos-por-la-costa-peninsula-de-hualpen-28765-1376
Cabalgata Sendero Kutraco: Bosque y Vistas al Volcán Villarrica,cabalgata-sendero-kutraco-25679,1546,Cabalgata Sendero Kutraco: Bosque y Vistas al Volcán Villarrica,https://www.tur.com/es/pucon-256/cabalgata-sendero-kutraco-25679-1546
Paseo a caballo en el Río Liucura,cabalgata-rio-liucura-25678,1772,Paseo a caballo en el Río Liucura,https://www.tur.com/es/pucon-256/cabalgata-rio-liucura-25678-1772
Rafting en el Río Trancura: Aventúrate en Rápidos Clase III,rafting-bajo-rio-trancura-27396,1818,Rafting en el Río Trancura: Aventúrate en Rápidos Clase III,https://www.tur.com/es/pucon-256/rafting-bajo-rio-trancura-27396-1818
Canyoning Río Correntoso: Descenso de Cascadas en Pucón,canyoning-rio-correntoso-27399,1292,Canyoning Río Correntoso: Descenso de Cascadas en Pucón,https://www.tur.com/es/pucon-256/canyoning-rio-correntoso-27399-1292
Canyoning en Pucón: Aventura Extrema en Salto El Claro,canyoning-salto-el-claro-27398,1653,Canyoning en Pucón: Aventura Extrema en Salto El Claro,https://www.tur.com/es/pucon-256/canyoning-salto-el-claro-27398-1653
Explora Caburgua y Disfruta Termas Pucón Indómito,tour-zona-termas-28525,1959,Explora Caburgua y Disfruta Termas Pucón Indómito,https://www.tur.com/es/pucon-256/tour-zona-termas-28525-1959
Lagunas Andinas: Trekking en Parque Villarrica desde Pucón,tour-lagunas-andinas-28624,1923,Lagunas Andinas: Trekking en Parque Villarrica desde Pucón,https://www.tur.com/es/pucon-256/tour-lagunas-andinas-28624-1923
Tour Base Volcán Villarrica en Pucón con Vistas Panorámicas,caminata-base-volcan-villarrica,1157,Tour Base Volcán Villarrica en Pucón con Vistas Panorámicas,https://www.tur.com/es/pucon-256/caminata-base-volcan-villarrica-1157
Aventura Subterránea en Pucón: Tour por Cuevas Volcánicas,tour-cuevas-volcanicas-1-1-28625,1542,Aventura Subterránea en Pucón: Tour por Cuevas Volcánicas,https://www.tur.com/es/pucon-256/tour-cuevas-volcanicas-1-1-28625-1542
Rafting Alto Río Trancura: Aventura en Rápidos Clase V,rafting-alto-rio-trancura-27395,1179,Rafting Alto Río Trancura: Aventura en Rápidos Clase V,https://www.tur.com/es/pucon-256/rafting-alto-rio-trancura-27395-1179
Cabalgata en el Sector Carhuello: Conexión con la Naturaleza del Sur de Chile,cabalgata-por-cerros-de-quelhue-25710,2020,"Cabalgata en el Sur de Chile, Reserva Forestal Villarrica Sector Carhuello",https://www.tur.com/es/pucon-256/cabalgata-por-cerros-de-quelhue-25710-2020
Cabalgata en los Cerros de Carhuello y a los pies de la Reserva Forestal Villarrica,cabalgata-en-los-cerros-de-carhuello-y-a-los-pies-de-la-reserva-forestal-villarrica-25711,1765,Cabalgata en los Cerros de Carhuello y a los pies de la Reserva Forestal Villarrica,https://www.tur.com/es/pucon-256/cabalgata-en-los-cerros-de-carhuello-y-a-los-pies-de-la-reserva-forestal-villarrica-25711-1765
Aventura en Kayak: Explorando la Península de Pucón,tour-peninsula-de-pucon-1-1-26645,1364,Aventura en Kayak: Explorando la Península de Pucón,https://www.tur.com/es/pucon-256/tour-peninsula-de-pucon-1-1-26645-1364
Kayak en Pucón: Ríos Trancura y Plata con Avistamiento de Aves,tour-peninsula-de-pucon-1-1-1-26648,2109,Kayak en Pucón: Ríos Trancura y Plata con Avistamiento de Aves,https://www.tur.com/es/pucon-256/tour-peninsula-de-pucon-1-1-1-26648-2109
Trekking Volcán Lanín en 2 Días: Desafío de Altura en la Araucanía,ascenso-volcan-lanin-1-26810,1488,Trekking Volcán Lanín en 2 Días: Desafío de Altura en la Araucanía,https://www.tur.com/es/pucon-256/ascenso-volcan-lanin-1-26810-1488
Travesía al Cráter del Volcán Villarrica,ascenso-volcan-villarrica-2-1-1-1-1-26388,1623,Travesía al Cráter del Volcán Villarrica,https://www.tur.com/es/pucon-256/ascenso-volcan-villarrica-2-1-1-1-1-26388-1623
Bosque Guiado en Parque Saltos de Mariman,bosque-guiado-parque-saltos-de-mariman-desde-pucon,4839,Bosque Guiado y Reino Fungi en Parque Saltos de Mariman desde Pucón,https://www.tur.com/es/pucon-256/bosque-guiado-parque-saltos-de-mariman-desde-pucon-4839
Bosque Guiado: Descubriendo el Reino Fungi en Rukapillán,bosque-guiado-reino-fungi-rukapillan-desde-pucon,4841,Bosque Guiado Descubriendo el Reino Fungi en Rukapillán desde Pucón,https://www.tur.com/es/pucon-256/bosque-guiado-reino-fungi-rukapillan-desde-pucon-4841
Postales del Bosque: Caminata e Ilustración,caminata-e-ilustracion-en-el-bosque-desde-pucon,4862,Caminata e Ilustración Reino Fungi en el Bosque desde Pucón,https://www.tur.com/es/pucon-256/caminata-e-ilustracion-en-el-bosque-desde-pucon-4862
Exploración del Bosque Lluvioso en Parque Natural Salto el Claro,exploracion-bosque-lluvioso-parque-natural-salto-el-claro-desde-pucon,4840,Exploración del Bosque Lluvioso y Reino Fungi en Parque Natural Salto El Claro desde Pucón,https://www.tur.com/es/pucon-256/exploracion-bosque-lluvioso-parque-natural-salto-el-claro-desde-pucon-4840
Mariman Fotográfico: Relatos del Bosque,caminata-fotografica-saltos-de-mariman-desde-pucon,4843,Caminata Fotográfica Reino Fungi en Saltos de Marimán desde Pucón,https://www.tur.com/es/pucon-256/caminata-fotografica-saltos-de-mariman-desde-pucon-4843
Redes de Vida y Memoria del Bosque,caminata-interpretativa-parque-villarrica-pucon,4842,"Redes de Vida y Memoria del Bosque, en Sendero Rukapillán desde Reino Fungi Pucón",https://www.tur.com/es/pucon-256/caminata-interpretativa-parque-villarrica-pucon-4842
Packrafting Extremo en Pucón: Rápidos clase II y III,pack-rafting-adeventure-27686,1980,Packrafting Extremo en Pucón: Rápidos clase II y III,https://www.tur.com/es/pucon-256/pack-rafting-adeventure-27686-1980
Explora Pucón en PackRaft: Navega por el Río Liucura,pack-raft-floating-rio-liucura-26819,1431,Explora Pucón en PackRaft: Navega por el Río Liucura,https://www.tur.com/es/pucon-256/pack-raft-floating-rio-liucura-26819-1431
Escalada segura y senderismo guiado en los paisajes naturales de Pucón,via-ferrata-experience-en-pucon-27429,2104,Escalada segura y senderismo guiado en los paisajes naturales de Pucón,https://www.tur.com/es/pucon-256/via-ferrata-experience-en-pucon-27429-2104
Tour Full Day Huilo Huilo desde Pucón,tour-huilo-huilo-1-28749,1312,Tour Full Day Huilo Huilo desde Pucón,https://www.tur.com/es/pucon-256/tour-huilo-huilo-1-28749-1312
"Tour de Cascadas en Pucón: Palguín, La China y El León",tour-saltos-28758,1973,"Tour de Cascadas en Pucón: Palguín, La China y El León",https://www.tur.com/es/pucon-256/tour-saltos-28758-1973
Tour Caburgua y Termas desde Pucón: Naturaleza y Relax,tour-zona-1-28759,1972,Tour por la Zona + Termas Pucón Indómito desde Pucón,https://www.tur.com/es/pucon-256/tour-zona-1-28759-1972
Relájate en Termas Pucón Indómito,termas-9-28757,2137,Termas Pucón Indómito con traslado,https://www.tur.com/es/pucon-256/termas-9-28757-2137
PARQUE NACIONAL HUERQUEHUE,parque-nacional-huerquehue,3470,Entrada al Parque Nacional Huerquehue,https://www.tur.com/es/pucon-256/parque-nacional-huerquehue-3470
PARQUE NACIONAL VILLARRICA NORTE,parque-nacional-villarrica-norte,3424,Entrada Parque Nacional Villarica Norte,https://www.tur.com/es/pucon-256/parque-nacional-villarrica-norte-3424
PARQUE NACIONAL VILLARRICA SUR,parque-nacional-villarrica-sur,3407,Entrada Parque Nacional Villarrica Sur,https://www.tur.com/es/pucon-256/parque-nacional-villarrica-sur-3407
Paseo Privado Lagunas Andinas: Descubre la Belleza del Parque Nacional Villarrica,trekking-sendero-lagos-andinos-26792,1476,Paseo Privado Lagunas Andinas: Descubre la Belleza del Parque Nacional Villarrica,https://www.tur.com/es/pucon-256/trekking-sendero-lagos-andinos-26792-1476
Ascenso al Mocho-Choshuenco: Aventura de Dos Días en Alta Montaña,ascenso-volcan-mocho-choshuenco-26267,1931,Ascenso al Mocho-Choshuenco: Aventura de Dos Días en Alta Montaña,https://www.tur.com/es/pucon-256/ascenso-volcan-mocho-choshuenco-26267-1931
Trekking Épico: Conquista del Volcán Villarrica,ascenso-volcan-villarrica-2-1-1-1-26222,1834,Trekking Épico: Conquista del Volcán Villarrica,https://www.tur.com/es/pucon-256/ascenso-volcan-villarrica-2-1-1-1-26222-1834
Trekking Senderos Lagos Andinos en la Región de la Araucanía,ascenso-volcan-lanin-26246,1640,Trekking Senderos Lagos Andinos en la Región de la Araucanía,https://www.tur.com/es/pucon-256/ascenso-volcan-lanin-26246-1640
Expedición Llaima: Rumbo a la Cumbre,ascenso-volcan-llaima-1-26248,1935,Expedición Llaima: Rumbo a la Cumbre,https://www.tur.com/es/pucon-256/ascenso-volcan-llaima-1-26248-1935
Tour a Huilo Huilo desde Pucón: Naturaleza y Cascadas,huilo-huilo-full-day-1-28859,1869,Tour a Huilo Huilo desde Pucón: Naturaleza y Cascadas,https://www.tur.com/es/pucon-256/huilo-huilo-full-day-1-28859-1869
Tour a Ojos del Caburgua y Saltos: Naturaleza desde Pucón,huilo-huilo-full-day-1-1-30587,1184,"Tour a Ojos del Caburgua y Saltos: Naturaleza desde Pucón, Chile",https://www.tur.com/es/pucon-256/huilo-huilo-full-day-1-1-30587-1184
"Tour Saltos desde Pucón: El León, La China y Los Mellizos",tour-saltos-1-30608,1881,"Tour Saltos desde Pucón: El León, La China y Los Mellizos",https://www.tur.com/es/pucon-256/tour-saltos-1-30608-1881
"Tour Caburgua desde Pucón: Ojos del Caburgua, Naturaleza y Relajo",tour-caburgua-en-ruta-30611,2075,"Tour Caburgua desde Pucón: Ojos del Caburgua, Naturaleza y Relajo",https://www.tur.com/es/pucon-256/tour-caburgua-en-ruta-30611-2075
Ascenso al Volcán Villarrica: Una Aventura Imperdible en Pucón,ascension-volcan-villarrica-full-day-25278,2139,Ascenso al Volcán Villarrica: Una Aventura Imperdible en Pucón,https://www.tur.com/es/pucon-256/ascension-volcan-villarrica-full-day-25278-2139
Ascensión al Volcán Quetrupillan,ascension-volcan-quetrupillan-full-day-25520,1594,Ascensión al Volcán Quetrupillan,https://www.tur.com/es/pucon-256/ascension-volcan-quetrupillan-full-day-25520-1594
Conoce la cascada El Claro y su ancestralidad Mapuche,salto-de-agua-el-claro-y-ancestralidad-mapuche-medio-dia-25550,1878,Conoce la cascada El Claro y su ancestralidad Mapuche,https://www.tur.com/es/pucon-256/salto-de-agua-el-claro-y-ancestralidad-mapuche-medio-dia-25550-1878
Ticket Pillán Volcán Villarrica,ticket-centro-ski-pilan-villarrica,1819,Ticket Diario Centro de Montaña Pillán Volcán Villarrica,https://www.tur.com/es/villarrica-257/ticket-centro-ski-pilan-villarrica-1819
Bautizo de Buceo en el Lago Calafquén,bautizo-de-buceo-en-lago-calafquen-26232,1271,Bautizo de Buceo en el Lago Calafquén,https://www.tur.com/es/villarrica-257/bautizo-de-buceo-en-lago-calafquen-26232-1271
Trekking al Volcán Sollipulli: Glaciar y Bosques Milenarios,trekking-volcan-sollipilli-servicio-privado-31546,1500,Trekking al Volcán Sollipulli: Glaciar y Bosques Milenarios,https://www.tur.com/es/melipeuco-258/trekking-volcan-sollipilli-servicio-privado-31546-1500
Hiking en el Volcán Sollipulli: Naturaleza y Aventura Épica,ascension-al-volcan-sollipulli-hiking-25787,1575,Hiking en el Volcán Sollipulli: Naturaleza y Aventura Épica,https://www.tur.com/es/melipeuco-258/ascension-al-volcan-sollipulli-hiking-25787-1575
¡Pasa la noche en un Bosque de Araucarias!,pernoctacion-bosque-araucaria-25786,1196,¡Pasa la noche en un Bosque de Araucarias!,https://www.tur.com/es/melipeuco-258/pernoctacion-bosque-araucaria-25786-1196
Aventura de Buceo en el Lago Calafquén para Buceadores Certificados,buceo-guiado-en-lago-calafquen-26312,1197,Aventura de Buceo en el Lago Calafquén para Buceadores Certificados,https://www.tur.com/es/lican-ray-259/buceo-guiado-en-lago-calafquen-26312-1197
Snorkeling en Lago Calafquén: Explora la Península Ziwilwe,snorkeling-lago-calafquen-26229,1407,Snorkeling en Lago Calafquén: Explora la Península Ziwilwe,https://www.tur.com/es/lican-ray-259/snorkeling-lago-calafquen-26229-1407
"Descubre Manzanar, Lonquimay y Corralco en un Recorrido Completo",araucania-andina-naturaleza-y-tradicion-28196,1802,"Descubre Manzanar, Lonquimay y Corralco en un Recorrido Completo",https://www.tur.com/es/curacautin-260/araucania-andina-naturaleza-y-tradicion-28196-1802
Descubre el Parque Nacional Conguillío y sus Impresionantes Lagunas,descubre-pn-conguillio-28194,2174,Descubre el Parque Nacional Conguillío y sus Impresionantes Lagunas,https://www.tur.com/es/curacautin-260/descubre-pn-conguillio-28194-2174
Trekking a la Laguna Negra con Vista al Volcán Llaima,tour-laguna-negra-28195,1857,Trekking a la Laguna Negra con Vista al Volcán Llaima,https://www.tur.com/es/curacautin-260/tour-laguna-negra-28195-1857
Parque Nacional Tolhuaca,parque-nacional-tolhuaca,3688,Entrada al Parque Nacional Tolhuaca,https://www.tur.com/es/curacautin-260/parque-nacional-tolhuaca-3688
Vive la Aventura en Curacautín: Pase Multi Aventura en Vórtice Park,pase-aventura-vortice-27692,1264,Vive la Aventura en Curacautín: Pase Multi Aventura en Vórtice Park,https://www.tur.com/es/curacautin-260/pase-aventura-vortice-27692-1264
Vive el Backcountry en Malalcahuello con Ski y Splitboard,introduccion-al-backcountry-31089,1228,Vive el Backcountry en Malalcahuello con Ski y Splitboard,https://www.tur.com/es/malalcahuello-261/introduccion-al-backcountry-31089-1228
Trekking Laguna Espejo: Aventura entre Glaciares y Bosques Nativos,trekking-laguna-espejo-1-26008,1597,Trekking Laguna Espejo: Aventura entre Glaciares y Bosques Nativos,https://www.tur.com/es/malalcahuello-261/trekking-laguna-espejo-1-26008-1597
Ascensión Volcán Lonquimay: Desafío y Panorámicas de los Andes,ascencion-volcan-lonquimay-25912,1445,Ascensión Volcán Lonquimay: Desafío y Panorámicas de los Andes,https://www.tur.com/es/malalcahuello-261/ascencion-volcan-lonquimay-25912-1445
Ascensión Volcán Sierra Nevada: Aventura en el Parque Nacional Conguillío,ascension-volcan-sierra-nevada-26007,1965,Ascensión Volcán Sierra Nevada: Aventura en el Parque Nacional Conguillío,https://www.tur.com/es/malalcahuello-261/ascension-volcan-sierra-nevada-26007-1965
Trekking Sierra Nevada en Conguillío: Naturaleza y Vistas al Volcán,trekking-sierra-nevada-28666,1233,Trekking Sierra Nevada en Conguillío: Naturaleza y Vistas al Volcán,https://www.tur.com/es/malalcahuello-261/trekking-sierra-nevada-28666-1233
Trekking Full Day en Parque Conguillío: Araucarias Milenarias y Cascadas,full-day-conguillio-1-28665,2008,Trekking Full Day en Parque Conguillío: Araucarias Milenarias y Cascadas,https://www.tur.com/es/malalcahuello-261/full-day-conguillio-1-28665-2008
Travesía en Kayak por Laguna Verde: Naturaleza Pura en Conguillío,kayak-en-laguna-verde-28664,2095,Travesía en Kayak por Laguna Verde: Naturaleza Pura en Conguillío,https://www.tur.com/es/malalcahuello-261/kayak-en-laguna-verde-28664-2095
Traslado desde Aeropuerto de La Araucanía a Araucanía Andina,traslados-araucania-andina-32928,1332,Traslado desde Aeropuerto de La Araucanía a Araucanía Andina,https://www.tur.com/es/temuco-262/traslados-araucania-andina-32928-1332
MONUMENTO NATURAL CERRO ÑIELOL,monumento-natural-cerro-nielol,3428,Entrada Monumento Natural Cerro Ñielol,https://www.tur.com/es/temuco-262/monumento-natural-cerro-nielol-3428
Ascenso al Volcán Llaima: Aventura en la Cordillera de los Andes,ascenso-volcan-llaima-1-1-27383,1813,Ascenso al Volcán Llaima: Aventura en la Cordillera de los Andes,https://www.tur.com/es/temuco-262/ascenso-volcan-llaima-1-1-27383-1813
PARQUE NACIONAL CONGUILLÍO,parque-nacional-conguillio,3472,Entrada al Parque Nacional Conguillío,https://www.tur.com/es/vilcun-263/parque-nacional-conguillio-3472
Caminata en Bosque Nativo por Sendero Samadhi desde Vilcún,sendero-samadhi-27452,1334,Caminata en Bosque Nativo por Sendero Samadhi desde Vilcún,https://www.tur.com/es/vilcun-263/sendero-samadhi-27452-1334
Relajo en Tinajas al Aire libre en Vilcún,dia-wellness-27454,1381,Relajo en Tinajas al Aire libre en Vilcún,https://www.tur.com/es/vilcun-263/dia-wellness-27454-1381
Desde Valdivia a los Ojos del Caburgua: Explora Pucón y Villarrica,tour-pucon-villarrica-y-ojos-del-caburgua,1666,"Excursión desde Valdivia a Ojos del Caburgua, Pucón y Villarrica",https://www.tur.com/es/valdivia-265/tour-pucon-villarrica-y-ojos-del-caburgua-1666
Explora los Saltos del Petrohué y Navega por el Lago Todos los Santos desde Valdivia,excursion-desde-valdivia-saltos-del-petrohue-puerto-varas-navegacion,1676,Excursión desde Valdivia a Saltos del Petrohué y Puerto Varas con navegación,https://www.tur.com/es/valdivia-265/excursion-desde-valdivia-saltos-del-petrohue-puerto-varas-navegacion-1676
Trekking Alerce Abuelo,trekking-alerce-abuelo-parque-nacional-alerce-costero-desde-valdivia,3911,Trekking al Alerce Abuelo en Parque Alerce Costero desde Valdivia,https://www.tur.com/es/valdivia-265/trekking-alerce-abuelo-parque-nacional-alerce-costero-desde-valdivia-3911
Tour en bicicleta por bosques en Valdivia,tour-en-bicicleta-por-los-bosques-valdivianos,1565,Valdivia: Tour en bicicleta por Bosques y Parques,https://www.tur.com/es/valdivia-265/tour-en-bicicleta-por-los-bosques-valdivianos-1565
Tour Termas Geométricas,tour-termas-geometricas-desde-valdivia-salto-mili-mili,3917,Tour Termas Geométricas desde Valdivia con Salto Mili Mili,https://www.tur.com/es/valdivia-265/tour-termas-geometricas-desde-valdivia-salto-mili-mili-3917
"Tour Mágico Huilo Huilo: Naturaleza, Aventura y Encanto en un Destino Único en Chile",tour-huilo-huilo-magico-25707,2195,"Tour Mágico Huilo Huilo: Naturaleza, Aventura y Encanto en un Destino Único en Chile",https://www.tur.com/es/valdivia-265/tour-huilo-huilo-magico-25707-2195
Descubre Punucapa: Navegación y Delicias Artesanales en Valdivia,navegacion-valdivia-punucapa-degustaciones-santuario-carlos-anwandter,1793,Navegación desde Valdivia a Punucapa con degustaciones en santuario natural,https://www.tur.com/es/valdivia-265/navegacion-valdivia-punucapa-degustaciones-santuario-carlos-anwandter-1793
Trekking Parque Oncol y Punucapa: Naturaleza y Costas del Sur,trekking-parque-oncol-playa-pilolcura,1522,Trekking en el Parque Oncol y Playa Pilolcura desde Valdivia,https://www.tur.com/es/valdivia-265/trekking-parque-oncol-playa-pilolcura-1522
Recorrido por el río Valdivia: Historia y naturaleza a través del río,navegacion-city-tour-valdivia-25814,1827,Recorrido por el río Valdivia: Historia y naturaleza a través del río,https://www.tur.com/es/valdivia-265/navegacion-city-tour-valdivia-25814-1827
Valdivia sobre Dos Ruedas: Aventura en Bicicleta por el Borde Costero e Historia Local,city-tour-en-bicicleta,1187,Valdivia: City Tour en Bicicleta por el Borde Costero,https://www.tur.com/es/valdivia-265/city-tour-en-bicicleta-1187
Navega Desde Valdivia a Corral e Isla Mancera: Un Viaje Colonial,navegacion-corral-isla-mancera-desde-valdivia-castillos,2161,Navegación a Corral e Isla Mancera desde Valdivia,https://www.tur.com/es/valdivia-265/navegacion-corral-isla-mancera-desde-valdivia-castillos-2161
"Full Day Aventura en Valdivia: Canopy, Kayak y Cervezas Artesanales",dia-de-aventura-25817,1812,"Full Day Aventura en Valdivia: Canopy, Kayak y Cervezas Artesanales",https://www.tur.com/es/valdivia-265/dia-de-aventura-25817-1812
Tour Sensorial Parque Urbano El Bosque,tour-sensorial-parque-urbano-el-bosque-valdivia,3965,Tour sensorial en Parque Urbano El Bosque en Valdivia,https://www.tur.com/es/valdivia-265/tour-sensorial-parque-urbano-el-bosque-valdivia-3965
Ruta Termal Huilo Huilo: Navegación y Paisajes de la Selva Valdiviana,tour-termas-huilo-huilo-navegacion-lago-calafquen-desde-valdivia,1672,Tour Termas Huilo Huilo y Navegación Lago Calafquén desde Valdivia,https://www.tur.com/es/valdivia-265/tour-termas-huilo-huilo-navegacion-lago-calafquen-desde-valdivia-1672
"Tour Histórico en Valdivia y Niebla: Mercado, Fuerte y Casonas Alemanas",city-tour-valdivia-y-niebla-desde-valdivia-historia-y-miradores,2196,City Tour Valdivia y Niebla desde Valdivia con historia y miradores,https://www.tur.com/es/valdivia-265/city-tour-valdivia-y-niebla-desde-valdivia-historia-y-miradores-2196
Navegación en Stand up Paddle por el Río Futa: Paz en un Paraíso Escondido,desconexion-nativa-25781,2013,Navegación en Stand up Paddle por el Río Futa: Paz en un Paraíso Escondido,https://www.tur.com/es/valdivia-265/desconexion-nativa-25781-2013
Descubre el Bosque Valdiviano desde el Agua: SUP en Valdivia,sup-por-el-rio-cutipay-25606,2015,Descubre el Bosque Valdiviano desde el Agua: SUP en Valdivia,https://www.tur.com/es/valdivia-265/sup-por-el-rio-cutipay-25606-2015
City tour por Valdivia: la Perla del Sur,city-tour-de-la-perla-del-sur-25783,1742,City tour por Valdivia: la Perla del Sur,https://www.tur.com/es/valdivia-265/city-tour-de-la-perla-del-sur-25783-1742
Kayak en Valdivia: Navega el Santuario de la Naturaleza,kayak-rios-valdivia-y-cruces-experiencia-natural-e-historica,2126,Kayak en Valdivia: Navega el Santuario de la Naturaleza,https://www.tur.com/es/valdivia-265/kayak-rios-valdivia-y-cruces-experiencia-natural-e-historica-2126
Inmersión en la Selva Valdiviana: Naturaleza y Aprendizaje,visita-parque-de-insectos-27139,2039,Inmersión en la Selva Valdiviana: Naturaleza y Aprendizaje,https://www.tur.com/es/valdivia-265/visita-parque-de-insectos-27139-2039
"Navega en el Santuario del Río Cruces, Valdivia: SUP o Kayak",travesia-am-santuario-de-la-naturaleza-25442,2143,"Navega en el Santuario del Río Cruces, Valdivia: SUP o Kayak",https://www.tur.com/es/valdivia-265/travesia-am-santuario-de-la-naturaleza-25442-2143
Atardecer en SUP o Kayak: Descubre el Río Calle-Calle en Valdivia,sunset-tour-pm-rio-valdivia-25645,1758,Atardecer en SUP o Kayak: Descubre el Río Calle-Calle en Valdivia,https://www.tur.com/es/valdivia-265/sunset-tour-pm-rio-valdivia-25645-1758
"Kayak entre Montañas: La Magia de la Laguna Pichi, Parque Futangue",kayak-en-laguna-pichi-26718,1246,"Kayak entre Montañas: La Magia de la Laguna Pichi, Parque Futangue",https://www.tur.com/es/lago-ranco-266/kayak-en-laguna-pichi-26718-1246
Trekking Cerro Mayo: La Cumbre Más Alta del Lago Ranco con Increíbles Vistas,trekking-cerro-mayo-26716,1584,Trekking Cerro Mayo: La Cumbre Más Alta del Lago Ranco con Increíbles Vistas,https://www.tur.com/es/lago-ranco-266/trekking-cerro-mayo-26716-1584
Pesca en Laguna Los Coipos: Una Gran Experiencia en el Parque Futangue,pesca-con-mosca-en-laguna-los-coipos-1-1-1-1-1-26720,1419,Pesca en Laguna Los Coipos: Una Gran Experiencia en el Parque Futangue,https://www.tur.com/es/lago-ranco-266/pesca-con-mosca-en-laguna-los-coipos-1-1-1-1-1-26720-1419
Aventura de Pesca en la Laguna Pichi: Una experiencia única en el Parque Futangue,pesca-con-mosca-en-laguna-los-coipos-1-1-1-1-26715,1236,Aventura de Pesca en la Laguna Pichi: Una experiencia única en el Parque Futangue,https://www.tur.com/es/lago-ranco-266/pesca-con-mosca-en-laguna-los-coipos-1-1-1-1-26715-1236
Explora el Parque Futangue: Acceso Pitreño y Cerro Mayo,entrada-acceso-rininahue-2-1-1-1-1-26801,1181,Explora el Parque Futangue: Acceso Pitreño y Cerro Mayo,https://www.tur.com/es/lago-ranco-266/entrada-acceso-rininahue-2-1-1-1-1-26801-1181
Aventura Autoguiada en el Parque Futangue: Acceso Riñinahue,entrada-acceso-rininahue-2-1-1-1-1-26797,1267,Aventura Autoguiada en el Parque Futangue: Acceso Riñinahue,https://www.tur.com/es/lago-ranco-266/entrada-acceso-rininahue-2-1-1-1-1-26797-1267
Sendero de Darwin: En Busca de la Ranita Emblemática del Parque Futangue,trekking-sendero-de-darwin-26521,1909,Sendero de Darwin: En Busca de la Ranita Emblemática del Parque Futangue,https://www.tur.com/es/lago-ranco-266/trekking-sendero-de-darwin-26521-1909
Las Cascadas del Ranco: La Magia del Parque Futangue,tour-cascadas-del-ranco-26717,1343,Las Cascadas del Ranco: La Magia del Parque Futangue,https://www.tur.com/es/lago-ranco-266/tour-cascadas-del-ranco-26717-1343
Desciende el Río Bueno en Rafting: Adrenalina Pura en un Entorno Único en Ranco,rafting-rio-bueno-27927,1660,Desciende el Río Bueno en Rafting: Adrenalina Pura en un Entorno Único en Ranco,https://www.tur.com/es/lago-ranco-266/rafting-rio-bueno-27927-1660
"Tour en la cuenca del Lago Maihue: termas, cascadas y paisajes andinos",tour-maihue-jarrito-para-beber-26066,1862,"Tour en la cuenca del Lago Maihue: termas, cascadas y paisajes andinos",https://www.tur.com/es/lago-ranco-266/tour-maihue-jarrito-para-beber-26066-1862
Cascadas del Lago Ranco: Un tour natural inolvidable,tour-cascadas-ngenko-26056,1383,Cascadas del Lago Ranco: Un tour natural inolvidable,https://www.tur.com/es/lago-ranco-266/tour-cascadas-ngenko-26056-1383
Trekking en la Ruta de los Volcanes: Explora Riñinahue y sus Paisajes Únicos,ruta-de-los-volcanes-winkul-26065,1830,Trekking en la Ruta de los Volcanes: Explora Riñinahue y sus Paisajes Únicos,https://www.tur.com/es/lago-ranco-266/ruta-de-los-volcanes-winkul-26065-1830
Rafting Extremo en el Río San Pedro,rio-extremo-rio-san-pedro-25604,2056,Rafting Extremo en el Río San Pedro,https://www.tur.com/es/los-lagos-267/rio-extremo-rio-san-pedro-25604-2056
PARQUE NACIONAL ALERCE COSTERO,parque-nacional-alerce-costero,3425,Entrada Parque Nacional Alerce Costero,https://www.tur.com/es/la-union-268/parque-nacional-alerce-costero-sendero-mirador-3597
Parque Nacional Alerce Costero Sendero Mirador,parque-nacional-alerce-costero-sendero-mirador,3597,Entrada al Parque Nacional Alerce Costero Sendero Mirador,https://www.tur.com/es/la-union-268/parque-nacional-alerce-costero-sendero-mirador-3597
Rafting en el Río Bueno: Vive la Adrenalina en un Paisaje Natural Único,rafting-familiar-en-el-rio-bueno-25757,1198,Rafting en el Río Bueno: Vive la Adrenalina en un Paisaje Natural Único,https://www.tur.com/es/la-union-268/rafting-familiar-en-el-rio-bueno-25757-1198
Parque Acuario Puyehue: Recorrido Guiado y Actividades al Aire Libre,visita-parque-acuario-puyehue-26634,1952,Parque Acuario Puyehue: Recorrido Guiado y Actividades al Aire Libre,https://www.tur.com/es/rio-bueno-269/visita-parque-acuario-puyehue-26634-1952
Kayak de Travesía: Explora la Laguna Escondida,kayak-de-travesia-laguna-escondida-26824,1926,Kayak de Travesía: Explora la Laguna Escondida,https://www.tur.com/es/puerto-varas-270/kayak-de-travesia-laguna-escondida-26824-1926
Rafting en Río Petrohué desde Puerto Varas,rafting-rio-petrohue-desde-puerto-varas,5046,Rafting Río Petrohué desde Puerto Varas,https://www.tur.com/es/puerto-varas-270/rafting-rio-petrohue-desde-puerto-varas-5046
Aventura en Kayak por el Fiordo Reloncaví: Descubre la Patagonia desde el Agua,kayak-de-travesia-en-el-fiordo-del-reloncavi-26826,1705,Aventura en Kayak por el Fiordo Reloncaví: Descubre la Patagonia desde el Agua,https://www.tur.com/es/puerto-varas-270/kayak-de-travesia-en-el-fiordo-del-reloncavi-26826-1705
Trekking Volcán Osorno: Desde La Picada hasta Petrohué,trekking-paso-desolacion-en-volcan-osorno-26828,1231,Trekking Volcán Osorno: Desde La Picada hasta Petrohué,https://www.tur.com/es/puerto-varas-270/trekking-paso-desolacion-en-volcan-osorno-26828-1231
Ticket Volcán Osorno,ticket-centro-ski-volcan-osorno,1237,Ticket Diario Centro de Montaña Volcán Osorno,https://www.tur.com/es/puerto-varas-270/ticket-centro-ski-volcan-osorno-1237
Descubre Puerto Varas en eBike: Naturaleza y Biodiversidad en un Solo Tour,ebike-caminata-naturalista-26179,1286,Descubre Puerto Varas en eBike: Naturaleza y Biodiversidad en un Solo Tour,https://www.tur.com/es/puerto-varas-270/ebike-caminata-naturalista-26179-1286
Recorrido en Bicicleta por Ensenada y el Lago Llanquihue,ensenada-en-bicicletas-28133,1957,Recorrido en Bicicleta por Ensenada y el Lago Llanquihue,https://www.tur.com/es/puerto-varas-270/ensenada-en-bicicletas-28133-1957
Kayak en las Lagunas de Llanquihue: Remando entre Bosques y Volcanes,tour-en-kayak-laguna-la-poza-28132,1944,Kayak en las Lagunas de Llanquihue: Remando entre Bosques y Volcanes,https://www.tur.com/es/puerto-varas-270/tour-en-kayak-laguna-la-poza-28132-1944
"Experiencia Campestre en Playa Venado, Puerto Varas: Naturaleza y Sabores Artesanales",de-pasto-a-manjar-26261,1315,"Experiencia Campestre en Playa Venado, Puerto Varas: Naturaleza y Sabores Artesanales",https://www.tur.com/es/puerto-varas-270/de-pasto-a-manjar-26261-1315
Tour de Campo en Fundo Playa Venado: La Esencia del Sur de Chile,tour-de-campo-27386,1622,Tour de Campo en Fundo Playa Venado: La Esencia del Sur de Chile,https://www.tur.com/es/puerto-varas-270/tour-de-campo-27386-1622
Experiencia cultural en Llanquihue y Frutillar con acceso al Museo Alemán,excursion-llanquihue-y-frutillar-con-visita-al-museo-aleman-31900,2000,Experiencia cultural en Llanquihue y Frutillar con acceso al Museo Alemán,https://www.tur.com/es/puerto-varas-270/excursion-llanquihue-y-frutillar-con-visita-al-museo-aleman-31900-2000
Tour por Lago Llanquihue con Museo Alemán de Frutillar desde Puerto Varas,excursion-vuelta-al-lago-llanquihue-31905,1587,Tour por Lago Llanquihue con Museo Alemán de Frutillar desde Puerto Varas,https://www.tur.com/es/puerto-varas-270/excursion-vuelta-al-lago-llanquihue-31905-1587
Excursión Lago Tagua Tagua y Termas de Cochamó desde Puerto Varas,excursion-termas-cochamo-y-lago-tagua-tagua-31906,2012,Excursión Lago Tagua Tagua y Termas de Cochamó desde Puerto Varas,https://www.tur.com/es/puerto-varas-270/excursion-termas-cochamo-y-lago-tagua-tagua-31906-2012
"Ruta Real: Excursión por Maullín, Los Muermos y Playa Pangal",excursion-circuito-costero-maullin-y-carelmapu-26367,1696,"Ruta Real: Excursión por Maullín, Los Muermos y Playa Pangal",https://www.tur.com/es/puerto-varas-270/excursion-circuito-costero-maullin-y-carelmapu-26367-1696
Tour panorámico al Volcán Osorno desde Puerto Varas,excursion-volcan-osorno-31902,1165,Tour panorámico al Volcán Osorno desde Puerto Varas,https://www.tur.com/es/puerto-varas-270/excursion-volcan-osorno-31902-1165
Excursión a Frutillar y Puerto Octay con entrada al Museo Alemán,excursion-frutillar-y-puerto-octay-con-visita-al-museo-aleman-de-frutillar-31901,2054,Excursión a Frutillar y Puerto Octay con entrada al Museo Alemán,https://www.tur.com/es/puerto-varas-270/excursion-frutillar-y-puerto-octay-con-visita-al-museo-aleman-de-frutillar-31901-2054
City Tour Puerto Montt y Puerto Varas: cultura y paisajes del sur,city-tour-puerto-montt-y-puerto-varas-31899,1894,City Tour Puerto Montt y Puerto Varas: cultura y paisajes del sur,https://www.tur.com/es/puerto-varas-270/city-tour-puerto-montt-y-puerto-varas-31899-1894
Excursión hacia los Saltos del Petrohué y el Volcán Osorno,excursion-saltos-del-petrohue-y-volcan-osorno-26369,1275,Excursión hacia los Saltos del Petrohué y el Volcán Osorno,https://www.tur.com/es/puerto-varas-270/excursion-saltos-del-petrohue-y-volcan-osorno-26369-1275
Trekking Parque Alerce Andino desde Puerto Montt y Puerto Varas,trekking-parque-alerce-andino-1-1-1-31903,1729,Trekking Parque Alerce Andino desde Puerto Montt y Puerto Varas,https://www.tur.com/es/puerto-varas-270/trekking-parque-alerce-andino-1-1-1-31903-1729
"Excursión Isla de Chiloé: Ancud, Caulín y Puñihuil",excursion-isla-de-chiloe-ancud-caulin-y-punihuil-26366,1248,"Excursión Isla de Chiloé: Ancud, Caulín y Puñihuil desde Puerto Varas",https://www.tur.com/es/puerto-varas-270/excursion-isla-de-chiloe-ancud-caulin-y-punihuil-26366-1248
Trekking Valle La Junta: Aventura en Cochamó desde Puerto Varas,trekking-valle-de-la-junta-cochamo-26149,2189,Trekking Valle La Junta: Aventura en Cochamó desde Puerto Varas,https://www.tur.com/es/puerto-varas-270/trekking-valle-de-la-junta-cochamo-26149-2189
Ruta Natural: Trekking Paso Desolación por el Parque Nacional Vicente Perez Rosales,trekking-paso-desolacion-26146,1992,Ruta Natural: Trekking Paso Desolación por el Parque Nacional Vicente Perez Rosales,https://www.tur.com/es/puerto-varas-270/trekking-paso-desolacion-26146-1992
"Exploración Andina: Trekking al Lago Cabrera, Hornopirén",trekking-lago-cabrera-hornopiren-27839,1281,"Exploración Andina: Trekking al Lago Cabrera, Hornopirén",https://www.tur.com/es/puerto-varas-270/trekking-lago-cabrera-hornopiren-27839-1281
Exploración Natural: Petrohué y Volcán Osorno,tour-tradicional-petrohue-volcan-osorno-26148,1868,Exploración Natural: Petrohué y Volcán Osorno,https://www.tur.com/es/puerto-varas-270/tour-tradicional-petrohue-volcan-osorno-26148-1868
Trekking Parque Nacional Alerce Andino: Bosques Milenarios y Cascada,trekking-parque-nacional-alerce-andino-27840,1942,Trekking Parque Nacional Alerce Andino: Bosques Milenarios y Cascada,https://www.tur.com/es/puerto-varas-270/trekking-parque-nacional-alerce-andino-27840-1942
Ascenso a la Cumbre del Volcán Hornopirén: Aventura en la Patagonia Andina,ascenso-cumbre-volcan-hornopiren-27842,1940,Ascenso a la Cumbre del Volcán Hornopirén: Aventura en la Patagonia Andina,https://www.tur.com/es/puerto-varas-270/ascenso-cumbre-volcan-hornopiren-27842-1940
Ascenso a la Cumbre del Volcán Osorno: Desafío en las Alturas,ascenso-cumbre-volcan-osorno-27837,1737,Ascenso a la Cumbre del Volcán Osorno: Desafío en las Alturas,https://www.tur.com/es/puerto-varas-270/ascenso-cumbre-volcan-osorno-27837-1737
Sendero Cascada Río Blanco: Aventura en Hornopirén,trekking-cascada-rio-blanco-hornopiren-27843,1948,Sendero Cascada Río Blanco: Aventura en Hornopirén,https://www.tur.com/es/puerto-varas-270/trekking-cascada-rio-blanco-hornopiren-27843-1948
Ascenso a la Cumbre del Volcán Casa Blanca: Desafío en los Andes Patagónicos,ascenso-cumbre-volcan-casa-blanca-27841,1438,Ascenso a la Cumbre del Volcán Casa Blanca: Desafío en los Andes Patagónicos,https://www.tur.com/es/puerto-varas-270/ascenso-cumbre-volcan-casa-blanca-27841-1438
Trekking al Mirador Cerro La Picada: Ruta Panorámica en el Parque Vicente Pérez Rosales,trekking-mirador-cerro-la-picada-27838,2190,Trekking al Mirador Cerro La Picada: Ruta Panorámica en el Parque Vicente Pérez Rosales,https://www.tur.com/es/puerto-varas-270/trekking-mirador-cerro-la-picada-27838-2190
Aventura en el Volcán Osorno: Trekking hacia el Glaciar y sus Formaciones de Hielo,trekking-seracs-volcan-osorno-26096,1954,Aventura en el Volcán Osorno: Trekking hacia el Glaciar y sus Formaciones de Hielo,https://www.tur.com/es/puerto-varas-270/trekking-seracs-volcan-osorno-26096-1954
Tour en Bicicleta: Saltos del Petrohué y Lago Todos Los Santos,bike-tour-petrohue-26147,1984,Tour en Bicicleta: Saltos del Petrohué y Lago Todos Los Santos,https://www.tur.com/es/puerto-varas-270/bike-tour-petrohue-26147-1984
Explora el Volcán Osorno: Mirador del Glaciar y Cráter Rojo,trekking-mirador-del-glaciar-volcan-osorno-26092,2185,Explora el Volcán Osorno: Mirador del Glaciar y Cráter Rojo,https://www.tur.com/es/puerto-varas-270/trekking-mirador-del-glaciar-volcan-osorno-26092-2185
Rafting en el Río Petrohué desde Puerto Varas: Entre Volcanes y Aventura,rafting-rio-petrohue-4-31202,2128,Rafting en el Río Petrohué: Entre Volcanes y Aventura,https://www.tur.com/es/puerto-varas-270/rafting-rio-petrohue-4-31202-2128
Rafting Familiar en Río Petrohué: Aguas del Sur de Chile,rafting-familiar-3-31888,2076,Rafting Familiar en Río Petrohué: Aguas del Sur de Chile,https://www.tur.com/es/puerto-varas-270/rafting-familiar-3-31888-2076
Parque Nacional Vicente Perez Rosales,parque-nacional-vicente-perez-rosales,3600,Entrada al Parque Nacional Vicente Perez Rosales,https://www.tur.com/es/puerto-varas-270/parque-nacional-vicente-perez-rosales-3600
Circuito Aguas y Pueblos: Descubre el Lago Llanquihue,circuito-lago-llanquihue-26533,2207,"Descubre el Lago Llanquihue:  Puerto Varas, Puerto Octay y Frutillar",https://www.tur.com/es/puerto-varas-270/circuito-lago-llanquihue-26533-2207
Encantos del Sur: Volcán Osorno y Saltos de Petrohué,volcan-osorno-y-petrohue-25752,1708,Tour al Volcán Osorno y Petrohué con traslados desde Puerto Varas,https://www.tur.com/es/puerto-varas-270/volcan-osorno-y-petrohue-25752-1708
"Explora la Isla de Chiloé: Chacao, Ancud, Castro y Dalcahue",chiloe-tradicional-26531,1836,"Explora la Isla de Chiloé: Chacao, Ancud, Castro y Dalcahue",https://www.tur.com/es/puerto-varas-270/chiloe-tradicional-26531-1836
Rafting en el Río Petrohué: Aventura en el Parque Nacional Vicente Pérez Rosales,rafting-aventura-rio-petrohue-26165,1230,Rafting en el Río Petrohué: Aventura desde Ensenada hacia el Parque Nacional Vicente Pérez Rosales,https://www.tur.com/es/puerto-varas-270/rafting-aventura-rio-petrohue-26165-1230
Kayak de Río Full Day en Puerto Varas: Aventura en el Petrohué,kayak-de-rio-full-day-26169,1991,Kayak de Río Full Day en Puerto Varas: Aventura en el Petrohué,https://www.tur.com/es/puerto-varas-270/kayak-de-rio-full-day-26169-1991
Flotada Familiar en Petrohué: Naturaleza y Picnic a Orillas del Río,floating-familiar-26168,1967,Floating Familiar en Petrohué: Naturaleza y Picnic a Orillas del Río,https://www.tur.com/es/puerto-varas-270/floating-familiar-26168-1967
Ticket diario,termas-cochamo-ticket-pase-diario-27804,2177,Ticket Día Termas Cochamó,https://www.tur.com/es/puerto-varas-270/termas-cochamo-ticket-pase-diario-27804-2177
Tour a Frutillar desde Puerto Varas con parada en Llanquihue,excursion-a-frutillar-desde-puerto-varas-33001,2980,Tour a Frutillar desde Puerto Varas con parada en Llanquihue,https://www.tur.com/es/puerto-varas-270/excursion-a-frutillar-desde-puerto-varas-33001-2980
Descubre Chiloé: Tour Cultural a Castro y Dalcahue desde Puerto Varas,excursion-chiloe-castro-y-dalcahue-33005,1724,Descubre Chiloé: Tour Cultural a Castro y Dalcahue desde Puerto Varas,https://www.tur.com/es/puerto-varas-270/excursion-chiloe-castro-y-dalcahue-33005-1724
Excursión Termas del Sol y Estuario de Reloncaví en Chile,excursion-termas-del-sol-y-estuario-de-reloncavi-en-chile,2983,Excursión Termas del Sol y Estuario de Reloncaví en Chile,https://www.tur.com/es/puerto-varas-270/excursion-termas-del-sol-y-estuario-de-reloncavi-en-chile-2983
Excursión a Petrohué y Volcán Osorno desde Puerto Varas,excursion-petrohue-y-volcan-osorno-32907,1562,"Excursión a Saltos del Petrohué, Lago Todos los Santos y Volcán Osorno desde Puerto Varas",https://www.tur.com/es/puerto-varas-270/excursion-petrohue-y-volcan-osorno-32907-1562
Circuito Lago Llanquihue con Paradas Culturales desde Puerto Varas,circuito-lago-llanquihue-1-33002,1755,Circuito Lago Llanquihue con Paradas Culturales desde Puerto Varas,https://www.tur.com/es/puerto-varas-270/circuito-lago-llanquihue-1-33002-1755
Excursión Chiloé a las pingüineras de Puñihuil y Ancud desde Puerto Varas,excursion-chiloe-ancud-y-pinguineras-33003,1767,Excursión Chiloé a las pingüineras de Puñihuil y Ancud desde Puerto Varas,https://www.tur.com/es/puerto-varas-270/excursion-chiloe-ancud-y-pinguineras-33003-1767
Canopy de 2Km: Vive la Aventura y Adrenalina en las Alturas del Lago Llanquihue,canopy-2k-27978,1647,Canopy de 2Km: Vive la Aventura y Adrenalina en las Alturas del Lago Llanquihue,https://www.tur.com/es/puerto-varas-270/canopy-2k-27978-1647
Canopy en Puerto Varas: Aventura en la Laguna Espejo y su Bosque Nativo,canopy-la-laguna-27979,1606,Canopy en Puerto Varas: Aventura en la Laguna Espejo y su Bosque Nativo,https://www.tur.com/es/puerto-varas-270/canopy-la-laguna-27979-1606
"Full Day Parque Tepuhueico: Bosques, Cascadas y Vida Silvestre en Chiloé",full-day-bosque-26702,1244,"Full Day Parque Tepuhueico: Bosques, Cascadas y Vida Silvestre en Chiloé",https://www.tur.com/es/castro-271/full-day-bosque-26702-1244
City Tour Castro Urbano: Cultura y Naturaleza en el Corazón de Chiloé,city-tour-castro-urbano-32318,1670,City Tour Castro Urbano: Cultura y Naturaleza en el Corazón de Chiloé,https://www.tur.com/es/castro-271/city-tour-castro-urbano-32318-1670
Aventura en Parque Alto Muro: Recorrido en Fat Bike E-bike,recorre-parque-alto-muro-aventura-en-fat-bike-27439,1614,Aventura en Parque Alto Muro: Recorrido en Fat Bike E-bike,https://www.tur.com/es/castro-271/recorre-parque-alto-muro-aventura-en-fat-bike-27439-1614
"Archipiélago de Chiloé en 4 Días: Naturaleza, Cultura y Aventura",archipielago-de-chiloe-4-dias-full-day-outdoors-26704,1578,"Archipiélago de Chiloé en 4 Días: Naturaleza, Cultura y Aventura",https://www.tur.com/es/castro-271/archipielago-de-chiloe-4-dias-full-day-outdoors-26704-1578
"Parque de Aventuras Outdoor en Chiloé: Canopy, Kayak, Escalada y Más",full-day-experiencia-parque-alto-muro-aventura-26997,1804,"Parque de Aventuras Outdoor en Chiloé: Canopy, Kayak, Escalada y Más",https://www.tur.com/es/castro-271/full-day-experiencia-parque-alto-muro-aventura-26997-1804
Vive Chiloé: Circuito de Canopy y Arborismo en Ancud,canopy-y-puentes-colgantes-26719,1517,Vive Chiloé: Circuito de Canopy y Arborismo en Ancud,https://www.tur.com/es/ancud-272/canopy-y-puentes-colgantes-26719-1517
Explora los secretos de Chiloé en el Parque Mawünko: Caminata guiada,sendero-guiado-union-de-las-aguas-26996,1604,Explora los secretos de Chiloé en el Parque Mawünko: Caminata guiada,https://www.tur.com/es/ancud-272/sendero-guiado-union-de-las-aguas-26996-1604
Aventura en Bote al Lago Chapo y sus Cascadas,aventura-lago-chapo,1189,Aventura en Bote al Lago Chapo y sus Cascadas,https://www.tur.com/es/puerto-montt-273/aventura-lago-chapo-1189
Navega y Explora el Parque Aliwen: El Tesoro del Sur de Chile,visita-parque-aliwen,1652,Navega y Explora el Parque Aliwen: El Tesoro del Sur de Chile,https://www.tur.com/es/puerto-montt-273/visita-parque-aliwen-1652
Navegación en Velero por la Patagonia Norte: Aventura 6 Grados a Favor,6-grados-a-favor-patagonia-norte-32660,1495,Navegación en Velero por la Patagonia Norte: Aventura 6 Grados a Favor,https://www.tur.com/es/puerto-montt-273/6-grados-a-favor-patagonia-norte-32660-1495
PARQUE NACIONAL ALERCE ANDINO,parque-nacional-alerce-andino,3440,Entrada Parque Nacional Alerce Andino,https://www.tur.com/es/puerto-montt-273/parque-nacional-alerce-andino-3440
MONUMENTO NATURAL LAHUEN ÑADI,monumento-natural-lahuen-nadi,3449,Entrada al Monumento Natural Lahuen Ñadi,https://www.tur.com/es/puerto-montt-273/monumento-natural-lahuen-nadi-3449
Trekking Cerro La Picada: Amanecer y Vistas Únicas en Osorno,trekking-cerro-la-picada-1-26272,1440,Trekking Cerro La Picada: Amanecer y Vistas Únicas del Volcán Osorno,https://www.tur.com/es/puerto-montt-273/trekking-cerro-la-picada-1-26272-1440
Trekking al Refugio del Volcán Calbuco: Naturaleza e Historia,trekking-refugio-volcan-calbuco-26270,1986,Trekking al Refugio del Volcán Calbuco: Naturaleza e Historia,https://www.tur.com/es/puerto-montt-273/trekking-refugio-volcan-calbuco-26270-1986
Trekking al Volcán Osorno: Aventura desde Puerto Montt,trekking-volcan-osorno-200-msnm-26244,1627,Trekking al Volcán Osorno: Aventura desde Puerto Montt,https://www.tur.com/es/puerto-montt-273/trekking-volcan-osorno-200-msnm-26244-1627
Entrada Parque Tantauco: Exploración en Yaldad y Chaiguata,ticket-parque-tantauco-yaldad,1341,Entrada Parque Tantauco: Exploración en Yaldad y Chaiguata,https://www.tur.com/es/quellon-274/ticket-parque-tantauco-yaldad-1341
Ruta Origen del Maullín: Experiencia Única en Kayak y SUP,experiencia-unica-en-kayak-y-sup-31990,1618,Ruta Origen del Maullín: Experiencia Única en Kayak y SUP,https://www.tur.com/es/llanquihue-278/experiencia-unica-en-kayak-y-sup-31990-1618
Full Day de Relajación: Bio Piscinas Termales y Playa en Frutillar,bio-piscinas-termales-y-playa-full-day-estadia-de-8hrs-27546,1492,Día Completo de Bio Piscinas Termales Cancagua Spa en Frutillar,https://www.tur.com/es/frutillar-280/bio-piscinas-termales-y-playa-full-day-estadia-de-8hrs-27546-1492
Relájate en Biopiscinas Termales en Frutillar con vista al lago – Medio día,bio-piscinas-termales-y-playa-estadia-de-4hrs-27545,1609,Medio Día de Bio Piscinas Termales en Cancagua Spa,https://www.tur.com/es/frutillar-280/bio-piscinas-termales-y-playa-estadia-de-4hrs-27545-1609
Navegación en Catamarán por el Lago Llanquihue: Descubre Frutillar desde el Agua,navegacion-descubre-frutillar-desde-el-lago-llanquihue-27392,1176,Navegación en Catamarán por el Lago Llanquihue: Descubre Frutillar desde el Agua,https://www.tur.com/es/frutillar-280/navegacion-descubre-frutillar-desde-el-lago-llanquihue-27392-1176
Tour Parque Vicente Pérez Rosales: descubre los Saltos del Petrohué y el Volcán Osorno,tour-parque-vicente-perez-rosales-27607,1365,Tour Parque Vicente Pérez Rosales: descubre los Saltos del Petrohué y el Volcán Osorno,https://www.tur.com/es/frutillar-280/tour-parque-vicente-perez-rosales-27607-1365
Visita por el día Parque Tagua Tagua,visita-por-el-dia-parque-tagua-tagua-29954,1254,Visita por el día Parque Tagua Tagua,https://www.tur.com/es/cochamo-281/visita-por-el-dia-parque-tagua-tagua-29954-1254
Trekking y navegación en Valle del Puelo con cruce de tres lagos,ruta-3-lagos-27385,1180,Trekking y navegación en Valle del Puelo con cruce de tres lagos,https://www.tur.com/es/cochamo-281/ruta-3-lagos-27385-1180
Trekking Las Rosas en Río Puelo: Naturaleza y Permacultura,ruta-las-rosas-primer-corral-28519,1549,Trekking Las Rosas en Río Puelo: Naturaleza y Permacultura,https://www.tur.com/es/cochamo-281/ruta-las-rosas-primer-corral-28519-1549
Aventura de Dos Días en Valle Ventisquero: Trekking y Kayak en la Patagonia,valle-ventisquero-28426,1683,Aventura de Dos Días en Valle Ventisquero: Trekking y Kayak en la Patagonia,https://www.tur.com/es/cochamo-281/valle-ventisquero-28426-1683
Rafting de Clase Mundial en el Majestuoso Futaleufú,full-day-53-25193,1439,Full Day Rafting en el Río Futaleufú,https://www.tur.com/es/futaleufu-282/full-day-53-25193-1439
Rafting en el río Futaleufú: Sección Puente a Puente,rafting-seccion-puente-a-puente-25160,1501,Rafting en el río Futaleufú: Sección Puente a Puente,https://www.tur.com/es/futaleufu-282/rafting-seccion-puente-a-puente-25160-1501
Rafting en el Río Futaleufú: Sección Puente a Macal,rafting-seccion-puente-a-macal-25192,2202,Rafting en el Río Futaleufú: Sección Puente a Macal,https://www.tur.com/es/futaleufu-282/rafting-seccion-puente-a-macal-25192-2202
Flotada Familiar en el Río Espolón Futaleufú con Snack Incluido,rafting-familiar-rio-espolon-32087,1545,Futaleufú: Flotada Familiar en el Río Espolón ,https://www.tur.com/es/futaleufu-282/rafting-familiar-rio-espolon-32087-1545
"Aventura Ecuestre en Futaleufú: Bosques, Cascadas y Lago Espolón",circuito-calafate-25698,1310,"Aventura Ecuestre en Futaleufú: Bosques, Cascadas y Lago Espolón",https://www.tur.com/es/futaleufu-282/circuito-calafate-25698-1310
Trekking hacia la Cascada Río Blanco: Aventura en la Carretera Austral,trekking-cascada-rio-blanco-1-28188,1508,Trekking hacia la Cascada Río Blanco: Aventura en la Carretera Austral,https://www.tur.com/es/hornopiren-283/trekking-cascada-rio-blanco-1-28188-1508
Kayak en los Fiordos de Hornopirén: Naturaleza y Avistamiento de Fauna,kayak-en-fiordos-29244,1668,Kayak en los Fiordos de Hornopirén: Naturaleza y Avistamiento de Fauna,https://www.tur.com/es/hornopiren-283/kayak-en-fiordos-29244-1668
PARQUE NACIONAL QUEULAT,parque-nacional-queulat,3423,Entrada al Parque Nacional Queulat,https://www.tur.com/es/cisnes-285/parque-nacional-queulat-3423
"Glaciar El Tigre: Una aventura de 2 días en Villa O’Higgins, Patagonia",caminata-glaciar-tigre-27616,1659,Glaciar El Tigre: Una aventura de 2 días en Villa O’Higgins,https://www.tur.com/es/villa-ohiggins-286/caminata-glaciar-tigre-27616-1659
Descubre el Glaciar Submarino: Trekking de 9 horas en Villa O’Higgins,caminata-glaciar-submarino-25809,1459,Descubre el Glaciar Submarino: Trekking de 9 horas en Villa O’Higgins,https://www.tur.com/es/villa-ohiggins-286/caminata-glaciar-submarino-25809-1459
Travesía 3 Lagos en Villa O’Higgins: Kayak al final de la Carretera Austral,travesia-3-lagos-27613,1570,Travesía 3 Lagos en Villa O’Higgins: Kayak al final de la Carretera Austral,https://www.tur.com/es/villa-ohiggins-286/travesia-3-lagos-27613-1570
"Aventura Full-Day en Villa O’Higgins: Navegación , 4x4 y eBike en la Patagonia",full-day-ebike-4x4-y-navegacion-ruta-mayer-y-lago-christie-32873,2003,"Aventura Full-Day en Villa O’Higgins: Navegación , 4x4 y eBike en la Patagonia",https://www.tur.com/es/villa-ohiggins-286/full-day-ebike-4x4-y-navegacion-ruta-mayer-y-lago-christie-32873-2003
Tour de 10 días por la Carretera Austral Sur en eBike desde Villa O’Higgins hasta Balmaceda,10-dias-carretera-austral-sur-en-ebike-32864,1277,Tour de 10 días por la Carretera Austral Sur en eBike desde Villa O’Higgins hasta Balmaceda,https://www.tur.com/es/villa-ohiggins-286/10-dias-carretera-austral-sur-en-ebike-32864-1277
Desafía la Patagonia: Recorre el Fin de la Carretera Austral en una eBike,llega-al-final-de-la-carretera-austral-sobre-una-ebike-26880,1289,Desafía la Patagonia: Recorre el Fin de la Carretera Austral en una eBike,https://www.tur.com/es/villa-ohiggins-286/llega-al-final-de-la-carretera-austral-sobre-una-ebike-26880-1289
Expedición Patagónica en eBike de 8 días entre Villa O’Higgins y El Chaltén,8-dias-de-villa-ohiggins-a-el-chalten-en-ebike-la-ruta-mitica-entre-dos-mundos-32872,2172,Expedición Patagónica en eBike de 8 días entre Villa O’Higgins y El Chaltén,https://www.tur.com/es/villa-ohiggins-286/8-dias-de-villa-ohiggins-a-el-chalten-en-ebike-la-ruta-mitica-entre-dos-mundos-32872-2172
Navegación por el Lago O’Higgins: Entrada a la Patagonia salvaje,navegacion-villa-ohiggins-a-candelario-mancilla-1-1-1-1-1-26296,2051,Cruce Lacustre por el Lago O’Higgins: Desde Villa O’Higgins a Candelario Mancilla,https://www.tur.com/es/villa-ohiggins-286/navegacion-villa-ohiggins-a-candelario-mancilla-1-1-1-1-1-26296-2051
Cruce lacustre por el Lago O’Higgins hacia el Kilómetro Cero de la Patagonia,navegacion-villa-ohiggins-a-candelario-mancilla-1-1-1-1-1-26362,1995,Cruce lacustre por el Lago O’Higgins: Desde Candelario Mancilla a Villa O'Higgins,https://www.tur.com/es/villa-ohiggins-286/navegacion-villa-ohiggins-a-candelario-mancilla-1-1-1-1-1-26362-1995
Navega los Fiordos Patagónicos hasta el Glaciar Jorge Montt,expedicion-glaciar-jorge-montt-24914,1805,Navega por los fiordos de la Patagonia hasta el Glaciar Jorge Montt,https://www.tur.com/es/tortel-287/expedicion-glaciar-jorge-montt-24914-1805
PARQUE NACIONAL BERNARDO O'HIGGINS,parque-nacional-bernardo-o-higgins,3442,Entrada al Parque Nacional Bernardo O'Higgins,https://www.tur.com/es/tortel-287/parque-nacional-bernardo-o-higgins-3442
Sauna en Medio de la Carretera Austral,sauna-bajo-palena-24893,2145,Sauna en Medio de la Carretera Austral,https://www.tur.com/es/balmaceda-288/sauna-bajo-palena-24893-2145
Navegación en la Reserva Piti Palena: Avistamiento de Ballenas y Fauna Marina,viajes-nauticos-bajo-palena-24894,1211,Navegación en la Reserva Piti Palena: Avistamiento de Ballenas y Fauna Marina,https://www.tur.com/es/balmaceda-288/viajes-nauticos-bajo-palena-24894-1211
Rafting en la Patagonia: Aventura Familiar en Rio Blanco y Aysén,rafting-familiar-rio-blanco-rio-aysen-patagonia-chilena-24781,1247,Rafting en la Patagonia: Aventura Familiar en Rio Blanco y Aysén,https://www.tur.com/es/coyhaique-289/rafting-familiar-rio-blanco-rio-aysen-patagonia-chilena-24781-1247
Senderismo Cerro Cinchao: Naturaleza y Tranquilidad de la Patagonia,hiking-cerro-cinchao-25025,1520,Senderismo Cerro Cinchao: Naturaleza y Tranquilidad de la Patagonia,https://www.tur.com/es/coyhaique-289/hiking-cerro-cinchao-25025-1520
Conoce la Ruta del Agua en Puerto Aysén,ruta-del-agua-puerto-aysen-1-25000,1493,Conoce la Ruta del Agua en Puerto Aysén,https://www.tur.com/es/coyhaique-289/ruta-del-agua-puerto-aysen-1-25000-1493
Sendero Verde en Aysén: Un Viaje entre Bosques y Cascadas,sendero-de-oro-verde-25026,1532,Sendero Verde en Aysén: Un Viaje entre Bosques y Cascadas,https://www.tur.com/es/coyhaique-289/sendero-de-oro-verde-25026-1532
Explora el Parque Nacional Queulat: Naturaleza y el Imponente Ventisquero Colgante,parque-nacional-queulat-1-25024,1489,Explora el Parque Nacional Queulat: Naturaleza y el Imponente Ventisquero Colgante,https://www.tur.com/es/coyhaique-289/parque-nacional-queulat-1-25024-1489
Descubre en Kayak el Lago La Paloma: Naturaleza y Serenidad en Coyhaique,kayak-lago-la-paloma-25054,1183,"Descubre en Kayak el Lago La Paloma: Naturaleza y Serenidad en Coyhaique, Chile",https://www.tur.com/es/coyhaique-289/kayak-lago-la-paloma-25054-1183
Tour Puerto Aysén y Bahía Acantilada,tour-puerto-aysen-bahia-acantilada-25184,2133,Tour Puerto Aysén y Bahía Acantilada en Chile,https://www.tur.com/es/coyhaique-289/tour-puerto-aysen-bahia-acantilada-25184-2133
"Tour Queulat-Puyuhuapi: Bosques, Fiordos y Tradición Patagónica",tour-queulat-puyuhuapi-1-25236,1966,Tour Queulat-Puyuhuapi: Bosques y Fiordos en Chile,https://www.tur.com/es/coyhaique-289/tour-queulat-puyuhuapi-1-25236-1966
Conexión y Bienestar: Una Jornada Transformadora en la Serenidad de los Bosques,jornada-de-bienestar-en-la-naturaleza-25181,1933,Conexión y Bienestar: Una Jornada en la Serenidad de los Bosques en Chile,https://www.tur.com/es/coyhaique-289/jornada-de-bienestar-en-la-naturaleza-25181-1933
Ruta de Senderismo en Villa Mañihuales,puente-piedra-manihuales-25079,2119,Puente Piedra en Villa Mañihuales Chile,https://www.tur.com/es/coyhaique-289/puente-piedra-manihuales-25079-2119
Entrada al Parque Los Ñires con Guía Local y Caminata Interpretativa,entrada-al-parque-con-guia-local-30120,1895,Entrada al Parque Los Ñires con Guía Local y Caminata Interpretativa,https://www.tur.com/es/coyhaique-289/entrada-al-parque-con-guia-local-30120-1895
Entrada al Parque Los Ñires: Senderos y Naturaleza,entrada-al-parque-de-naturaleza-30119,1891,Entrada al Parque Los Ñires: Senderos y Naturaleza,https://www.tur.com/es/coyhaique-289/entrada-al-parque-de-naturaleza-30119-1891
MONUMENTO NATURAL DOS LAGUNAS,monumento-natural-dos-lagunas,3414,Entrada Monumento Natural Dos Lagunas,https://www.tur.com/es/coyhaique-289/monumento-natural-dos-lagunas-3414
RESERVA NACIONAL RIO SIMPSON,reserva-nacional-rio-simpson,3410,Entrada Reserva Nacional Rio Simpson,https://www.tur.com/es/coyhaique-289/reserva-nacional-rio-simpson-3410
RESERVA NACIONAL COYHAIQUE,reserva-nacional-coyhaique,3430,Entrada Reserva Nacional Coyhaique,https://www.tur.com/es/coyhaique-289/reserva-nacional-coyhaique-3430
Expedición 4x4 por la Carretera Austral Sur: Aventura en la Última Frontera de la Patagonia,carretera-austral-sur-27926,1983,Expedición 4x4 por la Carretera Austral Sur: Aventura en la Última Frontera de la Patagonia,https://www.tur.com/es/coyhaique-289/carretera-austral-sur-27926-1983
Expedición 4x4 Carretera Austral Norte: 6 Días de Aventura en la Patagonia,carretera-austral-norte-2-27925,1920,Expedición 4x4 Carretera Austral Norte: 6 Días de Aventura en la Patagonia,https://www.tur.com/es/coyhaique-289/carretera-austral-norte-2-27925-1920
"Vuelo en Helicóptero en la Patagonia: Lago General Carrera, Río Cañal y Lago Meliquina",lago-y-glaciar-melikina-25782,1284,"Vuelo en Helicóptero en la Patagonia: Lago General Carrera, Río Cañal y Lago Meliquina",https://www.tur.com/es/coyhaique-289/lago-y-glaciar-melikina-25782-1284
Descubre la Magia Patagónica: Vuelo en Helicóptero por el Circuito del Cóndor,heli-tour-circuito-del-condor-25859,1483,Descubre la Magia Patagónica: Vuelo en Helicóptero por el Circuito del Cóndor,https://www.tur.com/es/puerto-aysen-290/heli-tour-circuito-del-condor-25859-1483
Tour Simple,tour-capilla-de-marmol,1318,Navegación a Capillas de Mármol desde Puerto Río Tranquilo,https://www.tur.com/es/puerto-rio-tranquilo-291/tour-capilla-de-marmol-1318
Tour Full,navegacion-full-capillas-de-marmol,1829,Navegación Full Capillas de Mármol desde Puerto Río Tranquilo,https://www.tur.com/es/puerto-rio-tranquilo-291/navegacion-full-capillas-de-marmol-1829
Packrafting en el Valle Exploradores: Remando en la Patagonia profunda,packraft-lago-bayo-25582,1910,Packrafting en el Valle Exploradores: Remando en la Patagonia profunda,https://www.tur.com/es/puerto-rio-tranquilo-291/packraft-lago-bayo-25582-1910
Aventura en Kayak: Capillas de Mármol y la Grandeza de la Patagonia,kayak-capilla-de-marmol-25581,1934,Kayak en las Capillas de Mármol desde Puerto Río Tranquilo,https://www.tur.com/es/puerto-rio-tranquilo-291/kayak-capilla-de-marmol-25581-1934
Trekking al Mirador del Glaciar Exploradores desde Puerto Río Tranquilo,trekking-mirador-glaciar-exploradores-25583,1330,Trekking al Mirador del Glaciar Exploradores desde Puerto Río Tranquilo,https://www.tur.com/es/puerto-rio-tranquilo-291/trekking-mirador-glaciar-exploradores-25583-1330
Capilla y Catedral de Mármol: Recorrido Náutico por el Lago General Carrera,navegacion-capillas-de-marmol,2163,Navegación Capillas de Mármol desde Puerto Río Tranquilo,https://www.tur.com/es/puerto-rio-tranquilo-291/navegacion-capillas-de-marmol-2163
Tour Full Capillas de Mármol en el Lago General Carrera,tour-full-capillas-marmol,1809,Puerto Río Tranquilo: Navegación Full Capillas de Mármol,https://www.tur.com/es/puerto-rio-tranquilo-291/tour-full-capillas-marmol-1809
PARQUE NACIONAL LAGUNA SAN RAFAEL,parque-nacional-laguna-san-rafael,3408,Entrada Parque Nacional Laguna San Rafael,https://www.tur.com/es/puerto-rio-tranquilo-291/parque-nacional-laguna-san-rafael-3408
Trekking y navegación al Glaciar Leones en Aysén con brindis sobre hielo milenario,glaciar-leones-28518,2148,Trekking al Glaciar Leones con Navegación,https://www.tur.com/es/puerto-rio-tranquilo-291/glaciar-leones-28518-2148
Sendero a los Miradores del Glaciar Exploradores en Patagonia,trekking-a-los-miradores-del-glaciar-exploradores-25340,1711,Sendero a los Miradores del Glaciar Exploradores en Patagonia,https://www.tur.com/es/puerto-rio-tranquilo-291/trekking-a-los-miradores-del-glaciar-exploradores-25340-1711
Escalada guiada en Roca en Cerro Castillo,dia-escalada-en-roca-28822,2117,Escalada guiada en Roca en Cerro Castillo,https://www.tur.com/es/villa-cerro-castillo-292/dia-escalada-en-roca-28822-2117
Trekking en Cerro Castillo: Naturaleza Glaciar y Vistas Increíbles,trekking-laguna-cerro-castillo-28818,1807,Trekking en Cerro Castillo: Naturaleza Glaciar y Vistas Increíbles,https://www.tur.com/es/villa-cerro-castillo-292/trekking-laguna-cerro-castillo-28818-1807
Aventura de Ski Randonnée en Cerro Castillo: Esquí en la Patagonia,ski-randonee-29651,1510,Aventura de Ski Randonnée en Cerro Castillo: Esquí en la Patagonia,https://www.tur.com/es/villa-cerro-castillo-292/ski-randonee-29651-1510
Escalada Multilargo en Cerro Mackay: Desafío Vertical en la Patagonia,escalada-multilargo-28858,1746,Escalada Multilargo en Cerro Mackay: Desafío Vertical en la Patagonia,https://www.tur.com/es/villa-cerro-castillo-292/escalada-multilargo-28858-1746
Capillas de Mármol en Kayak: Aventura desde Villa Cerro Castillo,full-day-capillas-de-marmol-en-kayak-31683,2201,Capillas de Mármol en Kayak: Aventura desde Villa Cerro Castillo,https://www.tur.com/es/villa-cerro-castillo-292/full-day-capillas-de-marmol-en-kayak-31683-2201
Cabalgata en la Patagonia: Explora la Cordillera del Cerro Castillo,cabalgata-explora-la-cordillera-de-los-andes-31677,1499,Cabalgata en la Patagonia: Explora la Cordillera del Cerro Castillo,https://www.tur.com/es/villa-cerro-castillo-292/cabalgata-explora-la-cordillera-de-los-andes-31677-1499
Ruta Escénica Las Ardillas: Naturaleza y Cultura Patagónica,explora-la-ruta-del-agua-31700,1837,Ruta Escénica Las Ardillas: Naturaleza y Cultura Patagónica,https://www.tur.com/es/villa-cerro-castillo-292/explora-la-ruta-del-agua-31700-1837
Capillas de Mármol en barco desde Villa Cerro Castillo,full-day-capillas-de-marmol-en-bote-31681,2136,Capillas de Mármol en bote desde Villa Cerro Castillo,https://www.tur.com/es/villa-cerro-castillo-292/full-day-capillas-de-marmol-en-bote-31681-2136
Tour de Pesca en Villa Cerro Castillo,pesca-tradicional-en-lago-principiantes-y-aficionados-31676,1736,Tour de Pesca en Villa Cerro Castillo,https://www.tur.com/es/villa-cerro-castillo-292/pesca-tradicional-en-lago-principiantes-y-aficionados-31676-1736
Explora Cerro Castillo: Trekking y Paisajes,hiking-cerro-castillo-1-25023,1430,Trekking Laguna Cerro Castillo desde Villa Cerro Castillo,https://www.tur.com/es/villa-cerro-castillo-292/hiking-cerro-castillo-1-25023-1430
"Explora sin límites: Arrienda tu e-bike en Cerro Castillo, Carretera Austral",arriendo-diario-ebike-27032,1684,"Explora sin límites: Arrienda tu e-bike en Cerro Castillo, Carretera Austral",https://www.tur.com/es/villa-cerro-castillo-292/arriendo-diario-ebike-27032-1684
Tour Guiado en eBike por Cerro Castillo: Explora la patagonia,tour-guiado-ebike-en-cerro-castillo-29152,2037,Tour Guiado en eBike por Cerro Castillo: Explora la patagonia,https://www.tur.com/es/villa-cerro-castillo-292/tour-guiado-ebike-en-cerro-castillo-29152-2037
Entrada Parque Nacional Cerro Castillo,entrada-general-cerro-castillo,1336,Entrada Parque Nacional Cerro Castillo,https://www.tur.com/es/villa-cerro-castillo-292/entrada-general-cerro-castillo-1336
Ruta Tehuelche: Huellas de Historia y Naturaleza en Aysén,ruta-tehuelche-26800,1224,Ruta Tehuelche: Huellas de Historia y Naturaleza en Aysén,https://www.tur.com/es/villa-cerro-castillo-292/ruta-tehuelche-26800-1224
Trekking Estero Parada en el Parque Nacional Cerro Castillo,trek-estero-parada-26791,1216,Trekking Estero Parada en el Parque Nacional Cerro Castillo,https://www.tur.com/es/villa-cerro-castillo-292/trek-estero-parada-26791-1216
Travesía de Las Horquetas - Parque Nacional Cerro Castillo,travesia-las-horquetas-parque-cerro-castillo-26821,1327,Travesía de Las Horquetas - Parque Nacional Cerro Castillo,https://www.tur.com/es/villa-cerro-castillo-292/travesia-las-horquetas-parque-cerro-castillo-26821-1327
Trekking a la Laguna Cerro Castillo: Naturaleza y Glaciares Patagónicos,trek-laguna-cerro-castillo-25946,1209,Trekking a la Laguna Cerro Castillo: Naturaleza y Glaciares Patagónicos,https://www.tur.com/es/villa-cerro-castillo-292/trek-laguna-cerro-castillo-25946-1209
Patagonia en Jet Boat: por Aguas y Glaciares de la Carretera Austral,patagonia-jet-25396,1789,Patagonia en Jet Boat: por Aguas y Glaciares de la Carretera Austral,https://www.tur.com/es/puerto-guadal-293/patagonia-jet-25396-1789
Vuelo en Helicóptero por la Laguna San Rafael,heli-tour-glaciar-san-rafael-25924,1714,Vuelo en Helicóptero por la Laguna San Rafael,https://www.tur.com/es/puerto-guadal-293/heli-tour-glaciar-san-rafael-25924-1714
"Vuelo en Helicóptero por el Glaciar Nef y Lagos Patagónicos, Carretera Austral",heli-tour-lago-y-glaciar-nef-25858,1739,"Vuelo en Helicóptero por el Glaciar Nef y Lagos Patagónicos, Carretera Austral",https://www.tur.com/es/puerto-guadal-293/heli-tour-lago-y-glaciar-nef-25858-1739
Rafting en el Río Baker desde Puerto Bertrand,rafting-baker-buena-vista-32584,1322,Rafting en el Río Baker desde Puerto Bertrand,https://www.tur.com/es/puerto-bertrand-294/rafting-baker-buena-vista-32584-1322
Trekking en el Parque Nacional Patagonia: recorre el Valle Chacabuco,trekking-la-vega-parque-nacional-patagonia-28291,1360,Trekking en el Parque Nacional Patagonia: recorre el Valle Chacabuco,https://www.tur.com/es/cochrane-295/trekking-la-vega-parque-nacional-patagonia-28291-1360
Pesca en el Río Cochrane: Navega y Pesca en la Patagonia Chilena,pesca-en-el-rio-cochrane-25360,1516,Pesca en el Río Cochrane: Navega y Pesca en la Patagonia Chilena,https://www.tur.com/es/cochrane-295/pesca-en-el-rio-cochrane-25360-1516
Navega las Aguas Tranquilas del Río Cochrane,paseo-nautico-en-el-rio-cochrane-24816,1463,Navega las Aguas Tranquilas del Río Cochrane,https://www.tur.com/es/cochrane-295/paseo-nautico-en-el-rio-cochrane-24816-1463
Parque Nacional Patagonia - Sector Jeinimeni,parque-nacional-patagonia-sector-jeinimeni,3416,Entrada Parque Nacional Patagonia - Sector Jeinimeni,https://www.tur.com/es/cochrane-295/parque-nacional-patagonia-sector-jeinimeni-3416
Parque Nacional Patagonia - Sector Tamango,parque-nacional-patagonia-sector-tamango,3429,Entrada Parque Nacional Patagonia - Sector Tamango,https://www.tur.com/es/cochrane-295/parque-nacional-patagonia-sector-tamango-3429
Trekking al Glaciar Calluqueo: Aventura en la Patagonia desde Cochrane,caminata-pared-frontal-glaciar-calluqueo-25302,1534,Trekking al Glaciar Calluqueo: Aventura en la Patagonia desde Cochrane,https://www.tur.com/es/cochrane-295/caminata-pared-frontal-glaciar-calluqueo-25302-1534
Caminata en Hielo Glaciar Calluqueo: Aventura en Patagonia,caminata-en-hielo-glaciar-calluqueo-25298,1657,Caminata en Hielo Glaciar Calluqueo: Aventura en Patagonia,https://www.tur.com/es/cochrane-295/caminata-en-hielo-glaciar-calluqueo-25298-1657
Explora el Glaciar Calluqueo y el Monte San Lorenzo en la Patagonia: Navegación y Trekking,caminata-familiar-glaciar-calluqueo-25303,1700,Explora el Glaciar Calluqueo y el Monte San Lorenzo en la Patagonia: Navegación y Trekking,https://www.tur.com/es/cochrane-295/caminata-familiar-glaciar-calluqueo-25303-1700
"Tour Full Mármol desde Puerto Sánchez, Lago General Carrera",tour-full-marmol-desde-puerto-sanchez-27544,1713,"Tour Full Mármol desde Puerto Sánchez, Lago General Carrera",https://www.tur.com/es/puerto-sanchez-296/tour-full-marmol-desde-puerto-sanchez-27544-1713
Stand Up Paddle en la Carretera Austral por el Río desde Puerto Murta,stand-up-paddle-rio-murta-32443,1158,Stand Up Paddle en la Carretera Austral por el Río desde Puerto Murta,https://www.tur.com/es/puerto-murta-297/stand-up-paddle-rio-murta-32443-1158
Birdwatching -Vega Castillo Ranch,avistamiento-aves-vega-castillo-puerto-natales,3920,Tour de Avistamiento de Aves en Estancia Vega Castillo desde Puerto Natales,https://www.tur.com/es/puerto-natales-298/avistamiento-aves-vega-castillo-puerto-natales-3920
W Trekking y Aventura Torres del Paine,trekking-circuito-w-torres-del-paine-5-dias,4846,Trekking Circuito W en Torres del Paine desde Puerto Natales,https://www.tur.com/es/puerto-natales-298/trekking-circuito-w-torres-del-paine-5-dias-4846
Cabalgata única en una estancia autentica de Torres del Paine,medio-dia-a-caballo-estancia-lucia-30556,1567,Cabalgata de medio día en Torres del Paine,https://www.tur.com/es/puerto-natales-298/medio-dia-a-caballo-estancia-lucia-30556-1567
Tras la Huella del Puma: Rastreo y Observación en Torres del Paine,tras-la-huella-del-puma-27098,1371,Tras la Huella del Puma: Rastreo y Observación en Torres del Paine,https://www.tur.com/es/puerto-natales-298/tras-la-huella-del-puma-27098-1371
Excursión privada de Día Completo a Torres del Paine: Naturaleza y Aventura,full-day-torres-del-paine-panoramico-1-27104,1693,Excursión privada de Día Completo a Torres del Paine: Naturaleza y Aventura,https://www.tur.com/es/puerto-natales-298/full-day-torres-del-paine-panoramico-1-27104-1693
Trekking Invernal al Mirador Base Torres en Torres del Paine,trekking-mirador-base-torres-invernal-31036,1424,Trekking Invernal al Mirador Base Torres en Torres del Paine,https://www.tur.com/es/puerto-natales-298/trekking-mirador-base-torres-invernal-31036-1424
Navegación a los Glaciares Balmaceda y Serrano desde Puerto Natales,navegacion-glaciar-balmaceda-y-serrano,2182,Navegación a los Glaciares Balmaceda y Serrano desde Puerto Natales,https://www.tur.com/es/puerto-natales-298/navegacion-glaciar-balmaceda-y-serrano-2182
Navegación al Glaciar Grey: Una Experiencia Inolvidable en Torres del Paine,navegacion-glaciar-grey,2131,Navegación al Glaciar Grey en el Parque Nacional Torres del Paine,https://www.tur.com/es/puerto-natales-298/navegacion-glaciar-grey-2131
Pesca con Mosca en Puerto Natales: Experiencia Full Day,daily-fly-fishing-experience-32101,1710,Pesca con Mosca en Puerto Natales: Experiencia Full Day,https://www.tur.com/es/puerto-natales-298/daily-fly-fishing-experience-32101-1710
Traslado desde el Aeropuerto de Puerto Natales a Puerto Natales,transfer-aeropuerto-puerto-natales,4809,Traslado desde el Aeropuerto de Puerto Natales a Puerto Natales,https://www.tur.com/es/puerto-natales-298/transfer-aeropuerto-puerto-natales-4809
Trekking Full Day: Base Las Torres en Torres del Paine,excursion-trekking-base-torres-del-paine,2080,Trekking Base Las Torres del Paine desde Puerto Natales,https://www.tur.com/es/puerto-natales-298/excursion-trekking-base-torres-del-paine-2080
Traslado / Transfer hacia el Lago Grey desde Puerto Natales,traslado-navegacion-lago-grey,1399,Traslado Navegación Glaciar Grey desde Puerto Natales,https://www.tur.com/es/puerto-natales-298/traslado-navegacion-lago-grey-1399
Monumento Natural Cueva del Milodón,monumento-natural-cueva-del-milodon,3411,Entrada Monumento Natural Cueva del Milodón,https://www.tur.com/es/puerto-natales-298/monumento-natural-cueva-del-milodon-3411
Parque Nacional Torres del Paine,parque-nacional-torres-del-paine,3412,Entrada Parque Nacional Torres del Paine,https://www.tur.com/es/puerto-natales-298/parque-nacional-torres-del-paine-3412
Taller para Destilar tu propio Gin en Puerto Natales,haz-tu-propio-gin,2990,Taller para Destilar tu propio Gin en Puerto Natales,https://www.tur.com/es/puerto-natales-298/haz-tu-propio-gin-2990
Excursión a Torres del Paine y Cueva del Milodón en un Día,full-day-torres-del-paine-cueva-del-milodon-32086,2183,Excursión a Torres del Paine y Cueva del Milodón en un Día,https://www.tur.com/es/puerto-natales-298/full-day-torres-del-paine-cueva-del-milodon-32086-2183
Trekking Base Torres: El Desafío Más Famoso de la Patagonia,base-torres-trekking-guiado-32056,2030,Trekking Base Torres: El Desafío Más Famoso de la Patagonia,https://www.tur.com/es/puerto-natales-298/base-torres-trekking-guiado-32056-2030
Excursión al Perito Moreno: Naturaleza y Aventura desde Puerto Natales,full-day-glaciar-perito-moreno-desde-puerto-natales,1455,Excursión al Glaciar Perito Moreno desde Puerto Natales,https://www.tur.com/es/puerto-natales-298/full-day-glaciar-perito-moreno-desde-puerto-natales-1455
"Tour Torres del Paine: Miradores Icónicos, Fauna y Cueva del Milodón",full-day-panoramico-torres-del-paine,1239,"Tour Torres del Paine: Miradores Icónicos, Fauna y Cueva del Milodón desde Puerto Natales",https://www.tur.com/es/puerto-natales-298/full-day-panoramico-torres-del-paine-1239
Trekking Base Torres Privado desde Puerto Natales: Experiencia Exclusiva en Torres del Paine,trekking-base-torres-privado-desde-puerto-natales-d2-32165,2156,Trekking Base Torres Privado desde Puerto Natales: Experiencia Exclusiva en Torres del Paine,https://www.tur.com/es/puerto-natales-298/trekking-base-torres-privado-desde-puerto-natales-d2-32165-2156
Trekking a la Base de las Torres del Paine,trekking-base-torres-del-paine,1691,Trekking a la Base de las Torres del Paine desde Puerto Natales,https://www.tur.com/es/puerto-natales-298/excursion-trekking-base-torres-del-paine-2080
Full day Activo,full-day-activo-torres-del-paine,1385,Full Day Activo de flora y fauna en Torres del Paine desde Puerto Natales,https://www.tur.com/es/puerto-natales-298/full-day-activo-torres-del-paine-1385
Tour Full Day hacia Torres del Paine,full-day-torres-del-paine-puerto-natales,1513,Tour full day por Torres del Paine Panorámico desde Puerto Natales,https://www.tur.com/es/puerto-natales-298/full-day-torres-del-paine-puerto-natales-1513
Avistamiento de Puma en Torres del Paine: Fauna Patagónica en 1 Día,puma-tracking-1-27538,1908,Avistamiento de Puma en Torres del Paine: Fauna Patagónica en 1 Día,https://www.tur.com/es/puerto-natales-298/puma-tracking-1-27538-1908
Base Torres desde Punta Arenas,trekking-base-torres-torres-del-paine-traslado-urbano,3932,Trekking a Base Torres en Torres del Paine con traslado ,https://www.tur.com/es/punta-arenas-299/trekking-base-torres-torres-del-paine-traslado-urbano-3932
Transfer Aeropuerto Punta Arenas,traslado-privado-aeropuerto-punta-arenas-hotel-viceversa-punta-arenas,3947,Traslado privado entre Aeropuerto y Hotel en Punta Arenas,https://www.tur.com/es/punta-arenas-299/traslado-privado-aeropuerto-punta-arenas-hotel-viceversa-punta-arenas-3947
Full Day Punta Arenas,city-tour-punta-arenas-full-day-fuerte-bulnes,3894,City Tour Full Day Punta Arenas y Fuerte Bulnes,https://www.tur.com/es/punta-arenas-299/city-tour-punta-arenas-full-day-fuerte-bulnes-3894
Full Day Tierra del Fuego - Pingüino Rey,full-day-tierra-del-fuego-pinguino-rey-punta-arenas,3811,Full Day a Tierra del Fuego y Reserva Natural Pingüino Rey desde Punta Arenas,https://www.tur.com/es/punta-arenas-299/full-day-tierra-del-fuego-pinguino-rey-punta-arenas-3811
Pali Aike,trekking-parque-nacional-pali-aike-desde-punta-arenas,3895,Trekking Parque Nacional Pali Aike desde Punta Arenas,https://www.tur.com/es/punta-arenas-299/trekking-parque-nacional-pali-aike-desde-punta-arenas-3895
Trekking Monte Tarn,trekking-monte-tarn-desde-punta-arenas-vistas-estrecho-magallanes,3949,Trekking Monte Tarn desde Punta Arenas con cumbre y vistas al Estrecho,https://www.tur.com/es/punta-arenas-299/trekking-monte-tarn-desde-punta-arenas-vistas-estrecho-magallanes-3949
Trekking Faro San Isidro,trekking-faro-san-isidro-punta-arenas,3810,Trekking al Faro San Isidro desde Punta Arenas por el Estrecho de Magallanes,https://www.tur.com/es/punta-arenas-299/trekking-faro-san-isidro-punta-arenas-4006
Parque Étnico Keu Ken,tour-parque-keu-ken-punta-arenas-traslado-urbano,3939,Tour cultural al Parque Keu Ken desde Punta Arenas con traslado,https://www.tur.com/es/punta-arenas-299/tour-parque-keu-ken-punta-arenas-traslado-urbano-3939
Navegación pelágica en el estrecho de Magallanes,navegacion-pelagica-en-busca-de-aves-marinas-en-el-estrecho-de-magallanes-30757,2007,Navegación pelágica en el estrecho de Magallanes,https://www.tur.com/es/punta-arenas-299/navegacion-pelagica-en-busca-de-aves-marinas-en-el-estrecho-de-magallanes-30757-2007
Navegación y trekking en Cabo Froward: Aventura hasta el fin del continente,navegacion-y-trekking-a-cabo-froward-29569,1898,Navegación y trekking en Cabo Froward: Aventura hasta el fin del continente,https://www.tur.com/es/punta-arenas-299/navegacion-y-trekking-a-cabo-froward-29569-1898
Tour de avistamiento de delfines en Punta Arenas: una experiencia familiar,avistamiento-de-delfines-29149,2110,Tour de avistamiento de delfines en Punta Arenas: una experiencia familiar,https://www.tur.com/es/punta-arenas-299/avistamiento-de-delfines-29149-2110
Noches Misteriosas en Punta Arenas: Historias de Fantasmas y Leyendas,tour-de-fantasmas-punta-arenas-27626,1913,Noches Misteriosas en Punta Arenas: Historias y Leyendas,https://www.tur.com/es/punta-arenas-299/tour-de-fantasmas-punta-arenas-27626-1913
Ascenso Invernal al Monte Tarn en Punta Arenas,ascenso-monte-tarn-31034,1722,Ascenso Invernal al Monte Tarn en Punta Arenas,https://www.tur.com/es/punta-arenas-299/ascenso-monte-tarn-31034-1722
Reserva Nacional Laguna Parrillar,reserva-nacional-laguna-parrillar,3687,Entrada a la Reserva Nacional Laguna Parrillar,https://www.tur.com/es/punta-arenas-299/reserva-nacional-laguna-parrillar-3687
PARQUE NACIONAL PALI AIKE,parque-nancional-pali-aike,3448,Entrada Parque Nacional Pali Aike,https://www.tur.com/es/punta-arenas-299/parque-nancional-pali-aike-3448
RESERVA NACIONAL MAGALLANES,reserva-nacional-magallanes,3409,Entrada Reserva Nacional Magallanes,https://www.tur.com/es/punta-arenas-299/reserva-nacional-magallanes-3409
Faro San Isidro + Fuerte Bulnes,tour-faro-san-isidro-fuerte-bulnes-punta-arenas,3921,Tour al Faro San Isidro y Fuerte Bulnes desde Punta Arenas,https://www.tur.com/es/punta-arenas-299/tour-faro-san-isidro-fuerte-bulnes-punta-arenas-3921
Faro San Isidro Nocturno,tour-nocturno-faro-san-isidro-punta-arenas,3923,Tour nocturno al Faro San Isidro desde Punta Arenas con trekking,https://www.tur.com/es/punta-arenas-299/tour-nocturno-faro-san-isidro-punta-arenas-3923
Trekking Faro San Isidro,trekking-faro-san-isidro-punta-arenas,4006,Trekking al Faro San Isidro desde Punta Arenas,https://www.tur.com/es/punta-arenas-299/trekking-faro-san-isidro-punta-arenas-4006
Reserva Magallanes + Fuerte Bulnes + Faro San Isidro,tour-reserva-magallanes-fuerte-bulnes-faro-san-isidro-punta-arenas,3922,"Tour Reserva Magallanes, Fuerte Bulnes y Faro San Isidro desde Punta Arenas",https://www.tur.com/es/punta-arenas-299/tour-reserva-magallanes-fuerte-bulnes-faro-san-isidro-punta-arenas-3922
Reserva Magallanes,tour-reserva-magallanes-punta-arenas,3924,Tour a Reserva Magallanes desde Punta Arenas con senderos y naturaleza,https://www.tur.com/es/punta-arenas-299/tour-reserva-magallanes-punta-arenas-3924
"Avistamiento de ballenas, fauna marina y glaciares en el Estrecho de Magallanes, Parque Francisco Coloane",full-day-ballenas-y-glaciares,1420,"Avistamiento de ballenas, fauna marina y glaciares en el Estrecho de Magallanes, Parque Francisco Coloane",https://www.tur.com/es/punta-arenas-299/full-day-ballenas-y-glaciares-1420
Navega por el Estrecho de Magallanes y visita Islas Magdalena y Marta,navegacion-islas-magdalena-y-marta-lancha-rapida,2077,Navega por el Estrecho de Magallanes y visita Islas Magdalena y Marta,https://www.tur.com/es/punta-arenas-299/navegacion-islas-magdalena-y-marta-lancha-rapida-2077
Tour Isla Magdalena desde Punta Arenas,navegacion-isla-magdalena-ferry,1301,Navegación Isla Magdalena desde Punta Arenas,https://www.tur.com/es/punta-arenas-299/navegacion-isla-magdalena-ferry-1301
Excursión Torres del Paine desde Punta Arenas: Naturaleza e Historia,full-day-torres-del-paine-mas-cueva-del-milodon-1-10-32077,1835,Excursión Torres del Paine desde Punta Arenas: Naturaleza e Historia,https://www.tur.com/es/punta-arenas-299/full-day-torres-del-paine-mas-cueva-del-milodon-1-10-32077-1835
Trekking en la Nieve en Punta Arenas,trekking-nieve-punta-arenas,2134,Trekking en la Nieve en Punta Arenas,https://www.tur.com/es/punta-arenas-299/trekking-nieve-punta-arenas-2134
Fuerte Bulnes y Miradores del Estrecho de Magallanes: Un Viaje por Punta Arenas,fuerte-bulnes-estrecho-magallanes,2160,Punta Arenas: Fuerte Bulnes y Miradores del Estrecho de Magallanes,https://www.tur.com/es/punta-arenas-299/fuerte-bulnes-estrecho-magallanes-2160
City Tour por Punta Arenas: Patrimonio y Cultura Austral,city-tour-punta-arenas,2165,City Tour por Punta Arenas,https://www.tur.com/es/punta-arenas-299/city-tour-punta-arenas-2165
Full Day Torres del Paine y Cueva del Milodón desde Punta Arenas: Naturaleza Única,full-day-torres-del-paine-desde-punta-arenas,2118,Full Day Torres del Paine y Cueva del Milodón desde Punta Arenas,https://www.tur.com/es/punta-arenas-299/full-day-torres-del-paine-desde-punta-arenas-2118
Tour de día completo Tierra del Fuego y Reserva Pinguino rey + Porvenir,tour-full-day-tierra-del-fuego-reserva-pinguino-rey-desde-punta-arenas,3925,"Tour Full Day Tierra del Fuego, Reserva Pingüino Rey y Porvenir desde Punta Arenas",https://www.tur.com/es/punta-arenas-299/tour-full-day-tierra-del-fuego-reserva-pinguino-rey-desde-punta-arenas-3925
Exploración marina en Islas Orientales desde Punta Arenas con avistamiento de fauna marina,tour-faro-san-isidro-punta-arenas-avistamiento-delfines,1735,Expedición Naturalista en Cabo San Isidro desde Punta Arenas,https://www.tur.com/es/punta-arenas-299/tour-faro-san-isidro-punta-arenas-avistamiento-delfines-1735
Avistamiento de Ballenas en el Estrecho de Magallanes: Expedición de 3 Días,francisco-coloane-28358,1842,"Avistamiento de Ballenas en el Estrecho de Magallanes, Francisco Coloane: Expedición de 3 Días",https://www.tur.com/es/punta-arenas-299/francisco-coloane-28358-1842
Tour Full Day a Torres del Paine,tour-full-day-torres-del-paine-y-cueva-del-milodon,3816,Tour Full Day Torres del Paine y Cueva del Milodón,https://www.tur.com/es/torres-del-paine-300/tour-full-day-torres-del-paine-y-cueva-del-milodon-3816
Puma Tracking,tour-puma-tracking-torres-del-paine-desde-puerto-natales,3856,Puma Tracking en Torres del Paine desde Puerto Natales en 4x4,https://www.tur.com/es/torres-del-paine-300/tour-puma-tracking-torres-del-paine-desde-puerto-natales-3856
Travesía de 9 días por Circuito Dientes de Navarino,travesia-circuito-dientes-de-navarino-patagonia-chilena-26061,1780,Desde Santiago: Travesía de 9 días por Circuito Dientes de Navarino,https://www.tur.com/es/puerto-williams-301/travesia-circuito-dientes-de-navarino-patagonia-chilena-26061-1780
Errante Experience: Alojamiento y Aventura Todo Incluido en Puerto Williams,errante-experience-28292,1997,Errante Experience: Alojamiento y Aventura Todo Incluido en Puerto Williams,https://www.tur.com/es/puerto-williams-301/errante-experience-28292-1997
Expedición All-Inclusive a Dientes de Navarino,dientes-de-navarino-all-inclusive-28293,1757,Expedición All-Inclusive a Dientes de Navarino,https://www.tur.com/es/puerto-williams-301/dientes-de-navarino-all-inclusive-28293-1757
Road Trip al Fin del Camino: Puerto Eugenia desde Puerto Williams,road-trip-fin-del-camino-25730,1377,Road Trip al Fin del Camino: Puerto Eugenia desde Puerto Williams,https://www.tur.com/es/puerto-williams-301/road-trip-fin-del-camino-25730-1377
Dientes de Navarino: El Trekking Más Austral del Mundo,expedicion-dientes-de-navarino-25728,1598,Dientes de Navarino: El Trekking Más Austral del Mundo,https://www.tur.com/es/puerto-williams-301/expedicion-dientes-de-navarino-25728-1598
Kayak en el Canal Beagle: Aventura Única desde Puerto Williams,kayak-beagle-25725,1432,Kayak en el Canal Beagle: Aventura Única desde Puerto Williams,https://www.tur.com/es/puerto-williams-301/kayak-beagle-25725-1432
Machu Picchu Full Day,tour-machu-picchu-full-day-tren-desde-cusco,3840,Tour de Día Completo a Machu Picchu con entradas desde Cusco en Tren,https://www.tur.com/es/machu-picchu-302/tour-machu-picchu-full-day-tren-desde-cusco-3840
Machupicchu Full day,tour-machu-picchu-full-day-desde-cusco,3825,Tour Machu Picchu Full Day en Tren desde Cusco,https://www.tur.com/es/machu-picchu-302/tour-machu-picchu-full-day-desde-cusco-3825
Iguazú BikeTour Salto de Monday y Paraguay en bici,iguazu-biketour-salto-de-monday-y-paraguay-en-bici,3376,Excursión en bicicleta al Salto de Monday y Paraguay,https://www.tur.com/es/cataratas-del-iguazu-304/iguazu-biketour-salto-de-monday-y-paraguay-en-bici-3376
"Iguazú BikeTour """"Iguazú Challenge"""" en bicicleta""""",aventura-4x4-kayak-ciclismo-andresito-iguazu,3377,"Excursión en 4x4, bicicleta y kayak Iguazú Challenge",https://www.tur.com/es/cataratas-del-iguazu-304/aventura-4x4-kayak-ciclismo-andresito-iguazu-3377
"Cataratas, Minas de Wanda y Ruinas desde Posadas","cataratas,-minas-de-wanda-y-ruinas-desde-posadas",3345,"Excursión a Cataratas, Minas de Wanda y Ruinas de San Ignacio desde Posadas ","https://www.tur.com/es/cataratas-del-iguazu-304/cataratas,-minas-de-wanda-y-ruinas-desde-posadas-3345"
Excursión Privada a Cataratas Argentina y Brasil,excursion-privada-a-cataratas-argentina-y-brasil,3343,Excursión Privada a Cataratas Argentina y Brasil ,https://www.tur.com/es/cataratas-del-iguazu-304/excursion-privada-a-cataratas-argentina-y-brasil-3343
"Cataratas Argentina y Brasil, Ruinas y Minas Wanda",cataratas-iguazu-argentina-brasil-minas-de-wanda,2445,Excursión 3 días por las Cataratas de Iguazú en Argentina y Brasil + Ruinas y Minas de Wanda,https://www.tur.com/es/cataratas-del-iguazu-304/cataratas-iguazu-argentina-brasil-minas-de-wanda-2445
Paseo Aéreo y Tour en helicóptero Helisul Iguazú,vuelo-helicoptero-cataratas-foz-iguazu-brasil,2451,Paseo en helicóptero por las Cataratas del  Iguazú ,https://www.tur.com/es/cataratas-del-iguazu-304/vuelo-helicoptero-cataratas-foz-iguazu-brasil-2451
Cataratas Argentinas y Brasil con Parque das Aves,cataratas-argentinas-y-brasil-con-parque-das-aves,3341,Excursión a Cataratas Argentinas y Brasil con Parque das Aves ,https://www.tur.com/es/cataratas-del-iguazu-304/cataratas-argentinas-y-brasil-con-parque-das-aves-3341
Birdwatching en Parque Nacional Iguazú,birdwatching-en-parque-nacional-iguazu,3395,Birdwatching en Parque Nacional Iguazú ,https://www.tur.com/es/cataratas-del-iguazu-304/birdwatching-en-parque-nacional-iguazu-3395
Paseo bajo la Luna Llena en Cataratas del Iguazú,paseo-bajo-la-luna-llena-en-cataratas-del-iguazu,3394,Paseo bajo la Luna Llena en Cataratas del Iguazú ,https://www.tur.com/es/cataratas-del-iguazu-304/paseo-bajo-la-luna-llena-en-cataratas-del-iguazu-3394
Explora el Valle de la Luna y Disfruta un Picnic Gourmet,valle-de-la-luna,1511,San Pedro de Atacama: Tour al Valle de la Luna,https://www.tur.com/es/chilecito-187/viaja-al-pasado-en-el-valle-de-la-luna-3261
Tour Astronómico,tour-astronomico-san-pedro-de-atacama,4033,Tour Astronómico con astrofotografía desde San Pedro de Atacama,https://www.tur.com/es/valle-de-la-luna-306/tour-astronomico-san-pedro-de-atacama-4033
Paquete Turístico: Valle de la Luna + Geysers del Tatio + Laguna Cejar,paquete-san-pedro-atacama-valle-luna-tatio-cejar,3473,San Pedro de Atacama en 2 días: Valle de la Luna + Geysers del Tatio + Laguna Cejar,https://www.tur.com/es/valle-de-la-luna-306/paquete-san-pedro-atacama-valle-luna-tatio-cejar-3473
Tour al Valle de la Luna desde San Pedro de Atacama,tour-valle-de-la-luna-1-27185,2142,Tour al Valle de la Luna al atardecer desde San Pedro de Atacama,https://www.tur.com/es/valle-de-la-luna-306/tour-valle-de-la-luna-1-27185-2142
Paquete Turístico 3D: Valle del Arcoiris + Valle de la Luna + Geysers del Tatio + Laguna Cejar + Piedras Rojas,paquete-5-tours-san-pedro-atacama-tatio-luna-cejar,3482,San Pedro de Atacama en 3 días: Valle del Arcoíris + Valle de la Luna + Geysers del Tatio + Laguna Cejar + Piedras Rojas,https://www.tur.com/es/valle-de-la-luna-306/paquete-5-tours-san-pedro-atacama-tatio-luna-cejar-3482
Minitrekking Alternativo al Glaciar Perito Moreno,minitrekking-al-glaciar-perito-moreno,3374,Minitrekking 2.0: Desafío en el Perito Moreno,https://www.tur.com/es/glaciar-perito-moreno-307/minitrekking-al-glaciar-perito-moreno-3374
Trekking al Glaciar Ojo del Albino,trekking-al-glaciar-ojo-del-albino,3180,Trekking al Glaciar Ojo del Albino,https://www.tur.com/es/parque-nacional-tierra-del-fuego-308/trekking-al-glaciar-ojo-del-albino-3180
Excursión por la costa: Visita por la ciudad de Cartagena,excursion-privada-tierra-cartagena,2403,Excursión en Tierra en Cartagena: Historia y Monumentos Coloniales,https://www.tur.com/es/ciudad-amurallada-309/excursion-privada-tierra-cartagena-2403
Excursión a Moray y las salineras de Maras desde Urubamba,excursion-moray-salineras-maras-urubamba,71,Excursión a Moray y las salineras de Maras desde Urubamba,https://www.tur.com/es/urubamba-312/excursion-moray-salineras-maras-urubamba-71
Clase de Tapia pisada mini - tapialito,taller-tapia-pisada-construccion-tierra-barichara,2460,Taller de Tapia Pisada y Construcción en Tierra en Barichara,https://www.tur.com/es/barichara-314/taller-tapia-pisada-construccion-tierra-barichara-2460
Pintura con Tierra de Colores (Mediano y grande),taller-pintura-tierras-barichara,2435,Taller de pintura con tierras de colores en Barichara,https://www.tur.com/es/barichara-314/taller-pintura-tierras-barichara-2435
Moldea tu primera par de bahareque,taller-bahareque-construccion-barichara,2415,Taller de bahareque en Barichara para aprender construcción en tierra,https://www.tur.com/es/barichara-314/taller-bahareque-construccion-barichara-2415
Pintura con tierras de colores Villa de Leyva,taller-pintura-tierra-colores-boyaca-villa-leyva,2481,Taller de Pinturas con Tierra en Villa de Leyva,https://www.tur.com/es/villa-de-leyva-319/taller-pintura-tierra-colores-boyaca-villa-leyva-2481
Stand Up Paddle en Lago Arenal (Fosforo),paddle-surf-lago-arenal,4979,Stand Up Paddle en el Lago Arenal desde la Fortuna,https://www.tur.com/es/arenal-332/paddle-surf-lago-arenal-4979
Tubbing (Sarapiquí),flotador-rio-sarapiqui-la-fortuna,5036,Tubing por el río Sarapiquí desde San José en Costa Rica,https://www.tur.com/es/san-jose-333/flotador-rio-sarapiqui-la-fortuna-5036
Autentica Experiencia en el Bosque Lluvioso (Tranvia Aereo -Tour bote Rio Sarapiqui y  Senderos en Reserva Privada),tour-naturaleza-sarapiqui-bosque-tropical,3877,Excursión al Bosque Lluvioso con Tranvía Aéreo-Tour bote Rio Sarapiquí y Senderos en Reserva Privada,https://www.tur.com/es/san-jose-333/tour-naturaleza-sarapiqui-bosque-tropical-3877
Volcan Irazú - Jardin Botanico Lankester & Valle de Orosi,tour-volcan-irazu-valle-orosi-jardin-lankester,3851,"Tour al Volcán Irazú, Valle de Orosi y Jardín Botánico Lankester",https://www.tur.com/es/san-jose-333/tour-volcan-irazu-valle-orosi-jardin-lankester-3851
Doka Hacienda de Café / Pueblos de artesanos en Grecia y Sarchi,tour-grecia-sarchi-artesania-costa-rica,3849,Tour Hacienda de café  Doka y visita cultural a Grecia & Sarchí desde San José,https://www.tur.com/es/san-jose-333/tour-grecia-sarchi-artesania-costa-rica-3849
Experiencia Vinicola en el Valle de los Santos,tour-vino-valle-central-san-jose,3874,Tour de Vinos en el Valle Central y Visita a Viñedos desde San José,https://www.tur.com/es/san-jose-333/tour-vino-valle-central-san-jose-3874
San José City Tour (Salida al medio dia),city-tour-san-jose-teatro-nacional-costa-rica,3865,City Tour por San José con Visita al Museo de Oro Precolombino,https://www.tur.com/es/san-jose-333/city-tour-san-jose-teatro-nacional-costa-rica-3865
Volcán Arenal Sarchi pueblo de Artesanías & visita a Ecotermales La Fortuna,tour-ecotermales-fortuna-volcan-arenal-desde-san-jose,3847,Volcán Arenal Sarchi pueblo de Artesanías & visita a Ecotermales La Fortuna,https://www.tur.com/es/san-jose-333/tour-ecotermales-fortuna-volcan-arenal-desde-san-jose-3847
Doka Hacienda de Café & Volcán Poás (Medio dia),tour-volcan-poas-hacienda-doka-cafe-san-jose,3848,Tour a la Hacienda Cafetalera Doka Estate y visita al Cráter del Volcán Poás,https://www.tur.com/es/san-jose-333/tour-volcan-poas-hacienda-doka-cafe-san-jose-3848
Parque Nacional Manuel Antonio  //  Lunes y Jueves se abre min. 4 pax  / *Martes PN CERRADO*,tour-parque-nacional-manuel-antonio-desde-san-jose,3864,Tour al Parque Nacional Manuel Antonio desde San José,https://www.tur.com/es/san-jose-333/tour-parque-nacional-manuel-antonio-desde-san-jose-3864
Volcan Poás  / Doka Hacienda de Café / Pueblos de artesanos en Grecia y Sarchí,tour-volcan-poas-hacienda-doka-grecia-sarchi,3850,"Tour al Volcán Poás, Hacienda Doka y Artesanías en Sarchí",https://www.tur.com/es/san-jose-333/tour-volcan-poas-hacienda-doka-grecia-sarchi-3850
Combo Tour (Doka Hacienda de Café- Volcán Poas- Jardines de la Catarata de la Paz),combo-tour-volcan-poas-doka-cataratas-la-paz,3838,Tour al Volcán Poás con plantación de café y Cataratas La Paz desde San José,https://www.tur.com/es/san-jose-333/combo-tour-volcan-poas-doka-cataratas-la-paz-3838
Safari floating Sarapiquí River,safari-balsa-rio-sarapiqui-la-fortuna,2773,Safari en Balsa en Río Sarapiquí desde La Fortuna,https://www.tur.com/es/la-fortuna-336/safari-balsa-rio-sarapiqui-la-fortuna-2773
Safari Float en Peñas Blancas,safari-balsa-rio-penas-blancas-la-fortuna,5028,Safari Float en Peñas Blancas,https://www.tur.com/es/la-fortuna-336/safari-balsa-rio-penas-blancas-la-fortuna-5028
Kayaking at Arenal Lake,kayak-lago-arenal-la-fortuna,2924,Aventura en Kayak en el Lago Arenal de La Fortuna,https://www.tur.com/es/la-fortuna-336/kayak-lago-arenal-la-fortuna-2924
Rafting en aguas bravas desde La Fortuna en el río Sarapiqui (Clase III - IV).,tour-rafting-rio-sarapiqui-clase-3-4-la-fortuna,2767,Rafting Clase III y IV en Río Sarapiquí desde La Fortuna,https://www.tur.com/es/la-fortuna-336/tour-rafting-rio-sarapiqui-clase-3-4-la-fortuna-2767
Safari en balsa por Caño Negro,tour-safari-flotante-cano-negro-la-fortuna,2915,Tour de Navegación Safari Flotante por Caño Negro desde La Fortuna,https://www.tur.com/es/la-fortuna-336/tour-safari-flotante-cano-negro-la-fortuna-2915
Cooking Class - Cook Like a Local,clase-cocina-tica-la-fortuna-costa-rica,2922,Clase de Cocina Tradicional Costarricense en La Fortuna ,https://www.tur.com/es/la-fortuna-336/clase-cocina-tica-la-fortuna-costa-rica-2922
Salto en cascada de Gravity Falls,barranquismo-cascadas-la-fortuna-costa-rica,2920,Aventura de Descenso de Cascadas y Barranquismo en La Fortuna,https://www.tur.com/es/la-fortuna-336/barranquismo-cascadas-la-fortuna-costa-rica-2920
Rafting en aguas bravas del río Balsa: Clase II - III.,rafting-rio-balsa-la-fortuna-costa-rica,2783,Rafting en Río Balsa Clase II-III desde La Fortuna,https://www.tur.com/es/la-fortuna-336/rafting-rio-balsa-la-fortuna-costa-rica-2783
Canyoning in the Lost Canyon in Costa Rica,canyoning-lost-canyon-rappel-almuerzo-la-fortuna,2921,Barranquismo en el Cañón Perdido con Rapel y Almuerzo en La Fortuna,https://www.tur.com/es/la-fortuna-336/canyoning-lost-canyon-rappel-almuerzo-la-fortuna-2921
"Clase de Baile de Salsa, Merengue y Bachata en La Fortuna",clase-salsa-ritmos-latinos-la-fortuna,2923,"Clase de Baile de Salsa, Merengue y Bachata en La Fortuna",https://www.tur.com/es/la-fortuna-336/clase-salsa-ritmos-latinos-la-fortuna-2923
Rafting en el Río Sarapiquí Clases 2-3 ,rafting-clase-2-3-rio-sarapiqui-la-fortuna,2511,Rafting Clase II-III en Río Sarapiquí desde La Fortuna,https://www.tur.com/es/la-fortuna-336/rafting-clase-2-3-rio-sarapiqui-la-fortuna-2511
Aruba Fauna Tour,tour-fauna-aruba-granja-avestruces-santuario-burros,2554,Tour interactivo de fauna en Aruba,https://www.tur.com/es/oranjestad-337/tour-fauna-aruba-granja-avestruces-santuario-burros-2554
Aruba Highlights Tour,tour-aruba-highlights-excursion-panoramica,2515,Tour de Lo Mejor de Aruba Medio Día,https://www.tur.com/es/oranjestad-337/tour-aruba-highlights-excursion-panoramica-2515
Explore Aruba Tour,explore-aruba-tour-bus-arashi-beach,2525,Excursión Aruba con Playa Arashi,https://www.tur.com/es/oranjestad-337/explore-aruba-tour-bus-arashi-beach-2525
Beach Hopping,tour-beach-hopping-snorkeling-baby-beach,2531,Tour por las mejores playas de Aruba con Snorkeling,https://www.tur.com/es/oranjestad-337/tour-beach-hopping-snorkeling-baby-beach-2531
Tour de San Salvador y Boquerón,tour-escala-san-salvador-ciudad-boqueron-aeropuerto,2550,"Escala en El Salvador: Tour por San Salvador, Ciudad Histórica y Volcán El Boquerón",https://www.tur.com/es/san-salvador-345/tour-escala-san-salvador-ciudad-boqueron-aeropuerto-2550
Volcán de Santa Ana,tour-volcan-santa-ana-ilamatepec-caminata,2559,Excursión al Volcán Santa Ana Ilamatepec,https://www.tur.com/es/san-salvador-345/tour-volcan-santa-ana-ilamatepec-caminata-2559
Ruta Maya | Full day tour,ruta-maya-full-day-tour-sitios-arqueologicos,2784,Tour Full day Ruta Maya en El Salvador,https://www.tur.com/es/san-salvador-345/ruta-maya-full-day-tour-sitios-arqueologicos-2784
Volcanes y Sitios Maya,tour-combo-volcanes-lago-sitios-mayas-el-salvador,2556,Tour Completo de Volcanes y Ruinas Mayas,https://www.tur.com/es/san-salvador-345/tour-combo-volcanes-lago-sitios-mayas-el-salvador-2556
Tour Ruta de las Flores,tour-ruta-de-las-flores-pueblos-coloniales,2612,Tour Ruta de las Flores El Salvador,https://www.tur.com/es/san-salvador-345/tour-ruta-de-las-flores-pueblos-coloniales-2612
San Salvador City Tour | Full day,san-salvador-city-tour-full-day-volcan-boqueron,2565,Tour Full Day San Salvador City,https://www.tur.com/es/san-salvador-345/san-salvador-city-tour-full-day-volcan-boqueron-2565
Combo Tour – Suchitoto y San Salvador,combo-tour-suchitoto-san-salvador-colonial-moderno,2782,Excursión Combinada Suchitoto y San Salvador,https://www.tur.com/es/san-salvador-345/combo-tour-suchitoto-san-salvador-colonial-moderno-2782
Tour gastronómico Playa del Carmen,tour-gastronomico-local-playa-del-carmen-autentico,2520,Tour gastronómico Playa del Carmen,https://www.tur.com/es/playa-del-carmen-346/tour-gastronomico-local-playa-del-carmen-autentico-2520
Mercado de Chichicastenango y Lago de Atitlán 2 días y 1 noche,tour-mercado-chichicastenango-y-lago-atitlan-2-dias-1-noche,2919,Mercado de Chichicastenango y Lago de Atitlán 2 días y 1 noche,https://www.tur.com/es/ciudad-de-guatemala-349/tour-mercado-chichicastenango-y-lago-atitlan-2-dias-1-noche-2919
Ruta de 2 días de trekking por el volcán Acatenango,trekking-volcan-acatenango-2-dias-fuego-amanecer,2931,Trekking al Volcán Acatenango: Amanecer y Noche frente al Volcán de Fuego,https://www.tur.com/es/ciudad-de-guatemala-349/trekking-volcan-acatenango-2-dias-fuego-amanecer-2931
"Semuc Champey, en 3 días y 2 noches",tour-aventura-3-dias-semuc-champey-coban-desde-guatemala,2927,Tour de Aventura de 3 Días a Semuc Champey y Cobán desde Antigua o Ciudad de Guatemala,https://www.tur.com/es/ciudad-de-guatemala-349/tour-aventura-3-dias-semuc-champey-coban-desde-guatemala-2927
Ruta de 2 días de trekking por el volcán Acatenango,trekking-volcan-acatenango-2-dias,2929,Aventura de 2 Días en Volcán Acatenango con Vistas al Volcán de Fuego,https://www.tur.com/es/ciudad-de-guatemala-349/trekking-volcan-acatenango-2-dias-2929
Excursión a Antigua Guatemala,excursion-dia-completo-antigua-guatemala-desde-ciudad-guatemala,2928,Tour de día completo a Antigua Guatemala desde Ciudad de Guatemala con traslado,https://www.tur.com/es/ciudad-de-guatemala-349/excursion-dia-completo-antigua-guatemala-desde-ciudad-guatemala-2928
Tour gastronómico por Antigua Guatemala,tour-historia-gastronomia-ciudad-guatemala-colectivo,2521,Tour de Historia y Gastronomía por Antigua Guatemala,https://www.tur.com/es/antigua-guatemala-350/tour-historia-gastronomia-ciudad-guatemala-colectivo-2521
Traslados desde Antigua Guatemala a los principales puntos,traslado-desde-antigua-guatemala-a-flores-panajachel-xela,2914,Traslados desde Antigua Guatemala a los principales puntos,https://www.tur.com/es/antigua-guatemala-350/traslado-desde-antigua-guatemala-a-flores-panajachel-xela-2914
Excursión al Volcán Pacaya,trekking-volcan-pacaya-campos-lava-ciudad-guatemala,2523,Trekking al Volcán Pacaya y Campos de Lava desde Ciudad de Guatemala,https://www.tur.com/es/antigua-guatemala-350/trekking-volcan-pacaya-campos-lava-ciudad-guatemala-2523
Traslados a Antigua Guatemala,traslado-a-antigua-guatemala-desde-flores-panajachel-xela,2835,Traslados a Antigua Guatemala desde distintos puntos,https://www.tur.com/es/antigua-guatemala-350/traslado-a-antigua-guatemala-desde-flores-panajachel-xela-2835
Excursión al mercado de Chichicastenango y el lago Atitlán,tour-2-dias-chichicastenango-lago-atitlan-antigua,2510,Tour de 2 Días a Chichicastenango y Lago de Atitlán desde Antigua Guatemala,https://www.tur.com/es/antigua-guatemala-350/tour-2-dias-chichicastenango-lago-atitlan-antigua-2510
Visita guiada por Antigua Guatemala,walking-tour-cultural-antigua-guatemala,2551,Recorrido Cultural a Pie por Antigua Guatemala: Historia y Arquitectura Colonial,https://www.tur.com/es/antigua-guatemala-350/walking-tour-cultural-antigua-guatemala-2551
Excursión al Lago Atitlán + Paseo en barco a San Juan La Laguna​,tour-lago-atitlan-panajachel-san-juan-desde-antigua,2519,Tour Guiado al Lago Atitlán: desde Ciudad de Guatemala o Antigua Guatemala,https://www.tur.com/es/panajachel-352/tour-lago-atitlan-panajachel-san-juan-desde-antigua-2519
City Tour y Experiencia Guembe desde Santa Cruz de la Sierra,city-tour-guembe-santa-cruz-de-la-sierra,38,City Tour y Experiencia Guembe desde Santa Cruz de la Sierra,https://www.tur.com/es/santa-cruz-de-la-sierra-353/city-tour-guembe-santa-cruz-de-la-sierra-38
Super Lagoa Azul,paseo-lancha-lagoa-azul-playas-ilha-grande,5443,Paseo en lancha por Lagoa Azul y playas de Ilha Grande,https://www.tur.com/es/angra-dos-reis-355/paseo-lancha-lagoa-azul-playas-ilha-grande-5443
Excursión a Angra dos Reis desde Rio,tour-barco-angra-dos-reis-ilha-grande,4111,Tour en barco por Angra dos Reis e Ilha Grande desde Río,https://www.tur.com/es/angra-dos-reis-355/tour-barco-angra-dos-reis-ilha-grande-4111
Tour de aventura y naturaleza en Mindo con fábrica de chocolate desde Quito,tour-naturaleza-aventura-mindo-bosque-nublado,2779,Tour de aventura y naturaleza en Mindo con fábrica de chocolate desde Quito,https://www.tur.com/es/mindo-360/tour-naturaleza-aventura-mindo-bosque-nublado-2779
"Escapada Hotel Las Majadas: Descanso, Sabores y Tradición",getaway-majadas-26494,1475,"Escapada Hotel Las Majadas: Descanso, Sabores y Tradición",https://www.tur.com/es/pirque-361/getaway-majadas-26494-1475
PARQUE NACIONAL RIO CLARILLO,parque-nacional-rio-clarillo,3599,Entrada al Parque Nacional Río Clarillo,https://www.tur.com/es/pirque-361/parque-nacional-rio-clarillo-3599
Tour Nocturno en Viña Concha y Toro con traslado desde Santiago,tour-nocturno-concha-y-toro-santiago-cena,4008,Tour Nocturno en Viña Concha y Toro con traslado desde Santiago,https://www.tur.com/es/pirque-361/tour-nocturno-concha-y-toro-santiago-cena-4008
Viña Haras de Pirque,tour-vina-haras-de-pirque-santiago,3776,Tour a la Viña Haras de Pirque desde Santiago con Degustación,https://www.tur.com/es/pirque-361/tour-vina-haras-de-pirque-santiago-3776
Aventura de Trekking y Bicicleta en el Parque Nacional Cotopaxi desde Quito,trekking-bicicleta-cotopaxi-desde-quito,2780,Aventura de Trekking y Bicicleta en el Parque Nacional Cotopaxi desde Quito,https://www.tur.com/es/latacunga-362/trekking-bicicleta-cotopaxi-desde-quito-2780
Cabalgata por el Parque Nacional Cotopaxi y Laguna Limpiopungo desde Quito,cabalgata-parque-nacional-cotopaxi-limpiopungo,2776,Cabalgata por el Parque Nacional Cotopaxi y Laguna Limpiopungo desde Quito,https://www.tur.com/es/latacunga-362/cabalgata-parque-nacional-cotopaxi-limpiopungo-2776
"Tour de Día Completo al Mercado Indígena de Otavalo, Cotacachi y Laguna Cuicocha desde Quito",tour-cultural-otavalo-laguna-cuicocha-quito,2778,"Tour de Día Completo al Mercado Indígena de Otavalo, Cotacachi y Laguna Cuicocha desde Quito",https://www.tur.com/es/otavalo-363/tour-cultural-otavalo-laguna-cuicocha-quito-2778
Surf y BodyBoard en Concón: Clases para Todos los Niveles,clases-de-surf-2-25114,1388,"Clase personalizada de Surf, BodyBoard o SUP en Concón",https://www.tur.com/es/concon-364/clases-de-surf-2-25114-1388
Aprende a Surfear: Clases de Surf en la Playa de Concón,clases-de-surf-en-concon-26233,1386,Clase de Surf personalizada en la Playa de Concón,https://www.tur.com/es/concon-364/clases-de-surf-en-concon-26233-1386
Trekking en Cerro Mauco: vistas al Pacífico y la Cordillera de los Andes,cerro-mauco-28199,1833,Trekking en Cerro Mauco: vistas al Pacífico y la Cordillera de los Andes,https://www.tur.com/es/concon-364/cerro-mauco-28199-1833
Parque Nacional La Campana: Ascenso a la Cumbre,cumbre-del-cerro-la-campana-25352,1378,Parque Nacional La Campana: Ascenso a la Cumbre,https://www.tur.com/es/olmue-365/cumbre-del-cerro-la-campana-25352-1378
Trekking en el Parque Nacional La Campana: Sendero de Los Peumos,parque-nacional-la-campana-25353,1553,Trekking en el Parque Nacional La Campana: Sendero de Los Peumos,https://www.tur.com/es/olmue-365/parque-nacional-la-campana-25353-1553
Parque Nacional La Campana Sector Cajón Grande,parque-nacional-la-campana-sector-cajon-grande,3417,Parque Nacional La Campana Sector Cajón Grande,https://www.tur.com/es/olmue-365/parque-nacional-la-campana-sector-cajon-grande-3417
Parque Nacional La Campana Sector Palmas de Ocoa,parque-nacional-la-campana-sector-palmas-de-ocoa,3418,Entrada Parque Nacional La Campana Sector Palmas de Ocoa,https://www.tur.com/es/olmue-365/parque-nacional-la-campana-sector-palmas-de-ocoa-3418
Parque Nacional La Campana Sector Granizo,parque-nacional-la-campana-sector-granizo,3419,Entrada Parque Nacional La Campana - Sector Granizo,https://www.tur.com/es/olmue-365/parque-nacional-la-campana-sector-granizo-3419
Parque Nacional La Campana Sendero Cumbre,parque-nacional-la-campana-sendero-cumbre,3595,Entrada al Parque Nacional La Campana Sendero Cumbre,https://www.tur.com/es/olmue-365/parque-nacional-la-campana-sendero-cumbre-3595
La Ruta Secreta del Vino: Senderismo y Tradición en Marga Marga,la-ruta-secreta-del-vino-25351,1763,"Ruta Secreta del Vino, Senderismo y Tradición en Marga Marga en Quilpué, Valparaíso",https://www.tur.com/es/quilpue-366/la-ruta-secreta-del-vino-25351-1763
RESERVA NACIONAL LAGO PEÑUELAS - CICLORUTA FAMILIAR,reserva-nacional-lago-penuelas,3420,Entrada Reserva Nacional Lago Peñuelas - Cicloruta Familiar,https://www.tur.com/es/quilpue-366/reserva-nacional-lago-penuelas-3420
Trekking y Termas en Chusmiza: Descubre la Región de Tarapacá,tour-pueblo-de-chusmiza-25276,1266,Trekking y Termas en Chusmiza: Descubre la Región de Tarapacá,https://www.tur.com/es/chusmiza-367/tour-pueblo-de-chusmiza-25276-1266
"Trekking al Refugio Aymara: Historia y Naturaleza al pueblo Chusmiza, Región de Tarapacá",trekking-al-refugio-aymara-chusmiza-25467,1206,"Trekking al Refugio Aymara: Historia y Naturaleza al pueblo Chusmiza, Región de Tarapacá",https://www.tur.com/es/chusmiza-367/trekking-al-refugio-aymara-chusmiza-25467-1206
"Descubre Chusmiza, Región de Tarapacá: Trekking por Senderos Aymaras y Petroglifos",trekking-a-los-petroglifos-de-chusmiza-25466,1168,"Descubre Chusmiza, Región de Tarapacá: Trekking por Senderos Aymaras y Petroglifos",https://www.tur.com/es/chusmiza-367/trekking-a-los-petroglifos-de-chusmiza-25466-1168
Renta Mountain Bike en La Junta: Descubre la Naturaleza en Dos Ruedas,renta-mountain-bike-25919,1280,Renta Mountain Bike en La Junta: Descubre la Naturaleza en Dos Ruedas,https://www.tur.com/es/la-junta-368/renta-mountain-bike-25919-1280
Renta SUP en La Junta: Descubre la Patagonia desde el Agua,renta-stand-up-paddle-25920,1190,Renta SUP en La Junta: Descubre la Patagonia desde el Agua,https://www.tur.com/es/la-junta-368/renta-stand-up-paddle-25920-1190
Arriendo de Bicicletas en Patagonia: Explora desde La Junta,renta-de-bicicletas-1-1-1-31984,1258,Arriendo de Bicicletas en Patagonia: Explora desde La Junta,https://www.tur.com/es/la-junta-368/renta-de-bicicletas-1-1-1-31984-1258
Rafting en el Río Figueroa: Aventura en la Patagonia de Aysén,rafting-aventura-rio-figueroa-24815,1530,Rafting en el Río Figueroa: Aventura en la Patagonia de Aysén,https://www.tur.com/es/la-junta-368/rafting-aventura-rio-figueroa-24815-1530
Navegación en Kayak por el Río Palena: Desde La Junta al Corazón de Aysén,kayak-rio-palena-24997,1207,Navegación en Kayak por el Río Palena: Desde La Junta al Corazón de Aysén,https://www.tur.com/es/la-junta-368/kayak-rio-palena-24997-1207
Explora La Boca en Kayak con Observación de Aves y Caminata,ruta-la-bocadesembocadura-28265,1727,Explora La Boca en Kayak con Observación de Aves y Caminata,https://www.tur.com/es/rapel-369/ruta-la-bocadesembocadura-28265-1727
Kayak en el Río Rapel hasta La Boca: Aventura y Naturaleza,rapel-la-boca-28284,1885,Kayak en el Río Rapel hasta La Boca: Aventura y Naturaleza,https://www.tur.com/es/rapel-369/rapel-la-boca-28284-1885
Kayak en el Río Rapel: Ruta Licancheu Río Arriba,licancheu-rio-arriba-28283,1831,Kayak en el Río Rapel: Ruta Licancheu Río Arriba,https://www.tur.com/es/rapel-369/licancheu-rio-arriba-28283-1831
Trekking en Cumbres del Huasco: Naturaleza y Aventura Andina,trekking-de-montana-cumbres-del-huasco-30684,1474,Trekking en Cumbres del Huasco: Naturaleza y Aventura Andina,https://www.tur.com/es/vallenar-370/trekking-de-montana-cumbres-del-huasco-30684-1474
Parque Nacional Llanos de Challe,parque-nacional-llanos-de-challe,3686,Entrada al Parque Nacional Llanos de Challe,https://www.tur.com/es/vallenar-370/parque-nacional-llanos-de-challe-3686
Kayak en el Canal Beagle: Ruta de los Antiguos Yagán,kayak-errante-28364,1814,Kayak en el Canal Beagle: Ruta de los Antiguos Yagán,https://www.tur.com/es/tierra-del-fuego-371/kayak-errante-28364-1814
Conéctate con la historia y biodiversidad en un tour inmersivo en Lago Calafquén,eco-tours-azkintuwe-ruta-del-bosque-27302,1999,Conéctate con la historia y biodiversidad en un tour inmersivo en Lago Calafquén,https://www.tur.com/es/panguipulli-372/eco-tours-azkintuwe-ruta-del-bosque-27302-1999
RESERVA NACIONAL MOCHO-CHOSHUENCO,reserva-nacional-mocho-choshuenco,3413,Entrada Reserva Nacional Mocho-Choshuenco,https://www.tur.com/es/panguipulli-372/reserva-nacional-mocho-choshuenco-3413
Excursión Isla de Chiloé: Castro y Dalcahue desde Puerto Varas,excursion-isla-de-chiloe-castro-y-dalcahue-31907,1734,Excursión Isla de Chiloé: Castro y Dalcahue desde Puerto Varas,https://www.tur.com/es/chiloe-373/excursion-isla-de-chiloe-castro-y-dalcahue-31907-1734
Navegación en el Parque Tepuhueico: Tesoros Acuáticos de Chiloé,navegacion-aguas-del-tepu-26532,1253,Navegación en el Parque Tepuhueico: Tesoros Acuáticos de Chiloé,https://www.tur.com/es/chiloe-373/navegacion-aguas-del-tepu-26532-1253
PARQUE NACIONAL CHILOÉ,parque-nacional-chiloe,3406,Entrada Parque Nacional Chiloé,https://www.tur.com/es/chiloe-373/parque-nacional-chiloe-3406
Cabalgata al Huerto en Puerto Guadal con Almuerzo Farm to Table,cabalgata-con-sabor-de-la-huerta-a-la-mesa-farm-to-table-experience-32833,1937,Cabalgata al Huerto en Puerto Guadal con Almuerzo Farm to Table,https://www.tur.com/es/chile-chico-374/cabalgata-con-sabor-de-la-huerta-a-la-mesa-farm-to-table-experience-32833-1937
Trekking a la Meseta de los Fósiles en Puerto Guadal: Caminata Geológica por la Carretera Austral,trekking-a-los-fosiles-32835,2152,Trekking a la Meseta de los Fósiles en Puerto Guadal: Caminata Geológica por la Carretera Austral,https://www.tur.com/es/chile-chico-374/trekking-a-los-fosiles-32835-2152
Parque Nacional Patagonia - Sector Chacabuco,parque-nacional-patagonia-sector-chacabuco,3415,Entrada Parque Nacional Patagonia - Sector Chacabuco,https://www.tur.com/es/chile-chico-374/parque-nacional-patagonia-sector-chacabuco-3415
Tour a Caballo en Mallín Grande hasta el Ventisquero Tronador,cabalgata-de-dia-completo-al-ventisquero-tronador-en-mallin-grande-32228,2113,Tour a Caballo en Mallín Grande hasta el Ventisquero Tronador,https://www.tur.com/es/chile-chico-374/cabalgata-de-dia-completo-al-ventisquero-tronador-en-mallin-grande-32228-2113
"Mallín Grande a Caballo, Naturaleza y Tradición Patagónica",cabalgata-una-mirada-al-chelenko-mallin-grande-28748,2101,"Mallín Grande a Caballo, Naturaleza y Tradición Patagónica",https://www.tur.com/es/chile-chico-374/cabalgata-una-mirada-al-chelenko-mallin-grande-28748-2101
Full Tour Don Enrique: Historia y Vino en Viña Patrimonial,full-tour-don-enrique-29990,1887,Full Tour Don Enrique: Historia y Vino en Viña Patrimonial,https://www.tur.com/es/panquehue-376/full-tour-don-enrique-29990-1887
Reserva Nacional Laguna Torca,reserva-nacional-laguna-torca,3431,Entrada Reserva Nacional Laguna Torca,https://www.tur.com/es/vichuquen-377/reserva-nacional-laguna-torca-3431
RESERVA NACIONAL FEDERICO ALBERT,reserva-nacional-federico-albert,3444,Entrada Reserva Nacional Federico Albert,https://www.tur.com/es/chanco-379/reserva-nacional-federico-albert-3444
RESERVA NACIONAL LOS RUILES,reserva-nacional-los-ruiles,3445,Entrada Reserva Nacional Los Ruiles,https://www.tur.com/es/chanco-379/reserva-nacional-los-ruiles-3445
Paseo y Bautismo Aéreo en Esquel,paseo-y-bautismo-aereo-en-esquel,3114,Paseo y Bautismo Aéreo en Esquel,https://www.tur.com/es/trevelin-382/paseo-y-bautismo-aereo-en-esquel-3114
El Desafío de tu Vida: Ascenso al Volcán Lanín,el-desafio-de-tu-vida-ascenso-al-volcan-lanin,3265,El Desafío de tu Vida: Ascenso al Volcán Lanín,https://www.tur.com/es/junin-de-los-andes-384/el-desafio-de-tu-vida-ascenso-al-volcan-lanin-3265
"Tirolesa, Puentes y Rapel en Valle de Picapedrero",tirolesa-escalada-rapel-en-valle-de-picapedrero,3166,"Tirolesa, Puentes y Rapel en Valle de Picapedrero",https://www.tur.com/es/tandil-385/tirolesa-escalada-rapel-en-valle-de-picapedrero-3166
Remada en el Río Paraguay: Naturaleza y Aventura,remada-rio-paraguay-formosa,4397,Remada en el Río Paraguay en Formosa Naturaleza y Aventura,No encontrada
City Bike Tour: Descubrí Formosa sobre Ruedas,city-tour-bicicleta-formosa,4392,City tour en bicicleta por la ciudad de Formosa,https://www.tur.com/es/formosa-386/city-tour-bicicleta-formosa-4392
Remada en la Reserva Laguna Oca: Naturaleza Pura,remada-laguna-oca-formosa,4394,Remada por la Reserva Laguna Oca en Farmosa,https://www.tur.com/es/formosa-386/remada-laguna-oca-formosa-4394
Mountain Bike en la Reserva Laguna Oca,paseo-bicicleta-laguna-oca-formosa,4391,Paseo en Bicicleta por la Reserva Laguna Oca en Formosa,https://www.tur.com/es/formosa-386/paseo-bicicleta-laguna-oca-formosa-4391
"Bañado La Estrella: Naturaleza, Cultura y Magia","banado-la-estrella-naturaleza,-cultura-y-magia",4395,Excursión al Bañado La Estrella,"https://www.tur.com/es/formosa-386/banado-la-estrella-naturaleza,-cultura-y-magia-4395"
City Tour en Formosa: Historia y Naturaleza,city-tour-ciudad-formosa,4396,City Tour por la Ciudad de Formosa Cultura y Paisajes,https://www.tur.com/es/formosa-386/city-tour-ciudad-formosa-4396
Bañado La Estrella: Exploración en la 7ma Maravilla,banado-la-estrella-exploracion-en-la-7ma-maravilla,4390,Bañado La Estrella: Exploración en la 7ma Maravilla,https://www.tur.com/es/formosa-386/banado-la-estrella-exploracion-en-la-7ma-maravilla-4390
Trekking Sendero Carpinchos: Naturaleza y Aventura,trekking-sendero-carpinchos-formosa,4398,Trekking Sendero Carpinchos en Formosa Naturaleza y Fauna,https://www.tur.com/es/formosa-386/trekking-sendero-carpinchos-formosa-4398
Free Tour por los Secretos de Asunción Histórica,free-tour-por-los-secretos-de-asuncion-historica,4747,Free Tour por los Secretos de Asunción Histórica,https://www.tur.com/es/asuncion-388/free-tour-por-los-secretos-de-asuncion-historica-4747
City Tour a pie en la ciudad de Asunción,city-tour-a-pie-en-la-ciudad-de-asuncion,4746,City Tour a pie en la ciudad de Asunción,https://www.tur.com/es/asuncion-388/city-tour-a-pie-en-la-ciudad-de-asuncion-4746
Excursión a Ruinas Misiones Jesuíticas,excursion-a-ruinas-misiones-jesuiticas,4748,"Excursión a Ruinas Misiones Jesuíticas de San Ignacio, Loreto y Santa Ana",https://www.tur.com/es/posadas-389/excursion-a-ruinas-misiones-jesuiticas-4748
Visita y almuerzo en Bodega Bouza,visita-y-almuerzo-en-bodega-bouza,5106,Visita y almuerzo en Bodega Bouza,https://www.tur.com/es/montevideo-391/visita-y-almuerzo-en-bodega-bouza-5106
Make your Asado,make-your-asado,5086,Masterclass de Asado y Vinos en Bodega Boutique,https://www.tur.com/es/montevideo-391/make-your-asado-5086
Día Completo en Punta del Este ,dia-completo-en-punta-del-este,5083,Excursión a Punta Ballena y  Punta del Este,https://www.tur.com/es/montevideo-391/dia-completo-en-punta-del-este-5083
Día completo en Colonia del Sacramento,dia-completo-en-colonia-del-sacramento,5085,Excursión a Colonia del Sacramento desde Montevideo,https://www.tur.com/es/montevideo-391/dia-completo-en-colonia-del-sacramento-5085
Visita y Degustación en Bodega Pizzorno,visita-y-degustacion-en-bodega-pizzorno,5097,Visita y Degustación en Bodega Pizzorno,https://www.tur.com/es/montevideo-391/visita-y-degustacion-en-bodega-pizzorno-5097
Visita y Degustación en Bodega Bouza,visita-y-degustacion-en-bodega-bouza,5098,Visita y Degustación en Bodega Bouza,https://www.tur.com/es/montevideo-391/visita-y-degustacion-en-bodega-bouza-5098
Visita y Degustación Clásica en Bodega Braccobosca,visita-y-degustacion-clasica-en-bodega-braccobosca,5099,Visita y Degustación Clásica en Bodega Braccobosca,https://www.tur.com/es/montevideo-391/visita-y-degustacion-clasica-en-bodega-braccobosca-5099
Cena show El Milongón,cena-show-el-milongon,5088,Cena Show de Cultura Uruguaya en El Milongón,https://www.tur.com/es/montevideo-391/cena-show-el-milongon-5088
"Citytour por Montevideo: Historia, Cultura y Rambla","citytour-por-montevideo-historia,-cultura-y-rambla",4981,"City Tour por la ciudad de Montevideo: Historia, Cultura y Rambla","https://www.tur.com/es/montevideo-391/citytour-por-montevideo-historia,-cultura-y-rambla-4981"
"Visita, Degustación y Almuerzo en Bodega Pizzorno",visita-degustacion-y-almuerzo-en-bodega-pizzorno,5101,Visita con Degustación y Almuerzo en Bodega Pizzorno,https://www.tur.com/es/montevideo-391/visita-degustacion-y-almuerzo-en-bodega-pizzorno-5101
Visita y Degustación y Almuerzo en Bodega Bouza,visita-y-degustacion-y-almuerzo-en-bodega-bouza,5105,Visita y Degustación y Almuerzo en Bodega Bouza,https://www.tur.com/es/montevideo-391/visita-y-degustacion-y-almuerzo-en-bodega-bouza-5105
Fluvial – Coroa Alta,excursion-coroa-alta-porto-seguro-velero,5264,Excursión Parque Marino Coroa Alta desde Porto Seguro en velero,https://www.tur.com/es/porto-seguro-398/excursion-coroa-alta-porto-seguro-velero-5268
Excursão Recife de Fora,excursion-recife-de-fora-porto-seguro,5250,Excursión en escuna al Parque Marino Recife de Fora desde Porto Seguro,https://www.tur.com/es/porto-seguro-398/excursion-recife-de-fora-porto-seguro-5250
Transfer Aeroporto a Trancoso,traslado-aeropuerto-porto-seguro-trancoso,5259,Traslado Aeropuerto Porto Seguro a Trancoso,https://www.tur.com/es/porto-seguro-398/traslado-aeropuerto-porto-seguro-trancoso-5259
Transfer Santa Cruz Cabrália para Aeroporto de Porto Seguro,traslado-cabralia-aeropuerto-porto-seguro,5287,Traslado Santa Cruz Cabrália al Aeropuerto Porto Seguro,https://www.tur.com/es/porto-seguro-398/traslado-cabralia-aeropuerto-porto-seguro-5287
Ida e volta - Transfer Aeroporto e Porto Seguro (centro e orla),traslado-ida-vuelta-aeropuerto-centro-porto-seguro,5302,Traslado ida y vuelta aeropuerto y centro Porto Seguro,https://www.tur.com/es/porto-seguro-398/traslado-ida-vuelta-aeropuerto-centro-porto-seguro-5302
Transfer Praia de Santo André para Aeroporto de Porto Seguro,traslado-praia-santo-andre-aeropuerto-porto-seguro,5298,Traslado Praia de Santo André al aeropuerto Porto Seguro,https://www.tur.com/es/porto-seguro-398/traslado-praia-santo-andre-aeropuerto-porto-seguro-5298
Transfer Porto Seguro (centro e orla) para Aeroporto,traslado-centro-porto-seguro-aeropuerto,5301,Traslado centro de Porto Seguro al aeropuerto,https://www.tur.com/es/porto-seguro-398/traslado-centro-porto-seguro-aeropuerto-5301
 Ida e volta - Transfer Aeroporto de Porto Seguro para Praia do Espelho ou Caraíva,traslado-ida-y-vuelta-porto-seguro-caraiva-praia-do-espelho,5288,Traslado ida y vuelta Aeropuerto Porto Seguro a Caraíva o Praia do Espelho,https://www.tur.com/es/porto-seguro-398/traslado-ida-y-vuelta-porto-seguro-caraiva-praia-do-espelho-5288
Fluvial – Coroa Alta,excursion-coroa-alta-porto-seguro-velero,5268,Excursión Parque Marino Coroa Alta desde Porto Seguro en velero,https://www.tur.com/es/porto-seguro-398/excursion-coroa-alta-porto-seguro-velero-5268
 Visita guiada por Porto Seguro,visita-guiada-centro-historico-porto-seguro,5273,Visita guiada por el centro histórico de Porto Seguro,https://www.tur.com/es/porto-seguro-398/visita-guiada-centro-historico-porto-seguro-5273
Transfer Aeroporto a Santa C. Cabrália,traslado-aeropuerto-porto-seguro-santa-cruz-cabralia,5257,Traslado entre Aeropuerto de Porto Seguro y Santa Cruz Cabrália,https://www.tur.com/es/porto-seguro-398/traslado-aeropuerto-porto-seguro-santa-cruz-cabralia-5257
Ida e Volta - Transfer Aeroporto de Porto Seguro para Arraial d'Ajuda Centro e Praia,traslado-ida-vuelta-aeropuerto-porto-seguro-arraial-d-ajuda,5297,Traslado ida y vuelta aeropuerto Porto Seguro y Arraial d’Ajuda,https://www.tur.com/es/porto-seguro-398/traslado-ida-vuelta-aeropuerto-porto-seguro-arraial-d-ajuda-5297
Ida e volta - Transfer Aeroporto de Porto Seguro para Santa Cruz Cabrália,traslado-porto-seguro-cabralia-ida-vuelta,5286,Traslado aeropuerto Porto Seguro hacia Cabrália Ida y Vuelta,https://www.tur.com/es/porto-seguro-398/traslado-porto-seguro-cabralia-ida-vuelta-5286
Transfer Aeroporto a Arraial d'Ajuda,traslado-aeropuerto-porto-seguro-arraial-d-ajuda,5270,Traslado aeropuerto de Porto Seguro a Arraial d’Ajuda,https://www.tur.com/es/porto-seguro-398/traslado-aeropuerto-porto-seguro-arraial-d-ajuda-5270
Transfer Aeroporto-Porto de Seguro (centro e orla),traslado-aeropuerto-porto-seguro-centro,5271,Traslado aeropuerto a centro de Porto Seguro,https://www.tur.com/es/porto-seguro-398/traslado-aeropuerto-porto-seguro-centro-5271
Transfer Aeroporto a Praia de Santo André,traslado-aeropuerto-porto-seguro-praia-santo-andre,5256,Traslado aeropuerto Porto Seguro a Praia de Santo André,https://www.tur.com/es/porto-seguro-398/traslado-aeropuerto-porto-seguro-praia-santo-andre-5256
Excursão a Arraial d'Ajuda ,excursion-arraial-ajuda-porto-seguro,5244,Excursión a Arraial d’Ajuda y Playa Mucugê desde Porto Seguro,https://www.tur.com/es/porto-seguro-398/excursion-arraial-ajuda-porto-seguro-5244
Transfer Praia do Espelho ou Caraíva para Aeroporto de Porto Seguro,traslado-caraiva-aeropuerto-porto-seguro,5289,Traslado Caraíva o Espelho al aeropuerto de Porto Seguro,https://www.tur.com/es/porto-seguro-398/traslado-caraiva-aeropuerto-porto-seguro-5289
Reserva da Jaqueira,excursion-reserva-pataxo-jaqueira-porto-seguro,5269,Excursión reserva indígena Pataxó da Jaqueira desde Porto Seguro,https://www.tur.com/es/porto-seguro-398/excursion-reserva-pataxo-jaqueira-porto-seguro-5269
Transfer Trancoso (centro e praia) para Aeroporto de Porto Seguro,traslado-trancoso-aeropuerto-porto-seguro,5284,Traslado Trancoso al Aeropuerto Porto Seguro,https://www.tur.com/es/porto-seguro-398/traslado-trancoso-aeropuerto-porto-seguro-5284
Excursão Espelho,excursion-playa-espelho-porto-seguro,5245,Excursión a Playa del Espelho desde Porto Seguro,https://www.tur.com/es/porto-seguro-398/excursion-playa-espelho-porto-seguro-5245
Excursão a Caraíva,excursion-caraiva-porto-seguro,5249,Excursión a Caraíva desde Porto Seguro con guía profesional,https://www.tur.com/es/porto-seguro-398/excursion-caraiva-porto-seguro-5249
 Tour Mergulho,bautismo-buceo-porto-seguro,5272,Bautismo de buceo en Porto Seguro con instructor PADI,https://www.tur.com/es/porto-seguro-398/bautismo-buceo-porto-seguro-5272
 Transfer Aeroporto a Praia do Espelho ou Caraíva,traslado-porto-seguro-praia-do-espelho-caraiva,5258,Transporte entre el aeropuerto de Porto Seguro y Caraíva o Praia do Espelho,https://www.tur.com/es/porto-seguro-398/traslado-porto-seguro-praia-do-espelho-caraiva-5258
Excursão a Trancoso,excursion-trancoso-desde-porto-seguro,5242,Excursión a Trancoso desde Porto Seguro,https://www.tur.com/es/porto-seguro-398/excursion-trancoso-desde-porto-seguro-5242
Ida e Volta - Transfer Aeroporto de Porto Seguro para Trancoso (centro e praia),traslado-porto-seguro-trancoso-ida-vuelta,5285,Traslado aeropuerto Porto Seguro hacia Trancoso Ida y Vuelta,https://www.tur.com/es/porto-seguro-398/traslado-porto-seguro-trancoso-ida-vuelta-5285
Transfer Arraial d'Ajuda Centro e Praia para Aeroporto de Porto Seguro,traslado-arraial-d-ajuda-aeropuerto-porto-seguro,5296,Traslado Arraial d’Ajuda al aeropuerto de Porto Seguro,https://www.tur.com/es/porto-seguro-398/traslado-arraial-d-ajuda-aeropuerto-porto-seguro-5296
Arraial Night,excursion-nocturna-arraial-dajuda-porto-seguro,5274,Excursión nocturna a Arraial d’Ajuda desde Porto Seguro,https://www.tur.com/es/porto-seguro-398/excursion-nocturna-arraial-dajuda-porto-seguro-5274
Excursão a Vinícola Santa Maria,vinicola-villa-santa-maria-campos-do-jordao,5254,Visita a vinícola Villa Santa Maria desde Campos do Jordão,https://www.tur.com/es/campos-do-jordao-400/vinicola-villa-santa-maria-campos-do-jordao-5254
Tour Cultural Campos do Jordão,tour-cultural-campos-do-jordao,5255,Tour cultural e histórico en Campos do Jordão,https://www.tur.com/es/campos-do-jordao-400/tour-cultural-campos-do-jordao-5255
APARECIDA,tour-aparecida-campos-do-jordao,5280,Tour al Santuario de Aparecida desde Campos do Jordão,https://www.tur.com/es/campos-do-jordao-400/tour-aparecida-campos-do-jordao-5280
Citytour Campos do Jordão,tour-panoramico-campos-do-jordao,5281,Tour panorâmico por Campos do Jordão,https://www.tur.com/es/campos-do-jordao-400/tour-panoramico-campos-do-jordao-5281
Amantikir,tour-parque-amantikir-campos-de-jordao,5325,Tour Parque Amantikir en Campos de Jordão,https://www.tur.com/es/campos-do-jordao-400/tour-parque-amantikir-campos-de-jordao-5325
Praia bela - litoral sul,excursion-praia-bela-desde-joao-pessoa,5400,Excursión a Praia Bela con guía desde João Pessoa,https://www.tur.com/es/joao-pessoa-403/excursion-praia-bela-desde-joao-pessoa-5400
ENTARDECER NA PRAIA FLUVIAL DO JACARÉ,tour-atardecer-praia-do-jacare,5326,Tour al atardecer en Praia do Jacaré desde João Pessoa,https://www.tur.com/es/joao-pessoa-403/tour-atardecer-praia-do-jacare-5326
TAMBABA & COQUEIRINHO – LITORAL SUL,excursion-tambaba-coqueirinho-litoral-sur,5401,Excursión a Tambaba y Coqueirinho en el Litoral Sur desde João Pessoa,https://www.tur.com/es/joao-pessoa-403/excursion-tambaba-coqueirinho-litoral-sur-5401
CITY TOUR HISTÓRICO EM JOAO PESSOA (04 horas) – REGULAR,city-tour-historico-joao-pessoa,5403,City tour histórico guiado por João Pessoa,https://www.tur.com/es/joao-pessoa-403/city-tour-historico-joao-pessoa-5403
 LITORAL NORTE COM ENTARDECER NA PRAIA DO JACARÉ,tour-atardecer-praia-do-jacare,5402,Tour al atardecer en Praia do Jacaré desde João Pessoa,https://www.tur.com/es/joao-pessoa-403/tour-atardecer-praia-do-jacare-5326
TOUR NO BUDA GIGANTE,visita-guiada-portal-budista-vitoria,5459,Tour por Buda Gigante en  Ibiraçuz Brasil,No encontrada
PRAIA DE ANCHIETA,excursion-playa-costa-azul-anchieta,5446,Excursión a Playa Costa Azul en Anchieta desde Vitória,https://www.tur.com/es/vitoria-405/excursion-playa-costa-azul-anchieta-5446
CITY TOUR POR VITORIA E VILA VELHA,city-tour-vitoria-vila-velha,5379,City tour por Vitória y Vila Vehla en Brasil,https://www.tur.com/es/vitoria-405/city-tour-vitoria-vila-velha-5379
City tour - 4 horas,tour-panoramico-curitiba,5420,Tour panorámico por Curitiba con guía y entradas,https://www.tur.com/es/curitiba-409/tour-panoramico-curitiba-5420
