pais;ciudad_id;tour_id;titulo_referencia;url
Costa Rica;la-fortuna-l1904;449407;La fortuna rio celeste full day;https://www.getyourguide.com/la-fortuna-l1904/la-fortuna-rio-celeste-full-day-tour-t449407/
Costa Rica;uvita-costa-rica-l187790;712261;Uvita whale watching;https://www.getyourguide.com/uvita-costa-rica-l187790/uvita-whale-watching-tour-in-marino-ballena-national-park-t712261/
Costa Rica;la-fortuna-l1904;720680;La fortuna north fields coffee and chocolate;https://www.getyourguide.com/la-fortuna-l1904/la-fortuna-north-fields-coffee-and-chocolate-tour-t720680/
Costa Rica;uvita-costa-rica-l187790;721802;Uvita private 2 hour spanish lesson with coffee or;https://www.getyourguide.com/uvita-costa-rica-l187790/uvita-private-2-hour-spanish-lesson-with-coffee-or-tea-t721802/
Costa Rica;samara-l179139;729460;Samara snorkel and sea kayak;https://www.getyourguide.com/samara-l179139/samara-snorkel-and-sea-kayak-tour-t729460/
Costa Rica;manuel-antonio-l142888;827839;Manuel antonio zipline rappels and waterfalls;https://www.getyourguide.com/manuel-antonio-l142888/manuel-antonio-zipline-rappels-and-waterfalls-tour-t827839/
Costa Rica;la-fortuna-l1904;940125;La fortuna photography;https://www.getyourguide.com/la-fortuna-l1904/la-fortuna-photography-tour-at-natura-eco-park-t940125/
Costa Rica;monteverde-l2135;1084426;Monteverde santamarias night walk with wildlife viewing;https://www.getyourguide.com/monteverde-l2135/monteverde-santamarias-night-walk-with-wildlife-viewing-t1084426/
Costa Rica;sierpe-l238757;1132782;Sierpe night walk frogs and snakes guided walking;https://www.getyourguide.com/sierpe-l238757/sierpe-night-walk-frogs-and-snakes-guided-walking-tour-t1132782/
Costa Rica;la-fortuna-l1904;843347;Costarica cloud forest canopy;https://www.getyourguide.com/la-fortuna-l1904/costarica-cloud-forest-canopy-tour-wtarzanswing-superman-t843347/
Costa Rica;nuevo-arenal-l179120;849817;Private;https://www.getyourguide.com/nuevo-arenal-l179120/private-trasnfer-from-san-jose-airport-to-nuevo-arenal-t849817/
Costa Rica;tortuguero-l179461;875973;Tortuguero guided night walk in;https://www.getyourguide.com/tortuguero-l179461/tortuguero-guided-night-walk-in-the-tropical-forest-t875973/
Costa Rica;el-castillo-l178446;991111;El castillo morning bird watching in essence arenal;https://www.getyourguide.com/el-castillo-l178446/el-castillo-morning-bird-watching-in-essence-arenal-t991111/
Costa Rica;monteverde-l2135;1254283;Agroecological;https://www.getyourguide.com/monteverde-l2135/agroecological-tour-with-traditional-lunch-and-cultural-experience-t1254283/
Costa Rica;manuel-antonio-l142888;306658;Manuel antonio 1 day vista los suenos adventure;https://www.getyourguide.com/manuel-antonio-l142888/manuel-antonio-1-day-vista-los-suenos-adventure-t306658/
Costa Rica;manuel-antonio-l142888;332881;Manuel antonio rainmaker park bridge waterfall;https://www.getyourguide.com/manuel-antonio-l142888/manuel-antonio-rainmaker-park-bridge-waterfall-tour-t332881/
Costa Rica;santa-cruz-costa-rica-l184589;333831;All inclusive catamaran adventure from flamingo guanaste;https://www.getyourguide.com/santa-cruz-costa-rica-l184589/all-inclusive-catamaran-adventure-from-flamingo-guanaste-t333831/
Costa Rica;la-fortuna-l1904;456089;La fortuna one day adrenaline fun and best activities;https://www.getyourguide.com/la-fortuna-l1904/la-fortuna-one-day-adrenaline-fun-and-best-activities-t456089/
Costa Rica;manuel-antonio-l142888;583200;Monkey boat;https://www.getyourguide.com/manuel-antonio-l142888/monkey-boat-tour-t583200/
Costa Rica;jaco-l667;304623;Jaco ziplining horseback;https://www.getyourguide.com/jaco-l667/jaco-ziplining-horseback-tour-and-waterfalls-combo-t304623/
Costa Rica;monteverde-l2135;430129;Monteverde zip line bridges and butterfly garden;https://www.getyourguide.com/monteverde-l2135/monteverde-zip-line-bridges-and-butterfly-garden-tour-t430129/
Costa Rica;quepos-l32284;881297;Quepos nauyaca waterfall salto del diamante;https://www.getyourguide.com/quepos-l32284/quepos-nauyaca-waterfall-salto-del-diamante-t881297/
Costa Rica;san-jose-costa-rica-l379;985579;San jose queer neighborhoods walking;https://www.getyourguide.com/san-jose-costa-rica-l379/san-jose-queer-neighborhoods-walking-tour-t985579/
Costa Rica;la-fortuna-l1904;1088984;Assured sloth encounters near;https://www.getyourguide.com/la-fortuna-l1904/assured-sloth-encounters-near-to-la-fortuna-t1088984/
Costa Rica;monteverde-l2135;1168835;Selvatura park natural history walk on;https://www.getyourguide.com/monteverde-l2135/selvatura-park-natural-history-walk-on-the-hanging-bridges-t1168835/
Costa Rica;uvita-costa-rica-l187790;859697;Uvita marino ballena national park whale watching;https://www.getyourguide.com/uvita-costa-rica-l187790/uvita-marino-ballena-national-park-whale-watching-tour-t859697/
Costa Rica;tamarindo-l995;871077;Manuel antonio surfing lessons for everyone costa rica;https://www.getyourguide.com/tamarindo-l995/manuel-antonio-surfing-lessons-for-everyone-costa-rica-t871077/
Costa Rica;tortuguero-l179461;878009;Tortuguero jaguar;https://www.getyourguide.com/tortuguero-l179461/tortuguero-jaguar-trail-guided-hike-feel-the-rainforest--t878009/
Costa Rica;san-jose-costa-rica-l379;1206190;San jose;https://www.getyourguide.com/san-jose-costa-rica-l379/san-jose-turkish-mosaic-lamp-workshop-desserts-tea-and-certificate-t1206190/
Costa Rica;canas-dulces-l233902;932823;Rincon de la vieja rainforest hot springs experience;https://www.getyourguide.com/canas-dulces-l233902/rincon-de-la-vieja-rainforest-hot-springs-experience-t932823/
Costa Rica;san-jose-costa-rica-l379;988384;San jose irazu volcano orosi day;https://www.getyourguide.com/san-jose-costa-rica-l379/san-jose-irazu-volcano-orosi-day-tour-lankester-gardens-t988384/
Costa Rica;puerto-viejo-de-talamanca-l158223;1135624;Cahuita national park horseback riding private;https://www.getyourguide.com/puerto-viejo-de-talamanca-l158223/cahuita-national-park-horseback-riding-private-tour-t1135624/
Costa Rica;roxana-costa-rica-l215393;1188924;Tortuguero birdwatching over 300 bird species kingfishers;https://www.getyourguide.com/roxana-costa-rica-l215393/tortuguero-birdwatching-over-300-bird-species-kingfishers-t1188924/
Costa Rica;jaco-l667;465249;Jaco 2 hour atv adventure and waterfall;https://www.getyourguide.com/jaco-l667/jaco-2-hour-atv-adventure-and-waterfall-tour-t465249/
Costa Rica;tamarindo-l995;561052;Tamarindo sport fishing private charter;https://www.getyourguide.com/tamarindo-l995/tamarindo-sport-fishing-private-charter-t561052/
Costa Rica;uvita-costa-rica-l187790;780689;Marino ballena national park private naturalist hike;https://www.getyourguide.com/uvita-costa-rica-l187790/marino-ballena-national-park-private-naturalist-hike-t780689/
Costa Rica;liberia-costa-rica-l381;812615;Papagayo gulf palo verde national park boat;https://www.getyourguide.com/liberia-costa-rica-l381/papagayo-gulf-palo-verde-national-park-boat-tour-t812615/
Costa Rica;san-jose-costa-rica-l379;429955;San jose private;https://www.getyourguide.com/san-jose-costa-rica-l379/san-jose-private-transport-to-la-fortuna-de-arenal-t429955/
Costa Rica;la-fortuna-l1904;637446;La fortuna kayaking in arenal lake unique volcano view;https://www.getyourguide.com/la-fortuna-l1904/la-fortuna-kayaking-in-arenal-lake-unique-volcano-view-t637446/
Costa Rica;manuel-antonio-l142888;653825;Manuel antonio national park full wildlife;https://www.getyourguide.com/manuel-antonio-l142888/manuel-antonio-national-park-full-wildlife-t653825/
Costa Rica;bijagua-de-upala-l215361;1049180;Bijagua guanacaste hike;https://www.getyourguide.com/bijagua-de-upala-l215361/bijagua-guanacaste-hike-to-the-waterfall-las-pumas-and-frogs-and-sloths-t1049180/
Costa Rica;tortuguero-l179461;687116;Nightwalk;https://www.getyourguide.com/tortuguero-l179461/nightwalk-tour-in-tortuguero-trails-top-tour-in-the-area-t687116/
Costa Rica;liberia-costa-rica-l381;1174018;Guanacaste waterfall hot springs;https://www.getyourguide.com/liberia-costa-rica-l381/guanacaste-waterfall-hot-springs-tour-with-transport-t1174018/
Costa Rica;esterillos-este-l208947;851433;Private;https://www.getyourguide.com/esterillos-este-l208947/private-transfer-from-san-jose-airport-to-esterillos-t851433/
Costa Rica;san-jose-costa-rica-l379;877943;San jose discover our capital;https://www.getyourguide.com/san-jose-costa-rica-l379/san-jose-discover-our-capital-t877943/
Costa Rica;la-fortuna-l1904;1216840;Sloth watching at la fortuna;https://www.getyourguide.com/la-fortuna-l1904/sloth-watching-at-la-fortuna-t1216840/
Costa Rica;cartago-l135017;1288163;Private;https://www.getyourguide.com/cartago-l135017/private-tour-irazu-volcano-orosi-valley-cartago-tour-t1288163/
Costa Rica;la-fortuna-l1904;25067;Rio celeste national park;https://www.getyourguide.com/la-fortuna-l1904/rio-celeste-national-park-t25067/
Costa Rica;playa-flamingo-l1548;1181243;Snorkeling and recreational fishing playa conchal;https://www.getyourguide.com/playa-flamingo-l1548/snorkeling-and-recreational-fishing-playa-conchal-t1181243/
Costa Rica;la-fortuna-l1904;430126;La fortuna private one way;https://www.getyourguide.com/la-fortuna-l1904/la-fortuna-private-one-way-transfer-to-puerto-viejo-t430126/
Costa Rica;tortuguero-l179461;1213946;Tortuguero 2 day eco;https://www.getyourguide.com/tortuguero-l179461/tortuguero-2-day-eco-tour-canoe-jaguar-trail-night-t1213946/
Costa Rica;tortuguero-l179461;1239965;Tortuguero;https://www.getyourguide.com/tortuguero-l179461/tortuguero-trip-to-puerto-moin-limon-south-caribbean-t1239965/
Costa Rica;la-fortuna-l1904;637423;La fortuna nature wildlife night;https://www.getyourguide.com/la-fortuna-l1904/la-fortuna-nature-wildlife-night-tour-in-tropical-forest-t637423/
Costa Rica;tortuguero-l179461;671799;3 hour experience;https://www.getyourguide.com/tortuguero-l179461/3-hour-experience-through-the-channels-of-the-national-park-t671799/
Costa Rica;quepos-l32284;729434;Manuel antonio zipline canopy;https://www.getyourguide.com/quepos-l32284/manuel-antonio-zipline-canopy-tour-with-butterfly-garden-t729434/
Costa Rica;san-jose-costa-rica-l379;400307;From san jose 3 day;https://www.getyourguide.com/san-jose-costa-rica-l379/from-san-jose-3-day-tortuguero-national-park-excursion-t400307/
Costa Rica;san-jose-costa-rica-l379;425625;Punta arenas coffee chocolate and sugar cane day;https://www.getyourguide.com/san-jose-costa-rica-l379/punta-arenas-coffee-chocolate-and-sugar-cane-day-trip-t425625/
Costa Rica;monteverde-l2135;432109;Monteverde;https://www.getyourguide.com/monteverde-l2135/monteverde-transfer-to-manuel-antonio-t432109/
Costa Rica;heredia-l2757;849862;Private;https://www.getyourguide.com/heredia-l2757/private-transfer-from-san-jose-airport-to-heredia-t849862/
Costa Rica;la-fortuna-l1904;502095;Rain forest chocolate;https://www.getyourguide.com/la-fortuna-l1904/rain-forest-chocolate-tours-t502095/
Costa Rica;monteverde-l2135;771579;The original canopy;https://www.getyourguide.com/monteverde-l2135/the-original-canopy-tour-monteverde-t771579/
Costa Rica;jaco-l667;894715;From jaco;https://www.getyourguide.com/jaco-l667/from-jaco-tortuga-island-day-trip-with-activities-t894715/
Costa Rica;liberia-costa-rica-l381;933673;Guanacaste educational nature in;https://www.getyourguide.com/liberia-costa-rica-l381/guanacaste-educational-nature-in-the-circular-economy-tour-t933673/
Costa Rica;manuel-antonio-l142888;318202;All inclusive catamaran eco adventure with lunch;https://www.getyourguide.com/manuel-antonio-l142888/all-inclusive-catamaran-eco-adventure-with-lunch-t318202/
Costa Rica;agujitas-de-drake-l230887;1188892;Drake bay birdwatching 350 species like scarlet macaws;https://www.getyourguide.com/agujitas-de-drake-l230887/drake-bay-birdwatching-350-species-like-scarlet-macaws-t1188892/
Costa Rica;uvita-costa-rica-l187790;521510;Ojochal surf experience costa rica families kids couples;https://www.getyourguide.com/uvita-costa-rica-l187790/ojochal-surf-experience-costa-rica-families-kids-couples-t521510/
Costa Rica;uvita-costa-rica-l187790;775741;Cano island snorkeling;https://www.getyourguide.com/uvita-costa-rica-l187790/cano-island-snorkeling-tour-from-uvita-t775741/
Costa Rica;las-catalinas-l179131;842484;Las catalinas islands 2;https://www.getyourguide.com/las-catalinas-l179131/las-catalinas-islands-2-tank-scuba-dive-trip-t842484/
Costa Rica;brasilito-l169708;864840;Guanacaste atv and zip line adventure with beach hopping;https://www.getyourguide.com/brasilito-l169708/guanacaste-atv-and-zip-line-adventure-with-beach-hopping-t864840/
Costa Rica;san-jose-costa-rica-l379;585551;San jose cacao chocolate workshop;https://www.getyourguide.com/san-jose-costa-rica-l379/san-jose-cacao-chocolate-workshop-t585551/
Costa Rica;tortuguero-l179461;623467;Tortuguero canoe;https://www.getyourguide.com/tortuguero-l179461/tortuguero-canoe-tour-and-wildlife-spotting-t623467/
Costa Rica;puerto-viejo-de-talamanca-l158223;659635;Manzanillo dolphin watching and punta mona beach;https://www.getyourguide.com/puerto-viejo-de-talamanca-l158223/manzanillo-dolphin-watching-and-punta-mona-beach-t659635/
Costa Rica;monteverde-l2135;755695;Monteverde coffee;https://www.getyourguide.com/monteverde-l2135/monteverde-coffee-tour-and-sugar-cane-el-pueblo-t755695/
Costa Rica;uvita-costa-rica-l187790;855706;Uvita hike in corcovado national park;https://www.getyourguide.com/uvita-costa-rica-l187790/uvita-hike-in-corcovado-national-park-t855706/
Costa Rica;cahuita-l149254;858993;Cahuita national park wildlife sightseeing guided;https://www.getyourguide.com/cahuita-l149254/cahuita-national-park-wildlife-sightseeing-guided-tour-t858993/
Costa Rica;puntarenas-l32285;1166953;Puntarenas rainmaker park guided;https://www.getyourguide.com/puntarenas-l32285/puntarenas-rainmaker-park-guided-tour-with-lunch-t1166953/
Costa Rica;san-jose-costa-rica-l379;1198840;San jose photoshoot experience;https://www.getyourguide.com/san-jose-costa-rica-l379/san-jose-photoshoot-experience-t1198840/
Costa Rica;tilaran-costa-rica-l215003;1229234;Monteverde hanging bridges and sloths at selvatura park;https://www.getyourguide.com/tilaran-costa-rica-l215003/monteverde-hanging-bridges-and-sloths-at-selvatura-park-t1229234/
Costa Rica;puntarenas-l32285;1243962;Monteverde cloud forest night;https://www.getyourguide.com/puntarenas-l32285/monteverde-cloud-forest-night-tour-with-pablo-t1243962/
Costa Rica;la-fortuna-l1904;1079265;La fortuna hanging bridges volcano waterfall lunch;https://www.getyourguide.com/la-fortuna-l1904/la-fortuna-hanging-bridges-volcano-waterfall-lunch-t1079265/
Costa Rica;samara-l179139;1322190;Horseback safari barigona beach adventure;https://www.getyourguide.com/samara-l179139/horseback-safari-barigona-beach-adventure-t1322190/
Costa Rica;san-jose-costa-rica-l379;359110;San jose la paz waterfall gardens half day;https://www.getyourguide.com/san-jose-costa-rica-l379/san-jose-la-paz-waterfall-gardens-half-day-tour-t359110/
Costa Rica;san-jose-costa-rica-l379;428886;From san jose airport;https://www.getyourguide.com/san-jose-costa-rica-l379/from-san-jose-airport-to-la-fortuna-private-transfer-t428886/
Costa Rica;san-jose-costa-rica-l379;431844;San jose half day city bus;https://www.getyourguide.com/san-jose-costa-rica-l379/san-jose-half-day-city-bus-tour-t431844/
Costa Rica;liberia-costa-rica-l381;437895;Liberia 1 way;https://www.getyourguide.com/liberia-costa-rica-l381/liberia-1-way-transfer-from-guanacaste-airport-to-papagayo-t437895/
Costa Rica;tamarindo-l995;684593;Guanacaste off road atv quad challenge;https://www.getyourguide.com/tamarindo-l995/guanacaste-off-road-atv-quad-challenge-t684593/
Costa Rica;cartago-l135017;1016796;San jose private full day cartago adventure with hiking;https://www.getyourguide.com/cartago-l135017/san-jose-private-full-day-cartago-adventure-with-hiking-t1016796/
Costa Rica;roxana-costa-rica-l215393;1057484;Mystical walk jaguar;https://www.getyourguide.com/roxana-costa-rica-l215393/mystical-walk-jaguar-trail-tortuguero-national-park-t1057484/
Costa Rica;san-jose-costa-rica-l379;807082;Unforgettable costa rica historical;https://www.getyourguide.com/san-jose-costa-rica-l379/unforgettable-costa-rica-historical-tour-in-san-jose-t807082/
Costa Rica;manuel-antonio-l142888;827901;Manuel antonio whitewater rafting on naranjo river;https://www.getyourguide.com/manuel-antonio-l142888/manuel-antonio-whitewater-rafting-on-naranjo-river-t827901/
Costa Rica;jaco-l667;1103167;Jaco 2 hour atv;https://www.getyourguide.com/jaco-l667/jaco-2-hour-atv-tour-and-2-hour-zipline-experience-t1103167/
Costa Rica;liberia-costa-rica-l381;946888;Rincon de la vieja hot springs 3 waterfalls hiking;https://www.getyourguide.com/liberia-costa-rica-l381/rincon-de-la-vieja-hot-springs-3-waterfalls-hiking-trail-t946888/
Costa Rica;uvita-costa-rica-l187790;1109240;Uvita cano island corcovado national park combo;https://www.getyourguide.com/uvita-costa-rica-l187790/uvita-cano-island-corcovado-national-park-combo-tour-t1109240/
Costa Rica;jaco-l667;627263;From jaco bioluminiscence boat;https://www.getyourguide.com/jaco-l667/from-jaco-bioluminiscence-boat-tour-with-bbq-drinks-t627263/
Costa Rica;playa-flamingo-l1548;419517;Playa flamingo sunset catamaran;https://www.getyourguide.com/playa-flamingo-l1548/playa-flamingo-sunset-catamaran-tour-and-snorkel-with-meal-t419517/
Costa Rica;la-fortuna-l1904;430811;La fortuna private;https://www.getyourguide.com/la-fortuna-l1904/la-fortuna-private-transfer-to-manuel-antonio-crocodiles-t430811/
Costa Rica;san-jose-costa-rica-l379;431857;From san jose la paz waterfall garden rainforest;https://www.getyourguide.com/san-jose-costa-rica-l379/from-san-jose-la-paz-waterfall-garden-rainforest-tour-t431857/
Costa Rica;samara-l179139;806426;Guanacaste safari horse riding;https://www.getyourguide.com/samara-l179139/guanacaste-safari-horse-riding-tour-in-the-jungle-t806426/
Costa Rica;monteverde-l2135;484323;Monteverde cloud forest;https://www.getyourguide.com/monteverde-l2135/monteverde-cloud-forest-tour-with-a-local-guide-t484323/
Costa Rica;tortuguero-l179461;870526;Tortuguero kayak;https://www.getyourguide.com/tortuguero-l179461/tortuguero-kayak-tour-t870526/
Costa Rica;la-fortuna-l1904;903295;La fortuna morning bird watching coffee and energy work;https://www.getyourguide.com/la-fortuna-l1904/la-fortuna-morning-bird-watching-coffee-and-energy-work-t903295/
Costa Rica;quepos-l32284;766003;Manuel antonio nature experience with jeremias;https://www.getyourguide.com/quepos-l32284/manuel-antonio-nature-experience-with-jeremias-t766003/
Costa Rica;san-jose-costa-rica-l379;815033;From san jose off;https://www.getyourguide.com/san-jose-costa-rica-l379/from-san-jose-off-the-beaten-path-waterfalls-caverns-tour-t815033/
Costa Rica;punta-uva-l220419;848846;Kayaking adventure a 2 hour wildlife escape;https://www.getyourguide.com/punta-uva-l220419/kayaking-adventure-a-2-hour-wildlife-escape-t848846/
Costa Rica;dominical-l216058;1223527;Tandem paragliding in dominical;https://www.getyourguide.com/dominical-l216058/tandem-paragliding-in-dominical-t1223527/
Costa Rica;san-jose-costa-rica-l379;1075810;San jose walk;https://www.getyourguide.com/san-jose-costa-rica-l379/san-jose-walk-through-themed-caves-and-dine-at-a-viewpoint-t1075810/
Costa Rica;san-jose-costa-rica-l379;418496;San jose;https://www.getyourguide.com/san-jose-costa-rica-l379/san-jose-transfer-between-hotels-juan-santamaria-airport-t418496/
Costa Rica;la-fortuna-l1904;421510;La fortuna waterfall canyoning hike farm visit w lunch;https://www.getyourguide.com/la-fortuna-l1904/la-fortuna-waterfall-canyoning-hike-farm-visit-w-lunch-t421510/
Costa Rica;la-fortuna-l1904;429547;La fortuna canyoning and river rafting;https://www.getyourguide.com/la-fortuna-l1904/la-fortuna-canyoning-and-river-rafting-tour-with-lunch-t429547/
Costa Rica;san-jose-costa-rica-l379;1258041;From san jose poas volcano la paz waterfalls doka;https://www.getyourguide.com/san-jose-costa-rica-l379/from-san-jose-poas-volcano-la-paz-waterfalls-doka-tour-t1258041/
Costa Rica;tilaran-costa-rica-l215003;1299713;Nuevo arenal guided jungle night;https://www.getyourguide.com/tilaran-costa-rica-l215003/nuevo-arenal-guided-jungle-night-tour-t1299713/
Costa Rica;la-fortuna-l1904;507277;Arenal fortuna city;https://www.getyourguide.com/la-fortuna-l1904/arenal-fortuna-city-tour--t507277/
Costa Rica;la-fortuna-l1904;1241364;La fortuna canopy 12 cables rappel;https://www.getyourguide.com/la-fortuna-l1904/la-fortuna-canopy-12-cables-rappel-tarzan-swing-combo-t1241364/
Costa Rica;la-fortuna-l1904;638805;La fortuna zip line;https://www.getyourguide.com/la-fortuna-l1904/la-fortuna-zip-line-tour-with-rappel-t638805/
Costa Rica;san-jose-costa-rica-l379;745641;Coffee farm;https://www.getyourguide.com/san-jose-costa-rica-l379/coffee-farm-tour-poas-volcano-park-and-la-paz-waterfall-t745641/
Costa Rica;san-jose-costa-rica-l379;858748;San jose caribe arenal reventazon river 1 day rafting;https://www.getyourguide.com/san-jose-costa-rica-l379/san-jose-caribe-arenal-reventazon-river-1-day-rafting-t858748/
Costa Rica;manuel-antonio-l142888;425876;Manuel antonio manuel antonio national park guided day;https://www.getyourguide.com/manuel-antonio-l142888/manuel-antonio-manuel-antonio-national-park-guided-day-trip-t425876/
Costa Rica;tortuguero-l179461;602658;Tortuguero national park best;https://www.getyourguide.com/tortuguero-l179461/tortuguero-national-park-best-things-to-do-in-tortuguero-t602658/
Costa Rica;cahuita-l149254;1118330;Cahuita national park day in cahuita and night hike;https://www.getyourguide.com/cahuita-l149254/cahuita-national-park-day-in-cahuita-and-night-hike-tour-t1118330/
Costa Rica;la-fortuna-l1904;635068;Arenal volcano best places combination one day;https://www.getyourguide.com/la-fortuna-l1904/arenal-volcano-best-places-combination-one-day-tour-t635068/
Costa Rica;el-castillo-l178446;1155534;Aerial;https://www.getyourguide.com/el-castillo-l178446/aerial-tram-ride-to-hand-of-arenal-viewpoint-t1155534/
Costa Rica;monteverde-l2135;676075;Monteverde monteverde cloud forest canopy adventure;https://www.getyourguide.com/monteverde-l2135/monteverde-monteverde-cloud-forest-canopy-adventure-t676075/
Costa Rica;tamarindo-l995;842587;Tamarindo las catalinas islands half day snorkel;https://www.getyourguide.com/tamarindo-l995/tamarindo-las-catalinas-islands-half-day-snorkel-trip-t842587/
Costa Rica;la-fortuna-l1904;303153;La fortuna wildlife safari float with lunch;https://www.getyourguide.com/la-fortuna-l1904/la-fortuna-wildlife-safari-float-with-lunch-t303153/
Costa Rica;la-fortuna-l1904;342911;La fortuna 3 hour costa rican cooking class with dinner;https://www.getyourguide.com/la-fortuna-l1904/la-fortuna-3-hour-costa-rican-cooking-class-with-dinner-t342911/
Costa Rica;jaco-l667;1220138;Jaco playa mantas stand up paddleboarding;https://www.getyourguide.com/jaco-l667/jaco-playa-mantas-stand-up-paddleboarding-tour-t1220138/
Costa Rica;puerto-viejo-de-talamanca-l158223;590705;Puerto viejo limon best canopy;https://www.getyourguide.com/puerto-viejo-de-talamanca-l158223/puerto-viejo-limon-best-canopy-tour-ziplines-t590705/
Costa Rica;tortuguero-l179461;605834;Tortuguero original kayaking canoeing;https://www.getyourguide.com/tortuguero-l179461/tortuguero-original-kayaking-canoeing-tour-in-tortuguero-t605834/
Costa Rica;liberia-costa-rica-l381;11182;Tubing and;https://www.getyourguide.com/liberia-costa-rica-l381/tubing-and-touring-the-river-negro-t11182/
Costa Rica;puerto-viejo-de-talamanca-l158223;872807;Puerto viejocahuita;https://www.getyourguide.com/puerto-viejo-de-talamanca-l158223/puerto-viejocahuita-tour-of-3-waterfalls-talamanca-limon-t872807/
Costa Rica;manuel-antonio-l142888;432645;Costa rica;https://www.getyourguide.com/manuel-antonio-l142888/costa-rica-transfer-from-manuel-antonio-to-monteverde-t432645/
Costa Rica;manuel-antonio-l142888;579911;Manuel antonio national park guided;https://www.getyourguide.com/manuel-antonio-l142888/manuel-antonio-national-park-guided-tour-ticket-guaranteed-t579911/
Costa Rica;tortuguero-l179461;1165733;Tortuguero peters after dark jungle discovery;https://www.getyourguide.com/tortuguero-l179461/tortuguero-peters-after-dark-jungle-discovery-tour-t1165733/
Costa Rica;la-fortuna-l1904;50996;Gravity falls waterfall jumping extreme canyoning;https://www.getyourguide.com/la-fortuna-l1904/gravity-falls-waterfall-jumping-extreme-canyoning-t50996/
Costa Rica;la-fortuna-l1904;1041881;La fortuna goat yoga class with arenal volcano views;https://www.getyourguide.com/la-fortuna-l1904/la-fortuna-goat-yoga-class-with-arenal-volcano-views-t1041881/
Costa Rica;jaco-l667;413880;Jaco arenal volcano fortuna waterfall hot springs;https://www.getyourguide.com/jaco-l667/jaco-arenal-volcano-fortuna-waterfall-hot-springs-tour-t413880/
Costa Rica;samara-l179139;1155669;Palo verde national park;https://www.getyourguide.com/samara-l179139/palo-verde-national-park-tour-t1155669/
Costa Rica;sierpe-l238757;1172198;Sierpe family;https://www.getyourguide.com/sierpe-l238757/sierpe-family-tour-mangroves-and-wildlife-with-an-expert-bilingual-guide-t1172198/
Costa Rica;la-fortuna-l1904;1269796;La fortuna canyoning rainforest falls;https://www.getyourguide.com/la-fortuna-l1904/la-fortuna-canyoning-rainforest-falls-t1269796/
Costa Rica;tarcoles-l186144;765867;Tarcoles river jungle crocodile safari bird watching;https://www.getyourguide.com/tarcoles-l186144/tarcoles-river-jungle-crocodile-safari-bird-watching-tour-t765867/
Costa Rica;monteverde-l2135;856917;Monteverde sky;https://www.getyourguide.com/monteverde-l2135/monteverde-sky-trek-19mile-cloud-forest-zipline-experience-t856917/
Costa Rica;quepos-l32284;881318;Manuel antonio catamaran cruise with a meal;https://www.getyourguide.com/quepos-l32284/manuel-antonio-catamaran-cruise-with-a-meal-t881318/
Costa Rica;la-fortuna-l1904;413213;La fortuna;https://www.getyourguide.com/la-fortuna-l1904/la-fortuna-top-wildlife-safari-float-experience-by-raft-t413213/
Costa Rica;alajuela-l145894;537972;Poas volcano active crater la paz waterfall birdwatching;https://www.getyourguide.com/alajuela-l145894/poas-volcano-active-crater-la-paz-waterfall-birdwatching-t537972/
Costa Rica;la-fortuna-l1904;1217927;Evening;https://www.getyourguide.com/la-fortuna-l1904/evening-tour-to-la-fortuna-in-french-t1217927/
Costa Rica;la-fortuna-l1904;1232074;Explore;https://www.getyourguide.com/la-fortuna-l1904/explore-the-creatures-at-nightfall-in-la-fortuna-t1232074/
Costa Rica;bijagua-de-upala-l215361;1233079;Bijagua coffee farm visit and rainforest night walk;https://www.getyourguide.com/bijagua-de-upala-l215361/bijagua-coffee-farm-visit-and-rainforest-night-walk-t1233079/
Costa Rica;santa-elena-costa-rica-l180411;1285899;Monteverde guided night walk with equipment and animal watching;https://www.getyourguide.com/santa-elena-costa-rica-l180411/monteverde-guided-night-walk-with-equipment-and-animal-watching-t1285899/
Costa Rica;cartago-l135017;1298995;Semi private irazu volcano rose farm basilica;https://www.getyourguide.com/cartago-l135017/semi-private-irazu-volcano-rose-farm-basilica-tour-t1298995/
Costa Rica;san-jose-costa-rica-l379;363440;San jose irazu volcano cartago city orosi valley;https://www.getyourguide.com/san-jose-costa-rica-l379/san-jose-irazu-volcano-cartago-city-orosi-valley-tour-t363440/
Costa Rica;puerto-viejo-de-talamanca-l158223;969408;Puerto viejo surf lessons;https://www.getyourguide.com/puerto-viejo-de-talamanca-l158223/puerto-viejo-surf-lessons-t969408/
Costa Rica;la-fortuna-l1904;449394;La fortuna atv jungle maleku s;https://www.getyourguide.com/la-fortuna-l1904/la-fortuna-atv-jungle-maleku-s-tour-t449394/
Costa Rica;la-fortuna-l1904;1322151;La fortuna rio celeste hot springs dinner experience;https://www.getyourguide.com/la-fortuna-l1904/la-fortuna-rio-celeste-hot-springs-dinner-experience-t1322151/
Costa Rica;la-fortuna-l1904;831053;Canyoning with atv 4x4 on waterfalls near la fortuna;https://www.getyourguide.com/la-fortuna-l1904/canyoning-with-atv-4x4-on-waterfalls-near-la-fortuna-t831053/
Costa Rica;playa-hermosa-l32230;111598;Playas del coco sunset sailing and snorkeling;https://www.getyourguide.com/playa-hermosa-l32230/playas-del-coco-sunset-sailing-and-snorkeling-tour-t111598/
Costa Rica;tortuguero-l179461;929440;Tortuguero canoe experience in;https://www.getyourguide.com/tortuguero-l179461/tortuguero-canoe-experience-in-tortuguero-national-park-t929440/
Costa Rica;san-jose-costa-rica-l379;339391;San jose sarapiqui class 34 rafting;https://www.getyourguide.com/san-jose-costa-rica-l379/san-jose-sarapiqui-class-34-rafting-to-la-fortuna-arena-t339391/
Costa Rica;san-jose-costa-rica-l379;385557;From san jose braulio carrillo national park zip line;https://www.getyourguide.com/san-jose-costa-rica-l379/from-san-jose-braulio-carrillo-national-park-zip-line-tour-t385557/
Costa Rica;tortuguero-l179461;989382;Tortuguero sunrise canoe or kayak jaguar;https://www.getyourguide.com/tortuguero-l179461/tortuguero-sunrise-canoe-or-kayak-jaguar-trail-nighttime-tour-t989382/
Costa Rica;la-fortuna-l1904;461962;La fortuna rafting pacuare shuttle;https://www.getyourguide.com/la-fortuna-l1904/la-fortuna-rafting-pacuare-shuttle-to-sjo-or-puerto-viejo-t461962/
Costa Rica;santa-teresa-costa-rica-l2458;1202961;Santa;https://www.getyourguide.com/santa-teresa-costa-rica-l2458/santa-teresa-zipline-adventure-with-ocean-jungle-views-t1202961/
Costa Rica;san-jose-costa-rica-l379;1261742;From san jose la fortuna arenal volcano hot springs;https://www.getyourguide.com/san-jose-costa-rica-l379/from-san-jose-la-fortuna-arenal-volcano-hot-springs-tour-t1261742/
Costa Rica;monteverde-l2135;734793;Monteverde regenerative cloud forest walk;https://www.getyourguide.com/monteverde-l2135/monteverde-regenerative-cloud-forest-walk-t734793/
Costa Rica;la-fortuna-l1904;785278;Cooking with a costa rican family;https://www.getyourguide.com/la-fortuna-l1904/cooking-with-a-costa-rican-family-t785278/
Costa Rica;samara-l179139;806420;Guanacaste safari buenavista beach horse riding;https://www.getyourguide.com/samara-l179139/guanacaste-safari-buenavista-beach-horse-riding-tour-t806420/
Costa Rica;monteverde-l2135;951935;Monteverde arboreal challenge course 5 in 1 adventure ;https://www.getyourguide.com/monteverde-l2135/monteverde-arboreal-challenge-course-5-in-1-adventure--t951935/
Costa Rica;liberia-costa-rica-l381;287500;Rincon de la vieja national park natural volcanic spa;https://www.getyourguide.com/liberia-costa-rica-l381/rincon-de-la-vieja-national-park-natural-volcanic-spa-t287500/
Costa Rica;la-fortuna-l1904;1024644;La fortuna guaranteed red eyed;https://www.getyourguide.com/la-fortuna-l1904/la-fortuna-guaranteed-red-eyed-tree-frog-amphibians-tour-t1024644/
Costa Rica;san-jose-costa-rica-l379;1032084;San jose irazu volcano and quetzal adventure;https://www.getyourguide.com/san-jose-costa-rica-l379/san-jose-irazu-volcano-and-quetzal-adventure-t1032084/
Costa Rica;liberia-costa-rica-l381;539822;Horseback riding;https://www.getyourguide.com/liberia-costa-rica-l381/horseback-riding-tours-also-in-costa-rica-t539822/
Costa Rica;quepos-l32284;1159357;Spice;https://www.getyourguide.com/quepos-l32284/spice-tour-with-dayana-in-french-villanueva-quepos-t1159357/
Costa Rica;culebra-costa-rica-l180387;1166590;Papagayo peninsula private full day luxury catamaran cruise;https://www.getyourguide.com/culebra-costa-rica-l180387/papagayo-peninsula-private-full-day-luxury-catamaran-cruise-t1166590/
Costa Rica;dominical-l216058;1178750;Echo chontales waterfalls;https://www.getyourguide.com/dominical-l216058/echo-chontales-waterfalls-tour-t1178750/
Costa Rica;agujitas-de-drake-l230887;1188902;Drake bay night walk red eyed;https://www.getyourguide.com/agujitas-de-drake-l230887/drake-bay-night-walk-red-eyed-tree-frogs-kinkajous-t1188902/
Costa Rica;la-fortuna-l1904;722391;La fortuna arenal river horseback riding;https://www.getyourguide.com/la-fortuna-l1904/la-fortuna-arenal-river-horseback-riding-t722391/
Costa Rica;la-fortuna-l1904;1309901;La fortuna sloth watching;https://www.getyourguide.com/la-fortuna-l1904/la-fortuna-sloth-watching-tour-with-entrance-guide-t1309901/
Costa Rica;playa-flamingo-l1548;899181;Playa flamingo all day spearfishing adventure with lunch;https://www.getyourguide.com/playa-flamingo-l1548/playa-flamingo-all-day-spearfishing-adventure-with-lunch-t899181/
Costa Rica;quepos-l32284;1026148;Manuel antonio full day waterfall adventure;https://www.getyourguide.com/quepos-l32284/manuel-antonio-full-day-waterfall-adventure-t1026148/
Costa Rica;san-jose-costa-rica-l379;1093864;San jose private city highlights;https://www.getyourguide.com/san-jose-costa-rica-l379/san-jose-private-city-highlights-tour-t1093864/
Costa Rica;la-fortuna-l1904;1131899;La fortuna hike;https://www.getyourguide.com/la-fortuna-l1904/la-fortuna-hike-to-san-pedro-waterfall-la-caverna-t1131899/
Costa Rica;monteverde-l2135;583429;10 nights costa rica volcanoes waterfalls beaches and more;https://www.getyourguide.com/monteverde-l2135/10-nights-costa-rica-volcanoes-waterfalls-beaches-and-more-t583429/
Costa Rica;puntarenas-l32285;606895;Night walk experience monteverde;https://www.getyourguide.com/puntarenas-l32285/night-walk-experience-monteverde-t606895/
Costa Rica;quepos-l32284;614901;Mangrove and monkey boat;https://www.getyourguide.com/quepos-l32284/mangrove-and-monkey-boat-tour-unforgettable-t614901/
Costa Rica;la-fortuna-l1904;1283947;Guanacaste la fortuna private;https://www.getyourguide.com/la-fortuna-l1904/guanacaste-la-fortuna-private-tour-with-hot-springs-t1283947/
Costa Rica;tamarindo-l995;739165;Tamarindo horseback;https://www.getyourguide.com/tamarindo-l995/tamarindo-horseback-to-tamarindo-beach-guanacaste-cr-t739165/
Costa Rica;monteverde-l2135;951946;Monteverde skywalk hanging bridges adventure;https://www.getyourguide.com/monteverde-l2135/monteverde-skywalk-hanging-bridges-adventure-t951946/
Costa Rica;tarcoles-l186144;1033199;Monteverde shared shuttle;https://www.getyourguide.com/tarcoles-l186144/monteverde-shared-shuttle-to-jaco-or-manuel-antonio-t1033199/
Costa Rica;san-jose-costa-rica-l379;431703;From san jose irazu volcano crater hike and cartago;https://www.getyourguide.com/san-jose-costa-rica-l379/from-san-jose-irazu-volcano-crater-hike-and-cartago-trip-t431703/
Costa Rica;puerto-jimenez-l32268;1144258;Corcovado snorkeling and wildlife;https://www.getyourguide.com/puerto-jimenez-l32268/corcovado-snorkeling-and-wildlife-tour-t1144258/
Costa Rica;puerto-jimenez-l32268;554411;Drake bay dolphin and whale watching;https://www.getyourguide.com/puerto-jimenez-l32268/drake-bay-dolphin-and-whale-watching-tour-t554411/
Costa Rica;tamarindo-l995;1156007;Tamarindo estuary boat safari;https://www.getyourguide.com/tamarindo-l995/tamarindo-estuary-boat-safari-t1156007/
Costa Rica;uvita-costa-rica-l187790;1185504;Uvita waterfall canyoning adventure;https://www.getyourguide.com/uvita-costa-rica-l187790/uvita-waterfall-canyoning-adventure-t1185504/
Costa Rica;puerto-viejo-de-talamanca-l158223;614754;Watsi chocolate and waterfall with;https://www.getyourguide.com/puerto-viejo-de-talamanca-l158223/watsi-chocolate-and-waterfall-with-transportation-t614754/
Costa Rica;monteverde-l2135;1188871;Monteverde birdwatching hummingbird garden;https://www.getyourguide.com/monteverde-l2135/monteverde-birdwatching-hummingbird-garden-t1188871/
Costa Rica;la-fortuna-l1904;638847;La fortuna waterfall hike with;https://www.getyourguide.com/la-fortuna-l1904/la-fortuna-waterfall-hike-with-transportation-t638847/
Costa Rica;cahuita-l149254;687034;Cahuita nature wildlife night;https://www.getyourguide.com/cahuita-l149254/cahuita-nature-wildlife-night-tour-in-tropical-forest-t687034/
Costa Rica;samara-l179139;1240987;Samara carrillo night adventure;https://www.getyourguide.com/samara-l179139/samara-carrillo-night-adventure-t1240987/
Costa Rica;manuel-antonio-l142888;1009234;Manuel antonio shared night;https://www.getyourguide.com/manuel-antonio-l142888/manuel-antonio-shared-night-tour-forest-experience-t1009234/
Costa Rica;la-fortuna-l1904;1094067;La fortuna bogarin;https://www.getyourguide.com/la-fortuna-l1904/la-fortuna-bogarin-trail-sloth-watching-tour-with-guide-t1094067/
Costa Rica;la-fortuna-l1904;1212014;La fortuna de arenal private lake crossing;https://www.getyourguide.com/la-fortuna-l1904/la-fortuna-de-arenal-private-lake-crossing-to-monteverde-t1212014/
Costa Rica;la-fortuna-l1904;1256715;La fortuna puma;https://www.getyourguide.com/la-fortuna-l1904/la-fortuna-puma-trek-trail-hanging-bridge-day-pass-t1256715/
Costa Rica;tamarindo-l995;1308594;Tamarindo las baulas national park mangrove boat safari;https://www.getyourguide.com/tamarindo-l995/tamarindo-las-baulas-national-park-mangrove-boat-safari-t1308594/
Costa Rica;san-jose-costa-rica-l379;1313871;From san jose horse ride lunch;https://www.getyourguide.com/san-jose-costa-rica-l379/from-san-jose-horse-ride-lunch-t1313871/
Costa Rica;la-fortuna-l1904;1326267;Scenic;https://www.getyourguide.com/la-fortuna-l1904/scenic-transfer-between-la-fortuna-monteverde-t1326267/
Costa Rica;uvita-costa-rica-l187790;850508;Uvita nature walk at marino ballena national park;https://www.getyourguide.com/uvita-costa-rica-l187790/uvita-nature-walk-at-marino-ballena-national-park-t850508/
Costa Rica;monteverde-l2135;956928;Monteverde private nighttime wildlife;https://www.getyourguide.com/monteverde-l2135/monteverde-private-nighttime-wildlife-tour-t956928/
Costa Rica;la-fortuna-l1904;447373;La fortuna guided horseback riding experience and;https://www.getyourguide.com/la-fortuna-l1904/la-fortuna-guided-horseback-riding-experience-and-tour-t447373/
Costa Rica;santa-elena-costa-rica-l180411;473315;Kinkajou night walk in monteverde;https://www.getyourguide.com/santa-elena-costa-rica-l180411/kinkajou-night-walk-in-monteverde-t473315/
Costa Rica;tamarindo-l995;524264;Surf lessons in;https://www.getyourguide.com/tamarindo-l995/surf-lessons-in-tamarindo-by-tidal-wave-surf-academy-t524264/
Costa Rica;puerto-viejo-de-talamanca-l158223;836981;Puerto viejo medicinal and edible plant class;https://www.getyourguide.com/puerto-viejo-de-talamanca-l158223/puerto-viejo-medicinal-and-edible-plant-class-t836981/
Costa Rica;tortuguero-l179461;1291927;Full day;https://www.getyourguide.com/tortuguero-l179461/full-day-tour-of-tortuguero-t1291927/
Costa Rica;puerto-jimenez-l32268;843447;Puerto jimenez corcovado la leona and mata palo waterfall with;https://www.getyourguide.com/puerto-jimenez-l32268/puerto-jimenez-corcovado-la-leona-and-mata-palo-waterfall-with-traditional-lunch-t843447/
Costa Rica;la-fortuna-l1904;1315067;Wake up with;https://www.getyourguide.com/la-fortuna-l1904/wake-up-with-the-forest-sunrise-birding-experience-at-ecogarden-arenal-t1315067/
Costa Rica;san-jose-costa-rica-l379;987592;San jose pico blanco sunrise hike with costa rican snacks;https://www.getyourguide.com/san-jose-costa-rica-l379/san-jose-pico-blanco-sunrise-hike-with-costa-rican-snacks-t987592/
Costa Rica;san-jose-costa-rica-l379;429947;San jose food culture;https://www.getyourguide.com/san-jose-costa-rica-l379/san-jose-food-culture-tour-with-cooking-and-cocktail-class-t429947/
Costa Rica;la-fortuna-l1904;465005;Arenal cloud forest night walk;https://www.getyourguide.com/la-fortuna-l1904/arenal-cloud-forest-night-walk-tour-t465005/
Costa Rica;monteverde-l2135;1188793;Monteverde cloud forest walking;https://www.getyourguide.com/monteverde-l2135/monteverde-cloud-forest-walking-tour-400-bird-species-t1188793/
Costa Rica;puntarenas-l32285;676382;Bioluminescence;https://www.getyourguide.com/puntarenas-l32285/bioluminescence-tour-speedboat-camping-from-san-jose-t676382/
Costa Rica;tortuguero-l179461;713168;Tortuguero canoe;https://www.getyourguide.com/tortuguero-l179461/tortuguero-canoe-tour-and-turtle-nesting-tour-package-t713168/
Costa Rica;monteverde-l2135;741045;Monteverde cloud forest regenerative nature guided walk;https://www.getyourguide.com/monteverde-l2135/monteverde-cloud-forest-regenerative-nature-guided-walk-t741045/
Costa Rica;manuel-antonio-l142888;827972;Manuel antonio ocean kayaking adventure;https://www.getyourguide.com/manuel-antonio-l142888/manuel-antonio-ocean-kayaking-adventure-t827972/
Costa Rica;puntarenas-l32285;942797;Monteverde hanging bridges and night walk;https://www.getyourguide.com/puntarenas-l32285/monteverde-hanging-bridges-and-night-walk-tour-t942797/
Costa Rica;la-fortuna-l1904;998945;La fortuna rio habana night;https://www.getyourguide.com/la-fortuna-l1904/la-fortuna-rio-habana-night-tour-with-guide-t998945/
Costa Rica;tajo-alto-l116312;474106;Golden pack2 days1 night18cables zipline on 11waterfalls;https://www.getyourguide.com/tajo-alto-l116312/golden-pack2-days1-night18cables-zipline-on-11waterfalls-t474106/
Costa Rica;jaco-l667;571056;From jaco isla;https://www.getyourguide.com/jaco-l667/from-jaco-isla-tortuga-small-group-adventure-tour-t571056/
Costa Rica;drake-costa-rica-l237222;728395;Rio claro floating;https://www.getyourguide.com/drake-costa-rica-l237222/rio-claro-floating-tour-with-lunch-in-drake-bay-t728395/
Costa Rica;tamarindo-l995;821851;Tamarindo 5 star surf lessons with salt;https://www.getyourguide.com/tamarindo-l995/tamarindo-5-star-surf-lessons-with-salt-t821851/
Costa Rica;uvita-costa-rica-l187790;534147;Uvita nauyaca waterfalls private 4 seater sxs;https://www.getyourguide.com/uvita-costa-rica-l187790/uvita-nauyaca-waterfalls-private-4-seater-sxs-tour-lunch-t534147/
Costa Rica;tamarindo-l995;1211821;Tamarindo beach and pool crawl with welcome drinks;https://www.getyourguide.com/tamarindo-l995/tamarindo-beach-and-pool-crawl-with-welcome-drinks-t1211821/
Costa Rica;liberia-costa-rica-l381;816191;Guanacaste sloth sanctuary and waterfall adventure;https://www.getyourguide.com/liberia-costa-rica-l381/guanacaste-sloth-sanctuary-and-waterfall-adventure-t816191/
Costa Rica;tamarindo-l995;834837;From;https://www.getyourguide.com/tamarindo-l995/from-tamarindo-secret-beaches-atv-tour-t834837/
Costa Rica;tamarindo-l995;882251;From;https://www.getyourguide.com/tamarindo-l995/from-tamarindo-to-san-jose-airport-t882251/
Costa Rica;moin-costa-rica-l237966;883415;Limon;https://www.getyourguide.com/moin-costa-rica-l237966/limon-tortuguero-canals-naturalist-kayak-eco-adventure-t883415/
Costa Rica;tamarindo-l995;438831;Transfer guanacaste hotels;https://www.getyourguide.com/tamarindo-l995/transfer-guanacaste-hotels-tamarindo-to-liberia-airport-t438831/
Costa Rica;quepos-l32284;983815;Damas island quepos boat;https://www.getyourguide.com/quepos-l32284/damas-island-quepos-boat-tour-and-beautiful-views-of-the-mangroves-t983815/
Costa Rica;san-jose-costa-rica-l379;747947;San jose food;https://www.getyourguide.com/san-jose-costa-rica-l379/san-jose-food-tour-at-the-central-market-t747947/
Costa Rica;la-fortuna-l1904;760955;Los lagos hot springs admission;https://www.getyourguide.com/la-fortuna-l1904/los-lagos-hot-springs-admission-ticket-t760955/
Costa Rica;uvita-costa-rica-l187790;793305;Uvita snorkeling at cano island unforgettable experience;https://www.getyourguide.com/uvita-costa-rica-l187790/uvita-snorkeling-at-cano-island-unforgettable-experience-t793305/
Costa Rica;tortuguero-l179461;804697;Tour of canals;https://www.getyourguide.com/tortuguero-l179461/tour-of-canals-t804697/
Costa Rica;jaco-l667;1286701;Premium surf experience in jaco conquer;https://www.getyourguide.com/jaco-l667/premium-surf-experience-in-jaco-conquer-the-ocean-t1286701/
Costa Rica;playas-del-coco-l192944;856008;Guanacaste private or group;https://www.getyourguide.com/playas-del-coco-l192944/guanacaste-private-or-group-transport-service-t856008/
Costa Rica;santa-cruz-costa-rica-l184589;957007;Costa rica cultural and handicraft;https://www.getyourguide.com/santa-cruz-costa-rica-l184589/costa-rica-cultural-and-handicraft-tour-t957007/
Costa Rica;liberia-costa-rica-l381;67624;Vida aventura ranch experience;https://www.getyourguide.com/liberia-costa-rica-l381/vida-aventura-ranch-experience-t67624/
Costa Rica;heredia-l2757;1036013;Bici chocolate;https://www.getyourguide.com/heredia-l2757/bici-chocolate-tour-at-the-foot-of-the-mountains-of-san-isidro-de-heredia-t1036013/
Costa Rica;la-fortuna-l1904;425734;La fortuna arenal volcano river and forest atv;https://www.getyourguide.com/la-fortuna-l1904/la-fortuna-arenal-volcano-river-and-forest-atv-tour-t425734/
Costa Rica;santa-cruz-costa-rica-l184589;493575;Guanacaste palo verde boat;https://www.getyourguide.com/santa-cruz-costa-rica-l184589/guanacaste-palo-verde-boat-tours-t493575/
Costa Rica;liberia-costa-rica-l381;507795;Combo;https://www.getyourguide.com/liberia-costa-rica-l381/combo-tour-lunch-rio-negro-hotsprings-t507795/
Costa Rica;monteverde-l2135;1197429;Monteverde el;https://www.getyourguide.com/monteverde-l2135/monteverde-el-tigre-waterfalls-official-self-guided-hike-t1197429/
Costa Rica;monteverde-l2135;521531;Guided;https://www.getyourguide.com/monteverde-l2135/guided-tour-in-the-hanging-bridges-of-monteverde-t521531/
Costa Rica;bagaces-l160048;549243;Waterfall llanos del cortez chocolate and sloth;https://www.getyourguide.com/bagaces-l160048/waterfall-llanos-del-cortez-chocolate-and-sloth-tour-t549243/
Costa Rica;jaco-l667;555315;Self guided nature hike with ocean view photo spots in jaco;https://www.getyourguide.com/jaco-l667/self-guided-nature-hike-with-ocean-view-photo-spots-in-jaco-t555315/
Costa Rica;tortuguero-l179461;609829;Turtle;https://www.getyourguide.com/tortuguero-l179461/turtle-tour-in-tortuguero-t609829/
Costa Rica;jaco-l667;124622;Jaco canyoning and zipline;https://www.getyourguide.com/jaco-l667/jaco-canyoning-and-zipline-tour-t124622/
Costa Rica;jaco-l667;186462;Costa rica zip line canopy;https://www.getyourguide.com/jaco-l667/costa-rica-zip-line-canopy-tour-t186462/
Costa Rica;la-fortuna-l1904;411056;La fortuna zip line experience;https://www.getyourguide.com/la-fortuna-l1904/la-fortuna-zip-line-experience-t411056/
Costa Rica;manuel-antonio-l142888;425635;Puntarenas catamaran cruise;https://www.getyourguide.com/manuel-antonio-l142888/puntarenas-catamaran-cruise-to-biesanz-bay-with-lunch-t425635/
Costa Rica;quepos-l32284;1252182;Manuel antonio ocean bikes water bike;https://www.getyourguide.com/quepos-l32284/manuel-antonio-ocean-bikes-water-bike-tour-snorkel-t1252182/
Costa Rica;liberia-costa-rica-l381;1252512;From liberia rincon de la vieja volcano adventure combo;https://www.getyourguide.com/liberia-costa-rica-l381/from-liberia-rincon-de-la-vieja-volcano-adventure-combo-t1252512/
Costa Rica;monteverde-l2135;1311804;Guided hike in greenwoods;https://www.getyourguide.com/monteverde-l2135/guided-hike-in-greenwoods-t1311804/
Costa Rica;tamarindo-l995;812811;Playa;https://www.getyourguide.com/tamarindo-l995/playa-tamarindo-the-best-surf-lesson-t812811/
Costa Rica;la-fortuna-l1904;462346;Arenal volcano night;https://www.getyourguide.com/la-fortuna-l1904/arenal-volcano-night-tour-t462346/
Costa Rica;liberia-costa-rica-l381;932940;Rincon de la vieja eco adventure 12 in 1 day pass;https://www.getyourguide.com/liberia-costa-rica-l381/rincon-de-la-vieja-eco-adventure-12-in-1-day-pass-t932940/
Costa Rica;katira-costa-rica-l184505;604892;Horseback riding rio celeste;https://www.getyourguide.com/katira-costa-rica-l184505/horseback-riding-rio-celeste-t604892/
Costa Rica;san-jose-costa-rica-l379;671331;San jose best street food;https://www.getyourguide.com/san-jose-costa-rica-l379/san-jose-best-street-food-tour-with-a-local-guide-t671331/
Costa Rica;la-fortuna-l1904;1025224;Tubing in la fortuna adventure with fruit;https://www.getyourguide.com/la-fortuna-l1904/tubing-in-la-fortuna-adventure-with-fruit-t1025224/
Costa Rica;uvita-costa-rica-l187790;737231;Whale watching adventure in uvita with expert guides;https://www.getyourguide.com/uvita-costa-rica-l187790/whale-watching-adventure-in-uvita-with-expert-guides-t737231/
Costa Rica;quepos-l32284;1179578;2 hour kayak;https://www.getyourguide.com/quepos-l32284/2-hour-kayak-tour-in-quepos-mangroves-see-monkeys-lunch-t1179578/
Costa Rica;uvita-costa-rica-l187790;957900;Surfing in paradise 2h lesson in uvita costa rica;https://www.getyourguide.com/uvita-costa-rica-l187790/surfing-in-paradise-2h-lesson-in-uvita-costa-rica-t957900/
Costa Rica;cartago-l135017;1239845;Cartago;https://www.getyourguide.com/cartago-l135017/cartago-turrialba-volcano-sunrise-tour-stargazing-coffee-experience-t1239845/
Costa Rica;la-fortuna-l1904;1073746;La fortuna horseback ride la fortuna waterfall wpick up;https://www.getyourguide.com/la-fortuna-l1904/la-fortuna-horseback-ride-la-fortuna-waterfall-wpick-up-t1073746/
Costa Rica;jaco-l667;1115576;From jaco 4x4 jungle;https://www.getyourguide.com/jaco-l667/from-jaco-4x4-jungle-tour-to-waterfall-with-lunch-t1115576/
Costa Rica;puerto-viejo-de-talamanca-l158223;1135613;Cahuita national park snorkeling private sightseeing;https://www.getyourguide.com/puerto-viejo-de-talamanca-l158223/cahuita-national-park-snorkeling-private-sightseeing-tour-t1135613/
Costa Rica;tamarindo-l995;1159992;Tamarindo private morning catamaran;https://www.getyourguide.com/tamarindo-l995/tamarindo-private-morning-catamaran-tour-snorkeling-t1159992/
Costa Rica;bijagua-de-upala-l215361;1181909;Bijagua birdwatching and photography;https://www.getyourguide.com/bijagua-de-upala-l215361/bijagua-birdwatching-and-photography-tour-t1181909/
Costa Rica;tortuguero-l179461;1191810;Tortuguero limon night hike;https://www.getyourguide.com/tortuguero-l179461/tortuguero-limon-night-hike-tour-t1191810/
Costa Rica;san-jose-costa-rica-l379;435818;San jose poas volcano la paz waterfall coffee;https://www.getyourguide.com/san-jose-costa-rica-l379/san-jose-poas-volcano-la-paz-waterfall-coffee-tasting-t435818/
Costa Rica;la-fortuna-l1904;525697;La fortuna night walk in a high biodiversity rainforest;https://www.getyourguide.com/la-fortuna-l1904/la-fortuna-night-walk-in-a-high-biodiversity-rainforest-t525697/
Costa Rica;tarcoles-l186144;538148;Carara national park;https://www.getyourguide.com/tarcoles-l186144/carara-national-park-tour-ticket-included-t538148/
Costa Rica;liberia-costa-rica-l381;538921;Liberia rincon de la vieja national park;https://www.getyourguide.com/liberia-costa-rica-l381/liberia-rincon-de-la-vieja-national-park-tour-t538921/
Costa Rica;jaco-l667;540786;Hike 10 waterfalls in jaco with lunch included;https://www.getyourguide.com/jaco-l667/hike-10-waterfalls-in-jaco-with-lunch-included-t540786/
Costa Rica;la-fortuna-l1904;567829;Hanging bridges rainforest hike half day la fortuna;https://www.getyourguide.com/la-fortuna-l1904/hanging-bridges-rainforest-hike-half-day-la-fortuna-t567829/
Costa Rica;la-fortuna-l1904;171930;La fortuna white water rafting class;https://www.getyourguide.com/la-fortuna-l1904/la-fortuna-white-water-rafting-class-t171930/
Costa Rica;quepos-l32284;676562;Manuel antonio national park;https://www.getyourguide.com/quepos-l32284/manuel-antonio-national-park-tour-entrance-ticket-included-t676562/
Costa Rica;manuel-antonio-l142888;686903;Manuel antonio mangrove boat night;https://www.getyourguide.com/manuel-antonio-l142888/manuel-antonio-mangrove-boat-night-tour-t686903/
Costa Rica;cahuita-l149254;709978;Cahuita national park guiding;https://www.getyourguide.com/cahuita-l149254/cahuita-national-park-guiding-tour-with-pablo-t709978/
Costa Rica;liberia-costa-rica-l381;549845;Rio celeste explore;https://www.getyourguide.com/liberia-costa-rica-l381/rio-celeste-explore-the-rainforest-and-great-waterfall-t549845/
Costa Rica;quepos-l32284;606016;Manuel antonio national park guided;https://www.getyourguide.com/quepos-l32284/manuel-antonio-national-park-guided-tour-t606016/
Costa Rica;quepos-l32284;681600;Quepos kayak;https://www.getyourguide.com/quepos-l32284/quepos-kayak-tour-in-the-mangroves-near-manuel-antonio-park-t681600/
Costa Rica;bagaces-l160048;819513;Private;https://www.getyourguide.com/bagaces-l160048/private-transport-san-jose-to-arenal-t819513/
Costa Rica;cartago-l135017;1183722;Cartago orosi experiences with horses;https://www.getyourguide.com/cartago-l135017/cartago-orosi-experiences-with-horses-t1183722/
Costa Rica;la-fortuna-l1904;312738;Combo cooking class and salsa dance lesson;https://www.getyourguide.com/la-fortuna-l1904/combo-cooking-class-and-salsa-dance-lesson-t312738/
Costa Rica;la-fortuna-l1904;463065;La fortuna waterfall hike farm lunch;https://www.getyourguide.com/la-fortuna-l1904/la-fortuna-waterfall-hike-farm-lunch-t463065/
Costa Rica;tamarindo-l995;594480;Monkey kayak;https://www.getyourguide.com/tamarindo-l995/monkey-kayak-tour-tamarindo-guanacaste-t594480/
Costa Rica;la-fortuna-l1904;60218;Arenal volcano raft and chocolate;https://www.getyourguide.com/la-fortuna-l1904/arenal-volcano-raft-and-chocolate-tour-combo-t60218/
Costa Rica;tortuguero-l179461;662659;Turtle watching in;https://www.getyourguide.com/tortuguero-l179461/turtle-watching-in-tortuguero-costa-rica-t662659/
Costa Rica;monteverde-l2135;429950;Monteverde shared shuttle;https://www.getyourguide.com/monteverde-l2135/monteverde-shared-shuttle-to-manuel-antonio-or-quepos-t429950/
Costa Rica;la-fortuna-l1904;430120;From la fortuna coffee and chocolate farm;https://www.getyourguide.com/la-fortuna-l1904/from-la-fortuna-coffee-and-chocolate-farm-tour-with-tasting-t430120/
Costa Rica;alajuela-l145894;439243;Coffee experience;https://www.getyourguide.com/alajuela-l145894/coffee-experience-t439243/
Costa Rica;las-catalinas-l179131;846941;Las catalinas beach;https://www.getyourguide.com/las-catalinas-l179131/las-catalinas-beach-town-in-costa-rica-surfing-lessons-t846941/
Costa Rica;la-fortuna-l1904;503325;Fortuna combo hanging bridges arenal volcano waterfall;https://www.getyourguide.com/la-fortuna-l1904/fortuna-combo-hanging-bridges-arenal-volcano-waterfall-t503325/
Costa Rica;manuel-antonio-l142888;566698;Manuel antonio discover;https://www.getyourguide.com/manuel-antonio-l142888/manuel-antonio-discover-the-tropical-forests-white-sand-t566698/
Costa Rica;cahuita-l149254;998686;Snorkeling;https://www.getyourguide.com/cahuita-l149254/snorkeling-tour-in-cahuita-and-hike-in-the-national-park-t998686/
Costa Rica;uvita-costa-rica-l187790;639116;Uvita 5 private;https://www.getyourguide.com/uvita-costa-rica-l187790/uvita-5-private-tours-adrenaline-adventure-rainforest-t639116/
Costa Rica;tamarindo-l995;683674;From san jose sjo airport;https://www.getyourguide.com/tamarindo-l995/from-san-jose-sjo-airport-to-tamarindo-transportation-t683674/
Costa Rica;san-jose-costa-rica-l379;702117;San jose city;https://www.getyourguide.com/san-jose-costa-rica-l379/san-jose-city-tour-and-central-market-with-local-food-t702117/
Costa Rica;tortuguero-l179461;1141749;Tortuguero wildlife;https://www.getyourguide.com/tortuguero-l179461/tortuguero-wildlife-trilogy-tour-with-meals-guide-t1141749/
Costa Rica;manuel-antonio-l142888;1162658;Full day dominical surf lesson;https://www.getyourguide.com/manuel-antonio-l142888/full-day-dominical-surf-lesson-t1162658/
Costa Rica;manuel-antonio-l142888;1203974;Manuel antonio premium jet ski experience;https://www.getyourguide.com/manuel-antonio-l142888/manuel-antonio-premium-jet-ski-experience-t1203974/
Costa Rica;playa-flamingo-l1548;886506;Costa rica catamaran snorkel kayak paddleboard drinks;https://www.getyourguide.com/playa-flamingo-l1548/costa-rica-catamaran-snorkel-kayak-paddleboard-drinks-t886506/
Costa Rica;la-fortuna-l1904;29756;Arenal raft canopy adventure combo;https://www.getyourguide.com/la-fortuna-l1904/arenal-raft-canopy-adventure-combo-t29756/
Costa Rica;manzanillo-l236504;1164079;Manzanillo night jungle;https://www.getyourguide.com/manzanillo-l236504/manzanillo-night-jungle-tour-with-wildlife-spotting-t1164079/
Costa Rica;bijagua-de-upala-l215361;1181871;Sloth and hanging bridges;https://www.getyourguide.com/bijagua-de-upala-l215361/sloth-and-hanging-bridges-tour-bijagua-t1181871/
Costa Rica;san-jose-costa-rica-l379;416835;Costa rica san jose sjo airport downtown private;https://www.getyourguide.com/san-jose-costa-rica-l379/costa-rica-san-jose-sjo-airport-downtown-private-transfer-t416835/
Costa Rica;tilaran-costa-rica-l215003;1229274;Selvatura park;https://www.getyourguide.com/tilaran-costa-rica-l215003/selvatura-park-three-ecosystems-one-guided-experience-t1229274/
Costa Rica;liberia-costa-rica-l381;1276449;From guanacaste coyotes cave la leona waterfall;https://www.getyourguide.com/liberia-costa-rica-l381/from-guanacaste-coyotes-cave-la-leona-waterfall-tour-t1276449/
Costa Rica;puerto-jimenez-l32268;1289355;All in one from sirena;https://www.getyourguide.com/puerto-jimenez-l32268/all-in-one-from-sirena-to-la-leona-corcovado-full-day-tour-t1289355/
Costa Rica;san-jose-costa-rica-l379;431899;From san jose braulio carillo national park rainforest;https://www.getyourguide.com/san-jose-costa-rica-l379/from-san-jose-braulio-carillo-national-park-rainforest-tram-t431899/
Costa Rica;tamarindo-l995;448175;La leona waterfall;https://www.getyourguide.com/tamarindo-l995/la-leona-waterfall-tour-transportation-t448175/
Costa Rica;la-fortuna-l1904;1188768;Observatory lodge birdwatching hummingbirds volcano views;https://www.getyourguide.com/la-fortuna-l1904/observatory-lodge-birdwatching-hummingbirds-volcano-views-t1188768/
Costa Rica;bijagua-de-upala-l215361;875018;Rio celeste waterfall in;https://www.getyourguide.com/bijagua-de-upala-l215361/rio-celeste-waterfall-in-tenorio-volcano-national-park-t875018/
Costa Rica;la-fortuna-l1904;1124609;La fortuna coffee honey chocolate;https://www.getyourguide.com/la-fortuna-l1904/la-fortuna-coffee-honey-chocolate-tour-t1124609/
Costa Rica;la-fortuna-l1904;590752;Arenal s best sloth;https://www.getyourguide.com/la-fortuna-l1904/arenal-s-best-sloth-tour-a-unique-wildlife-experience-t590752/
Costa Rica;santa-cruz-costa-rica-l184589;734851;Tamarindo ziplining in;https://www.getyourguide.com/santa-cruz-costa-rica-l184589/tamarindo-ziplining-in-the-costarican-jungle-t734851/
Costa Rica;puerto-viejo-de-talamanca-l158223;756665;Puerto viejo gandoca manzanillo refuge bribri chocolate making waterfall;https://www.getyourguide.com/puerto-viejo-de-talamanca-l158223/puerto-viejo-gandoca-manzanillo-refuge-bribri-chocolate-making-waterfall-t756665/
Costa Rica;san-jose-costa-rica-l379;382755;San jose sloth sanctuary and wildlife rescue center;https://www.getyourguide.com/san-jose-costa-rica-l379/san-jose-sloth-sanctuary-and-wildlife-rescue-center-tour-t382755/
Costa Rica;monteverde-l2135;425759;Monteverde waterfalls wild;https://www.getyourguide.com/monteverde-l2135/monteverde-waterfalls-wild-trekking-and-horseback-riding-t425759/
Costa Rica;san-jose-costa-rica-l379;430094;San jose private;https://www.getyourguide.com/san-jose-costa-rica-l379/san-jose-private-transport-to-jaco-or-playa-hermosa-t430094/
Costa Rica;alajuela-l145894;856024;Uvita san jose airport;https://www.getyourguide.com/alajuela-l145894/uvita-san-jose-airport-to-uvita-private-transportation-t856024/
Costa Rica;manuel-antonio-l142888;475180;From quepos 25 min air;https://www.getyourguide.com/manuel-antonio-l142888/from-quepos-25-min-air-transfer-to-san-jose-airport-t475180/
Costa Rica;san-jose-costa-rica-l379;484897;From san jose arenal volcano and hot springs with lunch;https://www.getyourguide.com/san-jose-costa-rica-l379/from-san-jose-arenal-volcano-and-hot-springs-with-lunch-t484897/
Costa Rica;san-jose-costa-rica-l379;511785;San jose sensational bar hopping;https://www.getyourguide.com/san-jose-costa-rica-l379/san-jose-sensational-bar-hopping-t511785/
Costa Rica;monteverde-l2135;554994;Monteverde sunrise bird watching experience;https://www.getyourguide.com/monteverde-l2135/monteverde-sunrise-bird-watching-experience-t554994/
Costa Rica;tortuguero-l179461;593509;Tortuguero day walk in;https://www.getyourguide.com/tortuguero-l179461/tortuguero-day-walk-in-tortuguero-national-park-jaguar-t593509/
Costa Rica;uvita-costa-rica-l187790;610592;Costa rica mangrove;https://www.getyourguide.com/uvita-costa-rica-l187790/costa-rica-mangrove-tour-terraba-national-wetlands-uvita-t610592/
Costa Rica;bagaces-l160048;1079235;Waterfalls hanging bridge and sloths in fortuna de bagaces guanacaste;https://www.getyourguide.com/bagaces-l160048/waterfalls-hanging-bridge-and-sloths-in-fortuna-de-bagaces-guanacaste-t1079235/
Costa Rica;santa-cruz-costa-rica-l184589;826188;Private avellanas wildlife walk;https://www.getyourguide.com/santa-cruz-costa-rica-l184589/private-avellanas-wildlife-walk-t826188/
Costa Rica;monteverde-l2135;1150053;Monteverde jade pack selvatura park zipline sloth;https://www.getyourguide.com/monteverde-l2135/monteverde-jade-pack-selvatura-park-zipline-sloth-tour-t1150053/
Costa Rica;puerto-viejo-de-talamanca-l158223;1276650;Amubri authentic immersive day w bribri indigenous people;https://www.getyourguide.com/puerto-viejo-de-talamanca-l158223/amubri-authentic-immersive-day-w-bribri-indigenous-people-t1276650/
Costa Rica;monteverde-l2135;1084639;Monteverde coffee chocolate and sugar cane;https://www.getyourguide.com/monteverde-l2135/monteverde-coffee-chocolate-and-sugar-cane-tour-t1084639/
Costa Rica;jaco-l667;1103262;Jaco 2 hour atv jungle adventure;https://www.getyourguide.com/jaco-l667/jaco-2-hour-atv-jungle-adventure-t1103262/
Costa Rica;san-jose-costa-rica-l379;1141957;San jose private helicopter city;https://www.getyourguide.com/san-jose-costa-rica-l379/san-jose-private-helicopter-city-tour-t1141957/
Costa Rica;liberia-costa-rica-l381;449011;Horseback ride;https://www.getyourguide.com/liberia-costa-rica-l381/horseback-ride-to-hidden-waterfall-hot-springs-t449011/
Costa Rica;tortuguero-l179461;804594;Tortuguero canoe;https://www.getyourguide.com/tortuguero-l179461/tortuguero-canoe-tour-through-the-costa-ricans-amazons-t804594/
Costa Rica;jaco-l667;473835;Amazing 11 waterfalls 25 cables jaco;https://www.getyourguide.com/jaco-l667/amazing-11-waterfalls-25-cables-jaco-t473835/
Costa Rica;san-jose-costa-rica-l379;474042;From san jose 11 waterfalls zipline adventure;https://www.getyourguide.com/san-jose-costa-rica-l379/from-san-jose-11-waterfalls-zipline-adventure-t474042/
Costa Rica;playa-herradura-l168725;850890;Private;https://www.getyourguide.com/playa-herradura-l168725/private-transfer-san-jose-airport-to-los-suenos-marriott-t850890/
Costa Rica;san-pedro-de-poas-l242961;991083;Exploration and adventure;https://www.getyourguide.com/san-pedro-de-poas-l242961/exploration-and-adventure-toyota-land-cruiser-ride-hike-t991083/
Costa Rica;tortuguero-l179461;707086;Canoe adventure in;https://www.getyourguide.com/tortuguero-l179461/canoe-adventure-in-the-nature-of-tortuguero-national-park-t707086/
Costa Rica;san-jose-costa-rica-l379;738749;Private;https://www.getyourguide.com/san-jose-costa-rica-l379/private-transfer-san-jose-airport-tofrom-manuel-antonio-t738749/
Costa Rica;quepos-l32284;871117;Manuel antonio sea kayaking or sup costa rica;https://www.getyourguide.com/quepos-l32284/manuel-antonio-sea-kayaking-or-sup-costa-rica-tour-guide-t871117/
Costa Rica;liberia-costa-rica-l381;943554;Rincon de la vieja extreme canopy;https://www.getyourguide.com/liberia-costa-rica-l381/rincon-de-la-vieja-extreme-canopy-tour-t943554/
Costa Rica;playa-herradura-l168725;1186172;Tortuga island catamaran cruise with snorkeling half day;https://www.getyourguide.com/playa-herradura-l168725/tortuga-island-catamaran-cruise-with-snorkeling-half-day-t1186172/
Costa Rica;sierpe-l238757;1098891;Sierpe jungle wild cruiser and mangrove forest;https://www.getyourguide.com/sierpe-l238757/sierpe-jungle-wild-cruiser-and-mangrove-forest-tour-t1098891/
Costa Rica;la-fortuna-l1904;1120473;Tortuguero la fortuna;https://www.getyourguide.com/la-fortuna-l1904/tortuguero-la-fortuna-transfer-with-boat-and-wildlife-t1120473/
Costa Rica;monteverde-l2135;1326384;Monteverde hanging bridges glass bridge guided;https://www.getyourguide.com/monteverde-l2135/monteverde-hanging-bridges-glass-bridge-guided-tour-t1326384/
Costa Rica;la-fortuna-l1904;1128588;La fortuna rainforest nature hike with guide;https://www.getyourguide.com/la-fortuna-l1904/la-fortuna-rainforest-nature-hike-with-guide-t1128588/
Costa Rica;playas-del-coco-l192944;1149802;Coco beach private atv adventure 4 hour;https://www.getyourguide.com/playas-del-coco-l192944/coco-beach-private-atv-adventure-4-hour-t1149802/
Costa Rica;puntarenas-l32285;418906;From puntarenas bioluminiscence boat;https://www.getyourguide.com/puntarenas-l32285/from-puntarenas-bioluminiscence-boat-tour-with-bbq-drinks-t418906/
Costa Rica;monteverde-l2135;431975;Monteverde sky walk sky;https://www.getyourguide.com/monteverde-l2135/monteverde-sky-walk-sky-tram-sky-trek-ziplining-tour-t431975/
Costa Rica;manuel-antonio-l142888;714916;Manuel antonio beach parasailing with aguas azules;https://www.getyourguide.com/manuel-antonio-l142888/manuel-antonio-beach-parasailing-with-aguas-azules-t714916/
Costa Rica;la-fortuna-l1904;448214;La fortuna;https://www.getyourguide.com/la-fortuna-l1904/la-fortuna-tour-to-the-la-fortuna-waterfalls-t448214/
Costa Rica;culebra-costa-rica-l180387;480668;Private jetski adventure in;https://www.getyourguide.com/culebra-costa-rica-l180387/private-jetski-adventure-in-t480668/
Costa Rica;monteverde-l2135;536575;Monteverde rain forest night;https://www.getyourguide.com/monteverde-l2135/monteverde-rain-forest-night-tour-t536575/
Costa Rica;tortuguero-l179461;668037;Green sea;https://www.getyourguide.com/tortuguero-l179461/green-sea-turtle-nesting-tour-t668037/
Costa Rica;tarcoles-l186144;671483;1 hour 45 minutes crocodile adventure;https://www.getyourguide.com/tarcoles-l186144/1-hour-45-minutes-crocodile-adventure-tour-in-tarcoles-river-t671483/
Costa Rica;san-jose-costa-rica-l379;738779;Barcrawl in downtown san jose;https://www.getyourguide.com/san-jose-costa-rica-l379/barcrawl-in-downtown-san-jose-t738779/
Costa Rica;tortuguero-l179461;1185132;Tortuguero jaguar;https://www.getyourguide.com/tortuguero-l179461/tortuguero-jaguar-trail-guided-walk-with-binoculars-t1185132/
Costa Rica;tortuguero-l179461;1207177;Tortuguero limon canoe;https://www.getyourguide.com/tortuguero-l179461/tortuguero-limon-canoe-tours-t1207177/
Costa Rica;san-jose-costa-rica-l379;183617;San jose rainforest adventures aerial;https://www.getyourguide.com/san-jose-costa-rica-l379/san-jose-rainforest-adventures-aerial-tram-tour-t183617/
Costa Rica;nosara-l184507;1224906;Nosara white rocks atv jungle waterfall adventure;https://www.getyourguide.com/nosara-l184507/nosara-white-rocks-atv-jungle-waterfall-adventure-t1224906/
Costa Rica;jaco-l667;1274030;Barcrawl in downtown jaco;https://www.getyourguide.com/jaco-l667/barcrawl-in-downtown-jaco-t1274030/
Costa Rica;bijagua-de-upala-l215361;1285873;Bijagua;https://www.getyourguide.com/bijagua-de-upala-l215361/bijagua-tour-t1285873/
Costa Rica;santa-cruz-costa-rica-l184589;476378;Palo verde boat;https://www.getyourguide.com/santa-cruz-costa-rica-l184589/palo-verde-boat-tour-farming-tour-t476378/
Costa Rica;jaco-l667;528900;Jaco beach surfing in costa rica all levels and ages;https://www.getyourguide.com/jaco-l667/jaco-beach-surfing-in-costa-rica-all-levels-and-ages-t528900/
Costa Rica;san-jose-costa-rica-l379;383680;San jose;https://www.getyourguide.com/san-jose-costa-rica-l379/san-jose-tortuguero-park-day-tour-with-breakfast-lunch-t383680/
Costa Rica;monteverde-l2135;425872;Monteverde horseback riding;https://www.getyourguide.com/monteverde-l2135/monteverde-horseback-riding-tour-t425872/
Costa Rica;las-catalinas-l179131;845292;Las catalinas islands discover scuba dive;https://www.getyourguide.com/las-catalinas-l179131/las-catalinas-islands-discover-scuba-dive-trip-t845292/
Costa Rica;uvita-costa-rica-l187790;541461;Uvita surfboard rental in uvita beachmarino ballena;https://www.getyourguide.com/uvita-costa-rica-l187790/uvita-surfboard-rental-in-uvita-beachmarino-ballena-t541461/
Costa Rica;quepos-l32284;866117;Guided;https://www.getyourguide.com/quepos-l32284/guided-tour-of-manuel-antonio-national-park-t866117/
Costa Rica;manzanillo-l236504;1188941;Manzanillo walking;https://www.getyourguide.com/manzanillo-l236504/manzanillo-walking-tour-sloths-monkeys-toucans-frogs-t1188941/
Costa Rica;uvita-costa-rica-l187790;990141;Uvita private marino ballena boat cruise whales dolphins;https://www.getyourguide.com/uvita-costa-rica-l187790/uvita-private-marino-ballena-boat-cruise-whales-dolphins-t990141/
Costa Rica;liberia-costa-rica-l381;1077457;Liberia extreme;https://www.getyourguide.com/liberia-costa-rica-l381/liberia-extreme-tubing-in-a-canyon-with-natural-pools-and-adrenaline-t1077457/
Costa Rica;nosara-l184507;469002;Zip line nosara;https://www.getyourguide.com/nosara-l184507/zip-line-nosara-t469002/
Costa Rica;la-fortuna-l1904;341901;La fortuna canyoning and white water rafting experience;https://www.getyourguide.com/la-fortuna-l1904/la-fortuna-canyoning-and-white-water-rafting-experience-t341901/
Costa Rica;parrita-l206051;802952;Private direct;https://www.getyourguide.com/parrita-l206051/private-direct-transfer-sjo-manuel-antonio-quepos-t802952/
Costa Rica;jaco-l667;892144;Uvita wakeboarding private boat adventures stunning views;https://www.getyourguide.com/jaco-l667/uvita-wakeboarding-private-boat-adventures-stunning-views-t892144/
Costa Rica;sierpe-l238757;521231;Mangrove;https://www.getyourguide.com/sierpe-l238757/mangrove-terraba-siepe-t521231/
Costa Rica;cahuita-l149254;635846;Cahuita guided hike;https://www.getyourguide.com/cahuita-l149254/cahuita-guided-hike-through-cahuita-national-park-t635846/
Costa Rica;la-fortuna-l1904;1236164;La fortuna guaranteed sloth watching;https://www.getyourguide.com/la-fortuna-l1904/la-fortuna-guaranteed-sloth-watching-tour-waterfall-swim-t1236164/
Costa Rica;la-fortuna-l1904;303113;La fortuna arenal volcano and waterfall;https://www.getyourguide.com/la-fortuna-l1904/la-fortuna-arenal-volcano-and-waterfall-tour-with-lunch-t303113/
Costa Rica;brasilito-l169708;413891;Wonderful horseback beach and forest ride brasilito conchal;https://www.getyourguide.com/brasilito-l169708/wonderful-horseback-beach-and-forest-ride-brasilito-conchal-t413891/
Costa Rica;manuel-antonio-l142888;1222516;Manuel antonio night;https://www.getyourguide.com/manuel-antonio-l142888/manuel-antonio-night-tour-with-hotel-transfer-t1222516/
Costa Rica;san-jose-costa-rica-l379;1310686;San jose birdwatching;https://www.getyourguide.com/san-jose-costa-rica-l379/san-jose-birdwatching-tour-with-guide-and-scope-t1310686/
Costa Rica;uvita-costa-rica-l187790;622330;Uvitasloth watching;https://www.getyourguide.com/uvita-costa-rica-l187790/uvitasloth-watching-trail-the-best-sloth-tour-in-costa-rica-t622330/
Costa Rica;puntarenas-l32285;676471;Bioluminescence;https://www.getyourguide.com/puntarenas-l32285/bioluminescence-tour-speedboat-camping-from-puntarenas-t676471/
Costa Rica;la-fortuna-l1904;742078;San juan de penas blancas local coffee;https://www.getyourguide.com/la-fortuna-l1904/san-juan-de-penas-blancas-local-coffee-tour-experience-t742078/
Costa Rica;uvita-costa-rica-l187790;775820;Marino ballena national park whale and dolphin watching;https://www.getyourguide.com/uvita-costa-rica-l187790/marino-ballena-national-park-whale-and-dolphin-watching-t775820/
Costa Rica;tamarindo-l995;845877;Las catalinas best;https://www.getyourguide.com/tamarindo-l995/las-catalinas-best-things-to-do-in-guanacaste-costa-rica-t845877/
Costa Rica;tamarindo-l995;474605;Best sunset;https://www.getyourguide.com/tamarindo-l995/best-sunset-tour-yacht-charter-flamingotamarindo-area-t474605/
Costa Rica;san-jose-costa-rica-l379;892901;Full day arenal volcano baldi hot springs;https://www.getyourguide.com/san-jose-costa-rica-l379/full-day-arenal-volcano-baldi-hot-springs-tour-in-san-jose-t892901/
Costa Rica;tortuguero-l179461;1139908;Tortuguero mystical rainforest night experience;https://www.getyourguide.com/tortuguero-l179461/tortuguero-mystical-rainforest-night-experience-t1139908/
Costa Rica;la-fortuna-l1904;843431;La fortuna waterfall rappelling and mountain bike;https://www.getyourguide.com/la-fortuna-l1904/la-fortuna-waterfall-rappelling-and-mountain-bike-tour-t843431/
Costa Rica;escazu-san-jose-l181976;1253591;From san jose cerro san miguel cross guided hike with lunch;https://www.getyourguide.com/escazu-san-jose-l181976/from-san-jose-cerro-san-miguel-cross-guided-hike-with-lunch-t1253591/
Costa Rica;quesada-l209724;1100937;Quesada hobbit village gardens waterfalls;https://www.getyourguide.com/quesada-l209724/quesada-hobbit-village-gardens-waterfalls-t1100937/
Costa Rica;bijagua-de-upala-l215361;1153521;Nighttime;https://www.getyourguide.com/bijagua-de-upala-l215361/nighttime-tour-in-the-foothills-of-volcan-tenorio-t1153521/
Costa Rica;la-fortuna-l1904;1154132;La fortuna rainforest night walk saving;https://www.getyourguide.com/la-fortuna-l1904/la-fortuna-rainforest-night-walk-saving-the-flora-and-fauna-t1154132/
Costa Rica;uvita-costa-rica-l187790;1178509;Ocean kayak and snorkel;https://www.getyourguide.com/uvita-costa-rica-l187790/ocean-kayak-and-snorkel-tour-in-marino-ballena-national-park-t1178509/
Costa Rica;alajuela-l145894;433061;Manuel antonio;https://www.getyourguide.com/alajuela-l145894/manuel-antonio-transfer-to-alajuela-or-the-san-jose-airport-t433061/
Costa Rica;uvita-costa-rica-l187790;523556;Uvita private nature wildlife night;https://www.getyourguide.com/uvita-costa-rica-l187790/uvita-private-nature-wildlife-night-tour-tropical-forest-t523556/
Costa Rica;la-fortuna-l1904;1324934;La fortuna arenal forest escape;https://www.getyourguide.com/la-fortuna-l1904/la-fortuna-arenal-forest-escape-thermal-wellness-t1324934/
Costa Rica;tortuguero-l179461;748864;Tortuguero canal;https://www.getyourguide.com/tortuguero-l179461/tortuguero-canal-tour-in-tortuguero-national-park-t748864/
Costa Rica;monteverde-l2135;756509;Monteverde;https://www.getyourguide.com/monteverde-l2135/monteverde-thrilling-zip-line-canopy-tour-t756509/
Costa Rica;heredia-l2757;827385;Volcan barva heredia;https://www.getyourguide.com/heredia-l2757/volcan-barva-heredia-travel-and-walk-t827385/
Costa Rica;la-fortuna-l1904;834763;La fortuna rafting level iii zip lines superman;https://www.getyourguide.com/la-fortuna-l1904/la-fortuna-rafting-level-iii-zip-lines-superman-t834763/
Costa Rica;cahuita-l149254;862944;Cahuita hiking and wildlife watching;https://www.getyourguide.com/cahuita-l149254/cahuita-hiking-and-wildlife-watching-tour-guided-tour-t862944/
Costa Rica;tamarindo-l995;691118;Kayak rental;https://www.getyourguide.com/tamarindo-l995/kayak-rental-t691118/
Costa Rica;monteverde-l2135;1272894;Monteverde cerro pinocho sunrise or sunset with picnic;https://www.getyourguide.com/monteverde-l2135/monteverde-cerro-pinocho-sunrise-or-sunset-with-picnic-t1272894/
Costa Rica;uvita-costa-rica-l187790;1326430;Uvita dolphin coast;https://www.getyourguide.com/uvita-costa-rica-l187790/uvita-dolphin-coast-to-corcovado-boat-jungle-day-tour-t1326430/
Costa Rica;la-fortuna-l1904;411384;Hanging bridges walk in arenal volcano;https://www.getyourguide.com/la-fortuna-l1904/hanging-bridges-walk-in-arenal-volcano-t411384/
Costa Rica;liberia-costa-rica-l381;429483;Guanacaste airport;https://www.getyourguide.com/liberia-costa-rica-l381/guanacaste-airport-transfer-tofrom-papagayo-hyatt-hotel-t429483/
Costa Rica;playa-hermosa-l32230;438528;Transfer guanacaste hotels papagayo;https://www.getyourguide.com/playa-hermosa-l32230/transfer-guanacaste-hotels-papagayo-to-liberia-airport-t438528/
Costa Rica;la-fortuna-l1904;448246;La fortuna waterfall volcano and hanging bridges;https://www.getyourguide.com/la-fortuna-l1904/la-fortuna-waterfall-volcano-and-hanging-bridges-tour-t448246/
Costa Rica;la-fortuna-l1904;586118;Wellness park nature reserve;https://www.getyourguide.com/la-fortuna-l1904/wellness-park-nature-reserve-t586118/
Costa Rica;tamarindo-l995;392220;Full day combo 8 in 1 adventures ;https://www.getyourguide.com/tamarindo-l995/full-day-combo-8-in-1-adventures--t392220/
Costa Rica;la-fortuna-l1904;640499;Rafting in sarapiqui river from la fortuna afternoon;https://www.getyourguide.com/la-fortuna-l1904/rafting-in-sarapiqui-river-from-la-fortuna-afternoon-tour-t640499/
Costa Rica;liberia-costa-rica-l381;429208;Liberia liberia airport;https://www.getyourguide.com/liberia-costa-rica-l381/liberia-liberia-airport-to-la-fortuna-private-transfer-t429208/
Costa Rica;puerto-jimenez-l32268;703253;From puerto jimenez corcovado national park full day;https://www.getyourguide.com/puerto-jimenez-l32268/from-puerto-jimenez-corcovado-national-park-full-day-tour-t703253/
Costa Rica;punta-uva-l220419;728996;Punta uva sloth and wildlife kayaking;https://www.getyourguide.com/punta-uva-l220419/punta-uva-sloth-and-wildlife-kayaking-tour-t728996/
Costa Rica;jaco-l667;512691;From jaco aerial;https://www.getyourguide.com/jaco-l667/from-jaco-aerial-tram-tour-t512691/
Costa Rica;playa-herradura-l168725;847640;Zipline in jaco;https://www.getyourguide.com/playa-herradura-l168725/zipline-in-jaco-t847640/
Costa Rica;tortuguero-l179461;884155;Tortuguero canoe;https://www.getyourguide.com/tortuguero-l179461/tortuguero-canoe-tour-and-nighttime-rainforest-hike-package-t884155/
Costa Rica;playa-flamingo-l1548;933738;Tamarindo private snorkeling boat charter guanacaste;https://www.getyourguide.com/playa-flamingo-l1548/tamarindo-private-snorkeling-boat-charter-guanacaste-t933738/
Costa Rica;uvita-costa-rica-l187790;711027;Night;https://www.getyourguide.com/uvita-costa-rica-l187790/night-tour-guided-experience-uvita-t711027/
Costa Rica;cahuita-l149254;809470;Snorkel in cahuita national park;https://www.getyourguide.com/cahuita-l149254/snorkel-in-cahuita-national-park-t809470/
Costa Rica;puerto-jimenez-l32268;1066437;Puerto jimenez kayak adventure in;https://www.getyourguide.com/puerto-jimenez-l32268/puerto-jimenez-kayak-adventure-in-the-golfo-dulce-bioluminescence-t1066437/
Costa Rica;puerto-jimenez-l32268;846485;Private;https://www.getyourguide.com/puerto-jimenez-l32268/private-transfer-from-san-jose-airport-to-sierpe-t846485/
Costa Rica;turrialba-cartago-l220579;865860;Pacuare river rafting;https://www.getyourguide.com/turrialba-cartago-l220579/pacuare-river-rafting-t865860/
Costa Rica;manuel-antonio-l142888;1119219;Manuel antonio surf lesson with pool session pickup;https://www.getyourguide.com/manuel-antonio-l142888/manuel-antonio-surf-lesson-with-pool-session-pickup-t1119219/
Costa Rica;poas-l256963;1221382;San jose poas volcano coffee farm blue falls;https://www.getyourguide.com/poas-l256963/san-jose-poas-volcano-coffee-farm-blue-falls-tour-t1221382/
Costa Rica;tamarindo-l995;1227001;Discover;https://www.getyourguide.com/tamarindo-l995/discover-tamarindo-s-blue-zone-healthy-cooking-class-t1227001/
Costa Rica;nuevo-arenal-l179120;448220;Fortuna arenal;https://www.getyourguide.com/nuevo-arenal-l179120/fortuna-arenal-tropical-rainforest-arenal-hanging-bridges-t448220/
Costa Rica;quepos-l32284;459490;Queposmanuel antonio sailing cruise 100 wooden sail ship;https://www.getyourguide.com/quepos-l32284/queposmanuel-antonio-sailing-cruise-100-wooden-sail-ship-t459490/
Costa Rica;la-fortuna-l1904;20645;La fortuna canyoning and waterfall rappelling experience;https://www.getyourguide.com/la-fortuna-l1904/la-fortuna-canyoning-and-waterfall-rappelling-experience-t20645/
Costa Rica;la-fortuna-l1904;600583;Enjoy;https://www.getyourguide.com/la-fortuna-l1904/enjoy-the-best-volcano-view-at-our-kayak-tour-on-lake-arenal-t600583/
Costa Rica;la-fortuna-l1904;272927;La fortuna half day waterfall;https://www.getyourguide.com/la-fortuna-l1904/la-fortuna-half-day-waterfall-tour-with-lunch-t272927/
Costa Rica;tamarindo-l995;815219;Tamarindo stellar 3 day surf lesson package;https://www.getyourguide.com/tamarindo-l995/tamarindo-stellar-3-day-surf-lesson-package-t815219/
Costa Rica;el-jobo-costa-rica-l213082;844444;Private;https://www.getyourguide.com/el-jobo-costa-rica-l213082/private-transfer-from-san-jose-airport-to-el-jobo-t844444/
Costa Rica;tortuguero-l179461;883326;Tortuguero;https://www.getyourguide.com/tortuguero-l179461/tortuguero-tours-in-french-canoe-tour-of-tortuguero-national-park-t883326/
Costa Rica;liberia-costa-rica-l381;977797;Curubande private full day local waterfalls experience;https://www.getyourguide.com/liberia-costa-rica-l381/curubande-private-full-day-local-waterfalls-experience-t977797/
Costa Rica;coco-costa-rica-l266578;1061455;Guanacaste authentic costa rica cultural experience;https://www.getyourguide.com/coco-costa-rica-l266578/guanacaste-authentic-costa-rica-cultural-experience-t1061455/
Costa Rica;uvita-costa-rica-l187790;993443;Uvita coconut;https://www.getyourguide.com/uvita-costa-rica-l187790/uvita-coconut-tour-with-guide-t993443/
Costa Rica;jaco-l667;1234387;Tortuga island snorkel and sunset cruise from jaco;https://www.getyourguide.com/jaco-l667/tortuga-island-snorkel-and-sunset-cruise-from-jaco-t1234387/
Costa Rica;manuel-antonio-l142888;1250978;Manuel antonio damas night mangrove boat;https://www.getyourguide.com/manuel-antonio-l142888/manuel-antonio-damas-night-mangrove-boat-tour-dinner-t1250978/
Costa Rica;la-fortuna-l1904;1199212;La fortuna 3 adrenaline activities in 1;https://www.getyourguide.com/la-fortuna-l1904/la-fortuna-3-adrenaline-activities-in-1-t1199212/
Costa Rica;santa-cruz-costa-rica-l184589;1220546;Stunning private sailing experience in potrero costa rica;https://www.getyourguide.com/santa-cruz-costa-rica-l184589/stunning-private-sailing-experience-in-potrero-costa-rica-t1220546/
Costa Rica;paquera-l193403;501381;Paquera 2 hours bioluminescence kayak;https://www.getyourguide.com/paquera-l193403/paquera-2-hours-bioluminescence-kayak-tour-t501381/
Costa Rica;la-fortuna-l1904;417162;Nocturnal nature safari float;https://www.getyourguide.com/la-fortuna-l1904/nocturnal-nature-safari-float-t417162/
Costa Rica;la-fortuna-l1904;421481;La fortuna arenal horseback riding;https://www.getyourguide.com/la-fortuna-l1904/la-fortuna-arenal-horseback-riding-to-la-fortuna-waterfall-t421481/
Costa Rica;la-fortuna-l1904;752426;La fortuna sloth wildlife nature walk;https://www.getyourguide.com/la-fortuna-l1904/la-fortuna-sloth-wildlife-nature-walk-t752426/
Costa Rica;uvita-costa-rica-l187790;481746;Uvita whale dolphin watching boat;https://www.getyourguide.com/uvita-costa-rica-l187790/uvita-whale-dolphin-watching-boat-trip-w-drinks-snacks-t481746/
Costa Rica;liberia-costa-rica-l381;816355;Rincon de la vieja volcanonaturalist guide np entrance fee;https://www.getyourguide.com/liberia-costa-rica-l381/rincon-de-la-vieja-volcanonaturalist-guide-np-entrance-fee-t816355/
Costa Rica;tortuguero-l179461;876212;Canoe;https://www.getyourguide.com/tortuguero-l179461/canoe-tour-in-tortuguero-national-park-t876212/
Costa Rica;quepos-l32284;881395;Manuel antonio kayak;https://www.getyourguide.com/quepos-l32284/manuel-antonio-kayak-tour-in-the-mangroves-to-see-animals-t881395/
Costa Rica;palma-costa-rica-l181668;659679;Mistico hanging bridges;https://www.getyourguide.com/palma-costa-rica-l181668/mistico-hanging-bridges-transportation-naturalist-guide-t659679/
Costa Rica;tarcoles-l186144;744889;Carara national park;https://www.getyourguide.com/tarcoles-l186144/carara-national-park-tour-t744889/
Costa Rica;tortuguero-l179461;1171130;Tortuguerocanals in electric motor and night hike;https://www.getyourguide.com/tortuguero-l179461/tortuguerocanals-in-electric-motor-and-night-hike-t1171130/
Costa Rica;san-jose-costa-rica-l379;990470;From san jose private blue falls;https://www.getyourguide.com/san-jose-costa-rica-l379/from-san-jose-private-blue-falls-tour-with-hidden-waterfall-t990470/
Costa Rica;monteverde-l2135;1272822;Monteverde family coffee farm;https://www.getyourguide.com/monteverde-l2135/monteverde-family-coffee-farm-tour-with-snacks-t1272822/
Costa Rica;manuel-antonio-l142888;1167080;Manuel antonio guided;https://www.getyourguide.com/manuel-antonio-l142888/manuel-antonio-guided-tour-with-national-park-entry-included-t1167080/
Costa Rica;monteverde-l2135;1176792;Monteverde day night nature experience all inclusive;https://www.getyourguide.com/monteverde-l2135/monteverde-day-night-nature-experience-all-inclusive-t1176792/
Costa Rica;san-jose-costa-rica-l379;179984;From san jose full day jaco beach canyoning and canopy;https://www.getyourguide.com/san-jose-costa-rica-l379/from-san-jose-full-day-jaco-beach-canyoning-and-canopy-tour-t179984/
Costa Rica;san-jose-costa-rica-l379;1202832;San jose horseback riding in coronado s scenic cloud forest;https://www.getyourguide.com/san-jose-costa-rica-l379/san-jose-horseback-riding-in-coronado-s-scenic-cloud-forest-t1202832/
Costa Rica;manuel-antonio-l142888;507280;San joseairport manuel antonio;https://www.getyourguide.com/manuel-antonio-l142888/san-joseairport-manuel-antonio-transfer-t507280/
Costa Rica;palmar-norte-l222998;535957;Uvita archaeological sites with spheres stone;https://www.getyourguide.com/palmar-norte-l222998/uvita-archaeological-sites-with-spheres-stone-t535957/
Costa Rica;san-jose-costa-rica-l379;598335;Carara national park guided walk carara costa rica nature;https://www.getyourguide.com/san-jose-costa-rica-l379/carara-national-park-guided-walk-carara-costa-rica-nature-t598335/
Costa Rica;monteverde-l2135;920268;Monteverde cloud forest reserve private guided;https://www.getyourguide.com/monteverde-l2135/monteverde-cloud-forest-reserve-private-guided-tour-t920268/
Costa Rica;jaco-l667;732710;Jaco off road atv zipline waterfall rappelling adventure;https://www.getyourguide.com/jaco-l667/jaco-off-road-atv-zipline-waterfall-rappelling-adventure-t732710/
Costa Rica;monteverde-l2135;734869;Monteverde coffee chocolate cloud forest;https://www.getyourguide.com/monteverde-l2135/monteverde-coffee-chocolate-cloud-forest-tour-t734869/
Costa Rica;quepos-l32284;778024;Guided;https://www.getyourguide.com/quepos-l32284/guided-tour-in-the-jungle-of-manuel-antonio-national-park-t778024/
Costa Rica;samara-l179139;1078534;Samara coastal;https://www.getyourguide.com/samara-l179139/samara-coastal-tuk-tuk-experience-t1078534/
Costa Rica;santa-ana-costa-rica-l222904;1202899;San jose ultimate zipline adventure;https://www.getyourguide.com/santa-ana-costa-rica-l222904/san-jose-ultimate-zipline-adventure-t1202899/
Costa Rica;liberia-costa-rica-l381;1218028;Liberia;https://www.getyourguide.com/liberia-costa-rica-l381/liberia-tempisque-river-fishing-adventure-with-bbq-t1218028/
Costa Rica;liberia-costa-rica-l381;1245950;Guanacaste caminata a la cascada la leona con chapuzon;https://www.getyourguide.com/liberia-costa-rica-l381/guanacaste-caminata-a-la-cascada-la-leona-con-chapuzon-t1245950/
Costa Rica;san-jose-costa-rica-l379;1189567;San jose private poas volcano la paz waterfall experience;https://www.getyourguide.com/san-jose-costa-rica-l379/san-jose-private-poas-volcano-la-paz-waterfall-experience-t1189567/
Costa Rica;la-fortuna-l1904;1194205;Guaranteed;https://www.getyourguide.com/la-fortuna-l1904/guaranteed-tapir-spotting-tour-at-rio-celeste-and-volcan-tenorio-t1194205/
Costa Rica;liberia-costa-rica-l381;1330991;Guanacaste rincon de la vieja volcano eco wellness;https://www.getyourguide.com/liberia-costa-rica-l381/guanacaste-rincon-de-la-vieja-volcano-eco-wellness-tour-t1330991/
Costa Rica;cahuita-l149254;1210857;Cahuita horseback riding adventure beach jungle wildlife;https://www.getyourguide.com/cahuita-l149254/cahuita-horseback-riding-adventure-beach-jungle-wildlife-t1210857/
Costa Rica;san-jose-costa-rica-l379;69778;From san jose full day costa rica birdwatching;https://www.getyourguide.com/san-jose-costa-rica-l379/from-san-jose-full-day-costa-rica-birdwatching-tour-t69778/
Costa Rica;la-fortuna-l1904;287065;From la fortuna guided naturalist walk on hanging bridges;https://www.getyourguide.com/la-fortuna-l1904/from-la-fortuna-guided-naturalist-walk-on-hanging-bridges-t287065/
Costa Rica;quepos-l32284;298100;Manuel antonio park guided;https://www.getyourguide.com/quepos-l32284/manuel-antonio-park-guided-tour-park-ticket-included-t298100/
Costa Rica;san-jose-costa-rica-l379;270977;From san jose secrets of guayabo irazu volcano;https://www.getyourguide.com/san-jose-costa-rica-l379/from-san-jose-secrets-of-guayabo-irazu-volcano-t270977/
Costa Rica;san-jose-costa-rica-l379;719486;From san jose;https://www.getyourguide.com/san-jose-costa-rica-l379/from-san-jose-to-manuel-antonio-national-park-combo-tour-t719486/
Costa Rica;tortuguero-l179461;843466;Jungle night;https://www.getyourguide.com/tortuguero-l179461/jungle-night-tour-in-tortuguero-wildlife-and-adventure-t843466/
Costa Rica;quepos-l32284;871158;Manuel antonio;https://www.getyourguide.com/quepos-l32284/manuel-antonio-the-5-best-things-to-do-all-tours-costa-rica-t871158/
Costa Rica;monteverde-l2135;684028;Monteverde cloud forest guided walk;https://www.getyourguide.com/monteverde-l2135/monteverde-cloud-forest-guided-walk-t684028/
Costa Rica;tamarindo-l995;794348;Tamarindofun dives at catalina islands for certified divers;https://www.getyourguide.com/tamarindo-l995/tamarindofun-dives-at-catalina-islands-for-certified-divers-t794348/
Costa Rica;san-jose-costa-rica-l379;1126817;San jose check out a private art gallery;https://www.getyourguide.com/san-jose-costa-rica-l379/san-jose-check-out-a-private-art-gallery-t1126817/
Costa Rica;brasilito-l169708;1132333;Sloth watching chocolate;https://www.getyourguide.com/brasilito-l169708/sloth-watching-chocolate-tour-bijagua-rainforest-lunch-t1132333/
Costa Rica;manuel-antonio-l142888;1293853;Manuel antonio national park guided wildlife beach;https://www.getyourguide.com/manuel-antonio-l142888/manuel-antonio-national-park-guided-wildlife-beach-tour-t1293853/
Costa Rica;monteverde-l2135;1149070;Monteverde sunrise bird watching;https://www.getyourguide.com/monteverde-l2135/monteverde-sunrise-bird-watching-tour-in-curi-cancha-t1149070/
Costa Rica;la-fortuna-l1904;1203762;Pollinator discovery;https://www.getyourguide.com/la-fortuna-l1904/pollinator-discovery-tour-a-guided-nature-walk-in-la-fortuna-t1203762/
Costa Rica;tortuguero-l179461;592298;Tortuguero night walking;https://www.getyourguide.com/tortuguero-l179461/tortuguero-night-walking-tour-t592298/
Costa Rica;la-fortuna-l1904;175824;La fortuna evening frog safari;https://www.getyourguide.com/la-fortuna-l1904/la-fortuna-evening-frog-safari-t175824/
Costa Rica;monteverde-l2135;734821;Monteverde private night;https://www.getyourguide.com/monteverde-l2135/monteverde-private-night-tour-with-wildlife-encounters-t734821/
Costa Rica;la-fortuna-l1904;776745;La fortuna night walk la fortuna in an authentic rainforest;https://www.getyourguide.com/la-fortuna-l1904/la-fortuna-night-walk-la-fortuna-in-an-authentic-rainforest-t776745/
Costa Rica;la-fortuna-l1904;428724;La fortuna white water rafting rappel zipline and lunch;https://www.getyourguide.com/la-fortuna-l1904/la-fortuna-white-water-rafting-rappel-zipline-and-lunch-t428724/
Costa Rica;tortuguero-l179461;585327;Tortuguero night walk;https://www.getyourguide.com/tortuguero-l179461/tortuguero-night-walk-t585327/
Costa Rica;cartago-l135017;1213436;San jose lankester botanical garden entry;https://www.getyourguide.com/cartago-l135017/san-jose-lankester-botanical-garden-entry-ticket-t1213436/
Costa Rica;san-jose-costa-rica-l379;1032956;Fuego;https://www.getyourguide.com/san-jose-costa-rica-l379/fuego-tico-a-costa-rican-bbq-experience-in-san-jose-t1032956/
Costa Rica;bagaces-l160048;1313351;Guanacaste volcano hot springs hike secondary crater;https://www.getyourguide.com/bagaces-l160048/guanacaste-volcano-hot-springs-hike-secondary-crater-t1313351/
Costa Rica;golfito-l205806;1051736;Golfito costa rica advanced open water certification;https://www.getyourguide.com/golfito-l205806/golfito-costa-rica-advanced-open-water-certification-t1051736/
Costa Rica;jaco-l667;1104007;Jaco beach atv 3 hours;https://www.getyourguide.com/jaco-l667/jaco-beach-atv-3-hours-tour-with-waterfall-swim-t1104007/
Costa Rica;bagaces-l160048;177972;One day adventure pass at vida aventura nature park;https://www.getyourguide.com/bagaces-l160048/one-day-adventure-pass-at-vida-aventura-nature-park-t177972/
Costa Rica;la-fortuna-l1904;428730;La fortuna rafting free photo pkg r a authentic lunch;https://www.getyourguide.com/la-fortuna-l1904/la-fortuna-rafting-free-photo-pkg-r-a-authentic-lunch-t428730/
Costa Rica;tortuguero-l179461;733280;Tortuguero sloth watching;https://www.getyourguide.com/tortuguero-l179461/tortuguero-sloth-watching-trail-best-sloth-tour-costa-rica-t733280/
Costa Rica;san-jose-costa-rica-l379;751006;Private;https://www.getyourguide.com/san-jose-costa-rica-l379/private-transfer-san-jose-tofrom-puerto-viejo-manzanillo-t751006/
Costa Rica;tortuguero-l179461;819578;Canoe;https://www.getyourguide.com/tortuguero-l179461/canoe-tour-explore-the-majesty-of-tortuguero-national-park-t819578/
Costa Rica;portalon-l227787;948404;Full day waterfalls adventure in quepos manuel antonio cr;https://www.getyourguide.com/portalon-l227787/full-day-waterfalls-adventure-in-quepos-manuel-antonio-cr-t948404/
Costa Rica;monteverde-l2135;604372;Monteverde exploring;https://www.getyourguide.com/monteverde-l2135/monteverde-exploring-the-cloud-forest-t604372/
Costa Rica;bahia-ballena-l194318;630666;Whale dolphin watching in uvita costa rica;https://www.getyourguide.com/bahia-ballena-l194318/whale-dolphin-watching-in-uvita-costa-rica-t630666/
Costa Rica;san-jose-costa-rica-l379;641679;San jose city;https://www.getyourguide.com/san-jose-costa-rica-l379/san-jose-city-tour-scenic-dinner-t641679/
Costa Rica;quepos-l32284;1094115;Hidden biezans beach snorkeling;https://www.getyourguide.com/quepos-l32284/hidden-biezans-beach-snorkeling-tour-with-a-local-guide-t1094115/
Costa Rica;quepos-l32284;729462;Iguana catamaran;https://www.getyourguide.com/quepos-l32284/iguana-catamaran-tour-snorkleing-t729462/
Costa Rica;puntarenas-l32285;799714;2 days 1 night in corcovado sirena from drake bay;https://www.getyourguide.com/puntarenas-l32285/2-days-1-night-in-corcovado-sirena-from-drake-bay-t799714/
Costa Rica;tarcoles-l186144;802132;Private direct sjo jaco beachlos suenos;https://www.getyourguide.com/tarcoles-l186144/private-direct-sjo-jaco-beachlos-suenos-transfer-service-t802132/
Costa Rica;samara-l179139;1245874;Samara cocktail experience;https://www.getyourguide.com/samara-l179139/samara-cocktail-experience-t1245874/
Costa Rica;monteverde-l2135;1084262;Monteverde santa;https://www.getyourguide.com/monteverde-l2135/monteverde-santa-teresa-shuttle-with-scenic-ferry-ride-t1084262/
Costa Rica;la-fortuna-l1904;25119;Kayaking on lake arenal;https://www.getyourguide.com/la-fortuna-l1904/kayaking-on-lake-arenal-t25119/
Costa Rica;el-gavilan-l240343;33599;Adventure;https://www.getyourguide.com/el-gavilan-l240343/adventure-to-blue-river-rainforest-and-hot-springs-t33599/
Costa Rica;quepos-l32284;1111852;Ocean adventure by kayak explore biesanz beach;https://www.getyourguide.com/quepos-l32284/ocean-adventure-by-kayak-explore-biesanz-beach-t1111852/
Costa Rica;la-fortuna-l1904;1138029;La fortuna lake arenal private stand up paddle;https://www.getyourguide.com/la-fortuna-l1904/la-fortuna-lake-arenal-private-stand-up-paddle-tour-t1138029/
Costa Rica;la-fortuna-l1904;1155606;La fortuna sloth eco watching;https://www.getyourguide.com/la-fortuna-l1904/la-fortuna-sloth-eco-watching-tour-t1155606/
Costa Rica;monteverde-l2135;1241438;Monteverde sloth;https://www.getyourguide.com/monteverde-l2135/monteverde-sloth-tour-and-night-walk-t1241438/
Costa Rica;jaco-l667;1280180;From san jose jaco beach surf lesson crocodile;https://www.getyourguide.com/jaco-l667/from-san-jose-jaco-beach-surf-lesson-crocodile-tour-t1280180/
Costa Rica;monteverde-l2135;1283811;Monteverde cloud forest night walk guided wildlife;https://www.getyourguide.com/monteverde-l2135/monteverde-cloud-forest-night-walk-guided-wildlife-tour-t1283811/
Costa Rica;manuel-antonio-l142888;613575;Costa rica manuel antonio national park group guided;https://www.getyourguide.com/manuel-antonio-l142888/costa-rica-manuel-antonio-national-park-group-guided-tour-t613575/
Costa Rica;tamarindo-l995;430792;From;https://www.getyourguide.com/tamarindo-l995/from-timarouba-sailing-snorkeling-wlunch-drinks-ticket-t430792/
Costa Rica;playas-del-coco-l192944;843184;Private;https://www.getyourguide.com/playas-del-coco-l192944/private-transfer-from-san-jose-airport-to-playas-del-coco-t843184/
Costa Rica;la-fortuna-l1904;853449;La fortuna don juan arenal coffee and chocolate;https://www.getyourguide.com/la-fortuna-l1904/la-fortuna-don-juan-arenal-coffee-and-chocolate-tour-t853449/
Costa Rica;quepos-l32284;855841;Manuel antonio national park wildlife watching hike;https://www.getyourguide.com/quepos-l32284/manuel-antonio-national-park-wildlife-watching-hike-t855841/
Costa Rica;la-fortuna-l1904;880284;La fortuna magical kayak on lake arenal;https://www.getyourguide.com/la-fortuna-l1904/la-fortuna-magical-kayak-on-lake-arenal-t880284/
Costa Rica;san-jose-costa-rica-l379;893662;Cr luxury 14 hour off;https://www.getyourguide.com/san-jose-costa-rica-l379/cr-luxury-14-hour-off-the-beaten-path-tour-anywhere-t893662/
Costa Rica;san-jose-costa-rica-l379;687625;Volcan poas volcan poas national park flora fauna;https://www.getyourguide.com/san-jose-costa-rica-l379/volcan-poas-volcan-poas-national-park-flora-fauna-tour-t687625/
Costa Rica;tamarindo-l995;1080485;Tamarindo boat;https://www.getyourguide.com/tamarindo-l995/tamarindo-boat-tour-of-las-baulas-marine-park-mangroves-and-nature-t1080485/
Costa Rica;san-jose-costa-rica-l379;1111344;San jose wine;https://www.getyourguide.com/san-jose-costa-rica-l379/san-jose-wine-tour-with-tastings-t1111344/
Costa Rica;san-jose-costa-rica-l379;1116558;Monteverde cloud forest hanging bridges;https://www.getyourguide.com/san-jose-costa-rica-l379/monteverde-cloud-forest-hanging-bridges-tour-t1116558/
Costa Rica;monteverde-l2135;1204023;Monteverde birdwatching;https://www.getyourguide.com/monteverde-l2135/monteverde-birdwatching-tour-guided-nature-walk-t1204023/
Costa Rica;katira-costa-rica-l184505;1294567;Rio celeste;https://www.getyourguide.com/katira-costa-rica-l184505/rio-celeste-tubing-adventure-with-rope-swing-t1294567/
Costa Rica;la-fortuna-l1904;609739;Natura eco park admission wildlife sanctuary;https://www.getyourguide.com/la-fortuna-l1904/natura-eco-park-admission-wildlife-sanctuary-t609739/
Costa Rica;katira-costa-rica-l184505;668134;Rio celeste natural pool in;https://www.getyourguide.com/katira-costa-rica-l184505/rio-celeste-natural-pool-in-the-forest-t668134/
Costa Rica;san-jose-costa-rica-l379;693780;San jose must see sites walking;https://www.getyourguide.com/san-jose-costa-rica-l379/san-jose-must-see-sites-walking-tour-with-a-guide-t693780/
Costa Rica;puntarenas-l32285;752898;Nauyaca waterfall and beach;https://www.getyourguide.com/puntarenas-l32285/nauyaca-waterfall-and-beach-towns-tour-t752898/
Costa Rica;san-jose-costa-rica-l379;780799;La paz waterfall gardens day pass;https://www.getyourguide.com/san-jose-costa-rica-l379/la-paz-waterfall-gardens-day-pass-ticket-t780799/
Costa Rica;cahuita-l149254;805759;Cahuita natural hiking;https://www.getyourguide.com/cahuita-l149254/cahuita-natural-hiking-tour-t805759/
Costa Rica;tamarindo-l995;429973;Tamarindo private;https://www.getyourguide.com/tamarindo-l995/tamarindo-private-transport-to-la-fortuna-de-arenal-t429973/
Costa Rica;uvita-costa-rica-l187790;876951;Marino ballena national park watching whales and dolphins;https://www.getyourguide.com/uvita-costa-rica-l187790/marino-ballena-national-park-watching-whales-and-dolphins-t876951/
Costa Rica;la-fortuna-l1904;492323;Selfguided;https://www.getyourguide.com/la-fortuna-l1904/selfguided-tour-entrance-tickets-ecocentro-danaus-la-fortuna-t492323/
Costa Rica;san-jose-costa-rica-l379;544176;Shuttle from san jose;https://www.getyourguide.com/san-jose-costa-rica-l379/shuttle-from-san-jose-to-la-fortuna-t544176/
Costa Rica;alajuela-l145894;1105941;Walking;https://www.getyourguide.com/alajuela-l145894/walking-tour-in-the-alajuela-t1105941/
Costa Rica;playa-hermosa-l32230;799804;Rainforest hike with suspension bridges and sloth;https://www.getyourguide.com/playa-hermosa-l32230/rainforest-hike-with-suspension-bridges-and-sloth-t799804/
Costa Rica;bijagua-de-upala-l215361;866132;Bijagua de upala rainforest sloths birds and;https://www.getyourguide.com/bijagua-de-upala-l215361/bijagua-de-upala-rainforest-sloths-birds-and-tons-of-fun-t866132/
Costa Rica;san-jose-costa-rica-l379;1230044;Special admission;https://www.getyourguide.com/san-jose-costa-rica-l379/special-admission-to-the-amusement-park-transportation-from-san-jose-t1230044/
Costa Rica;monteverde-l2135;1283964;Guanacaste monteverde cloud forest adventure glass bridge;https://www.getyourguide.com/monteverde-l2135/guanacaste-monteverde-cloud-forest-adventure-glass-bridge-t1283964/
Costa Rica;la-fortuna-l1904;81186;Full day rio celeste from la fortuna;https://www.getyourguide.com/la-fortuna-l1904/full-day-rio-celeste-from-la-fortuna-t81186/
Costa Rica;la-fortuna-l1904;1140950;La fortuna proyecto asis sloth sanctuary;https://www.getyourguide.com/la-fortuna-l1904/la-fortuna-proyecto-asis-sloth-sanctuary-tour-t1140950/
Costa Rica;liberia-costa-rica-l381;429964;Liberia private;https://www.getyourguide.com/liberia-costa-rica-l381/liberia-private-transport-to-la-fortuna-de-arenal-t429964/
Costa Rica;san-jose-costa-rica-l379;567086;Isla;https://www.getyourguide.com/san-jose-costa-rica-l379/isla-tortuga-desde-san-jose-t567086/
Costa Rica;la-fortuna-l1904;81168;Arenal observatory;https://www.getyourguide.com/la-fortuna-l1904/arenal-observatory-tour-t81168/
Costa Rica;quepos-l32284;95874;Mangrove kayaking;https://www.getyourguide.com/quepos-l32284/mangrove-kayaking-tour-t95874/
Costa Rica;bagaces-l160048;793132;Rainforest combo chocolate sloth nature;https://www.getyourguide.com/bagaces-l160048/rainforest-combo-chocolate-sloth-nature-t793132/
Costa Rica;manuel-antonio-l142888;869591;Manuel antonio nighttime walking;https://www.getyourguide.com/manuel-antonio-l142888/manuel-antonio-nighttime-walking-tour-t869591/
Costa Rica;tortuguero-l179461;913468;Tortuguero an evening walk;https://www.getyourguide.com/tortuguero-l179461/tortuguero-an-evening-walk-through-the-tortuguero-rainforest-t913468/
Costa Rica;la-fortuna-l1904;940107;La fortuna natura eco park plus admission and guided;https://www.getyourguide.com/la-fortuna-l1904/la-fortuna-natura-eco-park-plus-admission-and-guided-tour-t940107/
Costa Rica;cahuita-l149254;755712;Cahuita hiking and wildlife watching;https://www.getyourguide.com/cahuita-l149254/cahuita-hiking-and-wildlife-watching-tour-t755712/
Costa Rica;monteverde-l2135;1191233;Monteverde cloud forest horseback ride with guide;https://www.getyourguide.com/monteverde-l2135/monteverde-cloud-forest-horseback-ride-with-guide-t1191233/
Costa Rica;la-fortuna-l1904;1207400;Birdwatching in la fortuna;https://www.getyourguide.com/la-fortuna-l1904/birdwatching-in-la-fortuna-t1207400/
Costa Rica;quebrada-ganado-l220439;908052;Jaco zip line with;https://www.getyourguide.com/quebrada-ganado-l220439/jaco-zip-line-with-tarzan-swing-hanging-bridges-truck-ride-t908052/
Costa Rica;quepos-l32284;268807;Quepos manuel antonio local flavor;https://www.getyourguide.com/quepos-l32284/quepos-manuel-antonio-local-flavor-tour-t268807/
Costa Rica;manuel-antonio-l142888;1152263;Manuel antonio jungle night;https://www.getyourguide.com/manuel-antonio-l142888/manuel-antonio-jungle-night-tour-in-a-private-forest-t1152263/
Costa Rica;la-fortuna-l1904;594515;Sail;https://www.getyourguide.com/la-fortuna-l1904/sail-the-penas-blancas-river-on-a-quiet-river-rafting-safari-t594515/
Costa Rica;cahuita-l149254;1259413;Costa rica;https://www.getyourguide.com/cahuita-l149254/costa-rica-tortuguero-canals-boat-tour-cahuita-park-walk-t1259413/
Costa Rica;tortuguero-l179461;712120;Mesmerizing night walk in;https://www.getyourguide.com/tortuguero-l179461/mesmerizing-night-walk-in-tortuguero-t712120/
Costa Rica;san-jose-de-alajuela-l215889;818344;Transfer sjo airport;https://www.getyourguide.com/san-jose-de-alajuela-l215889/transfer-sjo-airport-to-la-fortuna-arenal-volcano-t818344/
Costa Rica;la-fortuna-l1904;305678;La fortuna sarapiqui river jungle safari float;https://www.getyourguide.com/la-fortuna-l1904/la-fortuna-sarapiqui-river-jungle-safari-float-t305678/
Costa Rica;la-fortuna-l1904;609023;La fortuna kayaking on lake arenal volcano views;https://www.getyourguide.com/la-fortuna-l1904/la-fortuna-kayaking-on-lake-arenal-volcano-views-t609023/
Costa Rica;san-jose-costa-rica-l379;1145354;Taste san jose in;https://www.getyourguide.com/san-jose-costa-rica-l379/taste-san-jose-in-this-curated-tasting-of-costa-rican-flavor-t1145354/
Costa Rica;san-jose-costa-rica-l379;1204741;San jose coffee crawl;https://www.getyourguide.com/san-jose-costa-rica-l379/san-jose-coffee-crawl-t1204741/
Costa Rica;quepos-l32284;784444;Manuel antonio park guided;https://www.getyourguide.com/quepos-l32284/manuel-antonio-park-guided-tour-admission-ticket-included-t784444/
Costa Rica;quebrada-ganado-l220439;862798;Mountain view zipline experience;https://www.getyourguide.com/quebrada-ganado-l220439/mountain-view-zipline-experience-t862798/
Costa Rica;monteverde-l2135;870958;Monteverde birdwatching half day;https://www.getyourguide.com/monteverde-l2135/monteverde-birdwatching-half-day-tour-t870958/
Costa Rica;quepos-l32284;956900;Manuel antonio national park guided;https://www.getyourguide.com/quepos-l32284/manuel-antonio-national-park-guided-tour-t956900/
Costa Rica;quepos-l32284;991617;Manuel antonio national park;https://www.getyourguide.com/quepos-l32284/manuel-antonio-national-park-transport-and-ticket-included-t991617/
Costa Rica;san-jose-costa-rica-l379;418491;San jose;https://www.getyourguide.com/san-jose-costa-rica-l379/san-jose-tortuga-island-tour-with-lunch-hotel-transfer-t418491/
Costa Rica;el-castillo-l178446;1112939;A day of adventure arenal 1968 and springs;https://www.getyourguide.com/el-castillo-l178446/a-day-of-adventure-arenal-1968-and-springs-t1112939/
Costa Rica;la-fortuna-l1904;433180;La fortuna 1 way;https://www.getyourguide.com/la-fortuna-l1904/la-fortuna-1-way-transfer-to-liberia-with-private-option-t433180/
Costa Rica;tortuguero-l179461;1178621;Tortuguero history culture and a nature walk;https://www.getyourguide.com/tortuguero-l179461/tortuguero-history-culture-and-a-nature-walk-to-discover-the-wildlife-t1178621/
Costa Rica;monteverde-l2135;1206398;Monteverde nature lovers wildlife cloud forest;https://www.getyourguide.com/monteverde-l2135/monteverde-nature-lovers-wildlife-cloud-forest-tour-t1206398/
Costa Rica;la-fortuna-l1904;570711;La fortuna safari float on penas blancas river wildlife;https://www.getyourguide.com/la-fortuna-l1904/la-fortuna-safari-float-on-penas-blancas-river-wildlife-tour-t570711/
Costa Rica;tortuguero-l179461;1236269;Tortuguero limon;https://www.getyourguide.com/tortuguero-l179461/tortuguero-limon-turtle-watching-tours-t1236269/
Costa Rica;guapiles-l180439;1253519;From san jose esmeralda perdida waterfall guided hike;https://www.getyourguide.com/guapiles-l180439/from-san-jose-esmeralda-perdida-waterfall-guided-hike-t1253519/
Costa Rica;la-fortuna-l1904;603631;La fortuna rainforest birdwatching;https://www.getyourguide.com/la-fortuna-l1904/la-fortuna-rainforest-birdwatching-tour-t603631/
Costa Rica;uvita-costa-rica-l187790;635617;Marino ballena national park hiking;https://www.getyourguide.com/uvita-costa-rica-l187790/marino-ballena-national-park-hiking-tour-with-tasting-t635617/
Costa Rica;miramar-l191555;250387;Mega mix adventure;https://www.getyourguide.com/miramar-l191555/mega-mix-adventure-tour-t250387/
Costa Rica;la-fortuna-l1904;887256;Fortuna arenal volcano rainforest night;https://www.getyourguide.com/la-fortuna-l1904/fortuna-arenal-volcano-rainforest-night-tour-private-t887256/
Costa Rica;monteverde-l2135;957259;Monteverde cloud forest guided walk;https://www.getyourguide.com/monteverde-l2135/monteverde-cloud-forest-guided-walk-t957259/
Costa Rica;manuel-antonio-l142888;999800;Mangrove;https://www.getyourguide.com/manuel-antonio-l142888/mangrove-tour-on-damas-island-by-kayak-or-boat-t999800/
Costa Rica;san-jose-costa-rica-l379;611418;Uvita surf some of;https://www.getyourguide.com/san-jose-costa-rica-l379/uvita-surf-some-of-the-best-waves-of-costa-rica-8-days-t611418/
Costa Rica;puerto-viejo-de-talamanca-l158223;636776;From puerto viejo cahuita hidden kekoldi waterfall hike;https://www.getyourguide.com/puerto-viejo-de-talamanca-l158223/from-puerto-viejo-cahuita-hidden-kekoldi-waterfall-hike-t636776/
Costa Rica;monteverde-l2135;1221673;Monteverde local experience history culture wildlife;https://www.getyourguide.com/monteverde-l2135/monteverde-local-experience-history-culture-wildlife-tour-t1221673/
Costa Rica;san-jose-costa-rica-l379;826389;Sjo airport private;https://www.getyourguide.com/san-jose-costa-rica-l379/sjo-airport-private-transfer-to-san-jose-city-center-t826389/
Costa Rica;uvita-costa-rica-l187790;890567;Playa uvita cano island snorkeling;https://www.getyourguide.com/uvita-costa-rica-l187790/playa-uvita-cano-island-snorkeling-tour-with-lunch-t890567/
Costa Rica;punta-uva-l220419;892960;Snorkel manzanillo 2 hours with fresh fruit coconuts;https://www.getyourguide.com/punta-uva-l220419/snorkel-manzanillo-2-hours-with-fresh-fruit-coconuts-t892960/
Costa Rica;monteverde-l2135;1061540;Monteverde cloud forest;https://www.getyourguide.com/monteverde-l2135/monteverde-cloud-forest-tour-with-guide-photos-t1061540/
Costa Rica;alajuela-l145894;433151;Alajuela 1 way;https://www.getyourguide.com/alajuela-l145894/alajuela-1-way-transfer-to-la-fortuna-or-arenal-t433151/
Costa Rica;liberia-costa-rica-l381;460083;Transfer riu palace o riu guanacaste;https://www.getyourguide.com/liberia-costa-rica-l381/transfer-riu-palace-o-riu-guanacaste-t460083/
Costa Rica;la-fortuna-l1904;543692;La fortuna shuttle;https://www.getyourguide.com/la-fortuna-l1904/la-fortuna-shuttle-to-san-jose-t543692/
Costa Rica;quepos-l32284;1182710;Manuel antonio beach walking;https://www.getyourguide.com/quepos-l32284/manuel-antonio-beach-walking-tour-t1182710/
Costa Rica;jaco-l667;825933;From jaco all inclusive;https://www.getyourguide.com/jaco-l667/from-jaco-all-inclusive-tortuga-island-tour-t825933/
Costa Rica;bahia-ballena-l194318;849935;Private;https://www.getyourguide.com/bahia-ballena-l194318/private-transfer-fom-san-jose-airport-to-bahia-ballena-t849935/
Costa Rica;uvita-costa-rica-l187790;854328;Uvita snorkeling on isla del cano a unique and unforgettable experience;https://www.getyourguide.com/uvita-costa-rica-l187790/uvita-snorkeling-on-isla-del-cano-a-unique-and-unforgettable-experience-t854328/
Costa Rica;jaco-l667;69907;Jaco beach 5 in 1 rainforest adrenaline adventure;https://www.getyourguide.com/jaco-l667/jaco-beach-5-in-1-rainforest-adrenaline-adventure-t69907/
Costa Rica;la-fortuna-l1904;219528;La fortuna sloth watching;https://www.getyourguide.com/la-fortuna-l1904/la-fortuna-sloth-watching-tour-t219528/
Costa Rica;san-jose-costa-rica-l379;296650;From san jose los suenos full day adventure;https://www.getyourguide.com/san-jose-costa-rica-l379/from-san-jose-los-suenos-full-day-adventure-tour-t296650/
Costa Rica;monteverde-l2135;425815;Monteverde longest and highest extreme zip line experience;https://www.getyourguide.com/monteverde-l2135/monteverde-longest-and-highest-extreme-zip-line-experience-t425815/
Costa Rica;jaco-l667;512202;Jaco 5 in 1 adrenaline;https://www.getyourguide.com/jaco-l667/jaco-5-in-1-adrenaline-treetop-jungle-adventure-t512202/
Costa Rica;bijagua-de-upala-l215361;1147786;Private hike along;https://www.getyourguide.com/bijagua-de-upala-l215361/private-hike-along-the-blue-river-trails-tenorio-volcano-t1147786/
Costa Rica;bijagua-de-upala-l215361;1238091;Guanacaste sloth watching waterfall coffee farm;https://www.getyourguide.com/bijagua-de-upala-l215361/guanacaste-sloth-watching-waterfall-coffee-farm-tour-t1238091/
Costa Rica;monteverde-l2135;669507;Private;https://www.getyourguide.com/monteverde-l2135/private-transport-monteverde-to-manuel-antonio-t669507/
Costa Rica;tortuguero-l179461;692775;Guided kayak;https://www.getyourguide.com/tortuguero-l179461/guided-kayak-tour-in-tortuguero-national-park-exciting-t692775/
Costa Rica;la-fortuna-l1904;819602;Private;https://www.getyourguide.com/la-fortuna-l1904/private-transport-jaco-beach-to-la-fortuna-arenal-volcano-t819602/
Costa Rica;nacascolo-l191125;481943;Atv;https://www.getyourguide.com/nacascolo-l191125/atv-tours-guanacaste-costa-rica-t481943/
Costa Rica;uvita-costa-rica-l187790;521179;Uvita marino ballena national park private guided walk;https://www.getyourguide.com/uvita-costa-rica-l187790/uvita-marino-ballena-national-park-private-guided-walk-tour-t521179/
Costa Rica;jaco-l667;528918;Surfing near los suenos resort and marina jaco costa rica;https://www.getyourguide.com/jaco-l667/surfing-near-los-suenos-resort-and-marina-jaco-costa-rica-t528918/
Costa Rica;monteverde-l2135;705539;Monteverde coffee and chocolate;https://www.getyourguide.com/monteverde-l2135/monteverde-coffee-and-chocolate-tour-with-night-hike-t705539/
Costa Rica;monteverde-l2135;1221744;Monteverde natuwa sanctuary wildlife conservation;https://www.getyourguide.com/monteverde-l2135/monteverde-natuwa-sanctuary-wildlife-conservation-tour-t1221744/
Costa Rica;san-jose-costa-rica-l379;1260975;Cultural night in san jose;https://www.getyourguide.com/san-jose-costa-rica-l379/cultural-night-in-san-jose-theater-local-experience-t1260975/
Costa Rica;malpais-costa-rica-l189020;849764;Private;https://www.getyourguide.com/malpais-costa-rica-l189020/private-trasnfer-from-san-jose-airport-to-mal-pais-t849764/
Costa Rica;tortuguero-l179461;870574;Tortuguero hike;https://www.getyourguide.com/tortuguero-l179461/tortuguero-hike-the-cerro-tortuguero-trail-t870574/
Costa Rica;liberia-costa-rica-l381;946723;Liberia rainforest and waterfalls horseriding;https://www.getyourguide.com/liberia-costa-rica-l381/liberia-rainforest-and-waterfalls-horseriding-tour-t946723/
Costa Rica;el-castillo-l178446;427233;El castillo lake arenal standup paddleboard or kayak rental;https://www.getyourguide.com/el-castillo-l178446/el-castillo-lake-arenal-standup-paddleboard-or-kayak-rental-t427233/
Costa Rica;puerto-jimenez-l32268;1136985;Puerto jimenez corcovado national park 2 days 1 night boat in out;https://www.getyourguide.com/puerto-jimenez-l32268/puerto-jimenez-corcovado-national-park-2-days-1-night-boat-in-out-t1136985/
Costa Rica;san-jose-costa-rica-l379;1140149;San jose;https://www.getyourguide.com/san-jose-costa-rica-l379/san-jose-tastes-of-costa-rica-folk-dance-t1140149/
Costa Rica;uvita-costa-rica-l187790;1252596;Uvita golden sunset horseback riding;https://www.getyourguide.com/uvita-costa-rica-l187790/uvita-golden-sunset-horseback-riding-tour-t1252596/
Costa Rica;liberia-costa-rica-l381;301453;Liberia rincon de la vieja bird watching;https://www.getyourguide.com/liberia-costa-rica-l381/liberia-rincon-de-la-vieja-bird-watching-tour-t301453/
Costa Rica;puntarenas-l32285;1067133;Monteverde night;https://www.getyourguide.com/puntarenas-l32285/monteverde-night-tour-with-night-vision-goggles-t1067133/
Costa Rica;san-jose-costa-rica-l379;1118223;10 recipe boozy cooking workshop in san jose costa rica;https://www.getyourguide.com/san-jose-costa-rica-l379/10-recipe-boozy-cooking-workshop-in-san-jose-costa-rica-t1118223/
Costa Rica;la-fortuna-l1904;791993;La fortuna private yoga class on rainforest river platform;https://www.getyourguide.com/la-fortuna-l1904/la-fortuna-private-yoga-class-on-rainforest-river-platform-t791993/
Costa Rica;tortuguero-l179461;1076287;Tortuguero 2 day national park;https://www.getyourguide.com/tortuguero-l179461/tortuguero-2-day-national-park-tour-with-boat-ride-t1076287/
Costa Rica;uvita-costa-rica-l187790;1137231;Manuel antonio national park experience;https://www.getyourguide.com/uvita-costa-rica-l187790/manuel-antonio-national-park-experience-tour-from-uvita-t1137231/
Costa Rica;bijagua-de-upala-l215361;1145190;Heliconias hanging bridges guided;https://www.getyourguide.com/bijagua-de-upala-l215361/heliconias-hanging-bridges-guided-tour-t1145190/
Costa Rica;la-fortuna-l1904;1237362;La fortuna air;https://www.getyourguide.com/la-fortuna-l1904/la-fortuna-air-time-zipline-sloth-watching-experience-t1237362/
Costa Rica;monteverde-l2135;694357;Natural history walk in;https://www.getyourguide.com/monteverde-l2135/natural-history-walk-in-the-clouds-t694357/
Costa Rica;bijagua-de-upala-l215361;1273898;Rio celeste costa rica full day hike;https://www.getyourguide.com/bijagua-de-upala-l215361/rio-celeste-costa-rica-full-day-hike-tubing-tour-t1273898/
Costa Rica;jaco-l667;733579;Jaco rainforest horseback ride;https://www.getyourguide.com/jaco-l667/jaco-rainforest-horseback-ride-to-el-encanto-waterfall-t733579/
Costa Rica;la-fortuna-l1904;429945;La fortuna van and water;https://www.getyourguide.com/la-fortuna-l1904/la-fortuna-van-and-water-taxi-transfer-to-monteverde-t429945/
Costa Rica;la-fortuna-l1904;463050;Arenal national park adventure with hiking boat ride;https://www.getyourguide.com/la-fortuna-l1904/arenal-national-park-adventure-with-hiking-boat-ride-t463050/
Costa Rica;tortuguero-l179461;711054;Relaxing canoe;https://www.getyourguide.com/tortuguero-l179461/relaxing-canoe-tour-in-tortuguero-t711054/
Costa Rica;samara-l179139;806740;Samara guided cooking class with local chef;https://www.getyourguide.com/samara-l179139/samara-guided-cooking-class-with-local-chef-t806740/
Costa Rica;tortuguero-l179461;1293903;Tortuguero;https://www.getyourguide.com/tortuguero-l179461/tortuguero-turtle-tour-leatherback-may-green-turtle-season-t1293903/
Costa Rica;cahuita-l149254;964912;Puerto limon surf lessons with local legends in moin beach;https://www.getyourguide.com/cahuita-l149254/puerto-limon-surf-lessons-with-local-legends-in-moin-beach-t964912/
Costa Rica;san-jose-costa-rica-l379;305758;La fortuna sarapiqui rafting;https://www.getyourguide.com/san-jose-costa-rica-l379/la-fortuna-sarapiqui-rafting-to-san-jose-t305758/
Costa Rica;la-fortuna-l1904;1041928;La fortuna farmer for a day experience;https://www.getyourguide.com/la-fortuna-l1904/la-fortuna-farmer-for-a-day-experience-t1041928/
Costa Rica;la-fortuna-l1904;413214;Rafting costa rica small group class iii on balsa river;https://www.getyourguide.com/la-fortuna-l1904/rafting-costa-rica-small-group-class-iii-on-balsa-river-t413214/
Costa Rica;la-fortuna-l1904;430148;La fortuna de arenal private;https://www.getyourguide.com/la-fortuna-l1904/la-fortuna-de-arenal-private-transport-to-manuel-antonio-t430148/
Costa Rica;tamarindo-l995;1119208;Turtle nestinghatching on a secluded beach near;https://www.getyourguide.com/tamarindo-l995/turtle-nestinghatching-on-a-secluded-beach-near-tamarindo-t1119208/
Costa Rica;jaco-l667;546553;Guided snorkeling;https://www.getyourguide.com/jaco-l667/guided-snorkeling-tour-near-jaco-beach-white-sand-beach-t546553/
Costa Rica;tortuguero-l179461;593646;Tortuguero canoe;https://www.getyourguide.com/tortuguero-l179461/tortuguero-canoe-tour-night-walk-and-tour-on-the-hill-t593646/
Costa Rica;uvita-costa-rica-l187790;658984;Uvita snorkeling at cano island;https://www.getyourguide.com/uvita-costa-rica-l187790/uvita-snorkeling-at-cano-island-t658984/
Costa Rica;la-fortuna-l1904;714904;La fortuna rio celeste sloths coffee chocolate;https://www.getyourguide.com/la-fortuna-l1904/la-fortuna-rio-celeste-sloths-coffee-chocolate-tour-t714904/
Costa Rica;manuel-antonio-l142888;1269050;Manuel antonio national park;https://www.getyourguide.com/manuel-antonio-l142888/manuel-antonio-national-park-tour-with-local-guide-t1269050/
Costa Rica;santa-cruz-costa-rica-l184589;792282;4x4 all;https://www.getyourguide.com/santa-cruz-costa-rica-l184589/4x4-all-terrain-vehicles-and-off-road-vehicles-for-2-hours-on-beaches-trails-etc-t792282/
Costa Rica;san-jose-costa-rica-l379;875952;Private;https://www.getyourguide.com/san-jose-costa-rica-l379/private-transfer-from-sjo-airport-to-la-fortuna-or-hotels-t875952/
Costa Rica;jaco-l667;309878;Costa rica 2 hour chocolate experience and plantation;https://www.getyourguide.com/jaco-l667/costa-rica-2-hour-chocolate-experience-and-plantation-tour-t309878/
Costa Rica;la-fortuna-l1904;986525;La fortuna hanging bridges and zip line;https://www.getyourguide.com/la-fortuna-l1904/la-fortuna-hanging-bridges-and-zip-line-tour-with-lunch-t986525/
Costa Rica;san-jose-costa-rica-l379;1022441;San jose 2 days of rural adventure horseback riding and artisanal cheese;https://www.getyourguide.com/san-jose-costa-rica-l379/san-jose-2-days-of-rural-adventure-horseback-riding-and-artisanal-cheese-tasting-t1022441/
Costa Rica;manuel-antonio-l142888;588605;Manuel antonio birdwatching exclusive;https://www.getyourguide.com/manuel-antonio-l142888/manuel-antonio-birdwatching-exclusive-tour-t588605/
Costa Rica;liberia-costa-rica-l381;1248188;Liberia city cultural sightseeing;https://www.getyourguide.com/liberia-costa-rica-l381/liberia-city-cultural-sightseeing-tour-shopping-t1248188/
Costa Rica;liberia-costa-rica-l381;820636;Liberia mega combo;https://www.getyourguide.com/liberia-costa-rica-l381/liberia-mega-combo-tour-with-horseback-riding-t820636/
Costa Rica;puerto-viejo-de-talamanca-l158223;872820;Puerto viejo;https://www.getyourguide.com/puerto-viejo-de-talamanca-l158223/puerto-viejo-talamanca-quad-tour-with-2-waterfalls-t872820/
Costa Rica;santa-cruz-costa-rica-l184589;1323972;Conchal beach atv;https://www.getyourguide.com/santa-cruz-costa-rica-l184589/conchal-beach-atv-tour-private-adventure-t1323972/
Costa Rica;san-jose-costa-rica-l379;42299;San jose market delights and city sights with a local;https://www.getyourguide.com/san-jose-costa-rica-l379/san-jose-market-delights-and-city-sights-with-a-local-t42299/
Costa Rica;la-fortuna-l1904;952103;La fortuna sloths coffee chocolate and sugarcane;https://www.getyourguide.com/la-fortuna-l1904/la-fortuna-sloths-coffee-chocolate-and-sugarcane-tour-t952103/
Costa Rica;siquirres-l239618;1018556;San jose caribe arenal pacuare hiking and rafting 2 day;https://www.getyourguide.com/siquirres-l239618/san-jose-caribe-arenal-pacuare-hiking-and-rafting-2-day-trip-t1018556/
Costa Rica;san-jose-costa-rica-l379;1048011;San jose juan santamaria intl airport bac credomatic access;https://www.getyourguide.com/san-jose-costa-rica-l379/san-jose-juan-santamaria-intl-airport-bac-credomatic-access-t1048011/
Costa Rica;la-fortuna-l1904;430107;From la fortuna arenal sarapiqui river rafting day;https://www.getyourguide.com/la-fortuna-l1904/from-la-fortuna-arenal-sarapiqui-river-rafting-day-trip-t430107/
Costa Rica;el-castillo-l178446;495268;Arenal sky adventure;https://www.getyourguide.com/el-castillo-l178446/arenal-sky-adventure-tour-from-guanacaste-t495268/
Costa Rica;tortuguero-l179461;1298646;Tortuguero guapote rainbow bass fishing experience;https://www.getyourguide.com/tortuguero-l179461/tortuguero-guapote-rainbow-bass-fishing-experience-t1298646/
Costa Rica;katira-costa-rica-l184505;1310738;Rio celeste zipline and;https://www.getyourguide.com/katira-costa-rica-l184505/rio-celeste-zipline-and-tubing-adventure-t1310738/
Costa Rica;liberia-costa-rica-l381;291395;Liberia private bird watching;https://www.getyourguide.com/liberia-costa-rica-l381/liberia-private-bird-watching-tour-t291395/
Costa Rica;la-fortuna-l1904;391167;La fortuna ecocentro danaus ecoreserve official guided;https://www.getyourguide.com/la-fortuna-l1904/la-fortuna-ecocentro-danaus-ecoreserve-official-guided-tour-t391167/
Costa Rica;quepos-l32284;1026350;Nauyaca waterfall hike;https://www.getyourguide.com/quepos-l32284/nauyaca-waterfall-hike-tractor-ride-and-swim-with-lunch-t1026350/
Costa Rica;la-fortuna-l1904;1037043;La fortuna reforestation hike and;https://www.getyourguide.com/la-fortuna-l1904/la-fortuna-reforestation-hike-and-tree-planting-tour-t1037043/
Costa Rica;la-fortuna-l1904;604887;La fortuna hanging bridges guided;https://www.getyourguide.com/la-fortuna-l1904/la-fortuna-hanging-bridges-guided-tour-at-mistico-park-t604887/
Costa Rica;la-fortuna-l1904;670221;San carlos;https://www.getyourguide.com/la-fortuna-l1904/san-carlos-the-art-of-chocolate-making-tour-at-don-olivo-t670221/
Costa Rica;monteverde-l2135;684017;Bird watching;https://www.getyourguide.com/monteverde-l2135/bird-watching-tour-t684017/
Costa Rica;bagaces-l160048;748379;Miravailles volcano chasing waterfalls volcanic activity;https://www.getyourguide.com/bagaces-l160048/miravailles-volcano-chasing-waterfalls-volcanic-activity-t748379/
Costa Rica;santa-cruz-costa-rica-l184589;839908;Private;https://www.getyourguide.com/santa-cruz-costa-rica-l184589/private-tour-diria-national-park-unspoken-hiking-and-nature-t839908/
Costa Rica;dominical-l216058;855826;Uvita marino ballena national park private hike wildlife;https://www.getyourguide.com/dominical-l216058/uvita-marino-ballena-national-park-private-hike-wildlife-t855826/
Costa Rica;liberia-costa-rica-l381;943491;Rincon de la vieja explore;https://www.getyourguide.com/liberia-costa-rica-l381/rincon-de-la-vieja-explore-the-rainforest-hanging-bridges-t943491/
Costa Rica;la-fortuna-l1904;950224;La fortuna night walk at anura ecological park small group;https://www.getyourguide.com/la-fortuna-l1904/la-fortuna-night-walk-at-anura-ecological-park-small-group-t950224/
Costa Rica;tortuguero-l179461;1033025;Tortuguero national park kayak;https://www.getyourguide.com/tortuguero-l179461/tortuguero-national-park-kayak-tour-with-guide-t1033025/
Costa Rica;manuel-antonio-l142888;513036;From manuel antonio horseback riding;https://www.getyourguide.com/manuel-antonio-l142888/from-manuel-antonio-horseback-riding-t513036/
Costa Rica;jaco-l667;1119869;Jaco jungle booze cruise;https://www.getyourguide.com/jaco-l667/jaco-jungle-booze-cruise-t1119869/
Costa Rica;quepos-l32284;535970;Manuel antonio park nature guided;https://www.getyourguide.com/quepos-l32284/manuel-antonio-park-nature-guided-tour-t535970/
Costa Rica;cahuita-l149254;630939;Cahuita national park snorkel;https://www.getyourguide.com/cahuita-l149254/cahuita-national-park-snorkel-t630939/
Costa Rica;monteverde-l2135;705587;Monteverde costa rica shared night;https://www.getyourguide.com/monteverde-l2135/monteverde-costa-rica-shared-night-tour-t705587/
Costa Rica;la-fortuna-l1904;753591;San jose one way shared;https://www.getyourguide.com/la-fortuna-l1904/san-jose-one-way-shared-transfer-to-la-fortuna-t753591/
Costa Rica;la-fortuna-l1904;807967;La fortuna waterfall rappelling and river fun with lunch;https://www.getyourguide.com/la-fortuna-l1904/la-fortuna-waterfall-rappelling-and-river-fun-with-lunch-t807967/
Costa Rica;jaco-l667;857891;Jaco snorkeling;https://www.getyourguide.com/jaco-l667/jaco-snorkeling-tour-with-white-sand-beach-visit-t857891/
Costa Rica;monteverde-l2135;872537;Monteverde hanging bridges in;https://www.getyourguide.com/monteverde-l2135/monteverde-hanging-bridges-in-the-cloud-forest-guided-tour-t872537/
Costa Rica;la-fortuna-l1904;938082;La fortuna costa rica night walk;https://www.getyourguide.com/la-fortuna-l1904/la-fortuna-costa-rica-night-walk-tour-t938082/
Costa Rica;la-fortuna-l1904;939351;Costa rica natura park night walk experience;https://www.getyourguide.com/la-fortuna-l1904/costa-rica-natura-park-night-walk-experience-t939351/
Costa Rica;la-fortuna-l1904;216882;La fortuna upper balsa class iii and iv rapids experience;https://www.getyourguide.com/la-fortuna-l1904/la-fortuna-upper-balsa-class-iii-and-iv-rapids-experience-t216882/
Costa Rica;san-jose-costa-rica-l379;383066;San jose arenal hanging bridges baldi hot springs;https://www.getyourguide.com/san-jose-costa-rica-l379/san-jose-arenal-hanging-bridges-baldi-hot-springs-tour-t383066/
Costa Rica;la-fortuna-l1904;430015;La fortuna de arenal private;https://www.getyourguide.com/la-fortuna-l1904/la-fortuna-de-arenal-private-transport-to-tamarindo-t430015/
Costa Rica;playa-herradura-l168725;457112;Jaco beach los suenos chocolate;https://www.getyourguide.com/playa-herradura-l168725/jaco-beach-los-suenos-chocolate-tour-and-zip-lining-t457112/
Costa Rica;santa-teresa-costa-rica-l2458;1111332;Santa;https://www.getyourguide.com/santa-teresa-costa-rica-l2458/santa-teresa-atv-explore-santa-teresa-wonders-t1111332/
Costa Rica;tilaran-costa-rica-l215003;1229293;Among clouds and wildlife bridges sloths and butterflies in selvatura;https://www.getyourguide.com/tilaran-costa-rica-l215003/among-clouds-and-wildlife-bridges-sloths-and-butterflies-in-selvatura-t1229293/
Costa Rica;manuel-antonio-l142888;1238313;Manuel antonio national park mangrove boat;https://www.getyourguide.com/manuel-antonio-l142888/manuel-antonio-national-park-mangrove-boat-tour-t1238313/
Costa Rica;manuel-antonio-l142888;657355;Manuel antonio hanging bridges and waterfall;https://www.getyourguide.com/manuel-antonio-l142888/manuel-antonio-hanging-bridges-and-waterfall-tour-t657355/
Costa Rica;puerto-jimenez-l32268;823473;Puerto jimenez historic walking;https://www.getyourguide.com/puerto-jimenez-l32268/puerto-jimenez-historic-walking-tour-t823473/
Costa Rica;la-fortuna-l1904;11580;Costa rica rio balsa half day rafting adventure;https://www.getyourguide.com/la-fortuna-l1904/costa-rica-rio-balsa-half-day-rafting-adventure-t11580/
Costa Rica;la-fortuna-l1904;90639;La fortuna half day arenal volcano hike;https://www.getyourguide.com/la-fortuna-l1904/la-fortuna-half-day-arenal-volcano-hike-t90639/
Costa Rica;la-fortuna-l1904;453829;Ziplining horseback ride in la fortuna;https://www.getyourguide.com/la-fortuna-l1904/ziplining-horseback-ride-in-la-fortuna-t453829/
Costa Rica;sarchi-l146333;502908;Sky blue adventure full day waterfalls;https://www.getyourguide.com/sarchi-l146333/sky-blue-adventure-full-day-waterfalls-tour-t502908/
Costa Rica;nosara-l184507;1186635;Nosara ranch horseback riding experience;https://www.getyourguide.com/nosara-l184507/nosara-ranch-horseback-riding-experience-t1186635/
Costa Rica;la-fortuna-l1904;1270022;La fortuna canyoning hanging bridges;https://www.getyourguide.com/la-fortuna-l1904/la-fortuna-canyoning-hanging-bridges-t1270022/
Costa Rica;bijagua-de-upala-l215361;805000;Costa rica private 1 hour sloth;https://www.getyourguide.com/bijagua-de-upala-l215361/costa-rica-private-1-hour-sloth-tour-in-rainforest-t805000/
Costa Rica;tambor-costa-rica-l188979;956927;From;https://www.getyourguide.com/tambor-costa-rica-l188979/from-tambor-atv-and-zipline-tour-with-waterfall-swim-t956927/
Costa Rica;la-fortuna-l1904;959615;La fortuna mistico hanging bridges lunch and waterfall;https://www.getyourguide.com/la-fortuna-l1904/la-fortuna-mistico-hanging-bridges-lunch-and-waterfall-t959615/
Costa Rica;san-jose-costa-rica-l379;431977;San jose doka grecia sarchi oxcart factories and stores;https://www.getyourguide.com/san-jose-costa-rica-l379/san-jose-doka-grecia-sarchi-oxcart-factories-and-stores-t431977/
Costa Rica;monteverde-l2135;1036164;Monteverde private guided afternoon nature walk;https://www.getyourguide.com/monteverde-l2135/monteverde-private-guided-afternoon-nature-walk-t1036164/
Costa Rica;bijagua-de-upala-l215361;1141186;Bijagua cacao pineapple farm;https://www.getyourguide.com/bijagua-de-upala-l215361/bijagua-cacao-pineapple-farm-tour-with-tastings-t1141186/
Costa Rica;tortuguero-l179461;1177210;Tortuguero;https://www.getyourguide.com/tortuguero-l179461/tortuguero-turtle-night-a-quiet-scientific-immersion-experience-t1177210/
Costa Rica;cahuita-l149254;1249300;Cahuita caribbean cooking class you ll;https://www.getyourguide.com/cahuita-l149254/cahuita-caribbean-cooking-class-you-ll-talk-about-for-years-t1249300/
Costa Rica;puerto-viejo-de-talamanca-l158223;1277587;Bribri immersive day in a matriarchal indigenous community;https://www.getyourguide.com/puerto-viejo-de-talamanca-l158223/bribri-immersive-day-in-a-matriarchal-indigenous-community-t1277587/
Costa Rica;uvita-costa-rica-l187790;863931;Uvita corcovado national park day;https://www.getyourguide.com/uvita-costa-rica-l187790/uvita-corcovado-national-park-day-trip-with-boat-ride-t863931/
Costa Rica;la-fortuna-l1904;10862;Lake arenal stand up paddleboarding sup lesson;https://www.getyourguide.com/la-fortuna-l1904/lake-arenal-stand-up-paddleboarding-sup-lesson-tour-t10862/
Costa Rica;la-fortuna-l1904;1046659;La fortuna horseback ride;https://www.getyourguide.com/la-fortuna-l1904/la-fortuna-horseback-ride-to-la-fortuna-waterfall-t1046659/
Costa Rica;monteverde-l2135;1178632;Monteverde guided night hike;https://www.getyourguide.com/monteverde-l2135/monteverde-guided-night-hike-t1178632/
Costa Rica;la-fortuna-l1904;602042;La fortuna night walk in a high biodiversity rainforest;https://www.getyourguide.com/la-fortuna-l1904/la-fortuna-night-walk-in-a-high-biodiversity-rainforest-t602042/
Costa Rica;liberia-costa-rica-l381;1282528;Liberia guided;https://www.getyourguide.com/liberia-costa-rica-l381/liberia-guided-tour-of-the-rio-celeste-turquoise-waterfall-and-rainforest-t1282528/
Costa Rica;liberia-costa-rica-l381;505114;Rio celeste waterfall rain forest hike sloth observation;https://www.getyourguide.com/liberia-costa-rica-l381/rio-celeste-waterfall-rain-forest-hike-sloth-observation-t505114/
Costa Rica;tamarindo-l995;1197540;Tamarindo catamaran;https://www.getyourguide.com/tamarindo-l995/tamarindo-catamaran-tour-sunset-cruise-open-barsnorkel-t1197540/
Costa Rica;san-jose-costa-rica-l379;712402;San jose arenal volcano and baldi hot springs day;https://www.getyourguide.com/san-jose-costa-rica-l379/san-jose-arenal-volcano-and-baldi-hot-springs-day-trip-t712402/
Costa Rica;jaco-l667;1244907;From jaco crocodile mangrove boat;https://www.getyourguide.com/jaco-l667/from-jaco-crocodile-mangrove-boat-tour-with-beach-visit-t1244907/
Costa Rica;tortuguero-l179461;1253637;From sanjose 3 day;https://www.getyourguide.com/tortuguero-l179461/from-sanjose-3-day-tortuguero-national-park-tour-with-meals-t1253637/
Costa Rica;manuel-antonio-l142888;794743;Manuel antonio national park guided;https://www.getyourguide.com/manuel-antonio-l142888/manuel-antonio-national-park-guided-tour-with-entrance-fee-included-t794743/
Costa Rica;tortuguero-l179461;848132;Tortuguero discover hidden nightlife of;https://www.getyourguide.com/tortuguero-l179461/tortuguero-discover-hidden-nightlife-of-the-rainforest-t848132/
Costa Rica;san-jose-costa-rica-l379;270972;San jose walking nature;https://www.getyourguide.com/san-jose-costa-rica-l379/san-jose-walking-nature-tour-with-sloths-birds-and-trees-t270972/
Costa Rica;manuel-antonio-l142888;407227;From manuel antonio nauyaca waterfalls;https://www.getyourguide.com/manuel-antonio-l142888/from-manuel-antonio-nauyaca-waterfalls-tour-with-lunch-t407227/
Costa Rica;san-jose-costa-rica-l379;432769;From san jose manuel antonio national park day;https://www.getyourguide.com/san-jose-costa-rica-l379/from-san-jose-manuel-antonio-national-park-day-trip-lunch-t432769/
Costa Rica;san-jose-costa-rica-l379;1212821;San jose birdwatching nature and cultural experience;https://www.getyourguide.com/san-jose-costa-rica-l379/san-jose-birdwatching-nature-and-cultural-experience-t1212821/
Costa Rica;puerto-viejo-de-talamanca-l158223;616108;Watsi cholate and waterfall with your own car;https://www.getyourguide.com/puerto-viejo-de-talamanca-l158223/watsi-cholate-and-waterfall-with-your-own-car-t616108/
Costa Rica;la-fortuna-l1904;1253733;5 day pura vida adventure volcano and jungle in costa rica;https://www.getyourguide.com/la-fortuna-l1904/5-day-pura-vida-adventure-volcano-and-jungle-in-costa-rica-t1253733/
Costa Rica;liberia-costa-rica-l381;659101;La leona waterfall private;https://www.getyourguide.com/liberia-costa-rica-l381/la-leona-waterfall-private-tour-in-rincon-de-la-vieja-t659101/
Costa Rica;san-jose-costa-rica-l379;1271681;San jose villa colon caves night;https://www.getyourguide.com/san-jose-costa-rica-l379/san-jose-villa-colon-caves-night-tour-with-transfers-t1271681/
Costa Rica;quepos-l32284;726841;Savegre river rafting and waterfall adventure;https://www.getyourguide.com/quepos-l32284/savegre-river-rafting-and-waterfall-adventure-t726841/
Costa Rica;cahuita-l149254;874016;Cahuita national parkbribri chocolate;https://www.getyourguide.com/cahuita-l149254/cahuita-national-parkbribri-chocolate-tourwaterfalls-tourlunch-t874016/
Costa Rica;la-fortuna-l1904;449475;La fortuna adventure day in go adventure park;https://www.getyourguide.com/la-fortuna-l1904/la-fortuna-adventure-day-in-go-adventure-park-t449475/
Costa Rica;liberia-costa-rica-l381;537328;Liberia sloths rainforest waterfall nature wildlife;https://www.getyourguide.com/liberia-costa-rica-l381/liberia-sloths-rainforest-waterfall-nature-wildlife-t537328/
Costa Rica;tamarindo-l995;706882;Tamarindo private atv or buggy beach adventure;https://www.getyourguide.com/tamarindo-l995/tamarindo-private-atv-or-buggy-beach-adventure-t706882/
Costa Rica;uvita-costa-rica-l187790;1230223;Uvita boat;https://www.getyourguide.com/uvita-costa-rica-l187790/uvita-boat-tour-through-the-mangrove-ecosystem-t1230223/
Costa Rica;la-fortuna-l1904;792038;La fortuna jungle yoga with waterfall;https://www.getyourguide.com/la-fortuna-l1904/la-fortuna-jungle-yoga-with-waterfall-trails-lunch-t792038/
Costa Rica;jaco-l667;832998;Jaco 10 hidden waterfalls hike with local food experience;https://www.getyourguide.com/jaco-l667/jaco-10-hidden-waterfalls-hike-with-local-food-experience-t832998/
Costa Rica;la-fortuna-l1904;1291991;From san jose la fortuna sloths hot springs;https://www.getyourguide.com/la-fortuna-l1904/from-san-jose-la-fortuna-sloths-hot-springs-tour-t1291991/
Costa Rica;cahuita-l149254;858763;From manzanillo cahuita snorkel and rainforest hike;https://www.getyourguide.com/cahuita-l149254/from-manzanillo-cahuita-snorkel-and-rainforest-hike-t858763/
Costa Rica;san-jose-costa-rica-l379;923126;Cerro chirripo;https://www.getyourguide.com/san-jose-costa-rica-l379/cerro-chirripo-tour-costa-rica-ascent-to-the-land-of-eternal-waters-t923126/
Costa Rica;la-fortuna-l1904;1103957;La fortuna canopy lunch;https://www.getyourguide.com/la-fortuna-l1904/la-fortuna-canopy-lunch-tubing-and-hot-springs-t1103957/
Costa Rica;tamarindo-l995;453765;Tamarindo sea scooter snorkeling;https://www.getyourguide.com/tamarindo-l995/tamarindo-sea-scooter-snorkeling-tour-t453765/
Costa Rica;la-fortuna-l1904;508228;Canyoning adventure rappelling waterfalls in arenal volcano;https://www.getyourguide.com/la-fortuna-l1904/canyoning-adventure-rappelling-waterfalls-in-arenal-volcano-t508228/
Costa Rica;la-fortuna-l1904;1286171;Family night walk;https://www.getyourguide.com/la-fortuna-l1904/family-night-walk-to-see-sloths-la-fortuna-t1286171/
Costa Rica;quepos-l32284;815366;Nauyaca waterfalls full day waterfalls;https://www.getyourguide.com/quepos-l32284/nauyaca-waterfalls-full-day-waterfalls-tours-t815366/
Costa Rica;cahuita-l149254;863002;Cahuita national park snorkeling and hiking certified local guide;https://www.getyourguide.com/cahuita-l149254/cahuita-national-park-snorkeling-and-hiking-certified-local-guide-t863002/
Costa Rica;uvita-costa-rica-l187790;992970;Uvita sierpe mangrove boat;https://www.getyourguide.com/uvita-costa-rica-l187790/uvita-sierpe-mangrove-boat-tour-t992970/
Costa Rica;liberia-costa-rica-l381;529127;Liberia la leona waterfall hiking;https://www.getyourguide.com/liberia-costa-rica-l381/liberia-la-leona-waterfall-hiking-tour-t529127/
Costa Rica;la-fortuna-l1904;1267395;La fortuna puma;https://www.getyourguide.com/la-fortuna-l1904/la-fortuna-puma-trek-exclusive-night-hike-t1267395/
Costa Rica;tortuguero-l179461;817719;Tortuguero hike;https://www.getyourguide.com/tortuguero-l179461/tortuguero-hike-tour-on-an-inactive-volcano-t817719/
Costa Rica;la-fortuna-l1904;841776;Private;https://www.getyourguide.com/la-fortuna-l1904/private-transfer-fron-san-jose-airport-to-arenal-volcano-t841776/
Costa Rica;uvita-costa-rica-l187790;854251;Uvita whale watching in;https://www.getyourguide.com/uvita-costa-rica-l187790/uvita-whale-watching-in-the-ballena-national-marine-park-t854251/
Costa Rica;cartago-l135017;878143;Cartago an unique selections of cartago wonders;https://www.getyourguide.com/cartago-l135017/cartago-an-unique-selections-of-cartago-wonders-t878143/
Costa Rica;la-fortuna-l1904;935588;La fortuna ecotermales rainforest hot spring day pass;https://www.getyourguide.com/la-fortuna-l1904/la-fortuna-ecotermales-rainforest-hot-spring-day-pass-t935588/
Costa Rica;parrita-l206051;1005745;Quepos rainmaker park guided;https://www.getyourguide.com/parrita-l206051/quepos-rainmaker-park-guided-tour-with-transfers-t1005745/
Costa Rica;la-fortuna-l1904;433152;From la fortuna or arenal 1 way;https://www.getyourguide.com/la-fortuna-l1904/from-la-fortuna-or-arenal-1-way-transfer-to-alajuela-t433152/
Costa Rica;puntarenas-l32285;533506;Overnight sirena y san pedrillo corcovado national park;https://www.getyourguide.com/puntarenas-l32285/overnight-sirena-y-san-pedrillo-corcovado-national-park-t533506/
Costa Rica;san-jose-costa-rica-l379;1267552;San jose guided walking;https://www.getyourguide.com/san-jose-costa-rica-l379/san-jose-guided-walking-tour-of-historic-landmarks-t1267552/
Costa Rica;tamarindo-l995;810435;Playa conchal horseback riding sunset private;https://www.getyourguide.com/tamarindo-l995/playa-conchal-horseback-riding-sunset-private-tour-for-all-t810435/
Costa Rica;la-fortuna-l1904;811865;La fortuna canyoning in waterfalls and zipline cable;https://www.getyourguide.com/la-fortuna-l1904/la-fortuna-canyoning-in-waterfalls-and-zipline-cable-t811865/
Costa Rica;samara-l179139;845539;Private;https://www.getyourguide.com/samara-l179139/private-transfer-from-san-jose-airport-to-samara-t845539/
Costa Rica;quepos-l32284;166869;Manuel antonio quepos zip lining;https://www.getyourguide.com/quepos-l32284/manuel-antonio-quepos-zip-lining-tour-with-lunch-t166869/
Costa Rica;monteverde-l2135;869345;Monteverde cloud forest guided nature;https://www.getyourguide.com/monteverde-l2135/monteverde-cloud-forest-guided-nature-tour-t869345/
Costa Rica;puerto-viejo-de-talamanca-l158223;881377;Puerto viejo canoe adventure caribbean family experience;https://www.getyourguide.com/puerto-viejo-de-talamanca-l158223/puerto-viejo-canoe-adventure-caribbean-family-experience-t881377/
Costa Rica;tortuguero-l179461;985504;Tortuguero canoe;https://www.getyourguide.com/tortuguero-l179461/tortuguero-canoe-tour-day-hike-and-tortuguero-turtle-tour-t985504/
Costa Rica;la-fortuna-l1904;449273;La fortuna lake arenal kayaking;https://www.getyourguide.com/la-fortuna-l1904/la-fortuna-lake-arenal-kayaking-trip-t449273/
Costa Rica;la-fortuna-l1904;1058305;La fortuna medicinal plants ancestral wisdom garden;https://www.getyourguide.com/la-fortuna-l1904/la-fortuna-medicinal-plants-ancestral-wisdom-garden-tour-t1058305/
Costa Rica;san-jose-costa-rica-l379;513362;From san jose poas volcano cafe doka and la paz waterfalls;https://www.getyourguide.com/san-jose-costa-rica-l379/from-san-jose-poas-volcano-cafe-doka-and-la-paz-waterfalls-t513362/
Costa Rica;la-fortuna-l1904;588412;La fortuna wellness park night;https://www.getyourguide.com/la-fortuna-l1904/la-fortuna-wellness-park-night-tour-with-entry-ticket-t588412/
Costa Rica;san-jose-costa-rica-l379;1136951;San jose folklore show and buffet dinner;https://www.getyourguide.com/san-jose-costa-rica-l379/san-jose-folklore-show-and-buffet-dinner-t1136951/
Costa Rica;punta-uva-l220419;868394;Caribbean experience punta uva;https://www.getyourguide.com/punta-uva-l220419/caribbean-experience-punta-uva-t868394/
Costa Rica;liberia-costa-rica-l381;870764;Curubande simbiosis spa cryo synergy facial;https://www.getyourguide.com/liberia-costa-rica-l381/curubande-simbiosis-spa-cryo-synergy-facial-treatment-t870764/
Costa Rica;la-fortuna-l1904;232472;Costa rica;https://www.getyourguide.com/la-fortuna-l1904/costa-rica-tour-la-fortuna-waterfall-and-volcano-hike-t232472/
Costa Rica;la-fortuna-l1904;1155998;Costa rica birdwatching;https://www.getyourguide.com/la-fortuna-l1904/costa-rica-birdwatching-tour-with-guide-and-equipment-t1155998/
Costa Rica;cahuita-l149254;1166500;Cahuita epic hike in;https://www.getyourguide.com/cahuita-l149254/cahuita-epic-hike-in-the-national-park-and-waterfalls-in-talamanca-t1166500/
Costa Rica;tamarindo-l995;1215354;Las baulas estuary;https://www.getyourguide.com/tamarindo-l995/las-baulas-estuary-tour-into-costa-rica-s-coastal-wild-t1215354/
Costa Rica;la-fortuna-l1904;1267387;La fortuna sunset sloths and flat rainforest night walk;https://www.getyourguide.com/la-fortuna-l1904/la-fortuna-sunset-sloths-and-flat-rainforest-night-walk-t1267387/
Costa Rica;jaco-l667;639091;Jaco beach learn;https://www.getyourguide.com/jaco-l667/jaco-beach-learn-to-surf-in-costa-rica-surf-for-families-t639091/
Costa Rica;la-fortuna-l1904;294865;La fortuna arenal observatory bird watching experience;https://www.getyourguide.com/la-fortuna-l1904/la-fortuna-arenal-observatory-bird-watching-experience-t294865/
Costa Rica;la-fortuna-l1904;834723;La fortuna canopy;https://www.getyourguide.com/la-fortuna-l1904/la-fortuna-canopy-tour-tarzan-swing-t834723/
Costa Rica;bahia-ballena-l194318;855778;Uvita guided naturalist hike at ballena national park;https://www.getyourguide.com/bahia-ballena-l194318/uvita-guided-naturalist-hike-at-ballena-national-park-t855778/
Costa Rica;tamarindo-l995;443669;Private sailing catamaran;https://www.getyourguide.com/tamarindo-l995/private-sailing-catamaran-tour-tamarindo-t443669/
Costa Rica;san-jose-costa-rica-l379;1056590;Carara national park beach relax;https://www.getyourguide.com/san-jose-costa-rica-l379/carara-national-park-beach-relax-tour-from-san-jose-all-included-t1056590/
Costa Rica;puerto-jimenez-l32268;1164031;Puerto jimenez la leona overnight with a stop in corcovado;https://www.getyourguide.com/puerto-jimenez-l32268/puerto-jimenez-la-leona-overnight-with-a-stop-in-corcovado-t1164031/
Costa Rica;cahuita-l149254;1175986;Cahuita national park epic guided hike in a small group max 10;https://www.getyourguide.com/cahuita-l149254/cahuita-national-park-epic-guided-hike-in-a-small-group-max-10-t1175986/
Costa Rica;roxana-costa-rica-l215393;1188911;Tortuguero walking;https://www.getyourguide.com/roxana-costa-rica-l215393/tortuguero-walking-tour-jungle-canals-caimans-turtles-t1188911/
Costa Rica;manuel-antonio-l142888;851457;Manuel antonio scarlet macaw;https://www.getyourguide.com/manuel-antonio-l142888/manuel-antonio-scarlet-macaw-tour-with-professional-photos-t851457/
Costa Rica;quepos-l32284;884258;Manuel antonio;https://www.getyourguide.com/quepos-l32284/manuel-antonio-the-adrenaline-of-the-savegre-rapids-t884258/
Costa Rica;monteverde-l2135;888679;Monteverde cloud forest preserve;https://www.getyourguide.com/monteverde-l2135/monteverde-cloud-forest-preserve-tours-t888679/
Costa Rica;monteverde-l2135;184610;Monteverde finca el paraiso cheese farm;https://www.getyourguide.com/monteverde-l2135/monteverde-finca-el-paraiso-cheese-farm-tour-t184610/
Costa Rica;san-jose-costa-rica-l379;383065;San jose sarapiqui river la paz gardens;https://www.getyourguide.com/san-jose-costa-rica-l379/san-jose-sarapiqui-river-la-paz-gardens-tour-with-lunch-t383065/
Costa Rica;la-fortuna-l1904;545463;La fortuna sloth;https://www.getyourguide.com/la-fortuna-l1904/la-fortuna-sloth-tour-with-typical-snack-t545463/
Costa Rica;puerto-jimenez-l32268;562561;Corcovado national park guided hiking;https://www.getyourguide.com/puerto-jimenez-l32268/corcovado-national-park-guided-hiking-tour-full-day-t562561/
Costa Rica;manuel-antonio-l142888;1304342;Manuel antonio sukia park night walk with guide;https://www.getyourguide.com/manuel-antonio-l142888/manuel-antonio-sukia-park-night-walk-with-guide-t1304342/
Costa Rica;san-jose-costa-rica-l379;1317827;San jose cerro pelado hike llanos de cortes waterfall;https://www.getyourguide.com/san-jose-costa-rica-l379/san-jose-cerro-pelado-hike-llanos-de-cortes-waterfall-t1317827/
Costa Rica;la-fortuna-l1904;635050;La fortuna rio penas blancas safari float;https://www.getyourguide.com/la-fortuna-l1904/la-fortuna-rio-penas-blancas-safari-float-tour-t635050/
Costa Rica;san-jose-costa-rica-l379;667947;San jose airport shared shuttle fromto la fortuna;https://www.getyourguide.com/san-jose-costa-rica-l379/san-jose-airport-shared-shuttle-fromto-la-fortuna-t667947/
Costa Rica;la-fortuna-l1904;285247;La fortuna penas blancas river safari float;https://www.getyourguide.com/la-fortuna-l1904/la-fortuna-penas-blancas-river-safari-float-t285247/
Costa Rica;heredia-l2757;847575;Private;https://www.getyourguide.com/heredia-l2757/private-transfer-from-san-jose-airport-to-vara-blanca-t847575/
Costa Rica;drake-costa-rica-l237222;524584;Drakebay jungle night hike;https://www.getyourguide.com/drake-costa-rica-l237222/drakebay-jungle-night-hike-t524584/
Costa Rica;uvita-costa-rica-l187790;622559;Uvitascarlet macaws in marino ballena national park parrots;https://www.getyourguide.com/uvita-costa-rica-l187790/uvitascarlet-macaws-in-marino-ballena-national-park-parrots-t622559/
Costa Rica;tortuguero-l179461;671891;Tour desove de;https://www.getyourguide.com/tortuguero-l179461/tour-desove-de-tortuga-t671891/
Costa Rica;jaco-l667;1103934;Jaco beach 4hour atv waterfall delicious rainforest lunch;https://www.getyourguide.com/jaco-l667/jaco-beach-4hour-atv-waterfall-delicious-rainforest-lunch-t1103934/
Costa Rica;quebrada-ganado-l220439;1120497;Snorkel at playa blanca;https://www.getyourguide.com/quebrada-ganado-l220439/snorkel-at-playa-blanca-t1120497/
Costa Rica;san-jose-costa-rica-l379;822213;San jose customizable private walking;https://www.getyourguide.com/san-jose-costa-rica-l379/san-jose-customizable-private-walking-tour-t822213/
Costa Rica;tortuguero-l179461;868631;Explore;https://www.getyourguide.com/tortuguero-l179461/explore-the-nighttime-magic-of-tortuguero-national-park-t868631/
Costa Rica;tilaran-costa-rica-l215003;1241404;La fortuna;https://www.getyourguide.com/tilaran-costa-rica-l215003/la-fortuna-to-monteverde-lake-crossing-night-tour-t1241404/
Costa Rica;puerto-viejo-de-talamanca-l158223;1035036;Puerto viejo indigenous experience chocolate;https://www.getyourguide.com/puerto-viejo-de-talamanca-l158223/puerto-viejo-indigenous-experience-chocolate-tour-t1035036/
Costa Rica;la-fortuna-l1904;106849;La fortuna arenal volcano hanging bridges waterfall;https://www.getyourguide.com/la-fortuna-l1904/la-fortuna-arenal-volcano-hanging-bridges-waterfall-tour-t106849/
Costa Rica;san-jose-costa-rica-l379;428226;San jose guided volcano waterfalls coffee farm day;https://www.getyourguide.com/san-jose-costa-rica-l379/san-jose-guided-volcano-waterfalls-coffee-farm-day-trip-t428226/
Costa Rica;monteverde-l2135;430005;Monteverde van boat van;https://www.getyourguide.com/monteverde-l2135/monteverde-van-boat-van-transfer-to-la-fortuna-t430005/
Costa Rica;tilaran-costa-rica-l215003;1224525;Monteverde greenwoods cloud forest night walk;https://www.getyourguide.com/tilaran-costa-rica-l215003/monteverde-greenwoods-cloud-forest-night-walk-t1224525/
Costa Rica;la-fortuna-l1904;1300282;Paint reflect eat at an organic farm in la fortuna;https://www.getyourguide.com/la-fortuna-l1904/paint-reflect-eat-at-an-organic-farm-in-la-fortuna-t1300282/
Costa Rica;la-fortuna-l1904;1325065;Eco educational hike in;https://www.getyourguide.com/la-fortuna-l1904/eco-educational-hike-in-the-night-forest-at-ecogarden-arenal-t1325065/
Costa Rica;jaco-l667;40502;Rainforest adventures costa rica pacific aerial;https://www.getyourguide.com/jaco-l667/rainforest-adventures-costa-rica-pacific-aerial-tram-t40502/
Costa Rica;liberia-costa-rica-l381;706979;Rainfores night walk;https://www.getyourguide.com/liberia-costa-rica-l381/rainfores-night-walk-thought-the-tapir-home-t706979/
Costa Rica;liberia-costa-rica-l381;471421;Liberia private la leona waterfall hike;https://www.getyourguide.com/liberia-costa-rica-l381/liberia-private-la-leona-waterfall-hike-t471421/
Costa Rica;tamarindo-l995;528926;Tamarindo surf learn and practice surfing in;https://www.getyourguide.com/tamarindo-l995/tamarindo-surf-learn-and-practice-surfing-in-tamarindo-t528926/
Costa Rica;tamarindo-l995;728073;Flamingo;https://www.getyourguide.com/tamarindo-l995/flamingo-tamarindo-two-dives-at-las-catalinas-islands-t728073/
Costa Rica;santa-cruz-costa-rica-l184589;1148313;Tamarindo exhilarating paintball experience in;https://www.getyourguide.com/santa-cruz-costa-rica-l184589/tamarindo-exhilarating-paintball-experience-in-the-jungle-t1148313/
Costa Rica;san-jose-costa-rica-l379;814138;From san jose private monteverde rain forest day;https://www.getyourguide.com/san-jose-costa-rica-l379/from-san-jose-private-monteverde-rain-forest-day-tour-t814138/
Costa Rica;el-castillo-l178446;1155358;Guided;https://www.getyourguide.com/el-castillo-l178446/guided-tour-arenal-hanging-bridges-nature-walk-t1155358/
Costa Rica;la-fortuna-l1904;1079175;La fortuna blue falls guided;https://www.getyourguide.com/la-fortuna-l1904/la-fortuna-blue-falls-guided-trip-t1079175/
Costa Rica;quepos-l32284;97995;Ocean kayaking and snorkeling;https://www.getyourguide.com/quepos-l32284/ocean-kayaking-and-snorkeling-t97995/
Costa Rica;tamarindo-l995;392221;Buena vista mega combo adventure;https://www.getyourguide.com/tamarindo-l995/buena-vista-mega-combo-adventure-t392221/
Costa Rica;bijagua-de-upala-l215361;1181330;Rio celeste rincon de la vieja np entrance;https://www.getyourguide.com/bijagua-de-upala-l215361/rio-celeste-rincon-de-la-vieja-np-entrance-ticket-t1181330/
Costa Rica;quepos-l32284;1248973;Quepos manuel antonio national park guided nature walk;https://www.getyourguide.com/quepos-l32284/quepos-manuel-antonio-national-park-guided-nature-walk-t1248973/
Costa Rica;monteverde-l2135;509613;Monteverde morning day;https://www.getyourguide.com/monteverde-l2135/monteverde-morning-day-tour-night-tour-t509613/
Costa Rica;liberia-costa-rica-l381;517023;Curubande chorreras waterfall guided hike;https://www.getyourguide.com/liberia-costa-rica-l381/curubande-chorreras-waterfall-guided-hike-t517023/
Costa Rica;uvita-costa-rica-l187790;545020;From uvita 1 day;https://www.getyourguide.com/uvita-costa-rica-l187790/from-uvita-1-day-trip-to-corcovado-national-park-by-boat-t545020/
Costa Rica;la-fortuna-l1904;36175;Safari float at;https://www.getyourguide.com/la-fortuna-l1904/safari-float-at-the-penas-blancas-river-t36175/
Costa Rica;santa-cruz-costa-rica-l184589;684006;Tenorio river white water rafting level iii iv;https://www.getyourguide.com/santa-cruz-costa-rica-l184589/tenorio-river-white-water-rafting-level-iii-iv-t684006/
Costa Rica;quebrada-ganado-l220439;857880;Carara adventure park zipline adventure with ocean views;https://www.getyourguide.com/quebrada-ganado-l220439/carara-adventure-park-zipline-adventure-with-ocean-views-t857880/
Costa Rica;san-jose-costa-rica-l379;431718;From san jose pacuare river white water rafting day;https://www.getyourguide.com/san-jose-costa-rica-l379/from-san-jose-pacuare-river-white-water-rafting-day-trip-t431718/
Costa Rica;liberia-costa-rica-l381;436198;One day ziplining river;https://www.getyourguide.com/liberia-costa-rica-l381/one-day-ziplining-river-tubing-and-horseback-riding-trip-t436198/
Costa Rica;dominicalito-l225874;890632;Nauyaca full day;https://www.getyourguide.com/dominicalito-l225874/nauyaca-full-day-t890632/
Costa Rica;puerto-viejo-de-talamanca-l158223;895641;Dolphin watching netflix featured organic jungle farm;https://www.getyourguide.com/puerto-viejo-de-talamanca-l158223/dolphin-watching-netflix-featured-organic-jungle-farm-tour-t895641/
Costa Rica;playa-flamingo-l1548;549864;Private boat charter with snorkeling fishing paddle board;https://www.getyourguide.com/playa-flamingo-l1548/private-boat-charter-with-snorkeling-fishing-paddle-board-t549864/
Costa Rica;liberia-costa-rica-l381;1097384;Guanacaste adventure la leona waterfall hot springs;https://www.getyourguide.com/liberia-costa-rica-l381/guanacaste-adventure-la-leona-waterfall-hot-springs-t1097384/
Costa Rica;tortuguero-l179461;754235;The majestic green;https://www.getyourguide.com/tortuguero-l179461/the-majestic-green-turtle-nesting-tour-t754235/
Costa Rica;tamarindo-l995;1200043;Adventure;https://www.getyourguide.com/tamarindo-l995/adventure-tour-waterfall-hike-zipline-horseback-riding-t1200043/
Costa Rica;la-fortuna-l1904;1140872;La fortuna sky adventures arenal zipline experience;https://www.getyourguide.com/la-fortuna-l1904/la-fortuna-sky-adventures-arenal-zipline-experience-t1140872/
Costa Rica;la-fortuna-l1904;1141837;La fortuna proyecto asis wildlife and volunteer;https://www.getyourguide.com/la-fortuna-l1904/la-fortuna-proyecto-asis-wildlife-and-volunteer-tour-t1141837/
Costa Rica;la-fortuna-l1904;525686;La fortuna forest wildlife nocturnal escapade;https://www.getyourguide.com/la-fortuna-l1904/la-fortuna-forest-wildlife-nocturnal-escapade-t525686/
Costa Rica;tortuguero-l179461;1242406;Tortuguero limon cerro viewpoint;https://www.getyourguide.com/tortuguero-l179461/tortuguero-limon-cerro-viewpoint-tour-t1242406/
Costa Rica;monteverde-l2135;604413;Curicancha reserve birdwatching;https://www.getyourguide.com/monteverde-l2135/curicancha-reserve-birdwatching-tour-t604413/
Costa Rica;la-fortuna-l1904;747563;La fortuna local chocolate;https://www.getyourguide.com/la-fortuna-l1904/la-fortuna-local-chocolate-tour-experience-t747563/
Costa Rica;la-fortuna-l1904;748893;Jungle and maleku s atv;https://www.getyourguide.com/la-fortuna-l1904/jungle-and-maleku-s-atv-tour-t748893/
Costa Rica;liberia-costa-rica-l381;520428;Rincon de la vieja las pailas;https://www.getyourguide.com/liberia-costa-rica-l381/rincon-de-la-vieja-las-pailas-trail-oropendola-t520428/
Costa Rica;monteverde-l2135;843835;Monteverde bungee jumping experience;https://www.getyourguide.com/monteverde-l2135/monteverde-bungee-jumping-experience-t843835/
Costa Rica;bijagua-de-upala-l215361;733335;Ticket;https://www.getyourguide.com/bijagua-de-upala-l215361/ticket-to-rio-celeste-waterfall-tenorio-national-park-t733335/
Costa Rica;samara-l179139;733863;Samara mangrove kayaking adventure;https://www.getyourguide.com/samara-l179139/samara-mangrove-kayaking-adventure-t733863/
Costa Rica;uvita-costa-rica-l187790;1181730;Uvita monkey watching beach survival;https://www.getyourguide.com/uvita-costa-rica-l187790/uvita-monkey-watching-beach-survival-tour-t1181730/
Costa Rica;palma-costa-rica-l181668;1091278;La fortuna arenal volcano ecological park entry;https://www.getyourguide.com/palma-costa-rica-l181668/la-fortuna-arenal-volcano-ecological-park-entry-ticket-t1091278/
Costa Rica;la-fortuna-l1904;11547;Lost canyon adventures canyoneering;https://www.getyourguide.com/la-fortuna-l1904/lost-canyon-adventures-canyoneering-t11547/
Costa Rica;la-fortuna-l1904;294880;La fortuna arenal volcano hike;https://www.getyourguide.com/la-fortuna-l1904/la-fortuna-arenal-volcano-hike-t294880/
Costa Rica;san-jose-costa-rica-l379;425548;San jose guided city bus;https://www.getyourguide.com/san-jose-costa-rica-l379/san-jose-guided-city-bus-tour-with-lunch-welcome-drink-t425548/
Costa Rica;san-jose-costa-rica-l379;47534;San jose by night food and culture;https://www.getyourguide.com/san-jose-costa-rica-l379/san-jose-by-night-food-and-culture-tour-with-dinner-t47534/
Costa Rica;la-fortuna-l1904;175047;La fortuna sloth;https://www.getyourguide.com/la-fortuna-l1904/la-fortuna-sloth-tour-in-the-wild-t175047/
Costa Rica;uvita-costa-rica-l187790;611318;Uvita;https://www.getyourguide.com/uvita-costa-rica-l187790/uvita-terraba-sierpe-wildlife-mangrove-kayak-tour-costarica-t611318/
Costa Rica;jaco-l667;417397;Jaco magic sunset paragliding flight ;https://www.getyourguide.com/jaco-l667/jaco-magic-sunset-paragliding-flight--t417397/
Costa Rica;quepos-l32284;694350;Manuel antonio nacional park spotting animals and plants;https://www.getyourguide.com/quepos-l32284/manuel-antonio-nacional-park-spotting-animals-and-plants-t694350/
Costa Rica;la-fortuna-l1904;465257;La fortuna horseback ride;https://www.getyourguide.com/la-fortuna-l1904/la-fortuna-horseback-ride-to-la-fortuna-waterfall-t465257/
Costa Rica;puntarenas-l32285;512328;Corcovado national park 2 nights;https://www.getyourguide.com/puntarenas-l32285/corcovado-national-park-2-nights-tour-sirena-station-t512328/
Costa Rica;palmar-norte-l222998;849793;Uvita bird watching;https://www.getyourguide.com/palmar-norte-l222998/uvita-bird-watching-tour-in-palmar-norte-t849793/
Costa Rica;puntarenas-l32285;855008;Corcovado national park adventure;https://www.getyourguide.com/puntarenas-l32285/corcovado-national-park-adventure-tour-overnight-2-days-t855008/
Costa Rica;jaco-l667;682299;Costa ricanature explorer 15 days hotels4w suvtoursguide;https://www.getyourguide.com/jaco-l667/costa-ricanature-explorer-15-days-hotels4w-suvtoursguide-t682299/
Costa Rica;liberia-costa-rica-l381;943607;Exploring guanacaste s cultural heritage;https://www.getyourguide.com/liberia-costa-rica-l381/exploring-guanacaste-s-cultural-heritage-t943607/
Costa Rica;dominical-l216058;846441;Private;https://www.getyourguide.com/dominical-l216058/private-transfer-from-san-jose-airport-to-dominical-t846441/
Costa Rica;bijagua-de-upala-l215361;856046;Guanacaste private;https://www.getyourguide.com/bijagua-de-upala-l215361/guanacaste-private-transport-with-bilingual-guide-t856046/
Costa Rica;monteverde-l2135;1082598;Monteverde night walk with guide and flashlights;https://www.getyourguide.com/monteverde-l2135/monteverde-night-walk-with-guide-and-flashlights-t1082598/
Costa Rica;santa-teresa-costa-rica-l2458;1150143;Santa;https://www.getyourguide.com/santa-teresa-costa-rica-l2458/santa-teresa-surf-lesson-with-gear-and-transfers-t1150143/
Costa Rica;puerto-viejo-de-talamanca-l158223;1150278;Puerto viejo learn caribbean cooking with a native;https://www.getyourguide.com/puerto-viejo-de-talamanca-l158223/puerto-viejo-learn-caribbean-cooking-with-a-native-t1150278/
Costa Rica;la-fortuna-l1904;1221398;La fortuna kalambu hot springs water park entry;https://www.getyourguide.com/la-fortuna-l1904/la-fortuna-kalambu-hot-springs-water-park-entry-t1221398/
Costa Rica;la-fortuna-l1904;1113756;Quad bike experience in la fortuna lunch hot springs;https://www.getyourguide.com/la-fortuna-l1904/quad-bike-experience-in-la-fortuna-lunch-hot-springs-t1113756/
Costa Rica;tortuguero-l179461;1136178;Tortuguero nighttime walking;https://www.getyourguide.com/tortuguero-l179461/tortuguero-nighttime-walking-tour-and-guided-tour-in-french-t1136178/
Costa Rica;monteverde-l2135;1253581;Monteverde enigma breakfast curicancha birdwatching;https://www.getyourguide.com/monteverde-l2135/monteverde-enigma-breakfast-curicancha-birdwatching-t1253581/
Costa Rica;quepos-l32284;1308339;Guided;https://www.getyourguide.com/quepos-l32284/guided-tour-of-manuel-antonio-park-with-entrance-ticket-included-t1308339/
Costa Rica;san-jose-costa-rica-l379;382773;Poas volcano coffee plantation la paz waterfall gardens;https://www.getyourguide.com/san-jose-costa-rica-l379/poas-volcano-coffee-plantation-la-paz-waterfall-gardens-t382773/
Costa Rica;monteverde-l2135;472334;Monteverde exploration of;https://www.getyourguide.com/monteverde-l2135/monteverde-exploration-of-the-cloud-forest-t472334/
Costa Rica;brasilito-l169708;495378;2h off road atv;https://www.getyourguide.com/brasilito-l169708/2h-off-road-atv-tour-t495378/
Costa Rica;drake-costa-rica-l237222;521180;Drake bay bird watching;https://www.getyourguide.com/drake-costa-rica-l237222/drake-bay-bird-watching-tour-t521180/
Costa Rica;quepos-l32284;551697;Quepos costa rica mangrove monkey;https://www.getyourguide.com/quepos-l32284/quepos-costa-rica-mangrove-monkey-tour-t551697/
Costa Rica;katira-costa-rica-l184505;687272;Rio celeste;https://www.getyourguide.com/katira-costa-rica-l184505/rio-celeste-tubing-guided-adventure-with-natural-pools-t687272/
Costa Rica;monteverde-l2135;953783;Monteverde half day bird watching;https://www.getyourguide.com/monteverde-l2135/monteverde-half-day-bird-watching-tour-t953783/
Costa Rica;uvita-costa-rica-l187790;860114;Uvita snorkeling;https://www.getyourguide.com/uvita-costa-rica-l187790/uvita-snorkeling-tour-in-the-isla-del-cano-biological-reserve-t860114/
Costa Rica;playa-flamingo-l1548;1046413;Tamarindo playa flamingo horseback riding on;https://www.getyourguide.com/playa-flamingo-l1548/tamarindo-playa-flamingo-horseback-riding-on-the-beach-t1046413/
Costa Rica;uvita-costa-rica-l187790;1122688;Uvita birdwatching;https://www.getyourguide.com/uvita-costa-rica-l187790/uvita-birdwatching-t1122688/
Costa Rica;san-jose-costa-rica-l379;1218177;San jose hacienda la chimba coffee experience;https://www.getyourguide.com/san-jose-costa-rica-l379/san-jose-hacienda-la-chimba-coffee-experience-tour-t1218177/
Costa Rica;tortuguero-l179461;1215478;Tortuguero water;https://www.getyourguide.com/tortuguero-l179461/tortuguero-water-trails-jaguar-path-turtle-walk-tour-t1215478/
Costa Rica;la-fortuna-l1904;1234569;La fortuna zipline adventure volcano hike;https://www.getyourguide.com/la-fortuna-l1904/la-fortuna-zipline-adventure-volcano-hike-thermal-river-t1234569/
Costa Rica;katira-costa-rica-l184505;1310755;La fortuna rio celeste waterfall hike and;https://www.getyourguide.com/katira-costa-rica-l184505/la-fortuna-rio-celeste-waterfall-hike-and-tubing-tour-t1310755/
Costa Rica;tamarindo-l995;1310285;Tamarindo guided monkey wildlife;https://www.getyourguide.com/tamarindo-l995/tamarindo-guided-monkey-wildlife-tour-t1310285/
Costa Rica;la-fortuna-l1904;421468;La fortuna arenal mundo aventura park 7 zip lines;https://www.getyourguide.com/la-fortuna-l1904/la-fortuna-arenal-mundo-aventura-park-7-zip-lines-tour-t421468/
Costa Rica;san-jose-costa-rica-l379;69680;Costa rica braulio carrillo park 6 in 1 full day;https://www.getyourguide.com/san-jose-costa-rica-l379/costa-rica-braulio-carrillo-park-6-in-1-full-day-tour-t69680/
Costa Rica;monteverde-l2135;447356;Monteverde;https://www.getyourguide.com/monteverde-l2135/monteverde-tropical-forest-night-tour-t447356/
Costa Rica;puerto-viejo-de-talamanca-l158223;510968;Watsi chocolate and waterfall with;https://www.getyourguide.com/puerto-viejo-de-talamanca-l158223/watsi-chocolate-and-waterfall-with-transportation-and-lunch-t510968/
Costa Rica;jaco-l667;406298;Jaco beach full day atv zip line and horse riding wlunch;https://www.getyourguide.com/jaco-l667/jaco-beach-full-day-atv-zip-line-and-horse-riding-wlunch-t406298/
Costa Rica;la-fortuna-l1904;634548;La fortuna arenal volcano hanging bridges;https://www.getyourguide.com/la-fortuna-l1904/la-fortuna-arenal-volcano-hanging-bridges-tour-t634548/
Costa Rica;samara-l179139;806778;Barigona beach horseback ride picnic and swim;https://www.getyourguide.com/samara-l179139/barigona-beach-horseback-ride-picnic-and-swim-t806778/
Costa Rica;puerto-jimenez-l32268;821965;Puerto jimenez jungle night walk near corcovado np;https://www.getyourguide.com/puerto-jimenez-l32268/puerto-jimenez-jungle-night-walk-near-corcovado-np-t821965/
Costa Rica;puerto-viejo-de-talamanca-l158223;866725;Puerto viejo limon birdwatching;https://www.getyourguide.com/puerto-viejo-de-talamanca-l158223/puerto-viejo-limon-birdwatching-tour-at-nativo-park-t866725/
Costa Rica;tortuguero-l179461;895430;Tortuguero guided;https://www.getyourguide.com/tortuguero-l179461/tortuguero-guided-tours-and-hikes-t895430/
Costa Rica;cahuita-l149254;859021;Bri bri indigenous chocolate;https://www.getyourguide.com/cahuita-l149254/bri-bri-indigenous-chocolate-tour-waterfall-t859021/
Costa Rica;monteverde-l2135;939095;Monteverde guided walk;https://www.getyourguide.com/monteverde-l2135/monteverde-guided-walk-to-the-curi-cancha-reserve-t939095/
Costa Rica;san-jose-costa-rica-l379;1042826;Costa rica s;https://www.getyourguide.com/san-jose-costa-rica-l379/costa-rica-s-tropical-fruit-guided-tasting-in-san-jose-t1042826/
Costa Rica;tortuguero-l179461;1193026;Tortuguero national park canoe;https://www.getyourguide.com/tortuguero-l179461/tortuguero-national-park-canoe-tour-with-guide-t1193026/
Costa Rica;la-fortuna-l1904;90675;La fortuna half day wildlife safari float;https://www.getyourguide.com/la-fortuna-l1904/la-fortuna-half-day-wildlife-safari-float-t90675/
Costa Rica;playas-del-coco-l192944;1271576;Playa s del coco pirate history walking;https://www.getyourguide.com/playas-del-coco-l192944/playa-s-del-coco-pirate-history-walking-tour-and-pub-crawl-t1271576/
Costa Rica;san-jose-costa-rica-l379;1275313;Wild day animals adventure safari from san jose;https://www.getyourguide.com/san-jose-costa-rica-l379/wild-day-animals-adventure-safari-from-san-jose-t1275313/
Costa Rica;manuel-antonio-l142888;432304;Manuel antonio kstr wildlife sanctuary guided;https://www.getyourguide.com/manuel-antonio-l142888/manuel-antonio-kstr-wildlife-sanctuary-guided-tour-t432304/
Costa Rica;la-fortuna-l1904;11024;Rafting class 3 4 jungle run rio sarapiqui costa rica;https://www.getyourguide.com/la-fortuna-l1904/rafting-class-3-4-jungle-run-rio-sarapiqui-costa-rica-t11024/
Costa Rica;liberia-costa-rica-l381;438076;Liberia 1 way;https://www.getyourguide.com/liberia-costa-rica-l381/liberia-1-way-transfer-from-guanacaste-airport-to-tamarindo-t438076/
Costa Rica;quepos-l32284;512722;From manuel antonio catamaran adventure;https://www.getyourguide.com/quepos-l32284/from-manuel-antonio-catamaran-adventure-t512722/
Costa Rica;san-jose-costa-rica-l379;579110;La paz waterfall gardens day;https://www.getyourguide.com/san-jose-costa-rica-l379/la-paz-waterfall-gardens-day-trip-from-san-jose-t579110/
Costa Rica;manuel-antonio-l142888;584369;Manuel antonio park naturalist guided;https://www.getyourguide.com/manuel-antonio-l142888/manuel-antonio-park-naturalist-guided-tour-t584369/
Costa Rica;san-jose-costa-rica-l379;431898;San jose guided city;https://www.getyourguide.com/san-jose-costa-rica-l379/san-jose-guided-city-tour-with-national-theater-visit-t431898/
Costa Rica;santa-cruz-costa-rica-l184589;792192;Horseback riding on;https://www.getyourguide.com/santa-cruz-costa-rica-l184589/horseback-riding-on-the-beach-t792192/
Costa Rica;puntarenas-l32285;845589;Private;https://www.getyourguide.com/puntarenas-l32285/private-transfer-from-san-jose-airport-to-puntarenas-t845589/
Costa Rica;grecia-l146334;847594;Private;https://www.getyourguide.com/grecia-l146334/private-transfer-from-san-jose-airport-to-grecia-t847594/
Costa Rica;uvita-costa-rica-l187790;855730;Guided;https://www.getyourguide.com/uvita-costa-rica-l187790/guided-tour-of-marino-ballena-national-park-with-naturalist-t855730/
Costa Rica;la-fortuna-l1904;864519;Arenal volcanoarenal volcano nationalpark best;https://www.getyourguide.com/la-fortuna-l1904/arenal-volcanoarenal-volcano-nationalpark-best-things-to-do-t864519/
Costa Rica;cahuita-l149254;894674;Epic cahuita combo;https://www.getyourguide.com/cahuita-l149254/epic-cahuita-combo-tour-snorkel-reefs-hike-with-wildlife-t894674/
Costa Rica;uvita-costa-rica-l187790;793253;Uvita corcovado national park san pedrillo nature hike;https://www.getyourguide.com/uvita-costa-rica-l187790/uvita-corcovado-national-park-san-pedrillo-nature-hike-t793253/
Costa Rica;salto-costa-rica-l219963;856876;Costa rica ponderosa adventure park premium;https://www.getyourguide.com/salto-costa-rica-l219963/costa-rica-ponderosa-adventure-park-premium-teekisia-t856876/
Costa Rica;liberia-costa-rica-l381;862969;Guanacaste rincon de la vieja sector santa maria hike;https://www.getyourguide.com/liberia-costa-rica-l381/guanacaste-rincon-de-la-vieja-sector-santa-maria-hike-t862969/
Costa Rica;monteverde-l2135;869545;Monteverde cloud forest curicancha reserve nature;https://www.getyourguide.com/monteverde-l2135/monteverde-cloud-forest-curicancha-reserve-nature-tour-t869545/
Costa Rica;tamarindo-l995;1075299;Tamarindo estuary explore by boat or kayak choose your;https://www.getyourguide.com/tamarindo-l995/tamarindo-estuary-explore-by-boat-or-kayak-choose-your-tour-t1075299/
Costa Rica;la-fortuna-l1904;1231855;La fortuna;https://www.getyourguide.com/la-fortuna-l1904/la-fortuna-three-volcanoes-tour-t1231855/
Costa Rica;santa-teresa-costa-rica-l2458;1113881;Santa;https://www.getyourguide.com/santa-teresa-costa-rica-l2458/santa-teresa-private-surf-lesson-with-certified-instructor-t1113881/
Costa Rica;monteverde-l2135;184778;Monteverde;https://www.getyourguide.com/monteverde-l2135/monteverde-traditional-bread-making-t184778/
Costa Rica;san-jose-costa-rica-l379;503346;La paz waterfall and cinchona;https://www.getyourguide.com/san-jose-costa-rica-l379/la-paz-waterfall-and-cinchona-tour-t503346/
Costa Rica;uvita-costa-rica-l187790;505860;Uvita whales and dolphins experience;https://www.getyourguide.com/uvita-costa-rica-l187790/uvita-whales-and-dolphins-experience-t505860/
Costa Rica;la-fortuna-l1904;312773;La fortuna waterfall arenal volcano and hanging bridges;https://www.getyourguide.com/la-fortuna-l1904/la-fortuna-waterfall-arenal-volcano-and-hanging-bridges-t312773/
Costa Rica;santa-cruz-costa-rica-l184589;489507;W costa rica y westing conchal;https://www.getyourguide.com/santa-cruz-costa-rica-l184589/w-costa-rica-y-westing-conchal-t489507/
Costa Rica;heredia-l2757;747866;Britt coffee;https://www.getyourguide.com/heredia-l2757/britt-coffee-tour-1100-am-t747866/
Costa Rica;heredia-l2757;829129;Volcan barva heredia;https://www.getyourguide.com/heredia-l2757/volcan-barva-heredia-travel-and-walk-t829129/
Costa Rica;guapiles-l180439;849949;Private;https://www.getyourguide.com/guapiles-l180439/private-transfer-from-san-jose-airport-to-guapiles-t849949/
Costa Rica;uvita-costa-rica-l187790;859700;Marino ballena national park whale watching in uvita;https://www.getyourguide.com/uvita-costa-rica-l187790/marino-ballena-national-park-whale-watching-in-uvita-t859700/
Costa Rica;la-fortuna-l1904;1041932;La fortuna chocolate;https://www.getyourguide.com/la-fortuna-l1904/la-fortuna-chocolate-tour-and-night-walk-don-juan-arenal-t1041932/
Costa Rica;monteverde-l2135;942580;Monteverde curi cancha reserve guided hike;https://www.getyourguide.com/monteverde-l2135/monteverde-curi-cancha-reserve-guided-hike-t942580/
Costa Rica;puntarenas-l32285;1138025;Drake bay corcovado next door hike with lunch;https://www.getyourguide.com/puntarenas-l32285/drake-bay-corcovado-next-door-hike-with-lunch-t1138025/
Costa Rica;quebrada-ganado-l220439;1223610;White sand beach jaco snorkel adventure with monkeys;https://www.getyourguide.com/quebrada-ganado-l220439/white-sand-beach-jaco-snorkel-adventure-with-monkeys-t1223610/
Costa Rica;manuel-antonio-l142888;1118416;Manuel antonio surfing class with a private instructor;https://www.getyourguide.com/manuel-antonio-l142888/manuel-antonio-surfing-class-with-a-private-instructor-t1118416/
Costa Rica;la-fortuna-l1904;1259461;La fortuna relax;https://www.getyourguide.com/la-fortuna-l1904/la-fortuna-relax-termalitas-hot-springs-entry-with-meal-t1259461/
Costa Rica;tilaran-costa-rica-l215003;1229349;Monteverde selvatura park butterfly garden;https://www.getyourguide.com/tilaran-costa-rica-l215003/monteverde-selvatura-park-butterfly-garden-t1229349/
Costa Rica;quepos-l32284;95700;Manuel antonio national park;https://www.getyourguide.com/quepos-l32284/manuel-antonio-national-park-tour-t95700/
Costa Rica;alajuela-l145894;538705;Poas coffee;https://www.getyourguide.com/alajuela-l145894/poas-coffee-tour-la-paz-waterfall-and-poas-volcano-t538705/
Costa Rica;tortuguero-l179461;584340;Tortuguero;https://www.getyourguide.com/tortuguero-l179461/tortuguero-tour-in-the-tortuguero-hill-dormant-volcano-t584340/
Costa Rica;san-jose-costa-rica-l379;639601;Private;https://www.getyourguide.com/san-jose-costa-rica-l379/private-transportation-san-jose-airport-tofrom-jaco-t639601/
Costa Rica;liberia-costa-rica-l381;433179;Liberia 1 way;https://www.getyourguide.com/liberia-costa-rica-l381/liberia-1-way-transfer-to-la-fortuna-or-arenal-t433179/
Costa Rica;la-fortuna-l1904;448249;La fortuna coffee and chocolate farm;https://www.getyourguide.com/la-fortuna-l1904/la-fortuna-coffee-and-chocolate-farm-tour-t448249/
Costa Rica;jaco-l667;528913;Jaco learn and practice surfing in jaco costa rica;https://www.getyourguide.com/jaco-l667/jaco-learn-and-practice-surfing-in-jaco-costa-rica-t528913/
Costa Rica;el-jobo-costa-rica-l213082;827108;Private;https://www.getyourguide.com/el-jobo-costa-rica-l213082/private-transport-arenal-to-dreams-las-mareas-t827108/
Costa Rica;golfito-l205806;847566;Private;https://www.getyourguide.com/golfito-l205806/private-transfer-from-san-jose-airport-to-golfito-t847566/
Costa Rica;puerto-viejo-de-talamanca-l158223;636419;Caribbean moonlight hike;https://www.getyourguide.com/puerto-viejo-de-talamanca-l158223/caribbean-moonlight-hike-t636419/
Costa Rica;heredia-l2757;889453;Heredia city;https://www.getyourguide.com/heredia-l2757/heredia-city-tour-10-unesco-buildings-t889453/
Costa Rica;san-jose-costa-rica-l379;1192248;San jose mantra;https://www.getyourguide.com/san-jose-costa-rica-l379/san-jose-mantra-trail-hike-entry-ticket-t1192248/
Costa Rica;la-fortuna-l1904;1114274;La fortuna paradise hot springs day pass;https://www.getyourguide.com/la-fortuna-l1904/la-fortuna-paradise-hot-springs-day-pass-t1114274/
Costa Rica;alajuela-l145894;1265867;Alajuela entrance;https://www.getyourguide.com/alajuela-l145894/alajuela-entrance-to-tenorio-volcano-national-park-and-the-blue-river-t1265867/
Costa Rica;san-jose-costa-rica-l379;471721;Costa rica walk adventures hiking one day;https://www.getyourguide.com/san-jose-costa-rica-l379/costa-rica-walk-adventures-hiking-one-day-tours-t471721/
Costa Rica;uvita-costa-rica-l187790;505854;Uvita one day;https://www.getyourguide.com/uvita-costa-rica-l187790/uvita-one-day-tour-whalewatching-surfing-waterfalls-t505854/
Costa Rica;san-jose-costa-rica-l379;683645;From san jose sjo airport;https://www.getyourguide.com/san-jose-costa-rica-l379/from-san-jose-sjo-airport-to-manuel-antonio-transportation-t683645/
Costa Rica;tamarindo-l995;730250;Flamingo;https://www.getyourguide.com/tamarindo-l995/flamingo-tamarindo-snorkeling-at-las-catalinas-islands-t730250/
Costa Rica;tamarindo-l995;752273;Las catalinas discover scuba diving at flamingo;https://www.getyourguide.com/tamarindo-l995/las-catalinas-discover-scuba-diving-at-flamingo-tamarindo-t752273/
Costa Rica;tamarindo-l995;831116;Tamarindo;https://www.getyourguide.com/tamarindo-l995/tamarindo-turtle-watching-night-tour-with-expert-naturalist-t831116/
Costa Rica;nosara-l184507;882125;Private;https://www.getyourguide.com/nosara-l184507/private-transfer-from-liberia-airport-to-nosara-t882125/
Costa Rica;san-jose-costa-rica-l379;814993;From san jose private poas volcano surroundings day;https://www.getyourguide.com/san-jose-costa-rica-l379/from-san-jose-private-poas-volcano-surroundings-day-trip-t814993/
Costa Rica;monteverde-l2135;843803;Monteverde extreme canopy;https://www.getyourguide.com/monteverde-l2135/monteverde-extreme-canopy-tour-t843803/
Costa Rica;tortuguero-l179461;844449;Tortuguero kayak adventure;https://www.getyourguide.com/tortuguero-l179461/tortuguero-kayak-adventure-through-the-rainforest-canals-t844449/
Costa Rica;quepos-l32284;1091408;Manuel antonio savegre river;https://www.getyourguide.com/quepos-l32284/manuel-antonio-savegre-river-tubing-t1091408/
Costa Rica;jaco-l667;1115192;Jaco;https://www.getyourguide.com/jaco-l667/jaco-the-king-s-full-day-atv-adventure-t1115192/
Costa Rica;esterillos-este-l208947;1010561;Jaco paragliding flight;https://www.getyourguide.com/esterillos-este-l208947/jaco-paragliding-flight-the-pacific-ocean-esterillos-east-t1010561/
Costa Rica;la-fortuna-l1904;1054607;La fortuna volcano hike and picnic;https://www.getyourguide.com/la-fortuna-l1904/la-fortuna-volcano-hike-and-picnic-t1054607/
Costa Rica;la-fortuna-l1904;1219334;La fortuna horseback ride and waterfall hike;https://www.getyourguide.com/la-fortuna-l1904/la-fortuna-horseback-ride-and-waterfall-hike-t1219334/
Costa Rica;manzanillo-l236504;1069087;Forest bath;https://www.getyourguide.com/manzanillo-l236504/forest-bath-therapy-manzanillo-costa-rica-t1069087/
Costa Rica;la-fortuna-l1904;1260634;Las fortuna canyoning and sky;https://www.getyourguide.com/la-fortuna-l1904/las-fortuna-canyoning-and-sky-trek-zipline-costa-rica-t1260634/
Costa Rica;bijagua-de-upala-l215361;1136761;Bijagua sloths coffee chocolate farm;https://www.getyourguide.com/bijagua-de-upala-l215361/bijagua-sloths-coffee-chocolate-farm-tour-with-lunch-t1136761/
Costa Rica;la-fortuna-l1904;1268974;La fortuna;https://www.getyourguide.com/la-fortuna-l1904/la-fortuna-toucan-watching-tour-in-the-rainforest-t1268974/
Costa Rica;uvita-costa-rica-l187790;1285941;Uvita marino ballena national park whale watching;https://www.getyourguide.com/uvita-costa-rica-l187790/uvita-marino-ballena-national-park-whale-watching-tour-t1285941/
Costa Rica;la-fortuna-l1904;421865;La fortuna arenal volcano lunch hotsprings morning;https://www.getyourguide.com/la-fortuna-l1904/la-fortuna-arenal-volcano-lunch-hotsprings-morning-tour-t421865/
Costa Rica;san-jose-costa-rica-l379;431842;San jose manuel antonio national park day;https://www.getyourguide.com/san-jose-costa-rica-l379/san-jose-manuel-antonio-national-park-day-trip-with-lunch-t431842/
Costa Rica;la-fortuna-l1904;465261;La fortuna arenal hanging bridges;https://www.getyourguide.com/la-fortuna-l1904/la-fortuna-arenal-hanging-bridges-tour-t465261/
Costa Rica;san-jose-costa-rica-l379;682636;Transfer from sjo;https://www.getyourguide.com/san-jose-costa-rica-l379/transfer-from-sjo-to-la-fortuna-t682636/
Costa Rica;monteverde-l2135;892777;Monteverde enjoing;https://www.getyourguide.com/monteverde-l2135/monteverde-enjoing-the-clouds-in-monteverde-t892777/
Costa Rica;monteverde-l2135;939060;Monteverde guided walk;https://www.getyourguide.com/monteverde-l2135/monteverde-guided-walk-to-monteverde-cloud-forest-reserve-t939060/
Costa Rica;puntarenas-l32285;997126;From puntarenas isla;https://www.getyourguide.com/puntarenas-l32285/from-puntarenas-isla-tortuga-full-day-all-included-tour-t997126/
Costa Rica;nosara-l184507;1014728;Nosara rio montana mangrove sup or kayak;https://www.getyourguide.com/nosara-l184507/nosara-rio-montana-mangrove-sup-or-kayak-tour-t1014728/
Costa Rica;tamarindo-l995;853847;Guanacaste airport lir airport;https://www.getyourguide.com/tamarindo-l995/guanacaste-airport-lir-airport-transfers-to-tamarindo-t853847/
Costa Rica;la-fortuna-l1904;1101546;La fortuna balsa river class 23 whitewater rafting wlunch;https://www.getyourguide.com/la-fortuna-l1904/la-fortuna-balsa-river-class-23-whitewater-rafting-wlunch-t1101546/
Costa Rica;tortuguero-l179461;1117418;Amazing night walk in;https://www.getyourguide.com/tortuguero-l179461/amazing-night-walk-in-tortuguero-t1117418/
Costa Rica;tamarindo-l995;1152895;Tamarindo surf lesson with instructor and equipment;https://www.getyourguide.com/tamarindo-l995/tamarindo-surf-lesson-with-instructor-and-equipment-t1152895/
Costa Rica;la-fortuna-l1904;25064;Arenal volcano rainforest canopy hanging bridge walking;https://www.getyourguide.com/la-fortuna-l1904/arenal-volcano-rainforest-canopy-hanging-bridge-walking-tour-t25064/
Costa Rica;la-fortuna-l1904;164502;Arenal best activities with optional hot springs;https://www.getyourguide.com/la-fortuna-l1904/arenal-best-activities-with-optional-hot-springs-t164502/
Costa Rica;miramar-l191555;249867;Puntarenas zip line canopy;https://www.getyourguide.com/miramar-l191555/puntarenas-zip-line-canopy-tour-over-11-waterfalls-t249867/
Costa Rica;monteverde-l2135;430122;Monteverde curi cancha reserve;https://www.getyourguide.com/monteverde-l2135/monteverde-curi-cancha-reserve-tour-with-entry-ticket-t430122/
Costa Rica;santa-cruz-costa-rica-l184589;1229575;Potrero private sailing;https://www.getyourguide.com/santa-cruz-costa-rica-l184589/potrero-private-sailing-tour-with-open-bar-snorkeling-t1229575/
Costa Rica;la-fortuna-l1904;453849;Combo adrenaline in la fortuna;https://www.getyourguide.com/la-fortuna-l1904/combo-adrenaline-in-la-fortuna-t453849/
Costa Rica;tamarindo-l995;474092;From guanacaste rio celeste sloth sanctuary waterfall;https://www.getyourguide.com/tamarindo-l995/from-guanacaste-rio-celeste-sloth-sanctuary-waterfall-t474092/
Costa Rica;tortuguero-l179461;583180;Canal;https://www.getyourguide.com/tortuguero-l179461/canal-tour-in-the-tortuguero-national-park-canoe-t583180/
Costa Rica;quepos-l32284;654039;Private manuel antonio national park;https://www.getyourguide.com/quepos-l32284/private-manuel-antonio-national-park-t654039/
Costa Rica;quepos-l32284;733714;Manuel antonio national park private nature experience;https://www.getyourguide.com/quepos-l32284/manuel-antonio-national-park-private-nature-experience-t733714/
Costa Rica;tarcoles-l186144;864696;Carara national park best;https://www.getyourguide.com/tarcoles-l186144/carara-national-park-best-tour-carara-national-park-one-day-t864696/
Costa Rica;tortuguero-l179461;870571;Tortuguero guided canoe;https://www.getyourguide.com/tortuguero-l179461/tortuguero-guided-canoe-tour-an-unforgettable-experience--t870571/
Costa Rica;manuel-antonio-l142888;669511;Shared shuttle manuel antonio;https://www.getyourguide.com/manuel-antonio-l142888/shared-shuttle-manuel-antonio-to-monteverde-t669511/
Costa Rica;golfito-l205806;1050016;Golfito cr discover scuba diving;https://www.getyourguide.com/golfito-l205806/golfito-cr-discover-scuba-diving-tour-no-experience-needed-t1050016/
Costa Rica;las-catalinas-l179131;761878;Flamingo bay beach hopping snorkel sunset;https://www.getyourguide.com/las-catalinas-l179131/flamingo-bay-beach-hopping-snorkel-sunset-tours-t761878/
Costa Rica;ojochal-l226450;1137196;Ojochal kayak;https://www.getyourguide.com/ojochal-l226450/ojochal-kayak-tour-t1137196/
Costa Rica;bijagua-de-upala-l215361;1195498;Bijagua rainforest wildlife walk sloths and floating;https://www.getyourguide.com/bijagua-de-upala-l215361/bijagua-rainforest-wildlife-walk-sloths-and-floating-tour-t1195498/
Costa Rica;puntarenas-l32285;950488;Capuchin monkey and wildlife rescue center full combo ;https://www.getyourguide.com/puntarenas-l32285/capuchin-monkey-and-wildlife-rescue-center-full-combo--t950488/
Costa Rica;liberia-costa-rica-l381;1185521;Costa rica rain forest experience 5 days;https://www.getyourguide.com/liberia-costa-rica-l381/costa-rica-rain-forest-experience-5-days-tour-t1185521/
Costa Rica;san-jose-costa-rica-l379;1216987;Jade museum pre columbian culture entry;https://www.getyourguide.com/san-jose-costa-rica-l379/jade-museum-pre-columbian-culture-entry-ticket-t1216987/
Costa Rica;quepos-l32284;1223020;Manuel antonio coastline paddle;https://www.getyourguide.com/quepos-l32284/manuel-antonio-coastline-paddle-tour-with-snacks-t1223020/
Costa Rica;san-jose-costa-rica-l379;597412;Quetzal costa rica birdwatching experience los quetzales;https://www.getyourguide.com/san-jose-costa-rica-l379/quetzal-costa-rica-birdwatching-experience-los-quetzales-t597412/
Costa Rica;quepos-l32284;67309;Horseback riding;https://www.getyourguide.com/quepos-l32284/horseback-riding-to-the-shaman-waterfalls-t67309/
Costa Rica;la-fortuna-l1904;433196;Monteverde arenal volcano national park and lake arenal;https://www.getyourguide.com/la-fortuna-l1904/monteverde-arenal-volcano-national-park-and-lake-arenal-t433196/
Costa Rica;uvita-costa-rica-l187790;855432;Uvita birding experience costa rica private bird watching;https://www.getyourguide.com/uvita-costa-rica-l187790/uvita-birding-experience-costa-rica-private-bird-watching-t855432/
Costa Rica;san-jose-costa-rica-l379;893899;Transportation san jose jaco;https://www.getyourguide.com/san-jose-costa-rica-l379/transportation-san-jose-jaco-t893899/
Costa Rica;tortuguero-l179461;954620;Canoe night and day hike in;https://www.getyourguide.com/tortuguero-l179461/canoe-night-and-day-hike-in-tortuguero-national-park-t954620/
Costa Rica;uvita-costa-rica-l187790;554453;Drake bay explore drake bay as a local beach hike guided;https://www.getyourguide.com/uvita-costa-rica-l187790/drake-bay-explore-drake-bay-as-a-local-beach-hike-guided-t554453/
Costa Rica;quepos-l32284;559673;Manuel antonio specialize private;https://www.getyourguide.com/quepos-l32284/manuel-antonio-specialize-private-tour-t559673/
Costa Rica;la-fortuna-l1904;635006;La fortuna rio celeste waterfall and national park;https://www.getyourguide.com/la-fortuna-l1904/la-fortuna-rio-celeste-waterfall-and-national-park-tour-t635006/
Costa Rica;la-fortuna-l1904;1127012;Birdwatching nature walk;https://www.getyourguide.com/la-fortuna-l1904/birdwatching-nature-walk-t1127012/
Costa Rica;la-fortuna-l1904;1157863;La fortuna;https://www.getyourguide.com/la-fortuna-l1904/la-fortuna-the-best-sloth-and-cooking-class-experience-ever-t1157863/
Costa Rica;liberia-costa-rica-l381;832261;Private airport hotel hotel airport;https://www.getyourguide.com/liberia-costa-rica-l381/private-airport-hotel-hotel-airport-transfers-liberia-cr-t832261/
Costa Rica;monteverde-l2135;842971;Monteverde coffee farm roastery;https://www.getyourguide.com/monteverde-l2135/monteverde-coffee-farm-roastery-tour-with-tasting-t842971/
Costa Rica;tortuguero-l179461;844313;Tortuguero national park jaguar;https://www.getyourguide.com/tortuguero-l179461/tortuguero-national-park-jaguar-trail-day-walk-adventure-t844313/
Costa Rica;san-jose-costa-rica-l379;849527;San jose guided walking;https://www.getyourguide.com/san-jose-costa-rica-l379/san-jose-guided-walking-tour-with-national-theater-lunch-t849527/
Costa Rica;cahuita-l149254;873367;Snorkeling guided hike at cahuita national park;https://www.getyourguide.com/cahuita-l149254/snorkeling-guided-hike-at-cahuita-national-park-t873367/
Costa Rica;cartago-l135017;1232144;Ujarras ruins orosi and basilica;https://www.getyourguide.com/cartago-l135017/ujarras-ruins-orosi-and-basilica-tour-private-from-san-jose-t1232144/
Costa Rica;monteverde-l2135;984764;Monteverde;https://www.getyourguide.com/monteverde-l2135/monteverde-tree-tram-and-skywalk-hanging-bridges-combo-t984764/
Costa Rica;alajuela-l145894;1327321;Poas volcano alajuela and coffee farm;https://www.getyourguide.com/alajuela-l145894/poas-volcano-alajuela-and-coffee-farm-tour-t1327321/
Costa Rica;cahuita-l149254;1135121;6 in 1;https://www.getyourguide.com/cahuita-l149254/6-in-1-tour-cahuita-national-park-tortuguero-canals-more-t1135121/
Costa Rica;manuel-antonio-l142888;1161853;Manuel antonio nauyaca waterfalls hike swim;https://www.getyourguide.com/manuel-antonio-l142888/manuel-antonio-nauyaca-waterfalls-hike-swim-t1161853/
Costa Rica;la-fortuna-l1904;1199142;Seafood culinary;https://www.getyourguide.com/la-fortuna-l1904/seafood-culinary-tour-to-puntarenas-floating-restaurant-by-boat-t1199142/
Costa Rica;tamarindo-l995;453510;Tamarindo discover freediving course;https://www.getyourguide.com/tamarindo-l995/tamarindo-discover-freediving-course-t453510/
Costa Rica;tamarindo-l995;31907;Tamarindo all inclusive catamaran sailing;https://www.getyourguide.com/tamarindo-l995/tamarindo-all-inclusive-catamaran-sailing-tour-t31907/
Costa Rica;tortuguero-l179461;631488;Tortuguero;https://www.getyourguide.com/tortuguero-l179461/tortuguero-turtle-nesting-night-tour-t631488/
Costa Rica;la-fortuna-l1904;420664;La fortuna safari float on;https://www.getyourguide.com/la-fortuna-l1904/la-fortuna-safari-float-on-the-penas-blancas-river-t420664/
Costa Rica;la-fortuna-l1904;453785;La fortuna s best biggest and most scenic canopy ziplining;https://www.getyourguide.com/la-fortuna-l1904/la-fortuna-s-best-biggest-and-most-scenic-canopy-ziplining-t453785/
Costa Rica;quepos-l32284;832347;Night;https://www.getyourguide.com/quepos-l32284/night-tour-in-authentic-forest-t832347/
Costa Rica;la-fortuna-l1904;834801;La fortuna bungee jump canopy zipline;https://www.getyourguide.com/la-fortuna-l1904/la-fortuna-bungee-jump-canopy-zipline-t834801/
Costa Rica;la-fortuna-l1904;986154;La fortuna arenal river;https://www.getyourguide.com/la-fortuna-l1904/la-fortuna-arenal-river-tubing-adventure-t986154/
Costa Rica;bijagua-de-upala-l215361;931198;Bijagua ancestral cooking workshop;https://www.getyourguide.com/bijagua-de-upala-l215361/bijagua-ancestral-cooking-workshop-t931198/
Costa Rica;manuel-antonio-l142888;1149172;Manuel antonio jungle waterfall mountain bike;https://www.getyourguide.com/manuel-antonio-l142888/manuel-antonio-jungle-waterfall-mountain-bike-tour-t1149172/
Costa Rica;tamarindo-l995;1168026;Capitan island kayaking snorkeling experience with snacks;https://www.getyourguide.com/tamarindo-l995/capitan-island-kayaking-snorkeling-experience-with-snacks-t1168026/
Costa Rica;manuel-antonio-l142888;457269;Atv;https://www.getyourguide.com/manuel-antonio-l142888/atv-tour-manuel-antonio-off-road-rainforest-waterfalls-t457269/
Costa Rica;santa-cruz-costa-rica-l184589;508819;Tamarindo morning family nature catamaran;https://www.getyourguide.com/santa-cruz-costa-rica-l184589/tamarindo-morning-family-nature-catamaran-tour-kids-fun-t508819/
Costa Rica;manuel-antonio-l142888;827876;Manuel antonio savegre whitewater rafting waterfall;https://www.getyourguide.com/manuel-antonio-l142888/manuel-antonio-savegre-whitewater-rafting-waterfall-tour-t827876/
Costa Rica;tamarindo-l995;831073;Tamarindo;https://www.getyourguide.com/tamarindo-l995/tamarindo-tamarindo-estuary-boat-tour-with-naturalist-guide-t831073/
Costa Rica;bahia-ballena-l194318;849866;Uvita bird watching;https://www.getyourguide.com/bahia-ballena-l194318/uvita-bird-watching-tour-t849866/
Costa Rica;monteverde-l2135;878217;Full day excursion in;https://www.getyourguide.com/monteverde-l2135/full-day-excursion-in-the-cloud-forest-t878217/
Costa Rica;brasilito-l169708;974492;Playa conchalbrasilito atv horseback riding combo;https://www.getyourguide.com/brasilito-l169708/playa-conchalbrasilito-atv-horseback-riding-combo-tour-t974492/
Costa Rica;la-fortuna-l1904;990891;El castillo permaculture;https://www.getyourguide.com/la-fortuna-l1904/el-castillo-permaculture-tour-and-cacao-workshop-at-essence-arenal-t990891/
Costa Rica;tortuguero-l179461;768496;Tortuguero canoe adventure;https://www.getyourguide.com/tortuguero-l179461/tortuguero-canoe-adventure-tour-t768496/
Costa Rica;jaco-l667;834037;Jaco puntarenas waterfalls and 4x4 experience;https://www.getyourguide.com/jaco-l667/jaco-puntarenas-waterfalls-and-4x4-experience-t834037/
Costa Rica;puerto-viejo-de-talamanca-l158223;903202;Epic manzanillo combo;https://www.getyourguide.com/puerto-viejo-de-talamanca-l158223/epic-manzanillo-combo-tour-snorkel-dolphins-farm-tour-t903202/
Costa Rica;manuel-antonio-l142888;962772;Tocori nighttime wildlife hike at villanueva quepos;https://www.getyourguide.com/manuel-antonio-l142888/tocori-nighttime-wildlife-hike-at-villanueva-quepos-t962772/
Costa Rica;guapiles-l180439;1008425;Limon night walk rainforest experience;https://www.getyourguide.com/guapiles-l180439/limon-night-walk-rainforest-experience-t1008425/
Costa Rica;san-jose-costa-rica-l379;1234933;San jose la chimba mantra;https://www.getyourguide.com/san-jose-costa-rica-l379/san-jose-la-chimba-mantra-trail-4x4-tour-coffee-tasting-t1234933/
Costa Rica;la-fortuna-l1904;24996;Arenal volcano rainforest natural history walk;https://www.getyourguide.com/la-fortuna-l1904/arenal-volcano-rainforest-natural-history-walk-t24996/
Costa Rica;san-jose-costa-rica-l379;69776;From san jose 25 hour costa rica atlantic zip line;https://www.getyourguide.com/san-jose-costa-rica-l379/from-san-jose-25-hour-costa-rica-atlantic-zip-line-tour-t69776/
Costa Rica;la-fortuna-l1904;1156988;Full day safari with breakfast at;https://www.getyourguide.com/la-fortuna-l1904/full-day-safari-with-breakfast-at-the-rio-penas-blancas-farm-t1156988/
Costa Rica;tamarindo-l995;1207178;Puro vino;https://www.getyourguide.com/tamarindo-l995/puro-vino-tamarindo-wine-pedal-powered-tour-t1207178/
Costa Rica;la-fortuna-l1904;473411;La fortuna ecocentro danaus rainforest night expedition;https://www.getyourguide.com/la-fortuna-l1904/la-fortuna-ecocentro-danaus-rainforest-night-expedition-t473411/
Costa Rica;monteverde-l2135;1309978;Monteverde birdwatching;https://www.getyourguide.com/monteverde-l2135/monteverde-birdwatching-tour-with-guide-t1309978/
Costa Rica;jaco-l667;906459;Jaco 3 hrs atv adventure with waterfalls and sky view;https://www.getyourguide.com/jaco-l667/jaco-3-hrs-atv-adventure-with-waterfalls-and-sky-view-t906459/
Costa Rica;portalon-l227787;1031074;Manuel antonio paddle board full day waterfall;https://www.getyourguide.com/portalon-l227787/manuel-antonio-paddle-board-full-day-waterfall-tour-t1031074/
Costa Rica;las-catalinas-l179131;748311;Palo verde;https://www.getyourguide.com/las-catalinas-l179131/palo-verde-tempisque-river-wildlife-safari-with-lunch-t748311/
Costa Rica;manuel-antonio-l142888;1159373;Manuel antonio night;https://www.getyourguide.com/manuel-antonio-l142888/manuel-antonio-night-tour-with-dayana-in-french-t1159373/
Costa Rica;tortuguero-l179461;838812;Tortuguero;https://www.getyourguide.com/tortuguero-l179461/tortuguero-turtle-nesting-tour-in-their-natural-habitat-t838812/
Costa Rica;las-catalinas-l179131;846125;Las catalinas costa rica;https://www.getyourguide.com/las-catalinas-l179131/las-catalinas-costa-rica-the-5-best-things-to-do-all-tours-t846125/
Costa Rica;santa-teresa-costa-rica-l2458;1186626;Santa;https://www.getyourguide.com/santa-teresa-costa-rica-l2458/santa-teresa-guided-horseback-riding-jungle-beach-tour-t1186626/
Costa Rica;manuel-antonio-l142888;863928;Rainforest after dark by jeremias solano;https://www.getyourguide.com/manuel-antonio-l142888/rainforest-after-dark-by-jeremias-solano-t863928/
Costa Rica;katira-costa-rica-l184505;881175;Tubing on rio celeste fun natural pools fresh fruit;https://www.getyourguide.com/katira-costa-rica-l184505/tubing-on-rio-celeste-fun-natural-pools-fresh-fruit-t881175/
Costa Rica;san-jose-costa-rica-l379;898619;San jose zipline la carpintera;https://www.getyourguide.com/san-jose-costa-rica-l379/san-jose-zipline-la-carpintera-tour-t898619/
Costa Rica;punta-uva-l220419;901959;Costa rica guided nature hike in cahuita national park;https://www.getyourguide.com/punta-uva-l220419/costa-rica-guided-nature-hike-in-cahuita-national-park-t901959/
Costa Rica;liberia-costa-rica-l381;1245869;Papagayo peninsula rincon de la vieja park guided hike;https://www.getyourguide.com/liberia-costa-rica-l381/papagayo-peninsula-rincon-de-la-vieja-park-guided-hike-t1245869/
Costa Rica;tortuguero-l179461;1260697;Special boat;https://www.getyourguide.com/tortuguero-l179461/special-boat-transport-tortuguero-moin-and-vice-versa-t1260697/
Costa Rica;quepos-l32284;1029917;Manuel antonio national park all inclusive guided;https://www.getyourguide.com/quepos-l32284/manuel-antonio-national-park-all-inclusive-guided-tour-t1029917/
Costa Rica;puerto-viejo-de-talamanca-l158223;1063942;Puerto viejo explore;https://www.getyourguide.com/puerto-viejo-de-talamanca-l158223/puerto-viejo-explore-the-giant-ceibo-tree-with-an-accessible-aerial-circuit-t1063942/
Costa Rica;uvita-costa-rica-l187790;539985;Uvita beach junglewaterfalls mountain bike;https://www.getyourguide.com/uvita-costa-rica-l187790/uvita-beach-junglewaterfalls-mountain-bike-tour-in-uvita-t539985/
Costa Rica;uvita-costa-rica-l187790;609518;Uvita dominical private kayak;https://www.getyourguide.com/uvita-costa-rica-l187790/uvita-dominical-private-kayak-tour-mangroves-of-terraba-t609518/
Costa Rica;uvita-costa-rica-l187790;825078;Uvita corcovado national park san pedrillo from uvita 1 day excursion;https://www.getyourguide.com/uvita-costa-rica-l187790/uvita-corcovado-national-park-san-pedrillo-from-uvita-1-day-excursion-t825078/
Costa Rica;uvita-costa-rica-l187790;431917;Uvita private atv;https://www.getyourguide.com/uvita-costa-rica-l187790/uvita-private-atv-tour-with-coconut-rum-tasting-t431917/
Costa Rica;la-fortuna-l1904;834825;La fortuna white water rafting canyoning;https://www.getyourguide.com/la-fortuna-l1904/la-fortuna-white-water-rafting-canyoning-tarzan-swing-t834825/
Costa Rica;san-jose-costa-rica-l379;504867;Private;https://www.getyourguide.com/san-jose-costa-rica-l379/private-transportation-san-jose-to-jaco-or-viceversa-t504867/
Costa Rica;curubande-de-liberia-l191170;1043714;La leona waterfall adventure hike;https://www.getyourguide.com/curubande-de-liberia-l191170/la-leona-waterfall-adventure-hike-t1043714/
Costa Rica;puerto-jimenez-l32268;1092499;Puerto jimenez private full day;https://www.getyourguide.com/puerto-jimenez-l32268/puerto-jimenez-private-full-day-tour-to-sirena-in-corcovado-t1092499/
Costa Rica;quepos-l32284;769955;Manuel antonio national park night;https://www.getyourguide.com/quepos-l32284/manuel-antonio-national-park-night-tour-t769955/
Costa Rica;liberia-costa-rica-l381;852734;La leona waterfall hike;https://www.getyourguide.com/liberia-costa-rica-l381/la-leona-waterfall-hike-tubing-and-lunch-t852734/
Costa Rica;quebrada-ganado-l220439;857846;Costa rica puntarenas atv ride and zipline adventure;https://www.getyourguide.com/quebrada-ganado-l220439/costa-rica-puntarenas-atv-ride-and-zipline-adventure-t857846/
Costa Rica;la-fortuna-l1904;382875;La fortuna rainforest chocolate;https://www.getyourguide.com/la-fortuna-l1904/la-fortuna-rainforest-chocolate-tour-t382875/
Costa Rica;puntarenas-l32285;418891;From puntarenas;https://www.getyourguide.com/puntarenas-l32285/from-puntarenas-tortuga-island-vip-tour-full-day-t418891/
Costa Rica;la-fortuna-l1904;482753;La fortuna atv adventure;https://www.getyourguide.com/la-fortuna-l1904/la-fortuna-atv-adventure-t482753/
Costa Rica;nosara-l184507;482980;Nosara river wildlife safari by raft with;https://www.getyourguide.com/nosara-l184507/nosara-river-wildlife-safari-by-raft-with-transfer-snack-t482980/
Costa Rica;puntarenas-l32285;873230;Monteverde night walk;https://www.getyourguide.com/puntarenas-l32285/monteverde-night-walk-through-the-forest-with-a-guide-t873230/
Costa Rica;quepos-l32284;884348;Manuel antonio eco maritime adventure;https://www.getyourguide.com/quepos-l32284/manuel-antonio-eco-maritime-adventure-t884348/
Costa Rica;manuel-antonio-l142888;573163;Manuel antonio night jungle;https://www.getyourguide.com/manuel-antonio-l142888/manuel-antonio-night-jungle-tour-t573163/
Costa Rica;santa-elena-costa-rica-l180411;939112;Santa elena private guided walk in;https://www.getyourguide.com/santa-elena-costa-rica-l180411/santa-elena-private-guided-walk-in-the-cloud-forest-reserve-t939112/
Costa Rica;la-fortuna-l1904;1033118;La fortuna waterfall visit and atv ride with lunch from san jose;https://www.getyourguide.com/la-fortuna-l1904/la-fortuna-waterfall-visit-and-atv-ride-with-lunch-from-san-jose-t1033118/
Costa Rica;quepos-l32284;646684;Kayak expedition monkey mangrove safari;https://www.getyourguide.com/quepos-l32284/kayak-expedition-monkey-mangrove-safari-t646684/
Costa Rica;playa-flamingo-l1548;684675;Guanacaste catamaran sunset sail cruise snorkeling;https://www.getyourguide.com/playa-flamingo-l1548/guanacaste-catamaran-sunset-sail-cruise-snorkeling-t684675/
Costa Rica;san-jose-costa-rica-l379;693853;San jose highlights walking;https://www.getyourguide.com/san-jose-costa-rica-l379/san-jose-highlights-walking-tour-with-a-guide-t693853/
Costa Rica;san-jose-costa-rica-l379;1112074;San jose walking;https://www.getyourguide.com/san-jose-costa-rica-l379/san-jose-walking-tour-with-local-guide-t1112074/
Costa Rica;monteverde-l2135;1159150;Selvatura gold experience;https://www.getyourguide.com/monteverde-l2135/selvatura-gold-experience-t1159150/
Costa Rica;puntarenas-l32285;588476;Full day adventure corcovado;https://www.getyourguide.com/puntarenas-l32285/full-day-adventure-corcovado-t588476/
Costa Rica;san-jose-costa-rica-l379;1229278;Coffee sightseeing;https://www.getyourguide.com/san-jose-costa-rica-l379/coffee-sightseeing-tour-in-the-los-santos-area-from-the-coffee-plantation-to-the-cup-tasting-and-pairing-t1229278/
Costa Rica;monteverde-l2135;1234930;Monteverde canopy;https://www.getyourguide.com/monteverde-l2135/monteverde-canopy-trapiche-frog-tour-t1234930/
Costa Rica;uvita-costa-rica-l187790;1126978;Sloth;https://www.getyourguide.com/uvita-costa-rica-l187790/sloth-tour-ballena-national-marine-park-hike-t1126978/
Costa Rica;liberia-costa-rica-l381;508304;Combo lunch oropendola waterfall;https://www.getyourguide.com/liberia-costa-rica-l381/combo-lunch-oropendola-waterfall-t508304/
Costa Rica;tamarindo-l995;32803;Sunset sailing snorkeling;https://www.getyourguide.com/tamarindo-l995/sunset-sailing-snorkeling-tour-playa-tamarindo-t32803/
Costa Rica;puerto-jimenez-l32268;1257826;Puerto jimenez kayak sightseeing;https://www.getyourguide.com/puerto-jimenez-l32268/puerto-jimenez-kayak-sightseeing-tour-of-the-mangrove-canals-t1257826/
Costa Rica;la-fortuna-l1904;604968;La fortuna hanging bridges guided hike rainforest wildlife;https://www.getyourguide.com/la-fortuna-l1904/la-fortuna-hanging-bridges-guided-hike-rainforest-wildlife-t604968/
Costa Rica;santa-cruz-costa-rica-l184589;1298615;Guanacaste zipline adventure with;https://www.getyourguide.com/santa-cruz-costa-rica-l184589/guanacaste-zipline-adventure-with-tarzan-swing-t1298615/
Costa Rica;tamarindo-l995;450417;Tamarindo sunset catamaran pacific lounge;https://www.getyourguide.com/tamarindo-l995/tamarindo-sunset-catamaran-pacific-lounge-tour-t450417/
Costa Rica;la-fortuna-l1904;129393;Arenal volcano raft and atv sgl;https://www.getyourguide.com/la-fortuna-l1904/arenal-volcano-raft-and-atv-sgl-tour-adventure-t129393/
Costa Rica;la-fortuna-l1904;523617;Private arenal full day;https://www.getyourguide.com/la-fortuna-l1904/private-arenal-full-day-tour-3-activities-lunch-at-jalapas-t523617/
Costa Rica;la-fortuna-l1904;313538;Lake arenal sunset cruise with moonshine;https://www.getyourguide.com/la-fortuna-l1904/lake-arenal-sunset-cruise-with-moonshine-t313538/
Costa Rica;la-fortuna-l1904;428732;River rafting;https://www.getyourguide.com/la-fortuna-l1904/river-rafting-tour-in-arenal-with-costa-rican-lunch-t428732/
Costa Rica;quepos-l32284;905329;Quepos damas island authentic local mangrove boat;https://www.getyourguide.com/quepos-l32284/quepos-damas-island-authentic-local-mangrove-boat-tour-t905329/
Costa Rica;uvita-costa-rica-l187790;523022;Uvita horseback riding costa rica;https://www.getyourguide.com/uvita-costa-rica-l187790/uvita-horseback-riding-costa-rica-t523022/
Costa Rica;quepos-l32284;625210;Manuel antonio mangrove boat;https://www.getyourguide.com/quepos-l32284/manuel-antonio-mangrove-boat-tour-to-see-animals-t625210/
Costa Rica;monteverde-l2135;942573;Monteverde cloud forest reserve guided hike;https://www.getyourguide.com/monteverde-l2135/monteverde-cloud-forest-reserve-guided-hike-t942573/
Costa Rica;canas-dulces-l233902;946959;Rincon de la vieja rainforest wildlife night;https://www.getyourguide.com/canas-dulces-l233902/rincon-de-la-vieja-rainforest-wildlife-night-tour-t946959/
Costa Rica;quepos-l32284;858853;Guided hike;https://www.getyourguide.com/quepos-l32284/guided-hike-through-the-manuel-antonio-rainforest-with-optical-equipment-t858853/
Costa Rica;monteverde-l2135;1065670;Monteverde coffee sugar cane and chocolate;https://www.getyourguide.com/monteverde-l2135/monteverde-coffee-sugar-cane-and-chocolate-tour-t1065670/
Costa Rica;manuel-antonio-l142888;928852;Manuel antonio national park guided hike;https://www.getyourguide.com/manuel-antonio-l142888/manuel-antonio-national-park-guided-hike-t928852/
Costa Rica;tortuguero-l179461;1298472;Tortuguero la pavona boat;https://www.getyourguide.com/tortuguero-l179461/tortuguero-la-pavona-boat-transfer-t1298472/
Costa Rica;samara-l179139;1136296;Samara costa rican local cuisine class with hotel pickup;https://www.getyourguide.com/samara-l179139/samara-costa-rican-local-cuisine-class-with-hotel-pickup-t1136296/
Costa Rica;la-fortuna-l1904;1134211;La fortuna sloth watching;https://www.getyourguide.com/la-fortuna-l1904/la-fortuna-sloth-watching-tour-with-butterfly-conservatory-t1134211/
Costa Rica;liberia-costa-rica-l381;425954;Guanacaste rincon de la vieja park adventure pass;https://www.getyourguide.com/liberia-costa-rica-l381/guanacaste-rincon-de-la-vieja-park-adventure-pass-t425954/
Costa Rica;san-jose-costa-rica-l379;431904;From san jose 6 in 1 rainforest bridges cables adventure;https://www.getyourguide.com/san-jose-costa-rica-l379/from-san-jose-6-in-1-rainforest-bridges-cables-adventure-t431904/
Costa Rica;liberia-costa-rica-l381;1208956;Liberia;https://www.getyourguide.com/liberia-costa-rica-l381/liberia-tree-planting-sunset-and-dinner-at-a-farm-t1208956/
Costa Rica;sierpe-l238757;1216135;Sierpe private boat;https://www.getyourguide.com/sierpe-l238757/sierpe-private-boat-transfer-to-drake-bay-t1216135/
Costa Rica;la-fortuna-l1904;38137;Arenal volcano national park walk in costa rica;https://www.getyourguide.com/la-fortuna-l1904/arenal-volcano-national-park-walk-in-costa-rica-t38137/
Costa Rica;jaco-l667;124619;The explorer waterfall;https://www.getyourguide.com/jaco-l667/the-explorer-waterfall-tour-t124619/
Costa Rica;quepos-l32284;722360;Manuel antonio national park guided;https://www.getyourguide.com/quepos-l32284/manuel-antonio-national-park-guided-tour-t722360/
Costa Rica;agujitas-de-drake-l230887;724785;Drake bay wildlife;https://www.getyourguide.com/agujitas-de-drake-l230887/drake-bay-wildlife-tour-at-night-with-naturalist-guide-t724785/
Costa Rica;san-jose-costa-rica-l379;469122;San jose private custom;https://www.getyourguide.com/san-jose-costa-rica-l379/san-jose-private-custom-tour-with-a-local-guide-t469122/
Costa Rica;la-fortuna-l1904;611391;Rain forest night walk;https://www.getyourguide.com/la-fortuna-l1904/rain-forest-night-walk-t611391/
Costa Rica;jaco-l667;873911;Jaco beach costa rica horseback riding experience;https://www.getyourguide.com/jaco-l667/jaco-beach-costa-rica-horseback-riding-experience-t873911/
Costa Rica;quepos-l32284;885665;Manuel antonio national park guided;https://www.getyourguide.com/quepos-l32284/manuel-antonio-national-park-guided-tour-with-beach-time-t885665/
Costa Rica;quepos-l32284;720917;Manuel antonio ocean kayak;https://www.getyourguide.com/quepos-l32284/manuel-antonio-ocean-kayak-to-biesanz-beach-snorkling-t720917/
Costa Rica;nuevo-arenal-l179120;1049752;Nuevo arenal zipline adventure;https://www.getyourguide.com/nuevo-arenal-l179120/nuevo-arenal-zipline-adventure-tour-t1049752/
Costa Rica;manuel-antonio-l142888;790837;True jungle night;https://www.getyourguide.com/manuel-antonio-l142888/true-jungle-night-tour-manuel-antonio-area-t790837/
Costa Rica;tortuguero-l179461;623529;Tortuguero;https://www.getyourguide.com/tortuguero-l179461/tortuguero-turtle-nesting-night-tour-t623529/
Costa Rica;san-jose-costa-rica-l379;1095077;San jose la fortuna;https://www.getyourguide.com/san-jose-costa-rica-l379/san-jose-la-fortuna-transfer-with-coffee-tour-at-doka-farm-t1095077/
Costa Rica;las-catalinas-l179131;871056;Manuel antonio puntarenas costa rica horseback riding;https://www.getyourguide.com/las-catalinas-l179131/manuel-antonio-puntarenas-costa-rica-horseback-riding-t871056/
Costa Rica;la-virgen-l220623;880171;Sarapiqui;https://www.getyourguide.com/la-virgen-l220623/sarapiqui-the-adrenaline-of-the-sarapiqui-rapids-t880171/
Costa Rica;san-jose-costa-rica-l379;882522;San jose exclusive bar pub crawl with drinks and club entrys;https://www.getyourguide.com/san-jose-costa-rica-l379/san-jose-exclusive-bar-pub-crawl-with-drinks-and-club-entrys-t882522/
Costa Rica;tortuguero-l179461;1144250;Tortuguero wild;https://www.getyourguide.com/tortuguero-l179461/tortuguero-wild-trilogy-canoe-trails-night-walk-t1144250/
Costa Rica;la-fortuna-l1904;1275447;Farm experience in la fortuna animals and cooking;https://www.getyourguide.com/la-fortuna-l1904/farm-experience-in-la-fortuna-animals-and-cooking-t1275447/
Costa Rica;cahuita-l149254;1276828;Cahuita hike bri bri chocolate;https://www.getyourguide.com/cahuita-l149254/cahuita-hike-bri-bri-chocolate-tour-lunch-t1276828/
Costa Rica;la-fortuna-l1904;1050687;La fortuna hummingbird forest butterfly farm hot springs;https://www.getyourguide.com/la-fortuna-l1904/la-fortuna-hummingbird-forest-butterfly-farm-hot-springs-t1050687/
Costa Rica;san-jose-costa-rica-l379;193292;Monteverde hanging bridges day;https://www.getyourguide.com/san-jose-costa-rica-l379/monteverde-hanging-bridges-day-trip-from-san-jose-t193292/
Costa Rica;san-jose-costa-rica-l379;431851;San jose coffee production;https://www.getyourguide.com/san-jose-costa-rica-l379/san-jose-coffee-production-tour-and-tasting-t431851/
Costa Rica;santa-elena-costa-rica-l180411;1216879;Unique gastronomic experience in monteverde forest flavors;https://www.getyourguide.com/santa-elena-costa-rica-l180411/unique-gastronomic-experience-in-monteverde-forest-flavors-t1216879/
Costa Rica;bahia-ballena-l194318;521208;Uvita waterfall surfing discover costa rica private;https://www.getyourguide.com/bahia-ballena-l194318/uvita-waterfall-surfing-discover-costa-rica-private-tour-t521208/
Costa Rica;la-fortuna-l1904;237777;Arenal safari kayak wildlife;https://www.getyourguide.com/la-fortuna-l1904/arenal-safari-kayak-wildlife-t237777/
Costa Rica;manuel-antonio-l142888;1291687;Manuel antonio nighttime jungle;https://www.getyourguide.com/manuel-antonio-l142888/manuel-antonio-nighttime-jungle-tour-with-photos-t1291687/
Costa Rica;san-jose-costa-rica-l379;120566;From san jose 1 day arenal volcano;https://www.getyourguide.com/san-jose-costa-rica-l379/from-san-jose-1-day-arenal-volcano-tour-with-lunch-dinner-t120566/
Costa Rica;heredia-l2757;126347;Sarapiqui river rafting;https://www.getyourguide.com/heredia-l2757/sarapiqui-river-rafting-t126347/
Costa Rica;rio-banano-l215702;799975;Kayak adventure in;https://www.getyourguide.com/rio-banano-l215702/kayak-adventure-in-the-caribbean-just-a-few-steps-away-from-the-cruise-ship-pier--t799975/
Costa Rica;san-jose-costa-rica-l379;431900;From san jose irazu volcano hacienda orosi hot springs;https://www.getyourguide.com/san-jose-costa-rica-l379/from-san-jose-irazu-volcano-hacienda-orosi-hot-springs-t431900/
Costa Rica;brasilito-l169708;974509;Horseback riding massages beach;https://www.getyourguide.com/brasilito-l169708/horseback-riding-massages-beach-tour-t974509/
Costa Rica;manuel-antonio-l142888;513076;From manuel antonio atv;https://www.getyourguide.com/manuel-antonio-l142888/from-manuel-antonio-atv-tour-half-day-trip-t513076/
Costa Rica;golfito-l205806;1049319;Golfito costa rica amazing day wreck or reef dive;https://www.getyourguide.com/golfito-l205806/golfito-costa-rica-amazing-day-wreck-or-reef-dive-trips-t1049319/
Costa Rica;tamarindo-l995;813095;Tamarindo surf lesson with a local instructor;https://www.getyourguide.com/tamarindo-l995/tamarindo-surf-lesson-with-a-local-instructor-t813095/
Costa Rica;jaco-l667;677464;From jaco monkey mangrove;https://www.getyourguide.com/jaco-l667/from-jaco-monkey-mangrove-tour-t677464/
Costa Rica;tortuguero-l179461;870552;Tortuguero nocturnal deep jungle hike;https://www.getyourguide.com/tortuguero-l179461/tortuguero-nocturnal-deep-jungle-hike-t870552/
Costa Rica;la-fortuna-l1904;907977;La fortuna waterfall admission;https://www.getyourguide.com/la-fortuna-l1904/la-fortuna-waterfall-admission-ticket-t907977/
Costa Rica;san-jose-costa-rica-l379;780056;Between wheels and flavors of san jose;https://www.getyourguide.com/san-jose-costa-rica-l379/between-wheels-and-flavors-of-san-jose-t780056/
Costa Rica;monteverde-l2135;1283834;Monteverde;https://www.getyourguide.com/monteverde-l2135/monteverde-tortuga-island-day-trip-with-lunch-snorkeling-t1283834/
Costa Rica;monteverde-l2135;905043;Nature expedition in search of;https://www.getyourguide.com/monteverde-l2135/nature-expedition-in-search-of-toucans-t905043/
Costa Rica;la-fortuna-l1904;425831;La fortuna lake arenal kayaking personalized experience;https://www.getyourguide.com/la-fortuna-l1904/la-fortuna-lake-arenal-kayaking-personalized-experience-t425831/
Costa Rica;la-fortuna-l1904;433195;From la fortuna;https://www.getyourguide.com/la-fortuna-l1904/from-la-fortuna-transfer-to-monteverde-via-arenal-lake-t433195/
Costa Rica;san-jose-costa-rica-l379;465961;San jose irazu;https://www.getyourguide.com/san-jose-costa-rica-l379/san-jose-irazu-turrialba-volcanos-orosi-valley-day-tour-t465961/
Costa Rica;tarcoles-l186144;1272953;From jaco monkey encounter crocodile bridge lunch;https://www.getyourguide.com/tarcoles-l186144/from-jaco-monkey-encounter-crocodile-bridge-lunch-t1272953/
Costa Rica;la-fortuna-l1904;1188782;Fortuna night walk amphibians conservation focused farm;https://www.getyourguide.com/la-fortuna-l1904/fortuna-night-walk-amphibians-conservation-focused-farm-t1188782/
Costa Rica;uvita-costa-rica-l187790;554430;Corcovado national park;https://www.getyourguide.com/uvita-costa-rica-l187790/corcovado-national-park-three-days-and-two-nights-corcovado-t554430/
Costa Rica;tortuguero-l179461;1308570;Tortuguero rainforest wildlife walk and beach experience;https://www.getyourguide.com/tortuguero-l179461/tortuguero-rainforest-wildlife-walk-and-beach-experience-t1308570/
Costa Rica;tamarindo-l995;739325;Tamarindo;https://www.getyourguide.com/tamarindo-l995/tamarindo-turtle-nesting-tour-tamarindo-guanacaste-cr-t739325/
Costa Rica;monteverde-l2135;745009;Cloud forest adventure hike;https://www.getyourguide.com/monteverde-l2135/cloud-forest-adventure-hike-the-mystical-canopy-t745009/
Costa Rica;quepos-l32284;95886;Damas island mangrove s boat;https://www.getyourguide.com/quepos-l32284/damas-island-mangrove-s-boat-tour-t95886/
Costa Rica;la-fortuna-l1904;822802;Twilight;https://www.getyourguide.com/la-fortuna-l1904/twilight-tours-in-arenal-and-tortillas-cooking-class-t822802/
Costa Rica;la-fortuna-l1904;164529;La fortuna mistico arenal hanging bridges park and lunch;https://www.getyourguide.com/la-fortuna-l1904/la-fortuna-mistico-arenal-hanging-bridges-park-and-lunch-t164529/
Costa Rica;playa-hermosa-l32230;850779;Private;https://www.getyourguide.com/playa-hermosa-l32230/private-transfer-from-san-jose-airport-to-playa-hermosa-jaco-t850779/
Costa Rica;quebrada-ganado-l220439;857830;Costa rica 2 hour jungle and beach atv adventure;https://www.getyourguide.com/quebrada-ganado-l220439/costa-rica-2-hour-jungle-and-beach-atv-adventure-t857830/
Costa Rica;roxana-costa-rica-l215393;880468;Night;https://www.getyourguide.com/roxana-costa-rica-l215393/night-tour-in-the-tortuguero-national-park-t880468/
Costa Rica;puntarenas-l32285;939128;Monteverde guided night walk in monteverde;https://www.getyourguide.com/puntarenas-l32285/monteverde-guided-night-walk-in-monteverde-t939128/
Costa Rica;la-fortuna-l1904;593731;Private;https://www.getyourguide.com/la-fortuna-l1904/private-transport-la-fortuna-de-arenal-to-san-jose-t593731/
Costa Rica;alajuela-l145894;559710;San jose airport;https://www.getyourguide.com/alajuela-l145894/san-jose-airport-transfer-to-san-jose-hotels-or-return-t559710/
Costa Rica;manuel-antonio-l142888;1140104;Manuel antonio surf clinic with lunch and pool session;https://www.getyourguide.com/manuel-antonio-l142888/manuel-antonio-surf-clinic-with-lunch-and-pool-session-t1140104/
Costa Rica;la-fortuna-l1904;824045;Hot springs pura vida river and;https://www.getyourguide.com/la-fortuna-l1904/hot-springs-pura-vida-river-and-thermal-pool-access-t824045/
Costa Rica;la-fortuna-l1904;1199162;La fortuna volcano hike and natural;https://www.getyourguide.com/la-fortuna-l1904/la-fortuna-volcano-hike-and-natural-thermomineral-springs-t1199162/
Costa Rica;punta-uva-l220419;858775;Punta uva kayak rainforest hike;https://www.getyourguide.com/punta-uva-l220419/punta-uva-kayak-rainforest-hike-t858775/
Costa Rica;santa-cruz-costa-rica-l184589;864827;Guanacaste atv beach and mountain adventure;https://www.getyourguide.com/santa-cruz-costa-rica-l184589/guanacaste-atv-beach-and-mountain-adventure-t864827/
Costa Rica;la-fortuna-l1904;1262610;La fortuna arenal park visit hot springs with meal;https://www.getyourguide.com/la-fortuna-l1904/la-fortuna-arenal-park-visit-hot-springs-with-meal-t1262610/
Costa Rica;quepos-l32284;891604;The heart of quepos history and culture;https://www.getyourguide.com/quepos-l32284/the-heart-of-quepos-history-and-culture-tour-t891604/
Costa Rica;liberia-costa-rica-l381;937230;Costa rica longest and fastest hidden jungle water slide;https://www.getyourguide.com/liberia-costa-rica-l381/costa-rica-longest-and-fastest-hidden-jungle-water-slide-t937230/
Costa Rica;monteverde-l2135;1065471;Monteverde coffee;https://www.getyourguide.com/monteverde-l2135/monteverde-coffee-tour-and-night-walk-t1065471/
Costa Rica;jaco-l667;206004;Jaco beach 2 hour atv;https://www.getyourguide.com/jaco-l667/jaco-beach-2-hour-atv-tour-with-waterfall-stop-t206004/
Costa Rica;puerto-viejo-de-talamanca-l158223;1102431;Puerto viejo food and culture walking;https://www.getyourguide.com/puerto-viejo-de-talamanca-l158223/puerto-viejo-food-and-culture-walking-tour-t1102431/
Costa Rica;tortuguero-l179461;1229420;Tortuguero limon daytime hike along;https://www.getyourguide.com/tortuguero-l179461/tortuguero-limon-daytime-hike-along-the-jaguar-trail-t1229420/
Costa Rica;coronado-costa-rica-l227503;1181985;Osa peninsula mangrove kayaking;https://www.getyourguide.com/coronado-costa-rica-l227503/osa-peninsula-mangrove-kayaking-tour-with-beach-break-t1181985/
Costa Rica;la-fortuna-l1904;440833;Sarapiqui river white water rafting class iv extreme;https://www.getyourguide.com/la-fortuna-l1904/sarapiqui-river-white-water-rafting-class-iv-extreme-t440833/
Costa Rica;puntarenas-l32285;474018;From puntarenas caldera 11 waterfalls zipline;https://www.getyourguide.com/puntarenas-l32285/from-puntarenas-caldera-11-waterfalls-zipline-tour-t474018/
Costa Rica;tamarindo-l995;571637;Sloth expedition and coffee and chocolate;https://www.getyourguide.com/tamarindo-l995/sloth-expedition-and-coffee-and-chocolate-tour-t571637/
Costa Rica;santa-teresa-costa-rica-l2458;777698;Santa;https://www.getyourguide.com/santa-teresa-costa-rica-l2458/santa-teresa-tortuga-island-full-day-boat-tour-with-snorkel-t777698/
Costa Rica;la-fortuna-l1904;428826;From la fortuna hanging bridges arenal volcano with lunch;https://www.getyourguide.com/la-fortuna-l1904/from-la-fortuna-hanging-bridges-arenal-volcano-with-lunch-t428826/
Costa Rica;liberia-costa-rica-l381;489502;Liberia la leona waterfall river;https://www.getyourguide.com/liberia-costa-rica-l381/liberia-la-leona-waterfall-river-tubing-t489502/
Costa Rica;manuel-antonio-l142888;944437;Manuel antonio national park hike with;https://www.getyourguide.com/manuel-antonio-l142888/manuel-antonio-national-park-hike-with-transportation-included-t944437/
Costa Rica;alajuela-l145894;593724;Shared shuttle manuel antonio;https://www.getyourguide.com/alajuela-l145894/shared-shuttle-manuel-antonio-to-san-jose-t593724/
Costa Rica;brasilito-l169708;495383;2 hours beach horseback riding;https://www.getyourguide.com/brasilito-l169708/2-hours-beach-horseback-riding-t495383/
Costa Rica;jaco-l667;512042;From jaco;https://www.getyourguide.com/jaco-l667/from-jaco-tortuga-island-boat-tour-with-lunch-and-transfer-t512042/
Costa Rica;la-fortuna-l1904;1037932;Arenal volcano sunrise birdwatching expedition;https://www.getyourguide.com/la-fortuna-l1904/arenal-volcano-sunrise-birdwatching-expedition-t1037932/
Costa Rica;manuel-antonio-l142888;669034;Manuel antonio surf lessons;https://www.getyourguide.com/manuel-antonio-l142888/manuel-antonio-surf-lessons-t669034/
Costa Rica;tamarindo-l995;790505;Super atv adventure on;https://www.getyourguide.com/tamarindo-l995/super-atv-adventure-on-trails-nature-and-off-road-roads-t790505/
Costa Rica;tortuguero-l179461;790940;Tortuguero canoe;https://www.getyourguide.com/tortuguero-l179461/tortuguero-canoe-tour-relaxing-tour-through-the-pnt-water-trails-t790940/
Costa Rica;nosara-l184507;1141932;Nosara golden sunset horseback riding;https://www.getyourguide.com/nosara-l184507/nosara-golden-sunset-horseback-riding-tour-t1141932/
Costa Rica;san-jose-costa-rica-l379;806427;From san jose poas volcano one day;https://www.getyourguide.com/san-jose-costa-rica-l379/from-san-jose-poas-volcano-one-day-tour-t806427/
Costa Rica;san-jose-costa-rica-l379;811826;Combo;https://www.getyourguide.com/san-jose-costa-rica-l379/combo-tour-poas-volcano-coffee-plantations-an-waterfalls-view-t811826/
Costa Rica;brasilito-l169708;812881;Guanacaste atv;https://www.getyourguide.com/brasilito-l169708/guanacaste-atv-tours-t812881/
Costa Rica;tamarindo-l995;739092;Tamarindo horseback;https://www.getyourguide.com/tamarindo-l995/tamarindo-horseback-to-conchal-beach-guanacaste-costa-rica-t739092/
Costa Rica;manuel-antonio-l142888;862982;Boat;https://www.getyourguide.com/manuel-antonio-l142888/boat-tour-of-the-quepos-mangroves-in-manuel-antonio-with-monkeys-t862982/
Costa Rica;monteverde-l2135;1268849;Monteverde cloud forest coffee farm;https://www.getyourguide.com/monteverde-l2135/monteverde-cloud-forest-coffee-farm-tour-with-tasting-t1268849/
Costa Rica;quepos-l32284;964062;Manuel antonio whale whatching all inclusive private yacht;https://www.getyourguide.com/quepos-l32284/manuel-antonio-whale-whatching-all-inclusive-private-yacht-t964062/
Costa Rica;puerto-jimenez-l32268;1159917;Corcovado national park private experience for couples 2d 1n;https://www.getyourguide.com/puerto-jimenez-l32268/corcovado-national-park-private-experience-for-couples-2d-1n-t1159917/
Costa Rica;bijagua-de-upala-l215361;1182629;Bijagua rainforest blue river swim from guanacaste hotels;https://www.getyourguide.com/bijagua-de-upala-l215361/bijagua-rainforest-blue-river-swim-from-guanacaste-hotels-t1182629/
Costa Rica;las-catalinas-l179131;425962;Guanacaste rincon de la vieja national park nature pass;https://www.getyourguide.com/las-catalinas-l179131/guanacaste-rincon-de-la-vieja-national-park-nature-pass-t425962/
Costa Rica;la-fortuna-l1904;430116;From la fortuna penas blancas river float guided day;https://www.getyourguide.com/la-fortuna-l1904/from-la-fortuna-penas-blancas-river-float-guided-day-trip-t430116/
Costa Rica;puerto-jimenez-l32268;1304428;Puerto jimenez nature horseback riding;https://www.getyourguide.com/puerto-jimenez-l32268/puerto-jimenez-nature-horseback-riding-tour-with-transportation-t1304428/
Costa Rica;la-fortuna-l1904;549814;Guaranteed sloths encounters near;https://www.getyourguide.com/la-fortuna-l1904/guaranteed-sloths-encounters-near-to-la-fortuna-t549814/
Costa Rica;puntarenas-l32285;1287743;Monteverde finca lantana sunset and night hike;https://www.getyourguide.com/puntarenas-l32285/monteverde-finca-lantana-sunset-and-night-hike-t1287743/
Costa Rica;heredia-l2757;128583;Hormigas;https://www.getyourguide.com/heredia-l2757/hormigas-town-ant-experience-t128583/
Costa Rica;quepos-l32284;80001;From quepos white water rafting savegre river;https://www.getyourguide.com/quepos-l32284/from-quepos-white-water-rafting-savegre-river-t80001/
Costa Rica;uvita-costa-rica-l187790;775745;Sierpe;https://www.getyourguide.com/uvita-costa-rica-l187790/sierpe-terraba-sierpe-mangrove-tour-with-boatkayak-t775745/
Costa Rica;tamarindo-l995;430117;Tamarindo private;https://www.getyourguide.com/tamarindo-l995/tamarindo-private-transport-to-liberia-t430117/
Costa Rica;la-fortuna-l1904;451558;La fortuna arenal mundo aventura birdwatching;https://www.getyourguide.com/la-fortuna-l1904/la-fortuna-arenal-mundo-aventura-birdwatching-tour-t451558/
Costa Rica;tamarindo-l995;596248;Tamarindo;https://www.getyourguide.com/tamarindo-l995/tamarindo-traditional-cooking-class-t596248/
Costa Rica;tortuguero-l179461;623502;Tortuguero night wildlife spotting and jungle walk;https://www.getyourguide.com/tortuguero-l179461/tortuguero-night-wildlife-spotting-and-jungle-walk-t623502/
Costa Rica;tortuguero-l179461;624493;La pavona shared boat;https://www.getyourguide.com/tortuguero-l179461/la-pavona-shared-boat-to-tortuguero-village-t624493/
Costa Rica;san-jose-costa-rica-l379;1061606;Sarapiqui river whitewater rafting adventure with snacks;https://www.getyourguide.com/san-jose-costa-rica-l379/sarapiqui-river-whitewater-rafting-adventure-with-snacks-t1061606/
Costa Rica;manuel-antonio-l142888;647682;Manuel antonio night walk;https://www.getyourguide.com/manuel-antonio-l142888/manuel-antonio-night-walk-t647682/
Costa Rica;san-jose-costa-rica-l379;672962;Small group cultural walking;https://www.getyourguide.com/san-jose-costa-rica-l379/small-group-cultural-walking-tour-in-san-jose-t672962/
Costa Rica;monteverde-l2135;754555;Curi cancha preserve;https://www.getyourguide.com/monteverde-l2135/curi-cancha-preserve-tours-t754555/
Costa Rica;la-fortuna-l1904;1161647;La fortuna nocturnal butterfly sanctuary and night walk;https://www.getyourguide.com/la-fortuna-l1904/la-fortuna-nocturnal-butterfly-sanctuary-and-night-walk-t1161647/
Costa Rica;la-fortuna-l1904;841090;Suspension bridges;https://www.getyourguide.com/la-fortuna-l1904/suspension-bridges-t841090/
Costa Rica;esquipulas-l210407;847637;Esquipulas private birdwatching experience;https://www.getyourguide.com/esquipulas-l210407/esquipulas-private-birdwatching-experience-t847637/
Costa Rica;monteverde-l2135;951981;Monteverde;https://www.getyourguide.com/monteverde-l2135/monteverde-treetram-cableway-and-cloud-forest-hiking-trail-t951981/
Costa Rica;liberia-costa-rica-l381;985309;Liberia guided walking city;https://www.getyourguide.com/liberia-costa-rica-l381/liberia-guided-walking-city-tour-t985309/
Costa Rica;quepos-l32284;1039063;2 hour kayak;https://www.getyourguide.com/quepos-l32284/2-hour-kayak-tour-in-quepos-mangroves-see-monkeys-sloths-t1039063/
Costa Rica;la-fortuna-l1904;1129363;La fortuna blue falls shuttle with free;https://www.getyourguide.com/la-fortuna-l1904/la-fortuna-blue-falls-shuttle-with-free-time-to-explore-t1129363/
Costa Rica;tilaran-costa-rica-l215003;1229100;Monteverde selvatura park full day admission;https://www.getyourguide.com/tilaran-costa-rica-l215003/monteverde-selvatura-park-full-day-admission-t1229100/
Costa Rica;uvita-costa-rica-l187790;572512;Full day waterfall;https://www.getyourguide.com/uvita-costa-rica-l187790/full-day-waterfall-tour-t572512/
Costa Rica;jaco-l667;69847;Canopy zip line aerial;https://www.getyourguide.com/jaco-l667/canopy-zip-line-aerial-tram-tour-jaco-t69847/
Costa Rica;la-fortuna-l1904;418469;La fortuna canyoning atv adventure with lunch;https://www.getyourguide.com/la-fortuna-l1904/la-fortuna-canyoning-atv-adventure-with-lunch-transfer-t418469/
Costa Rica;san-jose-costa-rica-l379;865064;Chepe chinchurro san jose s ultimate dive bar walking;https://www.getyourguide.com/san-jose-costa-rica-l379/chepe-chinchurro-san-jose-s-ultimate-dive-bar-walking-tour-t865064/
Costa Rica;monteverde-l2135;431972;From monteverde monteverde suspension bridge guided hike;https://www.getyourguide.com/monteverde-l2135/from-monteverde-monteverde-suspension-bridge-guided-hike-t431972/
Costa Rica;tamarindo-l995;561020;Tamarindo surf;https://www.getyourguide.com/tamarindo-l995/tamarindo-surf-tours-surf-lesson-for-all-levels-t561020/
Costa Rica;tortuguero-l179461;638367;3;https://www.getyourguide.com/tortuguero-l179461/3-tours-deal-package-t638367/
Costa Rica;la-fortuna-l1904;679789;La fortuna night;https://www.getyourguide.com/la-fortuna-l1904/la-fortuna-night-tour-la-fortuna-t679789/
Costa Rica;la-fortuna-l1904;767412;La fortuna one way shared;https://www.getyourguide.com/la-fortuna-l1904/la-fortuna-one-way-shared-transfer-to-monteverde-t767412/
Costa Rica;jaco-l667;733550;Jaco mountain ocean view waterfall zipline;https://www.getyourguide.com/jaco-l667/jaco-mountain-ocean-view-waterfall-zipline-tour-t733550/
Costa Rica;san-jose-costa-rica-l379;733861;Private;https://www.getyourguide.com/san-jose-costa-rica-l379/private-transport-arenal-to-san-jose-t733861/
Costa Rica;jaco-l667;783950;Private 4 hour buggy;https://www.getyourguide.com/jaco-l667/private-4-hour-buggy-tour-beach-ocean-views-waterfall-t783950/
Costa Rica;liberia-costa-rica-l381;795492;Rio celeste sloths coffee chocolate and sugarcain;https://www.getyourguide.com/liberia-costa-rica-l381/rio-celeste-sloths-coffee-chocolate-and-sugarcain-t795492/
Costa Rica;puerto-viejo-de-talamanca-l158223;865031;Licensed;https://www.getyourguide.com/puerto-viejo-de-talamanca-l158223/licensed-two-hour-snorkeling-adventure-cahuita-national-park-t865031/
Costa Rica;liberia-costa-rica-l381;933799;Rincon de la vieja guided full day exclusive eco adventure;https://www.getyourguide.com/liberia-costa-rica-l381/rincon-de-la-vieja-guided-full-day-exclusive-eco-adventure-t933799/
Costa Rica;la-fortuna-l1904;979626;La fortuna atv adventure;https://www.getyourguide.com/la-fortuna-l1904/la-fortuna-atv-adventure-through-rainforest-volcano-views-t979626/
Costa Rica;monteverde-l2135;952015;Monteverde adventure mania zipline challenge course 5in1;https://www.getyourguide.com/monteverde-l2135/monteverde-adventure-mania-zipline-challenge-course-5in1-t952015/
Costa Rica;la-fortuna-l1904;164193;Arenal canopy adventure;https://www.getyourguide.com/la-fortuna-l1904/arenal-canopy-adventure-t164193/
Costa Rica;la-fortuna-l1904;192264;Arenal volcano la fortuna waterfall and hot springs;https://www.getyourguide.com/la-fortuna-l1904/arenal-volcano-la-fortuna-waterfall-and-hot-springs-tour-t192264/
Costa Rica;la-fortuna-l1904;1118993;Fortuna coffee and chocolate with cane juice and a cooking class;https://www.getyourguide.com/la-fortuna-l1904/fortuna-coffee-and-chocolate-with-cane-juice-and-a-cooking-class-t1118993/
Costa Rica;la-fortuna-l1904;448197;La fortuna arenal volcano park;https://www.getyourguide.com/la-fortuna-l1904/la-fortuna-arenal-volcano-park-tour-t448197/
Costa Rica;la-fortuna-l1904;474478;La fortuna sloth observation nature walk;https://www.getyourguide.com/la-fortuna-l1904/la-fortuna-sloth-observation-nature-walk-t474478/
Costa Rica;tamarindo-l995;1247983;Tamarindo;https://www.getyourguide.com/tamarindo-l995/tamarindo-try-scuba-diving-basic-diver-t1247983/
Costa Rica;puerto-viejo-de-talamanca-l158223;746612;Puerto viejo energetic chakra cleansing in;https://www.getyourguide.com/puerto-viejo-de-talamanca-l158223/puerto-viejo-energetic-chakra-cleansing-in-the-jungle-t746612/
Costa Rica;monteverde-l2135;850730;Monteverde night walk in;https://www.getyourguide.com/monteverde-l2135/monteverde-night-walk-in-the-magical-forest-t850730/
Costa Rica;san-jose-costa-rica-l379;431925;San jose san luis rainforest and zipline;https://www.getyourguide.com/san-jose-costa-rica-l379/san-jose-san-luis-rainforest-and-zipline-tour-with-lunch-t431925/
Costa Rica;uvita-costa-rica-l187790;445720;Uvita costa rica atv buggies adventure;https://www.getyourguide.com/uvita-costa-rica-l187790/uvita-costa-rica-atv-buggies-adventure-tour-t445720/
Costa Rica;puntarenas-l32285;508942;Corcovado national park san pedrillo station day;https://www.getyourguide.com/puntarenas-l32285/corcovado-national-park-san-pedrillo-station-day-tour-t508942/
Costa Rica;san-jose-costa-rica-l379;590213;Transfer international ato;https://www.getyourguide.com/san-jose-costa-rica-l379/transfer-international-ato-to-los-suenos-marriott-one-way-t590213/
Costa Rica;la-fortuna-l1904;634567;La fortuna volcano hike el silencio;https://www.getyourguide.com/la-fortuna-l1904/la-fortuna-volcano-hike-el-silencio-trail-t634567/
Costa Rica;la-fortuna-l1904;1199191;La fortuna red eyed;https://www.getyourguide.com/la-fortuna-l1904/la-fortuna-red-eyed-tree-frog-amphibians-tour-t1199191/
Costa Rica;tamarindo-l995;815185;Tamarindo 90 minutes surf lesson with expert instructor;https://www.getyourguide.com/tamarindo-l995/tamarindo-90-minutes-surf-lesson-with-expert-instructor-t815185/
Costa Rica;cahuita-l149254;880564;Cahuita s birdwatching;https://www.getyourguide.com/cahuita-l149254/cahuita-s-birdwatching-tour-t880564/
Costa Rica;tortuguero-l179461;912767;Tortuguero in flight birdwatching;https://www.getyourguide.com/tortuguero-l179461/tortuguero-in-flight-birdwatching-tour-t912767/
Costa Rica;monteverde-l2135;1249784;Monteverde cloud forest adventure;https://www.getyourguide.com/monteverde-l2135/monteverde-cloud-forest-adventure-t1249784/
Costa Rica;santa-elena-costa-rica-l180411;928932;Santa elena wildlife refuge monteverde night walking;https://www.getyourguide.com/santa-elena-costa-rica-l180411/santa-elena-wildlife-refuge-monteverde-night-walking-tour-t928932/
Costa Rica;san-jose-costa-rica-l379;1268465;From san jose pacuare river rafting day;https://www.getyourguide.com/san-jose-costa-rica-l379/from-san-jose-pacuare-river-rafting-day-trip-with-lunch-t1268465/
Costa Rica;jaco-l667;911171;Jaco beach 10 hidden waterfalls guided experience;https://www.getyourguide.com/jaco-l667/jaco-beach-10-hidden-waterfalls-guided-experience-t911171/
Costa Rica;brasilito-l169708;974517;From brasilito 1 hour horseback riding beach;https://www.getyourguide.com/brasilito-l169708/from-brasilito-1-hour-horseback-riding-beach-tour-t974517/
Costa Rica;monteverde-l2135;1051900;Monteverde costa rican cooking class with meal;https://www.getyourguide.com/monteverde-l2135/monteverde-costa-rican-cooking-class-with-meal-t1051900/
Costa Rica;la-fortuna-l1904;1054587;La fortuna soap making and wildlife hike;https://www.getyourguide.com/la-fortuna-l1904/la-fortuna-soap-making-and-wildlife-hike-t1054587/
Costa Rica;cahuita-l149254;1113666;Cahuita night reptile;https://www.getyourguide.com/cahuita-l149254/cahuita-night-reptile-tour-with-specialist-guide-t1113666/
Costa Rica;monteverde-l2135;1153405;Hike on;https://www.getyourguide.com/monteverde-l2135/hike-on-the-hanging-bridges-of-selvatura-park-t1153405/
Costa Rica;samara-l179139;1233059;Samara belen waterfall;https://www.getyourguide.com/samara-l179139/samara-belen-waterfall-tour-t1233059/
Costa Rica;puerto-jimenez-l32268;1262596;Puerto jimenez bioluminescence sightseeing;https://www.getyourguide.com/puerto-jimenez-l32268/puerto-jimenez-bioluminescence-sightseeing-tour-and-sunset-in-the-golfo-dulce-t1262596/
Costa Rica;santa-cruz-costa-rica-l184589;531978;Costa rica hundreds of;https://www.getyourguide.com/santa-cruz-costa-rica-l184589/costa-rica-hundreds-of-thousands-olive-ridley-sea-turtles-t531978/
Costa Rica;tarcoles-l186144;1300083;Puntarenas an adventure in;https://www.getyourguide.com/tarcoles-l186144/puntarenas-an-adventure-in-the-tarcoles-river-the-jungle-and-wildlife-t1300083/
Costa Rica;la-fortuna-l1904;600576;Kayak;https://www.getyourguide.com/la-fortuna-l1904/kayak-tour-in-la-fortuna-kayak-safari-in-rio-penas-blancas-t600576/
Costa Rica;san-jose-costa-rica-l379;1298632;San jose and cartago city;https://www.getyourguide.com/san-jose-costa-rica-l379/san-jose-and-cartago-city-tour-admission-to-the-national-museum-and-train-transportation-t1298632/
Costa Rica;la-fortuna-l1904;729278;From la fortuna 35 min flight from la fortuna;https://www.getyourguide.com/la-fortuna-l1904/from-la-fortuna-35-min-flight-from-la-fortuna-to-quepos-t729278/
Costa Rica;quepos-l32284;729458;Manuel antonio jungle night;https://www.getyourguide.com/quepos-l32284/manuel-antonio-jungle-night-tour-t729458/
Costa Rica;la-fortuna-l1904;753607;La fortuna one way shared;https://www.getyourguide.com/la-fortuna-l1904/la-fortuna-one-way-shared-transfer-to-san-jose-t753607/
Costa Rica;tortuguero-l179461;817770;Fishing;https://www.getyourguide.com/tortuguero-l179461/fishing-tour-t817770/
Costa Rica;la-fortuna-l1904;430106;La fortuna de arenal private;https://www.getyourguide.com/la-fortuna-l1904/la-fortuna-de-arenal-private-transport-to-guapiles-t430106/
Costa Rica;la-fortuna-l1904;430747;From la fortuna private;https://www.getyourguide.com/la-fortuna-l1904/from-la-fortuna-private-transfer-to-tamarindo-conchal-t430747/
Costa Rica;monteverde-l2135;434979;Monteverde canopy;https://www.getyourguide.com/monteverde-l2135/monteverde-canopy-tour-treetop-bridges-butterfly-garden-t434979/
Costa Rica;puerto-viejo-de-talamanca-l158223;590707;Puerto viejo canyoning jungle adventure;https://www.getyourguide.com/puerto-viejo-de-talamanca-l158223/puerto-viejo-canyoning-jungle-adventure-t590707/
Costa Rica;tortuguero-l179461;675445;Tortuguero kayak;https://www.getyourguide.com/tortuguero-l179461/tortuguero-kayak-tour-through-the-natural-canals-t675445/
Costa Rica;tortuguero-l179461;689250;Motorboat;https://www.getyourguide.com/tortuguero-l179461/motorboat-tour-in-tortuguero-national-park-best-seller-t689250/
Costa Rica;jaco-l667;696060;Isla;https://www.getyourguide.com/jaco-l667/isla-tortuga-desde-jaco-t696060/
Costa Rica;tamarindo-l995;1069621;Tamarindo fundive catalina islands certified divers only;https://www.getyourguide.com/tamarindo-l995/tamarindo-fundive-catalina-islands-certified-divers-only-t1069621/
Costa Rica;manuel-antonio-l142888;777757;Manuel antonio wildlife and beach;https://www.getyourguide.com/manuel-antonio-l142888/manuel-antonio-wildlife-and-beach-tour-in-national-park-t777757/
Costa Rica;jaco-l667;733488;Full day on 350 hectares;https://www.getyourguide.com/jaco-l667/full-day-on-350-hectares-t733488/
Costa Rica;puerto-viejo-de-talamanca-l158223;1171297;Puerto viejo surf or paddle board experience;https://www.getyourguide.com/puerto-viejo-de-talamanca-l158223/puerto-viejo-surf-or-paddle-board-experience-t1171297/
Costa Rica;puerto-jimenez-l32268;854579;Corcovado national park;https://www.getyourguide.com/puerto-jimenez-l32268/corcovado-national-park-two-days-of-packed-jungle-animals-t854579/
Costa Rica;uvita-costa-rica-l187790;859712;Uvita marino ballena national park whale watching cruise;https://www.getyourguide.com/uvita-costa-rica-l187790/uvita-marino-ballena-national-park-whale-watching-cruise-t859712/
Costa Rica;playa-flamingo-l1548;895678;Playa flamingo discover freediving course;https://www.getyourguide.com/playa-flamingo-l1548/playa-flamingo-discover-freediving-course-t895678/
Costa Rica;la-fortuna-l1904;940483;La fortuna bird watching;https://www.getyourguide.com/la-fortuna-l1904/la-fortuna-bird-watching-tour-at-natura-park-t940483/
Costa Rica;playa-herradura-l168725;458547;Jaco beach los suenos double atv waterfalls stop;https://www.getyourguide.com/playa-herradura-l168725/jaco-beach-los-suenos-double-atv-waterfalls-stop-t458547/
Costa Rica;san-jose-costa-rica-l379;1119079;Costa rica arenal monteverde and manuel antonio;https://www.getyourguide.com/san-jose-costa-rica-l379/costa-rica-arenal-monteverde-and-manuel-antonio-tour-t1119079/
Costa Rica;jaco-l667;1119914;Jaco signature atv canopy waterfall adventure;https://www.getyourguide.com/jaco-l667/jaco-signature-atv-canopy-waterfall-adventure-t1119914/
Costa Rica;tortuguero-l179461;609831;Canoe;https://www.getyourguide.com/tortuguero-l179461/canoe-tour-in-the-tortuguero-canals-t609831/
Costa Rica;manuel-antonio-l142888;685869;Manuel antonio mangrove boat;https://www.getyourguide.com/manuel-antonio-l142888/manuel-antonio-mangrove-boat-tour-t685869/
Costa Rica;bribri-l234306;1305640;Volio participate;https://www.getyourguide.com/bribri-l234306/volio-participate-to-the-bribri-indigenous-daily-lives-t1305640/
Costa Rica;san-jose-costa-rica-l379;285277;San jose monteverde sky;https://www.getyourguide.com/san-jose-costa-rica-l379/san-jose-monteverde-sky-tram-hanging-bridges-day-tour-t285277/
Costa Rica;palma-costa-rica-l181668;167307;La fortuna cano negro wildlife refuge and;https://www.getyourguide.com/palma-costa-rica-l181668/la-fortuna-cano-negro-wildlife-refuge-and-traditional-lunch-t167307/
Costa Rica;jaco-l667;206415;Horseback riding waterfalls near jaco beach los suenos;https://www.getyourguide.com/jaco-l667/horseback-riding-waterfalls-near-jaco-beach-los-suenos-t206415/
Costa Rica;monteverde-l2135;425862;Santa elena or monteverde cloud forest night walking;https://www.getyourguide.com/monteverde-l2135/santa-elena-or-monteverde-cloud-forest-night-walking-tour-t425862/
Costa Rica;manuel-antonio-l142888;1147258;Manuel antonio step into;https://www.getyourguide.com/manuel-antonio-l142888/manuel-antonio-step-into-the-wild-after-dark-t1147258/
Costa Rica;tamarindo-l995;458767;Best full day yacht charter flamingotamarindo area;https://www.getyourguide.com/tamarindo-l995/best-full-day-yacht-charter-flamingotamarindo-area-t458767/
Costa Rica;manuel-antonio-l142888;614886;Quepos mangrove boat;https://www.getyourguide.com/manuel-antonio-l142888/quepos-mangrove-boat-tour-t614886/
Costa Rica;liberia-costa-rica-l381;486972;Riu guanacaste private;https://www.getyourguide.com/liberia-costa-rica-l381/riu-guanacaste-private-transfer-fromto-liberia-airport-t486972/
Costa Rica;uvita-costa-rica-l187790;1194683;Osa cano island snorkeling marino ballena walk;https://www.getyourguide.com/uvita-costa-rica-l187790/osa-cano-island-snorkeling-marino-ballena-walk-t1194683/
Costa Rica;la-fortuna-l1904;1233257;La fortuna waterfall visit and zipline adventure combo;https://www.getyourguide.com/la-fortuna-l1904/la-fortuna-waterfall-visit-and-zipline-adventure-combo-t1233257/
Costa Rica;quepos-l32284;693385;Manuel antonio national park hike;https://www.getyourguide.com/quepos-l32284/manuel-antonio-national-park-hike-t693385/
Costa Rica;la-fortuna-l1904;1243859;Rio celeste kayaking;https://www.getyourguide.com/la-fortuna-l1904/rio-celeste-kayaking-tour-with-snacks-t1243859/
Costa Rica;puntarenas-l32285;627378;From puntarenas isla;https://www.getyourguide.com/puntarenas-l32285/from-puntarenas-isla-tortuga-full-day-beach-t627378/
Costa Rica;tortuguero-l179461;759205;3 hour canoe;https://www.getyourguide.com/tortuguero-l179461/3-hour-canoe-tour-through-the-canals-of-national-park-t759205/
Costa Rica;santa-elena-costa-rica-l180411;802272;Monteverde oktari monteverde night hike;https://www.getyourguide.com/santa-elena-costa-rica-l180411/monteverde-oktari-monteverde-night-hike-tour-t802272/
Costa Rica;paquera-l193403;664856;Paquera bioluminescent kayak;https://www.getyourguide.com/paquera-l193403/paquera-bioluminescent-kayak-tour-costa-rica-t664856/
Costa Rica;cahuita-l149254;858959;Cahuita s;https://www.getyourguide.com/cahuita-l149254/cahuita-s-tarantula-way-night-tour-t858959/
Costa Rica;bijagua-de-upala-l215361;391815;Rio celeste hike sloths wild life;https://www.getyourguide.com/bijagua-de-upala-l215361/rio-celeste-hike-sloths-wild-life-t391815/
Costa Rica;uvita-costa-rica-l187790;555747;Uvita private ocean kayak snorkel marino ballena n park;https://www.getyourguide.com/uvita-costa-rica-l187790/uvita-private-ocean-kayak-snorkel-marino-ballena-n-park-t555747/
Costa Rica;monteverde-l2135;1150058;Monteverde selvatura park zipline and;https://www.getyourguide.com/monteverde-l2135/monteverde-selvatura-park-zipline-and-tarzan-swing-tour-t1150058/
Costa Rica;monteverde-l2135;1191194;Monteverde hanging bridges night walk combo;https://www.getyourguide.com/monteverde-l2135/monteverde-hanging-bridges-night-walk-combo-tour-t1191194/
Costa Rica;san-jose-costa-rica-l379;1194182;Costa rica explorer volcanoes and waves;https://www.getyourguide.com/san-jose-costa-rica-l379/costa-rica-explorer-volcanoes-and-waves-t1194182/
Costa Rica;manuel-antonio-l142888;1165077;Manuel antonio guided animal;https://www.getyourguide.com/manuel-antonio-l142888/manuel-antonio-guided-animal-tour-with-admission-included-at-sukia-t1165077/
Costa Rica;la-fortuna-l1904;715029;La fortuna arenal volcano horseback riding;https://www.getyourguide.com/la-fortuna-l1904/la-fortuna-arenal-volcano-horseback-riding-t715029/
Costa Rica;la-fortuna-l1904;1209176;La fortuna assured sloth encounters in arenal;https://www.getyourguide.com/la-fortuna-l1904/la-fortuna-assured-sloth-encounters-in-arenal-t1209176/
Costa Rica;la-fortuna-l1904;1273833;La fortuna lake arenal boat hot springs;https://www.getyourguide.com/la-fortuna-l1904/la-fortuna-lake-arenal-boat-hot-springs-tour-t1273833/
Costa Rica;monteverde-l2135;869484;Santa elena cloud forest reserve guided;https://www.getyourguide.com/monteverde-l2135/santa-elena-cloud-forest-reserve-guided-tour-t869484/
Costa Rica;jaco-l667;98772;From jaco full day manuel antonio national park;https://www.getyourguide.com/jaco-l667/from-jaco-full-day-manuel-antonio-national-park-tour-t98772/
Costa Rica;la-fortuna-l1904;436116;Night walk good place;https://www.getyourguide.com/la-fortuna-l1904/night-walk-good-place-to-see-sloth-and-flora-and-fauna-t436116/
Costa Rica;drake-costa-rica-l237222;430254;Drake bay jungle hiking and canyoning adventure with lunch;https://www.getyourguide.com/drake-costa-rica-l237222/drake-bay-jungle-hiking-and-canyoning-adventure-with-lunch-t430254/
Costa Rica;tamarindo-l995;486167;Transporte privado desde liberia airport a;https://www.getyourguide.com/tamarindo-l995/transporte-privado-desde-liberia-airport-a-tamarindo-t486167/
Costa Rica;palmar-norte-l222998;1153469;Palmar norte kayaking in mangrove forest;https://www.getyourguide.com/palmar-norte-l222998/palmar-norte-kayaking-in-mangrove-forest-t1153469/
Costa Rica;liberia-costa-rica-l381;513419;River adventure half day;https://www.getyourguide.com/liberia-costa-rica-l381/river-adventure-half-day-tubing-lunch-hotsprings-t513419/
Costa Rica;monteverde-l2135;1245272;Monteverde quetzal birdwatching;https://www.getyourguide.com/monteverde-l2135/monteverde-quetzal-birdwatching-tour-with-expert-guide-t1245272/
Costa Rica;tamarindo-l995;661055;Liberia airport scenic shuttle with local stop;https://www.getyourguide.com/tamarindo-l995/liberia-airport-scenic-shuttle-with-local-stop-t661055/
Costa Rica;roxana-costa-rica-l215393;799660;Tortuguero kayak;https://www.getyourguide.com/roxana-costa-rica-l215393/tortuguero-kayak-tour-in-the-canals-an-unparalleled-experience-t799660/
Costa Rica;jaco-l667;733610;Jaco waterfall rappelling jungle;https://www.getyourguide.com/jaco-l667/jaco-waterfall-rappelling-jungle-tractor-tour-t733610/
Costa Rica;quepos-l32284;746210;Boat expedition monkey mangrove safari;https://www.getyourguide.com/quepos-l32284/boat-expedition-monkey-mangrove-safari-t746210/
Costa Rica;alajuela-l145894;829243;Laguna del hule guided;https://www.getyourguide.com/alajuela-l145894/laguna-del-hule-guided-tour-t829243/
Costa Rica;la-fortuna-l1904;822867;Night;https://www.getyourguide.com/la-fortuna-l1904/night-tour-rainforest-guided-tour-la-fortuna-t822867/
Costa Rica;san-jose-costa-rica-l379;891534;A day;https://www.getyourguide.com/san-jose-costa-rica-l379/a-day-trip-to-rio-celeste-from-san-jose-t891534/
Costa Rica;tamarindo-l995;852862;Tamarindo beach private or group 2 hour surf lesson;https://www.getyourguide.com/tamarindo-l995/tamarindo-beach-private-or-group-2-hour-surf-lesson-t852862/
Costa Rica;tortuguero-l179461;880272;Canoe;https://www.getyourguide.com/tortuguero-l179461/canoe-tour-on-the-canals-an-amazing-experience-t880272/
Costa Rica;jaco-l667;892050;Uvita wakeboarding experience uvita watersport costa rica;https://www.getyourguide.com/jaco-l667/uvita-wakeboarding-experience-uvita-watersport-costa-rica-t892050/
Costa Rica;manuel-antonio-l142888;429953;Manuel antonio private;https://www.getyourguide.com/manuel-antonio-l142888/manuel-antonio-private-transport-to-san-jose-t429953/
Costa Rica;la-fortuna-l1904;967418;Arenal night;https://www.getyourguide.com/la-fortuna-l1904/arenal-night-tour-discovers-the-whispers-of-the-rainforest-t967418/
Costa Rica;manuel-antonio-l142888;482258;Manuel antonio nauyaca waterfallsall inclusive full day;https://www.getyourguide.com/manuel-antonio-l142888/manuel-antonio-nauyaca-waterfallsall-inclusive-full-day-t482258/
Costa Rica;sierpe-l238757;1101564;Uvita private day;https://www.getyourguide.com/sierpe-l238757/uvita-private-day-tour-corcovado-park-sirena-station-t1101564/
Costa Rica;la-fortuna-l1904;640182;La fortuna arenal river white water;https://www.getyourguide.com/la-fortuna-l1904/la-fortuna-arenal-river-white-water-tubing-adventure-t640182/
Costa Rica;manuel-antonio-l142888;730567;Manuel antonio jungle night;https://www.getyourguide.com/manuel-antonio-l142888/manuel-antonio-jungle-night-tour-and-buttlerfly-garden-t730567/
Costa Rica;monteverde-l2135;1284969;Monteverde;https://www.getyourguide.com/monteverde-l2135/monteverde-traditional-cooking-experience-with-a-local-family-t1284969/
Costa Rica;manuel-antonio-l142888;1267627;Manuel antoniotour with native guide park entry included;https://www.getyourguide.com/manuel-antonio-l142888/manuel-antoniotour-with-native-guide-park-entry-included-t1267627/
Costa Rica;puntarenas-l32285;1316454;Tropical adventure in puntarenas crocodiles monkeys and much more;https://www.getyourguide.com/puntarenas-l32285/tropical-adventure-in-puntarenas-crocodiles-monkeys-and-much-more-t1316454/
Costa Rica;punta-uva-l220419;913580;Punta uva kayak and sloth watching;https://www.getyourguide.com/punta-uva-l220419/punta-uva-kayak-and-sloth-watching-tour-t913580/
Costa Rica;la-fortuna-l1904;20900;Costa rica whitewater rafting class 34 from la fortuna;https://www.getyourguide.com/la-fortuna-l1904/costa-rica-whitewater-rafting-class-34-from-la-fortuna-t20900/
Costa Rica;jaco-l667;303668;Jaco zip line and atv adventure combo;https://www.getyourguide.com/jaco-l667/jaco-zip-line-and-atv-adventure-combo-tour-t303668/
Costa Rica;san-jose-costa-rica-l379;383069;San jose city;https://www.getyourguide.com/san-jose-costa-rica-l379/san-jose-city-tour-by-night-t383069/
Costa Rica;guapiles-l180439;430109;Guapiles private;https://www.getyourguide.com/guapiles-l180439/guapiles-private-transport-to-la-fortuna-de-arenal-t430109/
Costa Rica;monteverde-l2135;430137;Monteverde guided cloud forest canopy;https://www.getyourguide.com/monteverde-l2135/monteverde-guided-cloud-forest-canopy-tour-with-zip-lining-t430137/
Costa Rica;san-jose-costa-rica-l379;410208;San jose central market bites and sights walking;https://www.getyourguide.com/san-jose-costa-rica-l379/san-jose-central-market-bites-and-sights-walking-tour-t410208/
Costa Rica;la-fortuna-l1904;425816;La fortuna;https://www.getyourguide.com/la-fortuna-l1904/la-fortuna-top-wildlife-safari-float-experience-by-kayak-t425816/
Costa Rica;manuel-antonio-l142888;668036;Chocolate vanilla and coffee;https://www.getyourguide.com/manuel-antonio-l142888/chocolate-vanilla-and-coffee-tour-t668036/
Costa Rica;guapiles-l180439;686950;Canoe;https://www.getyourguide.com/guapiles-l180439/canoe-tour-in-tortuguero-national-park-best-in-town-t686950/
Costa Rica;la-fortuna-l1904;1261998;La fortuna arenal boat;https://www.getyourguide.com/la-fortuna-l1904/la-fortuna-arenal-boat-tour-pirate-hot-springs-dinner-t1261998/
Costa Rica;monteverde-l2135;727650;Monteverde cloud forest hanging bridges guided;https://www.getyourguide.com/monteverde-l2135/monteverde-cloud-forest-hanging-bridges-guided-tour-t727650/
Costa Rica;bijagua-de-upala-l215361;1293890;Rio celeste combo rio celeste hike;https://www.getyourguide.com/bijagua-de-upala-l215361/rio-celeste-combo-rio-celeste-hike-tubing-t1293890/
Costa Rica;cartago-l135017;1319491;Cartago;https://www.getyourguide.com/cartago-l135017/cartago-through-a-professional-photo-experience-t1319491/
Costa Rica;monteverde-l2135;880420;Immerse yourself in;https://www.getyourguide.com/monteverde-l2135/immerse-yourself-in-the-magic-of-the-monteverde-cloud-forest-t880420/
Costa Rica;san-jose-costa-rica-l379;431894;From san jose adventure combo canopy rafting pozo azul;https://www.getyourguide.com/san-jose-costa-rica-l379/from-san-jose-adventure-combo-canopy-rafting-pozo-azul-t431894/
Costa Rica;jaco-l667;465239;Jaco 2 hour zipline and atv adventure;https://www.getyourguide.com/jaco-l667/jaco-2-hour-zipline-and-atv-adventure-t465239/
Costa Rica;la-fortuna-l1904;482764;White water rafting;https://www.getyourguide.com/la-fortuna-l1904/white-water-rafting-tubing-in-one-tour-t482764/
Costa Rica;monteverde-l2135;1086574;Monteverde coffee sugar cane and chocolate;https://www.getyourguide.com/monteverde-l2135/monteverde-coffee-sugar-cane-and-chocolate-tour-t1086574/
Costa Rica;punta-uva-l220419;1088095;Punta uva clear kayak;https://www.getyourguide.com/punta-uva-l220419/punta-uva-clear-kayak-tour-with-jungle-and-sea-views-t1088095/
Costa Rica;uvita-costa-rica-l187790;812575;Marino ballena national park whale watching boat;https://www.getyourguide.com/uvita-costa-rica-l187790/marino-ballena-national-park-whale-watching-boat-tour-t812575/
Costa Rica;tilaran-costa-rica-l215003;1267455;Kayak fishing adventure at arenal lake;https://www.getyourguide.com/tilaran-costa-rica-l215003/kayak-fishing-adventure-at-arenal-lake-t1267455/
Costa Rica;la-fortuna-l1904;25578;Birdwatching;https://www.getyourguide.com/la-fortuna-l1904/birdwatching-tours-with-naturalist-guide-t25578/
Costa Rica;la-fortuna-l1904;171903;Rio balsa white water rafting adventure;https://www.getyourguide.com/la-fortuna-l1904/rio-balsa-white-water-rafting-adventure-t171903/
Costa Rica;playa-hermosa-l32230;939341;Monkey house sloth beach adventure;https://www.getyourguide.com/playa-hermosa-l32230/monkey-house-sloth-beach-adventure-t939341/
Costa Rica;liberia-costa-rica-l381;290470;Rincon de la vieja one day nature pass;https://www.getyourguide.com/liberia-costa-rica-l381/rincon-de-la-vieja-one-day-nature-pass-t290470/
Costa Rica;tamarindo-l995;430018;From montverde;https://www.getyourguide.com/tamarindo-l995/from-montverde-transfer-to-tamarindo-t430018/
Costa Rica;la-fortuna-l1904;515763;Atv;https://www.getyourguide.com/la-fortuna-l1904/atv-tour-adventure-tour-in-la-fortuna-t515763/
Costa Rica;cahuita-l149254;1118769;Snorkeling in cahuita explore coral reefs with a local guide;https://www.getyourguide.com/cahuita-l149254/snorkeling-in-cahuita-explore-coral-reefs-with-a-local-guide-t1118769/
Costa Rica;katira-costa-rica-l184505;541331;Tubing rio celeste adventure and nature;https://www.getyourguide.com/katira-costa-rica-l184505/tubing-rio-celeste-adventure-and-nature-t541331/
Costa Rica;uvita-costa-rica-l187790;555818;Uvita kayak snorkel private;https://www.getyourguide.com/uvita-costa-rica-l187790/uvita-kayak-snorkel-private-tour-marino-ballena-n-park-t555818/
Costa Rica;uvita-costa-rica-l187790;610245;Full day adventure;https://www.getyourguide.com/uvita-costa-rica-l187790/full-day-adventure-to-waterfalls-beaches-t610245/
Costa Rica;monteverde-l2135;1267666;Monteverde night hike discover wildlife in 2 hours;https://www.getyourguide.com/monteverde-l2135/monteverde-night-hike-discover-wildlife-in-2-hours-t1267666/
Costa Rica;la-fortuna-l1904;834847;La fortuna rafting canyoning with;https://www.getyourguide.com/la-fortuna-l1904/la-fortuna-rafting-canyoning-with-tarzan-swing-t834847/
Costa Rica;tortuguero-l179461;1308019;Tortuguero cano palma wildlife kayak;https://www.getyourguide.com/tortuguero-l179461/tortuguero-cano-palma-wildlife-kayak-tour-t1308019/
Costa Rica;manuel-antonio-l142888;869283;Unforgettable hike;https://www.getyourguide.com/manuel-antonio-l142888/unforgettable-hike-through-the-manuel-antonio-rainforest-with-a-certified-guide-t869283/
Costa Rica;liberia-costa-rica-l381;870704;Curubande simbiosis spa volcanic mud and coffee massage;https://www.getyourguide.com/liberia-costa-rica-l381/curubande-simbiosis-spa-volcanic-mud-and-coffee-massage-t870704/
Costa Rica;puerto-viejo-de-talamanca-l158223;868504;Puerto viejo wildlife night;https://www.getyourguide.com/puerto-viejo-de-talamanca-l158223/puerto-viejo-wildlife-night-tour-in-the-jungle-t868504/
Costa Rica;quepos-l32284;893006;Titi canopy zipline;https://www.getyourguide.com/quepos-l32284/titi-canopy-zipline-tour-2025-quepos-t893006/
Costa Rica;la-fortuna-l1904;38199;Arenal hanging bridges;https://www.getyourguide.com/la-fortuna-l1904/arenal-hanging-bridges-tour-t38199/
Costa Rica;tortuguero-l179461;879030;Transportation from la fortuna;https://www.getyourguide.com/tortuguero-l179461/transportation-from-la-fortuna-to-tortuguero-la-pavona-t879030/
Costa Rica;tamarindo-l995;910067;Tamarindo night walk;https://www.getyourguide.com/tamarindo-l995/tamarindo-night-walk-t910067/
Costa Rica;monteverde-l2135;928913;Monteverde cloud forest;https://www.getyourguide.com/monteverde-l2135/monteverde-cloud-forest-tour-t928913/
Costa Rica;punta-uva-l220419;933836;Punta uva river kayaking hike;https://www.getyourguide.com/punta-uva-l220419/punta-uva-river-kayaking-hike-to-the-view-point-t933836/
Costa Rica;upala-l205966;950818;Rio celeste;https://www.getyourguide.com/upala-l205966/rio-celeste-tubing-tour-t950818/
Costa Rica;cahuita-l149254;1019451;Cahuita sloth watching guided;https://www.getyourguide.com/cahuita-l149254/cahuita-sloth-watching-guided-tour-in-the-rainforest-t1019451/
Costa Rica;la-fortuna-l1904;463057;Mistico hanging bridges hiking;https://www.getyourguide.com/la-fortuna-l1904/mistico-hanging-bridges-hiking-t463057/
Costa Rica;manuel-antonio-l142888;1132583;Catamaran adventure in manuel antonio;https://www.getyourguide.com/manuel-antonio-l142888/catamaran-adventure-in-manuel-antonio-t1132583/
Costa Rica;puntarenas-l32285;521171;Cano island snorkeling;https://www.getyourguide.com/puntarenas-l32285/cano-island-snorkeling-t521171/
Costa Rica;playas-del-coco-l192944;1192863;Guanacaste premium coastal day experience with catamaran;https://www.getyourguide.com/playas-del-coco-l192944/guanacaste-premium-coastal-day-experience-with-catamaran-t1192863/
Costa Rica;nosara-l184507;1210787;Nosara atv;https://www.getyourguide.com/nosara-l184507/nosara-atv-tour-with-waterfalls-coffee-farm-and-lunch-t1210787/
Costa Rica;san-jose-costa-rica-l379;600790;Crocodile bridge carara national park full day;https://www.getyourguide.com/san-jose-costa-rica-l379/crocodile-bridge-carara-national-park-full-day-tour-t600790/
Costa Rica;la-fortuna-l1904;622650;7 nights costa rica fully guided adventure;https://www.getyourguide.com/la-fortuna-l1904/7-nights-costa-rica-fully-guided-adventure-t622650/
Costa Rica;liberia-costa-rica-l381;783976;Guanacaste la leona waterfall hike with lunch;https://www.getyourguide.com/liberia-costa-rica-l381/guanacaste-la-leona-waterfall-hike-with-lunch-t783976/
Costa Rica;san-jose-costa-rica-l379;880347;Transportation from san jose;https://www.getyourguide.com/san-jose-costa-rica-l379/transportation-from-san-jose-to-tortuguero-la-pavona-t880347/
Costa Rica;manuel-antonio-l142888;1029992;Manuel antonio eco chontales waterfall hike with lunch;https://www.getyourguide.com/manuel-antonio-l142888/manuel-antonio-eco-chontales-waterfall-hike-with-lunch-t1029992/
Costa Rica;la-fortuna-l1904;429752;La fortuna organic farm visit farm;https://www.getyourguide.com/la-fortuna-l1904/la-fortuna-organic-farm-visit-farm-to-table-cooking-class-t429752/
Costa Rica;golfito-l205806;1050027;Golfito costa rica padi open water diver certification;https://www.getyourguide.com/golfito-l205806/golfito-costa-rica-padi-open-water-diver-certification-t1050027/
Costa Rica;la-fortuna-l1904;1096628;La fortuna volcano horseback ride zipline;https://www.getyourguide.com/la-fortuna-l1904/la-fortuna-volcano-horseback-ride-zipline-tour-t1096628/
Costa Rica;san-jose-costa-rica-l379;465202;From san jose zipline atv and waterfalls combo;https://www.getyourguide.com/san-jose-costa-rica-l379/from-san-jose-zipline-atv-and-waterfalls-combo-tour-t465202/
Costa Rica;quepos-l32284;1192033;Horseback riding;https://www.getyourguide.com/quepos-l32284/horseback-riding-tour-in-quepos-with-transport-lunch-t1192033/
Costa Rica;san-jose-costa-rica-l379;601333;Tortuguero;https://www.getyourguide.com/san-jose-costa-rica-l379/tortuguero-two-nights-pick-up-in-sj-round-trip-3-days-t601333/
Costa Rica;jaco-l667;1221430;Tandem paragliding in jaco;https://www.getyourguide.com/jaco-l667/tandem-paragliding-in-jaco-t1221430/
Costa Rica;san-jose-costa-rica-l379;1222431;San jose irazu volcano cartago orosi valley coffee;https://www.getyourguide.com/san-jose-costa-rica-l379/san-jose-irazu-volcano-cartago-orosi-valley-coffee-tour-t1222431/
Costa Rica;poas-l256963;1246688;Poas volcano experience breakfast hacienda alsacia visit;https://www.getyourguide.com/poas-l256963/poas-volcano-experience-breakfast-hacienda-alsacia-visit-t1246688/
Costa Rica;la-fortuna-l1904;787302;Horseback ride;https://www.getyourguide.com/la-fortuna-l1904/horseback-ride-to-la-fortuna-waterfall-t787302/
Costa Rica;tortuguero-l179461;754397;Turtle watching in;https://www.getyourguide.com/tortuguero-l179461/turtle-watching-in-their-natural-habitat-in-tortuguero-t754397/
Costa Rica;las-catalinas-l179131;847083;Las catalinas guanacaste costa rica horseback riding;https://www.getyourguide.com/las-catalinas-l179131/las-catalinas-guanacaste-costa-rica-horseback-riding-t847083/
Costa Rica;la-fortuna-l1904;884306;Costa rica private;https://www.getyourguide.com/la-fortuna-l1904/costa-rica-private-transportation-service-just-for-you-t884306/
Costa Rica;tortuguero-l179461;863896;Tortuguero an unforgettable and personalized experience with private;https://www.getyourguide.com/tortuguero-l179461/tortuguero-an-unforgettable-and-personalized-experience-with-private-tours-t863896/
Costa Rica;tortuguero-l179461;895645;Tortuguero unforgettable canoe;https://www.getyourguide.com/tortuguero-l179461/tortuguero-unforgettable-canoe-tour-in-the-tortuguero-national-park-t895645/
Costa Rica;la-fortuna-l1904;921937;La fortuna eden chocolate;https://www.getyourguide.com/la-fortuna-l1904/la-fortuna-eden-chocolate-tour-with-lunch-t921937/
Costa Rica;la-fortuna-l1904;428671;From la fortuna mistico arenal hanging bridges park;https://www.getyourguide.com/la-fortuna-l1904/from-la-fortuna-mistico-arenal-hanging-bridges-park-tour-t428671/
Costa Rica;alajuela-l145894;1108577;Doka hiking;https://www.getyourguide.com/alajuela-l145894/doka-hiking-trail-t1108577/
Costa Rica;uvita-costa-rica-l187790;1109417;Uvita agricultural;https://www.getyourguide.com/uvita-costa-rica-l187790/uvita-agricultural-tour-traditional-cuisine-t1109417/
Costa Rica;tortuguero-l179461;1178773;Tortuguero mystic kayak;https://www.getyourguide.com/tortuguero-l179461/tortuguero-mystic-kayak-tour-in-national-park-t1178773/
Costa Rica;tilaran-costa-rica-l215003;1229148;Monteverde platinum package at selvatura park;https://www.getyourguide.com/tilaran-costa-rica-l215003/monteverde-platinum-package-at-selvatura-park-t1229148/
Costa Rica;manuel-antonio-l142888;1192954;Mangrove boat;https://www.getyourguide.com/manuel-antonio-l142888/mangrove-boat-tour-in-manuel-antonio-with-wildlife-viewing-t1192954/
Costa Rica;la-fortuna-l1904;1203660;La fortuna eco;https://www.getyourguide.com/la-fortuna-l1904/la-fortuna-eco-tour-with-biologist-guide-t1203660/
Costa Rica;uvita-costa-rica-l187790;810423;Uvita private guided;https://www.getyourguide.com/uvita-costa-rica-l187790/uvita-private-guided-tour-sloth-watching-trail-costa-rica-t810423/
Costa Rica;katira-costa-rica-l184505;1251106;Rio celeste;https://www.getyourguide.com/katira-costa-rica-l184505/rio-celeste-tubing-tour-with-snacks-and-tarzan-swing-t1251106/
Costa Rica;bijagua-de-upala-l215361;1255363;Bijagua rainforest secrets blue waterfall discovery;https://www.getyourguide.com/bijagua-de-upala-l215361/bijagua-rainforest-secrets-blue-waterfall-discovery-t1255363/
Costa Rica;la-fortuna-l1904;822803;Arenal volcano el silencio;https://www.getyourguide.com/la-fortuna-l1904/arenal-volcano-el-silencio-trail-guided-hike-t822803/
Costa Rica;zarcero-l209723;1282705;From naranjo highlands horseback ride with picnic;https://www.getyourguide.com/zarcero-l209723/from-naranjo-highlands-horseback-ride-with-picnic-t1282705/
Costa Rica;puerto-viejo-de-talamanca-l158223;915428;Puerto viejo or cahuita hidden bribri waterfall excursion with lunch;https://www.getyourguide.com/puerto-viejo-de-talamanca-l158223/puerto-viejo-or-cahuita-hidden-bribri-waterfall-excursion-with-lunch-t915428/
Costa Rica;la-fortuna-l1904;90654;La fortuna half day arenal hanging bridges;https://www.getyourguide.com/la-fortuna-l1904/la-fortuna-half-day-arenal-hanging-bridges-tour-t90654/
Costa Rica;liberia-costa-rica-l381;430306;Guanacaste airport from airport;https://www.getyourguide.com/liberia-costa-rica-l381/guanacaste-airport-from-airport-to-westin-playa-conchal-t430306/
Costa Rica;la-fortuna-l1904;463737;2 in 1 hanging bridges la fortuna waterfall farm lunch;https://www.getyourguide.com/la-fortuna-l1904/2-in-1-hanging-bridges-la-fortuna-waterfall-farm-lunch-t463737/
Costa Rica;nosara-l184507;437381;Cooking class;https://www.getyourguide.com/nosara-l184507/cooking-class-t437381/
Costa Rica;puerto-viejo-de-talamanca-l158223;636795;Tortuguero canal;https://www.getyourguide.com/puerto-viejo-de-talamanca-l158223/tortuguero-canal-tour-with-history-from-limon-t636795/
Costa Rica;monteverde-l2135;1182668;Special wildlife;https://www.getyourguide.com/monteverde-l2135/special-wildlife-tour-in-monteverde-cloud-forest-t1182668/
Costa Rica;liberia-costa-rica-l381;666792;Rincon de la vieja la leona waterfall;https://www.getyourguide.com/liberia-costa-rica-l381/rincon-de-la-vieja-la-leona-waterfall-tubing-private-tour-t666792/
Costa Rica;liberia-costa-rica-l381;771756;Rincon de la vieja national park las pailas;https://www.getyourguide.com/liberia-costa-rica-l381/rincon-de-la-vieja-national-park-las-pailas-trail-t771756/
Costa Rica;quepos-l32284;668581;Manuel antonio national guided park;https://www.getyourguide.com/quepos-l32284/manuel-antonio-national-guided-park-tour-t668581/
Costa Rica;la-fortuna-l1904;848939;Costa rica sloth;https://www.getyourguide.com/la-fortuna-l1904/costa-rica-sloth-tour-and-coffee-chocolate-and-sugarcane-t848939/
Costa Rica;puntarenas-l32285;945132;Corcovado sirena station overnight adventure;https://www.getyourguide.com/puntarenas-l32285/corcovado-sirena-station-overnight-adventure-t945132/
Costa Rica;jaco-l667;100017;From jaco white water rafting;https://www.getyourguide.com/jaco-l667/from-jaco-white-water-rafting-t100017/
Costa Rica;nosara-l184507;1076250;Nosara playa guiones surf lesson with local instructor;https://www.getyourguide.com/nosara-l184507/nosara-playa-guiones-surf-lesson-with-local-instructor-t1076250/
Costa Rica;liberia-costa-rica-l381;1156075;Guachipelin volcano adventure zipline;https://www.getyourguide.com/liberia-costa-rica-l381/guachipelin-volcano-adventure-zipline-tubing-hot-springs-t1156075/
Costa Rica;puerto-viejo-de-talamanca-l158223;636427;Pv cahuita chocolate;https://www.getyourguide.com/puerto-viejo-de-talamanca-l158223/pv-cahuita-chocolate-tour-bri-bri-village-waterfalltour-t636427/
Costa Rica;sierpe-l238757;1126950;Sierpe cano island snorkeling and boat;https://www.getyourguide.com/sierpe-l238757/sierpe-cano-island-snorkeling-and-boat-tour-of-the-mangrove-forest-t1126950/
Costa Rica;bribri-l234306;1136217;Bribri roots ancestral ritual and waterfall;https://www.getyourguide.com/bribri-l234306/bribri-roots-ancestral-ritual-and-waterfall-tour-t1136217/
Costa Rica;la-fortuna-l1904;1138097;La fortuna proyecto asis wildlife sanctuary;https://www.getyourguide.com/la-fortuna-l1904/la-fortuna-proyecto-asis-wildlife-sanctuary-tour-t1138097/
Costa Rica;la-fortuna-l1904;728430;Private;https://www.getyourguide.com/la-fortuna-l1904/private-transport-manuel-antonio-to-la-fortuna-t728430/
Costa Rica;la-fortuna-l1904;731681;Private;https://www.getyourguide.com/la-fortuna-l1904/private-transport-dreams-las-mareas-to-arenal-t731681/
Costa Rica;manuel-antonio-l142888;787765;Costa rica whale and dolphin watching;https://www.getyourguide.com/manuel-antonio-l142888/costa-rica-whale-and-dolphin-watching-t787765/
Costa Rica;liberia-costa-rica-l381;812679;Papagayo gulf guanacaste volcano and jungle;https://www.getyourguide.com/liberia-costa-rica-l381/papagayo-gulf-guanacaste-volcano-and-jungle-tour-t812679/
Costa Rica;la-fortuna-l1904;1322169;La fortuna night jungle experience hot springs lunch;https://www.getyourguide.com/la-fortuna-l1904/la-fortuna-night-jungle-experience-hot-springs-lunch-t1322169/
Costa Rica;jaco-l667;137171;Iflycostarica offer paragliding and paramotor;https://www.getyourguide.com/jaco-l667/iflycostarica-offer-paragliding-and-paramotor-tandem-rides-t137171/
Costa Rica;san-jose-costa-rica-l379;147600;Manuel antonio national park combo;https://www.getyourguide.com/san-jose-costa-rica-l379/manuel-antonio-national-park-combo-tour-from-san-jose-t147600/
Costa Rica;puntarenas-l32285;1038960;Puntarenas wildlife and river safari excursion;https://www.getyourguide.com/puntarenas-l32285/puntarenas-wildlife-and-river-safari-excursion-t1038960/
Costa Rica;puntarenas-l32285;489734;Drake bay corcovado national park and sirena station;https://www.getyourguide.com/puntarenas-l32285/drake-bay-corcovado-national-park-and-sirena-station-tour-t489734/
Costa Rica;liberia-costa-rica-l381;513824;Horseback riding half day horsebackriding lunch hotspring;https://www.getyourguide.com/liberia-costa-rica-l381/horseback-riding-half-day-horsebackriding-lunch-hotspring-t513824/
Costa Rica;tamarindo-l995;571608;Catamaran snorkeling;https://www.getyourguide.com/tamarindo-l995/catamaran-snorkeling-tour-t571608/
Costa Rica;nosara-l184507;1193123;Nosara atv explore guiones pelada and jungle;https://www.getyourguide.com/nosara-l184507/nosara-atv-explore-guiones-pelada-and-jungle-t1193123/
Costa Rica;monteverde-l2135;1285026;Private natural history;https://www.getyourguide.com/monteverde-l2135/private-natural-history-tour-at-el-tigre-waterfalls-t1285026/
Costa Rica;san-jose-costa-rica-l379;808995;Poas volcano national park guided;https://www.getyourguide.com/san-jose-costa-rica-l379/poas-volcano-national-park-guided-tour-t808995/
Costa Rica;playa-flamingo-l1548;863244;Playa brasilito atv beach and mountain;https://www.getyourguide.com/playa-flamingo-l1548/playa-brasilito-atv-beach-and-mountain-tour-t863244/
Costa Rica;la-fortuna-l1904;339051;La fortuna jungle safari float sarapiqui;https://www.getyourguide.com/la-fortuna-l1904/la-fortuna-jungle-safari-float-sarapiqui-to-san-jose-t339051/
Costa Rica;uvita-costa-rica-l187790;511443;Whales and dolphins watching;https://www.getyourguide.com/uvita-costa-rica-l187790/whales-and-dolphins-watching-tour-from-uvita-t511443/
Costa Rica;uvita-costa-rica-l187790;558410;Uvita humpback whales wildlife watching;https://www.getyourguide.com/uvita-costa-rica-l187790/uvita-humpback-whales-wildlife-watching-t558410/
Costa Rica;tamarindo-l995;605087;Half day inshore fishing experience;https://www.getyourguide.com/tamarindo-l995/half-day-inshore-fishing-experience-t605087/
Costa Rica;puntarenas-l32285;671681;Puntarenas isla;https://www.getyourguide.com/puntarenas-l32285/puntarenas-isla-tortuga-boat-tour-with-lunch-and-snorkeling-t671681/
Costa Rica;katira-costa-rica-l184505;704074;Tubing safari rio celeste;https://www.getyourguide.com/katira-costa-rica-l184505/tubing-safari-rio-celeste-t704074/
Costa Rica;puntarenas-l32285;728362;Drake bay corcovado national park sirena station and lunch;https://www.getyourguide.com/puntarenas-l32285/drake-bay-corcovado-national-park-sirena-station-and-lunch-t728362/
Costa Rica;heredia-l2757;732706;Britt coffee;https://www.getyourguide.com/heredia-l2757/britt-coffee-tour-t732706/
Costa Rica;jaco-l667;834923;From jaco monkey encounter with local cuisine experience;https://www.getyourguide.com/jaco-l667/from-jaco-monkey-encounter-with-local-cuisine-experience-t834923/
Costa Rica;la-fortuna-l1904;1054606;La fortuna medicinal plant;https://www.getyourguide.com/la-fortuna-l1904/la-fortuna-medicinal-plant-tour-tea-making-class-t1054606/
Costa Rica;san-jose-costa-rica-l379;1121433;San jose la fortuna 4 day;https://www.getyourguide.com/san-jose-costa-rica-l379/san-jose-la-fortuna-4-day-tour-with-meals-transfers-t1121433/
Costa Rica;san-jose-costa-rica-l379;1137078;San jose all inclusive beach resort day;https://www.getyourguide.com/san-jose-costa-rica-l379/san-jose-all-inclusive-beach-resort-day-trip-t1137078/
Costa Rica;katira-costa-rica-l184505;1310811;Rio celeste zipline adventure with 7 lines;https://www.getyourguide.com/katira-costa-rica-l184505/rio-celeste-zipline-adventure-with-7-lines-t1310811/
Costa Rica;san-jose-costa-rica-l379;104081;San jose private walking;https://www.getyourguide.com/san-jose-costa-rica-l379/san-jose-private-walking-tour-with-a-local-t104081/
Costa Rica;la-fortuna-l1904;234217;La fortuna guided;https://www.getyourguide.com/la-fortuna-l1904/la-fortuna-guided-twilight-wildlife-safari-t234217/
Costa Rica;la-fortuna-l1904;425900;From arenal or la fortuna arenal volcano day;https://www.getyourguide.com/la-fortuna-l1904/from-arenal-or-la-fortuna-arenal-volcano-day-trip-and-lunch-t425900/
Costa Rica;manuel-antonio-l142888;433035;Manuel antonio kstr wildlife sanctuary volunteering day;https://www.getyourguide.com/manuel-antonio-l142888/manuel-antonio-kstr-wildlife-sanctuary-volunteering-day-t433035/
Costa Rica;la-fortuna-l1904;791512;La fortuna full day arenal combo waterfall volcano and more;https://www.getyourguide.com/la-fortuna-l1904/la-fortuna-full-day-arenal-combo-waterfall-volcano-and-more-t791512/
Costa Rica;la-fortuna-l1904;826423;Private;https://www.getyourguide.com/la-fortuna-l1904/private-transport-rio-celeste-to-arenal-t826423/
Costa Rica;uvita-costa-rica-l187790;827019;Uvita snorkeling in cano island;https://www.getyourguide.com/uvita-costa-rica-l187790/uvita-snorkeling-in-cano-island-t827019/
Costa Rica;uvita-costa-rica-l187790;1065727;Mangrove experience from uvita;https://www.getyourguide.com/uvita-costa-rica-l187790/mangrove-experience-from-uvita-t1065727/
Costa Rica;la-fortuna-l1904;302573;Suspension bridges fortuna waterfall and;https://www.getyourguide.com/la-fortuna-l1904/suspension-bridges-fortuna-waterfall-and-typical-lunch-t302573/
Costa Rica;liberia-costa-rica-l381;836774;Costa rica;https://www.getyourguide.com/liberia-costa-rica-l381/costa-rica-tenorio-national-park-and-sloth-sanctuary-tour-t836774/
Costa Rica;la-fortuna-l1904;1037989;La fortuna farm;https://www.getyourguide.com/la-fortuna-l1904/la-fortuna-farm-to-table-cheese-making-class-small-group-t1037989/
Costa Rica;la-fortuna-l1904;1212088;Jet ski adventure on lake arenal with volcano views;https://www.getyourguide.com/la-fortuna-l1904/jet-ski-adventure-on-lake-arenal-with-volcano-views-t1212088/
Costa Rica;monteverde-l2135;430140;Monteverde and santa elena cloud forest bird watching;https://www.getyourguide.com/monteverde-l2135/monteverde-and-santa-elena-cloud-forest-bird-watching-tour-t430140/
Costa Rica;manuel-antonio-l142888;510128;From manuel antonio 35 min flight from quepos;https://www.getyourguide.com/manuel-antonio-l142888/from-manuel-antonio-35-min-flight-from-quepos-to-la-fortuna-t510128/
Costa Rica;manuel-antonio-l142888;615328;Manuel antonio night walking;https://www.getyourguide.com/manuel-antonio-l142888/manuel-antonio-night-walking-tour-with-a-naturalist-guide-t615328/
Costa Rica;tortuguero-l179461;723450;Tortuguero;https://www.getyourguide.com/tortuguero-l179461/tortuguero-turtle-nesting-tour-on-tortuguero-beach-t723450/
Costa Rica;la-fortuna-l1904;747630;La fortuna combined local coffee chocolate;https://www.getyourguide.com/la-fortuna-l1904/la-fortuna-combined-local-coffee-chocolate-tour-t747630/
Costa Rica;san-jose-costa-rica-l379;750992;Private;https://www.getyourguide.com/san-jose-costa-rica-l379/private-transfer-san-jose-airport-tofrom-monteverde-t750992/
Costa Rica;cahuita-l149254;863027;Surf lessons cahuita with professional surfers;https://www.getyourguide.com/cahuita-l149254/surf-lessons-cahuita-with-professional-surfers-t863027/
Costa Rica;la-fortuna-l1904;878048;Arenal volcano sarchi oxcart factory baldi hot springs;https://www.getyourguide.com/la-fortuna-l1904/arenal-volcano-sarchi-oxcart-factory-baldi-hot-springs-t878048/
Costa Rica;bijagua-de-upala-l215361;931125;Bijagua kayak and;https://www.getyourguide.com/bijagua-de-upala-l215361/bijagua-kayak-and-tropical-forest-trail-tour-t931125/
Costa Rica;liberia-costa-rica-l381;1034159;Rafting in la vieja;https://www.getyourguide.com/liberia-costa-rica-l381/rafting-in-la-vieja-t1034159/
Costa Rica;puntarenas-l32285;1107750;Corcovado sunrise;https://www.getyourguide.com/puntarenas-l32285/corcovado-sunrise-tour-by-the-los-planes-ranger-station-t1107750/
Costa Rica;upala-l205966;1181989;Costa rica chocolate;https://www.getyourguide.com/upala-l205966/costa-rica-chocolate-tour-t1181989/
Costa Rica;la-fortuna-l1904;38200;Spelunking in venado caves;https://www.getyourguide.com/la-fortuna-l1904/spelunking-in-venado-caves-t38200/
Costa Rica;la-fortuna-l1904;258287;Arenal canopy and horseback riding adventure;https://www.getyourguide.com/la-fortuna-l1904/arenal-canopy-and-horseback-riding-adventure-t258287/
Costa Rica;manuel-antonio-l142888;332896;Manuel antonio damas island mangrove boat lunch included;https://www.getyourguide.com/manuel-antonio-l142888/manuel-antonio-damas-island-mangrove-boat-lunch-included-t332896/
Costa Rica;tortuguero-l179461;619489;Tortuguero sea;https://www.getyourguide.com/tortuguero-l179461/tortuguero-sea-turtle-tour-t619489/
Costa Rica;jaco-l667;620465;Uvitanature and wildlife macaws butterflies whales sloths;https://www.getyourguide.com/jaco-l667/uvitanature-and-wildlife-macaws-butterflies-whales-sloths-t620465/
Costa Rica;roxana-costa-rica-l215393;687901;Daytime hike in;https://www.getyourguide.com/roxana-costa-rica-l215393/daytime-hike-in-tortuguero-national-park-best-hiking-t687901/
Costa Rica;san-gerardo-de-dota-l211776;797256;Wine;https://www.getyourguide.com/san-gerardo-de-dota-l211776/wine-tour-and-golden-rush-t797256/
Costa Rica;tamarindo-l995;854341;Tamarindo bar crawl experience;https://www.getyourguide.com/tamarindo-l995/tamarindo-bar-crawl-experience-t854341/
Costa Rica;puerto-viejo-de-talamanca-l158223;958842;Puerto viejo;https://www.getyourguide.com/puerto-viejo-de-talamanca-l158223/puerto-viejo-the-bucket-list-package-t958842/
Costa Rica;monteverde-l2135;430089;Monteverde or santa elena suspension bridges private;https://www.getyourguide.com/monteverde-l2135/monteverde-or-santa-elena-suspension-bridges-private-tour-t430089/
Costa Rica;san-jose-costa-rica-l379;512262;Combo arenal waterfalls hanging bridges;https://www.getyourguide.com/san-jose-costa-rica-l379/combo-arenal-waterfalls-hanging-bridges-thermal-spa-t512262/
Costa Rica;uvita-costa-rica-l187790;520782;Uvita best surfing experience 3 hours private lessons;https://www.getyourguide.com/uvita-costa-rica-l187790/uvita-best-surfing-experience-3-hours-private-lessons-t520782/
Costa Rica;la-fortuna-l1904;531660;La fortuna guaranteed;https://www.getyourguide.com/la-fortuna-l1904/la-fortuna-guaranteed-toucan-birdwatching-tour-t531660/
Costa Rica;la-fortuna-l1904;636058;La fortunathe peoples of;https://www.getyourguide.com/la-fortuna-l1904/la-fortunathe-peoples-of-the-world-indigenous-maleku-people-t636058/
Costa Rica;liberia-costa-rica-l381;853837;Daniel oduber quiros airport;https://www.getyourguide.com/liberia-costa-rica-l381/daniel-oduber-quiros-airport-transfers-to-riu-hotels-t853837/
Costa Rica;monteverde-l2135;928925;Monteverde nature walk in curicancha reserve;https://www.getyourguide.com/monteverde-l2135/monteverde-nature-walk-in-curicancha-reserve-t928925/
Costa Rica;sierpe-l238757;1187484;Sierpe bahia drake boat;https://www.getyourguide.com/sierpe-l238757/sierpe-bahia-drake-boat-transfer-through-mangroves-t1187484/
Costa Rica;la-fortuna-l1904;413216;La fortuna lake arenal kayaking with hot springs and meal;https://www.getyourguide.com/la-fortuna-l1904/la-fortuna-lake-arenal-kayaking-with-hot-springs-and-meal-t413216/
Costa Rica;la-fortuna-l1904;448204;La fortuna;https://www.getyourguide.com/la-fortuna-l1904/la-fortuna-tour-to-the-rio-celeste-t448204/
Costa Rica;san-jose-costa-rica-l379;671839;San jose isla;https://www.getyourguide.com/san-jose-costa-rica-l379/san-jose-isla-tortuga-all-inclusive-boat-tour-w-snorkeling-t671839/
Costa Rica;cahuita-l149254;849784;Dive into paradise manzanillo s dolphin snorkel and lunch;https://www.getyourguide.com/cahuita-l149254/dive-into-paradise-manzanillo-s-dolphin-snorkel-and-lunch-t849784/
Costa Rica;monteverde-l2135;1298798;Monteverde authentic rural and culinary experience;https://www.getyourguide.com/monteverde-l2135/monteverde-authentic-rural-and-culinary-experience-tour-in-cabeceras-t1298798/
Costa Rica;la-fortuna-l1904;217170;La fortuna balsa river class 2 3 whitewater rafting;https://www.getyourguide.com/la-fortuna-l1904/la-fortuna-balsa-river-class-2-3-whitewater-rafting-t217170/
Costa Rica;las-catalinas-l179131;847018;Las catalinas guanacaste costa rica sea kayaking or sup;https://www.getyourguide.com/las-catalinas-l179131/las-catalinas-guanacaste-costa-rica-sea-kayaking-or-sup-t847018/
Costa Rica;puerto-jimenez-l32268;854966;Corcovado national park sirena day;https://www.getyourguide.com/puerto-jimenez-l32268/corcovado-national-park-sirena-day-tour-drake-bay-corcovado-t854966/
Costa Rica;monteverde-l2135;895732;Learning in;https://www.getyourguide.com/monteverde-l2135/learning-in-the-magical-forest-of-curi-cancha-t895732/
Costa Rica;monteverde-l2135;1183401;Monteverde cloud forest night walk nocturnal wildlife;https://www.getyourguide.com/monteverde-l2135/monteverde-cloud-forest-night-walk-nocturnal-wildlife-t1183401/
Costa Rica;playa-hermosa-l32230;1199579;Papagayo jungle atv;https://www.getyourguide.com/playa-hermosa-l32230/papagayo-jungle-atv-tour-with-scenic-views-t1199579/
Costa Rica;puerto-jimenez-l32268;1262698;Corcovado national park guided day;https://www.getyourguide.com/puerto-jimenez-l32268/corcovado-national-park-guided-day-tour-to-sirena-t1262698/
Costa Rica;cahuita-l149254;1276305;Cahuita early morning caribbean fishing experience;https://www.getyourguide.com/cahuita-l149254/cahuita-early-morning-caribbean-fishing-experience-t1276305/
Costa Rica;la-fortuna-l1904;11602;The mambo combo canyoning and rafting in costa rica;https://www.getyourguide.com/la-fortuna-l1904/the-mambo-combo-canyoning-and-rafting-in-costa-rica-t11602/
Costa Rica;la-fortuna-l1904;164811;Maleku indigenous reserve visit;https://www.getyourguide.com/la-fortuna-l1904/maleku-indigenous-reserve-visit-t164811/
Costa Rica;manzanillo-l236504;631135;Manzanillo night hike in;https://www.getyourguide.com/manzanillo-l236504/manzanillo-night-hike-in-the-forest-t631135/
Costa Rica;jaco-l667;637182;Jaco horse;https://www.getyourguide.com/jaco-l667/jaco-horse-tours-t637182/
Costa Rica;la-fortuna-l1904;848907;Afternoon arenal volcano and natural hot springs river;https://www.getyourguide.com/la-fortuna-l1904/afternoon-arenal-volcano-and-natural-hot-springs-river-t848907/
Costa Rica;san-jose-costa-rica-l379;858716;San jose caribe arenal pacuare river 1 day rafting adventure;https://www.getyourguide.com/san-jose-costa-rica-l379/san-jose-caribe-arenal-pacuare-river-1-day-rafting-adventure-t858716/
Costa Rica;uvita-costa-rica-l187790;891966;Uvita whales and dolphins watching;https://www.getyourguide.com/uvita-costa-rica-l187790/uvita-whales-and-dolphins-watching-tour-bahia-ballena-t891966/
Costa Rica;san-jose-costa-rica-l379;1092715;San jose irazu volcano cartago orosi valley;https://www.getyourguide.com/san-jose-costa-rica-l379/san-jose-irazu-volcano-cartago-orosi-valley-tour-t1092715/
Costa Rica;jaco-l667;1099600;Jaco surf lesson with certified instructor;https://www.getyourguide.com/jaco-l667/jaco-surf-lesson-with-certified-instructor-t1099600/
Costa Rica;la-fortuna-l1904;190874;La fortuna sloth watching experience;https://www.getyourguide.com/la-fortuna-l1904/la-fortuna-sloth-watching-experience-t190874/
Costa Rica;monteverde-l2135;425618;From san jose monteverde full day adventure;https://www.getyourguide.com/monteverde-l2135/from-san-jose-monteverde-full-day-adventure-tour-t425618/
Costa Rica;la-fortuna-l1904;426744;La fortuna hanging bridges arenal volcano and falls;https://www.getyourguide.com/la-fortuna-l1904/la-fortuna-hanging-bridges-arenal-volcano-and-falls-tour-t426744/
Costa Rica;la-fortuna-l1904;447376;La fortuna white water;https://www.getyourguide.com/la-fortuna-l1904/la-fortuna-white-water-tubing-experience-t447376/
