pais;ciudad_id;tour_id;titulo_referencia;url
Ecuador;guayaquil-l532;72203;Tour De La Ciudad De Guayaquil;https://www.getyourguide.com/es-es/guayaquil-l532/tour-de-la-ciudad-de-guayaquil-t72203/
Ecuador;puerto-villamil-l180376;879180;Tuneles De Galapagos Snorkel Con Tiburones Caballitos De Mar Y Tortugas Marinas;https://www.getyourguide.com/es-es/puerto-villamil-l180376/tuneles-de-galapagos-snorkel-con-tiburones-caballitos-de-mar-y-tortugas-marinas-t879180/
Ecuador;quito-l504;1129617;Quito Excursion De 1 Dia A Latacunga Pujili E Isinche Con Almuerzo;https://www.getyourguide.com/es-es/quito-l504/quito-excursion-de-1-dia-a-latacunga-pujili-e-isinche-con-almuerzo-t1129617/
Ecuador;quito-l504;1232960;Cata De Miskes Ecuatorianos En Medio Del Bosque Nublado De Quito;https://www.getyourguide.com/es-es/quito-l504/cata-de-miskes-ecuatorianos-en-medio-del-bosque-nublado-de-quito-t1232960/
Ecuador;quito-l504;1237398;Tour Volcan Pululahua;https://www.getyourguide.com/es-es/quito-l504/tour-volcan-pululahua-t1237398/
Ecuador;riobamba-l2234;469501;Riobamba Excursion Privada Al Volcan Chimborazo;https://www.getyourguide.com/es-es/riobamba-l2234/riobamba-excursion-privada-al-volcan-chimborazo-t469501/
Ecuador;quito-l504;497283;Desde Quito Dia Completo En El Parque Nacional Cotopaxi Y La Laguna De Quilotoa;https://www.getyourguide.com/es-es/quito-l504/desde-quito-dia-completo-en-el-parque-nacional-cotopaxi-y-la-laguna-de-quilotoa-t497283/
Ecuador;cuenca-ecuador-l368;961537;Tour Azuay Cuenca Ecuador;https://www.getyourguide.com/es-es/cuenca-ecuador-l368/tour-azuay-cuenca-ecuador-t961537/
Ecuador;puerto-baquerizo-moreno-l180769;563418;Kicker Rock Dia Completo;https://www.getyourguide.com/es-es/puerto-baquerizo-moreno-l180769/kicker-rock-dia-completo-t563418/
Ecuador;puerto-ayora-l148437;1227042;Santa Cruz En Un Dia Con Traslado De Llegada;https://www.getyourguide.com/es-es/puerto-ayora-l148437/santa-cruz-en-un-dia-con-traslado-de-llegada-t1227042/
Ecuador;quito-l504;1191736;Quito Tour A Pie Por La Mariscal Y La Floresta;https://www.getyourguide.com/es-es/quito-l504/quito-tour-a-pie-por-la-mariscal-y-la-floresta-t1191736/
Ecuador;puerto-ayora-l148437;750309;Desde Puerto Ayora Excursion De Un Dia A Pinzon En Crucero Por Galapagos;https://www.getyourguide.com/es-es/puerto-ayora-l148437/desde-puerto-ayora-excursion-de-un-dia-a-pinzon-en-crucero-por-galapagos-t750309/
Ecuador;otavalo-l2259;984722;Ecuador Tour Cultural Y De Observacion De Aves Desde Quito;https://www.getyourguide.com/es-es/otavalo-l2259/ecuador-tour-cultural-y-de-observacion-de-aves-desde-quito-t984722/
Ecuador;quito-l504;466430;Tour De Dia Completo A La Laguna De Quilotoa Desde Quito;https://www.getyourguide.com/es-es/quito-l504/tour-de-dia-completo-a-la-laguna-de-quilotoa-desde-quito-t466430/
Ecuador;quito-l504;477766;Aventura De 3 Dias Quito Cotopaxi Quilotoa Banos Selva;https://www.getyourguide.com/es-es/quito-l504/aventura-de-3-dias-quito-cotopaxi-quilotoa-banos-selva-t477766/
Ecuador;quito-l504;1047886;Tour En Bici Por El Volcan Cotopaxi Ruta De Senderismo Opcional;https://www.getyourguide.com/es-es/quito-l504/tour-en-bici-por-el-volcan-cotopaxi-ruta-de-senderismo-opcional-t1047886/
Ecuador;quito-l504;569478;Quito Essence Casco Antiguo;https://www.getyourguide.com/es-es/quito-l504/quito-essence-casco-antiguo-t569478/
Ecuador;cuenca-ecuador-l368;1228320;Quito A Cuenca Visitando Cotopaxi Quilotoa Banos Amazonia E Ingapirca;https://www.getyourguide.com/es-es/cuenca-ecuador-l368/quito-a-cuenca-visitando-cotopaxi-quilotoa-banos-amazonia-e-ingapirca-t1228320/
Ecuador;cuenca-ecuador-l368;884190;Escapada De Medio Dia Al Parque Nacional De Cajas;https://www.getyourguide.com/es-es/cuenca-ecuador-l368/escapada-de-medio-dia-al-parque-nacional-de-cajas-t884190/
Ecuador;quito-l504;609723;Mercado Indigena De Otavalo Excursion De Un Dia;https://www.getyourguide.com/es-es/quito-l504/mercado-indigena-de-otavalo-excursion-de-un-dia-t609723/
Ecuador;banos-l2262;776868;Rafting Canyoning Dos Actividades Por Un Dia Acuatico;https://www.getyourguide.com/es-es/banos-l2262/rafting-canyoning-dos-actividades-por-un-dia-acuatico-t776868/
Ecuador;quito-l504;1261760;Desde Quito Tour Privado De 1 Dia Al Volcan Antisana;https://www.getyourguide.com/es-es/quito-l504/desde-quito-tour-privado-de-1-dia-al-volcan-antisana-t1261760/
Ecuador;quito-l504;1300200;Tour De 6 Dias Por El Patrimonio De Ecuador Arte Cultura Y Otavalo;https://www.getyourguide.com/es-es/quito-l504/tour-de-6-dias-por-el-patrimonio-de-ecuador-arte-cultura-y-otavalo-t1300200/
Ecuador;quito-l504;1025294;Quito Tour Por Lo Mas Destacado De La Ciudad;https://www.getyourguide.com/es-es/quito-l504/quito-tour-por-lo-mas-destacado-de-la-ciudad-t1025294/
Ecuador;quito-l504;595842;Dia Completo En Laguna Quilotoa Naturaleza Y Cultura Andina;https://www.getyourguide.com/es-es/quito-l504/dia-completo-en-laguna-quilotoa-naturaleza-y-cultura-andina-t595842/
Ecuador;banos-l2262;642325;Banos 2 Horas De Cabalgata Con Vistas Al Tungurahua;https://www.getyourguide.com/es-es/banos-l2262/banos-2-horas-de-cabalgata-con-vistas-al-tungurahua-t642325/
Ecuador;riobamba-l2234;1326524;Aventura A Caballo Por El Volcan Chimborazo Desde Riobamba;https://www.getyourguide.com/es-es/riobamba-l2234/aventura-a-caballo-por-el-volcan-chimborazo-desde-riobamba-t1326524/
Ecuador;banos-l2262;1109991;Banos Ruta De 8 Cascadas Con Almuerzo Y Guia;https://www.getyourguide.com/es-es/banos-l2262/banos-ruta-de-8-cascadas-con-almuerzo-y-guia-t1109991/
Ecuador;quito-l504;1165654;Ruta Por Kana Yaku Y Cascadas Se Admiten Mascotas;https://www.getyourguide.com/es-es/quito-l504/ruta-por-kana-yaku-y-cascadas-se-admiten-mascotas-t1165654/
Ecuador;quito-l504;1239450;Quito Tour Guiado De 6 Dias Por Quito Cotopaxi Mindo Y Otavalo;https://www.getyourguide.com/es-es/quito-l504/quito-tour-guiado-de-6-dias-por-quito-cotopaxi-mindo-y-otavalo-t1239450/
Ecuador;canton-de-latacunga-l148367;918493;Desde Quito Frutos Andinos Parque Nacional Cotopaxi Y Ruta De Arandanos;https://www.getyourguide.com/es-es/canton-de-latacunga-l148367/desde-quito-frutos-andinos-parque-nacional-cotopaxi-y-ruta-de-arandanos-t918493/
Ecuador;banos-l2262;639537;Banos Rafting En El Rio Pastaza Con Almuerzo;https://www.getyourguide.com/es-es/banos-l2262/banos-rafting-en-el-rio-pastaza-con-almuerzo-t639537/
Ecuador;quito-l504;694198;Quito Privado Dia Completo El Casco Antiguo Y La Linea Ecuatorial;https://www.getyourguide.com/es-es/quito-l504/quito-privado-dia-completo-el-casco-antiguo-y-la-linea-ecuatorial-t694198/
Ecuador;rio-negro-l239676;1151024;Rafting En Aguas Bravas En Banos;https://www.getyourguide.com/es-es/rio-negro-l239676/rafting-en-aguas-bravas-en-banos-t1151024/
Ecuador;quito-l504;1147780;Quito Excursion De 1 Dia Al Parque Nacional Cotopaxi Y Quilotoa;https://www.getyourguide.com/es-es/quito-l504/quito-excursion-de-1-dia-al-parque-nacional-cotopaxi-y-quilotoa-t1147780/
Ecuador;cuenca-ecuador-l368;280227;Cuenca Recorrido Artesanal Por San Bartolome Gualaceo Y Chordeleg;https://www.getyourguide.com/es-es/cuenca-ecuador-l368/cuenca-recorrido-artesanal-por-san-bartolome-gualaceo-y-chordeleg-t280227/
Ecuador;quito-l504;1013498;Quito Centro Historico Cacao Experience Museo Intinan;https://www.getyourguide.com/es-es/quito-l504/quito-centro-historico-cacao-experience-museo-intinan-t1013498/
Ecuador;quito-l504;796145;Quito Dulce Basilica Chocolate Centro Historico Hotel Quiteno;https://www.getyourguide.com/es-es/quito-l504/quito-dulce-basilica-chocolate-centro-historico-hotel-quiteno-t796145/
Ecuador;cuenca-ecuador-l368;1183524;Aventura Urbana En Cuenca Calles Vistas E Historias Locales;https://www.getyourguide.com/es-es/cuenca-ecuador-l368/aventura-urbana-en-cuenca-calles-vistas-e-historias-locales-t1183524/
Ecuador;quito-l504;1257690;Quito Tour De Arquitectura Arte Y Gastronomia;https://www.getyourguide.com/es-es/quito-l504/quito-tour-de-arquitectura-arte-y-gastronomia-t1257690/
Ecuador;puerto-ayora-l148437;522492;Tour De Medio Dia Por La Bahia De La Isla Santa Cruz;https://www.getyourguide.com/es-es/puerto-ayora-l148437/tour-de-medio-dia-por-la-bahia-de-la-isla-santa-cruz-t522492/
Ecuador;puerto-villamil-l180376;728251;Esnorquel En Isabela;https://www.getyourguide.com/es-es/puerto-villamil-l180376/esnorquel-en-isabela-t728251/
Ecuador;canton-de-latacunga-l148367;1117491;Quito Senderismo Y Ciclismo En El Parque Nacional Cotopaxi;https://www.getyourguide.com/es-es/canton-de-latacunga-l148367/quito-senderismo-y-ciclismo-en-el-parque-nacional-cotopaxi-t1117491/
Ecuador;santo-domingo-ecuador-l208931;1323600;Bayahibe Excursion De 1 Dia A Santo Domingo Con Teleferico;https://www.getyourguide.com/es-es/santo-domingo-ecuador-l208931/bayahibe-excursion-de-1-dia-a-santo-domingo-con-teleferico-t1323600/
Ecuador;quito-l504;63865;Excursion A Quito Teleferico Y Cabalgata Al Volcan Pichincha;https://www.getyourguide.com/es-es/quito-l504/excursion-a-quito-teleferico-y-cabalgata-al-volcan-pichincha-t63865/
Ecuador;quito-l504;1154862;Quito Aventura De 2 Dias Con Todo Incluido En Cotopaxi;https://www.getyourguide.com/es-es/quito-l504/quito-aventura-de-2-dias-con-todo-incluido-en-cotopaxi-t1154862/
Ecuador;guayaquil-l532;792434;Guayaquil Experiencia Epica En Una Granja De Cacao Y Tour De La Ciudad;https://www.getyourguide.com/es-es/guayaquil-l532/guayaquil-experiencia-epica-en-una-granja-de-cacao-y-tour-de-la-ciudad-t792434/
Ecuador;quito-l504;290120;Quito Lo Mejor De La Ciudad Y Tour Gastronomico;https://www.getyourguide.com/es-es/quito-l504/quito-lo-mejor-de-la-ciudad-y-tour-gastronomico-t290120/
Ecuador;quito-l504;1330730;Quito De 1 Dia Teleferico Casco Antiguo Y Mitad Del Mundo;https://www.getyourguide.com/es-es/quito-l504/quito-de-1-dia-teleferico-casco-antiguo-y-mitad-del-mundo-t1330730/
Ecuador;quito-l504;503766;Parque Nacional Cotopaxi Tour De Dia Completo Desde Quito;https://www.getyourguide.com/es-es/quito-l504/parque-nacional-cotopaxi-tour-de-dia-completo-desde-quito-t503766/
Ecuador;quito-l504;523452;Termas De Cotopaxi Y Papallacta;https://www.getyourguide.com/es-es/quito-l504/termas-de-cotopaxi-y-papallacta-t523452/
Ecuador;nueva-loja-l5279;534094;Cuyabeno 4 Dias Y 3 Noches;https://www.getyourguide.com/es-es/nueva-loja-l5279/cuyabeno-4-dias-y-3-noches-t534094/
Ecuador;quito-l504;595119;Volcan Cotopaxi Dia De Recorrido En Las Alturas Andinas;https://www.getyourguide.com/es-es/quito-l504/volcan-cotopaxi-dia-de-recorrido-en-las-alturas-andinas-t595119/
Ecuador;quito-l504;1215432;Quito Sesion De Fotos Con Un Fotografo Profesional;https://www.getyourguide.com/es-es/quito-l504/quito-sesion-de-fotos-con-un-fotografo-profesional-t1215432/
Ecuador;banos-l2262;409726;Desde Quito Visita Guiada A Las Cascadas De Banos De Agua Santa;https://www.getyourguide.com/es-es/banos-l2262/desde-quito-visita-guiada-a-las-cascadas-de-banos-de-agua-santa-t409726/
Ecuador;otavalo-l2259;1003326;Quito Mercado De Otavalo Lago San Pablo Y Cascada;https://www.getyourguide.com/es-es/otavalo-l2259/quito-mercado-de-otavalo-lago-san-pablo-y-cascada-t1003326/
Ecuador;quito-l504;1117375;Quito Tour De La Mitad Del Mundo Con Traslado Al Aeropuerto;https://www.getyourguide.com/es-es/quito-l504/quito-tour-de-la-mitad-del-mundo-con-traslado-al-aeropuerto-t1117375/
Ecuador;puerto-ayora-l148437;508339;Excursion De Un Dia A Bartolome;https://www.getyourguide.com/es-es/puerto-ayora-l148437/excursion-de-un-dia-a-bartolome-t508339/
Ecuador;quito-l504;456211;Tour Privado De Un Dia Al Mercado Indio De Otavalo;https://www.getyourguide.com/es-es/quito-l504/tour-privado-de-un-dia-al-mercado-indio-de-otavalo-t456211/
Ecuador;quito-l504;892267;Quito Tour Gastronomico Por El Pintoresco Casco Antiguo Con Degustaciones Y Almuerzo;https://www.getyourguide.com/es-es/quito-l504/quito-tour-gastronomico-por-el-pintoresco-casco-antiguo-con-degustaciones-y-almuerzo-t892267/
Ecuador;puerto-villamil-l180376;644829;Tour De Dia Completo A Los Tuneles De Lava Desde La Isla Isabela;https://www.getyourguide.com/es-es/puerto-villamil-l180376/tour-de-dia-completo-a-los-tuneles-de-lava-desde-la-isla-isabela-t644829/
Ecuador;banos-l2262;1060239;Escapada Andina De 3 Dias Aventura En Cotopaxi Y Cascada De Banos;https://www.getyourguide.com/es-es/banos-l2262/escapada-andina-de-3-dias-aventura-en-cotopaxi-y-cascada-de-banos-t1060239/
Ecuador;puerto-ayora-l148437;1068191;Santa Cruz Tour De Medio Dia Por La Bahia Con Snorkel Y Grietas;https://www.getyourguide.com/es-es/puerto-ayora-l148437/santa-cruz-tour-de-medio-dia-por-la-bahia-con-snorkel-y-grietas-t1068191/
Ecuador;quito-l504;1075007;Lo Mas Destacado De Quito Y Sus Tesoros Ocultos Tour Privado Con Un Guia Local;https://www.getyourguide.com/es-es/quito-l504/lo-mas-destacado-de-quito-y-sus-tesoros-ocultos-tour-privado-con-un-guia-local-t1075007/
Ecuador;banos-l2262;829184;Tour Banos De Agua Santa 2 Dias 1 Noche;https://www.getyourguide.com/es-es/banos-l2262/tour-banos-de-agua-santa-2-dias-1-noche-t829184/
Ecuador;puerto-villamil-l180376;908549;Isla Isabela Rapel Por El Volcan Trillizos;https://www.getyourguide.com/es-es/puerto-villamil-l180376/isla-isabela-rapel-por-el-volcan-trillizos-t908549/
Ecuador;santa-cruz-ecuador-l214972;916272;Tour De 3 Dias Con Todo Incluido A Las Galapagos Con Cig Tours;https://www.getyourguide.com/es-es/santa-cruz-ecuador-l214972/tour-de-3-dias-con-todo-incluido-a-las-galapagos-con-cig-tours-t916272/
Ecuador;quito-l504;455515;Tour Privado De La Ciudad De Quito Y Degustacion De Comida;https://www.getyourguide.com/es-es/quito-l504/tour-privado-de-la-ciudad-de-quito-y-degustacion-de-comida-t455515/
Ecuador;quito-l504;290050;Quito Tour Nocturno De Comida Callejera Y Bebidas Locales;https://www.getyourguide.com/es-es/quito-l504/quito-tour-nocturno-de-comida-callejera-y-bebidas-locales-t290050/
Ecuador;cuenca-ecuador-l368;785672;Excursion En Bicicleta Electrica Por Cuenca;https://www.getyourguide.com/es-es/cuenca-ecuador-l368/excursion-en-bicicleta-electrica-por-cuenca-t785672/
Ecuador;quito-l504;1147584;Quito Ruta De 5 Dias Por El Quilotoa Con Comidas Y Guia;https://www.getyourguide.com/es-es/quito-l504/quito-ruta-de-5-dias-por-el-quilotoa-con-comidas-y-guia-t1147584/
Ecuador;cuenca-ecuador-l368;1231726;Cuenca Tour Fotografico Panoramico Por El Parque Nacional Cajas;https://www.getyourguide.com/es-es/cuenca-ecuador-l368/cuenca-tour-fotografico-panoramico-por-el-parque-nacional-cajas-t1231726/
Ecuador;quito-l504;1244076;Quito Tour De La Ciudad De 6 Dias Por Quito Cotopaxi Quilotoa Y Banos;https://www.getyourguide.com/es-es/quito-l504/quito-tour-de-la-ciudad-de-6-dias-por-quito-cotopaxi-quilotoa-y-banos-t1244076/
Ecuador;papallacta-l144651;1311946;Quito Tour De 9 Dias Por Los Andes Con Aguas Termales Y Viaje En Tren;https://www.getyourguide.com/es-es/papallacta-l144651/quito-tour-de-9-dias-por-los-andes-con-aguas-termales-y-viaje-en-tren-t1311946/
Ecuador;quito-l504;824760;From Quito Full Day Banos Ecoturism And Adventure;https://www.getyourguide.com/es-es/quito-l504/from-quito-full-day-banos-ecoturism-and-adventure-t824760/
Ecuador;quito-l504;1150114;Degustacion De Miel En La Floresta Quito;https://www.getyourguide.com/es-es/quito-l504/degustacion-de-miel-en-la-floresta-quito-t1150114/
Ecuador;quito-l504;1190895;Experiencia Privada De Comida Callejera Y Cultura En Quito;https://www.getyourguide.com/es-es/quito-l504/experiencia-privada-de-comida-callejera-y-cultura-en-quito-t1190895/
Ecuador;quito-l504;419324;Desde Quito Excursion De Un Dia A Caballo Y Al Parque Nacional Del Cotopaxi;https://www.getyourguide.com/es-es/quito-l504/desde-quito-excursion-de-un-dia-a-caballo-y-al-parque-nacional-del-cotopaxi-t419324/
Ecuador;quito-l504;290115;Quito Tour De Los Amantes Del Chocolate;https://www.getyourguide.com/es-es/quito-l504/quito-tour-de-los-amantes-del-chocolate-t290115/
Ecuador;quito-l504;640670;Casco Antiguo De Quito Tour Cultural Y Gastronomico A Pie Y Compras;https://www.getyourguide.com/es-es/quito-l504/casco-antiguo-de-quito-tour-cultural-y-gastronomico-a-pie-y-compras-t640670/
Ecuador;canton-de-latacunga-l148367;885849;De Quito A Cuenca 4 Dias Cotopaxi Quilotoa Banos Chimborazo;https://www.getyourguide.com/es-es/canton-de-latacunga-l148367/de-quito-a-cuenca-4-dias-cotopaxi-quilotoa-banos-chimborazo-t885849/
Ecuador;puerto-ayora-l148437;810145;Galapagos Islands Santa Cruz 4 Days All Inclusive;https://www.getyourguide.com/es-es/puerto-ayora-l148437/galapagos-islands-santa-cruz-4-days-all-inclusive-t810145/
Ecuador;quito-l504;1242449;Senderismo De Un Dia Completo Por El Glaciar Del Cotopaxi;https://www.getyourguide.com/es-es/quito-l504/senderismo-de-un-dia-completo-por-el-glaciar-del-cotopaxi-t1242449/
Ecuador;quito-l504;523872;Quito Excursion Al Bosque Nuboso De Mindo Y Observacion De Aves;https://www.getyourguide.com/es-es/quito-l504/quito-excursion-al-bosque-nuboso-de-mindo-y-observacion-de-aves-t523872/
Ecuador;puerto-ayora-l148437;609691;Dia Completo Isla Pinzon Terminando En La Fe Con Snorkel;https://www.getyourguide.com/es-es/puerto-ayora-l148437/dia-completo-isla-pinzon-terminando-en-la-fe-con-snorkel-t609691/
Ecuador;quito-l504;676629;Parque Nacional Cotopaxi Y Termas De Papallacta;https://www.getyourguide.com/es-es/quito-l504/parque-nacional-cotopaxi-y-termas-de-papallacta-t676629/
Ecuador;quito-l504;1027674;Quito En Bicicleta Mirador Mercados Parques Basilica Del Voto Nacional;https://www.getyourguide.com/es-es/quito-l504/quito-en-bicicleta-mirador-mercados-parques-basilica-del-voto-nacional-t1027674/
Ecuador;cuenca-ecuador-l368;1099928;Cuenca En Bicicleta Historia Naturaleza Y Aperitivos;https://www.getyourguide.com/es-es/cuenca-ecuador-l368/cuenca-en-bicicleta-historia-naturaleza-y-aperitivos-t1099928/
Ecuador;puerto-ayora-l148437;834788;Galapagos Relax 8 Dias;https://www.getyourguide.com/es-es/puerto-ayora-l148437/galapagos-relax-8-dias-t834788/
Ecuador;banos-l2262;1103143;Tour Privado De Un Dia Completo En La Amazonia;https://www.getyourguide.com/es-es/banos-l2262/tour-privado-de-un-dia-completo-en-la-amazonia-t1103143/
Ecuador;quito-l504;841304;Quito Tour Mitad Del Mundo Y Volcan;https://www.getyourguide.com/es-es/quito-l504/quito-tour-mitad-del-mundo-y-volcan-t841304/
Ecuador;cuenca-ecuador-l368;1183665;Cuenca Entre Historia Mitos Y Conocimientos Perdidos;https://www.getyourguide.com/es-es/cuenca-ecuador-l368/cuenca-entre-historia-mitos-y-conocimientos-perdidos-t1183665/
Ecuador;quito-l504;1108584;Tour Fotografico A Pie En El Centro Historico De Quito;https://www.getyourguide.com/es-es/quito-l504/tour-fotografico-a-pie-en-el-centro-historico-de-quito-t1108584/
Ecuador;quito-l504;420783;Desde Quito Excursion De Un Dia Guiada Al Antisana Y Observacion De Condores;https://www.getyourguide.com/es-es/quito-l504/desde-quito-excursion-de-un-dia-guiada-al-antisana-y-observacion-de-condores-t420783/
Ecuador;santa-cruz-ecuador-l214972;1308328;Desde Santa Cruz Tour Floreana Enderby Y Punta Cormorant;https://www.getyourguide.com/es-es/santa-cruz-ecuador-l214972/desde-santa-cruz-tour-floreana-enderby-y-punta-cormorant-t1308328/
Ecuador;cuenca-ecuador-l368;957075;Sabor A Cuenca Ecuador Mas De 32 Delicias Y Bebidas Locales;https://www.getyourguide.com/es-es/cuenca-ecuador-l368/sabor-a-cuenca-ecuador-mas-de-32-delicias-y-bebidas-locales-t957075/
Ecuador;quito-l504;1057252;Tour En Bicicleta Por Mindo Desde Quito Visita El Choco Andino;https://www.getyourguide.com/es-es/quito-l504/tour-en-bicicleta-por-mindo-desde-quito-visita-el-choco-andino-t1057252/
Ecuador;guayaquil-l532;1329572;Cata De Vinos Premium Y Menu Maridaje De 3 Tiempos En Guayaquil;https://www.getyourguide.com/es-es/guayaquil-l532/cata-de-vinos-premium-y-menu-maridaje-de-3-tiempos-en-guayaquil-t1329572/
Ecuador;puerto-ayora-l148437;1038964;Galapagos Santa Cruz Tour Por La Playa El Garrapatero;https://www.getyourguide.com/es-es/puerto-ayora-l148437/galapagos-santa-cruz-tour-por-la-playa-el-garrapatero-t1038964/
Ecuador;quito-l504;823509;Quito Excursion De Un Dia Completo A Las Termas De Papallacta Y La Zona;https://www.getyourguide.com/es-es/quito-l504/quito-excursion-de-un-dia-completo-a-las-termas-de-papallacta-y-la-zona-t823509/
Ecuador;puerto-ayora-l148437;1329331;;https://www.getyourguide.com/es-es/puerto-ayora-l148437/-t1329331/
Ecuador;cuenca-ecuador-l368;1066374;Desde Cuenca Descenso De Los Andes En Bici;https://www.getyourguide.com/es-es/cuenca-ecuador-l368/desde-cuenca-descenso-de-los-andes-en-bici-t1066374/
Ecuador;puerto-ayora-l148437;764482;Floreana Descubre La Primera Isla Habitada De Las Galapagos;https://www.getyourguide.com/es-es/puerto-ayora-l148437/floreana-descubre-la-primera-isla-habitada-de-las-galapagos-t764482/
Ecuador;otavalo-l2259;832172;Otavalo Y Laguna De Cuicocha Relax 2 Dias 1 Noche;https://www.getyourguide.com/es-es/otavalo-l2259/otavalo-y-laguna-de-cuicocha-relax-2-dias-1-noche-t832172/
Ecuador;santa-cruz-ecuador-l214972;881269;Visita Rancho Ecologico Highlands Excursion Media Bahia Santa Cruz;https://www.getyourguide.com/es-es/santa-cruz-ecuador-l214972/visita-rancho-ecologico-highlands-excursion-media-bahia-santa-cruz-t881269/
Ecuador;nueva-loja-l5279;1092562;Cuyabeno Amazon Lodge 4 Dias De Vida Salvaje Y Naturaleza;https://www.getyourguide.com/es-es/nueva-loja-l5279/cuyabeno-amazon-lodge-4-dias-de-vida-salvaje-y-naturaleza-t1092562/
Ecuador;quito-l504;978690;Quito Tour De Un Dia Por Lo Mas Destacado De La Ciudad Y La Linea Ecuatorial;https://www.getyourguide.com/es-es/quito-l504/quito-tour-de-un-dia-por-lo-mas-destacado-de-la-ciudad-y-la-linea-ecuatorial-t978690/
Ecuador;banos-l2262;639583;Banos Barranquismo En Las Cascadas De Chamana O Rio Blanco;https://www.getyourguide.com/es-es/banos-l2262/banos-barranquismo-en-las-cascadas-de-chamana-o-rio-blanco-t639583/
Ecuador;puerto-ayora-l148437;658983;Vuelta A Galapagos 3 Islas 5 Dias;https://www.getyourguide.com/es-es/puerto-ayora-l148437/vuelta-a-galapagos-3-islas-5-dias-t658983/
Ecuador;quito-l504;981790;Quito Parque Nacional Cotopaxi Y Linea Del Ecuador;https://www.getyourguide.com/es-es/quito-l504/quito-parque-nacional-cotopaxi-y-linea-del-ecuador-t981790/
Ecuador;guayaquil-l532;533518;Visita Y Almuerzo En El Bosque Nuboso Y La Granja De Cacao De Guayaquil;https://www.getyourguide.com/es-es/guayaquil-l532/visita-y-almuerzo-en-el-bosque-nuboso-y-la-granja-de-cacao-de-guayaquil-t533518/
Ecuador;quito-l504;709727;Quito Traslado Privado Desdehasta El Aeropuerto;https://www.getyourguide.com/es-es/quito-l504/quito-traslado-privado-desdehasta-el-aeropuerto-t709727/
Ecuador;quito-l504;290070;Quito Tour Guiado De Arte Urbano Con Cerveza Artesana;https://www.getyourguide.com/es-es/quito-l504/quito-tour-guiado-de-arte-urbano-con-cerveza-artesana-t290070/
Ecuador;otavalo-l2259;1109952;Quito Y Mas Alla Las Joyas Escondidas Del Norte De Los Andes;https://www.getyourguide.com/es-es/otavalo-l2259/quito-y-mas-alla-las-joyas-escondidas-del-norte-de-los-andes-t1109952/
Ecuador;guayaquil-l532;1139882;Guayaquil Tour A Pie Historico A Traves Del Tiempo Y La Cultura;https://www.getyourguide.com/es-es/guayaquil-l532/guayaquil-tour-a-pie-historico-a-traves-del-tiempo-y-la-cultura-t1139882/
Ecuador;quito-l504;1164684;Quito Tour De 3 Dias Por Los Andes Con Cotopaxi Quilotoa Y Chimborazo;https://www.getyourguide.com/es-es/quito-l504/quito-tour-de-3-dias-por-los-andes-con-cotopaxi-quilotoa-y-chimborazo-t1164684/
Ecuador;quito-l504;805852;Desde Quito Full Day Otavalo Y Cotacachi;https://www.getyourguide.com/es-es/quito-l504/desde-quito-full-day-otavalo-y-cotacachi-t805852/
Ecuador;banos-l2262;808274;Desde Banos Excursion De Un Dia Al Volcan Chimborazo Con Almuerzo;https://www.getyourguide.com/es-es/banos-l2262/desde-banos-excursion-de-un-dia-al-volcan-chimborazo-con-almuerzo-t808274/
Ecuador;quito-l504;861909;Quito Recorrido 360O En Bicicleta;https://www.getyourguide.com/es-es/quito-l504/quito-recorrido-360o-en-bicicleta-t861909/
Ecuador;santa-cruz-ecuador-l214972;1248272;Santa Cruz Tour Galapagos 4 Dias Con Hotel Premium Piscina Y Vista Al Mar;https://www.getyourguide.com/es-es/santa-cruz-ecuador-l214972/santa-cruz-tour-galapagos-4-dias-con-hotel-premium-piscina-y-vista-al-mar-t1248272/
Ecuador;quito-l504;1252355;Full Day En Quito Cultura Y Naturaleza Conoce La Ciudad De Quito;https://www.getyourguide.com/es-es/quito-l504/full-day-en-quito-cultura-y-naturaleza-conoce-la-ciudad-de-quito-t1252355/
Ecuador;quito-l504;1258196;Tour Guiado De 3 Dias Por El Antisana Comunidades Amazonicas Cuevas Y Banos;https://www.getyourguide.com/es-es/quito-l504/tour-guiado-de-3-dias-por-el-antisana-comunidades-amazonicas-cuevas-y-banos-t1258196/
Ecuador;quito-l504;1192858;Tour A Pie Por El Quito Historico Historias De Poder Y Muerte;https://www.getyourguide.com/es-es/quito-l504/tour-a-pie-por-el-quito-historico-historias-de-poder-y-muerte-t1192858/
Ecuador;guayaquil-l532;1214379;Paseo Privado Por El Bosque Seco Y Tour De La Ciudad De Guayaquil;https://www.getyourguide.com/es-es/guayaquil-l532/paseo-privado-por-el-bosque-seco-y-tour-de-la-ciudad-de-guayaquil-t1214379/
Ecuador;archidona-l209603;757479;Excursion Al Antisana Desde Quito Condores Y Paisajes Andinos;https://www.getyourguide.com/es-es/archidona-l209603/excursion-al-antisana-desde-quito-condores-y-paisajes-andinos-t757479/
Ecuador;puerto-baquerizo-moreno-l180769;581740;Galapagos San Cristobal Tour De Dia Completo 360;https://www.getyourguide.com/es-es/puerto-baquerizo-moreno-l180769/galapagos-san-cristobal-tour-de-dia-completo-360-t581740/
Ecuador;cuenca-ecuador-l368;669053;Ecuador Traslados Al Aeropuerto En Quito Guayaquil Y Otros;https://www.getyourguide.com/es-es/cuenca-ecuador-l368/ecuador-traslados-al-aeropuerto-en-quito-guayaquil-y-otros-t669053/
Ecuador;quito-l504;733856;Centro Historico Historias Arquitectura Y Experiencias;https://www.getyourguide.com/es-es/quito-l504/centro-historico-historias-arquitectura-y-experiencias-t733856/
Ecuador;quito-l504;758006;Desde Quito Excursion Volcan Cotopaxi Todo Incluido;https://www.getyourguide.com/es-es/quito-l504/desde-quito-excursion-volcan-cotopaxi-todo-incluido-t758006/
Ecuador;quito-l504;692833;Cascadas De Quito Cascadas Equitacion Abejas Canopy;https://www.getyourguide.com/es-es/quito-l504/cascadas-de-quito-cascadas-equitacion-abejas-canopy-t692833/
Ecuador;san-cristobal-islas-galapagos-l371;921865;Galapagos Excursion De 4 Dias A La Isla San Cristobal;https://www.getyourguide.com/es-es/san-cristobal-islas-galapagos-l371/galapagos-excursion-de-4-dias-a-la-isla-san-cristobal-t921865/
Ecuador;otavalo-l2259;523814;De Quito A Otavalo Y Cuicocha Excursion De Un Dia;https://www.getyourguide.com/es-es/otavalo-l2259/de-quito-a-otavalo-y-cuicocha-excursion-de-un-dia-t523814/
Ecuador;quito-l504;524313;Descubre Quito Y La Linea Del Ecuador Visita Guiada De Dia Completo;https://www.getyourguide.com/es-es/quito-l504/descubre-quito-y-la-linea-del-ecuador-visita-guiada-de-dia-completo-t524313/
Ecuador;cuenca-ecuador-l368;1188060;Cuenca Alquiler De Bicis Y Bicis Electricas;https://www.getyourguide.com/es-es/cuenca-ecuador-l368/cuenca-alquiler-de-bicis-y-bicis-electricas-t1188060/
Ecuador;banos-l2262;775482;Rafting En El Alto Pastaza Nivel Iii Iv Lo Mejor En Banos;https://www.getyourguide.com/es-es/banos-l2262/rafting-en-el-alto-pastaza-nivel-iii-iv-lo-mejor-en-banos-t775482/
Ecuador;quito-l504;1232174;Mindo Dia Completo De Avistamiento De Aves;https://www.getyourguide.com/es-es/quito-l504/mindo-dia-completo-de-avistamiento-de-aves-t1232174/
Ecuador;santa-cruz-ecuador-l214972;912635;Puerto Ayora Excursion De Un Dia A Las Tierras Altas De Santa Cruz Y Snorkel;https://www.getyourguide.com/es-es/santa-cruz-ecuador-l214972/puerto-ayora-excursion-de-un-dia-a-las-tierras-altas-de-santa-cruz-y-snorkel-t912635/
Ecuador;quito-l504;81552;Quito 25 Horas De Tour En Autobus Por La Ciudad;https://www.getyourguide.com/es-es/quito-l504/quito-25-horas-de-tour-en-autobus-por-la-ciudad-t81552/
Ecuador;quito-l504;1094576;Quito Ecuador Aventura A Caballo En Cotopaxi;https://www.getyourguide.com/es-es/quito-l504/quito-ecuador-aventura-a-caballo-en-cotopaxi-t1094576/
Ecuador;quito-l504;606023;Tour Por El Mercado Local Y La Autentica Gastronomia Ecuatoriana En Quito;https://www.getyourguide.com/es-es/quito-l504/tour-por-el-mercado-local-y-la-autentica-gastronomia-ecuatoriana-en-quito-t606023/
Ecuador;quito-l504;641462;Quito Tour A Pie Por El Casco Antiguo Con Visita A La Iglesia Basilica;https://www.getyourguide.com/es-es/quito-l504/quito-tour-a-pie-por-el-casco-antiguo-con-visita-a-la-iglesia-basilica-t641462/
Ecuador;puerto-ayora-l148437;644711;Dia Completo Isla Seymour Norte Y Las Bachas;https://www.getyourguide.com/es-es/puerto-ayora-l148437/dia-completo-isla-seymour-norte-y-las-bachas-t644711/
Ecuador;quito-l504;832939;Desde Quito Full Day Cotopaxi Y Quilotoa;https://www.getyourguide.com/es-es/quito-l504/desde-quito-full-day-cotopaxi-y-quilotoa-t832939/
Ecuador;quito-l504;891717;Quito Mitad Del Mundo Ruinas De Los Incas Y Volcan;https://www.getyourguide.com/es-es/quito-l504/quito-mitad-del-mundo-ruinas-de-los-incas-y-volcan-t891717/
Ecuador;quito-l504;1120518;Desde Quito Full Day Papallacta Naturaleza Y Aguas Termales;https://www.getyourguide.com/es-es/quito-l504/desde-quito-full-day-papallacta-naturaleza-y-aguas-termales-t1120518/
Ecuador;quito-l504;621505;Quito Recorrido En Bicicleta Por El Casco Antiguo Y Los Parques;https://www.getyourguide.com/es-es/quito-l504/quito-recorrido-en-bicicleta-por-el-casco-antiguo-y-los-parques-t621505/
Ecuador;banos-l2262;759765;Excursion De Un Dia A Cotopaxi Y Banos Volcan Cascadas Recogida En Quito;https://www.getyourguide.com/es-es/banos-l2262/excursion-de-un-dia-a-cotopaxi-y-banos-volcan-cascadas-recogida-en-quito-t759765/
Ecuador;quito-l504;412928;Desde Quito Excursion De Un Dia A Banos Y La Alta Amazonia;https://www.getyourguide.com/es-es/quito-l504/desde-quito-excursion-de-un-dia-a-banos-y-la-alta-amazonia-t412928/
Ecuador;quito-l504;1137941;Quito Ruta De Senderismo A La Cascada De Condor Machay Y Visita A Una Hacienda;https://www.getyourguide.com/es-es/quito-l504/quito-ruta-de-senderismo-a-la-cascada-de-condor-machay-y-visita-a-una-hacienda-t1137941/
Ecuador;banos-l2262;598293;Banos De Agua Santa Barranquismo En Las Cascadas De Chamana;https://www.getyourguide.com/es-es/banos-l2262/banos-de-agua-santa-barranquismo-en-las-cascadas-de-chamana-t598293/
Ecuador;quito-l504;1204886;Quito Degustacion De Quesos Ecuatorianos Y Vino;https://www.getyourguide.com/es-es/quito-l504/quito-degustacion-de-quesos-ecuatorianos-y-vino-t1204886/
Ecuador;quito-l504;636599;Quito Tour A Pie Por El Casco Antiguo Con Degustacion De Chocolate;https://www.getyourguide.com/es-es/quito-l504/quito-tour-a-pie-por-el-casco-antiguo-con-degustacion-de-chocolate-t636599/
Ecuador;quito-l504;1258087;Quito Ruta De Senderismo Por El Volcan Ruco Pichincha Con Teleferico;https://www.getyourguide.com/es-es/quito-l504/quito-ruta-de-senderismo-por-el-volcan-ruco-pichincha-con-teleferico-t1258087/
Ecuador;banos-l2262;932101;Desde Quito Excursion De Un Dia A Cotopaxi Y Banos Con Almuerzo;https://www.getyourguide.com/es-es/banos-l2262/desde-quito-excursion-de-un-dia-a-cotopaxi-y-banos-con-almuerzo-t932101/
Ecuador;quito-l504;346801;Tour Urbano En Bicicleta Por Quito;https://www.getyourguide.com/es-es/quito-l504/tour-urbano-en-bicicleta-por-quito-t346801/
Ecuador;riobamba-l2234;1231722;Volcan Chimborazo Tour Privado Al Punto Mas Cercano Al Sol Desde Riobamba;https://www.getyourguide.com/es-es/riobamba-l2234/volcan-chimborazo-tour-privado-al-punto-mas-cercano-al-sol-desde-riobamba-t1231722/
Ecuador;san-cristobal-islas-galapagos-l371;839902;San Cristobal Excursion 360 Islas Con Snorkel;https://www.getyourguide.com/es-es/san-cristobal-islas-galapagos-l371/san-cristobal-excursion-360-islas-con-snorkel-t839902/
Ecuador;quito-l504;896612;Quito Caminata A La Integral De Los Pichinchas;https://www.getyourguide.com/es-es/quito-l504/quito-caminata-a-la-integral-de-los-pichinchas-t896612/
Ecuador;puerto-ayora-l148437;644672;Tour De Dia Completo A La Isla Floreana Y Cueva De Los Piratas;https://www.getyourguide.com/es-es/puerto-ayora-l148437/tour-de-dia-completo-a-la-isla-floreana-y-cueva-de-los-piratas-t644672/
Ecuador;quito-l504;830181;Paramo Y Bosque Nublado Expedicion Oso Andino;https://www.getyourguide.com/es-es/quito-l504/paramo-y-bosque-nublado-expedicion-oso-andino-t830181/
Ecuador;nueva-loja-l5279;885772;Cuyabeno Tour De 3 Dias 2 Noches En Cuyabeno;https://www.getyourguide.com/es-es/nueva-loja-l5279/cuyabeno-tour-de-3-dias-2-noches-en-cuyabeno-t885772/
Ecuador;cuenca-ecuador-l368;1202710;Cuenca Experiencia Local De Un Dia Con Vida Nocturna;https://www.getyourguide.com/es-es/cuenca-ecuador-l368/cuenca-experiencia-local-de-un-dia-con-vida-nocturna-t1202710/
Ecuador;pujili-l148366;1091652;Cotopaxi Y Quilotoa Dos Joyas Andinas Tour De 1 Dia Desde Quito;https://www.getyourguide.com/es-es/pujili-l148366/cotopaxi-y-quilotoa-dos-joyas-andinas-tour-de-1-dia-desde-quito-t1091652/
Ecuador;guayaquil-l532;1234543;Guayaquil Tour De Medio Dia Por La Ciudad Parque De Las Iguanas Y Cerro Santa Ana;https://www.getyourguide.com/es-es/guayaquil-l532/guayaquil-tour-de-medio-dia-por-la-ciudad-parque-de-las-iguanas-y-cerro-santa-ana-t1234543/
Ecuador;san-cristobal-islas-galapagos-l371;844308;San Cristobal Clase Privada De Surf Para Principiantes;https://www.getyourguide.com/es-es/san-cristobal-islas-galapagos-l371/san-cristobal-clase-privada-de-surf-para-principiantes-t844308/
Ecuador;puerto-ayora-l148437;1324996;Traslado Entre Santa Cruz E Isabela;https://www.getyourguide.com/es-es/puerto-ayora-l148437/traslado-entre-santa-cruz-e-isabela-t1324996/
Ecuador;cuenca-ecuador-l368;847283;Cuenca Excursion De Un Dia Al Parque Nacional De Cajas Y Dos Chorreras;https://www.getyourguide.com/es-es/cuenca-ecuador-l368/cuenca-excursion-de-un-dia-al-parque-nacional-de-cajas-y-dos-chorreras-t847283/
Ecuador;quito-l504;874703;Tour Privado De La Mitad Del Mundo Y Teleferico;https://www.getyourguide.com/es-es/quito-l504/tour-privado-de-la-mitad-del-mundo-y-teleferico-t874703/
Ecuador;guayaquil-l532;1139801;Guayaquil Tour Guiado Gastronomico De La Ciudad Con Degustaciones;https://www.getyourguide.com/es-es/guayaquil-l532/guayaquil-tour-guiado-gastronomico-de-la-ciudad-con-degustaciones-t1139801/
Ecuador;quito-l504;600349;Quito La Ciudad Indigena Escondida;https://www.getyourguide.com/es-es/quito-l504/quito-la-ciudad-indigena-escondida-t600349/
Ecuador;quito-l504;1234242;Desde Quito Tour De 3 Dias De Observacion De Aves En Mindo Con Comidas;https://www.getyourguide.com/es-es/quito-l504/desde-quito-tour-de-3-dias-de-observacion-de-aves-en-mindo-con-comidas-t1234242/
Ecuador;banos-l2262;1032121;En Bicicleta Desde Banos Hasta El Pailon Del Diablo;https://www.getyourguide.com/es-es/banos-l2262/en-bicicleta-desde-banos-hasta-el-pailon-del-diablo-t1032121/
Ecuador;quito-l504;1117340;Quito Recogida En El Aeropuerto Y Visita A La Mitad Del Mundo;https://www.getyourguide.com/es-es/quito-l504/quito-recogida-en-el-aeropuerto-y-visita-a-la-mitad-del-mundo-t1117340/
Ecuador;puerto-ayora-l148437;644843;Isla Galapagos Excursion Por La Naturaleza;https://www.getyourguide.com/es-es/puerto-ayora-l148437/isla-galapagos-excursion-por-la-naturaleza-t644843/
Ecuador;quito-l504;428459;Quito Visita Guiada Nocturna A Pie Por La Ciudad;https://www.getyourguide.com/es-es/quito-l504/quito-visita-guiada-nocturna-a-pie-por-la-ciudad-t428459/
Ecuador;ambato-l151230;1168817;Aventura Andina Y Vida Chagra En La Hacienda Hipolongo;https://www.getyourguide.com/es-es/ambato-l151230/aventura-andina-y-vida-chagra-en-la-hacienda-hipolongo-t1168817/
Ecuador;otavalo-l2259;1179323;Otavalo Privado Taller De Tejedoras E Inmersion Cultural;https://www.getyourguide.com/es-es/otavalo-l2259/otavalo-privado-taller-de-tejedoras-e-inmersion-cultural-t1179323/
Ecuador;quito-l504;872698;Mitad Del Mundo Ciencia Mitos Y Ruinas Ocultas;https://www.getyourguide.com/es-es/quito-l504/mitad-del-mundo-ciencia-mitos-y-ruinas-ocultas-t872698/
Ecuador;quito-l504;1111032;Quito Descubre El Corazon Del Centro Historico Tour A Pie;https://www.getyourguide.com/es-es/quito-l504/quito-descubre-el-corazon-del-centro-historico-tour-a-pie-t1111032/
Ecuador;quito-l504;523841;Desde Quitoexcursion Al Cotopaxi Y Quilotoa Dia Completo;https://www.getyourguide.com/es-es/quito-l504/desde-quitoexcursion-al-cotopaxi-y-quilotoa-dia-completo-t523841/
Ecuador;banos-l2262;550971;Excursion De Un Dia Al Cotopaxi Y Banos Desde Quito Todo Incluido;https://www.getyourguide.com/es-es/banos-l2262/excursion-de-un-dia-al-cotopaxi-y-banos-desde-quito-todo-incluido-t550971/
Ecuador;quito-l504;609584;Cumbres Y Cultura En Quito Teleferico Y Mitad Del Mundo;https://www.getyourguide.com/es-es/quito-l504/cumbres-y-cultura-en-quito-teleferico-y-mitad-del-mundo-t609584/
Ecuador;puerto-ayora-l148437;1287955;Galapagos Tour De Esnorquel Y Pesca En La Isla Santa Fe;https://www.getyourguide.com/es-es/puerto-ayora-l148437/galapagos-tour-de-esnorquel-y-pesca-en-la-isla-santa-fe-t1287955/
Ecuador;otavalo-l2259;410907;Desde Quito Visita Compartida Al Mercado Indio De Otavalo Y La Granja De Rosas;https://www.getyourguide.com/es-es/otavalo-l2259/desde-quito-visita-compartida-al-mercado-indio-de-otavalo-y-la-granja-de-rosas-t410907/
Ecuador;quito-l504;1165022;Quito Teleferico Y Senderismo En El Volcan Pichincha;https://www.getyourguide.com/es-es/quito-l504/quito-teleferico-y-senderismo-en-el-volcan-pichincha-t1165022/
Ecuador;quito-l504;642212;Desde Quito Bosque Nublado De Mindo Excursion De Un Dia Con Almuerzo;https://www.getyourguide.com/es-es/quito-l504/desde-quito-bosque-nublado-de-mindo-excursion-de-un-dia-con-almuerzo-t642212/
Ecuador;otavalo-l2259;709273;Laguna De Cuicocha Senderismo Alrededor Del Lago Cuicocha;https://www.getyourguide.com/es-es/otavalo-l2259/laguna-de-cuicocha-senderismo-alrededor-del-lago-cuicocha-t709273/
Ecuador;quito-l504;1327197;Quito Taller De Salsa Y Fiesta Lavoe;https://www.getyourguide.com/es-es/quito-l504/quito-taller-de-salsa-y-fiesta-lavoe-t1327197/
Ecuador;quito-l504;993031;Ecuador Avenida De Los Volcanes Tour De 7 Dias;https://www.getyourguide.com/es-es/quito-l504/ecuador-avenida-de-los-volcanes-tour-de-7-dias-t993031/
Ecuador;quito-l504;1127569;Ecuador Alquiler De Toyota Land Cruiser 4X4 Con Conductor;https://www.getyourguide.com/es-es/quito-l504/ecuador-alquiler-de-toyota-land-cruiser-4x4-con-conductor-t1127569/
Ecuador;banos-l2262;778830;Pailon Del Diablo Ruta De Las Cascadas Mano De Dios Casa Del Arbol Ec;https://www.getyourguide.com/es-es/banos-l2262/pailon-del-diablo-ruta-de-las-cascadas-mano-de-dios-casa-del-arbol-ec-t778830/
Ecuador;san-cristobal-islas-galapagos-l371;824822;Tour De 9 Dias Al Aire Libre En Galapagos;https://www.getyourguide.com/es-es/san-cristobal-islas-galapagos-l371/tour-de-9-dias-al-aire-libre-en-galapagos-t824822/
Ecuador;quito-l504;750071;Quito Rucu Pichincha Senderismo A La Cumbre Del Rucu Pichincha;https://www.getyourguide.com/es-es/quito-l504/quito-rucu-pichincha-senderismo-a-la-cumbre-del-rucu-pichincha-t750071/
Ecuador;archidona-l209603;948650;Archidona Amazonas Todo Incluido 4D3N;https://www.getyourguide.com/es-es/archidona-l209603/archidona-amazonas-todo-incluido-4d3n-t948650/
Ecuador;quito-l504;1169147;Quito Cerveza Y Aguardiente En El Centro Historico;https://www.getyourguide.com/es-es/quito-l504/quito-cerveza-y-aguardiente-en-el-centro-historico-t1169147/
Ecuador;otavalo-l2259;60952;Tour Privadopersonalizado De Un Dia A Otavalo Desde Quito;https://www.getyourguide.com/es-es/otavalo-l2259/tour-privadopersonalizado-de-un-dia-a-otavalo-desde-quito-t60952/
Ecuador;quito-l504;850874;Mindo Bosque Nuboso Observacion De Aves Mariposas Cascadas Chocolate;https://www.getyourguide.com/es-es/quito-l504/mindo-bosque-nuboso-observacion-de-aves-mariposas-cascadas-chocolate-t850874/
Ecuador;quito-l504;988006;Quito Tour Privado Con Entrada Sin Colas Al Museo De La Ciudad;https://www.getyourguide.com/es-es/quito-l504/quito-tour-privado-con-entrada-sin-colas-al-museo-de-la-ciudad-t988006/
Ecuador;puerto-ayora-l148437;1014388;Galapagos Tour Guiado En Yate Y Snorkel En Puerto Ayora;https://www.getyourguide.com/es-es/puerto-ayora-l148437/galapagos-tour-guiado-en-yate-y-snorkel-en-puerto-ayora-t1014388/
Ecuador;cuenca-ecuador-l368;957017;Vive Ecuador Unete A Una Clase De Cocina Andina En Cuenca;https://www.getyourguide.com/es-es/cuenca-ecuador-l368/vive-ecuador-unete-a-una-clase-de-cocina-andina-en-cuenca-t957017/
Ecuador;quito-l504;504138;Caminata Cultural Quilotoa;https://www.getyourguide.com/es-es/quito-l504/caminata-cultural-quilotoa-t504138/
Ecuador;quito-l504;584330;Andes Y Amazonas Lo Viven Juntos Con Nosotros;https://www.getyourguide.com/es-es/quito-l504/andes-y-amazonas-lo-viven-juntos-con-nosotros-t584330/
Ecuador;quito-l504;1039583;Tour De Dia Completo En Mindo Todo Incluido Con Transporte Desde Quito;https://www.getyourguide.com/es-es/quito-l504/tour-de-dia-completo-en-mindo-todo-incluido-con-transporte-desde-quito-t1039583/
Ecuador;quito-l504;1053586;Quito Cacao Experience;https://www.getyourguide.com/es-es/quito-l504/quito-cacao-experience-t1053586/
Ecuador;ambato-l151230;1181983;Tour De La Ciudad De Ambato Con Entrada Al Museo;https://www.getyourguide.com/es-es/ambato-l151230/tour-de-la-ciudad-de-ambato-con-entrada-al-museo-t1181983/
Ecuador;banos-l2262;1312382;Ecuador Cascadas De Banos Cultura Y El Famoso Columpio Dia Completo;https://www.getyourguide.com/es-es/banos-l2262/ecuador-cascadas-de-banos-cultura-y-el-famoso-columpio-dia-completo-t1312382/
Ecuador;quito-l504;1218987;Tour Privado Por Quito Historia Y Vida En El Mercado Local;https://www.getyourguide.com/es-es/quito-l504/tour-privado-por-quito-historia-y-vida-en-el-mercado-local-t1218987/
Ecuador;quito-l504;1313553;Desde Quito Ascension Privada A La Cima Del Chimborazo 2 Dias;https://www.getyourguide.com/es-es/quito-l504/desde-quito-ascension-privada-a-la-cima-del-chimborazo-2-dias-t1313553/
Ecuador;banos-l2262;1323890;Banos Tour En Bici Por Patate El Valle Andino Y La Cultura Nativa;https://www.getyourguide.com/es-es/banos-l2262/banos-tour-en-bici-por-patate-el-valle-andino-y-la-cultura-nativa-t1323890/
Ecuador;quito-l504;61492;Bosque Nuboso De Mindo Naturaleza Y Aves Excursion De Un Dia Personalizada;https://www.getyourguide.com/es-es/quito-l504/bosque-nuboso-de-mindo-naturaleza-y-aves-excursion-de-un-dia-personalizada-t61492/
Ecuador;san-cristobal-islas-galapagos-l371;179579;Aventura De 6 Dias En 4 Islas De Las Galapagos;https://www.getyourguide.com/es-es/san-cristobal-islas-galapagos-l371/aventura-de-6-dias-en-4-islas-de-las-galapagos-t179579/
Ecuador;quito-l504;496885;Desde Quito Dia Completo En Banos Y Cascada Pailon Del Diablo;https://www.getyourguide.com/es-es/quito-l504/desde-quito-dia-completo-en-banos-y-cascada-pailon-del-diablo-t496885/
Ecuador;puerto-baquerizo-moreno-l180769;497877;Vida Salvaje Y Snorkel En Kicker Rock Leon Dormido;https://www.getyourguide.com/es-es/puerto-baquerizo-moreno-l180769/vida-salvaje-y-snorkel-en-kicker-rock-leon-dormido-t497877/
Ecuador;puerto-ayora-l148437;497903;Excursion Privada Tierras Altas Crateres Gemelos Y Tortuga Bay;https://www.getyourguide.com/es-es/puerto-ayora-l148437/excursion-privada-tierras-altas-crateres-gemelos-y-tortuga-bay-t497903/
Ecuador;quito-l504;1077628;Quito Caminata Por La Ruta De Los Volcanes Con Almuerzo;https://www.getyourguide.com/es-es/quito-l504/quito-caminata-por-la-ruta-de-los-volcanes-con-almuerzo-t1077628/
Ecuador;puerto-villamil-l180376;644931;Tour A Pie Al Volcan Sierra Negra Y Al Volcan Chico;https://www.getyourguide.com/es-es/puerto-villamil-l180376/tour-a-pie-al-volcan-sierra-negra-y-al-volcan-chico-t644931/
Ecuador;pujili-l148366;832149;Cotopaxi Y Laguna Del Quilotoa 2 Dias 1 Noche;https://www.getyourguide.com/es-es/pujili-l148366/cotopaxi-y-laguna-del-quilotoa-2-dias-1-noche-t832149/
Ecuador;banos-l2262;958545;Banos Tour De Un Dia;https://www.getyourguide.com/es-es/banos-l2262/banos-tour-de-un-dia-t958545/
Ecuador;puerto-ayora-l148437;1032221;Santa Cruz Tour Para Observar Tortugas Gigantes Y Tuneles De Lava;https://www.getyourguide.com/es-es/puerto-ayora-l148437/santa-cruz-tour-para-observar-tortugas-gigantes-y-tuneles-de-lava-t1032221/
Ecuador;quito-l504;1215441;;https://www.getyourguide.com/es-es/quito-l504/-t1215441/
Ecuador;banos-l2262;630563;Banos De Agua Santa Barranquismo Extremo En Cashaurco;https://www.getyourguide.com/es-es/banos-l2262/banos-de-agua-santa-barranquismo-extremo-en-cashaurco-t630563/
Ecuador;quito-l504;420811;Quito Recorrido Por La Linea Ecuatorial Y Joyas Ocultas Con Degustacion De Cerveza;https://www.getyourguide.com/es-es/quito-l504/quito-recorrido-por-la-linea-ecuatorial-y-joyas-ocultas-con-degustacion-de-cerveza-t420811/
Ecuador;puerto-baquerizo-moreno-l180769;958715;Galapagos Viaje De Isla En Isla Incluyendo Quito 12 Dias;https://www.getyourguide.com/es-es/puerto-baquerizo-moreno-l180769/galapagos-viaje-de-isla-en-isla-incluyendo-quito-12-dias-t958715/
Ecuador;quito-l504;682605;Quito Tour Chocolatera Centro Historico Y El Panecillo;https://www.getyourguide.com/es-es/quito-l504/quito-tour-chocolatera-centro-historico-y-el-panecillo-t682605/
Ecuador;quito-l504;1157193;Centro Historico Quito Sesion De Fotos Profesional En Lugares Emblematicos;https://www.getyourguide.com/es-es/quito-l504/centro-historico-quito-sesion-de-fotos-profesional-en-lugares-emblematicos-t1157193/
Ecuador;alausi-l2229;1234598;Excursion De 2 Dias A La Laguna Amarilla De El Altar;https://www.getyourguide.com/es-es/alausi-l2229/excursion-de-2-dias-a-la-laguna-amarilla-de-el-altar-t1234598/
Ecuador;quito-l504;1267754;Mindodia Completo Todo Incluido Desde Quito O Santo Domingo;https://www.getyourguide.com/es-es/quito-l504/mindodia-completo-todo-incluido-desde-quito-o-santo-domingo-t1267754/
Ecuador;quito-l504;1136191;Escapada De Bienestar Andina Ruta De Senderismo Y Aguas Termales De Papallacta;https://www.getyourguide.com/es-es/quito-l504/escapada-de-bienestar-andina-ruta-de-senderismo-y-aguas-termales-de-papallacta-t1136191/
Ecuador;cuenca-ecuador-l368;851468;Excursion De Dia Completo Al Parque Nacional De Cajas Desde Cuenca;https://www.getyourguide.com/es-es/cuenca-ecuador-l368/excursion-de-dia-completo-al-parque-nacional-de-cajas-desde-cuenca-t851468/
Ecuador;archidona-l209603;1233507;Ecuador En Privado En 5 Dias De Los Andes Al Amazonas En 4X4 Lgbtq;https://www.getyourguide.com/es-es/archidona-l209603/ecuador-en-privado-en-5-dias-de-los-andes-al-amazonas-en-4x4-lgbtq-t1233507/
Ecuador;cuenca-ecuador-l368;853380;Cuenca Tour De Medio Dia Por La Ciudad Incluyendo La Fabrica De Sombreros De Panama;https://www.getyourguide.com/es-es/cuenca-ecuador-l368/cuenca-tour-de-medio-dia-por-la-ciudad-incluyendo-la-fabrica-de-sombreros-de-panama-t853380/
Ecuador;puerto-villamil-l180376;523908;Senderismo Por El Volcan Sierra Negra Campos De Lava Del Volcan Chico;https://www.getyourguide.com/es-es/puerto-villamil-l180376/senderismo-por-el-volcan-sierra-negra-campos-de-lava-del-volcan-chico-t523908/
Ecuador;guayaquil-l532;1136977;Guayaquil Tour De La Ciudad De Noche Con Visita Al Cerro Santa Ana;https://www.getyourguide.com/es-es/guayaquil-l532/guayaquil-tour-de-la-ciudad-de-noche-con-visita-al-cerro-santa-ana-t1136977/
Ecuador;quito-l504;883609;Privado Termas De Papallacta Y Bosque Nuboso De Guango;https://www.getyourguide.com/es-es/quito-l504/privado-termas-de-papallacta-y-bosque-nuboso-de-guango-t883609/
Ecuador;puerto-villamil-l180376;921773;Desde Santa Cruz Excursion De 2 Dias A La Isla Isabela Con Excursion Al Volcan;https://www.getyourguide.com/es-es/puerto-villamil-l180376/desde-santa-cruz-excursion-de-2-dias-a-la-isla-isabela-con-excursion-al-volcan-t921773/
Ecuador;banos-l2262;1118087;Tour Guiado De Un Dia Quilotoa Desde Banos Hasta Quito;https://www.getyourguide.com/es-es/banos-l2262/tour-guiado-de-un-dia-quilotoa-desde-banos-hasta-quito-t1118087/
Ecuador;san-cristobal-islas-galapagos-l371;1266144;Galapagos Tour De 4 Dias Por San Cristobal Con Esnorquel;https://www.getyourguide.com/es-es/san-cristobal-islas-galapagos-l371/galapagos-tour-de-4-dias-por-san-cristobal-con-esnorquel-t1266144/
Ecuador;quito-l504;94875;Excursion A La Laguna De Quilotoa;https://www.getyourguide.com/es-es/quito-l504/excursion-a-la-laguna-de-quilotoa-t94875/
Ecuador;quito-l504;948205;Guagua Pichincha Trekking O Escalada A Un Volcan Activo Endeues;https://www.getyourguide.com/es-es/quito-l504/guagua-pichincha-trekking-o-escalada-a-un-volcan-activo-endeues-t948205/
Ecuador;guayaquil-l532;431890;Guayaquil Ruta En Bicicleta Por Las Cascadas Excursion De Dia Completo;https://www.getyourguide.com/es-es/guayaquil-l532/guayaquil-ruta-en-bicicleta-por-las-cascadas-excursion-de-dia-completo-t431890/
Ecuador;quito-l504;1117432;Quito Ruta Del Agave Y Mitad Del Mundo Con Degustaciones;https://www.getyourguide.com/es-es/quito-l504/quito-ruta-del-agave-y-mitad-del-mundo-con-degustaciones-t1117432/
Ecuador;quito-l504;1088054;Tour De 1 Dia A Quilotoa Naturaleza Andina Y Comunidad;https://www.getyourguide.com/es-es/quito-l504/tour-de-1-dia-a-quilotoa-naturaleza-andina-y-comunidad-t1088054/
Ecuador;quito-l504;558956;Teleferico Y Jardin Botanico Tour De Medio Dia;https://www.getyourguide.com/es-es/quito-l504/teleferico-y-jardin-botanico-tour-de-medio-dia-t558956/
Ecuador;quito-l504;1305782;Reserva Cuyabeno Tour De 6 Dias Con Alojamiento En La Selva Desde Quito;https://www.getyourguide.com/es-es/quito-l504/reserva-cuyabeno-tour-de-6-dias-con-alojamiento-en-la-selva-desde-quito-t1305782/
Ecuador;quito-l504;1041301;Quito Ruta De Senderismo Y Bici Por El Cotopaxi Con Guia;https://www.getyourguide.com/es-es/quito-l504/quito-ruta-de-senderismo-y-bici-por-el-cotopaxi-con-guia-t1041301/
Ecuador;banos-l2262;777099;Mano De Dios Tours El Mirador Mas Alto Se La Ciudad En Chiva Farrera;https://www.getyourguide.com/es-es/banos-l2262/mano-de-dios-tours-el-mirador-mas-alto-se-la-ciudad-en-chiva-farrera-t777099/
Ecuador;quito-l504;527955;Excursion Al Cotopaxi Y Quilotoa 2 Dias 1 Noche Todo Incluido;https://www.getyourguide.com/es-es/quito-l504/excursion-al-cotopaxi-y-quilotoa-2-dias-1-noche-todo-incluido-t527955/
Ecuador;cuenca-ecuador-l368;1263235;Cuenca Tour De Degustacion Por Joyas Ocultas Para Grupos Reducidos;https://www.getyourguide.com/es-es/cuenca-ecuador-l368/cuenca-tour-de-degustacion-por-joyas-ocultas-para-grupos-reducidos-t1263235/
Ecuador;guayaquil-l532;598296;Tour De La Ciudad De Guayaquil Incluido El Faro De Santa Ana;https://www.getyourguide.com/es-es/guayaquil-l532/tour-de-la-ciudad-de-guayaquil-incluido-el-faro-de-santa-ana-t598296/
Ecuador;santo-domingo-ecuador-l208931;1320447;Santo Domingo Bahia De Las Aguilas Con Traslado Privado;https://www.getyourguide.com/es-es/santo-domingo-ecuador-l208931/santo-domingo-bahia-de-las-aguilas-con-traslado-privado-t1320447/
Ecuador;santa-isabel-ecuador-l220201;850830;Encuentro De Conciencia Espiritual Ayahuasca;https://www.getyourguide.com/es-es/santa-isabel-ecuador-l220201/encuentro-de-conciencia-espiritual-ayahuasca-t850830/
Ecuador;puerto-baquerizo-moreno-l180769;539322;Excursion De Dia Completo San Cristobal 360 En Galapagos;https://www.getyourguide.com/es-es/puerto-baquerizo-moreno-l180769/excursion-de-dia-completo-san-cristobal-360-en-galapagos-t539322/
Ecuador;guayllabamba-l2256;983049;Cultura De Otavalo Lagos Y Mercado Tradicional En Un Dia;https://www.getyourguide.com/es-es/guayllabamba-l2256/cultura-de-otavalo-lagos-y-mercado-tradicional-en-un-dia-t983049/
Ecuador;quito-l504;1010741;Excursion Culinaria Exclusiva De Un Dia En Quito;https://www.getyourguide.com/es-es/quito-l504/excursion-culinaria-exclusiva-de-un-dia-en-quito-t1010741/
Ecuador;quito-l504;989465;Quito Tour De 3 Dias Por La Selva Amazonica Con Alojamiento Y Comidas;https://www.getyourguide.com/es-es/quito-l504/quito-tour-de-3-dias-por-la-selva-amazonica-con-alojamiento-y-comidas-t989465/
Ecuador;quito-l504;61536;Quito Colonial Clasico Tour Turistico De Medio Dia;https://www.getyourguide.com/es-es/quito-l504/quito-colonial-clasico-tour-turistico-de-medio-dia-t61536/
Ecuador;cuenca-ecuador-l368;276217;Cuenca Ec Parque Nacional De Cajas Excursion De Dia Completo;https://www.getyourguide.com/es-es/cuenca-ecuador-l368/cuenca-ec-parque-nacional-de-cajas-excursion-de-dia-completo-t276217/
Ecuador;tena-ecuador-l2688;465597;3 Dias Descubre La Amazonia Ecuatoriana Excursion Desde La Ciudad De Tena;https://www.getyourguide.com/es-es/tena-ecuador-l2688/3-dias-descubre-la-amazonia-ecuatoriana-excursion-desde-la-ciudad-de-tena-t465597/
Ecuador;puerto-ayora-l148437;869113;Dia Completo A La Isla Santa Fe En Galapagos;https://www.getyourguide.com/es-es/puerto-ayora-l148437/dia-completo-a-la-isla-santa-fe-en-galapagos-t869113/
Ecuador;tena-ecuador-l2688;759858;Excursion De 4 Dias Por La Selva Expedicion Amazonia Todo Incluido;https://www.getyourguide.com/es-es/tena-ecuador-l2688/excursion-de-4-dias-por-la-selva-expedicion-amazonia-todo-incluido-t759858/
Ecuador;pujili-l148366;829245;Excursion A La Laguna De Quilotoa 2 Dias 1 Noche;https://www.getyourguide.com/es-es/pujili-l148366/excursion-a-la-laguna-de-quilotoa-2-dias-1-noche-t829245/
Ecuador;puerto-ayora-l148437;530526;Excursion De Un Dia A Seymour Norte;https://www.getyourguide.com/es-es/puerto-ayora-l148437/excursion-de-un-dia-a-seymour-norte-t530526/
Ecuador;quito-l504;345841;Tour Cultural En Bicicleta Por Quito;https://www.getyourguide.com/es-es/quito-l504/tour-cultural-en-bicicleta-por-quito-t345841/
Ecuador;canton-de-latacunga-l148367;851710;Excursion De 4 Dias De Cuenca A Quito Con Cotopaxi Quilotoa Banos;https://www.getyourguide.com/es-es/canton-de-latacunga-l148367/excursion-de-4-dias-de-cuenca-a-quito-con-cotopaxi-quilotoa-banos-t851710/
Ecuador;quito-l504;957058;Quito Tour Culinario A Pie Sabores De Ecuador;https://www.getyourguide.com/es-es/quito-l504/quito-tour-culinario-a-pie-sabores-de-ecuador-t957058/
Ecuador;quito-l504;1320906;Quito Vuelo En Parapente Desde El Teleferico Con Video 360;https://www.getyourguide.com/es-es/quito-l504/quito-vuelo-en-parapente-desde-el-teleferico-con-video-360-t1320906/
Ecuador;tena-ecuador-l2688;1043864;Tena Tour En Cuadrones En Provincia De Napo;https://www.getyourguide.com/es-es/tena-ecuador-l2688/tena-tour-en-cuadrones-en-provincia-de-napo-t1043864/
Ecuador;canton-de-latacunga-l148367;1159947;Ruta Al Cotopaxi Nieve Aventura Altura Y Picnic En El Paramo;https://www.getyourguide.com/es-es/canton-de-latacunga-l148367/ruta-al-cotopaxi-nieve-aventura-altura-y-picnic-en-el-paramo-t1159947/
Ecuador;quito-l504;72193;Dia Completo Quito Ciudad Y Monumento De La Mitad Del Mundo;https://www.getyourguide.com/es-es/quito-l504/dia-completo-quito-ciudad-y-monumento-de-la-mitad-del-mundo-t72193/
Ecuador;guayaquil-l532;433203;Desde Guayaquil Bosque Nubladocascadas Tour Privado Y Almuerzo;https://www.getyourguide.com/es-es/guayaquil-l532/desde-guayaquil-bosque-nubladocascadas-tour-privado-y-almuerzo-t433203/
Ecuador;quito-l504;1196625;Ciudad De Quito Tour De 1 Dia Por La Magica Quito;https://www.getyourguide.com/es-es/quito-l504/ciudad-de-quito-tour-de-1-dia-por-la-magica-quito-t1196625/
Ecuador;pujili-l148366;967764;Tour De Dia Completo Al Parque Nacional Cotopaxi Y La Laguna De Quilotoa;https://www.getyourguide.com/es-es/pujili-l148366/tour-de-dia-completo-al-parque-nacional-cotopaxi-y-la-laguna-de-quilotoa-t967764/
Ecuador;quito-l504;1030109;Tour Privado Complejo Mitad Del Mundo;https://www.getyourguide.com/es-es/quito-l504/tour-privado-complejo-mitad-del-mundo-t1030109/
Ecuador;quito-l504;1109155;Quito Traslado Al Aeropuerto Y Tour Por Los Puntos Destacados De La Ciudad;https://www.getyourguide.com/es-es/quito-l504/quito-traslado-al-aeropuerto-y-tour-por-los-puntos-destacados-de-la-ciudad-t1109155/
Ecuador;quito-l504;420998;Quito Teleferico Y Visita Privada De La Ciudad;https://www.getyourguide.com/es-es/quito-l504/quito-teleferico-y-visita-privada-de-la-ciudad-t420998/
Ecuador;banos-l2262;598086;Banos De Agua Santa El Mejor Alquiler De Bicis Dia Completo O Medio Dia;https://www.getyourguide.com/es-es/banos-l2262/banos-de-agua-santa-el-mejor-alquiler-de-bicis-dia-completo-o-medio-dia-t598086/
Ecuador;banos-l2262;818731;Desde Banos Tour De Dia Completo Por La Laguna Del Quilotoa Con Almuerzo;https://www.getyourguide.com/es-es/banos-l2262/desde-banos-tour-de-dia-completo-por-la-laguna-del-quilotoa-con-almuerzo-t818731/
Ecuador;quito-l504;831158;Full City Quito Church Tour Explore Quito S Historic Churches Monuments;https://www.getyourguide.com/es-es/quito-l504/full-city-quito-church-tour-explore-quito-s-historic-churches-monuments-t831158/
Ecuador;quito-l504;1173827;Tour Privado A Los Santuarios De Colibries Y Tucanes En Mindo;https://www.getyourguide.com/es-es/quito-l504/tour-privado-a-los-santuarios-de-colibries-y-tucanes-en-mindo-t1173827/
Ecuador;quito-l504;987411;Tour Privado De La Catedral Metropolitana De Quito Con Tickets De Entrada;https://www.getyourguide.com/es-es/quito-l504/tour-privado-de-la-catedral-metropolitana-de-quito-con-tickets-de-entrada-t987411/
Ecuador;quito-l504;1145370;Degustacion De Frutas Con Mas De 15 Sabores Exoticos De Quito Ecuador;https://www.getyourguide.com/es-es/quito-l504/degustacion-de-frutas-con-mas-de-15-sabores-exoticos-de-quito-ecuador-t1145370/
Ecuador;guayaquil-l532;72190;Avistamiento De Delfines En Puerto El Morro Desde Guayaquil;https://www.getyourguide.com/es-es/guayaquil-l532/avistamiento-de-delfines-en-puerto-el-morro-desde-guayaquil-t72190/
Ecuador;guayaquil-l532;792481;Guayaquil Tour De La Ciudad Personalizado Con Guia;https://www.getyourguide.com/es-es/guayaquil-l532/guayaquil-tour-de-la-ciudad-personalizado-con-guia-t792481/
Ecuador;quito-l504;1315871;Colombo Tour De La Ciudad En Tuk Tuk Con Entradas Y Guia;https://www.getyourguide.com/es-es/quito-l504/colombo-tour-de-la-ciudad-en-tuk-tuk-con-entradas-y-guia-t1315871/
Ecuador;quito-l504;1030058;Quito Colonial Y Mitad Del Mundo Tour Privado;https://www.getyourguide.com/es-es/quito-l504/quito-colonial-y-mitad-del-mundo-tour-privado-t1030058/
Ecuador;quito-l504;516910;Quito Mitad Del Mundo Museo Intinan Y Pululahua;https://www.getyourguide.com/es-es/quito-l504/quito-mitad-del-mundo-museo-intinan-y-pululahua-t516910/
Ecuador;puerto-misahualli-l190548;531971;Excursion De 3 Dias Por La Selva Expedicion Amazonia Ecuador Todo Incluido;https://www.getyourguide.com/es-es/puerto-misahualli-l190548/excursion-de-3-dias-por-la-selva-expedicion-amazonia-ecuador-todo-incluido-t531971/
Ecuador;quito-l504;762262;Tour De La Ciudad De Quito Visita El Casco Antiguo Y La Mitad Del Mundo;https://www.getyourguide.com/es-es/quito-l504/tour-de-la-ciudad-de-quito-visita-el-casco-antiguo-y-la-mitad-del-mundo-t762262/
Ecuador;quito-l504;1199150;Quito Excursion De 1 Dia Al Bosque Nuboso De Choco Y Mindo;https://www.getyourguide.com/es-es/quito-l504/quito-excursion-de-1-dia-al-bosque-nuboso-de-choco-y-mindo-t1199150/
Ecuador;banos-l2262;1103206;Banos Tour De Aventura Por La Ruta De Las 8 Cascadas;https://www.getyourguide.com/es-es/banos-l2262/banos-tour-de-aventura-por-la-ruta-de-las-8-cascadas-t1103206/
Ecuador;puerto-ayora-l148437;695112;Desde Puerto Ayora Excursion De Un Dia A La Isla Isabela Y El Islote De Tintorera;https://www.getyourguide.com/es-es/puerto-ayora-l148437/desde-puerto-ayora-excursion-de-un-dia-a-la-isla-isabela-y-el-islote-de-tintorera-t695112/
Ecuador;quito-l504;750000;Volcan Cotopaxi Y Termas De Papallacta En Un Dia;https://www.getyourguide.com/es-es/quito-l504/volcan-cotopaxi-y-termas-de-papallacta-en-un-dia-t750000/
Ecuador;quito-l504;61533;Mitad Del Mundo Tour De Medio Dia Desde Quito;https://www.getyourguide.com/es-es/quito-l504/mitad-del-mundo-tour-de-medio-dia-desde-quito-t61533/
Ecuador;pujili-l148366;1242536;Tour Privado Quilotoa Y Taller De Pintura Tigua;https://www.getyourguide.com/es-es/pujili-l148366/tour-privado-quilotoa-y-taller-de-pintura-tigua-t1242536/
Ecuador;banos-l2262;1326541;Tour En Jeep O Quad Por Banos Cascadas Y Columpio Del Fin Del Mundo;https://www.getyourguide.com/es-es/banos-l2262/tour-en-jeep-o-quad-por-banos-cascadas-y-columpio-del-fin-del-mundo-t1326541/
Ecuador;quito-l504;822049;Volcan Cotopaxi Visita Desde Quito Alpaca Laguna Y Volcanes;https://www.getyourguide.com/es-es/quito-l504/volcan-cotopaxi-visita-desde-quito-alpaca-laguna-y-volcanes-t822049/
Ecuador;quito-l504;987193;Quito Colonial Tour A Pie Por La Historia Vista A Traves De Las Mujeres;https://www.getyourguide.com/es-es/quito-l504/quito-colonial-tour-a-pie-por-la-historia-vista-a-traves-de-las-mujeres-t987193/
Ecuador;quito-l504;641722;Desde Quito Tour De Dia Completo Por La Laguna Del Quilotoa Con Almuerzo;https://www.getyourguide.com/es-es/quito-l504/desde-quito-tour-de-dia-completo-por-la-laguna-del-quilotoa-con-almuerzo-t641722/
Ecuador;quito-l504;834115;Quito Mitad Del Mundo Teleferico Y Virgen Del Panecillo;https://www.getyourguide.com/es-es/quito-l504/quito-mitad-del-mundo-teleferico-y-virgen-del-panecillo-t834115/
Ecuador;santa-cruz-ecuador-l214972;1151129;Isla Isabela Campo Duro Cuevas Sucre Y Mirador;https://www.getyourguide.com/es-es/santa-cruz-ecuador-l214972/isla-isabela-campo-duro-cuevas-sucre-y-mirador-t1151129/
Ecuador;quito-l504;1193800;Desde Quito Aventura De 6 Dias Por Los Andes Y El Amazonas Con Comidas;https://www.getyourguide.com/es-es/quito-l504/desde-quito-aventura-de-6-dias-por-los-andes-y-el-amazonas-con-comidas-t1193800/
Ecuador;quito-l504;1207223;Quito Parque Nacional Cotopaxi Y Vida Salvaje En Pasochoa;https://www.getyourguide.com/es-es/quito-l504/quito-parque-nacional-cotopaxi-y-vida-salvaje-en-pasochoa-t1207223/
Ecuador;quito-l504;539744;Parapente Sobre Quito Sobrevuela La Ciudad En Parapente;https://www.getyourguide.com/es-es/quito-l504/parapente-sobre-quito-sobrevuela-la-ciudad-en-parapente-t539744/
Ecuador;quito-l504;1143061;Quito Tour Por El Pueblo De Nayon Con Visita A Una Granja;https://www.getyourguide.com/es-es/quito-l504/quito-tour-por-el-pueblo-de-nayon-con-visita-a-una-granja-t1143061/
Ecuador;guayaquil-l532;1230171;Guayaquil Tour Privado Por Una Plantacion De Cacao Y Los Puntos Destacados De La Ciudad;https://www.getyourguide.com/es-es/guayaquil-l532/guayaquil-tour-privado-por-una-plantacion-de-cacao-y-los-puntos-destacados-de-la-ciudad-t1230171/
Ecuador;santo-domingo-ecuador-l208931;1232271;Tour Por Santo Domingo Zona Colonial Los Tres Ojos Y Playa;https://www.getyourguide.com/es-es/santo-domingo-ecuador-l208931/tour-por-santo-domingo-zona-colonial-los-tres-ojos-y-playa-t1232271/
Ecuador;quito-l504;1117407;Quito Tour Panoramico De La Ciudad Y Traslado Al Aeropuerto;https://www.getyourguide.com/es-es/quito-l504/quito-tour-panoramico-de-la-ciudad-y-traslado-al-aeropuerto-t1117407/
Ecuador;quito-l504;385897;Quito Lo Mas Destacado Del Casco Antiguo Y Tour Gastronomico;https://www.getyourguide.com/es-es/quito-l504/quito-lo-mas-destacado-del-casco-antiguo-y-tour-gastronomico-t385897/
Ecuador;banos-l2262;631155;Tirolina En El Parque De Aventuras Puntzan;https://www.getyourguide.com/es-es/banos-l2262/tirolina-en-el-parque-de-aventuras-puntzan-t631155/
Ecuador;quito-l504;889773;Dulces Antojos E Historia En El Quito Colonial;https://www.getyourguide.com/es-es/quito-l504/dulces-antojos-e-historia-en-el-quito-colonial-t889773/
Ecuador;san-cristobal-islas-galapagos-l371;931165;Viaje De 3 Dias A Galapagos Para Viajeros Con Poco Tiempo;https://www.getyourguide.com/es-es/san-cristobal-islas-galapagos-l371/viaje-de-3-dias-a-galapagos-para-viajeros-con-poco-tiempo-t931165/
Ecuador;quito-l504;1152802;Quito 2 Dias En El Bosque Nuboso;https://www.getyourguide.com/es-es/quito-l504/quito-2-dias-en-el-bosque-nuboso-t1152802/
Ecuador;otavalo-l2259;1196604;Desde Quito Tour Full Day Experiencia En Imbabura;https://www.getyourguide.com/es-es/otavalo-l2259/desde-quito-tour-full-day-experiencia-en-imbabura-t1196604/
Ecuador;puerto-villamil-l180376;687914;Islote Tintoreras Pinguinos Piqueros De Patas Azules Y Tortugas Marinas;https://www.getyourguide.com/es-es/puerto-villamil-l180376/islote-tintoreras-pinguinos-piqueros-de-patas-azules-y-tortugas-marinas-t687914/
Ecuador;quito-l504;199621;Quito Casco Antiguo Y Vuelta A La Mitad Del Mundo;https://www.getyourguide.com/es-es/quito-l504/quito-casco-antiguo-y-vuelta-a-la-mitad-del-mundo-t199621/
Ecuador;quito-l504;1006535;Quito Tour A Las Aguas Termales De Papallacta Y La Granja De Colibries;https://www.getyourguide.com/es-es/quito-l504/quito-tour-a-las-aguas-termales-de-papallacta-y-la-granja-de-colibries-t1006535/
Ecuador;quito-l504;848944;Volcan Cotopaxi Excursion A Caballo De Dia Completo Para Principiantes;https://www.getyourguide.com/es-es/quito-l504/volcan-cotopaxi-excursion-a-caballo-de-dia-completo-para-principiantes-t848944/
Ecuador;quito-l504;601894;Traslado Unico De Quito Del Aeropuerto Al Hotel;https://www.getyourguide.com/es-es/quito-l504/traslado-unico-de-quito-del-aeropuerto-al-hotel-t601894/
Ecuador;quito-l504;454631;Excursion De Dia Completo Al Santuario De Las Lajas;https://www.getyourguide.com/es-es/quito-l504/excursion-de-dia-completo-al-santuario-de-las-lajas-t454631/
Ecuador;quito-l504;1103287;Quito Tour Culinario Con Degustaciones;https://www.getyourguide.com/es-es/quito-l504/quito-tour-culinario-con-degustaciones-t1103287/
Ecuador;papallacta-l144651;896475;Papallacta Caminata Ruta Del Agua Y Vida;https://www.getyourguide.com/es-es/papallacta-l144651/papallacta-caminata-ruta-del-agua-y-vida-t896475/
Ecuador;san-cristobal-islas-galapagos-l371;1310994;Traslado Entre Santa Cruz Y San Cristobal;https://www.getyourguide.com/es-es/san-cristobal-islas-galapagos-l371/traslado-entre-santa-cruz-y-san-cristobal-t1310994/
Ecuador;quito-l504;421188;Desde Quito Tour De Dia Completo Por Banos Con Todas Las Entradas Incluidas;https://www.getyourguide.com/es-es/quito-l504/desde-quito-tour-de-dia-completo-por-banos-con-todas-las-entradas-incluidas-t421188/
Ecuador;quito-l504;987398;Quito Tour Privado Por La Basilica Del Voto Nacional Con Entrada;https://www.getyourguide.com/es-es/quito-l504/quito-tour-privado-por-la-basilica-del-voto-nacional-con-entrada-t987398/
Ecuador;quito-l504;558392;Quito Tour De Medio Dia Al Mitad Del Mundo Y Arqueologia;https://www.getyourguide.com/es-es/quito-l504/quito-tour-de-medio-dia-al-mitad-del-mundo-y-arqueologia-t558392/
Ecuador;papallacta-l144651;806877;Papallacta Dia Completo Termas En Los Andes;https://www.getyourguide.com/es-es/papallacta-l144651/papallacta-dia-completo-termas-en-los-andes-t806877/
Ecuador;puerto-villamil-l180376;1025330;Puerto Villamil Excursion De Senderismo Al Volcan Sierra Negra;https://www.getyourguide.com/es-es/puerto-villamil-l180376/puerto-villamil-excursion-de-senderismo-al-volcan-sierra-negra-t1025330/
Ecuador;puerto-villamil-l180376;530527;Excursion De Un Dia A Los Tuneles Isla Isabela;https://www.getyourguide.com/es-es/puerto-villamil-l180376/excursion-de-un-dia-a-los-tuneles-isla-isabela-t530527/
Ecuador;cayambe-l2257;769532;De Quito A Otavalo Bizcocho Y Cascada De Peguche;https://www.getyourguide.com/es-es/cayambe-l2257/de-quito-a-otavalo-bizcocho-y-cascada-de-peguche-t769532/
Ecuador;quito-l504;1009277;Un Dia Con Caballos Rescatados Terapia Con Caballos;https://www.getyourguide.com/es-es/quito-l504/un-dia-con-caballos-rescatados-terapia-con-caballos-t1009277/
Ecuador;quito-l504;985546;Quito Cata De Cafe Ecuatoriano Con Maridaje De Pasteleria;https://www.getyourguide.com/es-es/quito-l504/quito-cata-de-cafe-ecuatoriano-con-maridaje-de-pasteleria-t985546/
Ecuador;cuenca-ecuador-l368;1188791;Cuenca Tour Ancestral De 6 Dias Parque Nacional El Cajas Y Ovnis;https://www.getyourguide.com/es-es/cuenca-ecuador-l368/cuenca-tour-ancestral-de-6-dias-parque-nacional-el-cajas-y-ovnis-t1188791/
Ecuador;santa-cruz-ecuador-l214972;335546;Quito Tour Privado De Senderismo Por La Reserva Pasochoa;https://www.getyourguide.com/es-es/santa-cruz-ecuador-l214972/quito-tour-privado-de-senderismo-por-la-reserva-pasochoa-t335546/
Ecuador;puerto-ayora-l148437;459771;Puerto Ayora Tour De 1 Dia Por Las Islas Plazas Del Sur Y Punta Carrion;https://www.getyourguide.com/es-es/puerto-ayora-l148437/puerto-ayora-tour-de-1-dia-por-las-islas-plazas-del-sur-y-punta-carrion-t459771/
Ecuador;guayaquil-l532;550953;Tour Por La Ciudad De Guayaquil Tour De 3 Horas;https://www.getyourguide.com/es-es/guayaquil-l532/tour-por-la-ciudad-de-guayaquil-tour-de-3-horas-t550953/
Ecuador;quito-l504;1016700;Quito Centro Historico Cacao Experience Y Museo Guayasamin;https://www.getyourguide.com/es-es/quito-l504/quito-centro-historico-cacao-experience-y-museo-guayasamin-t1016700/
Ecuador;calacali-l233493;1021753;Quito Combo Tour A Pululahua Crater Calacali Ctransfer;https://www.getyourguide.com/es-es/calacali-l233493/quito-combo-tour-a-pululahua-crater-calacali-ctransfer-t1021753/
Ecuador;canton-de-latacunga-l148367;1057412;Cotopaxi Tour Entre Nubes Y Volcanes;https://www.getyourguide.com/es-es/canton-de-latacunga-l148367/cotopaxi-tour-entre-nubes-y-volcanes-t1057412/
Ecuador;quito-l504;1096646;Aventura Amazonica 4 Dias De Naturaleza Y Cultura Desde Quito;https://www.getyourguide.com/es-es/quito-l504/aventura-amazonica-4-dias-de-naturaleza-y-cultura-desde-quito-t1096646/
Ecuador;guayaquil-l532;1137121;Guayaquil Clase De Cocina Vino Y Chocolate;https://www.getyourguide.com/es-es/guayaquil-l532/guayaquil-clase-de-cocina-vino-y-chocolate-t1137121/
Ecuador;otavalo-l2259;1155835;Ritmos Y Sabores Andinos Dia Completo En Otavalo Desde Quito;https://www.getyourguide.com/es-es/otavalo-l2259/ritmos-y-sabores-andinos-dia-completo-en-otavalo-desde-quito-t1155835/
Ecuador;puerto-villamil-l180376;1249547;Galapagos Exclusive 7 Dias Santa Cruz Isabela Y Santa Fe Con Snorkel;https://www.getyourguide.com/es-es/puerto-villamil-l180376/galapagos-exclusive-7-dias-santa-cruz-isabela-y-santa-fe-con-snorkel-t1249547/
Ecuador;puerto-ayora-l148437;695044;Desde Puerto Ayora Excursion De Un Dia A La Isla Santa Fe Para Hacer Snorkel;https://www.getyourguide.com/es-es/puerto-ayora-l148437/desde-puerto-ayora-excursion-de-un-dia-a-la-isla-santa-fe-para-hacer-snorkel-t695044/
Ecuador;limoncocha-l210870;755567;Limoncocha Eco Tour Birdwatching And Canoeing In The Amazon Basin;https://www.getyourguide.com/es-es/limoncocha-l210870/limoncocha-eco-tour-birdwatching-and-canoeing-in-the-amazon-basin-t755567/
Ecuador;quito-l504;1092625;Quito Tour Privado En Bici Por El Parque Metropolitano;https://www.getyourguide.com/es-es/quito-l504/quito-tour-privado-en-bici-por-el-parque-metropolitano-t1092625/
Ecuador;cuenca-ecuador-l368;72183;Tour De Medio Dia Por La Ciudad De Cuenca;https://www.getyourguide.com/es-es/cuenca-ecuador-l368/tour-de-medio-dia-por-la-ciudad-de-cuenca-t72183/
Ecuador;puerto-ayora-l148437;774400;Minas De Azufre Y Mirador Del Mango En Isla Isabela Aventura Y Naturaleza;https://www.getyourguide.com/es-es/puerto-ayora-l148437/minas-de-azufre-y-mirador-del-mango-en-isla-isabela-aventura-y-naturaleza-t774400/
Ecuador;cuenca-ecuador-l368;928853;Explora Cuenca En Una Excursion De 2 Dias Que Incluye Cajas E Ingapirca;https://www.getyourguide.com/es-es/cuenca-ecuador-l368/explora-cuenca-en-una-excursion-de-2-dias-que-incluye-cajas-e-ingapirca-t928853/
Ecuador;quito-l504;1316294;;https://www.getyourguide.com/es-es/quito-l504/-t1316294/
Ecuador;banos-l2262;634858;Banos Vuelo Biplaza En Parapente Con Vistas A Los Andes;https://www.getyourguide.com/es-es/banos-l2262/banos-vuelo-biplaza-en-parapente-con-vistas-a-los-andes-t634858/
Ecuador;puerto-ayora-l148437;1038872;Galapagos Santa Cruz Visita Guiada A La Bahia Tortuga;https://www.getyourguide.com/es-es/puerto-ayora-l148437/galapagos-santa-cruz-visita-guiada-a-la-bahia-tortuga-t1038872/
Ecuador;quito-l504;1304440;Quito Ascenso De 2 Dias Al Volcan Cotopaxi Con Guia Y Equipo;https://www.getyourguide.com/es-es/quito-l504/quito-ascenso-de-2-dias-al-volcan-cotopaxi-con-guia-y-equipo-t1304440/
Ecuador;cuenca-ecuador-l368;404580;Cuenca Visita A La Ciudad;https://www.getyourguide.com/es-es/cuenca-ecuador-l368/cuenca-visita-a-la-ciudad-t404580/
Ecuador;guaranda-l216477;823543;Bolivar Tour Rpf Chimborazo Salinas Desde Guaranda;https://www.getyourguide.com/es-es/guaranda-l216477/bolivar-tour-rpf-chimborazo-salinas-desde-guaranda-t823543/
Ecuador;cuenca-ecuador-l368;847324;Cuenca Parque Nacional De Las Cajas Y Hosteria Dos Chorreras;https://www.getyourguide.com/es-es/cuenca-ecuador-l368/cuenca-parque-nacional-de-las-cajas-y-hosteria-dos-chorreras-t847324/
Ecuador;san-cristobal-islas-galapagos-l371;1113057;Galapagos Tour En Bici Por La Isla De San Cristobal Con Chapuzon;https://www.getyourguide.com/es-es/san-cristobal-islas-galapagos-l371/galapagos-tour-en-bici-por-la-isla-de-san-cristobal-con-chapuzon-t1113057/
Ecuador;guayaquil-l532;1139993;Guayaquil Visita Guiada Al Bosque Protegido De Cerro Blanco;https://www.getyourguide.com/es-es/guayaquil-l532/guayaquil-visita-guiada-al-bosque-protegido-de-cerro-blanco-t1139993/
Ecuador;quito-l504;1267373;Quito Tour Guiado De La Ciudad En Bici Electrica;https://www.getyourguide.com/es-es/quito-l504/quito-tour-guiado-de-la-ciudad-en-bici-electrica-t1267373/
Ecuador;quito-l504;1322361;Desde Quito Ascension Privada De 2 Dias A La Cima Del Cotopaxi;https://www.getyourguide.com/es-es/quito-l504/desde-quito-ascension-privada-de-2-dias-a-la-cima-del-cotopaxi-t1322361/
Ecuador;quito-l504;599178;Tour A Pie Gastronomico Y Cultural De Quito Con Degustaciones;https://www.getyourguide.com/es-es/quito-l504/tour-a-pie-gastronomico-y-cultural-de-quito-con-degustaciones-t599178/
Ecuador;ingapirca-ecuador-l184142;852693;Tour En Grupo Reducido A Las Ruinas De Ingapirca Y El Rostro Inca Desde Cuenca;https://www.getyourguide.com/es-es/ingapirca-ecuador-l184142/tour-en-grupo-reducido-a-las-ruinas-de-ingapirca-y-el-rostro-inca-desde-cuenca-t852693/
Ecuador;guayaquil-l532;991465;Guayaquil Un Dia Entero En La Reserva De Manglares Churute;https://www.getyourguide.com/es-es/guayaquil-l532/guayaquil-un-dia-entero-en-la-reserva-de-manglares-churute-t991465/
Ecuador;guayaquil-l532;1136940;Guayaquil Tour Por El Parque Historico;https://www.getyourguide.com/es-es/guayaquil-l532/guayaquil-tour-por-el-parque-historico-t1136940/
Ecuador;quito-l504;768581;Lago Quilotoa Tour De Quito Al Lago Quilotoa Y Canon De Toachi;https://www.getyourguide.com/es-es/quito-l504/lago-quilotoa-tour-de-quito-al-lago-quilotoa-y-canon-de-toachi-t768581/
Ecuador;quito-l504;964985;Quito Explorando El Patrimonio De Puruha Descubrimiento Andino;https://www.getyourguide.com/es-es/quito-l504/quito-explorando-el-patrimonio-de-puruha-descubrimiento-andino-t964985/
Ecuador;quito-l504;1091473;Quito Vuelo En Parapente Biplaza;https://www.getyourguide.com/es-es/quito-l504/quito-vuelo-en-parapente-biplaza-t1091473/
Ecuador;puerto-baquerizo-moreno-l180769;1161806;Lo Mas Destacado De Las Galapagos En 4 Dias;https://www.getyourguide.com/es-es/puerto-baquerizo-moreno-l180769/lo-mas-destacado-de-las-galapagos-en-4-dias-t1161806/
Ecuador;quito-l504;1200165;Quito Tour Gastronomico Por Joyas Ocultas Con Cata De Cacao Y Cultura;https://www.getyourguide.com/es-es/quito-l504/quito-tour-gastronomico-por-joyas-ocultas-con-cata-de-cacao-y-cultura-t1200165/
Ecuador;quito-l504;1192744;Casco Antiguo De Quito Cupulas Historia Y Cafe;https://www.getyourguide.com/es-es/quito-l504/casco-antiguo-de-quito-cupulas-historia-y-cafe-t1192744/
Ecuador;guayaquil-l532;424214;Guayaquil Tour De Dia Completo Por El Bosque Nuboso Senderismo Y Barranquismo;https://www.getyourguide.com/es-es/guayaquil-l532/guayaquil-tour-de-dia-completo-por-el-bosque-nuboso-senderismo-y-barranquismo-t424214/
Ecuador;cayambe-l2257;643707;Visita De Un Dia Al Mercado Indigena De Otavalo Quitsato Y Cuicocha;https://www.getyourguide.com/es-es/cayambe-l2257/visita-de-un-dia-al-mercado-indigena-de-otavalo-quitsato-y-cuicocha-t643707/
Ecuador;puerto-ayora-l148437;823442;Aventura De Medio Dia En La Bahia De Santa Cruz Desde Puerto Ayora;https://www.getyourguide.com/es-es/puerto-ayora-l148437/aventura-de-medio-dia-en-la-bahia-de-santa-cruz-desde-puerto-ayora-t823442/
Ecuador;quito-l504;1057510;Quito Tour Guiado Por El Casco Antiguo Con Almuerzo;https://www.getyourguide.com/es-es/quito-l504/quito-tour-guiado-por-el-casco-antiguo-con-almuerzo-t1057510/
Ecuador;quito-l504;1057152;Tour Privado Por Quito Mitad Del Mundo Y Quito Colonial;https://www.getyourguide.com/es-es/quito-l504/tour-privado-por-quito-mitad-del-mundo-y-quito-colonial-t1057152/
Ecuador;ibarra-l215282;1154040;Ibarra Ruta De Senderismo Por La Colina Historica Paseo En Tren Y Degustacion De Sorbetes;https://www.getyourguide.com/es-es/ibarra-l215282/ibarra-ruta-de-senderismo-por-la-colina-historica-paseo-en-tren-y-degustacion-de-sorbetes-t1154040/
Ecuador;cuenca-ecuador-l368;1175601;Cuenca Visita Guiada Al Museo Pumapungo;https://www.getyourguide.com/es-es/cuenca-ecuador-l368/cuenca-visita-guiada-al-museo-pumapungo-t1175601/
Ecuador;cuenca-ecuador-l368;775565;Cuenca Tour Con Lo Mejor De Cuenca Caminando Por Su Centro Historico;https://www.getyourguide.com/es-es/cuenca-ecuador-l368/cuenca-tour-con-lo-mejor-de-cuenca-caminando-por-su-centro-historico-t775565/
Ecuador;quito-l504;1081659;Caminata En El Volcan Ilalo Quito Ecuador;https://www.getyourguide.com/es-es/quito-l504/caminata-en-el-volcan-ilalo-quito-ecuador-t1081659/
Ecuador;puerto-ayora-l148437;965818;Galapagos Lujo Y Naturaleza Tour Premium De 4 Dias Y 3 Noches;https://www.getyourguide.com/es-es/puerto-ayora-l148437/galapagos-lujo-y-naturaleza-tour-premium-de-4-dias-y-3-noches-t965818/
Ecuador;quito-l504;1086484;Quito Caminata De 2 Dias Por El Crater De Quilotoa Y El Canon De Toachi;https://www.getyourguide.com/es-es/quito-l504/quito-caminata-de-2-dias-por-el-crater-de-quilotoa-y-el-canon-de-toachi-t1086484/
Ecuador;puerto-ayora-l148437;1099023;Explora Galapagos Tortugas Gigantes Crateres Gemelos Tuneles Y Darwin;https://www.getyourguide.com/es-es/puerto-ayora-l148437/explora-galapagos-tortugas-gigantes-crateres-gemelos-tuneles-y-darwin-t1099023/
Ecuador;otavalo-l2259;594440;Desde Quito Dia Completo En El Volcan Chimborazo;https://www.getyourguide.com/es-es/otavalo-l2259/desde-quito-dia-completo-en-el-volcan-chimborazo-t594440/
Ecuador;quito-l504;466493;Desde Quito Excursion De 2 Dias A La Selva Tropical De Ecuador Con Comida Y Alojamiento;https://www.getyourguide.com/es-es/quito-l504/desde-quito-excursion-de-2-dias-a-la-selva-tropical-de-ecuador-con-comida-y-alojamiento-t466493/
Ecuador;quito-l504;516508;Dia Completo En Quito Mitad Del Mundo Teleferico Casco Antiguo;https://www.getyourguide.com/es-es/quito-l504/dia-completo-en-quito-mitad-del-mundo-teleferico-casco-antiguo-t516508/
Ecuador;guayaquil-l532;1085724;Guayaquil Tour De La Ciudad De Highlights Con Paseo En Teleferico;https://www.getyourguide.com/es-es/guayaquil-l532/guayaquil-tour-de-la-ciudad-de-highlights-con-paseo-en-teleferico-t1085724/
Ecuador;quito-l504;1116456;Quito Mitad Del Mundo Museo Intinan Teleferico Mercado Artesanal;https://www.getyourguide.com/es-es/quito-l504/quito-mitad-del-mundo-museo-intinan-teleferico-mercado-artesanal-t1116456/
Ecuador;banos-l2262;719377;4 Dias Cotopaxi Quilotoa Banos Misahualli Papallacta;https://www.getyourguide.com/es-es/banos-l2262/4-dias-cotopaxi-quilotoa-banos-misahualli-papallacta-t719377/
Ecuador;san-cristobal-islas-galapagos-l371;1081712;Aventura En Paddle Surf Con Leones Marinos En La Isla De San Cristobal;https://www.getyourguide.com/es-es/san-cristobal-islas-galapagos-l371/aventura-en-paddle-surf-con-leones-marinos-en-la-isla-de-san-cristobal-t1081712/
Ecuador;manta-l32236;905403;Puerto Lopez Isla De La Plata La Magia Del Mini Galapagos Espera Por Ti;https://www.getyourguide.com/es-es/manta-l32236/puerto-lopez-isla-de-la-plata-la-magia-del-mini-galapagos-espera-por-ti-t905403/
Ecuador;canton-de-latacunga-l148367;924984;Cotopaxi Tour De Un Dia Completo;https://www.getyourguide.com/es-es/canton-de-latacunga-l148367/cotopaxi-tour-de-un-dia-completo-t924984/
Ecuador;guayaquil-l532;1079303;Guayaquil Emocionante Tour De Medio Dia En Coche;https://www.getyourguide.com/es-es/guayaquil-l532/guayaquil-emocionante-tour-de-medio-dia-en-coche-t1079303/
Ecuador;cuenca-ecuador-l368;852744;Excursion De Un Dia A La Cascada De Giron Y La Laguna De Busa Desde Cuenca;https://www.getyourguide.com/es-es/cuenca-ecuador-l368/excursion-de-un-dia-a-la-cascada-de-giron-y-la-laguna-de-busa-desde-cuenca-t852744/
Ecuador;papallacta-l144651;1199014;Tour Privado A Las Termas De Papallacta Y Avistamiento De Osos;https://www.getyourguide.com/es-es/papallacta-l144651/tour-privado-a-las-termas-de-papallacta-y-avistamiento-de-osos-t1199014/
Ecuador;quito-l504;850934;Quito Teleferico De Quito En El Volcan Pichincha;https://www.getyourguide.com/es-es/quito-l504/quito-teleferico-de-quito-en-el-volcan-pichincha-t850934/
Ecuador;quito-l504;1324894;Quito Tour Privado De La Ciudad Con Degustacion De Chocolate Y Entradas;https://www.getyourguide.com/es-es/quito-l504/quito-tour-privado-de-la-ciudad-con-degustacion-de-chocolate-y-entradas-t1324894/
Ecuador;puerto-ayora-l148437;1310105;Crea Tu Propia Obra De Arte En Las Islas Galapagos Puerto Ayora;https://www.getyourguide.com/es-es/puerto-ayora-l148437/crea-tu-propia-obra-de-arte-en-las-islas-galapagos-puerto-ayora-t1310105/
Ecuador;canton-de-latacunga-l148367;199657;Parque Nacional Del Cotopaxi Tour Guiado De Senderismo;https://www.getyourguide.com/es-es/canton-de-latacunga-l148367/parque-nacional-del-cotopaxi-tour-guiado-de-senderismo-t199657/
Ecuador;banos-l2262;522563;Explora Cotopaxi Y Banos En Un Dia Desde Quito;https://www.getyourguide.com/es-es/banos-l2262/explora-cotopaxi-y-banos-en-un-dia-desde-quito-t522563/
Ecuador;quito-l504;526992;Excursion De Un Dia A Banos Desde Quito Explora Un Caldero Del Diablo;https://www.getyourguide.com/es-es/quito-l504/excursion-de-un-dia-a-banos-desde-quito-explora-un-caldero-del-diablo-t526992/
Ecuador;puerto-ayora-l148437;688220;Excursion Santa Fe Playa Escondida;https://www.getyourguide.com/es-es/puerto-ayora-l148437/excursion-santa-fe-playa-escondida-t688220/
Ecuador;puerto-ayora-l148437;695125;Desde Puerto Ayora Excursion De Un Dia A La Isla Floreana Para Hacer Snorkel;https://www.getyourguide.com/es-es/puerto-ayora-l148437/desde-puerto-ayora-excursion-de-un-dia-a-la-isla-floreana-para-hacer-snorkel-t695125/
Ecuador;quito-l504;837637;Lo Mejor Del Norte De Ecuador En 6 Dias;https://www.getyourguide.com/es-es/quito-l504/lo-mejor-del-norte-de-ecuador-en-6-dias-t837637/
Ecuador;canton-de-latacunga-l148367;1053660;Quito Rosas Queso Y Vistas Al Volcan Cotopaxi Excursion De Un Dia;https://www.getyourguide.com/es-es/canton-de-latacunga-l148367/quito-rosas-queso-y-vistas-al-volcan-cotopaxi-excursion-de-un-dia-t1053660/
Ecuador;puerto-ayora-l148437;644756;Excursion De Un Dia A La Isla Isabela Y Tintoreras En Galapagos;https://www.getyourguide.com/es-es/puerto-ayora-l148437/excursion-de-un-dia-a-la-isla-isabela-y-tintoreras-en-galapagos-t644756/
Ecuador;puerto-villamil-l180376;1052649;Aventura En El Volcan Sierra Negra Y Minas De Azufre;https://www.getyourguide.com/es-es/puerto-villamil-l180376/aventura-en-el-volcan-sierra-negra-y-minas-de-azufre-t1052649/
Ecuador;quito-l504;469388;Quito Visita Privada Personalizada Con Un Guia Local;https://www.getyourguide.com/es-es/quito-l504/quito-visita-privada-personalizada-con-un-guia-local-t469388/
Ecuador;banos-l2262;1297409;Transporte Quito A Banos Con Tour Guiado En Cotopaxi;https://www.getyourguide.com/es-es/banos-l2262/transporte-quito-a-banos-con-tour-guiado-en-cotopaxi-t1297409/
Ecuador;puerto-villamil-l180376;644809;Tour De Medio Dia Por Las Tintoreras Desde La Isla Isabela Am;https://www.getyourguide.com/es-es/puerto-villamil-l180376/tour-de-medio-dia-por-las-tintoreras-desde-la-isla-isabela-am-t644809/
Ecuador;guayaquil-l532;1268874;Clase De Cocina Wagyu En Guayaquil;https://www.getyourguide.com/es-es/guayaquil-l532/clase-de-cocina-wagyu-en-guayaquil-t1268874/
Ecuador;quito-l504;420283;Desde Quito Excursion Guiada De 1 Dia Al Bosque Nuboso De Mindo;https://www.getyourguide.com/es-es/quito-l504/desde-quito-excursion-guiada-de-1-dia-al-bosque-nuboso-de-mindo-t420283/
Ecuador;quito-l504;72258;Quito Tour Privado Al Bosque Nublado De Mindo;https://www.getyourguide.com/es-es/quito-l504/quito-tour-privado-al-bosque-nublado-de-mindo-t72258/
Ecuador;quito-l504;526437;Excursion Al Quilotoa 1 Dia En Un Paisaje De Ensueno Desde Quito;https://www.getyourguide.com/es-es/quito-l504/excursion-al-quilotoa-1-dia-en-un-paisaje-de-ensueno-desde-quito-t526437/
Ecuador;puerto-ayora-l148437;497844;Excursion Privada Estacion Charles Darwin Y Playa De Tortuga Bay;https://www.getyourguide.com/es-es/puerto-ayora-l148437/excursion-privada-estacion-charles-darwin-y-playa-de-tortuga-bay-t497844/
Ecuador;banos-l2262;777095;Pailon Del Diablo Ruta De Las Cascadas Tours De 3 Horas Chiva Turistica;https://www.getyourguide.com/es-es/banos-l2262/pailon-del-diablo-ruta-de-las-cascadas-tours-de-3-horas-chiva-turistica-t777095/
Ecuador;quito-l504;870691;Quito Mistico Leyendas Historia Y Chocolate;https://www.getyourguide.com/es-es/quito-l504/quito-mistico-leyendas-historia-y-chocolate-t870691/
Ecuador;quito-l504;1270005;Colombo Tour Privado De Lujo Por La Ciudad Con Chofer Y Guia;https://www.getyourguide.com/es-es/quito-l504/colombo-tour-privado-de-lujo-por-la-ciudad-con-chofer-y-guia-t1270005/
Ecuador;banos-l2262;1190372;Quito Tour Banos De Agua Santa Cotopaxi Laguna De Yambo 2 Dias 1 Noche;https://www.getyourguide.com/es-es/banos-l2262/quito-tour-banos-de-agua-santa-cotopaxi-laguna-de-yambo-2-dias-1-noche-t1190372/
Ecuador;puerto-villamil-l180376;1252380;;https://www.getyourguide.com/es-es/puerto-villamil-l180376/-t1252380/
Ecuador;banos-l2262;1228313;Desde Quito Tour Banos Experience;https://www.getyourguide.com/es-es/banos-l2262/desde-quito-tour-banos-experience-t1228313/
Ecuador;quito-l504;995098;Quito Tour Centro Historico Cacao Experience Monumento Mitad Del Mundo;https://www.getyourguide.com/es-es/quito-l504/quito-tour-centro-historico-cacao-experience-monumento-mitad-del-mundo-t995098/
Ecuador;quito-l504;870311;Quito Termas De Papallacta En Medio De La Naturaleza;https://www.getyourguide.com/es-es/quito-l504/quito-termas-de-papallacta-en-medio-de-la-naturaleza-t870311/
Ecuador;quito-l504;1144104;Quito Tour Cultural De 2 Dias A Otavalo Y Nayon;https://www.getyourguide.com/es-es/quito-l504/quito-tour-cultural-de-2-dias-a-otavalo-y-nayon-t1144104/
Ecuador;quito-l504;1086504;Quito Centro Historico Museo Del Poncho Taller Dactilopintura Souvenir;https://www.getyourguide.com/es-es/quito-l504/quito-centro-historico-museo-del-poncho-taller-dactilopintura-souvenir-t1086504/
Ecuador;quito-l504;1275150;;https://www.getyourguide.com/es-es/quito-l504/-t1275150/
Ecuador;quito-l504;527095;Desde Quito Mercado De Otavalo Y Excursion A La Laguna De Cuicocha;https://www.getyourguide.com/es-es/quito-l504/desde-quito-mercado-de-otavalo-y-excursion-a-la-laguna-de-cuicocha-t527095/
Ecuador;quito-l504;61555;Tour Turistico De Quito Con Teleferico Y Linea Ecuatorial;https://www.getyourguide.com/es-es/quito-l504/tour-turistico-de-quito-con-teleferico-y-linea-ecuatorial-t61555/
Ecuador;papallacta-l144651;946983;Papallacta Aguas Termales Y Caminata En Reserva En Cuyuja Con Transfer;https://www.getyourguide.com/es-es/papallacta-l144651/papallacta-aguas-termales-y-caminata-en-reserva-en-cuyuja-con-transfer-t946983/
Ecuador;santa-cruz-ecuador-l214972;825910;Galapagos Tour Guiado De 5 Dias Con Alojamiento;https://www.getyourguide.com/es-es/santa-cruz-ecuador-l214972/galapagos-tour-guiado-de-5-dias-con-alojamiento-t825910/
Ecuador;banos-l2262;833123;3 Horas De Viaje En Jeep Quad O Moto Por La Via De Los Pajaros;https://www.getyourguide.com/es-es/banos-l2262/3-horas-de-viaje-en-jeep-quad-o-moto-por-la-via-de-los-pajaros-t833123/
Ecuador;cuenca-ecuador-l368;1208326;Cuenca Birdwatching Tour In Cajas National Park With Expert Guide;https://www.getyourguide.com/es-es/cuenca-ecuador-l368/cuenca-birdwatching-tour-in-cajas-national-park-with-expert-guide-t1208326/
Ecuador;puerto-ayora-l148437;902810;4 Day Galapagos Islands Guided Tour Santa Cruz Island;https://www.getyourguide.com/es-es/puerto-ayora-l148437/4-day-galapagos-islands-guided-tour-santa-cruz-island-t902810/
Ecuador;quito-l504;1125289;Quito Tour En Moto De Enduro De Rucu Pichincha A Mindo;https://www.getyourguide.com/es-es/quito-l504/quito-tour-en-moto-de-enduro-de-rucu-pichincha-a-mindo-t1125289/
Ecuador;papallacta-l144651;1008401;Aventura En El Amazonas Papallacta Y La Selva;https://www.getyourguide.com/es-es/papallacta-l144651/aventura-en-el-amazonas-papallacta-y-la-selva-t1008401/
Ecuador;quito-l504;428796;Quito Tour Privado De La Ciudad Y Visita Al Museo Intinam Con Traslado;https://www.getyourguide.com/es-es/quito-l504/quito-tour-privado-de-la-ciudad-y-visita-al-museo-intinam-con-traslado-t428796/
Ecuador;quito-l504;1268848;Cotopaxi En Privado Paseo A Caballo Y Recorrido Por El Camino Inca;https://www.getyourguide.com/es-es/quito-l504/cotopaxi-en-privado-paseo-a-caballo-y-recorrido-por-el-camino-inca-t1268848/
Ecuador;banos-l2262;636094;Banos Selva Y Comunidad Indigena Dia Completo;https://www.getyourguide.com/es-es/banos-l2262/banos-selva-y-comunidad-indigena-dia-completo-t636094/
Ecuador;quito-l504;642989;Quito Centro Historico Degustacion De Chocolate Y Box Lunch;https://www.getyourguide.com/es-es/quito-l504/quito-centro-historico-degustacion-de-chocolate-y-box-lunch-t642989/
Ecuador;puerto-ayora-l148437;1204987;Galapagos Aventura De Esnorquel De 1 Dia En La Isla Pinzon;https://www.getyourguide.com/es-es/puerto-ayora-l148437/galapagos-aventura-de-esnorquel-de-1-dia-en-la-isla-pinzon-t1204987/
Ecuador;puerto-ayora-l148437;764524;Isla Pinzon Bucea Pesca Y Relajate En El Paraiso;https://www.getyourguide.com/es-es/puerto-ayora-l148437/isla-pinzon-bucea-pesca-y-relajate-en-el-paraiso-t764524/
Ecuador;cuenca-ecuador-l368;792463;Cuenca Tour Personalizado En Ingles De 2 Dias Con Guia Local;https://www.getyourguide.com/es-es/cuenca-ecuador-l368/cuenca-tour-personalizado-en-ingles-de-2-dias-con-guia-local-t792463/
Ecuador;quito-l504;1021813;Quito Tour Del Centro Historico C Cacao Experience;https://www.getyourguide.com/es-es/quito-l504/quito-tour-del-centro-historico-c-cacao-experience-t1021813/
Ecuador;cuenca-ecuador-l368;1195535;Cuenca Tour De Bares Con Bebidas Y Entrada A Discoteca Gratis;https://www.getyourguide.com/es-es/cuenca-ecuador-l368/cuenca-tour-de-bares-con-bebidas-y-entrada-a-discoteca-gratis-t1195535/
Ecuador;guayllabamba-l2256;639176;Mercado De Otavalo Y Viaje En Tren A Ibarra Excursion De Un Dia;https://www.getyourguide.com/es-es/guayllabamba-l2256/mercado-de-otavalo-y-viaje-en-tren-a-ibarra-excursion-de-un-dia-t639176/
Ecuador;quito-l504;1272750;Quito 360 Cupulas Secretas Mercado Central Y Clase De Cocina;https://www.getyourguide.com/es-es/quito-l504/quito-360-cupulas-secretas-mercado-central-y-clase-de-cocina-t1272750/
Ecuador;quito-l504;740902;Cotopaxi Quilotoa Dia Completo;https://www.getyourguide.com/es-es/quito-l504/cotopaxi-quilotoa-dia-completo-t740902/
Ecuador;cayambe-l2257;524327;Mercado De Otavalo Excursion De Un Dia A Cuicocha Desde Quito;https://www.getyourguide.com/es-es/cayambe-l2257/mercado-de-otavalo-excursion-de-un-dia-a-cuicocha-desde-quito-t524327/
Ecuador;quito-l504;1245893;Mindo Escapada Boutique De 2 Dias Por La Naturaleza Y La Cultura En El Bosque De Las Nubes;https://www.getyourguide.com/es-es/quito-l504/mindo-escapada-boutique-de-2-dias-por-la-naturaleza-y-la-cultura-en-el-bosque-de-las-nubes-t1245893/
Ecuador;puerto-ayora-l148437;1032224;Galapagos Tortugas Gigantes Tuneles De Lava Y Crateres;https://www.getyourguide.com/es-es/puerto-ayora-l148437/galapagos-tortugas-gigantes-tuneles-de-lava-y-crateres-t1032224/
Ecuador;canton-de-latacunga-l148367;643674;Excursion De Un Dia Al Volcan Cotopaxi;https://www.getyourguide.com/es-es/canton-de-latacunga-l148367/excursion-de-un-dia-al-volcan-cotopaxi-t643674/
Ecuador;quito-l504;1154609;Quito Aventura De 2 Dias En El Bosque Nuboso De Mindo;https://www.getyourguide.com/es-es/quito-l504/quito-aventura-de-2-dias-en-el-bosque-nuboso-de-mindo-t1154609/
Ecuador;quito-l504;1225971;Quito Tour A Pie Por Shungo El Corazon Del Casco Antiguo;https://www.getyourguide.com/es-es/quito-l504/quito-tour-a-pie-por-shungo-el-corazon-del-casco-antiguo-t1225971/
Ecuador;puerto-ayora-l148437;1004133;Galapagos Visita A La Estacion Cientifica Charles Darwin De Santa Cruz;https://www.getyourguide.com/es-es/puerto-ayora-l148437/galapagos-visita-a-la-estacion-cientifica-charles-darwin-de-santa-cruz-t1004133/
Ecuador;quito-l504;846168;City Tour Privado Y Exclusivo Quito Colonial Teleferico Mitad Del Mundo;https://www.getyourguide.com/es-es/quito-l504/city-tour-privado-y-exclusivo-quito-colonial-teleferico-mitad-del-mundo-t846168/
Ecuador;quito-l504;1055300;Laguna Trip Quilotoa Yambo;https://www.getyourguide.com/es-es/quito-l504/laguna-trip-quilotoa-yambo-t1055300/
Ecuador;quito-l504;1010123;Quito Tour Gastronomico Callejero Con Transporte Privado;https://www.getyourguide.com/es-es/quito-l504/quito-tour-gastronomico-callejero-con-transporte-privado-t1010123/
Ecuador;quito-l504;1079313;Desde Quito Tour Privado Al Cotopaxi Con Caminata Y Almuerzo;https://www.getyourguide.com/es-es/quito-l504/desde-quito-tour-privado-al-cotopaxi-con-caminata-y-almuerzo-t1079313/
Ecuador;quito-l504;639609;Desde Quito Excursion Al Volcan Cotopaxi Y A La Laguna De Limpiopungo;https://www.getyourguide.com/es-es/quito-l504/desde-quito-excursion-al-volcan-cotopaxi-y-a-la-laguna-de-limpiopungo-t639609/
Ecuador;banos-l2262;914894;Banos De Agua Santa Visita Las Piscinas De Luna Volcan;https://www.getyourguide.com/es-es/banos-l2262/banos-de-agua-santa-visita-las-piscinas-de-luna-volcan-t914894/
Ecuador;banos-l2262;534021;Ruta De Las Cascadas De Banos Y Famoso Pailon Del Diablo Almuerzo;https://www.getyourguide.com/es-es/banos-l2262/ruta-de-las-cascadas-de-banos-y-famoso-pailon-del-diablo-almuerzo-t534021/
Ecuador;banos-l2262;635622;Banos 3 Horas De Cabalgata Con Vistas Al Tungurahua;https://www.getyourguide.com/es-es/banos-l2262/banos-3-horas-de-cabalgata-con-vistas-al-tungurahua-t635622/
Ecuador;pujili-l148366;630538;Quito Cotopaxi Quiltoa Banos Tour De 1 Dia;https://www.getyourguide.com/es-es/pujili-l148366/quito-cotopaxi-quiltoa-banos-tour-de-1-dia-t630538/
Ecuador;quito-l504;1278253;Quito Zoologico Tour Con Transporte Y Entrada O Ticket;https://www.getyourguide.com/es-es/quito-l504/quito-zoologico-tour-con-transporte-y-entrada-o-ticket-t1278253/
Ecuador;quito-l504;83883;Quito Tour Mitad Del Mundo Con Entradas Todos Los Dias;https://www.getyourguide.com/es-es/quito-l504/quito-tour-mitad-del-mundo-con-entradas-todos-los-dias-t83883/
Ecuador;guayaquil-l532;441566;Guayaquil Visita A Una Granja De Cacao Y Chokolate;https://www.getyourguide.com/es-es/guayaquil-l532/guayaquil-visita-a-una-granja-de-cacao-y-chokolate-t441566/
Ecuador;guayaquil-l532;1137106;Guayaquil Tour Por El Vinedo Dos Hemisferios Con Almuerzo Compartido;https://www.getyourguide.com/es-es/guayaquil-l532/guayaquil-tour-por-el-vinedo-dos-hemisferios-con-almuerzo-compartido-t1137106/
Ecuador;puerto-villamil-l180376;1308294;Tour Diario A Isla Isabela Fauna Tintoreras Y Ferry Desde Santa Cruz;https://www.getyourguide.com/es-es/puerto-villamil-l180376/tour-diario-a-isla-isabela-fauna-tintoreras-y-ferry-desde-santa-cruz-t1308294/
Ecuador;quito-l504;290170;Bocados Y Ladrillos De Quito Con Un Chef Local;https://www.getyourguide.com/es-es/quito-l504/bocados-y-ladrillos-de-quito-con-un-chef-local-t290170/
Ecuador;quito-l504;1010091;Mindo Autentica Experiencia En El Bosque Nuboso;https://www.getyourguide.com/es-es/quito-l504/mindo-autentica-experiencia-en-el-bosque-nuboso-t1010091/
Ecuador;quito-l504;987259;Quito Tour Privado Por La Iglesia De La Compania De Jesus;https://www.getyourguide.com/es-es/quito-l504/quito-tour-privado-por-la-iglesia-de-la-compania-de-jesus-t987259/
Ecuador;quito-l504;61642;Excursion De Un Dia A La Laguna De Quilotoa;https://www.getyourguide.com/es-es/quito-l504/excursion-de-un-dia-a-la-laguna-de-quilotoa-t61642/
Ecuador;otavalo-l2259;641806;Desde Quito Tour De Dia Completo Por La Cultura Y Las Compras En La Zona De Otavalo;https://www.getyourguide.com/es-es/otavalo-l2259/desde-quito-tour-de-dia-completo-por-la-cultura-y-las-compras-en-la-zona-de-otavalo-t641806/
Ecuador;quito-l504;834830;Ecuador Aventura Cuyabeno 6 Dias;https://www.getyourguide.com/es-es/quito-l504/ecuador-aventura-cuyabeno-6-dias-t834830/
Ecuador;puerto-ayora-l148437;432564;Excursion De 5 Dias Por Las Islas Galapagos Santa Cruz E Isabela;https://www.getyourguide.com/es-es/puerto-ayora-l148437/excursion-de-5-dias-por-las-islas-galapagos-santa-cruz-e-isabela-t432564/
Ecuador;puerto-villamil-l180376;634770;Isabela Los Tuneles;https://www.getyourguide.com/es-es/puerto-villamil-l180376/isabela-los-tuneles-t634770/
Ecuador;quito-l504;749848;Quito Tour De La Ciudad Cultural Con Degustacion De Chocolate;https://www.getyourguide.com/es-es/quito-l504/quito-tour-de-la-ciudad-cultural-con-degustacion-de-chocolate-t749848/
Ecuador;puerto-ayora-l148437;855182;Kayak En La Bahia De La Academia;https://www.getyourguide.com/es-es/puerto-ayora-l148437/kayak-en-la-bahia-de-la-academia-t855182/
Ecuador;quito-l504;853685;Quito Clase De Cocina Con Chef Visita Al Mercado Y Transporte;https://www.getyourguide.com/es-es/quito-l504/quito-clase-de-cocina-con-chef-visita-al-mercado-y-transporte-t853685/
Ecuador;ingapirca-ecuador-l184142;1155861;Quito Tour De 5 Dias Por Los Andes Con Quilotoa Ingapirca Y Cuenca;https://www.getyourguide.com/es-es/ingapirca-ecuador-l184142/quito-tour-de-5-dias-por-los-andes-con-quilotoa-ingapirca-y-cuenca-t1155861/
Ecuador;quito-l504;335516;Quito Clase De Cocina Ecuatoriana Y Visita Al Mercado Local;https://www.getyourguide.com/es-es/quito-l504/quito-clase-de-cocina-ecuatoriana-y-visita-al-mercado-local-t335516/
Ecuador;puerto-villamil-l180376;932847;Explora Los Tuneles De Cabo Rosa En Isabela Snorkel Fauna Y Paisajes;https://www.getyourguide.com/es-es/puerto-villamil-l180376/explora-los-tuneles-de-cabo-rosa-en-isabela-snorkel-fauna-y-paisajes-t932847/
Ecuador;puerto-villamil-l180376;497856;Excursion Al Volcan Sierra Negra En Isabela 5 6 Horas Excursion De Un Dia;https://www.getyourguide.com/es-es/puerto-villamil-l180376/excursion-al-volcan-sierra-negra-en-isabela-5-6-horas-excursion-de-un-dia-t497856/
Ecuador;quito-l504;1154026;Tour De 2 Dias Avistamiento De Aves En Bellavista Y Gallito De La Pena;https://www.getyourguide.com/es-es/quito-l504/tour-de-2-dias-avistamiento-de-aves-en-bellavista-y-gallito-de-la-pena-t1154026/
Ecuador;banos-l2262;776930;Pailon Del Diablo Mano De Dios Casa Del Arbol Tours Nocturno 1 Dia;https://www.getyourguide.com/es-es/banos-l2262/pailon-del-diablo-mano-de-dios-casa-del-arbol-tours-nocturno-1-dia-t776930/
Ecuador;quito-l504;852627;Desde Quito Excursion De Un Dia Al Crater Del Quilotoa Con Visita Al Mercado;https://www.getyourguide.com/es-es/quito-l504/desde-quito-excursion-de-un-dia-al-crater-del-quilotoa-con-visita-al-mercado-t852627/
Ecuador;quito-l504;902614;Quito Llama Escuela De Espanol En El Centro Historico;https://www.getyourguide.com/es-es/quito-l504/quito-llama-escuela-de-espanol-en-el-centro-historico-t902614/
Ecuador;guayaquil-l532;1031133;Tour Privado Tour De La Ciudad De Guayaquil Parque Historico;https://www.getyourguide.com/es-es/guayaquil-l532/tour-privado-tour-de-la-ciudad-de-guayaquil-parque-historico-t1031133/
Ecuador;quito-l504;1010081;Desde Quito Clase De Cocina Tradicional De Cayambe Con Traslados Incluidos;https://www.getyourguide.com/es-es/quito-l504/desde-quito-clase-de-cocina-tradicional-de-cayambe-con-traslados-incluidos-t1010081/
Ecuador;quito-l504;548919;Clase De Cocina Premium Quito Tour;https://www.getyourguide.com/es-es/quito-l504/clase-de-cocina-premium-quito-tour-t548919/
Ecuador;puerto-villamil-l180376;588649;Galapagos A Caballo Por Las Crestas Del Volcan Sierra Negra;https://www.getyourguide.com/es-es/puerto-villamil-l180376/galapagos-a-caballo-por-las-crestas-del-volcan-sierra-negra-t588649/
Ecuador;cuenca-ecuador-l368;1246865;Cuenca Tour En Bici Electrica Y Aguas Termales;https://www.getyourguide.com/es-es/cuenca-ecuador-l368/cuenca-tour-en-bici-electrica-y-aguas-termales-t1246865/
Ecuador;san-cristobal-islas-galapagos-l371;1076737;San Cristobal Tour Por Las Tierras Altas La Playa Y El Esnorquel;https://www.getyourguide.com/es-es/san-cristobal-islas-galapagos-l371/san-cristobal-tour-por-las-tierras-altas-la-playa-y-el-esnorquel-t1076737/
Ecuador;quito-l504;1146441;Centro Historico De Quito En Familia Busqueda Del Tesoro A Pie;https://www.getyourguide.com/es-es/quito-l504/centro-historico-de-quito-en-familia-busqueda-del-tesoro-a-pie-t1146441/
Ecuador;guayaquil-l532;1269975;Guayaquil Safari Entre Bisontes Almuerzo Y Experiencia Rural;https://www.getyourguide.com/es-es/guayaquil-l532/guayaquil-safari-entre-bisontes-almuerzo-y-experiencia-rural-t1269975/
Ecuador;cuenca-ecuador-l368;282212;Cuenca Ec Excursion Al Complejo Ingapirca Y A La Montana Del Rostro Inca;https://www.getyourguide.com/es-es/cuenca-ecuador-l368/cuenca-ec-excursion-al-complejo-ingapirca-y-a-la-montana-del-rostro-inca-t282212/
Ecuador;papallacta-l144651;957884;Cerca A Papallacta Senderismo En Reserva Natural Privada Almuerzo;https://www.getyourguide.com/es-es/papallacta-l144651/cerca-a-papallacta-senderismo-en-reserva-natural-privada-almuerzo-t957884/
Ecuador;quito-l504;1132395;Quito Cascada Colibries Mariposas Y La Linea Del Ecuador;https://www.getyourguide.com/es-es/quito-l504/quito-cascada-colibries-mariposas-y-la-linea-del-ecuador-t1132395/
Ecuador;san-cristobal-islas-galapagos-l371;754258;Galapagos Excursion Por Las Islas 7 Dias 6 Noches;https://www.getyourguide.com/es-es/san-cristobal-islas-galapagos-l371/galapagos-excursion-por-las-islas-7-dias-6-noches-t754258/
Ecuador;guayaquil-l532;792500;Guayaquil Dia De Playa Y Descubrimiento Costero Personalizado;https://www.getyourguide.com/es-es/guayaquil-l532/guayaquil-dia-de-playa-y-descubrimiento-costero-personalizado-t792500/
Ecuador;puerto-ayora-l148437;1267159;Galapagos Aventura De 5 Dias En Las Islas Isabela Y Santa Cruz;https://www.getyourguide.com/es-es/puerto-ayora-l148437/galapagos-aventura-de-5-dias-en-las-islas-isabela-y-santa-cruz-t1267159/
Ecuador;quito-l504;989529;Quito Experiencia Amazonica De 3 Dias Con Spa Y Visita Indigena;https://www.getyourguide.com/es-es/quito-l504/quito-experiencia-amazonica-de-3-dias-con-spa-y-visita-indigena-t989529/
Ecuador;quito-l504;84453;Excursion Al Parque Nacional Del Cotopaxi;https://www.getyourguide.com/es-es/quito-l504/excursion-al-parque-nacional-del-cotopaxi-t84453/
Ecuador;banos-l2262;1152976;Banos Experiencia De Salto En Columpio En El Puente San Francisco;https://www.getyourguide.com/es-es/banos-l2262/banos-experiencia-de-salto-en-columpio-en-el-puente-san-francisco-t1152976/
Ecuador;quito-l504;863642;Quito Rapel En Cascadas Cuadrones Senderismo Y Ritual;https://www.getyourguide.com/es-es/quito-l504/quito-rapel-en-cascadas-cuadrones-senderismo-y-ritual-t863642/
Ecuador;guayaquil-l532;1296011;Guayaquil Tour Por Fabricas De Cervezas Artesanales Con Degustacion;https://www.getyourguide.com/es-es/guayaquil-l532/guayaquil-tour-por-fabricas-de-cervezas-artesanales-con-degustacion-t1296011/
Ecuador;papallacta-l144651;968591;Quito Excursion Privada De Dia Completo Con Destinos Flexibles;https://www.getyourguide.com/es-es/papallacta-l144651/quito-excursion-privada-de-dia-completo-con-destinos-flexibles-t968591/
Ecuador;cuenca-ecuador-l368;956308;Tour En La Bella Ciudad De Cuenca Ecuador Visitara Museos Catedrales;https://www.getyourguide.com/es-es/cuenca-ecuador-l368/tour-en-la-bella-ciudad-de-cuenca-ecuador-visitara-museos-catedrales-t956308/
Ecuador;puerto-ayora-l148437;776994;Tour De Medio Dia Por La Bahia En La Isla De Santa Cruz;https://www.getyourguide.com/es-es/puerto-ayora-l148437/tour-de-medio-dia-por-la-bahia-en-la-isla-de-santa-cruz-t776994/
Ecuador;canton-de-latacunga-l148367;1203822;Quito Guayaquil 7 Days Cotopaxi Quilotoa Banos Alausi Train Cuenca;https://www.getyourguide.com/es-es/canton-de-latacunga-l148367/quito-guayaquil-7-days-cotopaxi-quilotoa-banos-alausi-train-cuenca-t1203822/
Ecuador;puerto-ayora-l148437;768402;Excursion De Un Dia A Santa Fe Con Snorkel Playa Escondida;https://www.getyourguide.com/es-es/puerto-ayora-l148437/excursion-de-un-dia-a-santa-fe-con-snorkel-playa-escondida-t768402/
Ecuador;quito-l504;874795;Privado Bosque Nuboso De Mindo Aves Chocolate Cascadas;https://www.getyourguide.com/es-es/quito-l504/privado-bosque-nuboso-de-mindo-aves-chocolate-cascadas-t874795/
Ecuador;guayaquil-l532;1130072;Guayaquil Tour Religioso De La Ciudad Con Guia Y Entradas;https://www.getyourguide.com/es-es/guayaquil-l532/guayaquil-tour-religioso-de-la-ciudad-con-guia-y-entradas-t1130072/
Ecuador;quito-l504;1091180;Quito Tour De 7 Dias Por La Avenida De Los Volcanes Con Guia;https://www.getyourguide.com/es-es/quito-l504/quito-tour-de-7-dias-por-la-avenida-de-los-volcanes-con-guia-t1091180/
Ecuador;quito-l504;918471;Desde Quito Mitad Del Mundo Monumento Museo Del Sol Y Crater;https://www.getyourguide.com/es-es/quito-l504/desde-quito-mitad-del-mundo-monumento-museo-del-sol-y-crater-t918471/
Ecuador;quito-l504;926681;Quito Excursion De 2 Dias Al Cotopaxi;https://www.getyourguide.com/es-es/quito-l504/quito-excursion-de-2-dias-al-cotopaxi-t926681/
Ecuador;puerto-villamil-l180376;525612;Espectaculo De Fumarolas De Azufre Expedicion Al Interior Del Volcan;https://www.getyourguide.com/es-es/puerto-villamil-l180376/espectaculo-de-fumarolas-de-azufre-expedicion-al-interior-del-volcan-t525612/
Ecuador;puerto-baquerizo-moreno-l180769;540534;Excursion De Un Dia A Las Islas Lobos Y La Playa De Ochoa Desde San Cristobal;https://www.getyourguide.com/es-es/puerto-baquerizo-moreno-l180769/excursion-de-un-dia-a-las-islas-lobos-y-la-playa-de-ochoa-desde-san-cristobal-t540534/
Ecuador;puerto-ayora-l148437;1309044;Tortuga Bay Tour Medio Dia Con Caminata Guiada Y Tiempo En Playa;https://www.getyourguide.com/es-es/puerto-ayora-l148437/tortuga-bay-tour-medio-dia-con-caminata-guiada-y-tiempo-en-playa-t1309044/
Ecuador;quito-l504;1192626;Quito Tour A Pie Por Las Historias De Amor Del Centro Historico;https://www.getyourguide.com/es-es/quito-l504/quito-tour-a-pie-por-las-historias-de-amor-del-centro-historico-t1192626/
Ecuador;quito-l504;832192;Quito City Line Termas De Papallacta 2 Dias 1 Noche;https://www.getyourguide.com/es-es/quito-l504/quito-city-line-termas-de-papallacta-2-dias-1-noche-t832192/
Ecuador;quito-l504;858877;Quito Visita A La Mitad Del Mundo Y Crater Del Pululahua;https://www.getyourguide.com/es-es/quito-l504/quito-visita-a-la-mitad-del-mundo-y-crater-del-pululahua-t858877/
Ecuador;quito-l504;1186559;Vuelo En Parapente Desde El Teleferico A La Carolina;https://www.getyourguide.com/es-es/quito-l504/vuelo-en-parapente-desde-el-teleferico-a-la-carolina-t1186559/
Ecuador;quito-l504;831006;Desde Quito Full Day Mitad Del Mundo Y Sus Alrededores;https://www.getyourguide.com/es-es/quito-l504/desde-quito-full-day-mitad-del-mundo-y-sus-alrededores-t831006/
Ecuador;puerto-baquerizo-moreno-l180769;834655;Fly Galapagos Tour Unico De 9 Dias;https://www.getyourguide.com/es-es/puerto-baquerizo-moreno-l180769/fly-galapagos-tour-unico-de-9-dias-t834655/
Ecuador;puerto-ayora-l148437;883203;Traslado Al Aeropuerto De Puerto Ayora Con Excursion A Las Tierras Altas Incluida;https://www.getyourguide.com/es-es/puerto-ayora-l148437/traslado-al-aeropuerto-de-puerto-ayora-con-excursion-a-las-tierras-altas-incluida-t883203/
Ecuador;quito-l504;1048502;Quito Circuito Quilotoa Tour De Senderismo De 4 Dias Con Guia;https://www.getyourguide.com/es-es/quito-l504/quito-circuito-quilotoa-tour-de-senderismo-de-4-dias-con-guia-t1048502/
Ecuador;papallacta-l144651;1136301;Quito Termas De Papallacta En La Noche Incluye Entrada O Boleto De Ingreso;https://www.getyourguide.com/es-es/papallacta-l144651/quito-termas-de-papallacta-en-la-noche-incluye-entrada-o-boleto-de-ingreso-t1136301/
Ecuador;quito-l504;428445;Desde Quito Tour Privado Al Lago Quilotoa Con Traslado Y Almuerzo;https://www.getyourguide.com/es-es/quito-l504/desde-quito-tour-privado-al-lago-quilotoa-con-traslado-y-almuerzo-t428445/
Ecuador;otavalo-l2259;600878;Otavalo Al Descubierto Un Viaje De Un Dia A Traves Del Tiempo Y La Tradicion;https://www.getyourguide.com/es-es/otavalo-l2259/otavalo-al-descubierto-un-viaje-de-un-dia-a-traves-del-tiempo-y-la-tradicion-t600878/
Ecuador;quito-l504;1098614;Quito Tour De La Ciudad Con Degustacion De Chocolate;https://www.getyourguide.com/es-es/quito-l504/quito-tour-de-la-ciudad-con-degustacion-de-chocolate-t1098614/
Ecuador;quito-l504;1125295;Quito Tour En Moto Enduro Por Mitad Del Mundo;https://www.getyourguide.com/es-es/quito-l504/quito-tour-en-moto-enduro-por-mitad-del-mundo-t1125295/
Ecuador;quito-l504;84318;Tour De Dia Completo Por Otavalo;https://www.getyourguide.com/es-es/quito-l504/tour-de-dia-completo-por-otavalo-t84318/
Ecuador;puerto-baquerizo-moreno-l180769;551232;Puerto Baquerizo Moreno Excursion De Un Dia 360 Isla San Cristobal;https://www.getyourguide.com/es-es/puerto-baquerizo-moreno-l180769/puerto-baquerizo-moreno-excursion-de-un-dia-360-isla-san-cristobal-t551232/
Ecuador;quito-l504;889556;Quito Primer Lugar Declarado Patrimonio De La Humanidad Por La Unesco Eng Deu Esp;https://www.getyourguide.com/es-es/quito-l504/quito-primer-lugar-declarado-patrimonio-de-la-humanidad-por-la-unesco-eng-deu-esp-t889556/
Ecuador;cotundo-l192829;946926;Amazon Ecuador Cave Trekking With Native Tour Guide In Huasquila Reserve;https://www.getyourguide.com/es-es/cotundo-l192829/amazon-ecuador-cave-trekking-with-native-tour-guide-in-huasquila-reserve-t946926/
Ecuador;ibarra-l215282;1125336;Ibarra Tour De Dia Completo A La Esperanza Y Zuleta;https://www.getyourguide.com/es-es/ibarra-l215282/ibarra-tour-de-dia-completo-a-la-esperanza-y-zuleta-t1125336/
Ecuador;cuenca-ecuador-l368;1186531;Cuenca Tour De Chocolate Con Clase Practica;https://www.getyourguide.com/es-es/cuenca-ecuador-l368/cuenca-tour-de-chocolate-con-clase-practica-t1186531/
Ecuador;quito-l504;400741;Quito Traslado Al Aeropuerto Mariscal Sucre;https://www.getyourguide.com/es-es/quito-l504/quito-traslado-al-aeropuerto-mariscal-sucre-t400741/
Ecuador;quito-l504;490763;Quito City Tour Tour Privado;https://www.getyourguide.com/es-es/quito-l504/quito-city-tour-tour-privado-t490763/
Ecuador;cuenca-ecuador-l368;851711;Dia Completo Ingapirca Gualaceo Y Chordeleg Desde Cuenca;https://www.getyourguide.com/es-es/cuenca-ecuador-l368/dia-completo-ingapirca-gualaceo-y-chordeleg-desde-cuenca-t851711/
Ecuador;quito-l504;1279068;Quito Cotopaxi Sube Al Refugio Y Camina En La Laguna Limpiopungo;https://www.getyourguide.com/es-es/quito-l504/quito-cotopaxi-sube-al-refugio-y-camina-en-la-laguna-limpiopungo-t1279068/
Ecuador;quito-l504;290025;Quito Lo Esencial De La Comida Callejera;https://www.getyourguide.com/es-es/quito-l504/quito-lo-esencial-de-la-comida-callejera-t290025/
Ecuador;pujili-l148366;1101721;Quito Tour Laguna De Quilotoa Cotopaxi Y Laguna De Yambo Un Dia Completo;https://www.getyourguide.com/es-es/pujili-l148366/quito-tour-laguna-de-quilotoa-cotopaxi-y-laguna-de-yambo-un-dia-completo-t1101721/
Ecuador;quito-l504;1231713;Camina Por El Bosque Nublado De Quito;https://www.getyourguide.com/es-es/quito-l504/camina-por-el-bosque-nublado-de-quito-t1231713/
Ecuador;quito-l504;409996;Desde Quito Teleferico Museo Intinan Y Visita A La Ciudad Colonial;https://www.getyourguide.com/es-es/quito-l504/desde-quito-teleferico-museo-intinan-y-visita-a-la-ciudad-colonial-t409996/
Ecuador;quito-l504;833085;Desde Quito Full Day Mindo;https://www.getyourguide.com/es-es/quito-l504/desde-quito-full-day-mindo-t833085/
Ecuador;quito-l504;1169981;Quito Tour Por El Volcan Pululahua Colibries Y El Ecuador;https://www.getyourguide.com/es-es/quito-l504/quito-tour-por-el-volcan-pululahua-colibries-y-el-ecuador-t1169981/
Ecuador;quito-l504;94866;Desde Quito Tour De Dia Completo A Papallacta;https://www.getyourguide.com/es-es/quito-l504/desde-quito-tour-de-dia-completo-a-papallacta-t94866/
Ecuador;quito-l504;640244;Quito Traslado Privado Del Aeropuerto A La Ciudad;https://www.getyourguide.com/es-es/quito-l504/quito-traslado-privado-del-aeropuerto-a-la-ciudad-t640244/
Ecuador;puerto-ayora-l148437;72264;Desde Quito 3 Dias Mitad Del Mundo Teleferico Y Mindo;https://www.getyourguide.com/es-es/puerto-ayora-l148437/desde-quito-3-dias-mitad-del-mundo-teleferico-y-mindo-t72264/
Ecuador;banos-l2262;646071;Banos Escalada En Roca Medio Dia;https://www.getyourguide.com/es-es/banos-l2262/banos-escalada-en-roca-medio-dia-t646071/
Ecuador;quito-l504;1282774;Tour Por Quilotoa Recorrido Panoramico Por El Volcan Experiencia Local Y Ruta De Senderismo;https://www.getyourguide.com/es-es/quito-l504/tour-por-quilotoa-recorrido-panoramico-por-el-volcan-experiencia-local-y-ruta-de-senderismo-t1282774/
Ecuador;banos-l2262;753175;Tour Guiado En Cuadrones Atv Tours;https://www.getyourguide.com/es-es/banos-l2262/tour-guiado-en-cuadrones-atv-tours-t753175/
Ecuador;banos-l2262;777679;Canyoning Banos Barranquismo Chamana Tobogan Natural Rapel De 45M;https://www.getyourguide.com/es-es/banos-l2262/canyoning-banos-barranquismo-chamana-tobogan-natural-rapel-de-45m-t777679/
