pais;ciudad_id;tour_id;titulo_referencia;url
Colombia;bogota-l361;728986;Bogota Tour Al Tropicarium Y Al Jardin Botanico;https://www.getyourguide.com/es-es/bogota-l361/bogota-tour-al-tropicarium-y-al-jardin-botanico-t728986/
Colombia;bogota-l361;203689;Experiencia Gastronomica En Bogota Tour Cultural Y Culinario;https://www.getyourguide.com/es-es/bogota-l361/experiencia-gastronomica-en-bogota-tour-cultural-y-culinario-t203689/
Colombia;bogota-l361;416603;Aeropuerto De Bogota El Dorado Bog Entrada A La Sala Avianca;https://www.getyourguide.com/es-es/bogota-l361/aeropuerto-de-bogota-el-dorado-bog-entrada-a-la-sala-avianca-t416603/
Colombia;el-penol-l145060;1025485;Medellin Guatape Y El Penol Con Paseo En Barco Almuerzo Y Traslado;https://www.getyourguide.com/es-es/el-penol-l145060/medellin-guatape-y-el-penol-con-paseo-en-barco-almuerzo-y-traslado-t1025485/
Colombia;cartagena-de-indias-l362;1087502;Macondo En Getsemani Tour De Gabriel Garcia Marquez;https://www.getyourguide.com/es-es/cartagena-de-indias-l362/macondo-en-getsemani-tour-de-gabriel-garcia-marquez-t1087502/
Colombia;bucaramanga-l153985;1106928;Bucaramanga Citytour Parque Cerro Del Santisimo Con Salida Desde Bmanga;https://www.getyourguide.com/es-es/bucaramanga-l153985/bucaramanga-citytour-parque-cerro-del-santisimo-con-salida-desde-bmanga-t1106928/
Colombia;leticia-l176618;1120917;Leticia Tour Al Atardecer Por El Rio Amazonas Con Bebida;https://www.getyourguide.com/es-es/leticia-l176618/leticia-tour-al-atardecer-por-el-rio-amazonas-con-bebida-t1120917/
Colombia;bogota-l361;759407;Tour En Bici Por El Norte De Bogota;https://www.getyourguide.com/es-es/bogota-l361/tour-en-bici-por-el-norte-de-bogota-t759407/
Colombia;medellin-l1215;820694;Medellin Tour En Moto Todoterreno;https://www.getyourguide.com/es-es/medellin-l1215/medellin-tour-en-moto-todoterreno-t820694/
Colombia;cartagena-de-indias-l362;1178559;Pasadia En Islas Del Rosario Rosario Beach Club Almuerzo Snorkeling;https://www.getyourguide.com/es-es/cartagena-de-indias-l362/pasadia-en-islas-del-rosario-rosario-beach-club-almuerzo-snorkeling-t1178559/
Colombia;medellin-l1215;1183309;Medellin Baila Ritmos Latinos Con Un Monitor Local;https://www.getyourguide.com/es-es/medellin-l1215/medellin-baila-ritmos-latinos-con-un-monitor-local-t1183309/
Colombia;leticia-l176618;1186228;Desde Leticia Aventura De Una Noche En La Selva Amazonica;https://www.getyourguide.com/es-es/leticia-l176618/desde-leticia-aventura-de-una-noche-en-la-selva-amazonica-t1186228/
Colombia;baru-l120985;1219216;Bucea Por Los Barcos Hundidos De La Isla De Baru;https://www.getyourguide.com/es-es/baru-l120985/bucea-por-los-barcos-hundidos-de-la-isla-de-baru-t1219216/
Colombia;cali-colombia-l1213;1227197;Cali Tour Por El Mercado De La Galeria Alameda Con Degustaciones;https://www.getyourguide.com/es-es/cali-colombia-l1213/cali-tour-por-el-mercado-de-la-galeria-alameda-con-degustaciones-t1227197/
Colombia;cartagena-de-indias-l362;1266191;Desde Cartagena Tour En Barco A Las Islas Del Rosario Con Esnorquel Y Almuerzo;https://www.getyourguide.com/es-es/cartagena-de-indias-l362/desde-cartagena-tour-en-barco-a-las-islas-del-rosario-con-esnorquel-y-almuerzo-t1266191/
Colombia;boyaca-l2313;1268777;Boyaca Expedicion De 3 Dias Por La Ruta De La Esmeralda Con Comidas;https://www.getyourguide.com/es-es/boyaca-l2313/boyaca-expedicion-de-3-dias-por-la-ruta-de-la-esmeralda-con-comidas-t1268777/
Colombia;medellin-l1215;1321087;Medellin Transformacion De La Comuna 8 Y Tour Por Un Cafetal Urbano;https://www.getyourguide.com/es-es/medellin-l1215/medellin-transformacion-de-la-comuna-8-y-tour-por-un-cafetal-urbano-t1321087/
Colombia;cartagena-de-indias-l362;71393;Desde Cartagena Viaje De 1 Dia A Playa Blanca;https://www.getyourguide.com/es-es/cartagena-de-indias-l362/desde-cartagena-viaje-de-1-dia-a-playa-blanca-t71393/
Colombia;cartagena-de-indias-l362;1095677;Atardecer Magico En La Bahia De Cartagena Con Una Fiesta En Barco;https://www.getyourguide.com/es-es/cartagena-de-indias-l362/atardecer-magico-en-la-bahia-de-cartagena-con-una-fiesta-en-barco-t1095677/
Colombia;cartagena-de-indias-l362;1154799;Volcan Del Totumo Playa Ruta Turistica Entrada Almuerzo Y Club Playa;https://www.getyourguide.com/es-es/cartagena-de-indias-l362/volcan-del-totumo-playa-ruta-turistica-entrada-almuerzo-y-club-playa-t1154799/
Colombia;medellin-l1215;431250;Medellin Excursion Privada De Un Dia En Tirolina Y Cascada;https://www.getyourguide.com/es-es/medellin-l1215/medellin-excursion-privada-de-un-dia-en-tirolina-y-cascada-t431250/
Colombia;medellin-l1215;1188140;Laureles La Alquimia Del Cafe El Cacao Y Las Frutas En Nuestra Cafeteria;https://www.getyourguide.com/es-es/medellin-l1215/laureles-la-alquimia-del-cafe-el-cacao-y-las-frutas-en-nuestra-cafeteria-t1188140/
Colombia;cali-colombia-l1213;590067;Visita Cultural Y Patrimonial A Cali;https://www.getyourguide.com/es-es/cali-colombia-l1213/visita-cultural-y-patrimonial-a-cali-t590067/
Colombia;cartagena-de-indias-l362;1279095;Cartagena Fiesta En Barco Al Atardecer Tour De Bares;https://www.getyourguide.com/es-es/cartagena-de-indias-l362/cartagena-fiesta-en-barco-al-atardecer-tour-de-bares-t1279095/
Colombia;salamina-l147965;1325441;Manizales Salamina Un Viaje Al Corazon Del Paisaje Cultural Cafetero;https://www.getyourguide.com/es-es/salamina-l147965/manizales-salamina-un-viaje-al-corazon-del-paisaje-cultural-cafetero-t1325441/
Colombia;salamina-l147965;1325453;Salamina Tours Valle De Samaria Bosque De Palma De Cera;https://www.getyourguide.com/es-es/salamina-l147965/salamina-tours-valle-de-samaria-bosque-de-palma-de-cera-t1325453/
Colombia;bogota-l361;688996;Bogota La Ruta De La Fruta En El Mercado De Paloquemao;https://www.getyourguide.com/es-es/bogota-l361/bogota-la-ruta-de-la-fruta-en-el-mercado-de-paloquemao-t688996/
Colombia;cartagena-de-indias-l362;696900;Cartagena Traslado En Furgoneta A Todos Los Hoteles De Cartagena;https://www.getyourguide.com/es-es/cartagena-de-indias-l362/cartagena-traslado-en-furgoneta-a-todos-los-hoteles-de-cartagena-t696900/
Colombia;santa-marta-l32129;828436;Santa Marta Tour Bahia En Katamaran;https://www.getyourguide.com/es-es/santa-marta-l32129/santa-marta-tour-bahia-en-katamaran-t828436/
Colombia;zipaquira-l131353;1003195;Bogota Tour Privado A La Catedral De Sal En Zipaquira;https://www.getyourguide.com/es-es/zipaquira-l131353/bogota-tour-privado-a-la-catedral-de-sal-en-zipaquira-t1003195/
Colombia;cartagena-de-indias-l362;663030;Playa De Palmarito Pasadia Tierra Bomba;https://www.getyourguide.com/es-es/cartagena-de-indias-l362/playa-de-palmarito-pasadia-tierra-bomba-t663030/
Colombia;villa-de-leyva-l2951;712330;Desde Villa De Leyva Ruta De Los Vinedos;https://www.getyourguide.com/es-es/villa-de-leyva-l2951/desde-villa-de-leyva-ruta-de-los-vinedos-t712330/
Colombia;san-antonio-de-pereira-l165458;877166;Pueblos De Antioquia El Retiro La Ceja Y Mas;https://www.getyourguide.com/es-es/san-antonio-de-pereira-l165458/pueblos-de-antioquia-el-retiro-la-ceja-y-mas-t877166/
Colombia;leticia-l176618;1260640;Leticia Tour De Observacion De Aves En El Amazonas Con Almuerzo Indigena;https://www.getyourguide.com/es-es/leticia-l176618/leticia-tour-de-observacion-de-aves-en-el-amazonas-con-almuerzo-indigena-t1260640/
Colombia;medellin-l1215;921763;Medellin Visita A La Autentica Finca Cafetera De Palmitas Con Almuerzo;https://www.getyourguide.com/es-es/medellin-l1215/medellin-visita-a-la-autentica-finca-cafetera-de-palmitas-con-almuerzo-t921763/
Colombia;leticia-l176618;995737;Excursion De Un Dia A La Reserva Natural Flor De Loto;https://www.getyourguide.com/es-es/leticia-l176618/excursion-de-un-dia-a-la-reserva-natural-flor-de-loto-t995737/
Colombia;san-jacinto-colombia-l216995;1010100;San Jacinto Tierra De Folklore Cumbia Y Artesanias;https://www.getyourguide.com/es-es/san-jacinto-colombia-l216995/san-jacinto-tierra-de-folklore-cumbia-y-artesanias-t1010100/
Colombia;medellin-l1215;51581;Paseo En Cuatriciclo De 4 Horas Por Medellin;https://www.getyourguide.com/es-es/medellin-l1215/paseo-en-cuatriciclo-de-4-horas-por-medellin-t51581/
Colombia;cali-colombia-l1213;193424;Cali Tour De La Ciudad;https://www.getyourguide.com/es-es/cali-colombia-l1213/cali-tour-de-la-ciudad-t193424/
Colombia;barranquilla-l95786;1074460;Bicikilla Alquiler De Bicicletas Con Opcion De Entrega En Barranquilla;https://www.getyourguide.com/es-es/barranquilla-l95786/bicikilla-alquiler-de-bicicletas-con-opcion-de-entrega-en-barranquilla-t1074460/
Colombia;medellin-l1215;1167078;Medellin December Traditions Experience Culture Stories And Connection;https://www.getyourguide.com/es-es/medellin-l1215/medellin-december-traditions-experience-culture-stories-and-connection-t1167078/
Colombia;cartagena-de-indias-l362;1184408;Cartagena Aventura 4 Islas Todo Incluido Desayuno Y Almuerzo;https://www.getyourguide.com/es-es/cartagena-de-indias-l362/cartagena-aventura-4-islas-todo-incluido-desayuno-y-almuerzo-t1184408/
Colombia;pereira-l32650;1210897;Pereira Volcan Cerro Bravo Termales;https://www.getyourguide.com/es-es/pereira-l32650/pereira-volcan-cerro-bravo-termales-t1210897/
Colombia;neiva-l153229;1221576;Huila Senderismo De Montana Y Rutas Indigenas;https://www.getyourguide.com/es-es/neiva-l153229/huila-senderismo-de-montana-y-rutas-indigenas-t1221576/
Colombia;baru-l120985;568858;Baru Excursion En Isla Almuerzo Y Plancton Luminoso;https://www.getyourguide.com/es-es/baru-l120985/baru-excursion-en-isla-almuerzo-y-plancton-luminoso-t568858/
Colombia;palomino-l183586;607436;Santa Marta Palomino Transporte;https://www.getyourguide.com/es-es/palomino-l183586/santa-marta-palomino-transporte-t607436/
Colombia;medellin-l1215;623587;Comuna 13 Y Centro De La Violencia A La Innovacion;https://www.getyourguide.com/es-es/medellin-l1215/comuna-13-y-centro-de-la-violencia-a-la-innovacion-t623587/
Colombia;cartagena-de-indias-l362;641480;Cartagena Del Aeropuerto A Los Hoteles En Bocagrande;https://www.getyourguide.com/es-es/cartagena-de-indias-l362/cartagena-del-aeropuerto-a-los-hoteles-en-bocagrande-t641480/
Colombia;riohacha-l201090;645643;Flamencos Rosados Rancheria Y Puesta De Sol En Mayapo;https://www.getyourguide.com/es-es/riohacha-l201090/flamencos-rosados-rancheria-y-puesta-de-sol-en-mayapo-t645643/
Colombia;santa-marta-l32129;653024;Tour Del Cafe Y El Cacao En Minca;https://www.getyourguide.com/es-es/santa-marta-l32129/tour-del-cafe-y-el-cacao-en-minca-t653024/
Colombia;salento-colombia-l32675;855771;Salento Tour De Tostado Elaboracion Y Degustacion Del Maestro Cafetero;https://www.getyourguide.com/es-es/salento-colombia-l32675/salento-tour-de-tostado-elaboracion-y-degustacion-del-maestro-cafetero-t855771/
Colombia;medellin-l1215;933819;Medellin Inversion Inmobiliaria Y Tour Inmobiliario;https://www.getyourguide.com/es-es/medellin-l1215/medellin-inversion-inmobiliaria-y-tour-inmobiliario-t933819/
Colombia;salento-colombia-l32675;973501;Salento Tour En Moto A Palmas De Cera;https://www.getyourguide.com/es-es/salento-colombia-l32675/salento-tour-en-moto-a-palmas-de-cera-t973501/
Colombia;medellin-l1215;451190;Excursion En Parapente Desde Medellin Con Fotos Y Videos Gopro;https://www.getyourguide.com/es-es/medellin-l1215/excursion-en-parapente-desde-medellin-con-fotos-y-videos-gopro-t451190/
Colombia;medellin-l1215;469245;Medellin Nuevo 2025 Azoteas Vip Bares Secretos Y Joyas Locales;https://www.getyourguide.com/es-es/medellin-l1215/medellin-nuevo-2025-azoteas-vip-bares-secretos-y-joyas-locales-t469245/
Colombia;medellin-l1215;516973;Ruta De Las Frutas Exoticas;https://www.getyourguide.com/es-es/medellin-l1215/ruta-de-las-frutas-exoticas-t516973/
Colombia;cartagena-de-indias-l362;518709;Experiencia Un Dia En Playa Tranquila;https://www.getyourguide.com/es-es/cartagena-de-indias-l362/experiencia-un-dia-en-playa-tranquila-t518709/
Colombia;santa-marta-l32129;1071591;Santa Marta Ruta Por Los Bares Y Discotecas Del Centro Historico Con Guia;https://www.getyourguide.com/es-es/santa-marta-l32129/santa-marta-ruta-por-los-bares-y-discotecas-del-centro-historico-con-guia-t1071591/
Colombia;medellin-l1215;1125406;Envigado Meditacion En Una Cascada Y Ruta De Senderismo;https://www.getyourguide.com/es-es/medellin-l1215/envigado-meditacion-en-una-cascada-y-ruta-de-senderismo-t1125406/
Colombia;medellin-l1215;1130644;Tour Pablo Escobar Comuna De La Oscuridad A La Esperanza ;https://www.getyourguide.com/es-es/medellin-l1215/tour-pablo-escobar-comuna-de-la-oscuridad-a-la-esperanza--t1130644/
Colombia;san-agustin-colombia-l131748;1181010;Tour Privado De 2 Dias Cultura Y Arqueologia En San Agustin;https://www.getyourguide.com/es-es/san-agustin-colombia-l131748/tour-privado-de-2-dias-cultura-y-arqueologia-en-san-agustin-t1181010/
Colombia;medellin-l1215;1181373;Medellin Tour Nocturno Laureles Con Cultura Local Bebida Y Entrada;https://www.getyourguide.com/es-es/medellin-l1215/medellin-tour-nocturno-laureles-con-cultura-local-bebida-y-entrada-t1181373/
Colombia;tolu-l235725;1195540;Covenas Pasadia Isla Palma Con Piscina Y Playa En El Archipielago;https://www.getyourguide.com/es-es/tolu-l235725/covenas-pasadia-isla-palma-con-piscina-y-playa-en-el-archipielago-t1195540/
Colombia;cartagena-de-indias-l362;700270;Cartagena 5 Islas Bebidas Incluidas Y Noche De Plankton;https://www.getyourguide.com/es-es/cartagena-de-indias-l362/cartagena-5-islas-bebidas-incluidas-y-noche-de-plankton-t700270/
Colombia;medellin-l1215;779348;Medellin Tour A La Catedral Historia De Pablo Escobar Y Su Impacto;https://www.getyourguide.com/es-es/medellin-l1215/medellin-tour-a-la-catedral-historia-de-pablo-escobar-y-su-impacto-t779348/
Colombia;medellin-l1215;795574;Medellin Comuna 13 Tour La Verdadera Historia Y Comida Callejera;https://www.getyourguide.com/es-es/medellin-l1215/medellin-comuna-13-tour-la-verdadera-historia-y-comida-callejera-t795574/
Colombia;riohacha-l201090;1266313;Desde Riohacha Tour En Barco Para Avistar Flamencos Rosas;https://www.getyourguide.com/es-es/riohacha-l201090/desde-riohacha-tour-en-barco-para-avistar-flamencos-rosas-t1266313/
Colombia;medellin-l1215;835920;Ruta Del Chocolate Cerca De Medellin;https://www.getyourguide.com/es-es/medellin-l1215/ruta-del-chocolate-cerca-de-medellin-t835920/
Colombia;cartagena-de-indias-l362;845540;Cartagena Excursion De Un Dia A 4 Islas Plancton Almuerzo;https://www.getyourguide.com/es-es/cartagena-de-indias-l362/cartagena-excursion-de-un-dia-a-4-islas-plancton-almuerzo-t845540/
Colombia;medellin-l1215;852918;Medellin Degustacion De Comida Callejera En Las Azoteas De El Poblado;https://www.getyourguide.com/es-es/medellin-l1215/medellin-degustacion-de-comida-callejera-en-las-azoteas-de-el-poblado-t852918/
Colombia;barranquilla-l95786;1329321;Barranquilla El Prado Degustacion Y Paseo En Barco;https://www.getyourguide.com/es-es/barranquilla-l95786/barranquilla-el-prado-degustacion-y-paseo-en-barco-t1329321/
Colombia;medellin-l1215;952873;Medellin Tour Privado Pablo Escobar Y Tour Gastronomico;https://www.getyourguide.com/es-es/medellin-l1215/medellin-tour-privado-pablo-escobar-y-tour-gastronomico-t952873/
Colombia;leticia-l176618;977137;Puerto Narino Tour De Tres Dias Por La Selva Amazonica Y Los Lagos;https://www.getyourguide.com/es-es/leticia-l176618/puerto-narino-tour-de-tres-dias-por-la-selva-amazonica-y-los-lagos-t977137/
Colombia;bogota-l361;993735;Bogota Experiencia De Degustacion De Chocolate De La Paz;https://www.getyourguide.com/es-es/bogota-l361/bogota-experiencia-de-degustacion-de-chocolate-de-la-paz-t993735/
Colombia;cartagena-de-indias-l362;1015258;Cartagena Cena Y Paseo En Carruaje Por La Ciudad Amurallada;https://www.getyourguide.com/es-es/cartagena-de-indias-l362/cartagena-cena-y-paseo-en-carruaje-por-la-ciudad-amurallada-t1015258/
Colombia;cartagena-de-indias-l362;296360;Cartagena Vuelo Paratriking Desde La Playa;https://www.getyourguide.com/es-es/cartagena-de-indias-l362/cartagena-vuelo-paratriking-desde-la-playa-t296360/
Colombia;bogota-l361;1074408;Bogota Paseo Por Chapinero Alto Con Cafe Y Mercado Local;https://www.getyourguide.com/es-es/bogota-l361/bogota-paseo-por-chapinero-alto-con-cafe-y-mercado-local-t1074408/
Colombia;medellin-l1215;401379;Desde Medellin Visita Privada A La Hacienda Napoles De Pablo Escobar;https://www.getyourguide.com/es-es/medellin-l1215/desde-medellin-visita-privada-a-la-hacienda-napoles-de-pablo-escobar-t401379/
Colombia;sabaneta-l225948;1109088;Tour Vip Mirador La Octava Maravilla Transporte Show Y Consumo Incluido;https://www.getyourguide.com/es-es/sabaneta-l225948/tour-vip-mirador-la-octava-maravilla-transporte-show-y-consumo-incluido-t1109088/
Colombia;villavieja-l215836;1132551;Villavieja Experiencia En Bici Por El Desierto De La Tatacoa 20 Km;https://www.getyourguide.com/es-es/villavieja-l215836/villavieja-experiencia-en-bici-por-el-desierto-de-la-tatacoa-20-km-t1132551/
Colombia;cartagena-de-indias-l362;481807;Recorrido Por Las 5 Mejores Islas Del Rosario Pl Bioluminiscente;https://www.getyourguide.com/es-es/cartagena-de-indias-l362/recorrido-por-las-5-mejores-islas-del-rosario-pl-bioluminiscente-t481807/
Colombia;bogota-l361;514372;Recorrido Transmicable Ciudad Bolivar Y Paraiso;https://www.getyourguide.com/es-es/bogota-l361/recorrido-transmicable-ciudad-bolivar-y-paraiso-t514372/
Colombia;bogota-l361;519758;Tour Compartido Al Cerro De Monserrate Y Museo Del Oro En Bogota;https://www.getyourguide.com/es-es/bogota-l361/tour-compartido-al-cerro-de-monserrate-y-museo-del-oro-en-bogota-t519758/
Colombia;medellin-l1215;599205;Tour De La Ciudad De Medellin;https://www.getyourguide.com/es-es/medellin-l1215/tour-de-la-ciudad-de-medellin-t599205/
Colombia;san-gil-l148478;644858;Excursion De Un Dia A Barichara Y San Gil;https://www.getyourguide.com/es-es/san-gil-l148478/excursion-de-un-dia-a-barichara-y-san-gil-t644858/
Colombia;neiva-l153229;653203;Tour Por La Comunidad Y La Biodiversidad Del Desierto De La Tatacoa En Neiva;https://www.getyourguide.com/es-es/neiva-l153229/tour-por-la-comunidad-y-la-biodiversidad-del-desierto-de-la-tatacoa-en-neiva-t653203/
Colombia;medellin-l1215;1270594;Medellin Clase De Cocina Colombiana Con Una Chef Local;https://www.getyourguide.com/es-es/medellin-l1215/medellin-clase-de-cocina-colombiana-con-una-chef-local-t1270594/
Colombia;bogota-l361;657094;Desde Bogota Parque Jaime Duque Tiquet Incluido;https://www.getyourguide.com/es-es/bogota-l361/desde-bogota-parque-jaime-duque-tiquet-incluido-t657094/
Colombia;salento-colombia-l32675;1299813;Salento Filandia Y Valle Del Cocora Descubre El Eje Cafetero En Un Dia;https://www.getyourguide.com/es-es/salento-colombia-l32675/salento-filandia-y-valle-del-cocora-descubre-el-eje-cafetero-en-un-dia-t1299813/
Colombia;baru-l120985;819514;Cartagena Playa Tranquila Baru Con Almuerzo;https://www.getyourguide.com/es-es/baru-l120985/cartagena-playa-tranquila-baru-con-almuerzo-t819514/
Colombia;cartagena-de-indias-l362;828416;Cartagena Bano En El Volcan De Lodo Y Relax En Playa Y Piscina;https://www.getyourguide.com/es-es/cartagena-de-indias-l362/cartagena-bano-en-el-volcan-de-lodo-y-relax-en-playa-y-piscina-t828416/
Colombia;cartagena-de-indias-l362;286935;Cartagena Visita Taller De Fotografia;https://www.getyourguide.com/es-es/cartagena-de-indias-l362/cartagena-visita-taller-de-fotografia-t286935/
Colombia;medellin-l1215;933780;Medellin Recorrido Por Los Mercados De Frutas Y Verduras;https://www.getyourguide.com/es-es/medellin-l1215/medellin-recorrido-por-los-mercados-de-frutas-y-verduras-t933780/
Colombia;palomino-l183586;435162;Tubing Por El Rio Palomino Senderismo;https://www.getyourguide.com/es-es/palomino-l183586/tubing-por-el-rio-palomino-senderismo-t435162/
Colombia;cartagena-de-indias-l362;437372;Excursion Privada En Barco Por Las Islas Del Rosario;https://www.getyourguide.com/es-es/cartagena-de-indias-l362/excursion-privada-en-barco-por-las-islas-del-rosario-t437372/
Colombia;medellin-l1215;972867;Medellin Tour Gastronomico De 4 Horas Con Guia Local;https://www.getyourguide.com/es-es/medellin-l1215/medellin-tour-gastronomico-de-4-horas-con-guia-local-t972867/
Colombia;pereira-l32650;536626;Traslado Pereira Termas De Santa Rosa;https://www.getyourguide.com/es-es/pereira-l32650/traslado-pereira-termas-de-santa-rosa-t536626/
Colombia;santa-marta-l32129;1134419;Minca Tour De 2 Dias A Sierra Nevada Con Jungle Joe;https://www.getyourguide.com/es-es/santa-marta-l32129/minca-tour-de-2-dias-a-sierra-nevada-con-jungle-joe-t1134419/
Colombia;minca-l176223;1139069;Minca Atardecer Magico Con Ceremonia Ancestral Wiwa;https://www.getyourguide.com/es-es/minca-l176223/minca-atardecer-magico-con-ceremonia-ancestral-wiwa-t1139069/
Colombia;santa-marta-l32129;647503;Santa Marta Senderismo En Minca Circuito Completo De Cascadas;https://www.getyourguide.com/es-es/santa-marta-l32129/santa-marta-senderismo-en-minca-circuito-completo-de-cascadas-t647503/
Colombia;cartagena-de-indias-l362;653184;4X1 Aventura Islas Del Rosario Cholon Playa Y Plancton;https://www.getyourguide.com/es-es/cartagena-de-indias-l362/4x1-aventura-islas-del-rosario-cholon-playa-y-plancton-t653184/
Colombia;san-agustin-colombia-l131748;1162953;Tour A Pie Privado Por San Agustin;https://www.getyourguide.com/es-es/san-agustin-colombia-l131748/tour-a-pie-privado-por-san-agustin-t1162953/
Colombia;cartagena-de-indias-l362;712415;Cartagena Transporte De Ida Y Vuelta A Las Islas Del Rosario;https://www.getyourguide.com/es-es/cartagena-de-indias-l362/cartagena-transporte-de-ida-y-vuelta-a-las-islas-del-rosario-t712415/
Colombia;cartagena-de-indias-l362;762210;Cartagena Tour Chiringuito Playa En Tierra Bomba;https://www.getyourguide.com/es-es/cartagena-de-indias-l362/cartagena-tour-chiringuito-playa-en-tierra-bomba-t762210/
Colombia;el-penol-l145060;775737;Medellin Guatape El Penol Parapente;https://www.getyourguide.com/es-es/el-penol-l145060/medellin-guatape-el-penol-parapente-t775737/
Colombia;cartagena-de-indias-l362;824907;Cartagena Entrada Al Castillo De San Felipe;https://www.getyourguide.com/es-es/cartagena-de-indias-l362/cartagena-entrada-al-castillo-de-san-felipe-t824907/
Colombia;bogota-l361;1250918;;https://www.getyourguide.com/es-es/bogota-l361/-t1250918/
Colombia;bogota-l361;928681;Bogota Excursion De Un Dia Al Bosque Nuboso De Chicaque Con Almuerzo;https://www.getyourguide.com/es-es/bogota-l361/bogota-excursion-de-un-dia-al-bosque-nuboso-de-chicaque-con-almuerzo-t928681/
Colombia;cartagena-de-indias-l362;1070804;Tour Privado Y Personalizado Por Lo Mas Destacado Y Los Tesoros Ocultos De Cartagena;https://www.getyourguide.com/es-es/cartagena-de-indias-l362/tour-privado-y-personalizado-por-lo-mas-destacado-y-los-tesoros-ocultos-de-cartagena-t1070804/
Colombia;medellin-l1215;1170051;Aventura Epica En Antioquia Quads Parapente Y Caballos De Montana;https://www.getyourguide.com/es-es/medellin-l1215/aventura-epica-en-antioquia-quads-parapente-y-caballos-de-montana-t1170051/
Colombia;bogota-l361;1196541;Bogota Tour De Observacion De Aves En Monserrate Con Guia;https://www.getyourguide.com/es-es/bogota-l361/bogota-tour-de-observacion-de-aves-en-monserrate-con-guia-t1196541/
Colombia;medellin-l1215;1201218;Medellin Tour De Vinos En San Francisco Con Catas Y Comida;https://www.getyourguide.com/es-es/medellin-l1215/medellin-tour-de-vinos-en-san-francisco-con-catas-y-comida-t1201218/
Colombia;medellin-l1215;1202475;Desde Medellin Tour De La Miel Visita A Las Abejas;https://www.getyourguide.com/es-es/medellin-l1215/desde-medellin-tour-de-la-miel-visita-a-las-abejas-t1202475/
Colombia;bogota-l361;1264553;Por Las Nubes De Suesca Cuevascabana De Postres En Sopo;https://www.getyourguide.com/es-es/bogota-l361/por-las-nubes-de-suesca-cuevascabana-de-postres-en-sopo-t1264553/
Colombia;cartagena-de-indias-l362;633882;Dia Completo En La Playa Fenix;https://www.getyourguide.com/es-es/cartagena-de-indias-l362/dia-completo-en-la-playa-fenix-t633882/
Colombia;guatavita-l126403;647565;Desde Bogota Excursion A Guatavita Y Catedral De Sal De Zipaquira;https://www.getyourguide.com/es-es/guatavita-l126403/desde-bogota-excursion-a-guatavita-y-catedral-de-sal-de-zipaquira-t647565/
Colombia;bucaramanga-l153985;656180;Parapente En El Canon Del Chicamocha;https://www.getyourguide.com/es-es/bucaramanga-l153985/parapente-en-el-canon-del-chicamocha-t656180/
Colombia;bocachica-l181861;1310786;Tour Privado En Barco De Excursion Por Las Islas Del Rosario Y Baru;https://www.getyourguide.com/es-es/bocachica-l181861/tour-privado-en-barco-de-excursion-por-las-islas-del-rosario-y-baru-t1310786/
Colombia;salento-colombia-l32675;732586;Reserva Natural Barbas Bremen Cata De Frutas Tropicales;https://www.getyourguide.com/es-es/salento-colombia-l32675/reserva-natural-barbas-bremen-cata-de-frutas-tropicales-t732586/
Colombia;bogota-l361;20864;Recorrido En Bicicleta Por Bogota Colombia;https://www.getyourguide.com/es-es/bogota-l361/recorrido-en-bicicleta-por-bogota-colombia-t20864/
Colombia;santa-marta-l32129;750091;Excursion Alternativa De 3 Dias A La Ciudad Perdida;https://www.getyourguide.com/es-es/santa-marta-l32129/excursion-alternativa-de-3-dias-a-la-ciudad-perdida-t750091/
Colombia;bogota-l361;788212;Bogota Explora El Bosque Y Avista Aves En Parque Natural Chicaque;https://www.getyourguide.com/es-es/bogota-l361/bogota-explora-el-bosque-y-avista-aves-en-parque-natural-chicaque-t788212/
Colombia;santa-marta-l32129;790112;Minca Cascada Marinka Hostel Sierra Minca;https://www.getyourguide.com/es-es/santa-marta-l32129/minca-cascada-marinka-hostel-sierra-minca-t790112/
Colombia;bogota-l361;240177;Bogota Tour Nocturno Privado Guiado Con Bebida;https://www.getyourguide.com/es-es/bogota-l361/bogota-tour-nocturno-privado-guiado-con-bebida-t240177/
Colombia;baru-l120985;848827;Cholon La Mejor Fiesta En El Dia Con Servicio De Recogida En El Hotel;https://www.getyourguide.com/es-es/baru-l120985/cholon-la-mejor-fiesta-en-el-dia-con-servicio-de-recogida-en-el-hotel-t848827/
Colombia;medellin-l1215;298650;Medellin Parapente En Los Andes Colombianos;https://www.getyourguide.com/es-es/medellin-l1215/medellin-parapente-en-los-andes-colombianos-t298650/
Colombia;medellin-l1215;383263;Medellin Tour De Medio Dia Sobre Pablo Escobar;https://www.getyourguide.com/es-es/medellin-l1215/medellin-tour-de-medio-dia-sobre-pablo-escobar-t383263/
Colombia;santa-marta-l32129;884895;Una Perla En El Caribe Tour A Pie En Ingles;https://www.getyourguide.com/es-es/santa-marta-l32129/una-perla-en-el-caribe-tour-a-pie-en-ingles-t884895/
Colombia;palomino-l183586;989221;Santa Marta Parque Natural Nacional Los Flamingos;https://www.getyourguide.com/es-es/palomino-l183586/santa-marta-parque-natural-nacional-los-flamingos-t989221/
Colombia;santa-marta-l32129;1004101;Santa Marta Calderon Beach Club Day Pass Clunch Transfer;https://www.getyourguide.com/es-es/santa-marta-l32129/santa-marta-calderon-beach-club-day-pass-clunch-transfer-t1004101/
Colombia;cartagena-de-indias-l362;485319;Cartagena Excursion A 5 Islas En Barco Con Almuerzo Y Snorkel;https://www.getyourguide.com/es-es/cartagena-de-indias-l362/cartagena-excursion-a-5-islas-en-barco-con-almuerzo-y-snorkel-t485319/
Colombia;cali-colombia-l1213;606925;El Tour A Pie De Comida Callejera De Cali;https://www.getyourguide.com/es-es/cali-colombia-l1213/el-tour-a-pie-de-comida-callejera-de-cali-t606925/
Colombia;medellin-l1215;1135631;Santa Fe De Antioquiatour Del Cafe Desde Medellintour Privado;https://www.getyourguide.com/es-es/medellin-l1215/santa-fe-de-antioquiatour-del-cafe-desde-medellintour-privado-t1135631/
Colombia;guatape-l114702;1160636;Desde Medellin Tour A Pueblo De Guatape Y Piedra Del Penol;https://www.getyourguide.com/es-es/guatape-l114702/desde-medellin-tour-a-pueblo-de-guatape-y-piedra-del-penol-t1160636/
Colombia;cartagena-de-indias-l362;1181047;Cartagena De Indias Experiencia De Playa En Playa Tranquila Baru;https://www.getyourguide.com/es-es/cartagena-de-indias-l362/cartagena-de-indias-experiencia-de-playa-en-playa-tranquila-baru-t1181047/
Colombia;cartagena-de-indias-l362;743205;Cartagena Wala Pass Day Piscina Mar Dj Y Espectaculos En Directo;https://www.getyourguide.com/es-es/cartagena-de-indias-l362/cartagena-wala-pass-day-piscina-mar-dj-y-espectaculos-en-directo-t743205/
Colombia;medellin-l1215;1242541;Medellin Futbol Callejero Cultura De Barrio Sin Filtros Y Coctel;https://www.getyourguide.com/es-es/medellin-l1215/medellin-futbol-callejero-cultura-de-barrio-sin-filtros-y-coctel-t1242541/
Colombia;santa-marta-l32129;1244191;Santa Marta Kogi Indigenous Community Cultural Experience 1 Day;https://www.getyourguide.com/es-es/santa-marta-l32129/santa-marta-kogi-indigenous-community-cultural-experience-1-day-t1244191/
Colombia;punta-arenas-cartagena-l228464;1261723;Punta Arena El Dia De Playa Perfecto A 10 Minutos De Cartagena;https://www.getyourguide.com/es-es/punta-arenas-cartagena-l228464/punta-arena-el-dia-de-playa-perfecto-a-10-minutos-de-cartagena-t1261723/
Colombia;cartagena-de-indias-l362;1262054;Cartagena Tour De Surf De Remo Al Amanecer Con Fotos Y Videos;https://www.getyourguide.com/es-es/cartagena-de-indias-l362/cartagena-tour-de-surf-de-remo-al-amanecer-con-fotos-y-videos-t1262054/
Colombia;medellin-l1215;857978;Tour Compartido Por Los Barrios De El Poblado Provenza Y Manila;https://www.getyourguide.com/es-es/medellin-l1215/tour-compartido-por-los-barrios-de-el-poblado-provenza-y-manila-t857978/
Colombia;cartagena-de-indias-l362;884160;Cartagenaentrada Al Palacio De La Inquisicion Transporte;https://www.getyourguide.com/es-es/cartagena-de-indias-l362/cartagenaentrada-al-palacio-de-la-inquisicion-transporte-t884160/
Colombia;medellin-l1215;51501;Recorrido De 3 Horas Por Las Luces Navidenas De Medellin;https://www.getyourguide.com/es-es/medellin-l1215/recorrido-de-3-horas-por-las-luces-navidenas-de-medellin-t51501/
Colombia;bogota-l361;73800;Gran Tour De La Ciudad De Bogota En Dia Completo;https://www.getyourguide.com/es-es/bogota-l361/gran-tour-de-la-ciudad-de-bogota-en-dia-completo-t73800/
Colombia;cartagena-de-indias-l362;986590;Tour De Dia Completo En Motos Todo Terreno;https://www.getyourguide.com/es-es/cartagena-de-indias-l362/tour-de-dia-completo-en-motos-todo-terreno-t986590/
Colombia;medellin-l1215;1008293;Rafting En Rio Claro Y Tour De Senderismo Con Almuerzo;https://www.getyourguide.com/es-es/medellin-l1215/rafting-en-rio-claro-y-tour-de-senderismo-con-almuerzo-t1008293/
Colombia;cali-colombia-l1213;193802;Cali Equitacion;https://www.getyourguide.com/es-es/cali-colombia-l1213/cali-equitacion-t193802/
Colombia;cartagena-de-indias-l362;295750;Cartagena Alquiler De Paddleboard De 1 Hora O Clase Particular;https://www.getyourguide.com/es-es/cartagena-de-indias-l362/cartagena-alquiler-de-paddleboard-de-1-hora-o-clase-particular-t295750/
Colombia;medellin-l1215;1130609;Medellincomuna 13Mirador La Palmadel Arte Callejero Al Cieloprivado;https://www.getyourguide.com/es-es/medellin-l1215/medellincomuna-13mirador-la-palmadel-arte-callejero-al-cieloprivado-t1130609/
Colombia;medellin-l1215;1221460;Medellin Tour De Transformacion Urbana En Triciclo;https://www.getyourguide.com/es-es/medellin-l1215/medellin-tour-de-transformacion-urbana-en-triciclo-t1221460/
Colombia;cartagena-de-indias-l362;1230604;Cartagena Tour Por Los Puntos Destacados De La Ciudad Con El Castillo De San Felipe;https://www.getyourguide.com/es-es/cartagena-de-indias-l362/cartagena-tour-por-los-puntos-destacados-de-la-ciudad-con-el-castillo-de-san-felipe-t1230604/
Colombia;bogota-l361;1305373;Tour Privado De Cafe Y Avistamiento De Aves En Finca Campesina Desde Bogota;https://www.getyourguide.com/es-es/bogota-l361/tour-privado-de-cafe-y-avistamiento-de-aves-en-finca-campesina-desde-bogota-t1305373/
Colombia;medellin-l1215;1323875;Medellin Clase De Bebidas Y Aperitivos Colombianos Con Un Lugareno;https://www.getyourguide.com/es-es/medellin-l1215/medellin-clase-de-bebidas-y-aperitivos-colombianos-con-un-lugareno-t1323875/
Colombia;barranquilla-l95786;840170;Barranquillatraslado Barranquilla A Cartagena O Viceversa Carro Compartido;https://www.getyourguide.com/es-es/barranquilla-l95786/barranquillatraslado-barranquilla-a-cartagena-o-viceversa-carro-compartido-t840170/
Colombia;cartagena-de-indias-l362;862988;Cartegena City Tour En Chiva Panoramico Con Guia Bilingue;https://www.getyourguide.com/es-es/cartagena-de-indias-l362/cartegena-city-tour-en-chiva-panoramico-con-guia-bilingue-t862988/
Colombia;salento-colombia-l32675;944305;Salento Coffee Experience Coffee Tasting At El Jazmin Farm;https://www.getyourguide.com/es-es/salento-colombia-l32675/salento-coffee-experience-coffee-tasting-at-el-jazmin-farm-t944305/
Colombia;medellin-l1215;442764;Recorrido Por Los Graffitis De La Comuna 13 Con Un Coche Tematico;https://www.getyourguide.com/es-es/medellin-l1215/recorrido-por-los-graffitis-de-la-comuna-13-con-un-coche-tematico-t442764/
Colombia;cartagena-de-indias-l362;478625;Cartagena Tour De La Ciudad Castillo De San Felipe Y Convento De La Popa;https://www.getyourguide.com/es-es/cartagena-de-indias-l362/cartagena-tour-de-la-ciudad-castillo-de-san-felipe-y-convento-de-la-popa-t478625/
Colombia;bogota-l361;514366;Excursion De Un Dia A Zipaquira Y Guatavita;https://www.getyourguide.com/es-es/bogota-l361/excursion-de-un-dia-a-zipaquira-y-guatavita-t514366/
Colombia;cartagena-de-indias-l362;558306;Transporte Privado Durante 8 Horas En Cartagena;https://www.getyourguide.com/es-es/cartagena-de-indias-l362/transporte-privado-durante-8-horas-en-cartagena-t558306/
Colombia;puerto-colombia-l126453;1074525;Disfruta De Un Tour Por Puerto Colombia El Castillo De Salgar Y Puerto Mocho;https://www.getyourguide.com/es-es/puerto-colombia-l126453/disfruta-de-un-tour-por-puerto-colombia-el-castillo-de-salgar-y-puerto-mocho-t1074525/
Colombia;santa-marta-l32129;1186486;Santa Marta Tour De 3 Dias Por Bunkuany Con Comidas;https://www.getyourguide.com/es-es/santa-marta-l32129/santa-marta-tour-de-3-dias-por-bunkuany-con-comidas-t1186486/
Colombia;medellin-l1215;1209150;Santa Fe De Antioquia Puente De Occidente Pueblo Colonial Y Piscina;https://www.getyourguide.com/es-es/medellin-l1215/santa-fe-de-antioquia-puente-de-occidente-pueblo-colonial-y-piscina-t1209150/
Colombia;galerazamba-l115662;809427;Cartagena Tour Volcan Del Totumo Y Salinas De Galerazamba Mar Rosa;https://www.getyourguide.com/es-es/galerazamba-l115662/cartagena-tour-volcan-del-totumo-y-salinas-de-galerazamba-mar-rosa-t809427/
Colombia;guatavita-l126403;1225541;Bogota Tour A Guatavita Y Casa Loca Con Guia;https://www.getyourguide.com/es-es/guatavita-l126403/bogota-tour-a-guatavita-y-casa-loca-con-guia-t1225541/
Colombia;bogota-l361;1228456;Bogota Tour Nocturno En Un Mercedes Benz Clasico Con Vino;https://www.getyourguide.com/es-es/bogota-l361/bogota-tour-nocturno-en-un-mercedes-benz-clasico-con-vino-t1228456/
Colombia;cali-colombia-l1213;1244112;Cali Ruta De Senderismo A La Cascada El Aleman En El Parque De Los Farallones;https://www.getyourguide.com/es-es/cali-colombia-l1213/cali-ruta-de-senderismo-a-la-cascada-el-aleman-en-el-parque-de-los-farallones-t1244112/
Colombia;medellin-l1215;1249563;Tour Privado Al Mejor Mirador De Medellin Original Pan Chocha De La Zona;https://www.getyourguide.com/es-es/medellin-l1215/tour-privado-al-mejor-mirador-de-medellin-original-pan-chocha-de-la-zona-t1249563/
Colombia;leticia-l176618;1265635;Leticia Aventura Amazonica Entre Los Arboles Cabana Flotante Y Delfines;https://www.getyourguide.com/es-es/leticia-l176618/leticia-aventura-amazonica-entre-los-arboles-cabana-flotante-y-delfines-t1265635/
Colombia;envigado-l145246;955378;Medellin Tour De Dia Completo Sobre Pablo Escobar Con Carlos El Ex Policia;https://www.getyourguide.com/es-es/envigado-l145246/medellin-tour-de-dia-completo-sobre-pablo-escobar-con-carlos-el-ex-policia-t955378/
Colombia;bogota-l361;969284;Teusaquillosuba Excursion De Un Dia Al Parque Jaime Duque;https://www.getyourguide.com/es-es/bogota-l361/teusaquillosuba-excursion-de-un-dia-al-parque-jaime-duque-t969284/
Colombia;nemocon-l126408;987933;Bogota Tour Privado Con Guia A La Mina De Sal De Nemocon;https://www.getyourguide.com/es-es/nemocon-l126408/bogota-tour-privado-con-guia-a-la-mina-de-sal-de-nemocon-t987933/
Colombia;bogota-l361;237662;Bogota Tour Panoramico De La Ciudad 4 H;https://www.getyourguide.com/es-es/bogota-l361/bogota-tour-panoramico-de-la-ciudad-4-h-t237662/
Colombia;villa-de-leyva-l2951;1100901;Villa De Leyva Tour Por Un Vinedo Con Cata De Vino Y Almuerzo;https://www.getyourguide.com/es-es/villa-de-leyva-l2951/villa-de-leyva-tour-por-un-vinedo-con-cata-de-vino-y-almuerzo-t1100901/
Colombia;cartagena-de-indias-l362;1102493;Cartagena Esencial Centro Historico San Diego Getsemani Walking Tour;https://www.getyourguide.com/es-es/cartagena-de-indias-l362/cartagena-esencial-centro-historico-san-diego-getsemani-walking-tour-t1102493/
Colombia;bogota-l361;327176;Desde Bogota Excursion De Un Dia Al Lago De Guatavita Y El Pueblo;https://www.getyourguide.com/es-es/bogota-l361/desde-bogota-excursion-de-un-dia-al-lago-de-guatavita-y-el-pueblo-t327176/
Colombia;san-andres-colombia-l180220;1130167;San Andres Sesion De Fotos Con Dron En Kayak Transparente En Booby Rock;https://www.getyourguide.com/es-es/san-andres-colombia-l180220/san-andres-sesion-de-fotos-con-dron-en-kayak-transparente-en-booby-rock-t1130167/
Colombia;medellin-l1215;511467;Medellin Al Descubierto Comuna 13 Plaza Botero Y Teleferico;https://www.getyourguide.com/es-es/medellin-l1215/medellin-al-descubierto-comuna-13-plaza-botero-y-teleferico-t511467/
Colombia;bogota-l361;513909;Visita Compartida A Las Frutas Exoticas Colombianas En El Mercado De Paloquemao;https://www.getyourguide.com/es-es/bogota-l361/visita-compartida-a-las-frutas-exoticas-colombianas-en-el-mercado-de-paloquemao-t513909/
Colombia;cartagena-de-indias-l362;572667;Sunset Magic Cartagena Bay Tour En Barco Con Vistas Impresionantes;https://www.getyourguide.com/es-es/cartagena-de-indias-l362/sunset-magic-cartagena-bay-tour-en-barco-con-vistas-impresionantes-t572667/
Colombia;cartagena-de-indias-l362;612208;Cartagena Degustacion De Comida Callejera Y Tour De La Ciudad Con Un Profesional;https://www.getyourguide.com/es-es/cartagena-de-indias-l362/cartagena-degustacion-de-comida-callejera-y-tour-de-la-ciudad-con-un-profesional-t612208/
Colombia;cartagena-de-indias-l362;746766;Yate Exotico Paseo Por La Bahia De Cartagena;https://www.getyourguide.com/es-es/cartagena-de-indias-l362/yate-exotico-paseo-por-la-bahia-de-cartagena-t746766/
Colombia;itagui-l152296;798471;Medellin Visita De Lujo A Una Finca Cafetera Con Degustacion;https://www.getyourguide.com/es-es/itagui-l152296/medellin-visita-de-lujo-a-una-finca-cafetera-con-degustacion-t798471/
Colombia;santa-marta-l32129;871689;Minca Taller De Cacao Artesanal En Casa Jocolate;https://www.getyourguide.com/es-es/santa-marta-l32129/minca-taller-de-cacao-artesanal-en-casa-jocolate-t871689/
Colombia;cartagena-de-indias-l362;436724;Cartagena Getsemani Pub Crawl Con Bebidas Gratis;https://www.getyourguide.com/es-es/cartagena-de-indias-l362/cartagena-getsemani-pub-crawl-con-bebidas-gratis-t436724/
Colombia;palomino-l183586;458258;Excursion En Quad Palomino;https://www.getyourguide.com/es-es/palomino-l183586/excursion-en-quad-palomino-t458258/
Colombia;bogota-l361;493593;Graffiti Tour Un Paseo Fascinante Por Una Ciudad De Arte Callejero;https://www.getyourguide.com/es-es/bogota-l361/graffiti-tour-un-paseo-fascinante-por-una-ciudad-de-arte-callejero-t493593/
Colombia;medellin-l1215;969329;Medellin Tour Guiado En Cuatrimoto;https://www.getyourguide.com/es-es/medellin-l1215/medellin-tour-guiado-en-cuatrimoto-t969329/
Colombia;santa-marta-l32129;1022287;Santa Marta Full Day En La Montana Ccomida Y Cata De Cafe;https://www.getyourguide.com/es-es/santa-marta-l32129/santa-marta-full-day-en-la-montana-ccomida-y-cata-de-cafe-t1022287/
Colombia;medellin-l1215;1044692;Medellin Tour Privado Por Las Comunas 13 Y 3 Con Teleferico;https://www.getyourguide.com/es-es/medellin-l1215/medellin-tour-privado-por-las-comunas-13-y-3-con-teleferico-t1044692/
Colombia;leticia-l176618;1079911;Leticia Tour De Selva Y Charla Ancestral Casa En Los Arboles 2 Dias;https://www.getyourguide.com/es-es/leticia-l176618/leticia-tour-de-selva-y-charla-ancestral-casa-en-los-arboles-2-dias-t1079911/
Colombia;cartagena-de-indias-l362;641343;Cartagena Playa De La Manzana Azul Excursiones A Caballo;https://www.getyourguide.com/es-es/cartagena-de-indias-l362/cartagena-playa-de-la-manzana-azul-excursiones-a-caballo-t641343/
Colombia;bogota-l361;650222;Desde Bogota Visita Y Excursion A La Cascada De La Chorrera;https://www.getyourguide.com/es-es/bogota-l361/desde-bogota-visita-y-excursion-a-la-cascada-de-la-chorrera-t650222/
Colombia;leticia-l176618;1161575;Selva Amazonica Tour En Comunidad Indigena;https://www.getyourguide.com/es-es/leticia-l176618/selva-amazonica-tour-en-comunidad-indigena-t1161575/
Colombia;bogota-l361;885864;Bogota Traslados Confiables Aeropuerto Hotel O Hotel Aeropuerto;https://www.getyourguide.com/es-es/bogota-l361/bogota-traslados-confiables-aeropuerto-hotel-o-hotel-aeropuerto-t885864/
Colombia;santa-marta-l32129;1228388;Santa Marta Playa Blanca City Tour Historico Mar Caribe Y Cultura;https://www.getyourguide.com/es-es/santa-marta-l32129/santa-marta-playa-blanca-city-tour-historico-mar-caribe-y-cultura-t1228388/
Colombia;cartagena-de-indias-l362;907856;Tinti Pan Santa Cruz Del Islote Mucura;https://www.getyourguide.com/es-es/cartagena-de-indias-l362/tinti-pan-santa-cruz-del-islote-mucura-t907856/
Colombia;medellin-l1215;918495;Medellin Visita A Una Finca Cafetera Con Experiencia De Degustacion;https://www.getyourguide.com/es-es/medellin-l1215/medellin-visita-a-una-finca-cafetera-con-experiencia-de-degustacion-t918495/
Colombia;santa-marta-l32129;1243887;Paseo Ecologico Por La Selva De Minca Y Proyecto De Permacultura;https://www.getyourguide.com/es-es/santa-marta-l32129/paseo-ecologico-por-la-selva-de-minca-y-proyecto-de-permacultura-t1243887/
Colombia;medellin-l1215;937433;Desde Medellin Guatape Y Cafe Tour Privado De Un Dia;https://www.getyourguide.com/es-es/medellin-l1215/desde-medellin-guatape-y-cafe-tour-privado-de-un-dia-t937433/
Colombia;cartagena-de-indias-l362;1259565;Crucero En Barco Por Las Islas De San Blas Desde Colombia O Panama;https://www.getyourguide.com/es-es/cartagena-de-indias-l362/crucero-en-barco-por-las-islas-de-san-blas-desde-colombia-o-panama-t1259565/
Colombia;riohacha-l201090;1016019;Riohacha Excursion De Un Dia A Los Salares Rosados De Manaure Y La Playa;https://www.getyourguide.com/es-es/riohacha-l201090/riohacha-excursion-de-un-dia-a-los-salares-rosados-de-manaure-y-la-playa-t1016019/
Colombia;santa-marta-l32129;1300237;Santa Marta Minca Cascadas De Marinka Y Finca Cafetera La Victoria;https://www.getyourguide.com/es-es/santa-marta-l32129/santa-marta-minca-cascadas-de-marinka-y-finca-cafetera-la-victoria-t1300237/
Colombia;medellin-l1215;1040824;Medellin Tour Nocturno Por Azoteas Secretas Y Clubes Ocultos;https://www.getyourguide.com/es-es/medellin-l1215/medellin-tour-nocturno-por-azoteas-secretas-y-clubes-ocultos-t1040824/
Colombia;medellin-l1215;1305707;Medellin Running Tour Corre Por El Area Mas Bella De La Ciudad Con Guia;https://www.getyourguide.com/es-es/medellin-l1215/medellin-running-tour-corre-por-el-area-mas-bella-de-la-ciudad-con-guia-t1305707/
Colombia;santa-marta-l32129;1062059;Mendihuaca Trekking Al Pozo Encantado Con Meditacion Y Naturaleza;https://www.getyourguide.com/es-es/santa-marta-l32129/mendihuaca-trekking-al-pozo-encantado-con-meditacion-y-naturaleza-t1062059/
Colombia;san-gil-l148478;1101527;Sangilsantander Recorrido En Cuevas Espeleologia Experiencias Extras;https://www.getyourguide.com/es-es/san-gil-l148478/sangilsantander-recorrido-en-cuevas-espeleologia-experiencias-extras-t1101527/
Colombia;medellin-l1215;70078;Desde Medellin Tour De Dia Completo A Santa Fe De Antioquia;https://www.getyourguide.com/es-es/medellin-l1215/desde-medellin-tour-de-dia-completo-a-santa-fe-de-antioquia-t70078/
Colombia;cartagena-de-indias-l362;71374;Tour De La Ciudad De Cartagena;https://www.getyourguide.com/es-es/cartagena-de-indias-l362/tour-de-la-ciudad-de-cartagena-t71374/
Colombia;salento-colombia-l32675;414012;Salento Tour De Un Dia Por El Valle Del Cocora Y El Cafetal;https://www.getyourguide.com/es-es/salento-colombia-l32675/salento-tour-de-un-dia-por-el-valle-del-cocora-y-el-cafetal-t414012/
Colombia;cartagena-de-indias-l362;417138;Recuerdos De Viaje A Cartagena Sesion De Fotos Para Una Revista De Portada;https://www.getyourguide.com/es-es/cartagena-de-indias-l362/recuerdos-de-viaje-a-cartagena-sesion-de-fotos-para-una-revista-de-portada-t417138/
Colombia;medellin-l1215;528122;Graffiti Tour Comuna 13 Y Teleferico;https://www.getyourguide.com/es-es/medellin-l1215/graffiti-tour-comuna-13-y-teleferico-t528122/
Colombia;tierra-bomba-l236704;1283862;Cartagena Tours Vip Baru Isla Del Rosario Y Isla Tierra Bomba;https://www.getyourguide.com/es-es/tierra-bomba-l236704/cartagena-tours-vip-baru-isla-del-rosario-y-isla-tierra-bomba-t1283862/
Colombia;medellin-l1215;602089;Medellin Comuna 13 Guiada Por Locales Y Bocadillos;https://www.getyourguide.com/es-es/medellin-l1215/medellin-comuna-13-guiada-por-locales-y-bocadillos-t602089/
Colombia;cartagena-de-indias-l362;653867;Cartagena City Tour Bilingue Castillo De San Felipe Y Ciudad Vieja;https://www.getyourguide.com/es-es/cartagena-de-indias-l362/cartagena-city-tour-bilingue-castillo-de-san-felipe-y-ciudad-vieja-t653867/
Colombia;medellin-l1215;702606;Medellin Visita Guiada A Pie De Los Lugares Que No Te Puedes Perder;https://www.getyourguide.com/es-es/medellin-l1215/medellin-visita-guiada-a-pie-de-los-lugares-que-no-te-puedes-perder-t702606/
Colombia;santa-marta-l32129;748886;Parque Tayrona Cabo San Juan;https://www.getyourguide.com/es-es/santa-marta-l32129/parque-tayrona-cabo-san-juan-t748886/
Colombia;cali-colombia-l1213;409748;Cali Tour A Pie Por El Mercado De Frutas Con Degustaciones;https://www.getyourguide.com/es-es/cali-colombia-l1213/cali-tour-a-pie-por-el-mercado-de-frutas-con-degustaciones-t409748/
Colombia;minca-l176223;835483;Tours 3 Cascadas Y Taller De Cacao;https://www.getyourguide.com/es-es/minca-l176223/tours-3-cascadas-y-taller-de-cacao-t835483/
Colombia;cartagena-de-indias-l362;894500;Cartagena Excursion A Caballo Con Servicio De Recogida Del Hotel;https://www.getyourguide.com/es-es/cartagena-de-indias-l362/cartagena-excursion-a-caballo-con-servicio-de-recogida-del-hotel-t894500/
Colombia;san-basilio-de-palenque-l192796;903301;Palenque Tour De Tradiciones Y Culturas Africanas De Un Dia Con Almuerzo;https://www.getyourguide.com/es-es/san-basilio-de-palenque-l192796/palenque-tour-de-tradiciones-y-culturas-africanas-de-un-dia-con-almuerzo-t903301/
Colombia;medellin-l1215;697326;Desde Bogota Tour Privado Al Parque Tematico De Pablo Escobar;https://www.getyourguide.com/es-es/medellin-l1215/desde-bogota-tour-privado-al-parque-tematico-de-pablo-escobar-t697326/
Colombia;palomino-l183586;702036;Tour De 2 Dias Al Cabo De La Vela La Guajira;https://www.getyourguide.com/es-es/palomino-l183586/tour-de-2-dias-al-cabo-de-la-vela-la-guajira-t702036/
Colombia;santa-barbara-colombia-l240049;1098186;Medellin Tour En Quad Glamping Y Estancia En Una Finca Con Vistas;https://www.getyourguide.com/es-es/santa-barbara-colombia-l240049/medellin-tour-en-quad-glamping-y-estancia-en-una-finca-con-vistas-t1098186/
Colombia;medellin-l1215;751035;Parapente En Medellin Go Pro Incluido;https://www.getyourguide.com/es-es/medellin-l1215/parapente-en-medellin-go-pro-incluido-t751035/
Colombia;bucaramanga-l153985;1106911;Bucaramanga Tour 1 Dia A Embalse De Topocoro Saliendo Desde Bucaramanga;https://www.getyourguide.com/es-es/bucaramanga-l153985/bucaramanga-tour-1-dia-a-embalse-de-topocoro-saliendo-desde-bucaramanga-t1106911/
Colombia;cartagena-de-indias-l362;774412;Cartagena Citytour Cultural Convento De La Popa Y Paseo En Carroza;https://www.getyourguide.com/es-es/cartagena-de-indias-l362/cartagena-citytour-cultural-convento-de-la-popa-y-paseo-en-carroza-t774412/
Colombia;cartagena-de-indias-l362;1128672;Cartagena Nocturna Recorrido Historico Cena Tipica Degustacion De Dulces;https://www.getyourguide.com/es-es/cartagena-de-indias-l362/cartagena-nocturna-recorrido-historico-cena-tipica-degustacion-de-dulces-t1128672/
Colombia;alejandria-l213878;1169100;Ride Bmw Motorcycles Through Authentic Antioquia;https://www.getyourguide.com/es-es/alejandria-l213878/ride-bmw-motorcycles-through-authentic-antioquia-t1169100/
Colombia;cali-colombia-l1213;846412;Experiencia De Degustacion De Cafe En Cali;https://www.getyourguide.com/es-es/cali-colombia-l1213/experiencia-de-degustacion-de-cafe-en-cali-t846412/
Colombia;pasto-l101982;852490;Tour Cultura Y Naturaleza En Narino 4 Dias Y 3 Noches;https://www.getyourguide.com/es-es/pasto-l101982/tour-cultura-y-naturaleza-en-narino-4-dias-y-3-noches-t852490/
Colombia;minca-l176223;860188;Santa Marta Colibries Cacao Y Cascada En Minca Ctransfer;https://www.getyourguide.com/es-es/minca-l176223/santa-marta-colibries-cacao-y-cascada-en-minca-ctransfer-t860188/
Colombia;cali-colombia-l1213;1192915;Cali Visita Guiada A Planta De Tratamiento De Agua Potable La Reforma;https://www.getyourguide.com/es-es/cali-colombia-l1213/cali-visita-guiada-a-planta-de-tratamiento-de-agua-potable-la-reforma-t1192915/
Colombia;santa-marta-l32129;874818;Tour Gastronomico Con Degustacion De Comida Callejera;https://www.getyourguide.com/es-es/santa-marta-l32129/tour-gastronomico-con-degustacion-de-comida-callejera-t874818/
Colombia;medellin-l1215;1233497;Medellin Naturaleza Y Espacio Visita Al Jardin Botanico Y El Planetario;https://www.getyourguide.com/es-es/medellin-l1215/medellin-naturaleza-y-espacio-visita-al-jardin-botanico-y-el-planetario-t1233497/
Colombia;medellin-l1215;944443;Medellin Deporte Del Tejo Con Comida Y Bebida;https://www.getyourguide.com/es-es/medellin-l1215/medellin-deporte-del-tejo-con-comida-y-bebida-t944443/
Colombia;zipaquira-l131353;1241324;Bogota Visita Catedral De Sal Plaza Principal Cata De Cafe Y Esmeraldas;https://www.getyourguide.com/es-es/zipaquira-l131353/bogota-visita-catedral-de-sal-plaza-principal-cata-de-cafe-y-esmeraldas-t1241324/
Colombia;cartagena-de-indias-l362;1304346;Cartagena Tour A Pie 6 Opciones De Idioma;https://www.getyourguide.com/es-es/cartagena-de-indias-l362/cartagena-tour-a-pie-6-opciones-de-idioma-t1304346/
Colombia;envigado-l145246;1095674;Envigado Tour A Pie Por La Vida Y La Cultura Locales;https://www.getyourguide.com/es-es/envigado-l145246/envigado-tour-a-pie-por-la-vida-y-la-cultura-locales-t1095674/
Colombia;barranquilla-l95786;1118934;Barranquilla Rumbera Discoteca Rodante Desde Cartagena;https://www.getyourguide.com/es-es/barranquilla-l95786/barranquilla-rumbera-discoteca-rodante-desde-cartagena-t1118934/
Colombia;minca-l176223;1131925;Minca Taller De Chocolate Con Jungle Joe;https://www.getyourguide.com/es-es/minca-l176223/minca-taller-de-chocolate-con-jungle-joe-t1131925/
Colombia;cartagena-de-indias-l362;190083;Cartagena De Indias Crucero De 2 Horas Al Atardecer;https://www.getyourguide.com/es-es/cartagena-de-indias-l362/cartagena-de-indias-crucero-de-2-horas-al-atardecer-t190083/
Colombia;bogota-l361;240172;Desde Bogota Excursion De Un Dia A La Catedral De Sal Y El Lago Guatavita;https://www.getyourguide.com/es-es/bogota-l361/desde-bogota-excursion-de-un-dia-a-la-catedral-de-sal-y-el-lago-guatavita-t240172/
Colombia;salento-colombia-l32675;1164069;Salento Tour Por El Valle De Cocora Y Una Plantacion De Cafe Con Almuerzo;https://www.getyourguide.com/es-es/salento-colombia-l32675/salento-tour-por-el-valle-de-cocora-y-una-plantacion-de-cafe-con-almuerzo-t1164069/
Colombia;bogota-l361;411067;Bogota Excursion Al Parque Nacional Del Sumapaz;https://www.getyourguide.com/es-es/bogota-l361/bogota-excursion-al-parque-nacional-del-sumapaz-t411067/
Colombia;bogota-l361;439013;Bogota Visita Guiada A Las Esmeraldas Colombianas Con Entrada Al Museo;https://www.getyourguide.com/es-es/bogota-l361/bogota-visita-guiada-a-las-esmeraldas-colombianas-con-entrada-al-museo-t439013/
Colombia;medellin-l1215;1229444;Medellin Tour De Pablo Escobar Con Guia;https://www.getyourguide.com/es-es/medellin-l1215/medellin-tour-de-pablo-escobar-con-guia-t1229444/
Colombia;cartagena-de-indias-l362;481846;Visita Las Islas Del Rosario Disfruta En La Playa Encantada;https://www.getyourguide.com/es-es/cartagena-de-indias-l362/visita-las-islas-del-rosario-disfruta-en-la-playa-encantada-t481846/
Colombia;bogota-l361;497275;Bogota Tour Privado Catedral De Sal De Zipaquira Con Recogida;https://www.getyourguide.com/es-es/bogota-l361/bogota-tour-privado-catedral-de-sal-de-zipaquira-con-recogida-t497275/
Colombia;san-andres-colombia-l180220;1283824;San Andres Islas Bote 100 De Cristal Con Avistamientos De Barcos Hundidos;https://www.getyourguide.com/es-es/san-andres-colombia-l180220/san-andres-islas-bote-100-de-cristal-con-avistamientos-de-barcos-hundidos-t1283824/
Colombia;cartagena-de-indias-l362;581266;Nuevo Cartagena Y Getsemani Ruta De Descubrimiento En Segway;https://www.getyourguide.com/es-es/cartagena-de-indias-l362/nuevo-cartagena-y-getsemani-ruta-de-descubrimiento-en-segway-t581266/
Colombia;barranquilla-l95786;595746;Carnaval De Barranquilla Disfruta Del Desfile Desde Dentro;https://www.getyourguide.com/es-es/barranquilla-l95786/carnaval-de-barranquilla-disfruta-del-desfile-desde-dentro-t595746/
Colombia;cali-colombia-l1213;1316596;Cali Tour Gastronomico Por La Costa Del Pacifico Y Degustaciones En El Mercado De La Alameda;https://www.getyourguide.com/es-es/cali-colombia-l1213/cali-tour-gastronomico-por-la-costa-del-pacifico-y-degustaciones-en-el-mercado-de-la-alameda-t1316596/
Colombia;santa-marta-l32129;640809;Tour Privado Parque Tayrona Anna Lezah Capacidad Para 12 Personas;https://www.getyourguide.com/es-es/santa-marta-l32129/tour-privado-parque-tayrona-anna-lezah-capacidad-para-12-personas-t640809/
Colombia;cartagena-de-indias-l362;651463;Cartagena Transporte A La Isla De Baru Playa Blanca;https://www.getyourguide.com/es-es/cartagena-de-indias-l362/cartagena-transporte-a-la-isla-de-baru-playa-blanca-t651463/
Colombia;bogota-l361;1326311;Bogota Clase Magistral Sobre El Cacao Ancestral Y Las Semillas Sagradas;https://www.getyourguide.com/es-es/bogota-l361/bogota-clase-magistral-sobre-el-cacao-ancestral-y-las-semillas-sagradas-t1326311/
Colombia;medellin-l1215;151262;Medellin Tour Por Guatape Almuerzo Crucero Y Piedra Del Penol;https://www.getyourguide.com/es-es/medellin-l1215/medellin-tour-por-guatape-almuerzo-crucero-y-piedra-del-penol-t151262/
Colombia;medellin-l1215;383232;Medellin Museo De Antioquia;https://www.getyourguide.com/es-es/medellin-l1215/medellin-museo-de-antioquia-t383232/
Colombia;cali-colombia-l1213;409742;Cali Es Salsa Tour Con Mulato;https://www.getyourguide.com/es-es/cali-colombia-l1213/cali-es-salsa-tour-con-mulato-t409742/
Colombia;cartagena-de-indias-l362;887585;Cartagena Volcan Del Totumo Con Ticket De Acceso Y Traslado;https://www.getyourguide.com/es-es/cartagena-de-indias-l362/cartagena-volcan-del-totumo-con-ticket-de-acceso-y-traslado-t887585/
Colombia;envigado-l145246;453763;Tour Privado Pablo Escobar Dias Oscuros Y La Nueva Medellin;https://www.getyourguide.com/es-es/envigado-l145246/tour-privado-pablo-escobar-dias-oscuros-y-la-nueva-medellin-t453763/
Colombia;medellin-l1215;953609;Medellin Tour A Pie Guiado Por Las Ruinas Invisibles;https://www.getyourguide.com/es-es/medellin-l1215/medellin-tour-a-pie-guiado-por-las-ruinas-invisibles-t953609/
Colombia;cartagena-de-indias-l362;492790;Cartagena Excursion Premium 5 Islas Con Almuerzo Y Snorkel;https://www.getyourguide.com/es-es/cartagena-de-indias-l362/cartagena-excursion-premium-5-islas-con-almuerzo-y-snorkel-t492790/
Colombia;neiva-l153229;566008;Excursion De 3 Dias Al Desierto De La Tatacoa Y Villavieja;https://www.getyourguide.com/es-es/neiva-l153229/excursion-de-3-dias-al-desierto-de-la-tatacoa-y-villavieja-t566008/
Colombia;cartagena-de-indias-l362;611395;Cata De Tequila Y Mezcal;https://www.getyourguide.com/es-es/cartagena-de-indias-l362/cata-de-tequila-y-mezcal-t611395/
Colombia;cartagena-de-indias-l362;668091;Cartagena Tour Por La Bahia Al Atardecer Con Dj Bebidas Y Discoteca;https://www.getyourguide.com/es-es/cartagena-de-indias-l362/cartagena-tour-por-la-bahia-al-atardecer-con-dj-bebidas-y-discoteca-t668091/
Colombia;san-andres-colombia-l180220;1164057;Vuelo Sobre Mar De 7 Colores Parasail San Andres Go Pro Camara Incluida;https://www.getyourguide.com/es-es/san-andres-colombia-l180220/vuelo-sobre-mar-de-7-colores-parasail-san-andres-go-pro-camara-incluida-t1164057/
Colombia;cartagena-de-indias-l362;764621;Cartagena Atardecer O Plan Nocturno En La Bahia Con Barra Libre;https://www.getyourguide.com/es-es/cartagena-de-indias-l362/cartagena-atardecer-o-plan-nocturno-en-la-bahia-con-barra-libre-t764621/
Colombia;medellin-l1215;1187292;Medellin Visita A La Finca Cafetera Santa Barbara Antioquia Compartido;https://www.getyourguide.com/es-es/medellin-l1215/medellin-visita-a-la-finca-cafetera-santa-barbara-antioquia-compartido-t1187292/
Colombia;san-felix-l191151;1217521;Medellin Experiencia De Parapente Con Traslado;https://www.getyourguide.com/es-es/san-felix-l191151/medellin-experiencia-de-parapente-con-traslado-t1217521/
Colombia;cartagena-de-indias-l362;847715;Cartagena Atardecer En Barco Por La Bahia Con Bar Abierto Y Show Musical;https://www.getyourguide.com/es-es/cartagena-de-indias-l362/cartagena-atardecer-en-barco-por-la-bahia-con-bar-abierto-y-show-musical-t847715/
Colombia;cartagena-de-indias-l362;1234794;Tour Bahia De Cartagena Barra Libre Bote Deportivo Y Traslado Incluido;https://www.getyourguide.com/es-es/cartagena-de-indias-l362/tour-bahia-de-cartagena-barra-libre-bote-deportivo-y-traslado-incluido-t1234794/
Colombia;cartagena-de-indias-l362;932726;Cartagena Jetski 30 Or 60 Minutes;https://www.getyourguide.com/es-es/cartagena-de-indias-l362/cartagena-jetski-30-or-60-minutes-t932726/
Colombia;pereira-l32650;980481;Tour Cordillera En Jeep Willys Con Finca Cafetera;https://www.getyourguide.com/es-es/pereira-l32650/tour-cordillera-en-jeep-willys-con-finca-cafetera-t980481/
Colombia;bogota-l361;988484;Desde Bogota La Tirolina Mas Alta De Colombia;https://www.getyourguide.com/es-es/bogota-l361/desde-bogota-la-tirolina-mas-alta-de-colombia-t988484/
Colombia;manizales-l126418;1322605;City Tour En Manizales Y Aguas Termales;https://www.getyourguide.com/es-es/manizales-l126418/city-tour-en-manizales-y-aguas-termales-t1322605/
Colombia;cartagena-de-indias-l362;1118394;Cartagena Clase De Salsa Y Ruta De Bares Con Bebidas;https://www.getyourguide.com/es-es/cartagena-de-indias-l362/cartagena-clase-de-salsa-y-ruta-de-bares-con-bebidas-t1118394/
Colombia;medellin-l1215;399570;Medellin Visita Al Mercado Local Con Degustacion De Frutas Exoticas;https://www.getyourguide.com/es-es/medellin-l1215/medellin-visita-al-mercado-local-con-degustacion-de-frutas-exoticas-t399570/
Colombia;medellin-l1215;1193151;Medellin Tour De Grafitis Por Las Constelaciones De La Comuna 3;https://www.getyourguide.com/es-es/medellin-l1215/medellin-tour-de-grafitis-por-las-constelaciones-de-la-comuna-3-t1193151/
Colombia;cartagena-de-indias-l362;436403;Clase De Cocina Gourmet En Cartagena Por Lunatico Experience;https://www.getyourguide.com/es-es/cartagena-de-indias-l362/clase-de-cocina-gourmet-en-cartagena-por-lunatico-experience-t436403/
Colombia;buenaventura-l152511;472936;Avistamiento De Ballenas En La Costa Del Pacifico Jul 15 Oct 15;https://www.getyourguide.com/es-es/buenaventura-l152511/avistamiento-de-ballenas-en-la-costa-del-pacifico-jul-15-oct-15-t472936/
Colombia;cartagena-de-indias-l362;563923;Degustacion De Comida Callejera Y Tour Completo De La Ciudad Con Guia Profesional Con Licencia;https://www.getyourguide.com/es-es/cartagena-de-indias-l362/degustacion-de-comida-callejera-y-tour-completo-de-la-ciudad-con-guia-profesional-con-licencia-t563923/
Colombia;filandia-l222422;1283802;Filandia Tour Del Mono Aullador;https://www.getyourguide.com/es-es/filandia-l222422/filandia-tour-del-mono-aullador-t1283802/
Colombia;bogota-l361;71509;Parapente Desde Bogota;https://www.getyourguide.com/es-es/bogota-l361/parapente-desde-bogota-t71509/
Colombia;santa-marta-l32129;775463;Desde Santa Marta Excursion A La Playa De Sisiguaca Con Snorkel;https://www.getyourguide.com/es-es/santa-marta-l32129/desde-santa-marta-excursion-a-la-playa-de-sisiguaca-con-snorkel-t775463/
Colombia;medellin-l1215;804279;Escapate De Medellin Senderismo A Hermosa Y Gigante Cascada En Cisneros;https://www.getyourguide.com/es-es/medellin-l1215/escapate-de-medellin-senderismo-a-hermosa-y-gigante-cascada-en-cisneros-t804279/
Colombia;cartagena-de-indias-l362;401509;Cartagena Gabriel Garcia Marquez Tour Literario A Pie;https://www.getyourguide.com/es-es/cartagena-de-indias-l362/cartagena-gabriel-garcia-marquez-tour-literario-a-pie-t401509/
Colombia;salento-colombia-l32675;515938;Salento Cocora Cabalgata Desde Pereira O Armenia;https://www.getyourguide.com/es-es/salento-colombia-l32675/salento-cocora-cabalgata-desde-pereira-o-armenia-t515938/
Colombia;cartagena-de-indias-l362;1042933;Un Viaje Sensorial A Traves De La Historia Del Chocolate;https://www.getyourguide.com/es-es/cartagena-de-indias-l362/un-viaje-sensorial-a-traves-de-la-historia-del-chocolate-t1042933/
Colombia;medellin-l1215;1077539;Medellin Pueblos Magicos Pueblos Tradicionales Y Restaurante De Maluma;https://www.getyourguide.com/es-es/medellin-l1215/medellin-pueblos-magicos-pueblos-tradicionales-y-restaurante-de-maluma-t1077539/
Colombia;cartagena-de-indias-l362;652255;Cartagena Pase De Un Dia En Makani Luxury Tierra Bomba;https://www.getyourguide.com/es-es/cartagena-de-indias-l362/cartagena-pase-de-un-dia-en-makani-luxury-tierra-bomba-t652255/
Colombia;taganga-l129198;1100695;Curso Padi En Aguas Abiertas En Taganga Y Tayrona;https://www.getyourguide.com/es-es/taganga-l129198/curso-padi-en-aguas-abiertas-en-taganga-y-tayrona-t1100695/
Colombia;cartagena-de-indias-l362;763588;Cartagena Visita 4 Islas En Lancha Motora Y Plancton;https://www.getyourguide.com/es-es/cartagena-de-indias-l362/cartagena-visita-4-islas-en-lancha-motora-y-plancton-t763588/
Colombia;itagui-l152296;785369;Medellin Tour Amanecida Jardin Con Visita A Betania 2 Dias Y 1 Noche;https://www.getyourguide.com/es-es/itagui-l152296/medellin-tour-amanecida-jardin-con-visita-a-betania-2-dias-y-1-noche-t785369/
Colombia;santa-marta-l32129;789268;Traslado En Playa Cinto Playa Cristal;https://www.getyourguide.com/es-es/santa-marta-l32129/traslado-en-playa-cinto-playa-cristal-t789268/
Colombia;sesquile-l143730;1214478;Leyenda De Guatavita El Dorado Y Sus Misterios;https://www.getyourguide.com/es-es/sesquile-l143730/leyenda-de-guatavita-el-dorado-y-sus-misterios-t1214478/
Colombia;calarca-l227045;1270173;Calarca Expedicion Privada En Bicicleta De 4 Dias Por La Region Cafetera;https://www.getyourguide.com/es-es/calarca-l227045/calarca-expedicion-privada-en-bicicleta-de-4-dias-por-la-region-cafetera-t1270173/
Colombia;guatape-l114702;1288891;Guatape El Penol Protocolo De Lujo Y Navegacion Privada;https://www.getyourguide.com/es-es/guatape-l114702/guatape-el-penol-protocolo-de-lujo-y-navegacion-privada-t1288891/
Colombia;bogota-l361;97443;Excursion A La Catedral De Sal Y A La Laguna De Guatavita;https://www.getyourguide.com/es-es/bogota-l361/excursion-a-la-catedral-de-sal-y-a-la-laguna-de-guatavita-t97443/
Colombia;purace-coconuco-l222407;1102427;Purace Senderismo Entre Cascadas Y Montanas;https://www.getyourguide.com/es-es/purace-coconuco-l222407/purace-senderismo-entre-cascadas-y-montanas-t1102427/
Colombia;medellin-l1215;1112006;Tour Experiencial En Guatape Naturaleza Cultura Y Paseo Nautico Con Guia;https://www.getyourguide.com/es-es/medellin-l1215/tour-experiencial-en-guatape-naturaleza-cultura-y-paseo-nautico-con-guia-t1112006/
Colombia;cartagena-de-indias-l362;222246;Manglares Pesca Cultural Ciudad Del Patrimonio Negro Y Almuerzo;https://www.getyourguide.com/es-es/cartagena-de-indias-l362/manglares-pesca-cultural-ciudad-del-patrimonio-negro-y-almuerzo-t222246/
Colombia;medellin-l1215;339511;Desde Medellin Vuelo En Parapente Y Excursion A Guatape;https://www.getyourguide.com/es-es/medellin-l1215/desde-medellin-vuelo-en-parapente-y-excursion-a-guatape-t339511/
Colombia;villa-de-leyva-l2951;1183577;Excursion Villa De Leyva Y Pueblos Historicos Ubate Chiquinquira Y Raquira;https://www.getyourguide.com/es-es/villa-de-leyva-l2951/excursion-villa-de-leyva-y-pueblos-historicos-ubate-chiquinquira-y-raquira-t1183577/
Colombia;medellin-l1215;1201212;Medellin Tour Gastronomico Por San Francisco Con Degustaciones Y Ruta De Senderismo;https://www.getyourguide.com/es-es/medellin-l1215/medellin-tour-gastronomico-por-san-francisco-con-degustaciones-y-ruta-de-senderismo-t1201212/
Colombia;bogota-l361;1261689;Bogota Tour De La Ciudad Museo Del Oro Cerro De Monserrate Y Museos Opcionales;https://www.getyourguide.com/es-es/bogota-l361/bogota-tour-de-la-ciudad-museo-del-oro-cerro-de-monserrate-y-museos-opcionales-t1261689/
Colombia;guatavita-l126403;567827;Aventura En Quad Caminos De Tierra Petroglifos Y Chimeneas De Hadas;https://www.getyourguide.com/es-es/guatavita-l126403/aventura-en-quad-caminos-de-tierra-petroglifos-y-chimeneas-de-hadas-t567827/
Colombia;santa-marta-l32129;1299741;Taganga Alquiler De Kayak En Playa Grande Con Guia De Seguridad;https://www.getyourguide.com/es-es/santa-marta-l32129/taganga-alquiler-de-kayak-en-playa-grande-con-guia-de-seguridad-t1299741/
Colombia;leticia-l176618;1308283;Amazonas 4 Dias En Puerto Narino Y Leticia Selva Kayak Y Comunidades;https://www.getyourguide.com/es-es/leticia-l176618/amazonas-4-dias-en-puerto-narino-y-leticia-selva-kayak-y-comunidades-t1308283/
Colombia;manizales-l126418;1326634;Manizales Tour Senderos De Vida Y Mariposas;https://www.getyourguide.com/es-es/manizales-l126418/manizales-tour-senderos-de-vida-y-mariposas-t1326634/
Colombia;villa-de-leyva-l2951;646918;Desde Bogota Excursion A Villa De Leyva Y Raquira;https://www.getyourguide.com/es-es/villa-de-leyva-l2951/desde-bogota-excursion-a-villa-de-leyva-y-raquira-t646918/
Colombia;fusagasuga-l143739;358350;Bogota Tour Del Cafe Colombiano Con Salida Diaria Desde La Finca;https://www.getyourguide.com/es-es/fusagasuga-l143739/bogota-tour-del-cafe-colombiano-con-salida-diaria-desde-la-finca-t358350/
Colombia;bogota-l361;415924;Bogota Recorrido Turistico En Bicicleta Por El Centro De La Ciudad Con Degustacion Gastronomica;https://www.getyourguide.com/es-es/bogota-l361/bogota-recorrido-turistico-en-bicicleta-por-el-centro-de-la-ciudad-con-degustacion-gastronomica-t415924/
Colombia;san-andres-colombia-l180220;817206;San Andres Vuelta A La Isla En Chiva Hoyo Soplador;https://www.getyourguide.com/es-es/san-andres-colombia-l180220/san-andres-vuelta-a-la-isla-en-chiva-hoyo-soplador-t817206/
Colombia;santa-marta-l32129;451239;Desde Santa Marta Visita Guiada Al Parque Nacional Tayrona;https://www.getyourguide.com/es-es/santa-marta-l32129/desde-santa-marta-visita-guiada-al-parque-nacional-tayrona-t451239/
Colombia;cartagena-de-indias-l362;846189;Cartagena Rosario De Mar Uso Diurno Con Almuerzo Y Copa De Bienvenida;https://www.getyourguide.com/es-es/cartagena-de-indias-l362/cartagena-rosario-de-mar-uso-diurno-con-almuerzo-y-copa-de-bienvenida-t846189/
Colombia;cartagena-de-indias-l362;573656;Cartagena Plan Al Atardecer En Yate Con Barra Libre Y Dj A Bordo;https://www.getyourguide.com/es-es/cartagena-de-indias-l362/cartagena-plan-al-atardecer-en-yate-con-barra-libre-y-dj-a-bordo-t573656/
Colombia;bogota-l361;950110;Bogota Ceramica Artesanal Vino Experiencia Sensorial;https://www.getyourguide.com/es-es/bogota-l361/bogota-ceramica-artesanal-vino-experiencia-sensorial-t950110/
Colombia;medellin-l1215;692258;Vuelo En Ala Delta Medellin;https://www.getyourguide.com/es-es/medellin-l1215/vuelo-en-ala-delta-medellin-t692258/
Colombia;baru-l120985;722237;Cartagena Dia Completo En Playa Tranquila Con Instalaciones Y Almuerzo;https://www.getyourguide.com/es-es/baru-l120985/cartagena-dia-completo-en-playa-tranquila-con-instalaciones-y-almuerzo-t722237/
Colombia;guatape-l114702;739863;Desde Guatape Mansion De Pablo Escobar Paintball Y Paseo En Barco;https://www.getyourguide.com/es-es/guatape-l114702/desde-guatape-mansion-de-pablo-escobar-paintball-y-paseo-en-barco-t739863/
Colombia;baru-l120985;1099096;Cartagena Tour Por Las Islas Del Rosario Con Plancton Bioluminiscente;https://www.getyourguide.com/es-es/baru-l120985/cartagena-tour-por-las-islas-del-rosario-con-plancton-bioluminiscente-t1099096/
Colombia;guatavita-l126403;774003;Bogota Excursion A Guatavita Y Visita A La Laguna De Guatavita;https://www.getyourguide.com/es-es/guatavita-l126403/bogota-excursion-a-guatavita-y-visita-a-la-laguna-de-guatavita-t774003/
Colombia;medellin-l1215;828040;Medellin Excursion De Un Dia A Una Finca Cafetera;https://www.getyourguide.com/es-es/medellin-l1215/medellin-excursion-de-un-dia-a-una-finca-cafetera-t828040/
Colombia;medellin-l1215;892744;Medellin Comuna 13 Tour Con Snacks Y Guia Local;https://www.getyourguide.com/es-es/medellin-l1215/medellin-comuna-13-tour-con-snacks-y-guia-local-t892744/
Colombia;bogota-l361;1207373;Bogota Tour Por Las Mejores Fiestas De La Zona T;https://www.getyourguide.com/es-es/bogota-l361/bogota-tour-por-las-mejores-fiestas-de-la-zona-t-t1207373/
Colombia;cartagena-de-indias-l362;918655;Cartagena Tour Vip A Las 5 Islas Del Rosario Con Plankton Plan;https://www.getyourguide.com/es-es/cartagena-de-indias-l362/cartagena-tour-vip-a-las-5-islas-del-rosario-con-plankton-plan-t918655/
Colombia;envigado-l145246;963191;Medellin Excursion De Un Dia A Pablo Escobar;https://www.getyourguide.com/es-es/envigado-l145246/medellin-excursion-de-un-dia-a-pablo-escobar-t963191/
Colombia;bogota-l361;1274136;City Tour Por Bogota Sumerce Con Visita Al Cerro De Monserrate;https://www.getyourguide.com/es-es/bogota-l361/city-tour-por-bogota-sumerce-con-visita-al-cerro-de-monserrate-t1274136/
Colombia;cartagena-de-indias-l362;1286017;City Tour Por Cartagena Historia Cultura Y Encanto Del Caribe;https://www.getyourguide.com/es-es/cartagena-de-indias-l362/city-tour-por-cartagena-historia-cultura-y-encanto-del-caribe-t1286017/
Colombia;cartagena-de-indias-l362;1286789;Islas Del Rosario Cartagena Tour Inmersion Doble Para Buzos Certificados;https://www.getyourguide.com/es-es/cartagena-de-indias-l362/islas-del-rosario-cartagena-tour-inmersion-doble-para-buzos-certificados-t1286789/
Colombia;bogota-l361;1123742;Bogota Taller De Reposteria Colombiana Raices Del Sabor;https://www.getyourguide.com/es-es/bogota-l361/bogota-taller-de-reposteria-colombiana-raices-del-sabor-t1123742/
Colombia;cali-colombia-l1213;1243401;Desde Cali Tour De 2 Dias En Moto Por El Valle Del Cauca Todo Incluido;https://www.getyourguide.com/es-es/cali-colombia-l1213/desde-cali-tour-de-2-dias-en-moto-por-el-valle-del-cauca-todo-incluido-t1243401/
Colombia;cartagena-de-indias-l362;450296;Ruta En Quad Por Cartagena;https://www.getyourguide.com/es-es/cartagena-de-indias-l362/ruta-en-quad-por-cartagena-t450296/
Colombia;bogota-l361;453844;Bogota Tour Cultural En Scooter Electrico La Candelaria;https://www.getyourguide.com/es-es/bogota-l361/bogota-tour-cultural-en-scooter-electrico-la-candelaria-t453844/
Colombia;pasto-l101982;1254274;Narino Caminemos Por La Ciudad Sorpresa De Colombia;https://www.getyourguide.com/es-es/pasto-l101982/narino-caminemos-por-la-ciudad-sorpresa-de-colombia-t1254274/
Colombia;cartagena-de-indias-l362;1261854;Cartagena Pase De Un Dia A Las Islas Del Rosario Y Cena Por La Noche;https://www.getyourguide.com/es-es/cartagena-de-indias-l362/cartagena-pase-de-un-dia-a-las-islas-del-rosario-y-cena-por-la-noche-t1261854/
Colombia;cartagena-de-indias-l362;507139;Recorridos 5 Islas De Cartagena;https://www.getyourguide.com/es-es/cartagena-de-indias-l362/recorridos-5-islas-de-cartagena-t507139/
Colombia;medellin-l1215;512331;Tour Pablo Escobar;https://www.getyourguide.com/es-es/medellin-l1215/tour-pablo-escobar-t512331/
Colombia;bogota-l361;514306;Bogota City Tour Por 5 Horas;https://www.getyourguide.com/es-es/bogota-l361/bogota-city-tour-por-5-horas-t514306/
Colombia;cartagena-de-indias-l362;542844;Volcan De Barro Con Comida Piscina Y Playa;https://www.getyourguide.com/es-es/cartagena-de-indias-l362/volcan-de-barro-con-comida-piscina-y-playa-t542844/
Colombia;cartagena-de-indias-l362;556106;Tour A Pie Por Cartagena Descubre La Historia Y La Cultura;https://www.getyourguide.com/es-es/cartagena-de-indias-l362/tour-a-pie-por-cartagena-descubre-la-historia-y-la-cultura-t556106/
Colombia;santa-marta-l32129;596828;Desde Santa Marta Paseo En Velero Al Atardecer Con 2 Bebidas;https://www.getyourguide.com/es-es/santa-marta-l32129/desde-santa-marta-paseo-en-velero-al-atardecer-con-2-bebidas-t596828/
Colombia;barranquilla-l95786;637276;Santa Marta Desde O Hacia Barranquilla Traslado Privado;https://www.getyourguide.com/es-es/barranquilla-l95786/santa-marta-desde-o-hacia-barranquilla-traslado-privado-t637276/
Colombia;baru-l120985;775578;Cartagena Tour Vip A Playa Tranquila Con Snorkel Plancton Luminoso;https://www.getyourguide.com/es-es/baru-l120985/cartagena-tour-vip-a-playa-tranquila-con-snorkel-plancton-luminoso-t775578/
Colombia;cali-colombia-l1213;409741;Cali Descubre Lo Mas Destacado De La Ciudad De Cali Y Su Bebida Local;https://www.getyourguide.com/es-es/cali-colombia-l1213/cali-descubre-lo-mas-destacado-de-la-ciudad-de-cali-y-su-bebida-local-t409741/
Colombia;cartagena-de-indias-l362;803957;Cartagena Recorrido Por La Libertad De San Basilio De Palenque;https://www.getyourguide.com/es-es/cartagena-de-indias-l362/cartagena-recorrido-por-la-libertad-de-san-basilio-de-palenque-t803957/
Colombia;salento-colombia-l32675;821504;Tour De Cafe En Finca El Ocaso Salento Finca Tradicional Espanol;https://www.getyourguide.com/es-es/salento-colombia-l32675/tour-de-cafe-en-finca-el-ocaso-salento-finca-tradicional-espanol-t821504/
Colombia;cali-colombia-l1213;437123;Clo Aeropuerto Internacional De Cali Acceso Sala Avianca;https://www.getyourguide.com/es-es/cali-colombia-l1213/clo-aeropuerto-internacional-de-cali-acceso-sala-avianca-t437123/
Colombia;san-agustin-colombia-l131748;877087;San Agustin Excursion Al Parque Arqueologico Patrimonio Historico;https://www.getyourguide.com/es-es/san-agustin-colombia-l131748/san-agustin-excursion-al-parque-arqueologico-patrimonio-historico-t877087/
Colombia;bogota-l361;514352;Desde Bogota Tour Por El Cafetal Y El Salto Del Tequendama;https://www.getyourguide.com/es-es/bogota-l361/desde-bogota-tour-por-el-cafetal-y-el-salto-del-tequendama-t514352/
Colombia;medellin-l1215;518636;Tour Urbano Del Cafe En Barrio La Sierra;https://www.getyourguide.com/es-es/medellin-l1215/tour-urbano-del-cafe-en-barrio-la-sierra-t518636/
Colombia;bogota-l361;930001;Bogota Clase De Cocina Con Visita Al Mercado Y Almuerzo;https://www.getyourguide.com/es-es/bogota-l361/bogota-clase-de-cocina-con-visita-al-mercado-y-almuerzo-t930001/
Colombia;cartagena-de-indias-l362;558521;Transporte Privado Desde Cartagena A Barranquilla;https://www.getyourguide.com/es-es/cartagena-de-indias-l362/transporte-privado-desde-cartagena-a-barranquilla-t558521/
Colombia;cartagena-de-indias-l362;651322;Cartagena Entrada Al Aviario Con Traslado Incluido;https://www.getyourguide.com/es-es/cartagena-de-indias-l362/cartagena-entrada-al-aviario-con-traslado-incluido-t651322/
Colombia;medellin-l1215;806463;Medellin Pablo Escobar Tour Cerveza Local Incluida Museo Escobar;https://www.getyourguide.com/es-es/medellin-l1215/medellin-pablo-escobar-tour-cerveza-local-incluida-museo-escobar-t806463/
Colombia;cartagena-de-indias-l362;1200118;Cartagena Tour En Lancha Motora A Las Islas Del Rosario Con Almuerzo;https://www.getyourguide.com/es-es/cartagena-de-indias-l362/cartagena-tour-en-lancha-motora-a-las-islas-del-rosario-con-almuerzo-t1200118/
Colombia;cocorna-l143689;953695;Medellin Dia De Sol El Encanto De Cocorna;https://www.getyourguide.com/es-es/cocorna-l143689/medellin-dia-de-sol-el-encanto-de-cocorna-t953695/
Colombia;medellin-l1215;429773;Medellin Una Noche En Un Glamping Y Spa En Una Finca Cafetera;https://www.getyourguide.com/es-es/medellin-l1215/medellin-una-noche-en-un-glamping-y-spa-en-una-finca-cafetera-t429773/
Colombia;bogota-l361;1225601;Bogota Tour Por Villa De Leyva Raquira Y Pueblito De Barro;https://www.getyourguide.com/es-es/bogota-l361/bogota-tour-por-villa-de-leyva-raquira-y-pueblito-de-barro-t1225601/
Colombia;santa-marta-l32129;1272688;Santa Marta Tour Por Aracataca El Macondo De Gabriel Garcia Marquez;https://www.getyourguide.com/es-es/santa-marta-l32129/santa-marta-tour-por-aracataca-el-macondo-de-gabriel-garcia-marquez-t1272688/
Colombia;santa-marta-l32129;507215;Sanrta Marta Playa Blanca Con Almuerzo Pasadia;https://www.getyourguide.com/es-es/santa-marta-l32129/sanrta-marta-playa-blanca-con-almuerzo-pasadia-t507215/
Colombia;cartagena-de-indias-l362;563516;Cartagena Navega Por Los Manglares De Cartagena;https://www.getyourguide.com/es-es/cartagena-de-indias-l362/cartagena-navega-por-los-manglares-de-cartagena-t563516/
Colombia;cali-colombia-l1213;1325026;Cali Monumento A Cristo Rey Con Traslado;https://www.getyourguide.com/es-es/cali-colombia-l1213/cali-monumento-a-cristo-rey-con-traslado-t1325026/
Colombia;medellin-l1215;419792;Excursion A La Roca De Guatape Y El Penol Privada O Compartida;https://www.getyourguide.com/es-es/medellin-l1215/excursion-a-la-roca-de-guatape-y-el-penol-privada-o-compartida-t419792/
Colombia;bogota-l361;875063;Tour Por La Ciudad De Bogota Saliendo Desde El Aeropuerto El Dorado;https://www.getyourguide.com/es-es/bogota-l361/tour-por-la-ciudad-de-bogota-saliendo-desde-el-aeropuerto-el-dorado-t875063/
Colombia;cartagena-de-indias-l362;876440;Cartagena Tour En Barco Autoguiado Con Mapa;https://www.getyourguide.com/es-es/cartagena-de-indias-l362/cartagena-tour-en-barco-autoguiado-con-mapa-t876440/
Colombia;medellin-l1215;932871;Medellin Tour Guiado Con Un Local Y Transporte En Coche;https://www.getyourguide.com/es-es/medellin-l1215/medellin-tour-guiado-con-un-local-y-transporte-en-coche-t932871/
Colombia;manizales-l126418;963227;Manizales Cena Tematica En Avion Mirador Chipre;https://www.getyourguide.com/es-es/manizales-l126418/manizales-cena-tematica-en-avion-mirador-chipre-t963227/
Colombia;palmitas-l215827;971211;Medellin Experiencia De Cafe Y Abejas Nativas;https://www.getyourguide.com/es-es/palmitas-l215827/medellin-experiencia-de-cafe-y-abejas-nativas-t971211/
Colombia;villa-de-leyva-l2951;1048624;Pintura Con Tierra De Colores De Boyoca;https://www.getyourguide.com/es-es/villa-de-leyva-l2951/pintura-con-tierra-de-colores-de-boyoca-t1048624/
Colombia;salento-colombia-l32675;1091096;Salento Finca Cafetera Cascada Y Recorrido En Bicicleta Con Almuerzo;https://www.getyourguide.com/es-es/salento-colombia-l32675/salento-finca-cafetera-cascada-y-recorrido-en-bicicleta-con-almuerzo-t1091096/
Colombia;pereira-l32650;782060;Pereiraarmenia Full Day Privado Al Parque Recuca Almuerzo Individual;https://www.getyourguide.com/es-es/pereira-l32650/pereiraarmenia-full-day-privado-al-parque-recuca-almuerzo-individual-t782060/
Colombia;cartagena-de-indias-l362;791170;Cartagena Inmersion Doble Matinal;https://www.getyourguide.com/es-es/cartagena-de-indias-l362/cartagena-inmersion-doble-matinal-t791170/
Colombia;san-andres-colombia-l180220;817140;San Andres Traslado En Lancha Cayo Johnny Cay;https://www.getyourguide.com/es-es/san-andres-colombia-l180220/san-andres-traslado-en-lancha-cayo-johnny-cay-t817140/
Colombia;pereira-l32650;1144348;Pereira Experiencia Cafetera Con Cata Y Recogida En El Hotel;https://www.getyourguide.com/es-es/pereira-l32650/pereira-experiencia-cafetera-con-cata-y-recogida-en-el-hotel-t1144348/
Colombia;puerto-colombia-l126453;856058;Conoce Algunos Lugares Mas Relevante Del Atlantico;https://www.getyourguide.com/es-es/puerto-colombia-l126453/conoce-algunos-lugares-mas-relevante-del-atlantico-t856058/
Colombia;tolu-l235725;1195529;Tolu Pasadia Hotel Isla Palma Con Piscina Y Playa Salida Desde Tolu;https://www.getyourguide.com/es-es/tolu-l235725/tolu-pasadia-hotel-isla-palma-con-piscina-y-playa-salida-desde-tolu-t1195529/
Colombia;cartagena-de-indias-l362;901800;Cartagena Mas Alla Del Mercado De Bazurto Visita Guiada Con Almuerzo;https://www.getyourguide.com/es-es/cartagena-de-indias-l362/cartagena-mas-alla-del-mercado-de-bazurto-visita-guiada-con-almuerzo-t901800/
Colombia;leticia-l176618;923905;Desde Leticia Trekking Por La Selva Amazonica Con Visita A Una Aldea Indigena;https://www.getyourguide.com/es-es/leticia-l176618/desde-leticia-trekking-por-la-selva-amazonica-con-visita-a-una-aldea-indigena-t923905/
Colombia;medellin-l1215;933814;Medellin Asombrosa Reserva Natural De Arvi;https://www.getyourguide.com/es-es/medellin-l1215/medellin-asombrosa-reserva-natural-de-arvi-t933814/
Colombia;cartagena-de-indias-l362;962124;Cartagena Viaje Nocturno En Catamaran A Las Islas Del Rosario;https://www.getyourguide.com/es-es/cartagena-de-indias-l362/cartagena-viaje-nocturno-en-catamaran-a-las-islas-del-rosario-t962124/
Colombia;guane-l209943;1088191;Hiking Guane La Fuente Aventura En El Bosque Seco Tropical;https://www.getyourguide.com/es-es/guane-l209943/hiking-guane-la-fuente-aventura-en-el-bosque-seco-tropical-t1088191/
Colombia;guatape-l114702;1104057;Guatape Alquiler De Motos De Agua Con Vistas A La Piedra Del Penol;https://www.getyourguide.com/es-es/guatape-l114702/guatape-alquiler-de-motos-de-agua-con-vistas-a-la-piedra-del-penol-t1104057/
Colombia;pasto-l101982;1220222;;https://www.getyourguide.com/es-es/pasto-l101982/-t1220222/
Colombia;medellin-l1215;1237420;Medellin Tour De La Ciudad En Autobus Panoramico Con Guia;https://www.getyourguide.com/es-es/medellin-l1215/medellin-tour-de-la-ciudad-en-autobus-panoramico-con-guia-t1237420/
Colombia;guatape-l114702;528260;Paseo En Lancha De Lujo Guatape;https://www.getyourguide.com/es-es/guatape-l114702/paseo-en-lancha-de-lujo-guatape-t528260/
Colombia;cartagena-de-indias-l362;551000;Visita San Basilio De Palenque Con Una Mujer Nativa;https://www.getyourguide.com/es-es/cartagena-de-indias-l362/visita-san-basilio-de-palenque-con-una-mujer-nativa-t551000/
Colombia;barranquilla-l95786;725419;Tour A Pie Por El Ecoparque De Mallorca;https://www.getyourguide.com/es-es/barranquilla-l95786/tour-a-pie-por-el-ecoparque-de-mallorca-t725419/
Colombia;san-andres-colombia-l180220;435405;Excursion Marine Safari Los 7 Colores Del Mar En San Andres;https://www.getyourguide.com/es-es/san-andres-colombia-l180220/excursion-marine-safari-los-7-colores-del-mar-en-san-andres-t435405/
Colombia;bogota-l361;455286;Tour Del Cafe En Bogota;https://www.getyourguide.com/es-es/bogota-l361/tour-del-cafe-en-bogota-t455286/
Colombia;santa-rosa-de-cabal-l136683;850746;Pereira Dia De Trekking Hasta Llegar A Cascada Almuerzo Y Cafe Montanero;https://www.getyourguide.com/es-es/santa-rosa-de-cabal-l136683/pereira-dia-de-trekking-hasta-llegar-a-cascada-almuerzo-y-cafe-montanero-t850746/
Colombia;jardin-l147774;862901;Desde Medellin Jardin Coffee Tour Opcional Paseos A Caballo;https://www.getyourguide.com/es-es/jardin-l147774/desde-medellin-jardin-coffee-tour-opcional-paseos-a-caballo-t862901/
Colombia;el-penol-l145060;524288;Tour Guatape Yate De Lujo Y Escalada A La Piedra Del Penol;https://www.getyourguide.com/es-es/el-penol-l145060/tour-guatape-yate-de-lujo-y-escalada-a-la-piedra-del-penol-t524288/
Colombia;medellin-l1215;957948;Medellin Tour De Medio Dia Sobre Pablo Escobar Y La Comuna 13;https://www.getyourguide.com/es-es/medellin-l1215/medellin-tour-de-medio-dia-sobre-pablo-escobar-y-la-comuna-13-t957948/
Colombia;medellin-l1215;678400;Medellin Comuna 13 Guias Locales Bocadillos Y Tu Propio Graffiti;https://www.getyourguide.com/es-es/medellin-l1215/medellin-comuna-13-guias-locales-bocadillos-y-tu-propio-graffiti-t678400/
Colombia;medellin-l1215;939885;Medellin Tour De Luces Navidenas;https://www.getyourguide.com/es-es/medellin-l1215/medellin-tour-de-luces-navidenas-t939885/
Colombia;cartagena-de-indias-l362;1222750;Cartagena Castillo De San Felipe Clase De Salsa Y Chocolate;https://www.getyourguide.com/es-es/cartagena-de-indias-l362/cartagena-castillo-de-san-felipe-clase-de-salsa-y-chocolate-t1222750/
Colombia;medellin-l1215;1226686;Medellin Tour Por El Museum District Y El Palacio Nacional;https://www.getyourguide.com/es-es/medellin-l1215/medellin-tour-por-el-museum-district-y-el-palacio-nacional-t1226686/
Colombia;medellin-l1215;976542;Medellin Tour Nocturno Por La Comuna 13 Muro Pintado Y Aperitivo Local;https://www.getyourguide.com/es-es/medellin-l1215/medellin-tour-nocturno-por-la-comuna-13-muro-pintado-y-aperitivo-local-t976542/
Colombia;barichara-l209940;990342;Santander Tour Del Tabaco Con Experiencia Gastronomica En Zona Rural;https://www.getyourguide.com/es-es/barichara-l209940/santander-tour-del-tabaco-con-experiencia-gastronomica-en-zona-rural-t990342/
Colombia;bogota-l361;1000438;Bogota Tour Guiado Por Museo Del Oro;https://www.getyourguide.com/es-es/bogota-l361/bogota-tour-guiado-por-museo-del-oro-t1000438/
Colombia;santa-elena-colombia-l227758;1260875;Santa Elena Tour En Bici Electrica Por La Selva Del Valle Del Cauca Y Bano;https://www.getyourguide.com/es-es/santa-elena-colombia-l227758/santa-elena-tour-en-bici-electrica-por-la-selva-del-valle-del-cauca-y-bano-t1260875/
Colombia;bogota-l361;1269641;Bogota Partido De Futbol En El Campin Con Guia Y Traslado;https://www.getyourguide.com/es-es/bogota-l361/bogota-partido-de-futbol-en-el-campin-con-guia-y-traslado-t1269641/
Colombia;medellin-l1215;1298583;Medellin Tour De Frutas Exoticas Prueba Sabores Que Nunca Habias Experimentado;https://www.getyourguide.com/es-es/medellin-l1215/medellin-tour-de-frutas-exoticas-prueba-sabores-que-nunca-habias-experimentado-t1298583/
Colombia;manizales-l126418;1127112;Manizales Tour Privado En Vehiculo Blindado A Armenia;https://www.getyourguide.com/es-es/manizales-l126418/manizales-tour-privado-en-vehiculo-blindado-a-armenia-t1127112/
Colombia;santa-marta-l32129;1186522;Santa Marta Tour De Observacion De Aves En Sierra Nevada Con Aperitivo;https://www.getyourguide.com/es-es/santa-marta-l32129/santa-marta-tour-de-observacion-de-aves-en-sierra-nevada-con-aperitivo-t1186522/
Colombia;cartagena-de-indias-l362;159872;Desde Cartagena Excursion De Un Dia A Las Islas Del Rosario;https://www.getyourguide.com/es-es/cartagena-de-indias-l362/desde-cartagena-excursion-de-un-dia-a-las-islas-del-rosario-t159872/
Colombia;medellin-l1215;340411;Desde Medellin Combo Parapente Y Rafting;https://www.getyourguide.com/es-es/medellin-l1215/desde-medellin-combo-parapente-y-rafting-t340411/
Colombia;medellin-l1215;469161;Medellin Tour De Grafitis Por La Comuna 13 Aperitivo Local Y Guia;https://www.getyourguide.com/es-es/medellin-l1215/medellin-tour-de-grafitis-por-la-comuna-13-aperitivo-local-y-guia-t469161/
Colombia;cartagena-de-indias-l362;476608;Cartagena Tour Por El Castillo De San Felipe De Barajas Con Tickets De Entrada;https://www.getyourguide.com/es-es/cartagena-de-indias-l362/cartagena-tour-por-el-castillo-de-san-felipe-de-barajas-con-tickets-de-entrada-t476608/
Colombia;cartagena-de-indias-l362;154584;Cartagena Crucero Por La Bahia Con Cena Y Vino;https://www.getyourguide.com/es-es/cartagena-de-indias-l362/cartagena-crucero-por-la-bahia-con-cena-y-vino-t154584/
Colombia;silvia-colombia-l239404;284517;Silvia Mercado Indigena Y Cultura Misak;https://www.getyourguide.com/es-es/silvia-colombia-l239404/silvia-mercado-indigena-y-cultura-misak-t284517/
Colombia;cartagena-de-indias-l362;323228;Cartagena Experiencia En El Volcan De Barro Del Totumo;https://www.getyourguide.com/es-es/cartagena-de-indias-l362/cartagena-experiencia-en-el-volcan-de-barro-del-totumo-t323228/
Colombia;cali-colombia-l1213;340806;Cali Vuelo Paratrike Parapente;https://www.getyourguide.com/es-es/cali-colombia-l1213/cali-vuelo-paratrike-parapente-t340806/
Colombia;medellin-l1215;357700;Medellin Guatape Pueblo Y Tour Del Cafe;https://www.getyourguide.com/es-es/medellin-l1215/medellin-guatape-pueblo-y-tour-del-cafe-t357700/
Colombia;medellin-l1215;633784;Traslado Desde Medellin Aeropuerto O Desde El Aeropuerto Medellin;https://www.getyourguide.com/es-es/medellin-l1215/traslado-desde-medellin-aeropuerto-o-desde-el-aeropuerto-medellin-t633784/
Colombia;cartagena-de-indias-l362;679528;Cartagena 4 Islas En Barco Deportivo Entradas Al Oceanario;https://www.getyourguide.com/es-es/cartagena-de-indias-l362/cartagena-4-islas-en-barco-deportivo-entradas-al-oceanario-t679528/
Colombia;santa-marta-l32129;471229;Excursion De Un Dia A Sierra Minca;https://www.getyourguide.com/es-es/santa-marta-l32129/excursion-de-un-dia-a-sierra-minca-t471229/
Colombia;pereira-l32650;566481;Explora El Destino Magico De Colombia En Este Viaje De 10 Dias;https://www.getyourguide.com/es-es/pereira-l32650/explora-el-destino-magico-de-colombia-en-este-viaje-de-10-dias-t566481/
Colombia;baru-l120985;778135;Cartagena Visita 4 Destinos En Barco Con Almuerzo;https://www.getyourguide.com/es-es/baru-l120985/cartagena-visita-4-destinos-en-barco-con-almuerzo-t778135/
Colombia;medellin-l1215;827492;Guatape Y Finca Cafetera Todo En Un Dia;https://www.getyourguide.com/es-es/medellin-l1215/guatape-y-finca-cafetera-todo-en-un-dia-t827492/
Colombia;cartagena-de-indias-l362;834083;Cartagenatour Privado De La Ciudad Tickets Al Castillo De Sanfelipe;https://www.getyourguide.com/es-es/cartagena-de-indias-l362/cartagenatour-privado-de-la-ciudad-tickets-al-castillo-de-sanfelipe-t834083/
Colombia;medellin-l1215;834610;Tour De La Ceramica Tradicional Desde Medellin;https://www.getyourguide.com/es-es/medellin-l1215/tour-de-la-ceramica-tradicional-desde-medellin-t834610/
Colombia;medellin-l1215;857954;Desde Medellin Tres Cascadas En Un Dia;https://www.getyourguide.com/es-es/medellin-l1215/desde-medellin-tres-cascadas-en-un-dia-t857954/
Colombia;medellin-l1215;989606;Medellin Experiencia De Parapente En San Felix;https://www.getyourguide.com/es-es/medellin-l1215/medellin-experiencia-de-parapente-en-san-felix-t989606/
Colombia;bogota-l361;1010194;Bogota Tour Cerro De Monserrate Y Catedral De Sal Zipaquira;https://www.getyourguide.com/es-es/bogota-l361/bogota-tour-cerro-de-monserrate-y-catedral-de-sal-zipaquira-t1010194/
Colombia;cali-colombia-l1213;1241183;Cali Clase De Salsa Con Ritual De Viche Y Brindis;https://www.getyourguide.com/es-es/cali-colombia-l1213/cali-clase-de-salsa-con-ritual-de-viche-y-brindis-t1241183/
Colombia;bogota-l361;1245150;Bogota Ruta Del Agua Senderismo Con Yoga Y Meditacion;https://www.getyourguide.com/es-es/bogota-l361/bogota-ruta-del-agua-senderismo-con-yoga-y-meditacion-t1245150/
Colombia;cartagena-de-indias-l362;1049943;Cartagena Clase De Pintura Con Brunch En Una Azotea Secreta De Getsemani;https://www.getyourguide.com/es-es/cartagena-de-indias-l362/cartagena-clase-de-pintura-con-brunch-en-una-azotea-secreta-de-getsemani-t1049943/
Colombia;cartagena-de-indias-l362;71974;Tour De La Ciudad De Cartagena Para Cruceros;https://www.getyourguide.com/es-es/cartagena-de-indias-l362/tour-de-la-ciudad-de-cartagena-para-cruceros-t71974/
Colombia;bogota-l361;327161;Desde Bogota Coffee Farm Experience Tour Privado De Un Dia;https://www.getyourguide.com/es-es/bogota-l361/desde-bogota-coffee-farm-experience-tour-privado-de-un-dia-t327161/
Colombia;bogota-l361;347056;Bogota Cata De Cafe Colombiano;https://www.getyourguide.com/es-es/bogota-l361/bogota-cata-de-cafe-colombiano-t347056/
Colombia;medellin-l1215;382874;Hacienda Napoles Excursion Privada De Dia Completo Desde Medellin;https://www.getyourguide.com/es-es/medellin-l1215/hacienda-napoles-excursion-privada-de-dia-completo-desde-medellin-t382874/
Colombia;bogota-l361;1250696;A 45 Min De Bogota Experiencia En Finca Colombiana Con Pesca Y Gastronomia;https://www.getyourguide.com/es-es/bogota-l361/a-45-min-de-bogota-experiencia-en-finca-colombiana-con-pesca-y-gastronomia-t1250696/
Colombia;leticia-l176618;454858;Leticia Increibles Excursiones De Tres Dias Por La Selva;https://www.getyourguide.com/es-es/leticia-l176618/leticia-increibles-excursiones-de-tres-dias-por-la-selva-t454858/
Colombia;medellin-l1215;1292914;Medellin Tour De Abejas A Solo 45 Minutos De La Ciudad;https://www.getyourguide.com/es-es/medellin-l1215/medellin-tour-de-abejas-a-solo-45-minutos-de-la-ciudad-t1292914/
Colombia;bogota-l361;1293094;Bogota Taller De Pintura Con Bebida De Bienvenida;https://www.getyourguide.com/es-es/bogota-l361/bogota-taller-de-pintura-con-bebida-de-bienvenida-t1293094/
Colombia;medellin-l1215;476766;Medellin Tour Pablo Escobar En Grupo Y Economico;https://www.getyourguide.com/es-es/medellin-l1215/medellin-tour-pablo-escobar-en-grupo-y-economico-t476766/
Colombia;salento-colombia-l32675;552489;Plan Completo Salento Y Valle Del Cocora Desde Pereira O Armenia;https://www.getyourguide.com/es-es/salento-colombia-l32675/plan-completo-salento-y-valle-del-cocora-desde-pereira-o-armenia-t552489/
Colombia;cartagena-de-indias-l362;698088;Cartagena Getsemani Pub Crawl Con Chupitos Y Clase De Baile;https://www.getyourguide.com/es-es/cartagena-de-indias-l362/cartagena-getsemani-pub-crawl-con-chupitos-y-clase-de-baile-t698088/
Colombia;san-andres-colombia-l180220;433628;San Andres Excursion Privada En Barco Con Paradas En El Acuario Y En La Playa;https://www.getyourguide.com/es-es/san-andres-colombia-l180220/san-andres-excursion-privada-en-barco-con-paradas-en-el-acuario-y-en-la-playa-t433628/
Colombia;cartagena-de-indias-l362;440201;Traslado De Llegada O Salida Aeropuerto Rafael Nunez Solo Ida;https://www.getyourguide.com/es-es/cartagena-de-indias-l362/traslado-de-llegada-o-salida-aeropuerto-rafael-nunez-solo-ida-t440201/
Colombia;cartagena-de-indias-l362;733731;4 Islas Vip Bahaire;https://www.getyourguide.com/es-es/cartagena-de-indias-l362/4-islas-vip-bahaire-t733731/
Colombia;santa-marta-l32129;828272;Desde Cartagena Excursion A Barranquilla Y Santa Marta;https://www.getyourguide.com/es-es/santa-marta-l32129/desde-cartagena-excursion-a-barranquilla-y-santa-marta-t828272/
Colombia;pereira-l32650;542504;Parque Del Cafe De Pereira O Armenia;https://www.getyourguide.com/es-es/pereira-l32650/parque-del-cafe-de-pereira-o-armenia-t542504/
Colombia;san-agustin-colombia-l131748;629693;San Agustin Traslado Privado De San Agustin A Popayan;https://www.getyourguide.com/es-es/san-agustin-colombia-l131748/san-agustin-traslado-privado-de-san-agustin-a-popayan-t629693/
Colombia;zipaquira-l131353;926577;Visita A La Catedral De Sal De Zipaquira Salida A Diario;https://www.getyourguide.com/es-es/zipaquira-l131353/visita-a-la-catedral-de-sal-de-zipaquira-salida-a-diario-t926577/
Colombia;medellin-l1215;933808;Medellin Tour Colonial De Dia Completo Con Guia;https://www.getyourguide.com/es-es/medellin-l1215/medellin-tour-colonial-de-dia-completo-con-guia-t933808/
Colombia;cartagena-de-indias-l362;980810;Orgullo En El Mar En Cartagena Fiesta Gay En Barco;https://www.getyourguide.com/es-es/cartagena-de-indias-l362/orgullo-en-el-mar-en-cartagena-fiesta-gay-en-barco-t980810/
Colombia;medellin-l1215;694299;Cabalgata Copacabana Todo Incluido Medellin;https://www.getyourguide.com/es-es/medellin-l1215/cabalgata-copacabana-todo-incluido-medellin-t694299/
Colombia;medellin-l1215;698770;Tour Por Guatape En Chiva Visita A La Hacienda De Pablo Escobar;https://www.getyourguide.com/es-es/medellin-l1215/tour-por-guatape-en-chiva-visita-a-la-hacienda-de-pablo-escobar-t698770/
Colombia;bogota-l361;1009290;Paramo Origen De Aguas Y Guardian De La Vida Senderismo;https://www.getyourguide.com/es-es/bogota-l361/paramo-origen-de-aguas-y-guardian-de-la-vida-senderismo-t1009290/
Colombia;medellin-l1215;810124;Medellin City Tour Medellin Graffitour Comuna 13;https://www.getyourguide.com/es-es/medellin-l1215/medellin-city-tour-medellin-graffitour-comuna-13-t810124/
Colombia;medellin-l1215;879609;Medellin Tour De Miradores Zona De Selfies Aventura Y Cena Incluida;https://www.getyourguide.com/es-es/medellin-l1215/medellin-tour-de-miradores-zona-de-selfies-aventura-y-cena-incluida-t879609/
Colombia;medellin-l1215;925813;Tour Guatape Y Pueblos Paseo En Barco Con Desayuno Y Almuerzo Medellin;https://www.getyourguide.com/es-es/medellin-l1215/tour-guatape-y-pueblos-paseo-en-barco-con-desayuno-y-almuerzo-medellin-t925813/
Colombia;bogota-l361;1197300;Bogota Taller De Cocina El Chef Soy Yo Y Almuerzo Con Ajiaco;https://www.getyourguide.com/es-es/bogota-l361/bogota-taller-de-cocina-el-chef-soy-yo-y-almuerzo-con-ajiaco-t1197300/
Colombia;bogota-l361;983033;Bogota Colombia Visita Al Museo Nacional;https://www.getyourguide.com/es-es/bogota-l361/bogota-colombia-visita-al-museo-nacional-t983033/
Colombia;bogota-l361;1008578;Museos De Bogota;https://www.getyourguide.com/es-es/bogota-l361/museos-de-bogota-t1008578/
Colombia;parque-municipal-el-retiro-l164977;1234517;Medellin Guatape El Penol El Retiro Y Cascada Tekendamita;https://www.getyourguide.com/es-es/parque-municipal-el-retiro-l164977/medellin-guatape-el-penol-el-retiro-y-cascada-tekendamita-t1234517/
Colombia;bogota-l361;1133555;Tour Monserrate Y Candelaria;https://www.getyourguide.com/es-es/bogota-l361/tour-monserrate-y-candelaria-t1133555/
Colombia;bogota-l361;252277;Bogota Visita A La Candelaria Con Taller De Cacao Y Cafe;https://www.getyourguide.com/es-es/bogota-l361/bogota-visita-a-la-candelaria-con-taller-de-cacao-y-cafe-t252277/
Colombia;neiva-l153229;445093;Neiva Excursion De Un Dia Guiada Al Desierto De La Tatacoa Con Almuerzo;https://www.getyourguide.com/es-es/neiva-l153229/neiva-excursion-de-un-dia-guiada-al-desierto-de-la-tatacoa-con-almuerzo-t445093/
Colombia;cartagena-de-indias-l362;447865;Recorrido Por El Parque Tayrona Sector Playa Cristal;https://www.getyourguide.com/es-es/cartagena-de-indias-l362/recorrido-por-el-parque-tayrona-sector-playa-cristal-t447865/
Colombia;medellin-l1215;475693;Medellin Tour Privado Personalizado Con Un Guia Local;https://www.getyourguide.com/es-es/medellin-l1215/medellin-tour-privado-personalizado-con-un-guia-local-t475693/
Colombia;bogota-l361;1326406;Bogota Clase De Tejido Ancestral Con Una Curadora;https://www.getyourguide.com/es-es/bogota-l361/bogota-clase-de-tejido-ancestral-con-una-curadora-t1326406/
Colombia;baru-l120985;569233;Cartagena Islas Del Rosario Playa Blanca Baru En Barco Y Almuerzo;https://www.getyourguide.com/es-es/baru-l120985/cartagena-islas-del-rosario-playa-blanca-baru-en-barco-y-almuerzo-t569233/
Colombia;bogota-l361;604462;Bogota Clase De Cocina Colombiana Con Visita A Mercado;https://www.getyourguide.com/es-es/bogota-l361/bogota-clase-de-cocina-colombiana-con-visita-a-mercado-t604462/
Colombia;guatape-l114702;780496;Tour De Dia Completo A Guatape Piedra Del Penol Desde Medellin;https://www.getyourguide.com/es-es/guatape-l114702/tour-de-dia-completo-a-guatape-piedra-del-penol-desde-medellin-t780496/
Colombia;bogota-l361;298535;Bogota Tour A Pie Privado;https://www.getyourguide.com/es-es/bogota-l361/bogota-tour-a-pie-privado-t298535/
Colombia;cartagena-de-indias-l362;301463;Cartagena La Mejor Comida Callejera Y Tour De La Ciudad Amurallada;https://www.getyourguide.com/es-es/cartagena-de-indias-l362/cartagena-la-mejor-comida-callejera-y-tour-de-la-ciudad-amurallada-t301463/
Colombia;salento-colombia-l32675;311138;Traslado Privado Al Aeropuerto De Pereira Adesde Salento;https://www.getyourguide.com/es-es/salento-colombia-l32675/traslado-privado-al-aeropuerto-de-pereira-adesde-salento-t311138/
Colombia;san-andres-colombia-l180220;390226;San Andres Alquiler De Carritos De Golf De 6 Plazas;https://www.getyourguide.com/es-es/san-andres-colombia-l180220/san-andres-alquiler-de-carritos-de-golf-de-6-plazas-t390226/
Colombia;bogota-l361;412200;Bogota Recorrido A Pie Por La Candelaria Con Refrigerios;https://www.getyourguide.com/es-es/bogota-l361/bogota-recorrido-a-pie-por-la-candelaria-con-refrigerios-t412200/
Colombia;bogota-l361;1095311;4 Tours Guiados Por Museos Con Degustacion De Cafe En Bogota;https://www.getyourguide.com/es-es/bogota-l361/4-tours-guiados-por-museos-con-degustacion-de-cafe-en-bogota-t1095311/
Colombia;cali-colombia-l1213;437354;Cali Visita A La Ciudad;https://www.getyourguide.com/es-es/cali-colombia-l1213/cali-visita-a-la-ciudad-t437354/
Colombia;cartagena-de-indias-l362;437383;Excursion De Un Dia A Baru Manglares Snorkel Puesta De Sol Y Plancton;https://www.getyourguide.com/es-es/cartagena-de-indias-l362/excursion-de-un-dia-a-baru-manglares-snorkel-puesta-de-sol-y-plancton-t437383/
Colombia;medellin-l1215;458085;Tour Pablo Escobar La Verdadera Historia;https://www.getyourguide.com/es-es/medellin-l1215/tour-pablo-escobar-la-verdadera-historia-t458085/
Colombia;cartagena-de-indias-l362;601907;Desde Guatemala El Castillo De San Felipe En Un Dia;https://www.getyourguide.com/es-es/cartagena-de-indias-l362/desde-guatemala-el-castillo-de-san-felipe-en-un-dia-t601907/
Colombia;medellin-l1215;612893;Salida De Medellin Autentica Experiencia Ganadera Colombiana;https://www.getyourguide.com/es-es/medellin-l1215/salida-de-medellin-autentica-experiencia-ganadera-colombiana-t612893/
Colombia;santa-marta-l32129;1250972;Desde Santa Marta Dia En Playa Cristal Con Traslado En Barco;https://www.getyourguide.com/es-es/santa-marta-l32129/desde-santa-marta-dia-en-playa-cristal-con-traslado-en-barco-t1250972/
Colombia;popayan-l126433;639606;Desde Popayan Mercado Campesino Indigena En Silvia;https://www.getyourguide.com/es-es/popayan-l126433/desde-popayan-mercado-campesino-indigena-en-silvia-t639606/
Colombia;cartagena-de-indias-l362;656176;Cartagena Dia De Playa Carpa En Las Playas De Castillogrande;https://www.getyourguide.com/es-es/cartagena-de-indias-l362/cartagena-dia-de-playa-carpa-en-las-playas-de-castillogrande-t656176/
Colombia;cartagena-de-indias-l362;712370;Cartagena Tour Privado A Pie Con Guia Aleman O Italiano;https://www.getyourguide.com/es-es/cartagena-de-indias-l362/cartagena-tour-privado-a-pie-con-guia-aleman-o-italiano-t712370/
Colombia;cartagena-de-indias-l362;791224;Cartagena Curso Padi Open Water Diver Con Certificacion;https://www.getyourguide.com/es-es/cartagena-de-indias-l362/cartagena-curso-padi-open-water-diver-con-certificacion-t791224/
Colombia;san-andres-colombia-l180220;824739;Paseo Por San Andres Islas En Ponton Compartido;https://www.getyourguide.com/es-es/san-andres-colombia-l180220/paseo-por-san-andres-islas-en-ponton-compartido-t824739/
Colombia;cartagena-de-indias-l362;915192;Cartagena Excursion De Un Dia A Los Banos De Barro Del Volcan Y Al Hotel Club;https://www.getyourguide.com/es-es/cartagena-de-indias-l362/cartagena-excursion-de-un-dia-a-los-banos-de-barro-del-volcan-y-al-hotel-club-t915192/
Colombia;cali-colombia-l1213;412470;Cali Excursion De Un Dia A La Finca De Cana De Azucar Y A La Hacienda El Paraiso;https://www.getyourguide.com/es-es/cali-colombia-l1213/cali-excursion-de-un-dia-a-la-finca-de-cana-de-azucar-y-a-la-hacienda-el-paraiso-t412470/
Colombia;san-andres-colombia-l180220;949251;City Tour Por San Andres Vuelta A La Isla En Van Climatizada;https://www.getyourguide.com/es-es/san-andres-colombia-l180220/city-tour-por-san-andres-vuelta-a-la-isla-en-van-climatizada-t949251/
Colombia;bogota-l361;472925;Excursion De Un Dia Para Observar Aves En El Parque Natural De Chicaque;https://www.getyourguide.com/es-es/bogota-l361/excursion-de-un-dia-para-observar-aves-en-el-parque-natural-de-chicaque-t472925/
Colombia;manizales-l126418;1023414;Manizales Colombia Tour Del Cafe Show De Barismo;https://www.getyourguide.com/es-es/manizales-l126418/manizales-colombia-tour-del-cafe-show-de-barismo-t1023414/
Colombia;medellin-l1215;1106105;Medellin Experiencia Del Cacao Colombiano Tour Del Chocolate;https://www.getyourguide.com/es-es/medellin-l1215/medellin-experiencia-del-cacao-colombiano-tour-del-chocolate-t1106105/
Colombia;cartagena-de-indias-l362;581260;Divertido Paseo En Scooter Segway Cartagena Y Getsemani Discovery Tour;https://www.getyourguide.com/es-es/cartagena-de-indias-l362/divertido-paseo-en-scooter-segway-cartagena-y-getsemani-discovery-tour-t581260/
Colombia;medellin-l1215;1109293;Medellin City Tour Renacimiento De Una Ciudad;https://www.getyourguide.com/es-es/medellin-l1215/medellin-city-tour-renacimiento-de-una-ciudad-t1109293/
Colombia;santa-marta-l32129;1133583;Santa Marta Rumba Nocturna En Chiva En Santa Marta;https://www.getyourguide.com/es-es/santa-marta-l32129/santa-marta-rumba-nocturna-en-chiva-en-santa-marta-t1133583/
Colombia;bucaramanga-l153985;1136938;Bucaramanga Tour Cultural Y Gastronomico Por La Plaza Central;https://www.getyourguide.com/es-es/bucaramanga-l153985/bucaramanga-tour-cultural-y-gastronomico-por-la-plaza-central-t1136938/
Colombia;manizales-l126418;1176117;Parque Nacional Los Nevados Tour Volcanico Y Observacion De Aves;https://www.getyourguide.com/es-es/manizales-l126418/parque-nacional-los-nevados-tour-volcanico-y-observacion-de-aves-t1176117/
Colombia;villavieja-l215836;722208;Villavieja Excursion A Caballo Por El Desierto De La Tatacoa;https://www.getyourguide.com/es-es/villavieja-l215836/villavieja-excursion-a-caballo-por-el-desierto-de-la-tatacoa-t722208/
Colombia;santa-marta-l32129;1220203;Santa Marta Tour Indigena Taironaka;https://www.getyourguide.com/es-es/santa-marta-l32129/santa-marta-tour-indigena-taironaka-t1220203/
Colombia;manizales-l126418;1220304;Manizales Tour Nevado Del Ruiz Termales;https://www.getyourguide.com/es-es/manizales-l126418/manizales-tour-nevado-del-ruiz-termales-t1220304/
Colombia;zipaquira-l131353;1267243;Ticket De Entrada A La Catedral De Sal De Zipaquira Con Audioguia;https://www.getyourguide.com/es-es/zipaquira-l131353/ticket-de-entrada-a-la-catedral-de-sal-de-zipaquira-con-audioguia-t1267243/
Colombia;bogota-l361;1003766;Bogota Clase De Grabacion De Arquitectura E Interiorismo Con Iphone;https://www.getyourguide.com/es-es/bogota-l361/bogota-clase-de-grabacion-de-arquitectura-e-interiorismo-con-iphone-t1003766/
Colombia;cali-colombia-l1213;193841;Cali Aventura De Senderismo En El Pico De Loro Farallones De Cali;https://www.getyourguide.com/es-es/cali-colombia-l1213/cali-aventura-de-senderismo-en-el-pico-de-loro-farallones-de-cali-t193841/
Colombia;medellin-l1215;1007088;Medellin Tour Historico De Pablo Escobar Con Degustacion De Cafe;https://www.getyourguide.com/es-es/medellin-l1215/medellin-tour-historico-de-pablo-escobar-con-degustacion-de-cafe-t1007088/
Colombia;bogota-l361;287125;Las Cascadas Mas Altas De Colombia Excursion A La Chorrera;https://www.getyourguide.com/es-es/bogota-l361/las-cascadas-mas-altas-de-colombia-excursion-a-la-chorrera-t287125/
Colombia;medellin-l1215;1137137;Medellin Guatape La Ruta Del Cafe;https://www.getyourguide.com/es-es/medellin-l1215/medellin-guatape-la-ruta-del-cafe-t1137137/
Colombia;san-agustin-colombia-l131748;1138798;Cascada De Tres Chorros Tour Privado A Caballo;https://www.getyourguide.com/es-es/san-agustin-colombia-l131748/cascada-de-tres-chorros-tour-privado-a-caballo-t1138798/
Colombia;san-gil-l148478;1161569;San Gil Fullday Extremo En Parque Xplorer Y Visita A Sus Miradores;https://www.getyourguide.com/es-es/san-gil-l148478/san-gil-fullday-extremo-en-parque-xplorer-y-visita-a-sus-miradores-t1161569/
Colombia;san-agustin-colombia-l131748;573502;Tour Guiado Privado Por El Parque Arqueologico;https://www.getyourguide.com/es-es/san-agustin-colombia-l131748/tour-guiado-privado-por-el-parque-arqueologico-t573502/
Colombia;cartagena-de-indias-l362;675548;Cartagena Isla Del Rosario Baru Playa Blanca Y Tranquila;https://www.getyourguide.com/es-es/cartagena-de-indias-l362/cartagena-isla-del-rosario-baru-playa-blanca-y-tranquila-t675548/
Colombia;villa-de-leyva-l2951;712338;Desde Villa De Leyva Excursion A La Periquera;https://www.getyourguide.com/es-es/villa-de-leyva-l2951/desde-villa-de-leyva-excursion-a-la-periquera-t712338/
Colombia;bogota-l361;1316313;;https://www.getyourguide.com/es-es/bogota-l361/-t1316313/
Colombia;san-andres-colombia-l180220;839962;San Andrescombo Fullday Jhonny Cay O Acuario Tour Bahiavuelta Isla Chiva;https://www.getyourguide.com/es-es/san-andres-colombia-l180220/san-andrescombo-fullday-jhonny-cay-o-acuario-tour-bahiavuelta-isla-chiva-t839962/
Colombia;cartagena-de-indias-l362;856053;Cartagena De Indias Pasadia 5 Islas Del Rosario Y Baru Lancha;https://www.getyourguide.com/es-es/cartagena-de-indias-l362/cartagena-de-indias-pasadia-5-islas-del-rosario-y-baru-lancha-t856053/
Colombia;medellin-l1215;238767;Tour De Un Dia A Pablo Escobar En Medellin Y Guatape;https://www.getyourguide.com/es-es/medellin-l1215/tour-de-un-dia-a-pablo-escobar-en-medellin-y-guatape-t238767/
Colombia;medellin-l1215;965843;Medellin Recorrido Por La Ciudad;https://www.getyourguide.com/es-es/medellin-l1215/medellin-recorrido-por-la-ciudad-t965843/
Colombia;cartagena-de-indias-l362;974431;Ferry Cartagenaislagrande Ferry Islagrandecartagena;https://www.getyourguide.com/es-es/cartagena-de-indias-l362/ferry-cartagenaislagrande-ferry-islagrandecartagena-t974431/
Colombia;medellin-l1215;452857;Medellin Tour En Bicicleta De Montana Por Una Finca Cafetera Y Experiencia En Un Spa;https://www.getyourguide.com/es-es/medellin-l1215/medellin-tour-en-bicicleta-de-montana-por-una-finca-cafetera-y-experiencia-en-un-spa-t452857/
Colombia;bucaramanga-l153985;656221;Excursion De Un Dia A La Cascada Y Parque De Aventura Juan Curi;https://www.getyourguide.com/es-es/bucaramanga-l153985/excursion-de-un-dia-a-la-cascada-y-parque-de-aventura-juan-curi-t656221/
Colombia;medellin-l1215;1181878;Cabalgata 2Hrstransporte Privadofotosvideosgift 5 Primeros En Reservar;https://www.getyourguide.com/es-es/medellin-l1215/cabalgata-2hrstransporte-privadofotosvideosgift-5-primeros-en-reservar-t1181878/
Colombia;cali-colombia-l1213;698139;Clase De Cocina Tradicional Colombiana;https://www.getyourguide.com/es-es/cali-colombia-l1213/clase-de-cocina-tradicional-colombiana-t698139/
Colombia;cartagena-de-indias-l362;1214384;San Basilio De Palenque Descubre El Primer Pueblo Libre De America;https://www.getyourguide.com/es-es/cartagena-de-indias-l362/san-basilio-de-palenque-descubre-el-primer-pueblo-libre-de-america-t1214384/
Colombia;medellin-l1215;758181;Medellin Tour De Medio Dia De Cafe En Una Granja Familiar Local;https://www.getyourguide.com/es-es/medellin-l1215/medellin-tour-de-medio-dia-de-cafe-en-una-granja-familiar-local-t758181/
Colombia;medellin-l1215;785564;Medellin Tour Jardin Andes Panoramico Truchera;https://www.getyourguide.com/es-es/medellin-l1215/medellin-tour-jardin-andes-panoramico-truchera-t785564/
Colombia;parque-municipal-el-retiro-l164977;1237404;Medellin Tour De 1 Dia A El Retiro Y La Cascada Tequendamita;https://www.getyourguide.com/es-es/parque-municipal-el-retiro-l164977/medellin-tour-de-1-dia-a-el-retiro-y-la-cascada-tequendamita-t1237404/
Colombia;cali-colombia-l1213;1289078;Cali Salsa Night Inmersion En La Topa Tolondra Con Host Y Bailador Local;https://www.getyourguide.com/es-es/cali-colombia-l1213/cali-salsa-night-inmersion-en-la-topa-tolondra-con-host-y-bailador-local-t1289078/
Colombia;cartagena-de-indias-l362;878006;Cartagena Fiesta En Barco En La Bahia De Cartagena Con Barra Libre;https://www.getyourguide.com/es-es/cartagena-de-indias-l362/cartagena-fiesta-en-barco-en-la-bahia-de-cartagena-con-barra-libre-t878006/
Colombia;cartagena-de-indias-l362;936408;Tour De La Ciudad De Cartagena Mercado De Alimentos Getsemani Y La Ciudad Amurallada;https://www.getyourguide.com/es-es/cartagena-de-indias-l362/tour-de-la-ciudad-de-cartagena-mercado-de-alimentos-getsemani-y-la-ciudad-amurallada-t936408/
Colombia;manizales-l126418;1322718;Manizales Tours Por Cantinas Y Tabernas De Ciudad De Puertas Abiertas;https://www.getyourguide.com/es-es/manizales-l126418/manizales-tours-por-cantinas-y-tabernas-de-ciudad-de-puertas-abiertas-t1322718/
Colombia;cartagena-de-indias-l362;948640;Cartagena De Indias Cocteles E Historias En El Pasquin De Joaco;https://www.getyourguide.com/es-es/cartagena-de-indias-l362/cartagena-de-indias-cocteles-e-historias-en-el-pasquin-de-joaco-t948640/
Colombia;cartagena-de-indias-l362;982290;Desde Cartagena Salto En Tandem Vistas Al Mar;https://www.getyourguide.com/es-es/cartagena-de-indias-l362/desde-cartagena-salto-en-tandem-vistas-al-mar-t982290/
Colombia;bogota-l361;97512;Tour De La Ciudad O Conexion En Bogota;https://www.getyourguide.com/es-es/bogota-l361/tour-de-la-ciudad-o-conexion-en-bogota-t97512/
Colombia;cartagena-de-indias-l362;992786;Islas Del Rosario Daypass Con Transporte Y Almuerzo Incluidos;https://www.getyourguide.com/es-es/cartagena-de-indias-l362/islas-del-rosario-daypass-con-transporte-y-almuerzo-incluidos-t992786/
Colombia;salento-colombia-l32675;1015301;Salento Ruta De Senderismo Guiada Por El Bosque De Palmeras De Cera De Carbonera Con 4X4;https://www.getyourguide.com/es-es/salento-colombia-l32675/salento-ruta-de-senderismo-guiada-por-el-bosque-de-palmeras-de-cera-de-carbonera-con-4x4-t1015301/
Colombia;salento-colombia-l32675;1075300;Senderismo Por El Valle Del Cocora Y Recorrido Por Salento;https://www.getyourguide.com/es-es/salento-colombia-l32675/senderismo-por-el-valle-del-cocora-y-recorrido-por-salento-t1075300/
Colombia;medellin-l1215;420286;Medellin Recorrido Por Los Graffitis De La Comuna 13 Comida Callejera Y Teleferico;https://www.getyourguide.com/es-es/medellin-l1215/medellin-recorrido-por-los-graffitis-de-la-comuna-13-comida-callejera-y-teleferico-t420286/
Colombia;cartagena-de-indias-l362;1087350;Cartagena Cata Privada De Ron Con El Maestro Ronero;https://www.getyourguide.com/es-es/cartagena-de-indias-l362/cartagena-cata-privada-de-ron-con-el-maestro-ronero-t1087350/
Colombia;bogota-l361;1096381;Bogota Lo Mas Destacado De La Ciudad Y Excursion De 1 Dia Al Lago El Dorado De Guatavita;https://www.getyourguide.com/es-es/bogota-l361/bogota-lo-mas-destacado-de-la-ciudad-y-excursion-de-1-dia-al-lago-el-dorado-de-guatavita-t1096381/
Colombia;bucaramanga-l153985;1137140;Bucaramanga Paseo Gastronomico Por Antojos Tradicionales;https://www.getyourguide.com/es-es/bucaramanga-l153985/bucaramanga-paseo-gastronomico-por-antojos-tradicionales-t1137140/
Colombia;pereira-l32650;511057;Recorre Las Aguas Termales De Santa Rosa Desde Pereira Armenia O Salento;https://www.getyourguide.com/es-es/pereira-l32650/recorre-las-aguas-termales-de-santa-rosa-desde-pereira-armenia-o-salento-t511057/
Colombia;bogota-l361;514316;Excursion Al Bosque Nublado De Chicaque;https://www.getyourguide.com/es-es/bogota-l361/excursion-al-bosque-nublado-de-chicaque-t514316/
Colombia;medellin-l1215;1194575;Medellin Nocturno Tour Vip Por Provenza Y El Poblado;https://www.getyourguide.com/es-es/medellin-l1215/medellin-nocturno-tour-vip-por-provenza-y-el-poblado-t1194575/
Colombia;cartagena-de-indias-l362;1215402;Cartagena City Tour Guiado Privado En Tuk Tuk;https://www.getyourguide.com/es-es/cartagena-de-indias-l362/cartagena-city-tour-guiado-privado-en-tuk-tuk-t1215402/
Colombia;cocorna-l143689;609722;Excursion De 1 Dia Desde Medellin Parapente Y Bano En Cascada;https://www.getyourguide.com/es-es/cocorna-l143689/excursion-de-1-dia-desde-medellin-parapente-y-bano-en-cascada-t609722/
Colombia;baru-l120985;1228946;Gran Combo Playa Blanca Islas Del Rosario Snorkel Manglar Almuerzo;https://www.getyourguide.com/es-es/baru-l120985/gran-combo-playa-blanca-islas-del-rosario-snorkel-manglar-almuerzo-t1228946/
Colombia;salento-colombia-l32675;655496;Vip Tour Cocora Salento Filandia Quindio;https://www.getyourguide.com/es-es/salento-colombia-l32675/vip-tour-cocora-salento-filandia-quindio-t655496/
Colombia;bogota-l361;734718;Monserrate 2 Horas Entradas Vip;https://www.getyourguide.com/es-es/bogota-l361/monserrate-2-horas-entradas-vip-t734718/
Colombia;medellin-l1215;878086;Desde Medellin Excursion De Un Dia A Jardin Andes E Hispania;https://www.getyourguide.com/es-es/medellin-l1215/desde-medellin-excursion-de-un-dia-a-jardin-andes-e-hispania-t878086/
Colombia;cartagena-de-indias-l362;890251;Cartagena Excursion De Un Dia A 4 Islas En Barco Y Almuerzo Caribeno;https://www.getyourguide.com/es-es/cartagena-de-indias-l362/cartagena-excursion-de-un-dia-a-4-islas-en-barco-y-almuerzo-caribeno-t890251/
Colombia;leticia-l176618;954475;Leticia Excursion En Canoa Por El Amazonas Con Experiencia De Natacion;https://www.getyourguide.com/es-es/leticia-l176618/leticia-excursion-en-canoa-por-el-amazonas-con-experiencia-de-natacion-t954475/
Colombia;bogota-l361;970224;Bogota Paseo Privado Por La Historia Judia Y El Chico;https://www.getyourguide.com/es-es/bogota-l361/bogota-paseo-privado-por-la-historia-judia-y-el-chico-t970224/
Colombia;san-agustin-colombia-l131748;1004887;San Agustin Huila Tour Por El Camino De Las Entidades;https://www.getyourguide.com/es-es/san-agustin-colombia-l131748/san-agustin-huila-tour-por-el-camino-de-las-entidades-t1004887/
Colombia;medellin-l1215;432838;Autobus De Fiesta Con Dj Incluido 3 Degustaciones Gastronomicas Callejeras;https://www.getyourguide.com/es-es/medellin-l1215/autobus-de-fiesta-con-dj-incluido-3-degustaciones-gastronomicas-callejeras-t432838/
Colombia;guatape-l114702;1028260;Tour En Kayak Por El Lago De Guatape;https://www.getyourguide.com/es-es/guatape-l114702/tour-en-kayak-por-el-lago-de-guatape-t1028260/
Colombia;medellin-l1215;452214;Tour Guatape Piedra Del Penol Con Salida Desde Medellin;https://www.getyourguide.com/es-es/medellin-l1215/tour-guatape-piedra-del-penol-con-salida-desde-medellin-t452214/
Colombia;cali-colombia-l1213;1071935;Cali Sabado De Fiesta Con Guia;https://www.getyourguide.com/es-es/cali-colombia-l1213/cali-sabado-de-fiesta-con-guia-t1071935/
Colombia;medellin-l1215;553042;Tour Secreto Por La Comuna De Moravia;https://www.getyourguide.com/es-es/medellin-l1215/tour-secreto-por-la-comuna-de-moravia-t553042/
Colombia;bucaramanga-l153985;1140926;Bucaramanga Tour Religioso E Historico Por Templos Y Pueblo Patrimonio;https://www.getyourguide.com/es-es/bucaramanga-l153985/bucaramanga-tour-religioso-e-historico-por-templos-y-pueblo-patrimonio-t1140926/
Colombia;bucaramanga-l153985;1144281;Bucaramanga Experiencia Cultural Y De Compras En San Francisco;https://www.getyourguide.com/es-es/bucaramanga-l153985/bucaramanga-experiencia-cultural-y-de-compras-en-san-francisco-t1144281/
Colombia;cartagena-de-indias-l362;604430;Recorrido Hacia El Volcan De Lodo En Cartagena Con Almuerzo;https://www.getyourguide.com/es-es/cartagena-de-indias-l362/recorrido-hacia-el-volcan-de-lodo-en-cartagena-con-almuerzo-t604430/
Colombia;cartagena-de-indias-l362;673501;Cartagena Transporte Privado Al Aviario De Baru;https://www.getyourguide.com/es-es/cartagena-de-indias-l362/cartagena-transporte-privado-al-aviario-de-baru-t673501/
Colombia;cartagena-de-indias-l362;754221;Cartagenacitytourtour Vip En Furgonetaautobus Con Aire Acondicionado;https://www.getyourguide.com/es-es/cartagena-de-indias-l362/cartagenacitytourtour-vip-en-furgonetaautobus-con-aire-acondicionado-t754221/
Colombia;bogota-l361;1241069;Tour De La Ciudad Por La Manana Panoramico A Pie Y Con Degustaciones;https://www.getyourguide.com/es-es/bogota-l361/tour-de-la-ciudad-por-la-manana-panoramico-a-pie-y-con-degustaciones-t1241069/
Colombia;cartagena-de-indias-l362;1261831;Cartagena Pasadia En Isla Baru Baruch Wave Beach Club Almuerzo Snorkel;https://www.getyourguide.com/es-es/cartagena-de-indias-l362/cartagena-pasadia-en-isla-baru-baruch-wave-beach-club-almuerzo-snorkel-t1261831/
Colombia;cartagena-de-indias-l362;820628;Cartagena 5 Islas En Lancha Rapida Con Bebidas Incluidas;https://www.getyourguide.com/es-es/cartagena-de-indias-l362/cartagena-5-islas-en-lancha-rapida-con-bebidas-incluidas-t820628/
Colombia;cartagena-de-indias-l362;840775;Cartagena El Mejor City Tour De Mi Magica Ciudad;https://www.getyourguide.com/es-es/cartagena-de-indias-l362/cartagena-el-mejor-city-tour-de-mi-magica-ciudad-t840775/
Colombia;cartagena-de-indias-l362;845598;Atardecer Por La Bahia De Cartagena En Barco Phantom;https://www.getyourguide.com/es-es/cartagena-de-indias-l362/atardecer-por-la-bahia-de-cartagena-en-barco-phantom-t845598/
Colombia;cartagena-de-indias-l362;879773;Conoce La Real Cartagena Mercado Bazurto Tour Gastronomico Cultural;https://www.getyourguide.com/es-es/cartagena-de-indias-l362/conoce-la-real-cartagena-mercado-bazurto-tour-gastronomico-cultural-t879773/
Colombia;medellin-l1215;952956;La Increible Experiencia Cafetera Secretos De Medellin;https://www.getyourguide.com/es-es/medellin-l1215/la-increible-experiencia-cafetera-secretos-de-medellin-t952956/
Colombia;cartagena-de-indias-l362;953795;Cartagena Tour Privado Por La Ciudad Amurallada;https://www.getyourguide.com/es-es/cartagena-de-indias-l362/cartagena-tour-privado-por-la-ciudad-amurallada-t953795/
Colombia;medellin-l1215;968697;Medellin Excursion En Helicoptero Con Recogida En El Hotel;https://www.getyourguide.com/es-es/medellin-l1215/medellin-excursion-en-helicoptero-con-recogida-en-el-hotel-t968697/
Colombia;medellin-l1215;301092;Desde Medellin Tour Privado Del Cafe De Envigado Con Degustaciones;https://www.getyourguide.com/es-es/medellin-l1215/desde-medellin-tour-privado-del-cafe-de-envigado-con-degustaciones-t301092/
Colombia;guatape-l114702;1004103;Tour Privado A Guatape Y Paseo En Quad;https://www.getyourguide.com/es-es/guatape-l114702/tour-privado-a-guatape-y-paseo-en-quad-t1004103/
Colombia;minca-l176223;1073845;Minca Dia Con Almuerzo Exfoliacion De Cafe Y Caminata Ecologica;https://www.getyourguide.com/es-es/minca-l176223/minca-dia-con-almuerzo-exfoliacion-de-cafe-y-caminata-ecologica-t1073845/
Colombia;medellin-l1215;1099979;Medellin Paseo A Caballo Por Las Montanas De La Ciudad;https://www.getyourguide.com/es-es/medellin-l1215/medellin-paseo-a-caballo-por-las-montanas-de-la-ciudad-t1099979/
Colombia;salento-colombia-l32675;1109802;Salento Mini Expedicion Al Corazon Del Valle De Cocora;https://www.getyourguide.com/es-es/salento-colombia-l32675/salento-mini-expedicion-al-corazon-del-valle-de-cocora-t1109802/
Colombia;cartagena-de-indias-l362;1164957;Cartagena South Beach Club En Playa Tranquila;https://www.getyourguide.com/es-es/cartagena-de-indias-l362/cartagena-south-beach-club-en-playa-tranquila-t1164957/
Colombia;cartagena-de-indias-l362;632343;Cartagena Tour Vip Por La Bahia Al Atardecer Con Barra Libre Y Discoteca;https://www.getyourguide.com/es-es/cartagena-de-indias-l362/cartagena-tour-vip-por-la-bahia-al-atardecer-con-barra-libre-y-discoteca-t632343/
Colombia;cartagena-de-indias-l362;656487;Excursion A Caballo En La Playa De Cartagena;https://www.getyourguide.com/es-es/cartagena-de-indias-l362/excursion-a-caballo-en-la-playa-de-cartagena-t656487/
Colombia;medellin-l1215;725615;Medellin Sube Y Conquista La Piramide Natural De Cerro Tusa;https://www.getyourguide.com/es-es/medellin-l1215/medellin-sube-y-conquista-la-piramide-natural-de-cerro-tusa-t725615/
Colombia;cartagena-de-indias-l362;766749;Visita Gastronomica Y Fotos Profesionales En El Casco Antiguo;https://www.getyourguide.com/es-es/cartagena-de-indias-l362/visita-gastronomica-y-fotos-profesionales-en-el-casco-antiguo-t766749/
Colombia;barranquilla-l95786;891390;Ruta Guiada Ciclismo De Bicicleta De Ruta Via A Puerto Colombia;https://www.getyourguide.com/es-es/barranquilla-l95786/ruta-guiada-ciclismo-de-bicicleta-de-ruta-via-a-puerto-colombia-t891390/
Colombia;bogota-l361;415926;Bogota Tour Guiado De Graffiti Y Arte Urbano De La Candelaria;https://www.getyourguide.com/es-es/bogota-l361/bogota-tour-guiado-de-graffiti-y-arte-urbano-de-la-candelaria-t415926/
Colombia;santa-rosa-de-cabal-l136683;969315;Santa Rosa De Cabal Tour Del Cafe En La Finca Del Cafe;https://www.getyourguide.com/es-es/santa-rosa-de-cabal-l136683/santa-rosa-de-cabal-tour-del-cafe-en-la-finca-del-cafe-t969315/
Colombia;medellin-l1215;453508;Medellin Tour Privado Por Guatape Con Paseo En Barco Y Helicoptero;https://www.getyourguide.com/es-es/medellin-l1215/medellin-tour-privado-por-guatape-con-paseo-en-barco-y-helicoptero-t453508/
Colombia;popayan-l126433;1190926;Parque Nacional Purace Y Silvia Naturaleza Y Cultura Andina En 2 Dias;https://www.getyourguide.com/es-es/popayan-l126433/parque-nacional-purace-y-silvia-naturaleza-y-cultura-andina-en-2-dias-t1190926/
Colombia;medellin-l1215;1225734;Medellin Tour Privado Por La Comuna 13 Y Mercado De Frutas Exoticas;https://www.getyourguide.com/es-es/medellin-l1215/medellin-tour-privado-por-la-comuna-13-y-mercado-de-frutas-exoticas-t1225734/
Colombia;cartagena-de-indias-l362;800639;Descubre El Fascinante Aviario Nacional Ubicado En Isla Baru Cartagena;https://www.getyourguide.com/es-es/cartagena-de-indias-l362/descubre-el-fascinante-aviario-nacional-ubicado-en-isla-baru-cartagena-t800639/
Colombia;bogota-l361;833185;Bogota De Las Nubes A La Tierra Tour A Monserrate Y La Catedral De Sal;https://www.getyourguide.com/es-es/bogota-l361/bogota-de-las-nubes-a-la-tierra-tour-a-monserrate-y-la-catedral-de-sal-t833185/
Colombia;sachica-l219390;843211;Un Viaje Por La Cosmogonia Muisca Descubre Tour Ecologico En Sachica;https://www.getyourguide.com/es-es/sachica-l219390/un-viaje-por-la-cosmogonia-muisca-descubre-tour-ecologico-en-sachica-t843211/
Colombia;cartagena-de-indias-l362;899404;Tour Playa Tranquila;https://www.getyourguide.com/es-es/cartagena-de-indias-l362/tour-playa-tranquila-t899404/
Colombia;bogota-l361;949402;Bogota Tour Privado De Senderismo Ecologico;https://www.getyourguide.com/es-es/bogota-l361/bogota-tour-privado-de-senderismo-ecologico-t949402/
Colombia;baru-l120985;1331299;Cartagena Baru Playa Tranquila Day Trip With Lunch Beach Access;https://www.getyourguide.com/es-es/baru-l120985/cartagena-baru-playa-tranquila-day-trip-with-lunch-beach-access-t1331299/
Colombia;santa-marta-l32129;977140;Conoce El Pueblo De Los Palafitos En La Cienaga Grande De Santa Marta;https://www.getyourguide.com/es-es/santa-marta-l32129/conoce-el-pueblo-de-los-palafitos-en-la-cienaga-grande-de-santa-marta-t977140/
Colombia;cartagena-de-indias-l362;1042998;Cartagena Volcan De Lodo Y Puntos Destacados De La Ciudad;https://www.getyourguide.com/es-es/cartagena-de-indias-l362/cartagena-volcan-de-lodo-y-puntos-destacados-de-la-ciudad-t1042998/
Colombia;cali-colombia-l1213;1046372;Taller Corte Botellas Tu Primer Vaso Consciente En Cali Colombia;https://www.getyourguide.com/es-es/cali-colombia-l1213/taller-corte-botellas-tu-primer-vaso-consciente-en-cali-colombia-t1046372/
Colombia;cali-colombia-l1213;409746;Cali Observacion De Aves En La Cumbre;https://www.getyourguide.com/es-es/cali-colombia-l1213/cali-observacion-de-aves-en-la-cumbre-t409746/
Colombia;cartagena-de-indias-l362;1122581;Cartagena Pasadia Vip En Club Kabanna En Tierra Bomba;https://www.getyourguide.com/es-es/cartagena-de-indias-l362/cartagena-pasadia-vip-en-club-kabanna-en-tierra-bomba-t1122581/
Colombia;manizales-l126418;1213135;Pereira Avistamiento De Aves Para Naturalistas Avistadores Y Fotografos;https://www.getyourguide.com/es-es/manizales-l126418/pereira-avistamiento-de-aves-para-naturalistas-avistadores-y-fotografos-t1213135/
Colombia;cali-colombia-l1213;1237347;Cali Experiencia Salsera Con El Titere Cultura Y Rumba Calena;https://www.getyourguide.com/es-es/cali-colombia-l1213/cali-experiencia-salsera-con-el-titere-cultura-y-rumba-calena-t1237347/
Colombia;cartagena-de-indias-l362;640354;Cartagena Traslado Al Aeropuerto A Cualquier Hotel De Manga;https://www.getyourguide.com/es-es/cartagena-de-indias-l362/cartagena-traslado-al-aeropuerto-a-cualquier-hotel-de-manga-t640354/
Colombia;cartagena-de-indias-l362;653730;Cartagena Paseos A Caballo Por Las Playas De Cartagena Fotos;https://www.getyourguide.com/es-es/cartagena-de-indias-l362/cartagena-paseos-a-caballo-por-las-playas-de-cartagena-fotos-t653730/
Colombia;cartagena-de-indias-l362;657029;Cartagena Isla Privada Con Coctel Tropical;https://www.getyourguide.com/es-es/cartagena-de-indias-l362/cartagena-isla-privada-con-coctel-tropical-t657029/
Colombia;medellin-l1215;667834;Graffiti Tour Comuna 13 Medellin;https://www.getyourguide.com/es-es/medellin-l1215/graffiti-tour-comuna-13-medellin-t667834/
Colombia;cartagena-de-indias-l362;798514;Oceanario En Barco Beach Club En Baru Con Almuerzo;https://www.getyourguide.com/es-es/cartagena-de-indias-l362/oceanario-en-barco-beach-club-en-baru-con-almuerzo-t798514/
Colombia;cartagena-de-indias-l362;828262;Cartagena Excursion Premium De Un Dia A Las Cinco Islas;https://www.getyourguide.com/es-es/cartagena-de-indias-l362/cartagena-excursion-premium-de-un-dia-a-las-cinco-islas-t828262/
Colombia;cartagena-de-indias-l362;833996;Cartagena Excursion De Un Dia A San Basilio De Palenque Con Almuerzo;https://www.getyourguide.com/es-es/cartagena-de-indias-l362/cartagena-excursion-de-un-dia-a-san-basilio-de-palenque-con-almuerzo-t833996/
Colombia;bogota-l361;241857;Bogota Paseo A Caballo;https://www.getyourguide.com/es-es/bogota-l361/bogota-paseo-a-caballo-t241857/
Colombia;bogota-l361;327041;Bogota Tour De La Ciudad De 7 Horas Con Visita Al Museo Del Oro Y Teleferico;https://www.getyourguide.com/es-es/bogota-l361/bogota-tour-de-la-ciudad-de-7-horas-con-visita-al-museo-del-oro-y-teleferico-t327041/
Colombia;barichara-l209940;893656;Cuatrimoto Barichara Aventura Entre Caminos Coloniales Y Paisajes Epicos;https://www.getyourguide.com/es-es/barichara-l209940/cuatrimoto-barichara-aventura-entre-caminos-coloniales-y-paisajes-epicos-t893656/
Colombia;santa-marta-l32129;942583;Desde Santa Marta O Minca Trekking De 2 Dias Al Cerro Kennedy;https://www.getyourguide.com/es-es/santa-marta-l32129/desde-santa-marta-o-minca-trekking-de-2-dias-al-cerro-kennedy-t942583/
Colombia;cartagena-de-indias-l362;1010046;Cartagena Cata De Cervezas Artesanales;https://www.getyourguide.com/es-es/cartagena-de-indias-l362/cartagena-cata-de-cervezas-artesanales-t1010046/
Colombia;cartagena-de-indias-l362;1051035;Un Dia De Playa En Tierra Bomba En The Pink Mango;https://www.getyourguide.com/es-es/cartagena-de-indias-l362/un-dia-de-playa-en-tierra-bomba-en-the-pink-mango-t1051035/
Colombia;medellin-l1215;514411;Medellin City Tour Por 3 Horas Transporte Guia;https://www.getyourguide.com/es-es/medellin-l1215/medellin-city-tour-por-3-horas-transporte-guia-t514411/
Colombia;medellin-l1215;528737;Excursion De 1 Dia A Guatape;https://www.getyourguide.com/es-es/medellin-l1215/excursion-de-1-dia-a-guatape-t528737/
Colombia;cartagena-de-indias-l362;1095869;Cartagena Fiesta En El Atardecer En Bote Y Club De Playa;https://www.getyourguide.com/es-es/cartagena-de-indias-l362/cartagena-fiesta-en-el-atardecer-en-bote-y-club-de-playa-t1095869/
Colombia;santa-marta-l32129;563470;Avistamiento De Aves En Minca Sierra Nevada De Santa Marta;https://www.getyourguide.com/es-es/santa-marta-l32129/avistamiento-de-aves-en-minca-sierra-nevada-de-santa-marta-t563470/
Colombia;cartagena-de-indias-l362;1150124;Cartagena Tour Historico Compartido Por Palenque;https://www.getyourguide.com/es-es/cartagena-de-indias-l362/cartagena-tour-historico-compartido-por-palenque-t1150124/
Colombia;zipaquira-l131353;1177129;Tour Privado A Zipaquira Con Catedral De Sal Y Cata De Cafe Desde Bogota;https://www.getyourguide.com/es-es/zipaquira-l131353/tour-privado-a-zipaquira-con-catedral-de-sal-y-cata-de-cafe-desde-bogota-t1177129/
Colombia;cartagena-de-indias-l362;1225967;Cartagena 2X1 Islas Del Rosario Y Playa Blanca En Bus Rumba En Chiva;https://www.getyourguide.com/es-es/cartagena-de-indias-l362/cartagena-2x1-islas-del-rosario-y-playa-blanca-en-bus-rumba-en-chiva-t1225967/
Colombia;cartagena-de-indias-l362;771788;Cartagena Baru Playa Blanca Con Snorkeling Incluido;https://www.getyourguide.com/es-es/cartagena-de-indias-l362/cartagena-baru-playa-blanca-con-snorkeling-incluido-t771788/
Colombia;cartagena-de-indias-l362;827186;City Tour En La Ciudad De Santa Marta Desde Cartagena;https://www.getyourguide.com/es-es/cartagena-de-indias-l362/city-tour-en-la-ciudad-de-santa-marta-desde-cartagena-t827186/
Colombia;medellin-l1215;1300065;Fiesta En Barco En Guatape Tour De Dia Completo;https://www.getyourguide.com/es-es/medellin-l1215/fiesta-en-barco-en-guatape-tour-de-dia-completo-t1300065/
Colombia;barranquilla-l95786;1304456;Barranquilla Tour De La Ciudad Con Rio Cultura Y Sabores Locales;https://www.getyourguide.com/es-es/barranquilla-l95786/barranquilla-tour-de-la-ciudad-con-rio-cultura-y-sabores-locales-t1304456/
Colombia;santa-marta-l32129;1305712;Cacao Tour Experiencia En La Sierra Nevada;https://www.getyourguide.com/es-es/santa-marta-l32129/cacao-tour-experiencia-en-la-sierra-nevada-t1305712/
Colombia;medellin-l1215;956870;Medellin Tour Escobar Comuna 13 Recorrido Grupal En Espanol;https://www.getyourguide.com/es-es/medellin-l1215/medellin-tour-escobar-comuna-13-recorrido-grupal-en-espanol-t956870/
Colombia;medellin-l1215;54955;Medellin Experiencia En La Naturaleza Y Cascada Caminata;https://www.getyourguide.com/es-es/medellin-l1215/medellin-experiencia-en-la-naturaleza-y-cascada-caminata-t54955/
Colombia;bogota-l361;73806;Catedral De Sal De Zipaquira Y Lago De Guatavita;https://www.getyourguide.com/es-es/bogota-l361/catedral-de-sal-de-zipaquira-y-lago-de-guatavita-t73806/
Colombia;medellin-l1215;403118;Medellin Traslado Del Hotel Al Aeropuerto Jmc;https://www.getyourguide.com/es-es/medellin-l1215/medellin-traslado-del-hotel-al-aeropuerto-jmc-t403118/
Colombia;el-penol-l145060;422152;Medellin Guatape Finca De Cafe El Penol Tour Privado Y Frutas;https://www.getyourguide.com/es-es/el-penol-l145060/medellin-guatape-finca-de-cafe-el-penol-tour-privado-y-frutas-t422152/
Colombia;cartagena-de-indias-l362;538044;Visita Privada A La Ciudad Vieja De Cartagena;https://www.getyourguide.com/es-es/cartagena-de-indias-l362/visita-privada-a-la-ciudad-vieja-de-cartagena-t538044/
Colombia;bogota-l361;635501;Bogota Tour Del Cafe Filtracion Y Experiencia Espresso;https://www.getyourguide.com/es-es/bogota-l361/bogota-tour-del-cafe-filtracion-y-experiencia-espresso-t635501/
Colombia;marinilla-l180126;1245179;Medellin Guatape Vip Vuelo Helicoptero Paseo Bote Piedra Del Penol;https://www.getyourguide.com/es-es/marinilla-l180126/medellin-guatape-vip-vuelo-helicoptero-paseo-bote-piedra-del-penol-t1245179/
Colombia;cartagena-de-indias-l362;750043;Cartagena Traslado De Los Hoteles De Cartagena Al Aeropuerto;https://www.getyourguide.com/es-es/cartagena-de-indias-l362/cartagena-traslado-de-los-hoteles-de-cartagena-al-aeropuerto-t750043/
Colombia;bogota-l361;785532;Desde Bogota Explora El Pueblo De Guatavita La Laguna Y La Casa Loca;https://www.getyourguide.com/es-es/bogota-l361/desde-bogota-explora-el-pueblo-de-guatavita-la-laguna-y-la-casa-loca-t785532/
Colombia;bogota-l361;790830;Bogota Visita Al Jardin Botanico Y La Casa De Betty La Fea;https://www.getyourguide.com/es-es/bogota-l361/bogota-visita-al-jardin-botanico-y-la-casa-de-betty-la-fea-t790830/
Colombia;medellin-l1215;1313154;Choco Selva Playa Y Mar Desde Medellin;https://www.getyourguide.com/es-es/medellin-l1215/choco-selva-playa-y-mar-desde-medellin-t1313154/
Colombia;bogota-l361;1315071;Pasaria Termales Choachi Visita Mirador Santuario Guadalupe;https://www.getyourguide.com/es-es/bogota-l361/pasaria-termales-choachi-visita-mirador-santuario-guadalupe-t1315071/
Colombia;zipaquira-l131353;1322499;Bogota Tour Por La Catedral De Sal De Zipaquira Y El Castillo Morisco;https://www.getyourguide.com/es-es/zipaquira-l131353/bogota-tour-por-la-catedral-de-sal-de-zipaquira-y-el-castillo-morisco-t1322499/
Colombia;cartagena-de-indias-l362;828225;Recorrido Fotografico Y En Video Gratuito Por La Moderna Cartagena;https://www.getyourguide.com/es-es/cartagena-de-indias-l362/recorrido-fotografico-y-en-video-gratuito-por-la-moderna-cartagena-t828225/
Colombia;santa-marta-l32129;828461;Santa Marta Tour Con Entrada Al Acuario Y Traslado A Playa Blanca;https://www.getyourguide.com/es-es/santa-marta-l32129/santa-marta-tour-con-entrada-al-acuario-y-traslado-a-playa-blanca-t828461/
Colombia;cartagena-de-indias-l362;861047;Recorrido Compartido Por Cartagena Vieja Y Getsemani Con Sistema Inalambrico;https://www.getyourguide.com/es-es/cartagena-de-indias-l362/recorrido-compartido-por-cartagena-vieja-y-getsemani-con-sistema-inalambrico-t861047/
Colombia;santa-marta-l32129;357170;Minca Excursion De Un Dia Entero Al Cafe Y El Cacao Desde Santa Marta;https://www.getyourguide.com/es-es/santa-marta-l32129/minca-excursion-de-un-dia-entero-al-cafe-y-el-cacao-desde-santa-marta-t357170/
Colombia;medellin-l1215;443099;Experiencia De Parapente;https://www.getyourguide.com/es-es/medellin-l1215/experiencia-de-parapente-t443099/
Colombia;minca-l176223;1043064;Santa Marta Y Minca Caminata Por La Selva Y Rappel En Cascadas;https://www.getyourguide.com/es-es/minca-l176223/santa-marta-y-minca-caminata-por-la-selva-y-rappel-en-cascadas-t1043064/
Colombia;cartagena-de-indias-l362;516998;Cartagena Selfie Tour A Pie;https://www.getyourguide.com/es-es/cartagena-de-indias-l362/cartagena-selfie-tour-a-pie-t516998/
Colombia;cartagena-de-indias-l362;1075265;Cartagena Una Noche En Las Azoteas Y Discotecas De Colombia;https://www.getyourguide.com/es-es/cartagena-de-indias-l362/cartagena-una-noche-en-las-azoteas-y-discotecas-de-colombia-t1075265/
Colombia;cartagena-de-indias-l362;592698;Cartagena Cata De Cerveza Artesana Colombiana;https://www.getyourguide.com/es-es/cartagena-de-indias-l362/cartagena-cata-de-cerveza-artesana-colombiana-t592698/
Colombia;cartagena-de-indias-l362;655225;Cartagenacity Tour En Ingles Por La Ciudad;https://www.getyourguide.com/es-es/cartagena-de-indias-l362/cartagenacity-tour-en-ingles-por-la-ciudad-t655225/
Colombia;cartagena-de-indias-l362;663026;Isla Del Pirata Pasadia;https://www.getyourguide.com/es-es/cartagena-de-indias-l362/isla-del-pirata-pasadia-t663026/
Colombia;guatape-l114702;1241135;Desde Medellin Guatape Y El Penol Con Recogida En El Hotel;https://www.getyourguide.com/es-es/guatape-l114702/desde-medellin-guatape-y-el-penol-con-recogida-en-el-hotel-t1241135/
Colombia;salento-colombia-l32675;792011;Excursion A Filandia Salento Y Valle Del Cocora;https://www.getyourguide.com/es-es/salento-colombia-l32675/excursion-a-filandia-salento-y-valle-del-cocora-t792011/
Colombia;cartagena-de-indias-l362;1297562;Cartagena Pase De 1 Dia Para Makani Beach Club Con Traslado En Barco;https://www.getyourguide.com/es-es/cartagena-de-indias-l362/cartagena-pase-de-1-dia-para-makani-beach-club-con-traslado-en-barco-t1297562/
Colombia;san-felix-l191151;970048;Medellin Vuela 20Mins Con Las Leyendas Del Parapente En San Felix;https://www.getyourguide.com/es-es/san-felix-l191151/medellin-vuela-20mins-con-las-leyendas-del-parapente-en-san-felix-t970048/
Colombia;barichara-l209940;1015171;Barichara O San Gil Excursion De Un Dia A Pescaderito Y Curiti;https://www.getyourguide.com/es-es/barichara-l209940/barichara-o-san-gil-excursion-de-un-dia-a-pescaderito-y-curiti-t1015171/
Colombia;san-andres-colombia-l180220;418264;San Andres Traslado Privado De Ida Desde El Aeropuerto Adz;https://www.getyourguide.com/es-es/san-andres-colombia-l180220/san-andres-traslado-privado-de-ida-desde-el-aeropuerto-adz-t418264/
Colombia;medellin-l1215;1229204;Medellin Degustacion De Queso Y Cafe Colombiano;https://www.getyourguide.com/es-es/medellin-l1215/medellin-degustacion-de-queso-y-cafe-colombiano-t1229204/
Colombia;sesquile-l143730;1283582;Tour Arepa Y Postre Guatavita Casa Loca Catedral De Sal Y 7 Lugares Mas;https://www.getyourguide.com/es-es/sesquile-l143730/tour-arepa-y-postre-guatavita-casa-loca-catedral-de-sal-y-7-lugares-mas-t1283582/
Colombia;fredonia-l147778;1293888;Retiro De Bienestar Creativo En La Naturaleza Cerca De Medellin;https://www.getyourguide.com/es-es/fredonia-l147778/retiro-de-bienestar-creativo-en-la-naturaleza-cerca-de-medellin-t1293888/
Colombia;bogota-l361;777175;Chapinero El Mejor Tour De Cerveza Artesanal En Bogota;https://www.getyourguide.com/es-es/bogota-l361/chapinero-el-mejor-tour-de-cerveza-artesanal-en-bogota-t777175/
Colombia;popayan-l126433;777181;Descubre Lo Inusual Del Parque Natural Purace;https://www.getyourguide.com/es-es/popayan-l126433/descubre-lo-inusual-del-parque-natural-purace-t777181/
Colombia;medellin-l1215;810156;Medellin City Tour Ciudad Nocturno Barra Libre;https://www.getyourguide.com/es-es/medellin-l1215/medellin-city-tour-ciudad-nocturno-barra-libre-t810156/
Colombia;medellin-l1215;821269;Medellin Tour En Cuatrimoto Atv Por 3 Montanas Y Cascada;https://www.getyourguide.com/es-es/medellin-l1215/medellin-tour-en-cuatrimoto-atv-por-3-montanas-y-cascada-t821269/
Colombia;santa-marta-l32129;828482;Santa Marta Tour A Playa Inca Inca Con Almuerzo Y Kayak;https://www.getyourguide.com/es-es/santa-marta-l32129/santa-marta-tour-a-playa-inca-inca-con-almuerzo-y-kayak-t828482/
Colombia;santa-marta-l32129;829195;Caminata Guiada De 4 Dias A La Ciudad Perdida De Santa Marta;https://www.getyourguide.com/es-es/santa-marta-l32129/caminata-guiada-de-4-dias-a-la-ciudad-perdida-de-santa-marta-t829195/
Colombia;cartagena-de-indias-l362;990331;Cartagena Tour De Medio Dia Por La Gastronomia De Cartagena;https://www.getyourguide.com/es-es/cartagena-de-indias-l362/cartagena-tour-de-medio-dia-por-la-gastronomia-de-cartagena-t990331/
Colombia;cartagena-de-indias-l362;993682;Cartagena Taller Artesanal Con Escamas Y Coco Guiado Por Artesanas Locales;https://www.getyourguide.com/es-es/cartagena-de-indias-l362/cartagena-taller-artesanal-con-escamas-y-coco-guiado-por-artesanas-locales-t993682/
Colombia;guatape-l114702;1009983;Guatape 2 Dias De Taller De Dj Y Tour Cultural;https://www.getyourguide.com/es-es/guatape-l114702/guatape-2-dias-de-taller-de-dj-y-tour-cultural-t1009983/
Colombia;medellin-l1215;1010010;Medellin Tour A Una Finca De Chocolate Con Exfoliacion De Cacao;https://www.getyourguide.com/es-es/medellin-l1215/medellin-tour-a-una-finca-de-chocolate-con-exfoliacion-de-cacao-t1010010/
Colombia;zipaquira-l131353;1066422;Tour En Tren Turistico De La Sabana Hacia Zipaquira Y Cajica;https://www.getyourguide.com/es-es/zipaquira-l131353/tour-en-tren-turistico-de-la-sabana-hacia-zipaquira-y-cajica-t1066422/
Colombia;medellin-l1215;602916;Medellin Tour Pablo Escobar Y Comuna 13;https://www.getyourguide.com/es-es/medellin-l1215/medellin-tour-pablo-escobar-y-comuna-13-t602916/
Colombia;guatape-l114702;1125813;Medellin Tour Privado A Guatape Y Piedra Del Penol;https://www.getyourguide.com/es-es/guatape-l114702/medellin-tour-privado-a-guatape-y-piedra-del-penol-t1125813/
Colombia;bogota-l361;667974;Bogota Tour Expres Con Guia Privado Y Transporte;https://www.getyourguide.com/es-es/bogota-l361/bogota-tour-expres-con-guia-privado-y-transporte-t667974/
Colombia;salento-colombia-l32675;1150056;Salento Tour En Finca Cafetera Don Elias Guia Inglesespanolfrances;https://www.getyourguide.com/es-es/salento-colombia-l32675/salento-tour-en-finca-cafetera-don-elias-guia-inglesespanolfrances-t1150056/
Colombia;popayan-l126433;1158084;Tour Cultural A Silvia Desde Popayan Vive La Experiencia Misak;https://www.getyourguide.com/es-es/popayan-l126433/tour-cultural-a-silvia-desde-popayan-vive-la-experiencia-misak-t1158084/
Colombia;cartagena-de-indias-l362;1172169;San Basilio De Palenque Ruta Turistica;https://www.getyourguide.com/es-es/cartagena-de-indias-l362/san-basilio-de-palenque-ruta-turistica-t1172169/
Colombia;el-penol-l145060;1224534;Medellin Tour Privado De 1 Dia A Guatape Y El Penol;https://www.getyourguide.com/es-es/el-penol-l145060/medellin-tour-privado-de-1-dia-a-guatape-y-el-penol-t1224534/
Colombia;cartagena-de-indias-l362;1299935;City Tour Centro Historico Y Plazas Coloniales Cartagena De Indias;https://www.getyourguide.com/es-es/cartagena-de-indias-l362/city-tour-centro-historico-y-plazas-coloniales-cartagena-de-indias-t1299935/
Colombia;leticia-l176618;1315055;;https://www.getyourguide.com/es-es/leticia-l176618/-t1315055/
Colombia;bogota-l361;969189;Bogota Tour Por El Paraiso Y Las Favelas En Teleferico;https://www.getyourguide.com/es-es/bogota-l361/bogota-tour-por-el-paraiso-y-las-favelas-en-teleferico-t969189/
Colombia;cali-colombia-l1213;986513;Cali Sabe Bien Autentico Tour De Comida Callejera Por La Capital De La Salsa;https://www.getyourguide.com/es-es/cali-colombia-l1213/cali-sabe-bien-autentico-tour-de-comida-callejera-por-la-capital-de-la-salsa-t986513/
Colombia;bogota-l361;1009387;El Legado De La Mochila Experiencia Kankuamo Ancestral Tejido;https://www.getyourguide.com/es-es/bogota-l361/el-legado-de-la-mochila-experiencia-kankuamo-ancestral-tejido-t1009387/
Colombia;santa-marta-l32129;1087990;Santa Marta Tour De Paddle Surf Y Chocolate En El Rio Don Diego;https://www.getyourguide.com/es-es/santa-marta-l32129/santa-marta-tour-de-paddle-surf-y-chocolate-en-el-rio-don-diego-t1087990/
Colombia;guatape-l114702;1168894;San Rafael Ruta De Senderismo Guiada Plantacion De Arboles Y Almuerzo Local;https://www.getyourguide.com/es-es/guatape-l114702/san-rafael-ruta-de-senderismo-guiada-plantacion-de-arboles-y-almuerzo-local-t1168894/
Colombia;san-andres-colombia-l180220;1181324;Paddle Board Atardecer Nocturno San Andres Islas;https://www.getyourguide.com/es-es/san-andres-colombia-l180220/paddle-board-atardecer-nocturno-san-andres-islas-t1181324/
Colombia;santa-marta-l32129;1214243;Parque Tayrona Atv Cuatrimotos Buggies Of Santa Marta Playa Del Medio;https://www.getyourguide.com/es-es/santa-marta-l32129/parque-tayrona-atv-cuatrimotos-buggies-of-santa-marta-playa-del-medio-t1214243/
Colombia;santa-marta-l32129;1260497;Tour En Yate Con Parada En 6 Playas De Santa Marta Almuerzo;https://www.getyourguide.com/es-es/santa-marta-l32129/tour-en-yate-con-parada-en-6-playas-de-santa-marta-almuerzo-t1260497/
Colombia;cali-colombia-l1213;1291882;Cali Experiencia De Salsa Con Cultura Local Baile Y Show En Vivo;https://www.getyourguide.com/es-es/cali-colombia-l1213/cali-experiencia-de-salsa-con-cultura-local-baile-y-show-en-vivo-t1291882/
Colombia;bucaramanga-l153985;645055;Excursion Al Parque Nacional Del Chicamocha Teleferico Incluido;https://www.getyourguide.com/es-es/bucaramanga-l153985/excursion-al-parque-nacional-del-chicamocha-teleferico-incluido-t645055/
Colombia;santa-marta-l32129;958529;Tour A Pie Patrimonial Historias Ocultas De Santa Marta;https://www.getyourguide.com/es-es/santa-marta-l32129/tour-a-pie-patrimonial-historias-ocultas-de-santa-marta-t958529/
Colombia;cartagena-de-indias-l362;453794;Visita Compartida A Pie Cartagena Centro Historico Y Getsemani;https://www.getyourguide.com/es-es/cartagena-de-indias-l362/visita-compartida-a-pie-cartagena-centro-historico-y-getsemani-t453794/
Colombia;guatape-l114702;962796;Desde Medellin Tour Guiado Por Guatape Cultura Paisajes Y Almuerzo;https://www.getyourguide.com/es-es/guatape-l114702/desde-medellin-tour-guiado-por-guatape-cultura-paisajes-y-almuerzo-t962796/
Colombia;san-gil-l148478;1014304;San Gil Tour Guiado Atv Cuatrimotos En Curiti;https://www.getyourguide.com/es-es/san-gil-l148478/san-gil-tour-guiado-atv-cuatrimotos-en-curiti-t1014304/
Colombia;medellin-l1215;1066467;Desde Medellin Tour Del Cafe Y Comuna 13 Con Transporte Privado;https://www.getyourguide.com/es-es/medellin-l1215/desde-medellin-tour-del-cafe-y-comuna-13-con-transporte-privado-t1066467/
Colombia;bogota-l361;1140065;Bogota Tour Sensorial;https://www.getyourguide.com/es-es/bogota-l361/bogota-tour-sensorial-t1140065/
Colombia;baru-l120985;680086;Cartagena Excursion De Un Dia Aviario Y Disfruta De Playa Blanca En Autobus;https://www.getyourguide.com/es-es/baru-l120985/cartagena-excursion-de-un-dia-aviario-y-disfruta-de-playa-blanca-en-autobus-t680086/
Colombia;medellin-l1215;1231864;Aventura En Cuatrimoto En Copacabana Con Transporte Desde Medellin;https://www.getyourguide.com/es-es/medellin-l1215/aventura-en-cuatrimoto-en-copacabana-con-transporte-desde-medellin-t1231864/
Colombia;jardin-l147774;1233500;Jardin El Pueblo Mas Lindo De Colombia Tour Privado Desde Medellin;https://www.getyourguide.com/es-es/jardin-l147774/jardin-el-pueblo-mas-lindo-de-colombia-tour-privado-desde-medellin-t1233500/
Colombia;bogota-l361;1262603;Tour Guiado A La Mina De Sal De Nemocon Y El Desierto De La Tatacoita;https://www.getyourguide.com/es-es/bogota-l361/tour-guiado-a-la-mina-de-sal-de-nemocon-y-el-desierto-de-la-tatacoita-t1262603/
Colombia;bogota-l361;820766;Bogota Ascenso Magico Caminata Al Mirador De Monserrate Perdon De Pecados;https://www.getyourguide.com/es-es/bogota-l361/bogota-ascenso-magico-caminata-al-mirador-de-monserrate-perdon-de-pecados-t820766/
Colombia;medellin-l1215;1295968; Guatape El Penol Tour Completo Bote Por El Lago;https://www.getyourguide.com/es-es/medellin-l1215/-guatape-el-penol-tour-completo-bote-por-el-lago-t1295968/
Colombia;medellin-l1215;933686;Medellin Recorrido Guiado De Arte Callejero Por La Comuna 13;https://www.getyourguide.com/es-es/medellin-l1215/medellin-recorrido-guiado-de-arte-callejero-por-la-comuna-13-t933686/
Colombia;santa-elena-colombia-l227758;936208;Tour Feria De Flores Medellin;https://www.getyourguide.com/es-es/santa-elena-colombia-l227758/tour-feria-de-flores-medellin-t936208/
Colombia;cartagena-de-indias-l362;957619;Ticket De Entrada Al Fuerte San Felipe Con Audioguia;https://www.getyourguide.com/es-es/cartagena-de-indias-l362/ticket-de-entrada-al-fuerte-san-felipe-con-audioguia-t957619/
Colombia;medellin-l1215;1000491;Medellin Tubing Magico Rio Arenal San Rafael;https://www.getyourguide.com/es-es/medellin-l1215/medellin-tubing-magico-rio-arenal-san-rafael-t1000491/
Colombia;bogota-l361;326466;Bogota Excursion Comuna El Paraiso Con Teleferico;https://www.getyourguide.com/es-es/bogota-l361/bogota-excursion-comuna-el-paraiso-con-teleferico-t326466/
Colombia;bogota-l361;1036045;Tour Gastronomico Por Bogota Frutas Exoticas Mercado Y Almuerzo Local;https://www.getyourguide.com/es-es/bogota-l361/tour-gastronomico-por-bogota-frutas-exoticas-mercado-y-almuerzo-local-t1036045/
Colombia;medellin-l1215;401514;Medellin Visita Guiada Privada De 55 Horas Por La Ciudad;https://www.getyourguide.com/es-es/medellin-l1215/medellin-visita-guiada-privada-de-55-horas-por-la-ciudad-t401514/
Colombia;cartagena-de-indias-l362;1122647;Cartagena With Soul Music Coffee Portraits;https://www.getyourguide.com/es-es/cartagena-de-indias-l362/cartagena-with-soul-music-coffee-portraits-t1122647/
Colombia;guatape-l114702;562482;Hola Soy Jessica Y Estoy Deseando Guiar A;https://www.getyourguide.com/es-es/guatape-l114702/hola-soy-jessica-y-estoy-deseando-guiar-a-t562482/
Colombia;cartagena-de-indias-l362;616870;Descubre La Historia Del Cafe Mientras Conoces La Ciudad;https://www.getyourguide.com/es-es/cartagena-de-indias-l362/descubre-la-historia-del-cafe-mientras-conoces-la-ciudad-t616870/
Colombia;leticia-l176618;623454;Amazonas Extremo;https://www.getyourguide.com/es-es/leticia-l176618/amazonas-extremo-t623454/
Colombia;baru-l120985;626367;Baru Disfruta De La Magia De Baru Eligiendo La Mejor Opcion Para Ti;https://www.getyourguide.com/es-es/baru-l120985/baru-disfruta-de-la-magia-de-baru-eligiendo-la-mejor-opcion-para-ti-t626367/
Colombia;bogota-l361;1243928;;https://www.getyourguide.com/es-es/bogota-l361/-t1243928/
Colombia;medellin-l1215;654395;Tour De La Ciudad Graffity Tour Comuna 13 Centro De Medellin;https://www.getyourguide.com/es-es/medellin-l1215/tour-de-la-ciudad-graffity-tour-comuna-13-centro-de-medellin-t654395/
Colombia;cali-colombia-l1213;726150;Escalada En Roca A Ritmo Fresco Cerca De Cali;https://www.getyourguide.com/es-es/cali-colombia-l1213/escalada-en-roca-a-ritmo-fresco-cerca-de-cali-t726150/
Colombia;cartagena-de-indias-l362;791214;Cartagena Buceo Padi;https://www.getyourguide.com/es-es/cartagena-de-indias-l362/cartagena-buceo-padi-t791214/
Colombia;medellin-l1215;1319584;Mirador El Picacho Medellin Tour A Pie En Atardecer Y Noche Con Libro Arte;https://www.getyourguide.com/es-es/medellin-l1215/mirador-el-picacho-medellin-tour-a-pie-en-atardecer-y-noche-con-libro-arte-t1319584/
Colombia;bogota-l361;824824;Bogota Tour Y Taller De Anillo En Esmeralda La Joya Colombiana;https://www.getyourguide.com/es-es/bogota-l361/bogota-tour-y-taller-de-anillo-en-esmeralda-la-joya-colombiana-t824824/
Colombia;bogota-l361;327151;Excursion Guiada A La Cascada De La Chorrera;https://www.getyourguide.com/es-es/bogota-l361/excursion-guiada-a-la-cascada-de-la-chorrera-t327151/
Colombia;salento-colombia-l32675;335531;Tour Por La Finca El Ocaso Desde Salento;https://www.getyourguide.com/es-es/salento-colombia-l32675/tour-por-la-finca-el-ocaso-desde-salento-t335531/
Colombia;la-ceja-l164975;971130;Medellin Tirolinas;https://www.getyourguide.com/es-es/la-ceja-l164975/medellin-tirolinas-t971130/
Colombia;barichara-l209940;990304;Santander La Ruta Donde Naci Con Comida Tipica Tradicional En Zona Rural;https://www.getyourguide.com/es-es/barichara-l209940/santander-la-ruta-donde-naci-con-comida-tipica-tradicional-en-zona-rural-t990304/
Colombia;cartagena-de-indias-l362;1010952;Cartagena Clase De Reposteria Colombiana Con Taza De Cafe;https://www.getyourguide.com/es-es/cartagena-de-indias-l362/cartagena-clase-de-reposteria-colombiana-con-taza-de-cafe-t1010952/
Colombia;cartagena-de-indias-l362;1031041;Cartagena 5 Islas Del Rosario Con Snorkeling Y Plancton Lo Mejor;https://www.getyourguide.com/es-es/cartagena-de-indias-l362/cartagena-5-islas-del-rosario-con-snorkeling-y-plancton-lo-mejor-t1031041/
Colombia;cartagena-de-indias-l362;1035028;Islas Del Rosario Tour Vip Con Open Bar En Hotel Isla Del Encanto;https://www.getyourguide.com/es-es/cartagena-de-indias-l362/islas-del-rosario-tour-vip-con-open-bar-en-hotel-isla-del-encanto-t1035028/
Colombia;santa-marta-l32129;1089946;Santa Marta Tour Privado En Barco A Bahia Concha Y Taganga;https://www.getyourguide.com/es-es/santa-marta-l32129/santa-marta-tour-privado-en-barco-a-bahia-concha-y-taganga-t1089946/
Colombia;medellin-l1215;1109223;Medellin Pineapple Farm Experience With Tasting;https://www.getyourguide.com/es-es/medellin-l1215/medellin-pineapple-farm-experience-with-tasting-t1109223/
Colombia;cartagena-de-indias-l362;1164732;Tour En Barco Privado Al Atardecer En Cartagena;https://www.getyourguide.com/es-es/cartagena-de-indias-l362/tour-en-barco-privado-al-atardecer-en-cartagena-t1164732/
Colombia;cartagena-de-indias-l362;569355;Noche Romantica En La Bahia De Cartagena;https://www.getyourguide.com/es-es/cartagena-de-indias-l362/noche-romantica-en-la-bahia-de-cartagena-t569355/
Colombia;popayan-l126433;1171275;Tierradentro Excursion Al Parque Arqueologico Desde Popayan;https://www.getyourguide.com/es-es/popayan-l126433/tierradentro-excursion-al-parque-arqueologico-desde-popayan-t1171275/
Colombia;san-agustin-colombia-l131748;573490;Tour Privado En Jeep Por Los Alrededores De San Agustin;https://www.getyourguide.com/es-es/san-agustin-colombia-l131748/tour-privado-en-jeep-por-los-alrededores-de-san-agustin-t573490/
Colombia;salento-colombia-l32675;573555;Senderismo Ornitologico Una Nueva Forma De Descubrir El Valle Del Cocora;https://www.getyourguide.com/es-es/salento-colombia-l32675/senderismo-ornitologico-una-nueva-forma-de-descubrir-el-valle-del-cocora-t573555/
Colombia;cartagena-de-indias-l362;1185291;Tour Rumbero Conociendo A Cartagena De Indias Nocturna;https://www.getyourguide.com/es-es/cartagena-de-indias-l362/tour-rumbero-conociendo-a-cartagena-de-indias-nocturna-t1185291/
Colombia;guarne-l143687;1277464;Medellin Tour De Avistamiento De Colibries Con Guia;https://www.getyourguide.com/es-es/guarne-l143687/medellin-tour-de-avistamiento-de-colibries-con-guia-t1277464/
Colombia;san-andres-colombia-l180220;817177;San Andres Tour Bahia Yate Rumbero Dj Y Animador;https://www.getyourguide.com/es-es/san-andres-colombia-l180220/san-andres-tour-bahia-yate-rumbero-dj-y-animador-t817177/
Colombia;cartagena-de-indias-l362;1313582;Cartagena Tour De Comida Callejera 6 Idiomas Disponibles;https://www.getyourguide.com/es-es/cartagena-de-indias-l362/cartagena-tour-de-comida-callejera-6-idiomas-disponibles-t1313582/
Colombia;cartagena-de-indias-l362;855830;Bahia De Cartagena Atardecer En Barco Con Bailes Y Barra Libre;https://www.getyourguide.com/es-es/cartagena-de-indias-l362/bahia-de-cartagena-atardecer-en-barco-con-bailes-y-barra-libre-t855830/
Colombia;cali-colombia-l1213;857024;Tour Compartido De Comida Local De Cali En El Mercado De La Alameda;https://www.getyourguide.com/es-es/cali-colombia-l1213/tour-compartido-de-comida-local-de-cali-en-el-mercado-de-la-alameda-t857024/
Colombia;bogota-l361;239517;Bogota Museo Del Oro Y Monserrate Tour Privado De Medio Dia;https://www.getyourguide.com/es-es/bogota-l361/bogota-museo-del-oro-y-monserrate-tour-privado-de-medio-dia-t239517/
Colombia;cartagena-de-indias-l362;990992;Cartagena Tour Privado De 2 Dias A Mompox Desde Cartagena;https://www.getyourguide.com/es-es/cartagena-de-indias-l362/cartagena-tour-privado-de-2-dias-a-mompox-desde-cartagena-t990992/
Colombia;medellin-l1215;410130;Medellin Tour Privado Pablo Escobar Y Comuna 13;https://www.getyourguide.com/es-es/medellin-l1215/medellin-tour-privado-pablo-escobar-y-comuna-13-t410130/
Colombia;pereira-l32650;418764;Pereira Traslado Privado De Ida Desde El Aeropuerto De Matecana;https://www.getyourguide.com/es-es/pereira-l32650/pereira-traslado-privado-de-ida-desde-el-aeropuerto-de-matecana-t418764/
Colombia;cartagena-de-indias-l362;1027434;Cartagena Clase De Surf Con Autobus Privado;https://www.getyourguide.com/es-es/cartagena-de-indias-l362/cartagena-clase-de-surf-con-autobus-privado-t1027434/
Colombia;guatape-l114702;1072534;Medellin Descubre Guatape La Piedra Y El Embalse En Barco;https://www.getyourguide.com/es-es/guatape-l114702/medellin-descubre-guatape-la-piedra-y-el-embalse-en-barco-t1072534/
Colombia;cartagena-de-indias-l362;1106037;Cartagena Tour Privado De Compras Con Impacto Social;https://www.getyourguide.com/es-es/cartagena-de-indias-l362/cartagena-tour-privado-de-compras-con-impacto-social-t1106037/
Colombia;bucaramanga-l153985;1108369;Bucaramanga City Tour Historico A Zapatoca Con Salida Desde Bmanga;https://www.getyourguide.com/es-es/bucaramanga-l153985/bucaramanga-city-tour-historico-a-zapatoca-con-salida-desde-bmanga-t1108369/
Colombia;barranquilla-l95786;1126141;Desde Cartagena Descubre Barranquilla La Ciudad Del Carnaval Y La Alegria;https://www.getyourguide.com/es-es/barranquilla-l95786/desde-cartagena-descubre-barranquilla-la-ciudad-del-carnaval-y-la-alegria-t1126141/
Colombia;cartagena-de-indias-l362;506338;Cartagena 6 Paradas En El Archipielago De Rosario Esnorquel Acuario Y Almuerzo;https://www.getyourguide.com/es-es/cartagena-de-indias-l362/cartagena-6-paradas-en-el-archipielago-de-rosario-esnorquel-acuario-y-almuerzo-t506338/
Colombia;cartagena-de-indias-l362;535604;Tour A La Isla De Las Fiestas Cholon;https://www.getyourguide.com/es-es/cartagena-de-indias-l362/tour-a-la-isla-de-las-fiestas-cholon-t535604/
Colombia;medellin-l1215;1201257;Medellin Tour De 3 Dias Por Las Cascadas De San Francisco Y Ruta De Senderismo;https://www.getyourguide.com/es-es/medellin-l1215/medellin-tour-de-3-dias-por-las-cascadas-de-san-francisco-y-ruta-de-senderismo-t1201257/
Colombia;cartagena-de-indias-l362;610530;Cartagena Citytourmonumentos Castillo Casco Antiguo Todo Incluido;https://www.getyourguide.com/es-es/cartagena-de-indias-l362/cartagena-citytourmonumentos-castillo-casco-antiguo-todo-incluido-t610530/
Colombia;tierra-bomba-l236704;1230602;Brunch Exclusivo En Beach Club En Tierra Bomba Con Mimosas Ilimitadas;https://www.getyourguide.com/es-es/tierra-bomba-l236704/brunch-exclusivo-en-beach-club-en-tierra-bomba-con-mimosas-ilimitadas-t1230602/
Colombia;bogota-l361;666822;Desde Bogota Excursion De Un Dia Al Parque Acuatico Psilago;https://www.getyourguide.com/es-es/bogota-l361/desde-bogota-excursion-de-un-dia-al-parque-acuatico-psilago-t666822/
Colombia;salento-colombia-l32675;1279021;Roast Your Own Coffee In Salento;https://www.getyourguide.com/es-es/salento-colombia-l32675/roast-your-own-coffee-in-salento-t1279021/
Colombia;medellin-l1215;743073;Tour Historico A Pie Por Medellin;https://www.getyourguide.com/es-es/medellin-l1215/tour-historico-a-pie-por-medellin-t743073/
Colombia;zipaquira-l131353;784510;Desde Bogota Visita A La Catedral De Sal Y Patrimonio Cultural;https://www.getyourguide.com/es-es/zipaquira-l131353/desde-bogota-visita-a-la-catedral-de-sal-y-patrimonio-cultural-t784510/
Colombia;cali-colombia-l1213;1310616;Cali Hiking A Las Jorobas De Camello Vistas Y Bano En El Rio;https://www.getyourguide.com/es-es/cali-colombia-l1213/cali-hiking-a-las-jorobas-de-camello-vistas-y-bano-en-el-rio-t1310616/
Colombia;bogota-l361;881059;Bogota Traslado Privado Desde Ida Aeropuerto El Dorado Al Destino Senalado;https://www.getyourguide.com/es-es/bogota-l361/bogota-traslado-privado-desde-ida-aeropuerto-el-dorado-al-destino-senalado-t881059/
Colombia;la-ceja-l164975;340761;Desde Medellin Excursion De Un Dia A Las Hamacas De Ensueno La Tirolina Y La Cascada;https://www.getyourguide.com/es-es/la-ceja-l164975/desde-medellin-excursion-de-un-dia-a-las-hamacas-de-ensueno-la-tirolina-y-la-cascada-t340761/
Colombia;bogota-l361;1048573;Bogota Modelando El Pasado Taller De Ceramica Prehispanica;https://www.getyourguide.com/es-es/bogota-l361/bogota-modelando-el-pasado-taller-de-ceramica-prehispanica-t1048573/
Colombia;cartagena-de-indias-l362;568694;Cartagena Excursion De Un Dia A La Isla De Tierra Bomba;https://www.getyourguide.com/es-es/cartagena-de-indias-l362/cartagena-excursion-de-un-dia-a-la-isla-de-tierra-bomba-t568694/
Colombia;bogota-l361;1222168;Bogota Tour Nocturno Privado;https://www.getyourguide.com/es-es/bogota-l361/bogota-tour-nocturno-privado-t1222168/
Colombia;bogota-l361;1226684;Bogota Visita Guiada A Un Rancho De Caballos Paso Fino;https://www.getyourguide.com/es-es/bogota-l361/bogota-visita-guiada-a-un-rancho-de-caballos-paso-fino-t1226684/
Colombia;santa-marta-l32129;666632;Magdalena Crucero Por El Parque Tayrona Con Snorkel Y Playas;https://www.getyourguide.com/es-es/santa-marta-l32129/magdalena-crucero-por-el-parque-tayrona-con-snorkel-y-playas-t666632/
Colombia;buenavista-l144733;762024;Excursion De Un Dia En Parapente Volador En Calarca;https://www.getyourguide.com/es-es/buenavista-l144733/excursion-de-un-dia-en-parapente-volador-en-calarca-t762024/
Colombia;medellin-l1215;819790;Tour Cabalgata;https://www.getyourguide.com/es-es/medellin-l1215/tour-cabalgata-t819790/
Colombia;san-andres-colombia-l180220;831241;San Andres Taller De Arte Coco;https://www.getyourguide.com/es-es/san-andres-colombia-l180220/san-andres-taller-de-arte-coco-t831241/
Colombia;cartagena-de-indias-l362;868539;Cartagena Tour Bahia En Catamaran Con Barra Libre Y Dj Discoteca;https://www.getyourguide.com/es-es/cartagena-de-indias-l362/cartagena-tour-bahia-en-catamaran-con-barra-libre-y-dj-discoteca-t868539/
Colombia;el-penol-l145060;953755;Medellin Excursion De 2 Dias A Pablo Escobar;https://www.getyourguide.com/es-es/el-penol-l145060/medellin-excursion-de-2-dias-a-pablo-escobar-t953755/
Colombia;bogota-l361;272367;Bogota Recorrido Por El Lago Guatavita Y Las Salinas De Nemocon;https://www.getyourguide.com/es-es/bogota-l361/bogota-recorrido-por-el-lago-guatavita-y-las-salinas-de-nemocon-t272367/
Colombia;cartagena-de-indias-l362;990230;Cartagena Colombian Cooking Class X 3 Hours;https://www.getyourguide.com/es-es/cartagena-de-indias-l362/cartagena-colombian-cooking-class-x-3-hours-t990230/
Colombia;cartagena-de-indias-l362;991032;Cartagena Magica City Tour Panoramico En Chiva Tour Bahia Y Barra Libre;https://www.getyourguide.com/es-es/cartagena-de-indias-l362/cartagena-magica-city-tour-panoramico-en-chiva-tour-bahia-y-barra-libre-t991032/
Colombia;medellin-l1215;1021004;Medellin Traslado Puerta A Puerta A Guatape Y Medellin;https://www.getyourguide.com/es-es/medellin-l1215/medellin-traslado-puerta-a-puerta-a-guatape-y-medellin-t1021004/
Colombia;bogota-l361;1066545;Bogota Y Los Andes Senderismo En Chia Tenjo Y El Patrimonio Indigena;https://www.getyourguide.com/es-es/bogota-l361/bogota-y-los-andes-senderismo-en-chia-tenjo-y-el-patrimonio-indigena-t1066545/
Colombia;medellin-l1215;453766;Tour Cafetero Desde Medellin Con Almuerzo Y Degustacion De Cafe;https://www.getyourguide.com/es-es/medellin-l1215/tour-cafetero-desde-medellin-con-almuerzo-y-degustacion-de-cafe-t453766/
Colombia;cartagena-de-indias-l362;526541;Cartagena Freedom Club En Isla Baru Playa Tranquila;https://www.getyourguide.com/es-es/cartagena-de-indias-l362/cartagena-freedom-club-en-isla-baru-playa-tranquila-t526541/
Colombia;salento-colombia-l32675;534082;Excursion A Salento Y Cocora Finca De Cafe Desde Pereiraarmenia;https://www.getyourguide.com/es-es/salento-colombia-l32675/excursion-a-salento-y-cocora-finca-de-cafe-desde-pereiraarmenia-t534082/
Colombia;salento-colombia-l32675;575032;Salento Tour Privado De Observacion De Aves Para Principiantes;https://www.getyourguide.com/es-es/salento-colombia-l32675/salento-tour-privado-de-observacion-de-aves-para-principiantes-t575032/
Colombia;cartagena-de-indias-l362;1193853;Cartagena Tour A Isla Del Pirata En Las Islas Del Rosario;https://www.getyourguide.com/es-es/cartagena-de-indias-l362/cartagena-tour-a-isla-del-pirata-en-las-islas-del-rosario-t1193853/
Colombia;cali-colombia-l1213;1221305;Tour A Pie Por La Historia De Cali Cultura Salsa Y Monumentos;https://www.getyourguide.com/es-es/cali-colombia-l1213/tour-a-pie-por-la-historia-de-cali-cultura-salsa-y-monumentos-t1221305/
Colombia;bogota-l361;1228438;Desde Bogota Lagunas De Siecha Y Experiencia Con Osos Andinos;https://www.getyourguide.com/es-es/bogota-l361/desde-bogota-lagunas-de-siecha-y-experiencia-con-osos-andinos-t1228438/
Colombia;cartagena-de-indias-l362;723526;Cartagena Almuerzo Comida Marinera Cartagenera Cocinada Por Mujeres Nativas;https://www.getyourguide.com/es-es/cartagena-de-indias-l362/cartagena-almuerzo-comida-marinera-cartagenera-cocinada-por-mujeres-nativas-t723526/
Colombia;san-andres-colombia-l180220;817662;San Andres Snuba Experiencia Bajo El Agua;https://www.getyourguide.com/es-es/san-andres-colombia-l180220/san-andres-snuba-experiencia-bajo-el-agua-t817662/
Colombia;cartagena-de-indias-l362;1302217;Cartagena Experiencia Vip En Yate Al Atardecer Con Coctel En La Discoteca;https://www.getyourguide.com/es-es/cartagena-de-indias-l362/cartagena-experiencia-vip-en-yate-al-atardecer-con-coctel-en-la-discoteca-t1302217/
Colombia;medellin-l1215;51504;Medellin Recorrido Religioso E Historico En Autobus;https://www.getyourguide.com/es-es/medellin-l1215/medellin-recorrido-religioso-e-historico-en-autobus-t51504/
Colombia;cartagena-de-indias-l362;71565;La Boquilla Excursion De 3 Horas En Canoa Por Los Manglares;https://www.getyourguide.com/es-es/cartagena-de-indias-l362/la-boquilla-excursion-de-3-horas-en-canoa-por-los-manglares-t71565/
Colombia;cartagena-de-indias-l362;1012739;Chiva Rumbera Privada Vip;https://www.getyourguide.com/es-es/cartagena-de-indias-l362/chiva-rumbera-privada-vip-t1012739/
Colombia;medellin-l1215;1050553;La Comuna 13 Narrada Por Sus Lideres;https://www.getyourguide.com/es-es/medellin-l1215/la-comuna-13-narrada-por-sus-lideres-t1050553/
Colombia;cartagena-de-indias-l362;1111310;Cartagena Conoce La Isla De Punta Arena Con Cerveza;https://www.getyourguide.com/es-es/cartagena-de-indias-l362/cartagena-conoce-la-isla-de-punta-arena-con-cerveza-t1111310/
Colombia;cartagena-de-indias-l362;1127027;Cartagena Tour De Aventura En Quad;https://www.getyourguide.com/es-es/cartagena-de-indias-l362/cartagena-tour-de-aventura-en-quad-t1127027/
Colombia;bogota-l361;519795;Traslados Aeropuerto Bogota;https://www.getyourguide.com/es-es/bogota-l361/traslados-aeropuerto-bogota-t519795/
Colombia;cartagena-de-indias-l362;519875;Cartagena Excursion En Canoa Por Los Manglares;https://www.getyourguide.com/es-es/cartagena-de-indias-l362/cartagena-excursion-en-canoa-por-los-manglares-t519875/
Colombia;cartagena-de-indias-l362;548957;Cartagena Chiva Party Bus Tour Con Entrada A Discoteca;https://www.getyourguide.com/es-es/cartagena-de-indias-l362/cartagena-chiva-party-bus-tour-con-entrada-a-discoteca-t548957/
Colombia;cartagena-de-indias-l362;1150839;Cartagena Conocimiento Capilar Y Trenzas De La Libertad En Palenque;https://www.getyourguide.com/es-es/cartagena-de-indias-l362/cartagena-conocimiento-capilar-y-trenzas-de-la-libertad-en-palenque-t1150839/
Colombia;santa-barbara-colombia-l240049;1151057;Medellin Parapente Y Glamping;https://www.getyourguide.com/es-es/santa-barbara-colombia-l240049/medellin-parapente-y-glamping-t1151057/
Colombia;cartagena-de-indias-l362;1205647;Cartagena Excursion De 1 Dia A Isla Amor Con Almuerzo Y Actividades;https://www.getyourguide.com/es-es/cartagena-de-indias-l362/cartagena-excursion-de-1-dia-a-isla-amor-con-almuerzo-y-actividades-t1205647/
Colombia;cartagena-de-indias-l362;690148;Conecta Con El Alma Africana De Cartagena 2 Horas;https://www.getyourguide.com/es-es/cartagena-de-indias-l362/conecta-con-el-alma-africana-de-cartagena-2-horas-t690148/
Colombia;cartagena-de-indias-l362;1254325;City Tour Privado En Tuk Tuk Sunset Bahia De Cartagena;https://www.getyourguide.com/es-es/cartagena-de-indias-l362/city-tour-privado-en-tuk-tuk-sunset-bahia-de-cartagena-t1254325/
Colombia;envigado-l145246;768304;Montar A Caballo Explora La Campina De Medellin;https://www.getyourguide.com/es-es/envigado-l145246/montar-a-caballo-explora-la-campina-de-medellin-t768304/
Colombia;barichara-l209940;786687;Senderismo Por Camino Real Barichara Cabrera Cascadas Y Canon Rio Suarez;https://www.getyourguide.com/es-es/barichara-l209940/senderismo-por-camino-real-barichara-cabrera-cascadas-y-canon-rio-suarez-t786687/
Colombia;medellin-l1215;794230;Tour Completo En Comuna 13 Graffitis Historia Y Delicias Callejeras;https://www.getyourguide.com/es-es/medellin-l1215/tour-completo-en-comuna-13-graffitis-historia-y-delicias-callejeras-t794230/
Colombia;el-penol-l145060;1300109;Tour En Jeep Rubicon En El Parque La Manuela;https://www.getyourguide.com/es-es/el-penol-l145060/tour-en-jeep-rubicon-en-el-parque-la-manuela-t1300109/
Colombia;cartagena-de-indias-l362;806962;Cartagena Partybus Tipico Con Animador Y Entrada Incluida A La Disco;https://www.getyourguide.com/es-es/cartagena-de-indias-l362/cartagena-partybus-tipico-con-animador-y-entrada-incluida-a-la-disco-t806962/
Colombia;bogota-l361;988523;Paintball Privado Desde Bogota;https://www.getyourguide.com/es-es/bogota-l361/paintball-privado-desde-bogota-t988523/
Colombia;bocachica-l181861;1055281;Bocachica Excursion De Un Dia Vip Al Atolon Beach Club Con Almuerzo;https://www.getyourguide.com/es-es/bocachica-l181861/bocachica-excursion-de-un-dia-vip-al-atolon-beach-club-con-almuerzo-t1055281/
Colombia;cartagena-de-indias-l362;1218475;Cartagena Tour A Pie Crucero En Barco Pirata Al Atardecer;https://www.getyourguide.com/es-es/cartagena-de-indias-l362/cartagena-tour-a-pie-crucero-en-barco-pirata-al-atardecer-t1218475/
Colombia;cartagena-de-indias-l362;1230707;Experiencia De Buceo Y Vida Nocturna En Playa Blanca;https://www.getyourguide.com/es-es/cartagena-de-indias-l362/experiencia-de-buceo-y-vida-nocturna-en-playa-blanca-t1230707/
Colombia;cali-colombia-l1213;654979;Excursion A La Cascada Del Rio Cali Pance;https://www.getyourguide.com/es-es/cali-colombia-l1213/excursion-a-la-cascada-del-rio-cali-pance-t654979/
Colombia;bogota-l361;759934;Bogota Tour Por Villa De Leyva Raquira Pozos Azules Y Puente De Boyaca;https://www.getyourguide.com/es-es/bogota-l361/bogota-tour-por-villa-de-leyva-raquira-pozos-azules-y-puente-de-boyaca-t759934/
Colombia;medellin-l1215;889660;Medellin Comuna 13 Sembradores De Amor Tour;https://www.getyourguide.com/es-es/medellin-l1215/medellin-comuna-13-sembradores-de-amor-tour-t889660/
Colombia;bogota-l361;202021;Tour Por Bogota La Candelaria Museo Del Oro Y Cerro De Monserrate;https://www.getyourguide.com/es-es/bogota-l361/tour-por-bogota-la-candelaria-museo-del-oro-y-cerro-de-monserrate-t202021/
Colombia;medellin-l1215;969430;Medellin Tour De La Ciudad En Turibus En Espanol;https://www.getyourguide.com/es-es/medellin-l1215/medellin-tour-de-la-ciudad-en-turibus-en-espanol-t969430/
Colombia;salento-colombia-l32675;1091647;Salento Alquiler De Bicicletas Con Casco Guantes Y Mapa;https://www.getyourguide.com/es-es/salento-colombia-l32675/salento-alquiler-de-bicicletas-con-casco-guantes-y-mapa-t1091647/
Colombia;bogota-l361;514300;Visita A Bogota En 3 Horas;https://www.getyourguide.com/es-es/bogota-l361/visita-a-bogota-en-3-horas-t514300/
Colombia;cartagena-de-indias-l362;526988;Baru Atardecer En La Playa Plancton Bioluminiscente;https://www.getyourguide.com/es-es/cartagena-de-indias-l362/baru-atardecer-en-la-playa-plancton-bioluminiscente-t526988/
Colombia;bogota-l361;1113818;Bogota Tour Por La Candelaria El Museo Del Oro Y El Cerro De Guadalupe;https://www.getyourguide.com/es-es/bogota-l361/bogota-tour-por-la-candelaria-el-museo-del-oro-y-el-cerro-de-guadalupe-t1113818/
Colombia;medellin-l1215;590980;Comuna 13 Graffiti Culture Tour Una Vision Local;https://www.getyourguide.com/es-es/medellin-l1215/comuna-13-graffiti-culture-tour-una-vision-local-t590980/
Colombia;san-agustin-colombia-l131748;1156939;San Agustin Excursion Al Parque Arqueologico;https://www.getyourguide.com/es-es/san-agustin-colombia-l131748/san-agustin-excursion-al-parque-arqueologico-t1156939/
Colombia;cartagena-de-indias-l362;1190962;Cartagena Sunset Plancton Magico En Mambo Beach Club Baru;https://www.getyourguide.com/es-es/cartagena-de-indias-l362/cartagena-sunset-plancton-magico-en-mambo-beach-club-baru-t1190962/
Colombia;bogota-l361;1220135;Somos Memorias Y Resistencias En Bogota Recorrido Guiado;https://www.getyourguide.com/es-es/bogota-l361/somos-memorias-y-resistencias-en-bogota-recorrido-guiado-t1220135/
Colombia;medellin-l1215;703421;Medellin Una Noche En El Mirador Del Cielo Con Actividades;https://www.getyourguide.com/es-es/medellin-l1215/medellin-una-noche-en-el-mirador-del-cielo-con-actividades-t703421/
Colombia;cartagena-de-indias-l362;753963;Cartagenatour A Convento Popa Ciudad Historica Y Getsemani;https://www.getyourguide.com/es-es/cartagena-de-indias-l362/cartagenatour-a-convento-popa-ciudad-historica-y-getsemani-t753963/
Colombia;minca-l176223;1273947;Minca Recorrido Por La Cascada Secreta Y Taller De Elaboracion De Chocolate;https://www.getyourguide.com/es-es/minca-l176223/minca-recorrido-por-la-cascada-secreta-y-taller-de-elaboracion-de-chocolate-t1273947/
Colombia;palomino-l183586;1332318;Palomino Experiencia Cultural En El Poblado Indigena Kogui;https://www.getyourguide.com/es-es/palomino-l183586/palomino-experiencia-cultural-en-el-poblado-indigena-kogui-t1332318/
Colombia;bogota-l361;889286;Tour Historico De Chapinero El Barrio Mas Vibrante De Bogota;https://www.getyourguide.com/es-es/bogota-l361/tour-historico-de-chapinero-el-barrio-mas-vibrante-de-bogota-t889286/
Colombia;medellin-l1215;1005791;Desde Medellin Tour Privado De Medio Dia Sobre El Cafe;https://www.getyourguide.com/es-es/medellin-l1215/desde-medellin-tour-privado-de-medio-dia-sobre-el-cafe-t1005791/
Colombia;san-andres-colombia-l180220;1010004;San Andres Curso Padi Open Water Diver Con Certificacion;https://www.getyourguide.com/es-es/san-andres-colombia-l180220/san-andres-curso-padi-open-water-diver-con-certificacion-t1010004/
Colombia;cartagena-de-indias-l362;1083201;Aprende A Preparar Tu Mejor Coctel Caribeno En Cartagena;https://www.getyourguide.com/es-es/cartagena-de-indias-l362/aprende-a-preparar-tu-mejor-coctel-caribeno-en-cartagena-t1083201/
Colombia;medellin-l1215;1085226;Medellin Tour Cultural Con Almuerzo Y Comuna 13;https://www.getyourguide.com/es-es/medellin-l1215/medellin-tour-cultural-con-almuerzo-y-comuna-13-t1085226/
Colombia;medellin-l1215;621705;Medellin Tour De La Ciudad Desde Dentro;https://www.getyourguide.com/es-es/medellin-l1215/medellin-tour-de-la-ciudad-desde-dentro-t621705/
Colombia;medellin-l1215;634588;Tour Star Medellin Viewpoints Fotografo Dron Y Fogata;https://www.getyourguide.com/es-es/medellin-l1215/tour-star-medellin-viewpoints-fotografo-dron-y-fogata-t634588/
Colombia;salento-colombia-l32675;641212;Tour Privado De La Plantacion Y Elaboracion Del Chocolate;https://www.getyourguide.com/es-es/salento-colombia-l32675/tour-privado-de-la-plantacion-y-elaboracion-del-chocolate-t641212/
Colombia;bogota-l361;1268841;Bogota Tour De Tostion De Cafe;https://www.getyourguide.com/es-es/bogota-l361/bogota-tour-de-tostion-de-cafe-t1268841/
Colombia;cartagena-de-indias-l362;420999;Excursion A Punta Arena En Kayak;https://www.getyourguide.com/es-es/cartagena-de-indias-l362/excursion-a-punta-arena-en-kayak-t420999/
Colombia;santa-marta-l32129;1083080;Santa Marta Tour De 2 Dias A Cabo De La Vela Con Comidas;https://www.getyourguide.com/es-es/santa-marta-l32129/santa-marta-tour-de-2-dias-a-cabo-de-la-vela-con-comidas-t1083080/
Colombia;santa-marta-l32129;1117463;Santa Marta Tour De La Ciudad Con Entrada A La Quinta De San Pedro;https://www.getyourguide.com/es-es/santa-marta-l32129/santa-marta-tour-de-la-ciudad-con-entrada-a-la-quinta-de-san-pedro-t1117463/
Colombia;salento-colombia-l32675;510609;Excursion Privada A Una Finca Cafetera Finca De Tu Eleccion;https://www.getyourguide.com/es-es/salento-colombia-l32675/excursion-privada-a-una-finca-cafetera-finca-de-tu-eleccion-t510609/
Colombia;el-penol-l145060;522567;Tour Guatape Todo Incluido Para Dos O Mas Personas;https://www.getyourguide.com/es-es/el-penol-l145060/tour-guatape-todo-incluido-para-dos-o-mas-personas-t522567/
Colombia;barranquilla-l95786;1195510;Barranquilla Vibra Cultura Ritmo Y Sabor;https://www.getyourguide.com/es-es/barranquilla-l95786/barranquilla-vibra-cultura-ritmo-y-sabor-t1195510/
Colombia;san-agustin-colombia-l131748;630459;Excursion Arqueologica En Bicicleta De Montana A La Chaquira Purutal;https://www.getyourguide.com/es-es/san-agustin-colombia-l131748/excursion-arqueologica-en-bicicleta-de-montana-a-la-chaquira-purutal-t630459/
Colombia;cartagena-de-indias-l362;633895;Playa Mangata Desde Cartagena;https://www.getyourguide.com/es-es/cartagena-de-indias-l362/playa-mangata-desde-cartagena-t633895/
Colombia;tierra-bomba-l236704;694290;Cartagena Dia Completo En Cristal Beach Club Vipalmuerzosnorkel;https://www.getyourguide.com/es-es/tierra-bomba-l236704/cartagena-dia-completo-en-cristal-beach-club-vipalmuerzosnorkel-t694290/
Colombia;medellin-l1215;1266282;;https://www.getyourguide.com/es-es/medellin-l1215/-t1266282/
Colombia;bogota-l361;856879;Maravillas De Sal La Catedral Subterranea De Colombia;https://www.getyourguide.com/es-es/bogota-l361/maravillas-de-sal-la-catedral-subterranea-de-colombia-t856879/
Colombia;bogota-l361;97599;Experiencia Cafetera Excursion A La Hacienda Coloma Desde Bogota;https://www.getyourguide.com/es-es/bogota-l361/experiencia-cafetera-excursion-a-la-hacienda-coloma-desde-bogota-t97599/
Colombia;medellin-l1215;1008251;Medellin Excursion De 1 Dia Con Rafting Hacienda Napoles Y Almuerzo;https://www.getyourguide.com/es-es/medellin-l1215/medellin-excursion-de-1-dia-con-rafting-hacienda-napoles-y-almuerzo-t1008251/
Colombia;cartagena-de-indias-l362;441333;Cartagena Tour Privado De La Ciudad Amurallada Y Getsemani;https://www.getyourguide.com/es-es/cartagena-de-indias-l362/cartagena-tour-privado-de-la-ciudad-amurallada-y-getsemani-t441333/
Colombia;cartagena-de-indias-l362;1075117;Cartagena De Noche Historia Cultura Y Vistas Panoramicas;https://www.getyourguide.com/es-es/cartagena-de-indias-l362/cartagena-de-noche-historia-cultura-y-vistas-panoramicas-t1075117/
Colombia;santa-marta-l32129;1183183;Minca Tour Al Amanecer En El Mirador Con Guia Local Cacao Y Cascada;https://www.getyourguide.com/es-es/santa-marta-l32129/minca-tour-al-amanecer-en-el-mirador-con-guia-local-cacao-y-cascada-t1183183/
Colombia;medellin-l1215;1217818;Medellin Nocturno Panchocha Rooftops Provenza Y Mas Vip;https://www.getyourguide.com/es-es/medellin-l1215/medellin-nocturno-panchocha-rooftops-provenza-y-mas-vip-t1217818/
Colombia;san-agustin-colombia-l131748;1004934;Tour Guiado A Pie Por Quinchana El Pueblo Ancestral Colorido;https://www.getyourguide.com/es-es/san-agustin-colombia-l131748/tour-guiado-a-pie-por-quinchana-el-pueblo-ancestral-colorido-t1004934/
Colombia;medellin-l1215;283367;Medellin Recorrido Por La Comuna 13 Con Teleferico;https://www.getyourguide.com/es-es/medellin-l1215/medellin-recorrido-por-la-comuna-13-con-teleferico-t283367/
Colombia;cartagena-de-indias-l362;1074342;Cartagena Excursion En Canoa Con Avistamiento De Aves Traslados Y Aperitivo;https://www.getyourguide.com/es-es/cartagena-de-indias-l362/cartagena-excursion-en-canoa-con-avistamiento-de-aves-traslados-y-aperitivo-t1074342/
Colombia;san-andres-colombia-l180220;390222;San Andres Alquiler De Carritos De Golf De 5 Plazas;https://www.getyourguide.com/es-es/san-andres-colombia-l180220/san-andres-alquiler-de-carritos-de-golf-de-5-plazas-t390222/
Colombia;bogota-l361;1103361;Bogota Tour A Pie Por La Candelaria Con Una Abuelita En Grupo Pequeno;https://www.getyourguide.com/es-es/bogota-l361/bogota-tour-a-pie-por-la-candelaria-con-una-abuelita-en-grupo-pequeno-t1103361/
Colombia;cartagena-de-indias-l362;429696;Cartagena Excursion A Las 5 Islas Con Snorkel Y Plancton;https://www.getyourguide.com/es-es/cartagena-de-indias-l362/cartagena-excursion-a-las-5-islas-con-snorkel-y-plancton-t429696/
Colombia;medellin-l1215;474527;Vuela En Parapente Sobre La Bella Medellin;https://www.getyourguide.com/es-es/medellin-l1215/vuela-en-parapente-sobre-la-bella-medellin-t474527/
Colombia;salento-colombia-l32675;1192082;Salento Tour En Bici De Montana Por La Region Cafetera Con Almuerzo;https://www.getyourguide.com/es-es/salento-colombia-l32675/salento-tour-en-bici-de-montana-por-la-region-cafetera-con-almuerzo-t1192082/
Colombia;salento-colombia-l32675;677512;Experiencia Con El Cannabis;https://www.getyourguide.com/es-es/salento-colombia-l32675/experiencia-con-el-cannabis-t677512/
Colombia;cartagena-de-indias-l362;1280006;Cartagena Palenque Autentico Con Almuerzo Y Degustaciones Locales;https://www.getyourguide.com/es-es/cartagena-de-indias-l362/cartagena-palenque-autentico-con-almuerzo-y-degustaciones-locales-t1280006/
Colombia;cartagena-de-indias-l362;690193;Cartagena Increible Taller De Chocolate Y Cacao Colombiano;https://www.getyourguide.com/es-es/cartagena-de-indias-l362/cartagena-increible-taller-de-chocolate-y-cacao-colombiano-t690193/
Colombia;bogota-l361;753431;Zipaquira Tour Privado A La Catedral De Sal Primera Maravilla De Colombia;https://www.getyourguide.com/es-es/bogota-l361/zipaquira-tour-privado-a-la-catedral-de-sal-primera-maravilla-de-colombia-t753431/
Colombia;bogota-l361;126644;Tour De Graffitis De Bogota;https://www.getyourguide.com/es-es/bogota-l361/tour-de-graffitis-de-bogota-t126644/
Colombia;bogota-l361;152137;Historia De Los Gansteres De Bogota;https://www.getyourguide.com/es-es/bogota-l361/historia-de-los-gansteres-de-bogota-t152137/
Colombia;zipaquira-l131353;929509;Catedral De Sal De Zipaquira Andres Carne De Res En Chia;https://www.getyourguide.com/es-es/zipaquira-l131353/catedral-de-sal-de-zipaquira-andres-carne-de-res-en-chia-t929509/
Colombia;palomino-l183586;435171;Tubing Y Excursion A Los Pueblos Indigenas Seviaka;https://www.getyourguide.com/es-es/palomino-l183586/tubing-y-excursion-a-los-pueblos-indigenas-seviaka-t435171/
Colombia;cartagena-de-indias-l362;991085;Cartagena Champeta Con Nosotros Es Una Vibra;https://www.getyourguide.com/es-es/cartagena-de-indias-l362/cartagena-champeta-con-nosotros-es-una-vibra-t991085/
Colombia;cartagena-de-indias-l362;454220;Vida Nocturna Fiesta En Barco Al Atardecer Tour Por El Casco Antiguo;https://www.getyourguide.com/es-es/cartagena-de-indias-l362/vida-nocturna-fiesta-en-barco-al-atardecer-tour-por-el-casco-antiguo-t454220/
Colombia;cartagena-de-indias-l362;1193115;Pasadia En Solarium Beach Club;https://www.getyourguide.com/es-es/cartagena-de-indias-l362/pasadia-en-solarium-beach-club-t1193115/
Colombia;medellin-l1215;1223076;Mirador Balcones En El Parque Arvi La Mejor Vista Panoramica De Medellin;https://www.getyourguide.com/es-es/medellin-l1215/mirador-balcones-en-el-parque-arvi-la-mejor-vista-panoramica-de-medellin-t1223076/
Colombia;bogota-l361;1281135;Tour Gastronomico Por Los Mercados De Bogota Degustaciones Locales E Historias Culinarias;https://www.getyourguide.com/es-es/bogota-l361/tour-gastronomico-por-los-mercados-de-bogota-degustaciones-locales-e-historias-culinarias-t1281135/
Colombia;medellin-l1215;845435;Parapente Cerca A Medellin San Felix Vuelo Con Gopro Fotos Y Videos;https://www.getyourguide.com/es-es/medellin-l1215/parapente-cerca-a-medellin-san-felix-vuelo-con-gopro-fotos-y-videos-t845435/
Colombia;bogota-l361;988498;Desde Bogota Experiencia De Caida Libre En Pendulo Desde La Cima De Una Montana;https://www.getyourguide.com/es-es/bogota-l361/desde-bogota-experiencia-de-caida-libre-en-pendulo-desde-la-cima-de-una-montana-t988498/
Colombia;cartagena-de-indias-l362;1100952;Paseo En Auto Antiguo Con Sesion De Fotos En Cartagena De Indias;https://www.getyourguide.com/es-es/cartagena-de-indias-l362/paseo-en-auto-antiguo-con-sesion-de-fotos-en-cartagena-de-indias-t1100952/
Colombia;cartagena-de-indias-l362;567806;Cartagena Totumo Mud Volcano Guia Bilingue Y Almuerzo;https://www.getyourguide.com/es-es/cartagena-de-indias-l362/cartagena-totumo-mud-volcano-guia-bilingue-y-almuerzo-t567806/
Colombia;manizales-l126418;1224645;Pereiramanizales Avistamiento Y Fotografia De Aves Tour De 2 Dias;https://www.getyourguide.com/es-es/manizales-l126418/pereiramanizales-avistamiento-y-fotografia-de-aves-tour-de-2-dias-t1224645/
Colombia;bogota-l361;1244023;Bogota Parque Jaime Duque Taj Mahal Bioparque Y Atracciones;https://www.getyourguide.com/es-es/bogota-l361/bogota-parque-jaime-duque-taj-mahal-bioparque-y-atracciones-t1244023/
Colombia;pereira-l32650;781974;Pereiraarmenia Fullday Traslado Salento Filandia Valle Cocora;https://www.getyourguide.com/es-es/pereira-l32650/pereiraarmenia-fullday-traslado-salento-filandia-valle-cocora-t781974/
Colombia;baru-l120985;830315;Cartagena Excursion De Un Dia A Playa Tranquila Con Almuerzo En Barco;https://www.getyourguide.com/es-es/baru-l120985/cartagena-excursion-de-un-dia-a-playa-tranquila-con-almuerzo-en-barco-t830315/
Colombia;cartagena-de-indias-l362;963542;Desde Cartagena 5 Islas Con Snorkel Playas Y Almuerzo Buffet;https://www.getyourguide.com/es-es/cartagena-de-indias-l362/desde-cartagena-5-islas-con-snorkel-playas-y-almuerzo-buffet-t963542/
Colombia;pasto-l101982;977960;Tour Lo Mejor De Narino 3 Dias;https://www.getyourguide.com/es-es/pasto-l101982/tour-lo-mejor-de-narino-3-dias-t977960/
Colombia;medellin-l1215;1042833;Medellin Paseo A Caballo Por Caldas Con Bebidas;https://www.getyourguide.com/es-es/medellin-l1215/medellin-paseo-a-caballo-por-caldas-con-bebidas-t1042833/
Colombia;san-andres-colombia-l180220;438934;San Andres Excursion A Johnny Cay Desde San Andres;https://www.getyourguide.com/es-es/san-andres-colombia-l180220/san-andres-excursion-a-johnny-cay-desde-san-andres-t438934/
Colombia;bogota-l361;1076855;Dos Pueblos Coloniales En Un Solo Dia Guatavita Y Villa De Leyva;https://www.getyourguide.com/es-es/bogota-l361/dos-pueblos-coloniales-en-un-solo-dia-guatavita-y-villa-de-leyva-t1076855/
Colombia;leticia-l176618;479072;Expreso Del Amazonas Explora Puerto Narino Y Los Lagos De Tarapoto;https://www.getyourguide.com/es-es/leticia-l176618/expreso-del-amazonas-explora-puerto-narino-y-los-lagos-de-tarapoto-t479072/
Colombia;cartagena-de-indias-l362;509610;Excursion De Dia Completo Al Aviario Nacional Y Al Plancton De Playa Blanca;https://www.getyourguide.com/es-es/cartagena-de-indias-l362/excursion-de-dia-completo-al-aviario-nacional-y-al-plancton-de-playa-blanca-t509610/
Colombia;medellin-l1215;518665;Visita Privada Del Centro De Medellin;https://www.getyourguide.com/es-es/medellin-l1215/visita-privada-del-centro-de-medellin-t518665/
Colombia;bogota-l361;1241279;Tour De Tarde Por Bogota Barrios Y Experiencias Emblematicas;https://www.getyourguide.com/es-es/bogota-l361/tour-de-tarde-por-bogota-barrios-y-experiencias-emblematicas-t1241279/
Colombia;medellin-l1215;1242212;Medellin Vuelo Tandem En Parapente Con Fotos Y Videos;https://www.getyourguide.com/es-es/medellin-l1215/medellin-vuelo-tandem-en-parapente-con-fotos-y-videos-t1242212/
Colombia;bogota-l361;661838;Candelaria Al Descubierto Cool Tural Heritage Walking Tour;https://www.getyourguide.com/es-es/bogota-l361/candelaria-al-descubierto-cool-tural-heritage-walking-tour-t661838/
Colombia;salento-colombia-l32675;1267342;Salento Palmas De Cera En 4X4 Por La Carbonera;https://www.getyourguide.com/es-es/salento-colombia-l32675/salento-palmas-de-cera-en-4x4-por-la-carbonera-t1267342/
Colombia;cartagena-de-indias-l362;722233;Cartagena Tipico Paseo En Balsa Colombiano Por Sus Canales;https://www.getyourguide.com/es-es/cartagena-de-indias-l362/cartagena-tipico-paseo-en-balsa-colombiano-por-sus-canales-t722233/
Colombia;salento-colombia-l32675;1300219;Tour Por El Valle Del Cocora Una Granja De Cafe Y Salento;https://www.getyourguide.com/es-es/salento-colombia-l32675/tour-por-el-valle-del-cocora-una-granja-de-cafe-y-salento-t1300219/
Colombia;medellin-l1215;917043;Medellin Visita De 2 Dias Al Jardin Y Taparto Con Alojamiento;https://www.getyourguide.com/es-es/medellin-l1215/medellin-visita-de-2-dias-al-jardin-y-taparto-con-alojamiento-t917043/
Colombia;cartagena-de-indias-l362;934710;Cartagena Excursion Islas Del Rosario Y Playa Blanca Con Snorkel O Acuario;https://www.getyourguide.com/es-es/cartagena-de-indias-l362/cartagena-excursion-islas-del-rosario-y-playa-blanca-con-snorkel-o-acuario-t934710/
Colombia;medellin-l1215;402030;Medellin Excursion De Un Dia En Bicicleta De Montana Con Almuerzo;https://www.getyourguide.com/es-es/medellin-l1215/medellin-excursion-de-un-dia-en-bicicleta-de-montana-con-almuerzo-t402030/
Colombia;bogota-l361;950797;Bogota La Mejor Noche De Juegos De Beber;https://www.getyourguide.com/es-es/bogota-l361/bogota-la-mejor-noche-de-juegos-de-beber-t950797/
Colombia;cartagena-de-indias-l362;959402;Cartagena Atardecer Por La Bahia De Cartagena Abordo De Flamante Catamaran;https://www.getyourguide.com/es-es/cartagena-de-indias-l362/cartagena-atardecer-por-la-bahia-de-cartagena-abordo-de-flamante-catamaran-t959402/
Colombia;bogota-l361;961792;Bogota Mitos Rituales Y Tesoros Antiguos Visita Al Museo Del Oro;https://www.getyourguide.com/es-es/bogota-l361/bogota-mitos-rituales-y-tesoros-antiguos-visita-al-museo-del-oro-t961792/
Colombia;cartagena-de-indias-l362;961999;Cartagena 3 Destinos Exclusivos En Las Islas Del Rosario;https://www.getyourguide.com/es-es/cartagena-de-indias-l362/cartagena-3-destinos-exclusivos-en-las-islas-del-rosario-t961999/
Colombia;santa-marta-l32129;517783;Ruta Gastronomica Por El Casco Antiguo De Santa Marta;https://www.getyourguide.com/es-es/santa-marta-l32129/ruta-gastronomica-por-el-casco-antiguo-de-santa-marta-t517783/
Colombia;cartagena-de-indias-l362;526380;Cartagena Excursion A Caballo Por La Playa;https://www.getyourguide.com/es-es/cartagena-de-indias-l362/cartagena-excursion-a-caballo-por-la-playa-t526380/
Colombia;el-penol-l145060;1081723;Medellin Excursion Privada De Un Dia A Guatape El Penol Y Taller De Arte;https://www.getyourguide.com/es-es/el-penol-l145060/medellin-excursion-privada-de-un-dia-a-guatape-el-penol-y-taller-de-arte-t1081723/
Colombia;salento-colombia-l32675;646705;Salento Valle Del Cocora Y Tour Del Cacao Desde Pereira O Armenia;https://www.getyourguide.com/es-es/salento-colombia-l32675/salento-valle-del-cocora-y-tour-del-cacao-desde-pereira-o-armenia-t646705/
Colombia;cali-colombia-l1213;724657;Cali Taller De Ceramica Para Turistas;https://www.getyourguide.com/es-es/cali-colombia-l1213/cali-taller-de-ceramica-para-turistas-t724657/
Colombia;el-penol-l145060;1223742;Medellin Combo Citytour Nocturno En Chiva Con Barra Libre Tour Guatape;https://www.getyourguide.com/es-es/el-penol-l145060/medellin-combo-citytour-nocturno-en-chiva-con-barra-libre-tour-guatape-t1223742/
Colombia;bogota-l361;790215;Bogota Consigna De Equipajes En El Centro;https://www.getyourguide.com/es-es/bogota-l361/bogota-consigna-de-equipajes-en-el-centro-t790215/
Colombia;medellin-l1215;1263654;Medellin Comuna 13 Grafitis Freestyle Comida Local Y Esmeraldas;https://www.getyourguide.com/es-es/medellin-l1215/medellin-comuna-13-grafitis-freestyle-comida-local-y-esmeraldas-t1263654/
Colombia;baru-l120985;910152;Islas Del Rosario Tour 5 Islas Golden Con Encanto Explorer;https://www.getyourguide.com/es-es/baru-l120985/islas-del-rosario-tour-5-islas-golden-con-encanto-explorer-t910152/
Colombia;san-gil-l148478;947656;San Gil Citytour De Dia O Noche A Barichara Y Guane Salida Desde San Gil;https://www.getyourguide.com/es-es/san-gil-l148478/san-gil-citytour-de-dia-o-noche-a-barichara-y-guane-salida-desde-san-gil-t947656/
Colombia;santa-marta-l32129;950810;Minca Magica Cascadas Taller De Cacao Y Cafe Desde Santa Marta;https://www.getyourguide.com/es-es/santa-marta-l32129/minca-magica-cascadas-taller-de-cacao-y-cafe-desde-santa-marta-t950810/
Colombia;pasto-l101982;1315236;Pasto City Tour Gastronomico Y Sabores Tipicos;https://www.getyourguide.com/es-es/pasto-l101982/pasto-city-tour-gastronomico-y-sabores-tipicos-t1315236/
Colombia;cartagena-de-indias-l362;989742;Cartagena Fiesta En Las Islas De Baru Cholon Y Rosario;https://www.getyourguide.com/es-es/cartagena-de-indias-l362/cartagena-fiesta-en-las-islas-de-baru-cholon-y-rosario-t989742/
Colombia;medellin-l1215;87962;Tour Privado Del Padrino De Pablo Escobar En Medellin;https://www.getyourguide.com/es-es/medellin-l1215/tour-privado-del-padrino-de-pablo-escobar-en-medellin-t87962/
Colombia;bogota-l361;126620;Recorrido Por La Ciudad De Monserrate En Bogota;https://www.getyourguide.com/es-es/bogota-l361/recorrido-por-la-ciudad-de-monserrate-en-bogota-t126620/
Colombia;bogota-l361;341981;Bogota Tour Privado De 3 Horas Por La Candelaria;https://www.getyourguide.com/es-es/bogota-l361/bogota-tour-privado-de-3-horas-por-la-candelaria-t341981/
Colombia;san-gil-l148478;1195671;San Gil Tour Por La Capital Turistica De Santander;https://www.getyourguide.com/es-es/san-gil-l148478/san-gil-tour-por-la-capital-turistica-de-santander-t1195671/
Colombia;santa-marta-l32129;461490;Santa Marta Crucero Al Atardecer Por La Bahia;https://www.getyourguide.com/es-es/santa-marta-l32129/santa-marta-crucero-al-atardecer-por-la-bahia-t461490/
Colombia;bogota-l361;1224752;Bogota Tour De Betty La Fea Con Entrada A La Casa Original;https://www.getyourguide.com/es-es/bogota-l361/bogota-tour-de-betty-la-fea-con-entrada-a-la-casa-original-t1224752/
Colombia;cali-colombia-l1213;518632;Recorrido A Pie Por El Centro De Cali;https://www.getyourguide.com/es-es/cali-colombia-l1213/recorrido-a-pie-por-el-centro-de-cali-t518632/
Colombia;cartagena-de-indias-l362;519813;Traslados Aeropuerto Cartagena;https://www.getyourguide.com/es-es/cartagena-de-indias-l362/traslados-aeropuerto-cartagena-t519813/
Colombia;cartagena-de-indias-l362;1280184;Cholon Tour En Barco Con Fiesta De Reggaeton Y Hip Hop Almuerzo Mayores De 18 Anos;https://www.getyourguide.com/es-es/cartagena-de-indias-l362/cholon-tour-en-barco-con-fiesta-de-reggaeton-y-hip-hop-almuerzo-mayores-de-18-anos-t1280184/
Colombia;cartagena-de-indias-l362;659607;Cartagenafiesta En Barco Con Barra Librelicores Tipicos Y Musica;https://www.getyourguide.com/es-es/cartagena-de-indias-l362/cartagenafiesta-en-barco-con-barra-librelicores-tipicos-y-musica-t659607/
Colombia;manizales-l126418;1320627;Tours Pasadia Nevado Del Ruiz;https://www.getyourguide.com/es-es/manizales-l126418/tours-pasadia-nevado-del-ruiz-t1320627/
Colombia;medellin-l1215;709644;Tour De La Ciudad Tour Graffiti Comuna 13 Centro De Medellin;https://www.getyourguide.com/es-es/medellin-l1215/tour-de-la-ciudad-tour-graffiti-comuna-13-centro-de-medellin-t709644/
Colombia;baru-l120985;710984;Barco Deportivo Isla Rosario Isla Privada Cholon Y Baru;https://www.getyourguide.com/es-es/baru-l120985/barco-deportivo-isla-rosario-isla-privada-cholon-y-baru-t710984/
Colombia;cartagena-de-indias-l362;771809;Cartagena Club De Playa Sol Y Papaya Excursion De Un Dia En Isla Grande;https://www.getyourguide.com/es-es/cartagena-de-indias-l362/cartagena-club-de-playa-sol-y-papaya-excursion-de-un-dia-en-isla-grande-t771809/
Colombia;bogota-l361;493601;Muros De Maravilla Viaje Inmersivo A Traves Del Graffiti De Distrito;https://www.getyourguide.com/es-es/bogota-l361/muros-de-maravilla-viaje-inmersivo-a-traves-del-graffiti-de-distrito-t493601/
Colombia;salento-colombia-l32675;965173;Senderismo Por El Valle Del Cocora Finca Cafetera Y Recorrido Por Salento;https://www.getyourguide.com/es-es/salento-colombia-l32675/senderismo-por-el-valle-del-cocora-finca-cafetera-y-recorrido-por-salento-t965173/
Colombia;bogota-l361;439034;Visita Completa A Pie Por El Centro De Bogota;https://www.getyourguide.com/es-es/bogota-l361/visita-completa-a-pie-por-el-centro-de-bogota-t439034/
Colombia;medellin-l1215;451858;Comuna 13 Experiencia Privada 5H;https://www.getyourguide.com/es-es/medellin-l1215/comuna-13-experiencia-privada-5h-t451858/
Colombia;medellin-l1215;1073935;Medellin Tour Por La Comuna 13 Con Degustacion De Bebidas Ancestrales;https://www.getyourguide.com/es-es/medellin-l1215/medellin-tour-por-la-comuna-13-con-degustacion-de-bebidas-ancestrales-t1073935/
Colombia;leticia-l176618;1117322;Leticia Tour De Supervivencia En La Selva Amazonica Con Nativos Ticuna;https://www.getyourguide.com/es-es/leticia-l176618/leticia-tour-de-supervivencia-en-la-selva-amazonica-con-nativos-ticuna-t1117322/
Colombia;san-gil-l148478;658812;Excursion En Quad Por Curiti Y Piscina Natural;https://www.getyourguide.com/es-es/san-gil-l148478/excursion-en-quad-por-curiti-y-piscina-natural-t658812/
Colombia;cartagena-de-indias-l362;804541;Cartagena Tour Beach House Tamarindo;https://www.getyourguide.com/es-es/cartagena-de-indias-l362/cartagena-tour-beach-house-tamarindo-t804541/
Colombia;cartagena-de-indias-l362;1266051;Experiencia Gastronomica Peruana Causa Y Pisco En Cartagena;https://www.getyourguide.com/es-es/cartagena-de-indias-l362/experiencia-gastronomica-peruana-causa-y-pisco-en-cartagena-t1266051/
Colombia;santa-marta-l32129;828094;Santamarta Tour Fiesta Blanca En Katamaran;https://www.getyourguide.com/es-es/santa-marta-l32129/santamarta-tour-fiesta-blanca-en-katamaran-t828094/
Colombia;salento-colombia-l32675;1283921;Coffee Farm Experience Filandia Cultural Tour From Salento;https://www.getyourguide.com/es-es/salento-colombia-l32675/coffee-farm-experience-filandia-cultural-tour-from-salento-t1283921/
Colombia;cartagena-de-indias-l362;861450;Cartagena Super Fiesta En Chiva Tipica Con Animador Por 2 Horas Y Disco;https://www.getyourguide.com/es-es/cartagena-de-indias-l362/cartagena-super-fiesta-en-chiva-tipica-con-animador-por-2-horas-y-disco-t861450/
Colombia;cartagena-de-indias-l362;1304377;Cartagena City Tour Acuatico Atardecer Fiesta Con Open Bar;https://www.getyourguide.com/es-es/cartagena-de-indias-l362/cartagena-city-tour-acuatico-atardecer-fiesta-con-open-bar-t1304377/
Colombia;santa-marta-l32129;1304451;Experiencia De Cacao Y Poza Del Amor En Tayrona;https://www.getyourguide.com/es-es/santa-marta-l32129/experiencia-de-cacao-y-poza-del-amor-en-tayrona-t1304451/
Colombia;medellin-l1215;877966;Medellin Excursion Guiada De Un Dia A Santa Fe De Antioquia;https://www.getyourguide.com/es-es/medellin-l1215/medellin-excursion-guiada-de-un-dia-a-santa-fe-de-antioquia-t877966/
Colombia;bogota-l361;929601;Bogota Montserrate La Candelaria Y Plaza Bolivar City Tour;https://www.getyourguide.com/es-es/bogota-l361/bogota-montserrate-la-candelaria-y-plaza-bolivar-city-tour-t929601/
Colombia;medellin-l1215;955950;Medellin Tour Por Comuna 13 Parque Botero Y Metrocable Con Guia Local;https://www.getyourguide.com/es-es/medellin-l1215/medellin-tour-por-comuna-13-parque-botero-y-metrocable-con-guia-local-t955950/
Colombia;bogota-l361;973590;Bogota Villa De Leyva Raquira Y Sutamarchan Excursion De Un Dia;https://www.getyourguide.com/es-es/bogota-l361/bogota-villa-de-leyva-raquira-y-sutamarchan-excursion-de-un-dia-t973590/
Colombia;medellin-l1215;1095810;Medellin Tour Guiado En Bosque En Sxs Utv En Can Am Turbo Rr Xrs 200Hp;https://www.getyourguide.com/es-es/medellin-l1215/medellin-tour-guiado-en-bosque-en-sxs-utv-en-can-am-turbo-rr-xrs-200hp-t1095810/
Colombia;cartagena-de-indias-l362;1102174;Cartagena Tour En Bici Por El Casco Antiguo;https://www.getyourguide.com/es-es/cartagena-de-indias-l362/cartagena-tour-en-bici-por-el-casco-antiguo-t1102174/
Colombia;cartagena-de-indias-l362;450227;Cartagena Fiesta En Barco A La Playa De Cholon Con 2 Bebidas Y Almuerzo;https://www.getyourguide.com/es-es/cartagena-de-indias-l362/cartagena-fiesta-en-barco-a-la-playa-de-cholon-con-2-bebidas-y-almuerzo-t450227/
Colombia;medellin-l1215;1131918;Historia Y Diversion Santa Fe De Antioquia Kanaloa Parque Acuatico;https://www.getyourguide.com/es-es/medellin-l1215/historia-y-diversion-santa-fe-de-antioquia-kanaloa-parque-acuatico-t1131918/
Colombia;santa-marta-l32129;1147186;Santa Marta Tour Quebrada Valencia O Guachaca Y Buritaca Con Almuerzo;https://www.getyourguide.com/es-es/santa-marta-l32129/santa-marta-tour-quebrada-valencia-o-guachaca-y-buritaca-con-almuerzo-t1147186/
Colombia;bogota-l361;514369;Visita A La Catedral De Sal De Zipaquira;https://www.getyourguide.com/es-es/bogota-l361/visita-a-la-catedral-de-sal-de-zipaquira-t514369/
Colombia;medellin-l1215;1169142;Medellin Beyond Escobar Un Legado Que Supera El Mito;https://www.getyourguide.com/es-es/medellin-l1215/medellin-beyond-escobar-un-legado-que-supera-el-mito-t1169142/
Colombia;cartagena-de-indias-l362;1175560;Cartagena Escape Caribeno En Playa Linda Tierra Bomba;https://www.getyourguide.com/es-es/cartagena-de-indias-l362/cartagena-escape-caribeno-en-playa-linda-tierra-bomba-t1175560/
Colombia;san-andres-colombia-l180220;1200173;San Andres Sesion De Fotos Profesional En La Playa;https://www.getyourguide.com/es-es/san-andres-colombia-l180220/san-andres-sesion-de-fotos-profesional-en-la-playa-t1200173/
Colombia;pasto-l101982;1262712;Pasto Cata De Cafe Para No Expertos Despierta Tus Sentidos;https://www.getyourguide.com/es-es/pasto-l101982/pasto-cata-de-cafe-para-no-expertos-despierta-tus-sentidos-t1262712/
Colombia;salento-colombia-l32675;661019;Reserva Un Guia Turistico Privado Por El Eje Cafetero;https://www.getyourguide.com/es-es/salento-colombia-l32675/reserva-un-guia-turistico-privado-por-el-eje-cafetero-t661019/
Colombia;salento-colombia-l32675;1282618;From Salento Cacao Farm Bean To Bar Chocolate Experience;https://www.getyourguide.com/es-es/salento-colombia-l32675/from-salento-cacao-farm-bean-to-bar-chocolate-experience-t1282618/
Colombia;zipaquira-l131353;1312258;Salt Cathedral Layover From Bogota Airport;https://www.getyourguide.com/es-es/zipaquira-l131353/salt-cathedral-layover-from-bogota-airport-t1312258/
Colombia;bogota-l361;762419;Desde Bogota Tour Catedral De Sal Y Andres Carne De Res Chia;https://www.getyourguide.com/es-es/bogota-l361/desde-bogota-tour-catedral-de-sal-y-andres-carne-de-res-chia-t762419/
Colombia;cali-colombia-l1213;193469;Cali Tour Del Cafe Autentica Experiencia Cafetera;https://www.getyourguide.com/es-es/cali-colombia-l1213/cali-tour-del-cafe-autentica-experiencia-cafetera-t193469/
Colombia;cali-colombia-l1213;221736;Cali Avistamiento De Ballenas En La Costa Pacifica Colombiana;https://www.getyourguide.com/es-es/cali-colombia-l1213/cali-avistamiento-de-ballenas-en-la-costa-pacifica-colombiana-t221736/
Colombia;cartagena-de-indias-l362;857967;Visita Compartida A La Ciudad Vieja De Cartagena Con Sistema De Audio Inalambrico;https://www.getyourguide.com/es-es/cartagena-de-indias-l362/visita-compartida-a-la-ciudad-vieja-de-cartagena-con-sistema-de-audio-inalambrico-t857967/
Colombia;medellin-l1215;299045;Medellin La Verdadera Excursion En Quad 4X4;https://www.getyourguide.com/es-es/medellin-l1215/medellin-la-verdadera-excursion-en-quad-4x4-t299045/
Colombia;salento-colombia-l32675;939849;Salento Valle Del Cocora Y Coffee Tour;https://www.getyourguide.com/es-es/salento-colombia-l32675/salento-valle-del-cocora-y-coffee-tour-t939849/
Colombia;baru-l120985;598355;Cartagenaexcursion De Un Dia Aviario Con Entrada Playa Blanca En Autobus;https://www.getyourguide.com/es-es/baru-l120985/cartagenaexcursion-de-un-dia-aviario-con-entrada-playa-blanca-en-autobus-t598355/
Colombia;manizales-l126418;1127103;Manizales Tour Privado En Vehiculo Blindado A Pereira;https://www.getyourguide.com/es-es/manizales-l126418/manizales-tour-privado-en-vehiculo-blindado-a-pereira-t1127103/
Colombia;neiva-l153229;838921;Neiva Traslado Aeropuerto Hotel;https://www.getyourguide.com/es-es/neiva-l153229/neiva-traslado-aeropuerto-hotel-t838921/
Colombia;cartagena-de-indias-l362;1252035;Cartagena Beach Club En Manzanillo Con Traslado Almuerzo Y Atardecer;https://www.getyourguide.com/es-es/cartagena-de-indias-l362/cartagena-beach-club-en-manzanillo-con-traslado-almuerzo-y-atardecer-t1252035/
Colombia;guatape-l114702;868384;Guatape Excursion En Tuk Tuk;https://www.getyourguide.com/es-es/guatape-l114702/guatape-excursion-en-tuk-tuk-t868384/
Colombia;riohacha-l201090;1294509;Pasadia A Cabo De La Vela Desde Riohacha;https://www.getyourguide.com/es-es/riohacha-l201090/pasadia-a-cabo-de-la-vela-desde-riohacha-t1294509/
Colombia;pasto-l101982;1304353;Pasto Tour De La Ciudad Con Taller De Artesania Y Degustacion De Hervidos;https://www.getyourguide.com/es-es/pasto-l101982/pasto-tour-de-la-ciudad-con-taller-de-artesania-y-degustacion-de-hervidos-t1304353/
Colombia;armenia-colombia-l192504;1329471;Quindio Tour Una Aventura Sobre Globos Parejas 50 Min;https://www.getyourguide.com/es-es/armenia-colombia-l192504/quindio-tour-una-aventura-sobre-globos-parejas-50-min-t1329471/
Colombia;envigado-l145246;1332110;Medellin Escapada De 3 Noches Con Tour A Guatape;https://www.getyourguide.com/es-es/envigado-l145246/medellin-escapada-de-3-noches-con-tour-a-guatape-t1332110/
Colombia;bogota-l361;73871;Visita Guiada Al Museo Botero De Bogota;https://www.getyourguide.com/es-es/bogota-l361/visita-guiada-al-museo-botero-de-bogota-t73871/
Colombia;medellin-l1215;1091772;Medellin La Casa Grande Coffee Hacienda Vive La Experiencia Del Cafe;https://www.getyourguide.com/es-es/medellin-l1215/medellin-la-casa-grande-coffee-hacienda-vive-la-experiencia-del-cafe-t1091772/
Colombia;el-penol-l145060;521909;Medellin Privado Guatape Penol Barco Y Granja;https://www.getyourguide.com/es-es/el-penol-l145060/medellin-privado-guatape-penol-barco-y-granja-t521909/
Colombia;cali-colombia-l1213;608115;Cali Recorrido Por La Cascada Del Rio Cali Y Las Grandes Pozas Del Rio;https://www.getyourguide.com/es-es/cali-colombia-l1213/cali-recorrido-por-la-cascada-del-rio-cali-y-las-grandes-pozas-del-rio-t608115/
Colombia;bogota-l361;1257967;Bogota Tour A Pie Por Mercados Historicos Y Calles Coloniales;https://www.getyourguide.com/es-es/bogota-l361/bogota-tour-a-pie-por-mercados-historicos-y-calles-coloniales-t1257967/
Colombia;bello-l205896;1306910;Medellin Vuelo Tandem En Parapente Con Fotos Y Videos;https://www.getyourguide.com/es-es/bello-l205896/medellin-vuelo-tandem-en-parapente-con-fotos-y-videos-t1306910/
Colombia;bogota-l361;1318786;Bogota Full City Tour Transporteentradas Guiarefrigerio;https://www.getyourguide.com/es-es/bogota-l361/bogota-full-city-tour-transporteentradas-guiarefrigerio-t1318786/
Colombia;baru-l120985;780466;Cartagena Tour 4 X 1 Lancha Rapida Islas Del Rosario Agua Azul Cholon Baru;https://www.getyourguide.com/es-es/baru-l120985/cartagena-tour-4-x-1-lancha-rapida-islas-del-rosario-agua-azul-cholon-baru-t780466/
Colombia;medellin-l1215;809340;Medellin Tour Privado De La Ciudad De Medellin Comuna 13;https://www.getyourguide.com/es-es/medellin-l1215/medellin-tour-privado-de-la-ciudad-de-medellin-comuna-13-t809340/
Colombia;cartagena-de-indias-l362;825817;Descubre La Magica Isla Paue En Las Islas Del Rosario Desde Cartagena;https://www.getyourguide.com/es-es/cartagena-de-indias-l362/descubre-la-magica-isla-paue-en-las-islas-del-rosario-desde-cartagena-t825817/
Colombia;bogota-l361;342961;Desde Bogota Parque Jaime Duque Y Catedral De Sal Con Almuerzo;https://www.getyourguide.com/es-es/bogota-l361/desde-bogota-parque-jaime-duque-y-catedral-de-sal-con-almuerzo-t342961/
Colombia;medellin-l1215;451848;Comuna 13 Centro De Medellin City Tour Privado 7H;https://www.getyourguide.com/es-es/medellin-l1215/comuna-13-centro-de-medellin-city-tour-privado-7h-t451848/
Colombia;cartagena-de-indias-l362;1051943;Nuevo Bahia De Cartagena Y Getsemani Tour En Bici Al Atardecer;https://www.getyourguide.com/es-es/cartagena-de-indias-l362/nuevo-bahia-de-cartagena-y-getsemani-tour-en-bici-al-atardecer-t1051943/
Colombia;guatape-l114702;591437;Desde Guatape 4 Horas De Tubing Privado Por El Rio Arenal;https://www.getyourguide.com/es-es/guatape-l114702/desde-guatape-4-horas-de-tubing-privado-por-el-rio-arenal-t591437/
Colombia;cartagena-de-indias-l362;608277;Tierra Bomba;https://www.getyourguide.com/es-es/cartagena-de-indias-l362/tierra-bomba-t608277/
Colombia;cali-colombia-l1213;685665;Cali Recorrido Por La Cascada Del Rio Pance Chorrera Del Indio;https://www.getyourguide.com/es-es/cali-colombia-l1213/cali-recorrido-por-la-cascada-del-rio-pance-chorrera-del-indio-t685665/
Colombia;guatape-l114702;749769;Observacion De Aves En Guatape Con Unas 400 Especies De Aves;https://www.getyourguide.com/es-es/guatape-l114702/observacion-de-aves-en-guatape-con-unas-400-especies-de-aves-t749769/
Colombia;medellin-l1215;749900;Desde Medellin Tour Privado Guatape El Penol Paseo En Barco;https://www.getyourguide.com/es-es/medellin-l1215/desde-medellin-tour-privado-guatape-el-penol-paseo-en-barco-t749900/
Colombia;minca-l176223;774161;Tour De Cafe Cacao Y Trekking Por Minca Naturaleza Agricultura Y Gente;https://www.getyourguide.com/es-es/minca-l176223/tour-de-cafe-cacao-y-trekking-por-minca-naturaleza-agricultura-y-gente-t774161/
Colombia;bogota-l361;1222268;Bogota Tour En Grupo Por La Vida Real De La Ciudad Y Los Distritos Culturales;https://www.getyourguide.com/es-es/bogota-l361/bogota-tour-en-grupo-por-la-vida-real-de-la-ciudad-y-los-distritos-culturales-t1222268/
Colombia;san-andres-colombia-l180220;817131;San Andres Traslado En Lancha Acuario Natural;https://www.getyourguide.com/es-es/san-andres-colombia-l180220/san-andres-traslado-en-lancha-acuario-natural-t817131/
Colombia;barcelona-colombia-l239065;1270383;Barcelona Tour En Tuk Tuk Con Historias Secretas;https://www.getyourguide.com/es-es/barcelona-colombia-l239065/barcelona-tour-en-tuk-tuk-con-historias-secretas-t1270383/
Colombia;puerto-narino-l176620;1322521;Puerto Narino Paseo Por La Selva Amazonica Reserva De Wochine Y Tour;https://www.getyourguide.com/es-es/puerto-narino-l176620/puerto-narino-paseo-por-la-selva-amazonica-reserva-de-wochine-y-tour-t1322521/
Colombia;cartagena-de-indias-l362;1081722;Increible Tour Por Cartagena Con Almuerzo Tradicional Caribeno;https://www.getyourguide.com/es-es/cartagena-de-indias-l362/increible-tour-por-cartagena-con-almuerzo-tradicional-caribeno-t1081722/
Colombia;cali-colombia-l1213;414220;Desde Cali Tour Privado En Moto A Cristo Rey Y Los Andes;https://www.getyourguide.com/es-es/cali-colombia-l1213/desde-cali-tour-privado-en-moto-a-cristo-rey-y-los-andes-t414220/
Colombia;san-andres-colombia-l180220;439011;San Andres Experiencia De Buceo Viaje De Ida Y Vuelta Al Hotel Incluido;https://www.getyourguide.com/es-es/san-andres-colombia-l180220/san-andres-experiencia-de-buceo-viaje-de-ida-y-vuelta-al-hotel-incluido-t439011/
Colombia;bogota-l361;1191831;Safari Artistico En San Felipe 5 Hrs;https://www.getyourguide.com/es-es/bogota-l361/safari-artistico-en-san-felipe-5-hrs-t1191831/
Colombia;bogota-l361;493530;Taller De Graffiti Divertido El Arte Del Aerosol Y El Color;https://www.getyourguide.com/es-es/bogota-l361/taller-de-graffiti-divertido-el-arte-del-aerosol-y-el-color-t493530/
Colombia;cartagena-de-indias-l362;512839;Cartagena Aventuras En Quad Con Craven Adventures;https://www.getyourguide.com/es-es/cartagena-de-indias-l362/cartagena-aventuras-en-quad-con-craven-adventures-t512839/
Colombia;boyaca-l2313;1264602;Tour Tras La Huella De La Esmeralda En Las Minas De Coscuez Boyaca Co;https://www.getyourguide.com/es-es/boyaca-l2313/tour-tras-la-huella-de-la-esmeralda-en-las-minas-de-coscuez-boyaca-co-t1264602/
Colombia;cartagena-de-indias-l362;664679;Cartagena Isla Privada En Islas Del Rosario Almuerzo Buffet;https://www.getyourguide.com/es-es/cartagena-de-indias-l362/cartagena-isla-privada-en-islas-del-rosario-almuerzo-buffet-t664679/
Colombia;medellin-l1215;1304153;Medellin Tour Sobre El Conflicto La Memoria Y La Transformacion De Colombia;https://www.getyourguide.com/es-es/medellin-l1215/medellin-tour-sobre-el-conflicto-la-memoria-y-la-transformacion-de-colombia-t1304153/
Colombia;gigante-colombia-l234955;1321121;Ruta Magica Del Cafe Del Huila;https://www.getyourguide.com/es-es/gigante-colombia-l234955/ruta-magica-del-cafe-del-huila-t1321121/
Colombia;bogota-l361;276267;Tour Diario Desde 1 Persona Guatavita Y Catedral De Sal;https://www.getyourguide.com/es-es/bogota-l361/tour-diario-desde-1-persona-guatavita-y-catedral-de-sal-t276267/
Colombia;guatape-l114702;383432;Medellin Tour A Penol Y Guatape Compartido;https://www.getyourguide.com/es-es/guatape-l114702/medellin-tour-a-penol-y-guatape-compartido-t383432/
Colombia;quimbaya-l214816;916885;Quimbaya Viaje Del Cacao Del Grano A La Felicidad Tour Por La Finca;https://www.getyourguide.com/es-es/quimbaya-l214816/quimbaya-viaje-del-cacao-del-grano-a-la-felicidad-tour-por-la-finca-t916885/
Colombia;cartagena-de-indias-l362;920656;Experiencia De Un Dia En Isla Del Encanto;https://www.getyourguide.com/es-es/cartagena-de-indias-l362/experiencia-de-un-dia-en-isla-del-encanto-t920656/
Colombia;medellin-l1215;980232;Medellin Alquiler De Triciclo Electrico Con Guia Para Tour Personalizado;https://www.getyourguide.com/es-es/medellin-l1215/medellin-alquiler-de-triciclo-electrico-con-guia-para-tour-personalizado-t980232/
Colombia;cartagena-de-indias-l362;1005081;Cartagena Tour En Barco Por Las Islas Del Rosario En El Capri Beach Club;https://www.getyourguide.com/es-es/cartagena-de-indias-l362/cartagena-tour-en-barco-por-las-islas-del-rosario-en-el-capri-beach-club-t1005081/
Colombia;santa-rosa-de-cabal-l136683;1041995;Ruta Magica Casa Tematicas Santa Rosa De Cabal;https://www.getyourguide.com/es-es/santa-rosa-de-cabal-l136683/ruta-magica-casa-tematicas-santa-rosa-de-cabal-t1041995/
Colombia;medellin-l1215;1081765;Medellin Tour Guiado Privado Sobre La Historia De Pablo Escobar;https://www.getyourguide.com/es-es/medellin-l1215/medellin-tour-guiado-privado-sobre-la-historia-de-pablo-escobar-t1081765/
Colombia;santa-marta-l32129;637309;Santa Marta Desde O Hacia El Parque Tayrona Traslado Privado;https://www.getyourguide.com/es-es/santa-marta-l32129/santa-marta-desde-o-hacia-el-parque-tayrona-traslado-privado-t637309/
Colombia;santa-marta-l32129;697206;Santa Marta Tayrona Bahia Concha Con Almuerzo Y Playa;https://www.getyourguide.com/es-es/santa-marta-l32129/santa-marta-tayrona-bahia-concha-con-almuerzo-y-playa-t697206/
Colombia;pereira-l32650;781911;Pereiraarmenia Full Day Ukumariconsota Entradas Individual;https://www.getyourguide.com/es-es/pereira-l32650/pereiraarmenia-full-day-ukumariconsota-entradas-individual-t781911/
Colombia;santa-marta-l32129;1203475;Minca Tour De 2 Dias Al Cerro Kennedy Con Cascada Y Noche En La Montana;https://www.getyourguide.com/es-es/santa-marta-l32129/minca-tour-de-2-dias-al-cerro-kennedy-con-cascada-y-noche-en-la-montana-t1203475/
Colombia;cartagena-de-indias-l362;819826;Cartagena 2H Fiesta Nocturna Sobre Ruedas Animador Y Paradas Para Fotos;https://www.getyourguide.com/es-es/cartagena-de-indias-l362/cartagena-2h-fiesta-nocturna-sobre-ruedas-animador-y-paradas-para-fotos-t819826/
Colombia;neiva-l153229;820725;Yaguara Tour Con Paseo Por El Embalse De Betania Y Degustacion De Quesillo;https://www.getyourguide.com/es-es/neiva-l153229/yaguara-tour-con-paseo-por-el-embalse-de-betania-y-degustacion-de-quesillo-t820725/
Colombia;zipaquira-l131353;1232904;Zipaquira Salt Cathedral Cabana Alpina Experience;https://www.getyourguide.com/es-es/zipaquira-l131353/zipaquira-salt-cathedral-cabana-alpina-experience-t1232904/
Colombia;el-penol-l145060;1307080;Tour En Cuatrimoto En El Parque La Manuela;https://www.getyourguide.com/es-es/el-penol-l145060/tour-en-cuatrimoto-en-el-parque-la-manuela-t1307080/
Colombia;medellin-l1215;972840;Medellin Tour Guatape Visita Penol Y Alto Del Chocho;https://www.getyourguide.com/es-es/medellin-l1215/medellin-tour-guatape-visita-penol-y-alto-del-chocho-t972840/
Colombia;manizales-l126418;1322751;Tour El Corazon Productivo Del Paisaje Cultural Cafetero Manizales;https://www.getyourguide.com/es-es/manizales-l126418/tour-el-corazon-productivo-del-paisaje-cultural-cafetero-manizales-t1322751/
Colombia;santa-marta-l32129;1014425;Minca Tour Al Cerro Kennedy Y La Finca Cafetera La Victoria;https://www.getyourguide.com/es-es/santa-marta-l32129/minca-tour-al-cerro-kennedy-y-la-finca-cafetera-la-victoria-t1014425/
Colombia;minca-l176223;1046415;Trek 5 Dias Ciudad Perdida Explora El Origen Con Guias Locales;https://www.getyourguide.com/es-es/minca-l176223/trek-5-dias-ciudad-perdida-explora-el-origen-con-guias-locales-t1046415/
Colombia;san-francisco-antioquia-l218711;1052847;Medellin Excursion De 1 Dia De Rafting Y Aventura En Rio Claro;https://www.getyourguide.com/es-es/san-francisco-antioquia-l218711/medellin-excursion-de-1-dia-de-rafting-y-aventura-en-rio-claro-t1052847/
Colombia;popayan-l126433;1146130;Desde Popayan Cascadas Del Parque Nacional De Purace;https://www.getyourguide.com/es-es/popayan-l126433/desde-popayan-cascadas-del-parque-nacional-de-purace-t1146130/
Colombia;villa-de-leyva-l2951;1166346;Villa De Leyva Visita Al Museo Del Chocolate Con Taller;https://www.getyourguide.com/es-es/villa-de-leyva-l2951/villa-de-leyva-visita-al-museo-del-chocolate-con-taller-t1166346/
Colombia;cartagena-de-indias-l362;1196706;Cartagena Recorrido Gastronomico En Cartagena Streetfood Privado;https://www.getyourguide.com/es-es/cartagena-de-indias-l362/cartagena-recorrido-gastronomico-en-cartagena-streetfood-privado-t1196706/
Colombia;cartagena-de-indias-l362;552543;Cartagena Pub Crawl De Fiesta Y De Fiesta En Getsemani;https://www.getyourguide.com/es-es/cartagena-de-indias-l362/cartagena-pub-crawl-de-fiesta-y-de-fiesta-en-getsemani-t552543/
Colombia;bogota-l361;1287466;;https://www.getyourguide.com/es-es/bogota-l361/-t1287466/
Colombia;salento-colombia-l32675;1291809;Coffee Cupping Experience Taste Like A Professional In Salento;https://www.getyourguide.com/es-es/salento-colombia-l32675/coffee-cupping-experience-taste-like-a-professional-in-salento-t1291809/
Colombia;cartagena-de-indias-l362;775682;Cartagena Tour Con Guia A San Basilio De Palenque;https://www.getyourguide.com/es-es/cartagena-de-indias-l362/cartagena-tour-con-guia-a-san-basilio-de-palenque-t775682/
Colombia;bogota-l361;784546;Bogota Tour Privado Guiado Con Monserrate Y La Candelaria;https://www.getyourguide.com/es-es/bogota-l361/bogota-tour-privado-guiado-con-monserrate-y-la-candelaria-t784546/
Colombia;cartagena-de-indias-l362;411142;Cartagena Recorrido Privado A Pie Por Los Grafitis De Getsemani Con Merienda;https://www.getyourguide.com/es-es/cartagena-de-indias-l362/cartagena-recorrido-privado-a-pie-por-los-grafitis-de-getsemani-con-merienda-t411142/
Colombia;bogota-l361;411821;Bogota Monserrate La Candelaria Y Museo Del Oro Tour Privado;https://www.getyourguide.com/es-es/bogota-l361/bogota-monserrate-la-candelaria-y-museo-del-oro-tour-privado-t411821/
Colombia;medellin-l1215;417073;Medellin Arvi Ancestral Coffee And Spa Tour Con Masaje;https://www.getyourguide.com/es-es/medellin-l1215/medellin-arvi-ancestral-coffee-and-spa-tour-con-masaje-t417073/
Colombia;medellin-l1215;920697;From Medellin Coffee Tour Y Tirolina En Las Montanas;https://www.getyourguide.com/es-es/medellin-l1215/from-medellin-coffee-tour-y-tirolina-en-las-montanas-t920697/
Colombia;bogota-l361;940986;A 90 Min Desde Bogota Tour De Cafe Artesanal Aves Cultura Y Guia Local;https://www.getyourguide.com/es-es/bogota-l361/a-90-min-desde-bogota-tour-de-cafe-artesanal-aves-cultura-y-guia-local-t940986/
Colombia;bogota-l361;973782;Bogota Tour De Arte Graffiti Con Servicio De Recogida Del Hotel;https://www.getyourguide.com/es-es/bogota-l361/bogota-tour-de-arte-graffiti-con-servicio-de-recogida-del-hotel-t973782/
Colombia;santa-marta-l32129;997780;Caminata Por El Paso Del Mango Jardin Botanico Y Chocolate;https://www.getyourguide.com/es-es/santa-marta-l32129/caminata-por-el-paso-del-mango-jardin-botanico-y-chocolate-t997780/
Colombia;bogota-l361;514310;Experiencia De Escalada En Roca En Suesca;https://www.getyourguide.com/es-es/bogota-l361/experiencia-de-escalada-en-roca-en-suesca-t514310/
Colombia;minca-l176223;1130197;Minca Tour De Un Dia Completo Con Jungle Joe;https://www.getyourguide.com/es-es/minca-l176223/minca-tour-de-un-dia-completo-con-jungle-joe-t1130197/
Colombia;cartagena-de-indias-l362;646529;Cartagena Barranquilla Y Santa Marta Todo Incluido;https://www.getyourguide.com/es-es/cartagena-de-indias-l362/cartagena-barranquilla-y-santa-marta-todo-incluido-t646529/
Colombia;cartagena-de-indias-l362;675446;Cartagena Pase De Un Dia Para El Club De Playa Todo Incluido La Punta;https://www.getyourguide.com/es-es/cartagena-de-indias-l362/cartagena-pase-de-un-dia-para-el-club-de-playa-todo-incluido-la-punta-t675446/
Colombia;cartagena-de-indias-l362;698828;Cartagena Desde Barranquilla Tour Por La Ciudad Desayuno Y Almuerzo;https://www.getyourguide.com/es-es/cartagena-de-indias-l362/cartagena-desde-barranquilla-tour-por-la-ciudad-desayuno-y-almuerzo-t698828/
Colombia;medellin-l1215;798387;Medellin City Tour Luxe Et Prive En Frances;https://www.getyourguide.com/es-es/medellin-l1215/medellin-city-tour-luxe-et-prive-en-frances-t798387/
Colombia;medellin-l1215;816871;Medellin Tour Guiado Por La Oscura Historia De Pablo Escobar;https://www.getyourguide.com/es-es/medellin-l1215/medellin-tour-guiado-por-la-oscura-historia-de-pablo-escobar-t816871/
Colombia;rionegro-l4649;1242305;Experiencia Privada A Caballo Por El Campo Colombiano;https://www.getyourguide.com/es-es/rionegro-l4649/experiencia-privada-a-caballo-por-el-campo-colombiano-t1242305/
Colombia;guane-l209943;1252285;Desde San Gil Excursion De 1 Dia A Barichara Y Guane Con Almuerzo Incluido;https://www.getyourguide.com/es-es/guane-l209943/desde-san-gil-excursion-de-1-dia-a-barichara-y-guane-con-almuerzo-incluido-t1252285/
Colombia;baru-l120985;848195;Cartagena Excursion De Un Dia A 4 Islas Almuerzo Caribeno;https://www.getyourguide.com/es-es/baru-l120985/cartagena-excursion-de-un-dia-a-4-islas-almuerzo-caribeno-t848195/
Colombia;cartagena-de-indias-l362;1278154;Friday Sunrise Paddle Tour In Castillogrande;https://www.getyourguide.com/es-es/cartagena-de-indias-l362/friday-sunrise-paddle-tour-in-castillogrande-t1278154/
Colombia;medellin-l1215;1300114;Medellin Tour De 3 Dias Por La Comuna 13 Guatape Y Una Finca;https://www.getyourguide.com/es-es/medellin-l1215/medellin-tour-de-3-dias-por-la-comuna-13-guatape-y-una-finca-t1300114/
Colombia;medellin-l1215;962686;Recorrido Por Medellin Tour Por La Comuna 13 Graffitis Y Metrocable;https://www.getyourguide.com/es-es/medellin-l1215/recorrido-por-medellin-tour-por-la-comuna-13-graffitis-y-metrocable-t962686/
Colombia;bogota-l361;970779;Museo Del Oro Bogota Visita Guiada Privada Con Entradas;https://www.getyourguide.com/es-es/bogota-l361/museo-del-oro-bogota-visita-guiada-privada-con-entradas-t970779/
Colombia;buenaventura-l152511;986213;De Cali A La Selva Tropical Descubre San Cipriano Un Viaje De Aventura De 2 Dias;https://www.getyourguide.com/es-es/buenaventura-l152511/de-cali-a-la-selva-tropical-descubre-san-cipriano-un-viaje-de-aventura-de-2-dias-t986213/
Colombia;guatape-l114702;1005812;Guatape Experiencia De Wakeboard Y Wakesurf;https://www.getyourguide.com/es-es/guatape-l114702/guatape-experiencia-de-wakeboard-y-wakesurf-t1005812/
Colombia;cartagena-de-indias-l362;1007642;Tour Privado Al Palacio De La Inquisicion De Cartagena Con Ticket De Entrada;https://www.getyourguide.com/es-es/cartagena-de-indias-l362/tour-privado-al-palacio-de-la-inquisicion-de-cartagena-con-ticket-de-entrada-t1007642/
Colombia;cartagena-de-indias-l362;568907;Dia Completo En La Isla De Baru En Barco Snorkel Puesta De Sol Plancton;https://www.getyourguide.com/es-es/cartagena-de-indias-l362/dia-completo-en-la-isla-de-baru-en-barco-snorkel-puesta-de-sol-plancton-t568907/
Colombia;rionegro-l4649;1208364;Medellin Aventura En Quadsatvs Por Las Montanas Colombianas;https://www.getyourguide.com/es-es/rionegro-l4649/medellin-aventura-en-quadsatvs-por-las-montanas-colombianas-t1208364/
Colombia;el-penol-l145060;1224468;Medellin Combo Citytour En Bus Con Comuna 13 Tour A Guatape;https://www.getyourguide.com/es-es/el-penol-l145060/medellin-combo-citytour-en-bus-con-comuna-13-tour-a-guatape-t1224468/
Colombia;medellin-l1215;1225658;Medellin Tour Privado Por Una Granja De Flores Y El Campo;https://www.getyourguide.com/es-es/medellin-l1215/medellin-tour-privado-por-una-granja-de-flores-y-el-campo-t1225658/
Colombia;cali-colombia-l1213;1253967;Cali Explore The City Like A Local By Public Transport;https://www.getyourguide.com/es-es/cali-colombia-l1213/cali-explore-the-city-like-a-local-by-public-transport-t1253967/
Colombia;guatape-l114702;1274121;Guatape Tour En Barco Por La Hacienda La Manuela Con Cata De Licor;https://www.getyourguide.com/es-es/guatape-l114702/guatape-tour-en-barco-por-la-hacienda-la-manuela-con-cata-de-licor-t1274121/
Colombia;manizales-l126418;1326628;Manizales Experiencia Cafetera Premium;https://www.getyourguide.com/es-es/manizales-l126418/manizales-experiencia-cafetera-premium-t1326628/
Colombia;bogota-l361;73928;Noche De Salsa En Bogota;https://www.getyourguide.com/es-es/bogota-l361/noche-de-salsa-en-bogota-t73928/
Colombia;cartagena-de-indias-l362;959586;Citytour Por Cartagena;https://www.getyourguide.com/es-es/cartagena-de-indias-l362/citytour-por-cartagena-t959586/
Colombia;envigado-l145246;970089;Medellin Parque Aventura Escobero En Cuatrimotos Reserva Natural;https://www.getyourguide.com/es-es/envigado-l145246/medellin-parque-aventura-escobero-en-cuatrimotos-reserva-natural-t970089/
Colombia;san-basilio-de-palenque-l192796;971577;Cartagena Palenque Africa En Colombia Y El Volcan De Lodo In The Same Day;https://www.getyourguide.com/es-es/san-basilio-de-palenque-l192796/cartagena-palenque-africa-en-colombia-y-el-volcan-de-lodo-in-the-same-day-t971577/
Colombia;santa-marta-l32129;391869;Santa Marta Caminata De Varios Dias Por La Ciudad Perdida;https://www.getyourguide.com/es-es/santa-marta-l32129/santa-marta-caminata-de-varios-dias-por-la-ciudad-perdida-t391869/
Colombia;leticia-l176618;1058148;Leticia Canopy En La Selva;https://www.getyourguide.com/es-es/leticia-l176618/leticia-canopy-en-la-selva-t1058148/
Colombia;bogota-l361;1065695;Hike Bosque De Niebla En Choachi Desde Bogota;https://www.getyourguide.com/es-es/bogota-l361/hike-bosque-de-niebla-en-choachi-desde-bogota-t1065695/
Colombia;medellin-l1215;453771;Aventura En Quad Desde Medellin;https://www.getyourguide.com/es-es/medellin-l1215/aventura-en-quad-desde-medellin-t453771/
Colombia;cartagena-de-indias-l362;460515;Desde Cartagena Tour En Barco Privado A Las Islas Del Rosario;https://www.getyourguide.com/es-es/cartagena-de-indias-l362/desde-cartagena-tour-en-barco-privado-a-las-islas-del-rosario-t460515/
Colombia;san-basilio-de-palenque-l192796;1132473;Cartagena Excursion De 1 Dia A San Basilio De Palenque Con Guia;https://www.getyourguide.com/es-es/san-basilio-de-palenque-l192796/cartagena-excursion-de-1-dia-a-san-basilio-de-palenque-con-guia-t1132473/
Colombia;medellin-l1215;1146362;Tour De Futbol Callejero Torneo Vip Y Empanadas Gigantes;https://www.getyourguide.com/es-es/medellin-l1215/tour-de-futbol-callejero-torneo-vip-y-empanadas-gigantes-t1146362/
Colombia;san-agustin-colombia-l131748;569444;Neiva Desde O Hacia San Agustin Traslado Privado;https://www.getyourguide.com/es-es/san-agustin-colombia-l131748/neiva-desde-o-hacia-san-agustin-traslado-privado-t569444/
Colombia;bogota-l361;590815;Tour A Pie Gratis Por Bogota Arte Historia Y Cafe;https://www.getyourguide.com/es-es/bogota-l361/tour-a-pie-gratis-por-bogota-arte-historia-y-cafe-t590815/
Colombia;guatape-l114702;591427;Desde Guatape Parapente Sobre La Selva De Guacaica;https://www.getyourguide.com/es-es/guatape-l114702/desde-guatape-parapente-sobre-la-selva-de-guacaica-t591427/
Colombia;villa-de-leyva-l2951;1239952;Villa De Leyva Yoga Degustacion Y Meditacion En Un Olivar;https://www.getyourguide.com/es-es/villa-de-leyva-l2951/villa-de-leyva-yoga-degustacion-y-meditacion-en-un-olivar-t1239952/
Colombia;santa-marta-l32129;1244737;Santa Marta City Tour Historico Y Quinta De San Pedro Alejandrino;https://www.getyourguide.com/es-es/santa-marta-l32129/santa-marta-city-tour-historico-y-quinta-de-san-pedro-alejandrino-t1244737/
Colombia;popayan-l126433;828191;Popayan Avistamiento De Condores En Purace Termas De San Juan;https://www.getyourguide.com/es-es/popayan-l126433/popayan-avistamiento-de-condores-en-purace-termas-de-san-juan-t828191/
Colombia;popayan-l126433;836978;Traslado En Coche Privado Aeropuerto Popayan A Hotel;https://www.getyourguide.com/es-es/popayan-l126433/traslado-en-coche-privado-aeropuerto-popayan-a-hotel-t836978/
Colombia;la-calera-l144730;928060;De Bogota Al Paramo Chingaza Senderismo Por Paisajes Majestuosos;https://www.getyourguide.com/es-es/la-calera-l144730/de-bogota-al-paramo-chingaza-senderismo-por-paisajes-majestuosos-t928060/
Colombia;santa-marta-l32129;330881;Desde Santa Marta Una Caminata De 4 Dias A La Ciudad Perdida;https://www.getyourguide.com/es-es/santa-marta-l32129/desde-santa-marta-una-caminata-de-4-dias-a-la-ciudad-perdida-t330881/
Colombia;cartagena-de-indias-l362;1008454;Cartagena Tour Por El Mercado De Bazurto Y Clase De Cocina;https://www.getyourguide.com/es-es/cartagena-de-indias-l362/cartagena-tour-por-el-mercado-de-bazurto-y-clase-de-cocina-t1008454/
Colombia;cartagena-de-indias-l362;391473;Getsemani Recorrido A Pie Ctg Cultura Arte Callejero Y Mas;https://www.getyourguide.com/es-es/cartagena-de-indias-l362/getsemani-recorrido-a-pie-ctg-cultura-arte-callejero-y-mas-t391473/
Colombia;cali-colombia-l1213;1029018;Tour Panoramico Por Cali;https://www.getyourguide.com/es-es/cali-colombia-l1213/tour-panoramico-por-cali-t1029018/
Colombia;guarne-l143687;1084908;Guarne Aventura En Quad Con Cascadas Rios Y Valle;https://www.getyourguide.com/es-es/guarne-l143687/guarne-aventura-en-quad-con-cascadas-rios-y-valle-t1084908/
Colombia;cartagena-de-indias-l362;437125;Visita De La Ciudad Con Castillo De San Felipe;https://www.getyourguide.com/es-es/cartagena-de-indias-l362/visita-de-la-ciudad-con-castillo-de-san-felipe-t437125/
Colombia;bucaramanga-l153985;1137082;Bucaramanga Recorrido De Hamburguesas Historia Y Sabor Local;https://www.getyourguide.com/es-es/bucaramanga-l153985/bucaramanga-recorrido-de-hamburguesas-historia-y-sabor-local-t1137082/
Colombia;el-penol-l145060;545383;Guatape Y La Roca Excursion Privada De Dia Completo;https://www.getyourguide.com/es-es/el-penol-l145060/guatape-y-la-roca-excursion-privada-de-dia-completo-t545383/
Colombia;cartagena-de-indias-l362;1193893;Cartagena Atardecer Vip En Tierra Bomba Con Rumba En Beachclub;https://www.getyourguide.com/es-es/cartagena-de-indias-l362/cartagena-atardecer-vip-en-tierra-bomba-con-rumba-en-beachclub-t1193893/
Colombia;cartagena-de-indias-l362;625653;Cartagena Tour Vip En Barco Por Las Islas Del Rosario Y Fiesta En Cholon;https://www.getyourguide.com/es-es/cartagena-de-indias-l362/cartagena-tour-vip-en-barco-por-las-islas-del-rosario-y-fiesta-en-cholon-t625653/
Colombia;cali-colombia-l1213;1230652;Cali Colombia Beyond Tourist Public Art Memory Tour;https://www.getyourguide.com/es-es/cali-colombia-l1213/cali-colombia-beyond-tourist-public-art-memory-tour-t1230652/
Colombia;cali-colombia-l1213;1256629;Cali Experiencia En Una Finca De Colibries Con Almuerzo Tradicional;https://www.getyourguide.com/es-es/cali-colombia-l1213/cali-experiencia-en-una-finca-de-colibries-con-almuerzo-tradicional-t1256629/
Colombia;cartagena-de-indias-l362;1269966;Cartagena Tour De La Ciudad Autentica Con Arte Comida Bebida Y Lugarenos;https://www.getyourguide.com/es-es/cartagena-de-indias-l362/cartagena-tour-de-la-ciudad-autentica-con-arte-comida-bebida-y-lugarenos-t1269966/
Colombia;zipaquira-l131353;702263;Descubre Bogota Tour De La Ciudad Y La Catedral De Sal En Un Dia;https://www.getyourguide.com/es-es/zipaquira-l131353/descubre-bogota-tour-de-la-ciudad-y-la-catedral-de-sal-en-un-dia-t702263/
Colombia;santa-elena-colombia-l227758;1293697;Tour De Cafe En Medellin Incluye Almuerzo;https://www.getyourguide.com/es-es/santa-elena-colombia-l227758/tour-de-cafe-en-medellin-incluye-almuerzo-t1293697/
Colombia;bogota-l361;1295712;Bogota Tour Privado Historico Y Gastronomico Con Degustaciones;https://www.getyourguide.com/es-es/bogota-l361/bogota-tour-privado-historico-y-gastronomico-con-degustaciones-t1295712/
Colombia;cali-colombia-l1213;777190;El Tour De La Salsa De Cali;https://www.getyourguide.com/es-es/cali-colombia-l1213/el-tour-de-la-salsa-de-cali-t777190/
Colombia;bucaramanga-l153985;1325293;Barichara Exclusivo Viaje Patiamarillo Y Taller Artesanal;https://www.getyourguide.com/es-es/bucaramanga-l153985/barichara-exclusivo-viaje-patiamarillo-y-taller-artesanal-t1325293/
Colombia;zipaquira-l131353;819490;Tour Compartido Catedral De Sal De Zipaquira Y Lago De Guatavita;https://www.getyourguide.com/es-es/zipaquira-l131353/tour-compartido-catedral-de-sal-de-zipaquira-y-lago-de-guatavita-t819490/
Colombia;bogota-l361;826041;Bogota Visita Al Parque De Diversiones Salitre Magico Con Comida;https://www.getyourguide.com/es-es/bogota-l361/bogota-visita-al-parque-de-diversiones-salitre-magico-con-comida-t826041/
Colombia;riohacha-l201090;834890;La Guajira Excursion De Un Dia A Las Playas Del Cabo De La Vela;https://www.getyourguide.com/es-es/riohacha-l201090/la-guajira-excursion-de-un-dia-a-las-playas-del-cabo-de-la-vela-t834890/
Colombia;medellin-l1215;933843;Desde Medellin Tour Expres Del Cafe;https://www.getyourguide.com/es-es/medellin-l1215/desde-medellin-tour-expres-del-cafe-t933843/
Colombia;medellin-l1215;949381;Medellin Aventura Todoterreno En Utv Con Servicio De Recogida Del Hotel;https://www.getyourguide.com/es-es/medellin-l1215/medellin-aventura-todoterreno-en-utv-con-servicio-de-recogida-del-hotel-t949381/
Colombia;cartagena-de-indias-l362;1006543;City Tour Historico Y Cultural En Cartagena De Indias;https://www.getyourguide.com/es-es/cartagena-de-indias-l362/city-tour-historico-y-cultural-en-cartagena-de-indias-t1006543/
Colombia;barranquilla-l95786;1039360;Descubre Nuestra Historia Recorrido Por Los Museos En Barranquilla;https://www.getyourguide.com/es-es/barranquilla-l95786/descubre-nuestra-historia-recorrido-por-los-museos-en-barranquilla-t1039360/
Colombia;santa-marta-l32129;1079160;Recorrido Por La Ciudad De Minca Historia Museos Y Naturaleza;https://www.getyourguide.com/es-es/santa-marta-l32129/recorrido-por-la-ciudad-de-minca-historia-museos-y-naturaleza-t1079160/
Colombia;nuqui-l215304;1105236;Nuqui Rio Ancachi Ruta Por La Selva Y Cuentos Indigenas Y Locales;https://www.getyourguide.com/es-es/nuqui-l215304/nuqui-rio-ancachi-ruta-por-la-selva-y-cuentos-indigenas-y-locales-t1105236/
Colombia;medellin-l1215;1137892;Tour Gastronomico Por Medellin En Laureles;https://www.getyourguide.com/es-es/medellin-l1215/tour-gastronomico-por-medellin-en-laureles-t1137892/
Colombia;bogota-l361;1220307;Experiencia De Cata De Cafe En Bogota;https://www.getyourguide.com/es-es/bogota-l361/experiencia-de-cata-de-cafe-en-bogota-t1220307/
Colombia;cartagena-de-indias-l362;712367;Cartagena Tour Gastronomico Callejero Con Guia Aleman O Italiano;https://www.getyourguide.com/es-es/cartagena-de-indias-l362/cartagena-tour-gastronomico-callejero-con-guia-aleman-o-italiano-t712367/
Colombia;bogota-l361;1230184;Bogota Catedral De Sal De Zipaquira Y Tour De Parapente;https://www.getyourguide.com/es-es/bogota-l361/bogota-catedral-de-sal-de-zipaquira-y-tour-de-parapente-t1230184/
Colombia;san-andres-colombia-l180220;770816;San Andres Tour Al Acuario Natural;https://www.getyourguide.com/es-es/san-andres-colombia-l180220/san-andres-tour-al-acuario-natural-t770816/
Colombia;manaure-l142493;836791;La Guajira Excursion A Las Minas De Sal De Manaure Y Rancho Wayuu;https://www.getyourguide.com/es-es/manaure-l142493/la-guajira-excursion-a-las-minas-de-sal-de-manaure-y-rancho-wayuu-t836791/
Colombia;medellin-l1215;852531;Medellin Museo Pablo Escobar Con Roberto Escobar ;https://www.getyourguide.com/es-es/medellin-l1215/medellin-museo-pablo-escobar-con-roberto-escobar--t852531/
Colombia;puerto-colombia-l126453;1288977;Clase E Surfing En Barranquilla;https://www.getyourguide.com/es-es/puerto-colombia-l126453/clase-e-surfing-en-barranquilla-t1288977/
Colombia;cartagena-de-indias-l362;1002993;Full Day Gastronomico En Cartagena De Indias;https://www.getyourguide.com/es-es/cartagena-de-indias-l362/full-day-gastronomico-en-cartagena-de-indias-t1002993/
Colombia;cartagena-de-indias-l362;1026597;Cartagena Islas Del Rosario En Bote Con Snorkel Buffet Y Barra Libre;https://www.getyourguide.com/es-es/cartagena-de-indias-l362/cartagena-islas-del-rosario-en-bote-con-snorkel-buffet-y-barra-libre-t1026597/
Colombia;bogota-l361;71397;Visita Guiada Al Museo Del Oro;https://www.getyourguide.com/es-es/bogota-l361/visita-guiada-al-museo-del-oro-t71397/
Colombia;nuqui-l215304;1092530;Nuqui Y Tribuga Paisajes Cultura Y Experiencia Con Viche;https://www.getyourguide.com/es-es/nuqui-l215304/nuqui-y-tribuga-paisajes-cultura-y-experiencia-con-viche-t1092530/
Colombia;cali-colombia-l1213;1098364;Salsa Visual En Cali;https://www.getyourguide.com/es-es/cali-colombia-l1213/salsa-visual-en-cali-t1098364/
Colombia;cartagena-de-indias-l362;1202098;Sabores De Getsemani Ruta Cervecera;https://www.getyourguide.com/es-es/cartagena-de-indias-l362/sabores-de-getsemani-ruta-cervecera-t1202098/
Colombia;medellin-l1215;487346;Medellin Recorrido Multisensorial En El Mercado 15 Frutas Exoticas;https://www.getyourguide.com/es-es/medellin-l1215/medellin-recorrido-multisensorial-en-el-mercado-15-frutas-exoticas-t487346/
Colombia;el-penol-l145060;1261747;Guatape Tour Privado Desde Medellin;https://www.getyourguide.com/es-es/el-penol-l145060/guatape-tour-privado-desde-medellin-t1261747/
Colombia;bogota-l361;1261940;Tour Por El Mercado De Bogota Descubre La Diversidad Culinaria De Colombia;https://www.getyourguide.com/es-es/bogota-l361/tour-por-el-mercado-de-bogota-descubre-la-diversidad-culinaria-de-colombia-t1261940/
Colombia;cartagena-de-indias-l362;639620;Cartagena Cata De Cafes Especiales Colombianos;https://www.getyourguide.com/es-es/cartagena-de-indias-l362/cartagena-cata-de-cafes-especiales-colombianos-t639620/
Colombia;medellin-l1215;640635;Medellin Experiencia Apicola En Finca Cafetera;https://www.getyourguide.com/es-es/medellin-l1215/medellin-experiencia-apicola-en-finca-cafetera-t640635/
Colombia;cartagena-de-indias-l362;653196;Ruta Volcan Del Totumo Manzanillo Del Mar Regular;https://www.getyourguide.com/es-es/cartagena-de-indias-l362/ruta-volcan-del-totumo-manzanillo-del-mar-regular-t653196/
Colombia;medellin-l1215;324803;Medellin Experiencia Spa Con Cena Masaje Y Sauna;https://www.getyourguide.com/es-es/medellin-l1215/medellin-experiencia-spa-con-cena-masaje-y-sauna-t324803/
Colombia;barranquilla-l95786;840175;Barranquillatraslado Barranquilla Santamarta O Viceversa Carro Compartido;https://www.getyourguide.com/es-es/barranquilla-l95786/barranquillatraslado-barranquilla-santamarta-o-viceversa-carro-compartido-t840175/
Colombia;medellin-l1215;864172;Medellin Aventura Off Road Tour En Atvquad Adrenalina Montanas Y Cascada;https://www.getyourguide.com/es-es/medellin-l1215/medellin-aventura-off-road-tour-en-atvquad-adrenalina-montanas-y-cascada-t864172/
Colombia;bogota-l361;924077;Anti Tour Por Medellin Tour Con Degustacion De Bebidas E Historia;https://www.getyourguide.com/es-es/bogota-l361/anti-tour-por-medellin-tour-con-degustacion-de-bebidas-e-historia-t924077/
Colombia;cartagena-de-indias-l362;520377;Cartagena Desde O Hacia El Parque Tayrona Traslado Privado;https://www.getyourguide.com/es-es/cartagena-de-indias-l362/cartagena-desde-o-hacia-el-parque-tayrona-traslado-privado-t520377/
Colombia;cartagena-de-indias-l362;983962;Cartagena Clase De Cocina Caribena;https://www.getyourguide.com/es-es/cartagena-de-indias-l362/cartagena-clase-de-cocina-caribena-t983962/
Colombia;cartagena-de-indias-l362;993667;Cartagena Experiencia En El Bosque De Manglares;https://www.getyourguide.com/es-es/cartagena-de-indias-l362/cartagena-experiencia-en-el-bosque-de-manglares-t993667/
Colombia;bogota-l361;1000459;Bogota Mercado De La Concordia Food Tour;https://www.getyourguide.com/es-es/bogota-l361/bogota-mercado-de-la-concordia-food-tour-t1000459/
Colombia;barranquilla-l95786;555002;Tour En Bici Por Barranquilla;https://www.getyourguide.com/es-es/barranquilla-l95786/tour-en-bici-por-barranquilla-t555002/
Colombia;cartagena-de-indias-l362;590071;5 Islas Vip En Cartagena Colombia Desde 507000;https://www.getyourguide.com/es-es/cartagena-de-indias-l362/5-islas-vip-en-cartagena-colombia-desde-507000-t590071/
Colombia;santa-rosa-de-cabal-l136683;1041988;Ruta De Bebidas Santa Rosa De Cabal;https://www.getyourguide.com/es-es/santa-rosa-de-cabal-l136683/ruta-de-bebidas-santa-rosa-de-cabal-t1041988/
Colombia;cartagena-de-indias-l362;667987;Cartagena Tour Palenque Tradiciones Africanas Con Almuerzo;https://www.getyourguide.com/es-es/cartagena-de-indias-l362/cartagena-tour-palenque-tradiciones-africanas-con-almuerzo-t667987/
Colombia;salento-colombia-l32675;1123692;Entre Palmas Y Colores Descubre Valle De Cocora Y Salento;https://www.getyourguide.com/es-es/salento-colombia-l32675/entre-palmas-y-colores-descubre-valle-de-cocora-y-salento-t1123692/
Colombia;cartagena-de-indias-l362;808756;Cartagena Ruta Volcan Del Totumo Galerazamba Y Manglar De La Boquilla;https://www.getyourguide.com/es-es/cartagena-de-indias-l362/cartagena-ruta-volcan-del-totumo-galerazamba-y-manglar-de-la-boquilla-t808756/
Colombia;santa-marta-l32129;818564;Santa Marta Minca Capital Ecologicataganga Playa Grande;https://www.getyourguide.com/es-es/santa-marta-l32129/santa-marta-minca-capital-ecologicataganga-playa-grande-t818564/
Colombia;medellin-l1215;828097;Medellin Tour De La Ciudad Con La Comuna 13 Y Graffiti Medellin;https://www.getyourguide.com/es-es/medellin-l1215/medellin-tour-de-la-ciudad-con-la-comuna-13-y-graffiti-medellin-t828097/
Colombia;villavieja-l215836;1036911;Desierto De La Tatacoa Tour De 4 Horas Desde Villa Vieja Huila;https://www.getyourguide.com/es-es/villavieja-l215836/desierto-de-la-tatacoa-tour-de-4-horas-desde-villa-vieja-huila-t1036911/
Colombia;cartagena-de-indias-l362;1063894;Sabores De Colombia Clase De Cocina Con El Chef Andres;https://www.getyourguide.com/es-es/cartagena-de-indias-l362/sabores-de-colombia-clase-de-cocina-con-el-chef-andres-t1063894/
Colombia;santa-marta-l32129;1086363;Desde Santa Marta Tour Comunidad Indigena Kogui 3 Dias Y 2 Noches;https://www.getyourguide.com/es-es/santa-marta-l32129/desde-santa-marta-tour-comunidad-indigena-kogui-3-dias-y-2-noches-t1086363/
Colombia;popayan-l126433;1162954;Desde Popayan Excursion A Silvia Y Al Pueblo Guambiano Misak;https://www.getyourguide.com/es-es/popayan-l126433/desde-popayan-excursion-a-silvia-y-al-pueblo-guambiano-misak-t1162954/
Colombia;bogota-l361;1166265;Bogota Tour Por Azoteas Con Cocteles Y Vistas;https://www.getyourguide.com/es-es/bogota-l361/bogota-tour-por-azoteas-con-cocteles-y-vistas-t1166265/
Colombia;cartagena-de-indias-l362;1176905;Vista Ecoparque Cienaga Mallorking Vista Desembocadura Rio Magdalena;https://www.getyourguide.com/es-es/cartagena-de-indias-l362/vista-ecoparque-cienaga-mallorking-vista-desembocadura-rio-magdalena-t1176905/
Colombia;bogota-l361;1209648;Bogota Nocturna Tour Privado Bebidas Tipicas Distrito Cultural San Felipe;https://www.getyourguide.com/es-es/bogota-l361/bogota-nocturna-tour-privado-bebidas-tipicas-distrito-cultural-san-felipe-t1209648/
Colombia;medellin-l1215;1270610;Medellin Clase De Cocina Colombiana Con Una Cocinera Local;https://www.getyourguide.com/es-es/medellin-l1215/medellin-clase-de-cocina-colombiana-con-una-cocinera-local-t1270610/
Colombia;minca-l176223;647594;Experiencia Indigena Arhuaco En Minca Naturaleza Y Sabiduria;https://www.getyourguide.com/es-es/minca-l176223/experiencia-indigena-arhuaco-en-minca-naturaleza-y-sabiduria-t647594/
Colombia;medellin-l1215;872645;Medellin Alquiler De Minivan 8 Pax Con Conductor Guia;https://www.getyourguide.com/es-es/medellin-l1215/medellin-alquiler-de-minivan-8-pax-con-conductor-guia-t872645/
Colombia;cali-colombia-l1213;396361;Cali Cristo Rey Museo De La Tertulia Y Tour De La Ciudad Del Centro De Cali;https://www.getyourguide.com/es-es/cali-colombia-l1213/cali-cristo-rey-museo-de-la-tertulia-y-tour-de-la-ciudad-del-centro-de-cali-t396361/
Colombia;baru-l120985;896784;Playa Tranquila Baru;https://www.getyourguide.com/es-es/baru-l120985/playa-tranquila-baru-t896784/
Colombia;medellin-l1215;432106;Medellin Excursion A Caballo Por Una Finca Cafetera Con Spa De Cafe;https://www.getyourguide.com/es-es/medellin-l1215/medellin-excursion-a-caballo-por-una-finca-cafetera-con-spa-de-cafe-t432106/
Colombia;medellin-l1215;450513;Vida Nocturna Medellin Azoteas Bares Y Discotecas;https://www.getyourguide.com/es-es/medellin-l1215/vida-nocturna-medellin-azoteas-bares-y-discotecas-t450513/
Colombia;medellin-l1215;972811;Medellin Tour De Tango Con Servicio De Recogida Y Regreso Al Hotel;https://www.getyourguide.com/es-es/medellin-l1215/medellin-tour-de-tango-con-servicio-de-recogida-y-regreso-al-hotel-t972811/
Colombia;bogota-l361;514360;Bogotaexcursion A La Catedral De Sal De Zipaquira Y Guatavita Con Servicio De Recogida;https://www.getyourguide.com/es-es/bogota-l361/bogotaexcursion-a-la-catedral-de-sal-de-zipaquira-y-guatavita-con-servicio-de-recogida-t514360/
Colombia;cartagena-de-indias-l362;1001802;Cartagena Ven A Probar Cafes Especiales;https://www.getyourguide.com/es-es/cartagena-de-indias-l362/cartagena-ven-a-probar-cafes-especiales-t1001802/
Colombia;baru-l120985;569305;Cartagena Isla Cholon Playa Blanca Y Plancton Luminoso;https://www.getyourguide.com/es-es/baru-l120985/cartagena-isla-cholon-playa-blanca-y-plancton-luminoso-t569305/
Colombia;cartagena-de-indias-l362;618595;Cartagena Vamos A Salir De Fiesta Por La Ciudad Antigua;https://www.getyourguide.com/es-es/cartagena-de-indias-l362/cartagena-vamos-a-salir-de-fiesta-por-la-ciudad-antigua-t618595/
Colombia;bogota-l361;1123710;Bogota Tour De Bares De Salsa En El Corazon De La Ciudad;https://www.getyourguide.com/es-es/bogota-l361/bogota-tour-de-bares-de-salsa-en-el-corazon-de-la-ciudad-t1123710/
Colombia;bogota-l361;675452;Bogota Tour A Pie Por La Candelaria;https://www.getyourguide.com/es-es/bogota-l361/bogota-tour-a-pie-por-la-candelaria-t675452/
Colombia;la-ceja-l164975;1130016;Medellin Via Ferrata Hamacas Cascada Tirolina Y Almuerzo;https://www.getyourguide.com/es-es/la-ceja-l164975/medellin-via-ferrata-hamacas-cascada-tirolina-y-almuerzo-t1130016/
Colombia;santa-marta-l32129;699845;Vela Al Atardecer;https://www.getyourguide.com/es-es/santa-marta-l32129/vela-al-atardecer-t699845/
Colombia;santa-marta-l32129;1180521;Tour A La Montana Santa Marta Tour Sierra Limom;https://www.getyourguide.com/es-es/santa-marta-l32129/tour-a-la-montana-santa-marta-tour-sierra-limom-t1180521/
Colombia;medellin-l1215;1232275;Comuna 13 Historia Cultura Arte Y Trasformacion;https://www.getyourguide.com/es-es/medellin-l1215/comuna-13-historia-cultura-arte-y-trasformacion-t1232275/
Colombia;santa-marta-l32129;1248277;Santa Marta Ruta De Senderismo De Un Dia Por El Parque Natural Tayrona Y Cabo San Juan;https://www.getyourguide.com/es-es/santa-marta-l32129/santa-marta-ruta-de-senderismo-de-un-dia-por-el-parque-natural-tayrona-y-cabo-san-juan-t1248277/
Colombia;medellin-l1215;957213;Medellin Tour De Pablo Escobar Y Comuna 13;https://www.getyourguide.com/es-es/medellin-l1215/medellin-tour-de-pablo-escobar-y-comuna-13-t957213/
Colombia;bogota-l361;963315;Bogota Taller Practico De Diseno De Modas;https://www.getyourguide.com/es-es/bogota-l361/bogota-taller-practico-de-diseno-de-modas-t963315/
Colombia;medellin-l1215;971027;Rafting En Aguas Bravas En Medellin;https://www.getyourguide.com/es-es/medellin-l1215/rafting-en-aguas-bravas-en-medellin-t971027/
Colombia;medellin-l1215;972893;Medellin Visita A Las Luces De Navidad Con Un Guia Local;https://www.getyourguide.com/es-es/medellin-l1215/medellin-visita-a-las-luces-de-navidad-con-un-guia-local-t972893/
Colombia;san-agustin-colombia-l131748;988330;San Agustin Huila Tour De Los Grandes Full Day;https://www.getyourguide.com/es-es/san-agustin-colombia-l131748/san-agustin-huila-tour-de-los-grandes-full-day-t988330/
Colombia;medellin-l1215;1061119;Medellin Entre Montanas Cafe;https://www.getyourguide.com/es-es/medellin-l1215/medellin-entre-montanas-cafe-t1061119/
Colombia;el-penol-l145060;1064874;Guatape El Penol Color Vistas Y Sabor Antioqueno Desde Medellin;https://www.getyourguide.com/es-es/el-penol-l145060/guatape-el-penol-color-vistas-y-sabor-antioqueno-desde-medellin-t1064874/
Colombia;medellin-l1215;1078190;Medellin Mas Que Escobar Tour A Pie;https://www.getyourguide.com/es-es/medellin-l1215/medellin-mas-que-escobar-tour-a-pie-t1078190/
Colombia;medellin-l1215;1113026;Dia De Aventura En El Salto Del Buey Desde Medellin;https://www.getyourguide.com/es-es/medellin-l1215/dia-de-aventura-en-el-salto-del-buey-desde-medellin-t1113026/
Colombia;cartagena-de-indias-l362;1132528;Isla Baru Colombia Quiet Baru Beach Plus Nighttime Plankton;https://www.getyourguide.com/es-es/cartagena-de-indias-l362/isla-baru-colombia-quiet-baru-beach-plus-nighttime-plankton-t1132528/
Colombia;medellin-l1215;1311999;Medellin Chocolate Tour Dia De Sol;https://www.getyourguide.com/es-es/medellin-l1215/medellin-chocolate-tour-dia-de-sol-t1311999/
Colombia;medellin-l1215;809021;Medellin Barbosa Tour Guiado En Quad Con Cascadas Y Pozas;https://www.getyourguide.com/es-es/medellin-l1215/medellin-barbosa-tour-guiado-en-quad-con-cascadas-y-pozas-t809021/
Colombia;cartagena-de-indias-l362;857002;Tour Compartido De Gabriel Garcia Marquez En Cartagena;https://www.getyourguide.com/es-es/cartagena-de-indias-l362/tour-compartido-de-gabriel-garcia-marquez-en-cartagena-t857002/
Colombia;cartagena-de-indias-l362;931275;Dia Completo Islas Del Rosario Oceanario Snorkel;https://www.getyourguide.com/es-es/cartagena-de-indias-l362/dia-completo-islas-del-rosario-oceanario-snorkel-t931275/
Colombia;medellin-l1215;989513;Medellin Ticket De Acceso A Museo De Arte Moderno De Medellin;https://www.getyourguide.com/es-es/medellin-l1215/medellin-ticket-de-acceso-a-museo-de-arte-moderno-de-medellin-t989513/
Colombia;santa-marta-l32129;635224;Santa Marta Excursion Cabo De San Juan Del Guia En El Parque Tayrona;https://www.getyourguide.com/es-es/santa-marta-l32129/santa-marta-excursion-cabo-de-san-juan-del-guia-en-el-parque-tayrona-t635224/
Colombia;salento-colombia-l32675;657241;Excursiones A Fincas De Cacao Y Cafe Desde Pereira O Armenia;https://www.getyourguide.com/es-es/salento-colombia-l32675/excursiones-a-fincas-de-cacao-y-cafe-desde-pereira-o-armenia-t657241/
Colombia;bocachica-l181861;818798;Cartagena 5 Islas Del Rosario Full Party Con Bebidas Snorkel Y Almuerzo;https://www.getyourguide.com/es-es/bocachica-l181861/cartagena-5-islas-del-rosario-full-party-con-bebidas-snorkel-y-almuerzo-t818798/
Colombia;santa-marta-l32129;958688;Santa Marta Graffiti Tour Arte Y Cultura Urbana;https://www.getyourguide.com/es-es/santa-marta-l32129/santa-marta-graffiti-tour-arte-y-cultura-urbana-t958688/
Colombia;cartagena-de-indias-l362;1270746;Cartagena Day Pass Playa Tranquila Baru Coctel De Bienvenida;https://www.getyourguide.com/es-es/cartagena-de-indias-l362/cartagena-day-pass-playa-tranquila-baru-coctel-de-bienvenida-t1270746/
Colombia;medellin-l1215;971198;Medellin Aventura En Todoterreno Utv Con Recogida En Hotel;https://www.getyourguide.com/es-es/medellin-l1215/medellin-aventura-en-todoterreno-utv-con-recogida-en-hotel-t971198/
Colombia;bogota-l361;1290637;Bogota Caminata Contemplativa Y Educacion Emocional Parque Entrenubes;https://www.getyourguide.com/es-es/bogota-l361/bogota-caminata-contemplativa-y-educacion-emocional-parque-entrenubes-t1290637/
Colombia;cartagena-de-indias-l362;981902;Cartagena Playa En Tierra Bomba Y Almuerzo;https://www.getyourguide.com/es-es/cartagena-de-indias-l362/cartagena-playa-en-tierra-bomba-y-almuerzo-t981902/
Colombia;cartagena-de-indias-l362;1021777;Cartagena Isla Tierra Bomba Aventura En Bicicleta Y Playa;https://www.getyourguide.com/es-es/cartagena-de-indias-l362/cartagena-isla-tierra-bomba-aventura-en-bicicleta-y-playa-t1021777/
Colombia;villa-de-leyva-l2951;97791;Tour De Dia Completo A Villa De Leyva;https://www.getyourguide.com/es-es/villa-de-leyva-l2951/tour-de-dia-completo-a-villa-de-leyva-t97791/
Colombia;medellin-l1215;472151;Guatape Vistas Desde Lo Alto Y Ambiente Junto Al Agua Entradas Incluidas;https://www.getyourguide.com/es-es/medellin-l1215/guatape-vistas-desde-lo-alto-y-ambiente-junto-al-agua-entradas-incluidas-t472151/
Colombia;bogota-l361;1214236;Tour Compartido Barrio Chapinero Tour Cultura Identidad Contrastes;https://www.getyourguide.com/es-es/bogota-l361/tour-compartido-barrio-chapinero-tour-cultura-identidad-contrastes-t1214236/
Colombia;santa-marta-l32129;517474;Traslado De Llegada O Salida Aeropuerto Simon Bolivar;https://www.getyourguide.com/es-es/santa-marta-l32129/traslado-de-llegada-o-salida-aeropuerto-simon-bolivar-t517474/
Colombia;bogota-l361;523946;Excursion De Un Dia A La Laguna De Guatavita Y La Catedral De Sal De Zipaquira;https://www.getyourguide.com/es-es/bogota-l361/excursion-de-un-dia-a-la-laguna-de-guatavita-y-la-catedral-de-sal-de-zipaquira-t523946/
Colombia;santa-marta-l32129;653065;Tour Acuario Centro De Vida Marina Y Playa Blanca;https://www.getyourguide.com/es-es/santa-marta-l32129/tour-acuario-centro-de-vida-marina-y-playa-blanca-t653065/
Colombia;bogota-l361;759856;Bogota Monserrate Candelaria Museos;https://www.getyourguide.com/es-es/bogota-l361/bogota-monserrate-candelaria-museos-t759856/
Colombia;cartagena-de-indias-l362;766111;Tour Cultural En Cartagena Aventura En El Mercado De Bazurto;https://www.getyourguide.com/es-es/cartagena-de-indias-l362/tour-cultural-en-cartagena-aventura-en-el-mercado-de-bazurto-t766111/
Colombia;medellin-l1215;789188;Medellin City Tour Privado Nocturno En Bicicleta Electrica Cena Gourmet;https://www.getyourguide.com/es-es/medellin-l1215/medellin-city-tour-privado-nocturno-en-bicicleta-electrica-cena-gourmet-t789188/
Colombia;medellin-l1215;443366;Medellin Comuna 13 Graffiti Comida Callejera Y Teleferico Panoramico;https://www.getyourguide.com/es-es/medellin-l1215/medellin-comuna-13-graffiti-comida-callejera-y-teleferico-panoramico-t443366/
Colombia;santa-rosa-de-cabal-l136683;887402;Cascadas En Santa Rosa De Cabal;https://www.getyourguide.com/es-es/santa-rosa-de-cabal-l136683/cascadas-en-santa-rosa-de-cabal-t887402/
Colombia;florencia-l247038;916831;Desde Florencia Ruta De Senderismo Por La Reserva El Horeb Y El Vientre De Pacha Mama;https://www.getyourguide.com/es-es/florencia-l247038/desde-florencia-ruta-de-senderismo-por-la-reserva-el-horeb-y-el-vientre-de-pacha-mama-t916831/
Colombia;bogota-l361;929593;Desde Bogota Parque Jaime Duque;https://www.getyourguide.com/es-es/bogota-l361/desde-bogota-parque-jaime-duque-t929593/
Colombia;cartagena-de-indias-l362;1005911;Cartagena Excursion Matutina En Kayak Con Aperitivo Y Bano;https://www.getyourguide.com/es-es/cartagena-de-indias-l362/cartagena-excursion-matutina-en-kayak-con-aperitivo-y-bano-t1005911/
Colombia;bogota-l361;1027484;Bogota Tour Privado Urbano Frutas Exoticas Grafitis Y Tejo;https://www.getyourguide.com/es-es/bogota-l361/bogota-tour-privado-urbano-frutas-exoticas-grafitis-y-tejo-t1027484/
Colombia;cali-colombia-l1213;621429;Cali Tres Cruces La Excursion Y Monumento Mas Popular De Cali;https://www.getyourguide.com/es-es/cali-colombia-l1213/cali-tres-cruces-la-excursion-y-monumento-mas-popular-de-cali-t621429/
Colombia;cartagena-de-indias-l362;1061109;Cartagena By Night Chiva Rumbera Discoteca;https://www.getyourguide.com/es-es/cartagena-de-indias-l362/cartagena-by-night-chiva-rumbera-discoteca-t1061109/
Colombia;san-andres-colombia-l180220;625798;Experiencias Gastronomicas Y Musicales En San Andres Rondontour;https://www.getyourguide.com/es-es/san-andres-colombia-l180220/experiencias-gastronomicas-y-musicales-en-san-andres-rondontour-t625798/
Colombia;mayapo-l233640;1106687;Clase Privada De Wing Foil En Mayapo La Guajira;https://www.getyourguide.com/es-es/mayapo-l233640/clase-privada-de-wing-foil-en-mayapo-la-guajira-t1106687/
Colombia;medellin-l1215;1121897;Tardeo Paisa Tour A Pie Por Provenza Medellin;https://www.getyourguide.com/es-es/medellin-l1215/tardeo-paisa-tour-a-pie-por-provenza-medellin-t1121897/
Colombia;minca-l176223;1168001;Minca Tour Privado En Moto En Tu Idioma;https://www.getyourguide.com/es-es/minca-l176223/minca-tour-privado-en-moto-en-tu-idioma-t1168001/
Colombia;bocachica-l181861;1190829;Cartagena Pasadia Playa Morena Camas Balinesas Y Tour Historico;https://www.getyourguide.com/es-es/bocachica-l181861/cartagena-pasadia-playa-morena-camas-balinesas-y-tour-historico-t1190829/
Colombia;pena-cascajo-l219737;851575;Tour Narino Inolvidable 3 Dias Y 2 Noches;https://www.getyourguide.com/es-es/pena-cascajo-l219737/tour-narino-inolvidable-3-dias-y-2-noches-t851575/
Colombia;barbosa-antioquia-l226871;952074;Medellin Senderismo Por Una Finca De Cafe Y Mercado De Frutas Exoticas;https://www.getyourguide.com/es-es/barbosa-antioquia-l226871/medellin-senderismo-por-una-finca-de-cafe-y-mercado-de-frutas-exoticas-t952074/
Colombia;salento-colombia-l32675;1283966;Coffee Tasting A Sensory Brewing Experience In Salento;https://www.getyourguide.com/es-es/salento-colombia-l32675/coffee-tasting-a-sensory-brewing-experience-in-salento-t1283966/
Colombia;envigado-l145246;1322570;Medellin Senderismo Por La Selva Bano En Cascada Y Tour De Cafe;https://www.getyourguide.com/es-es/envigado-l145246/medellin-senderismo-por-la-selva-bano-en-cascada-y-tour-de-cafe-t1322570/
Colombia;santa-rosa-de-cabal-l136683;1084178;Experiencia Nocturna Santa Rosa De Cabal;https://www.getyourguide.com/es-es/santa-rosa-de-cabal-l136683/experiencia-nocturna-santa-rosa-de-cabal-t1084178/
Colombia;popayan-l126433;1139912;Banos Termales De Salinas Desconexion Y Bienestar En La Naturaleza;https://www.getyourguide.com/es-es/popayan-l126433/banos-termales-de-salinas-desconexion-y-bienestar-en-la-naturaleza-t1139912/
Colombia;cartagena-de-indias-l362;1146216;Del Centro Historico Al Castillo San Felipe En Carro Vintage Electrico;https://www.getyourguide.com/es-es/cartagena-de-indias-l362/del-centro-historico-al-castillo-san-felipe-en-carro-vintage-electrico-t1146216/
Colombia;barranquilla-l95786;1155827;Barranquilla City Tour Por Barranquilla Casa Del Carnaval;https://www.getyourguide.com/es-es/barranquilla-l95786/barranquilla-city-tour-por-barranquilla-casa-del-carnaval-t1155827/
Colombia;bogota-l361;1241160;Bogota Tour En Buggy Todoterreno Con Vistas Panoramicas;https://www.getyourguide.com/es-es/bogota-l361/bogota-tour-en-buggy-todoterreno-con-vistas-panoramicas-t1241160/
Colombia;salento-colombia-l32675;512475;Tour A Salento Y Valle Del Cocora Desde Pereira O Armenia;https://www.getyourguide.com/es-es/salento-colombia-l32675/tour-a-salento-y-valle-del-cocora-desde-pereira-o-armenia-t512475/
Colombia;cartagena-de-indias-l362;1327925;Cartagena Tour De 1 Dia A Las Islas Del Rosario Playa Blanca Y Baru;https://www.getyourguide.com/es-es/cartagena-de-indias-l362/cartagena-tour-de-1-dia-a-las-islas-del-rosario-playa-blanca-y-baru-t1327925/
Colombia;cartagena-de-indias-l362;789877;Desde Cartagena Traslado Compartido De Ida A Isla Grande;https://www.getyourguide.com/es-es/cartagena-de-indias-l362/desde-cartagena-traslado-compartido-de-ida-a-isla-grande-t789877/
Colombia;medellin-l1215;828632;Medellin Tour Motocicleta Off Road;https://www.getyourguide.com/es-es/medellin-l1215/medellin-tour-motocicleta-off-road-t828632/
Colombia;cartagena-de-indias-l362;840137;Cartagena Traslado Cartagena A Santa Marta O Viceversa En Carro Compartido;https://www.getyourguide.com/es-es/cartagena-de-indias-l362/cartagena-traslado-cartagena-a-santa-marta-o-viceversa-en-carro-compartido-t840137/
Colombia;medellin-l1215;915065;Medellin Pablo Escobar Y Comuna 13 Graffiti Tour;https://www.getyourguide.com/es-es/medellin-l1215/medellin-pablo-escobar-y-comuna-13-graffiti-tour-t915065/
Colombia;cartagena-de-indias-l362;919433;Monkey S Creek Una Aventura Extrema De Senderismo Por La Selva Tropical;https://www.getyourguide.com/es-es/cartagena-de-indias-l362/monkey-s-creek-una-aventura-extrema-de-senderismo-por-la-selva-tropical-t919433/
Colombia;medellin-l1215;593584;Medellin La Mejor Experiencia De Degustacion De Cafe;https://www.getyourguide.com/es-es/medellin-l1215/medellin-la-mejor-experiencia-de-degustacion-de-cafe-t593584/
Colombia;jardin-l147774;635919;Tour De Cafe Y En Jeep Por La Finca Mariposa En Jardin;https://www.getyourguide.com/es-es/jardin-l147774/tour-de-cafe-y-en-jeep-por-la-finca-mariposa-en-jardin-t635919/
Colombia;filandia-l222422;1127031;Filandia Senderismo En Yarumal Y Pueblo De Colores Avistamiento De Monos;https://www.getyourguide.com/es-es/filandia-l222422/filandia-senderismo-en-yarumal-y-pueblo-de-colores-avistamiento-de-monos-t1127031/
Colombia;barranquilla-l95786;1203880;Barranquilla Carnival From The Box;https://www.getyourguide.com/es-es/barranquilla-l95786/barranquilla-carnival-from-the-box-t1203880/
Colombia;zipaquira-l131353;862114;Bogota La Catedral De Sal Y El Tour Andres Carne De Res;https://www.getyourguide.com/es-es/zipaquira-l131353/bogota-la-catedral-de-sal-y-el-tour-andres-carne-de-res-t862114/
Colombia;bogota-l361;1023752;Bogota El Mejor Tour Privado De Escala Con Una Guia Local;https://www.getyourguide.com/es-es/bogota-l361/bogota-el-mejor-tour-privado-de-escala-con-una-guia-local-t1023752/
Colombia;medellin-l1215;168894;Tour Privado A Guatape Desde Medellin;https://www.getyourguide.com/es-es/medellin-l1215/tour-privado-a-guatape-desde-medellin-t168894/
Colombia;medellin-l1215;1079058;Medellin Visita A Una Finca Cafetera Con Degustacion Y Servicio De Recogida;https://www.getyourguide.com/es-es/medellin-l1215/medellin-visita-a-una-finca-cafetera-con-degustacion-y-servicio-de-recogida-t1079058/
Colombia;cartagena-de-indias-l362;371256;Desde Cartagena Excursion En Lancha Rapida A La Isla De Tierra Bomba;https://www.getyourguide.com/es-es/cartagena-de-indias-l362/desde-cartagena-excursion-en-lancha-rapida-a-la-isla-de-tierra-bomba-t371256/
Colombia;sonson-l220736;1213054;Sonson Tour 2 Dias Historia Y Cultura En Este Pueblo Ancestral;https://www.getyourguide.com/es-es/sonson-l220736/sonson-tour-2-dias-historia-y-cultura-en-este-pueblo-ancestral-t1213054/
Colombia;el-penol-l145060;1223763;Medellin Combo Tour A Guatape Citytour Nocturno;https://www.getyourguide.com/es-es/el-penol-l145060/medellin-combo-tour-a-guatape-citytour-nocturno-t1223763/
Colombia;popayan-l126433;630447;Desde Popayan Excursion De Un Dia Al Parque Nacional De Purace;https://www.getyourguide.com/es-es/popayan-l126433/desde-popayan-excursion-de-un-dia-al-parque-nacional-de-purace-t630447/
Colombia;medellin-l1215;761522;Medellin Excursion De Un Dia A Guatape Con Visita A Un Cafetal;https://www.getyourguide.com/es-es/medellin-l1215/medellin-excursion-de-un-dia-a-guatape-con-visita-a-un-cafetal-t761522/
Colombia;cartagena-de-indias-l362;204016;Cartagena Tour Privado De La Ciudad;https://www.getyourguide.com/es-es/cartagena-de-indias-l362/cartagena-tour-privado-de-la-ciudad-t204016/
Colombia;cartagena-de-indias-l362;857592;El Mejor Recorrido Al Atardecer Por La Bahiafiesta Barra Libre Diversion;https://www.getyourguide.com/es-es/cartagena-de-indias-l362/el-mejor-recorrido-al-atardecer-por-la-bahiafiesta-barra-libre-diversion-t857592/
Colombia;cartagena-de-indias-l362;343916;Cartagena Excursion En Kayak De Mar Al Atardecer;https://www.getyourguide.com/es-es/cartagena-de-indias-l362/cartagena-excursion-en-kayak-de-mar-al-atardecer-t343916/
Colombia;cartagena-de-indias-l362;939934;Cartagena Retiro De Yoga Meditacion Y Masajes De Un Dia;https://www.getyourguide.com/es-es/cartagena-de-indias-l362/cartagena-retiro-de-yoga-meditacion-y-masajes-de-un-dia-t939934/
Colombia;medellin-l1215;457984;Citytourcomuna13Metro Cableboteropueblito Paisa Privado;https://www.getyourguide.com/es-es/medellin-l1215/citytourcomuna13metro-cableboteropueblito-paisa-privado-t457984/
Colombia;cartagena-de-indias-l362;537415;Dia Completo Isla Baru Manglar Snorkel Atardecer Plancton;https://www.getyourguide.com/es-es/cartagena-de-indias-l362/dia-completo-isla-baru-manglar-snorkel-atardecer-plancton-t537415/
Colombia;cartagena-de-indias-l362;1064638;Cartagena Paintball Batalla De Pinturas Aventura Y Adrenalina En El Campo;https://www.getyourguide.com/es-es/cartagena-de-indias-l362/cartagena-paintball-batalla-de-pinturas-aventura-y-adrenalina-en-el-campo-t1064638/
Colombia;cartagena-de-indias-l362;569348;Cartagena Excursion De Un Dia A La Isla De San Bernardo Hasta 8 Personas;https://www.getyourguide.com/es-es/cartagena-de-indias-l362/cartagena-excursion-de-un-dia-a-la-isla-de-san-bernardo-hasta-8-personas-t569348/
Colombia;bogota-l361;1179914;Colombia 3 Dias De Ruta Ciclista Por El Alto De Letras;https://www.getyourguide.com/es-es/bogota-l361/colombia-3-dias-de-ruta-ciclista-por-el-alto-de-letras-t1179914/
Colombia;cartagena-de-indias-l362;764664;Cartagena Partybayyacht Con Barra Libre Y Dj A Bordo;https://www.getyourguide.com/es-es/cartagena-de-indias-l362/cartagena-partybayyacht-con-barra-libre-y-dj-a-bordo-t764664/
Colombia;cali-colombia-l1213;1241211;Cali Tour A Pie De Sabores Y Secretos Con Bebidas;https://www.getyourguide.com/es-es/cali-colombia-l1213/cali-tour-a-pie-de-sabores-y-secretos-con-bebidas-t1241211/
Colombia;bogota-l361;97605;Zipaquira Descubre La Catedral De Sal Y Las Plazas Principales;https://www.getyourguide.com/es-es/bogota-l361/zipaquira-descubre-la-catedral-de-sal-y-las-plazas-principales-t97605/
Colombia;santa-barbara-colombia-l240049;1118154;Medellin Hacienda Adrenalina Parapente Tour En Quad Y Paseo A Caballo;https://www.getyourguide.com/es-es/santa-barbara-colombia-l240049/medellin-hacienda-adrenalina-parapente-tour-en-quad-y-paseo-a-caballo-t1118154/
Colombia;cartagena-de-indias-l362;1159246;Pasadia A Isla Palma Desde Cartagena Aguas Cristalinas Y Playa Privada;https://www.getyourguide.com/es-es/cartagena-de-indias-l362/pasadia-a-isla-palma-desde-cartagena-aguas-cristalinas-y-playa-privada-t1159246/
Colombia;cali-colombia-l1213;447093;Observacion De Aves Km 18;https://www.getyourguide.com/es-es/cali-colombia-l1213/observacion-de-aves-km-18-t447093/
Colombia;bogota-l361;1191911;Bogota La Otra Mirada Gaitanista Historia Y Tradicion Popular Colombiana;https://www.getyourguide.com/es-es/bogota-l361/bogota-la-otra-mirada-gaitanista-historia-y-tradicion-popular-colombiana-t1191911/
Colombia;cartagena-de-indias-l362;1192164;Cartagena Plantacion De Manglares Pesca Y Tour De Cocina;https://www.getyourguide.com/es-es/cartagena-de-indias-l362/cartagena-plantacion-de-manglares-pesca-y-tour-de-cocina-t1192164/
Colombia;cartagena-de-indias-l362;1200187;Sunset Premium En Cartagena Club De Playa Exclusivo En El Laguito;https://www.getyourguide.com/es-es/cartagena-de-indias-l362/sunset-premium-en-cartagena-club-de-playa-exclusivo-en-el-laguito-t1200187/
Colombia;medellin-l1215;1215298;Medellin Provenza Noche Guiada Y Fiesta Como Un Local;https://www.getyourguide.com/es-es/medellin-l1215/medellin-provenza-noche-guiada-y-fiesta-como-un-local-t1215298/
Colombia;cartagena-de-indias-l362;645750;Cartagena Tour En Lancha Rapida Con Todo Incluido A Las Islas Rosario;https://www.getyourguide.com/es-es/cartagena-de-indias-l362/cartagena-tour-en-lancha-rapida-con-todo-incluido-a-las-islas-rosario-t645750/
Colombia;medellin-l1215;656433;Medellin Tour De Grafitis Por La Comuna 13 Con Aperitivos Incluidos;https://www.getyourguide.com/es-es/medellin-l1215/medellin-tour-de-grafitis-por-la-comuna-13-con-aperitivos-incluidos-t656433/
Colombia;manizales-l126418;1326644;Manizales Tours Tradicion Campesina Y Experiencia Rural;https://www.getyourguide.com/es-es/manizales-l126418/manizales-tours-tradicion-campesina-y-experiencia-rural-t1326644/
Colombia;bello-l205896;783194;Medellin Vuelo En Parapente Con Fotos Y Videos Con Gopro;https://www.getyourguide.com/es-es/bello-l205896/medellin-vuelo-en-parapente-con-fotos-y-videos-con-gopro-t783194/
Colombia;medellin-l1215;383303;Viaje En Parapente Con Pilotos Certificados Transporte;https://www.getyourguide.com/es-es/medellin-l1215/viaje-en-parapente-con-pilotos-certificados-transporte-t383303/
Colombia;medellin-l1215;871922;Sonson Tour Sonson Antioquia Cuna De La Colonizacion Antioquena;https://www.getyourguide.com/es-es/medellin-l1215/sonson-tour-sonson-antioquia-cuna-de-la-colonizacion-antioquena-t871922/
Colombia;villa-de-leyva-l2951;891562;Bogota Desde O Hacia Villa De Leyva Traslado Privado;https://www.getyourguide.com/es-es/villa-de-leyva-l2951/bogota-desde-o-hacia-villa-de-leyva-traslado-privado-t891562/
Colombia;medellin-l1215;918605;Medellin Tour De Arte Urbano Y Comida Callejera Por La Comuna 13;https://www.getyourguide.com/es-es/medellin-l1215/medellin-tour-de-arte-urbano-y-comida-callejera-por-la-comuna-13-t918605/
Colombia;santa-marta-l32129;1016816;Sendero Del Canto Avistamiento De Aves En Minca;https://www.getyourguide.com/es-es/santa-marta-l32129/sendero-del-canto-avistamiento-de-aves-en-minca-t1016816/
Colombia;cartagena-de-indias-l362;1079055;;https://www.getyourguide.com/es-es/cartagena-de-indias-l362/-t1079055/
Colombia;santa-marta-l32129;662809;Santa Marta Excursion En Velero Al Parque Tayrona Con El Equipo De Luis;https://www.getyourguide.com/es-es/santa-marta-l32129/santa-marta-excursion-en-velero-al-parque-tayrona-con-el-equipo-de-luis-t662809/
Colombia;bogota-l361;1125791;Bogota Teleferico Al Barrio Mas Grande De Bogota El Paraiso;https://www.getyourguide.com/es-es/bogota-l361/bogota-teleferico-al-barrio-mas-grande-de-bogota-el-paraiso-t1125791/
Colombia;san-agustin-colombia-l131748;1126894;Juega Al Tejo Con Un Lugareno;https://www.getyourguide.com/es-es/san-agustin-colombia-l131748/juega-al-tejo-con-un-lugareno-t1126894/
Colombia;neiva-l153229;1146137;Desde Neiva Visita A Las Termas De Los Angeles En Rivera;https://www.getyourguide.com/es-es/neiva-l153229/desde-neiva-visita-a-las-termas-de-los-angeles-en-rivera-t1146137/
Colombia;cali-colombia-l1213;747834;Gira Salsa Cali Baila Y Toca Instrumentos;https://www.getyourguide.com/es-es/cali-colombia-l1213/gira-salsa-cali-baila-y-toca-instrumentos-t747834/
Colombia;pasto-l101982;1185433;Pasto Tour De 7 Dias Del Carnaval De Negros Y Blancos;https://www.getyourguide.com/es-es/pasto-l101982/pasto-tour-de-7-dias-del-carnaval-de-negros-y-blancos-t1185433/
Colombia;baru-l120985;1192913;Cartagena Tour De Snorkel Por Las Islas De Baru Y Rosario;https://www.getyourguide.com/es-es/baru-l120985/cartagena-tour-de-snorkel-por-las-islas-de-baru-y-rosario-t1192913/
Colombia;cartagena-de-indias-l362;834026;Cartagena Excursion De Un Dia A La Pajarera Y La Playa Con Comida;https://www.getyourguide.com/es-es/cartagena-de-indias-l362/cartagena-excursion-de-un-dia-a-la-pajarera-y-la-playa-con-comida-t834026/
Colombia;bogota-l361;1217994;Combo Bogotano Historia En Monserrate Y Diversion Total En Jaime Duque;https://www.getyourguide.com/es-es/bogota-l361/combo-bogotano-historia-en-monserrate-y-diversion-total-en-jaime-duque-t1217994/
Colombia;cartagena-de-indias-l362;1279979;Cartagena Tour A Playa Blanca Baru Con Almuerzo Guia Y Recogida En Hotel;https://www.getyourguide.com/es-es/cartagena-de-indias-l362/cartagena-tour-a-playa-blanca-baru-con-almuerzo-guia-y-recogida-en-hotel-t1279979/
Colombia;santa-marta-l32129;950671;Santa Marta Seawalker Caminata Submarina;https://www.getyourguide.com/es-es/santa-marta-l32129/santa-marta-seawalker-caminata-submarina-t950671/
Colombia;cartagena-de-indias-l362;965837;Cartagena Tour Bahia Con Barra Libre Y Show De Baile;https://www.getyourguide.com/es-es/cartagena-de-indias-l362/cartagena-tour-bahia-con-barra-libre-y-show-de-baile-t965837/
Colombia;bogota-l361;970791;Museo Nacional De Colombia Bogota Tour Privado Con Entradas;https://www.getyourguide.com/es-es/bogota-l361/museo-nacional-de-colombia-bogota-tour-privado-con-entradas-t970791/
Colombia;barichara-l209940;988549;Tour De Cafe En Barichara Tradicion Sostenibilidad Y Sabor Local;https://www.getyourguide.com/es-es/barichara-l209940/tour-de-cafe-en-barichara-tradicion-sostenibilidad-y-sabor-local-t988549/
Colombia;santa-marta-l32129;1148283;Excursion De Dia Completo Al Parque Tayrona Desde Cartagena;https://www.getyourguide.com/es-es/santa-marta-l32129/excursion-de-dia-completo-al-parque-tayrona-desde-cartagena-t1148283/
Colombia;medellin-l1215;1156090;Medellin Todo Incluido Recogida En Aeropuerto Hotel Tours Exclusivos;https://www.getyourguide.com/es-es/medellin-l1215/medellin-todo-incluido-recogida-en-aeropuerto-hotel-tours-exclusivos-t1156090/
Colombia;medellin-l1215;454387;Excursion Privada En Parapente Sobre Cascadas Gigantes Desde Medellin;https://www.getyourguide.com/es-es/medellin-l1215/excursion-privada-en-parapente-sobre-cascadas-gigantes-desde-medellin-t454387/
Colombia;santa-rosa-de-cabal-l136683;512902;Granja De Cafe Y Aguas Termales De Santa Rosa Desde Pereiraarmenia;https://www.getyourguide.com/es-es/santa-rosa-de-cabal-l136683/granja-de-cafe-y-aguas-termales-de-santa-rosa-desde-pereiraarmenia-t512902/
Colombia;pasto-l101982;1249648;Pasto City Tour Historico Y Cultural Con Degustacion De Gastronomia Local;https://www.getyourguide.com/es-es/pasto-l101982/pasto-city-tour-historico-y-cultural-con-degustacion-de-gastronomia-local-t1249648/
Colombia;santa-marta-l32129;821978;Santamarta City Tour Panoramico De Historia Y Cultura En Chiva;https://www.getyourguide.com/es-es/santa-marta-l32129/santamarta-city-tour-panoramico-de-historia-y-cultura-en-chiva-t821978/
Colombia;medellin-l1215;340816;Desde Medellin Excursion En Quad Y Parapente En Cascada;https://www.getyourguide.com/es-es/medellin-l1215/desde-medellin-excursion-en-quad-y-parapente-en-cascada-t340816/
Colombia;barichara-l209940;920728;Tour De Arquitectura En Barichara Descubre La Historia Por Sus Calles;https://www.getyourguide.com/es-es/barichara-l209940/tour-de-arquitectura-en-barichara-descubre-la-historia-por-sus-calles-t920728/
Colombia;santa-marta-l32129;955724;Desde Santa Marta Tour En La Sierra A Comunidad Indigena Kogui Uldezhaxa;https://www.getyourguide.com/es-es/santa-marta-l32129/desde-santa-marta-tour-en-la-sierra-a-comunidad-indigena-kogui-uldezhaxa-t955724/
Colombia;bogota-l361;557682;Scooter Tour Centro Historico Bogota;https://www.getyourguide.com/es-es/bogota-l361/scooter-tour-centro-historico-bogota-t557682/
Colombia;bogota-l361;609699;Desde Bogota Excursion En Moto A La Cascada De La Chorrera;https://www.getyourguide.com/es-es/bogota-l361/desde-bogota-excursion-en-moto-a-la-cascada-de-la-chorrera-t609699/
Colombia;curiti-l229859;1108349;Bucaramanga Citytour A Barichara Tour De Pueblitos Salida Desde Bmanga;https://www.getyourguide.com/es-es/curiti-l229859/bucaramanga-citytour-a-barichara-tour-de-pueblitos-salida-desde-bmanga-t1108349/
Colombia;salento-colombia-l32675;1159068;Filandia Authentic Jeep Willys Ride Filandia Salento;https://www.getyourguide.com/es-es/salento-colombia-l32675/filandia-authentic-jeep-willys-ride-filandia-salento-t1159068/
Colombia;bogota-l361;711157;Tour A Pie Por Bogota Y La Catedral De Sal De Zipaquira Tour En Grupo;https://www.getyourguide.com/es-es/bogota-l361/tour-a-pie-por-bogota-y-la-catedral-de-sal-de-zipaquira-tour-en-grupo-t711157/
Colombia;villa-de-leyva-l2951;712354;Desde Villa De Leyva 5 Horas De Tour De La Ciudad;https://www.getyourguide.com/es-es/villa-de-leyva-l2951/desde-villa-de-leyva-5-horas-de-tour-de-la-ciudad-t712354/
Colombia;villavicencio-l153002;729598;Explorando El Canon Del Rio Guejar En Mesetas Colombia;https://www.getyourguide.com/es-es/villavicencio-l153002/explorando-el-canon-del-rio-guejar-en-mesetas-colombia-t729598/
Colombia;cartagena-de-indias-l362;768152;Pao Pao Beach Club;https://www.getyourguide.com/es-es/cartagena-de-indias-l362/pao-pao-beach-club-t768152/
Colombia;santa-marta-l32129;828889;Santamarta Tour Combo Canopy Playa Blanca Almuerzo Incluido;https://www.getyourguide.com/es-es/santa-marta-l32129/santamarta-tour-combo-canopy-playa-blanca-almuerzo-incluido-t828889/
Colombia;minca-l176223;1251897;Minca Descubre El Cafe Y El Cacao En Una Granja Organica De Comercio Justo;https://www.getyourguide.com/es-es/minca-l176223/minca-descubre-el-cafe-y-el-cacao-en-una-granja-organica-de-comercio-justo-t1251897/
Colombia;barichara-l209940;1252437;San Gil Tour Nocturno Por Barichara Con Cena Y Degustaciones;https://www.getyourguide.com/es-es/barichara-l209940/san-gil-tour-nocturno-por-barichara-con-cena-y-degustaciones-t1252437/
Colombia;san-andres-colombia-l180220;1277535;Rastafari Vibes Tour Johnny Cay Island Y Bahia En Un Solo Dia;https://www.getyourguide.com/es-es/san-andres-colombia-l180220/rastafari-vibes-tour-johnny-cay-island-y-bahia-en-un-solo-dia-t1277535/
Colombia;medellin-l1215;109048;Tour Pablo Escobar En Medellin;https://www.getyourguide.com/es-es/medellin-l1215/tour-pablo-escobar-en-medellin-t109048/
Colombia;bogota-l361;240207;Bogota Catedral De Sal De Zipaquira;https://www.getyourguide.com/es-es/bogota-l361/bogota-catedral-de-sal-de-zipaquira-t240207/
Colombia;cartagena-de-indias-l362;442306;Dia Completo En Isla Baru Playa Blanca En Mambo Beach Club;https://www.getyourguide.com/es-es/cartagena-de-indias-l362/dia-completo-en-isla-baru-playa-blanca-en-mambo-beach-club-t442306/
Colombia;medellin-l1215;574685;Tour A Pie Por Arvi;https://www.getyourguide.com/es-es/medellin-l1215/tour-a-pie-por-arvi-t574685/
Colombia;salento-colombia-l32675;620846;Cocora Excursion Al Santuario De Los Colibries;https://www.getyourguide.com/es-es/salento-colombia-l32675/cocora-excursion-al-santuario-de-los-colibries-t620846/
Colombia;cartagena-de-indias-l362;1287933;Chiva Rumbera Cartagena Night Party Bus Tour With Music City Highlights;https://www.getyourguide.com/es-es/cartagena-de-indias-l362/chiva-rumbera-cartagena-night-party-bus-tour-with-music-city-highlights-t1287933/
Colombia;cartagena-de-indias-l362;648190;Cartagena Divertido Partybus Con Pista De Baile Y Buena Musica;https://www.getyourguide.com/es-es/cartagena-de-indias-l362/cartagena-divertido-partybus-con-pista-de-baile-y-buena-musica-t648190/
Colombia;san-basilio-de-palenque-l192796;684905;San Basilio De Palenque Espectaculo De Danza Almuerzo Recogida Incluida;https://www.getyourguide.com/es-es/san-basilio-de-palenque-l192796/san-basilio-de-palenque-espectaculo-de-danza-almuerzo-recogida-incluida-t684905/
Colombia;santa-marta-l32129;770668;Buritaca Pasadia;https://www.getyourguide.com/es-es/santa-marta-l32129/buritaca-pasadia-t770668/
Colombia;bogota-l361;180530;Bogota 4 Horas En Andres Carne De Res Con Traslado;https://www.getyourguide.com/es-es/bogota-l361/bogota-4-horas-en-andres-carne-de-res-con-traslado-t180530/
Colombia;medellin-l1215;806861;Medellin Termales Espiritu Santo;https://www.getyourguide.com/es-es/medellin-l1215/medellin-termales-espiritu-santo-t806861/
Colombia;cartagena-de-indias-l362;821783;Cartagena Excursion De Un Dia A Playa Blanca Baru Piscina;https://www.getyourguide.com/es-es/cartagena-de-indias-l362/cartagena-excursion-de-un-dia-a-playa-blanca-baru-piscina-t821783/
Colombia;pereira-l32650;878225;Pereira Clases De Baile Privadas Para Principiantes Ritmos Latina;https://www.getyourguide.com/es-es/pereira-l32650/pereira-clases-de-baile-privadas-para-principiantes-ritmos-latina-t878225/
Colombia;san-andres-colombia-l180220;439802;San Andres Islas Tour Por La Bahia En Bote De Lujo;https://www.getyourguide.com/es-es/san-andres-colombia-l180220/san-andres-islas-tour-por-la-bahia-en-bote-de-lujo-t439802/
Colombia;bucaramanga-l153985;1015249;Bucaramanga Tour Al Paramo Santurban;https://www.getyourguide.com/es-es/bucaramanga-l153985/bucaramanga-tour-al-paramo-santurban-t1015249/
Colombia;medellin-l1215;1033528;Medellin Tour Urbano Rural De La Comuna 13 7 Y 60;https://www.getyourguide.com/es-es/medellin-l1215/medellin-tour-urbano-rural-de-la-comuna-13-7-y-60-t1033528/
Colombia;san-basilio-de-palenque-l192796;641832;Volcan De Barro Y Experiencia Cultural Palenque;https://www.getyourguide.com/es-es/san-basilio-de-palenque-l192796/volcan-de-barro-y-experiencia-cultural-palenque-t641832/
Colombia;cartagena-de-indias-l362;1119072;Cartagena Crucero A Las Islas Del Rosario En El Catamaran 43 Leopard;https://www.getyourguide.com/es-es/cartagena-de-indias-l362/cartagena-crucero-a-las-islas-del-rosario-en-el-catamaran-43-leopard-t1119072/
Colombia;bogota-l361;832196;Desde Bogota Sendero A La Casa De Oso Andino Choachi;https://www.getyourguide.com/es-es/bogota-l361/desde-bogota-sendero-a-la-casa-de-oso-andino-choachi-t832196/
Colombia;cartagena-de-indias-l362;915215;Playa Blanca Excursion De Un Dia Con Snorkel Y Avistamiento De Mapaches;https://www.getyourguide.com/es-es/cartagena-de-indias-l362/playa-blanca-excursion-de-un-dia-con-snorkel-y-avistamiento-de-mapaches-t915215/
Colombia;bogota-l361;1029013;Bogota Tour Privado Sobre Esmeraldas Con Museo Comercio Y Pulido;https://www.getyourguide.com/es-es/bogota-l361/bogota-tour-privado-sobre-esmeraldas-con-museo-comercio-y-pulido-t1029013/
Colombia;medellin-l1215;183056;Medellin Comuna 13 Graffitis Escaleras Electricas Metrocable;https://www.getyourguide.com/es-es/medellin-l1215/medellin-comuna-13-graffitis-escaleras-electricas-metrocable-t183056/
Colombia;cartagena-de-indias-l362;295360;Cartagena Clases Privadas De Kitesurf;https://www.getyourguide.com/es-es/cartagena-de-indias-l362/cartagena-clases-privadas-de-kitesurf-t295360/
Colombia;cartagena-de-indias-l362;629675;Cartagena Tour En Barco Privado Al Atardecer Y Nocturno;https://www.getyourguide.com/es-es/cartagena-de-indias-l362/cartagena-tour-en-barco-privado-al-atardecer-y-nocturno-t629675/
Colombia;cartagena-de-indias-l362;774469;Cartagena Daytour To Playa Linda In Tierra Bomba Island;https://www.getyourguide.com/es-es/cartagena-de-indias-l362/cartagena-daytour-to-playa-linda-in-tierra-bomba-island-t774469/
Colombia;medellin-l1215;87959;Tour Privado Cascada De El Retiro Con Comida;https://www.getyourguide.com/es-es/medellin-l1215/tour-privado-cascada-de-el-retiro-con-comida-t87959/
Colombia;cartagena-de-indias-l362;826160;Isla Baru Club De Playa Privado;https://www.getyourguide.com/es-es/cartagena-de-indias-l362/isla-baru-club-de-playa-privado-t826160/
Colombia;baru-l120985;830303;Cartagena Excursion De Un Dia A Baru Playa Blanca E Islas Del Rosario;https://www.getyourguide.com/es-es/baru-l120985/cartagena-excursion-de-un-dia-a-baru-playa-blanca-e-islas-del-rosario-t830303/
Colombia;bogota-l361;831132;Aventura En El Vichada Profundo;https://www.getyourguide.com/es-es/bogota-l361/aventura-en-el-vichada-profundo-t831132/
Colombia;leticia-l176618;840095;Experiencia Completa En La Selva;https://www.getyourguide.com/es-es/leticia-l176618/experiencia-completa-en-la-selva-t840095/
Colombia;medellin-l1215;935165;Medellin City Tour En Moto Con Guia Local;https://www.getyourguide.com/es-es/medellin-l1215/medellin-city-tour-en-moto-con-guia-local-t935165/
Colombia;bogota-l361;1267626;Bogota Tour De Comida Callejera En La Candelaria Con 7 Degustaciones;https://www.getyourguide.com/es-es/bogota-l361/bogota-tour-de-comida-callejera-en-la-candelaria-con-7-degustaciones-t1267626/
Colombia;cartagena-de-indias-l362;1055317;Cartagena Tour De La Ciudad Con Servicio De Recogida Y Tickets De Acceso;https://www.getyourguide.com/es-es/cartagena-de-indias-l362/cartagena-tour-de-la-ciudad-con-servicio-de-recogida-y-tickets-de-acceso-t1055317/
Colombia;bogota-l361;270542;Tour Por Una Finca Cafetera Desde Bogota Se Un Agricultor Por Un Dia;https://www.getyourguide.com/es-es/bogota-l361/tour-por-una-finca-cafetera-desde-bogota-se-un-agricultor-por-un-dia-t270542/
Colombia;leticia-l176618;453151;Desde Leticia Excursion De 3 Dias Escapate Al Amazonas;https://www.getyourguide.com/es-es/leticia-l176618/desde-leticia-excursion-de-3-dias-escapate-al-amazonas-t453151/
Colombia;pasto-l101982;1326592;Senderismo Al Volcan Cumbal Con El Sherpa Colombiano;https://www.getyourguide.com/es-es/pasto-l101982/senderismo-al-volcan-cumbal-con-el-sherpa-colombiano-t1326592/
Colombia;bogota-l361;685717;Traslado Privado Desde El Aeropuerto De Bogota A Los Hoteles De Calle 26;https://www.getyourguide.com/es-es/bogota-l361/traslado-privado-desde-el-aeropuerto-de-bogota-a-los-hoteles-de-calle-26-t685717/
Colombia;medellin-l1215;401462;Colombia Museo Oficial Pablo Escobar Conoce A La Familia;https://www.getyourguide.com/es-es/medellin-l1215/colombia-museo-oficial-pablo-escobar-conoce-a-la-familia-t401462/
Colombia;santa-marta-l32129;820392;Santamarta Tour Palomino Magdalena Desayuno Y Almuerzo Incluido;https://www.getyourguide.com/es-es/santa-marta-l32129/santamarta-tour-palomino-magdalena-desayuno-y-almuerzo-incluido-t820392/
Colombia;bogota-l361;881273;Excursion Desde Bogota Laguna De Guatavita Pueblo Guatavita Casa Loca;https://www.getyourguide.com/es-es/bogota-l361/excursion-desde-bogota-laguna-de-guatavita-pueblo-guatavita-casa-loca-t881273/
Colombia;cartagena-de-indias-l362;500573;Palenque Tierra De Reinas Y Reyes;https://www.getyourguide.com/es-es/cartagena-de-indias-l362/palenque-tierra-de-reinas-y-reyes-t500573/
Colombia;cartagena-de-indias-l362;525675;Cartagena Recorrido A Pie Por La Comida Callejera;https://www.getyourguide.com/es-es/cartagena-de-indias-l362/cartagena-recorrido-a-pie-por-la-comida-callejera-t525675/
Colombia;cartagena-de-indias-l362;552486;Copia De Cena Internacional En Catamaran En La Bahia De Cartagena;https://www.getyourguide.com/es-es/cartagena-de-indias-l362/copia-de-cena-internacional-en-catamaran-en-la-bahia-de-cartagena-t552486/
Colombia;leticia-l176618;995747;Tour A Pie Por Salento 3 H;https://www.getyourguide.com/es-es/leticia-l176618/tour-a-pie-por-salento-3-h-t995747/
Colombia;bogota-l361;1027541;Bogota Tour Privado De Arte Mambo Botero Barrio De San Felipe;https://www.getyourguide.com/es-es/bogota-l361/bogota-tour-privado-de-arte-mambo-botero-barrio-de-san-felipe-t1027541/
Colombia;villavieja-l215836;678509;Tour Desierto Tatacoa Y Santuario Natural Desde Villavieja;https://www.getyourguide.com/es-es/villavieja-l215836/tour-desierto-tatacoa-y-santuario-natural-desde-villavieja-t678509/
Colombia;cartagena-de-indias-l362;694345;Playa De La Libertad Baru Oceanario Plancton;https://www.getyourguide.com/es-es/cartagena-de-indias-l362/playa-de-la-libertad-baru-oceanario-plancton-t694345/
Colombia;barranquilla-l95786;1118273;Barranquilla Asiste A Un Partido Y Vive El Futbol Como Un Verdadero Local;https://www.getyourguide.com/es-es/barranquilla-l95786/barranquilla-asiste-a-un-partido-y-vive-el-futbol-como-un-verdadero-local-t1118273/
Colombia;minca-l176223;1147788;Minca Trekking Intenso Por La Sierra Nevada;https://www.getyourguide.com/es-es/minca-l176223/minca-trekking-intenso-por-la-sierra-nevada-t1147788/
Colombia;san-agustin-colombia-l131748;1152061;Tour Privado Al Parque Arqueologico De La Gaitana En Quinchana;https://www.getyourguide.com/es-es/san-agustin-colombia-l131748/tour-privado-al-parque-arqueologico-de-la-gaitana-en-quinchana-t1152061/
Colombia;medellin-l1215;1187483;Medellin Tour De Grafitis Por La Comuna 13 Con Taller Y Bebida;https://www.getyourguide.com/es-es/medellin-l1215/medellin-tour-de-grafitis-por-la-comuna-13-con-taller-y-bebida-t1187483/
Colombia;cartagena-de-indias-l362;1269896;Cartagena Palmarito Beach Day Tour Con Kayak Almuerzo Y Traslados;https://www.getyourguide.com/es-es/cartagena-de-indias-l362/cartagena-palmarito-beach-day-tour-con-kayak-almuerzo-y-traslados-t1269896/
Colombia;bogota-l361;987852;Bogota Tour Privado De Arquitectura Religiosa Con Recogida;https://www.getyourguide.com/es-es/bogota-l361/bogota-tour-privado-de-arquitectura-religiosa-con-recogida-t987852/
Colombia;cartagena-de-indias-l362;1009920;Cartagena Clase De Ceviche Artesanal Con Postre;https://www.getyourguide.com/es-es/cartagena-de-indias-l362/cartagena-clase-de-ceviche-artesanal-con-postre-t1009920/
Colombia;medellin-l1215;1075063;Lo Mas Destacado Y Los Tesoros Ocultos De Medellin Tour Privado Con Un Guia Local;https://www.getyourguide.com/es-es/medellin-l1215/lo-mas-destacado-y-los-tesoros-ocultos-de-medellin-tour-privado-con-un-guia-local-t1075063/
Colombia;baru-l120985;1117439;Pasadia Exclusivo En Playa Tranquila Experiencia Familiar Vip;https://www.getyourguide.com/es-es/baru-l120985/pasadia-exclusivo-en-playa-tranquila-experiencia-familiar-vip-t1117439/
Colombia;pereira-l32650;1127070;Pereira Tour Privado En Vehiculo Blindado A Medellin;https://www.getyourguide.com/es-es/pereira-l32650/pereira-tour-privado-en-vehiculo-blindado-a-medellin-t1127070/
Colombia;bogota-l361;227128;La Verdadera Experiencia Del Futbol Colombiano;https://www.getyourguide.com/es-es/bogota-l361/la-verdadera-experiencia-del-futbol-colombiano-t227128/
Colombia;cartagena-de-indias-l362;1194881;Cartagena Experiencia Full Fiesta Bahia Chiva Y Disco;https://www.getyourguide.com/es-es/cartagena-de-indias-l362/cartagena-experiencia-full-fiesta-bahia-chiva-y-disco-t1194881/
Colombia;san-andres-colombia-l180220;438979;Desde San Andres Excursion A Cayo Acuario;https://www.getyourguide.com/es-es/san-andres-colombia-l180220/desde-san-andres-excursion-a-cayo-acuario-t438979/
Colombia;bocachica-l181861;1263278;Cartagena Recorrido En Barco Con Fiesta En Isla De Baru Rosario Y Cholon;https://www.getyourguide.com/es-es/bocachica-l181861/cartagena-recorrido-en-barco-con-fiesta-en-isla-de-baru-rosario-y-cholon-t1263278/
Colombia;santa-marta-l32129;818382;Santamarta Tour Cabo San Juan Del Guia Tercer Sector Del Pnn Tayrona;https://www.getyourguide.com/es-es/santa-marta-l32129/santamarta-tour-cabo-san-juan-del-guia-tercer-sector-del-pnn-tayrona-t818382/
Colombia;medellin-l1215;531161;Tour Del Cafe En Jardin Antioquia Desde Medellin;https://www.getyourguide.com/es-es/medellin-l1215/tour-del-cafe-en-jardin-antioquia-desde-medellin-t531161/
Colombia;cali-colombia-l1213;552809;Salsa Pub Crawl En Cali;https://www.getyourguide.com/es-es/cali-colombia-l1213/salsa-pub-crawl-en-cali-t552809/
Colombia;cartagena-de-indias-l362;567394;Freedom Beach Club Baru Playa Tranquila Oceanario;https://www.getyourguide.com/es-es/cartagena-de-indias-l362/freedom-beach-club-baru-playa-tranquila-oceanario-t567394/
Colombia;cali-colombia-l1213;1030159;Cali Degustacion De Viche Licor Artesanal Del Pacifico;https://www.getyourguide.com/es-es/cali-colombia-l1213/cali-degustacion-de-viche-licor-artesanal-del-pacifico-t1030159/
Colombia;medellin-l1215;1086822;Medellin Agro Tour El Llano Con Degustaciones Y Almuerzo;https://www.getyourguide.com/es-es/medellin-l1215/medellin-agro-tour-el-llano-con-degustaciones-y-almuerzo-t1086822/
Colombia;cartagena-de-indias-l362;763483;Cartagena Palmarito Beachclub En Tierra Bomba Con Buffet;https://www.getyourguide.com/es-es/cartagena-de-indias-l362/cartagena-palmarito-beachclub-en-tierra-bomba-con-buffet-t763483/
Colombia;medellin-l1215;785396;Medellin Tour Privado En Cuatrimotos 15H;https://www.getyourguide.com/es-es/medellin-l1215/medellin-tour-privado-en-cuatrimotos-15h-t785396/
Colombia;guatavita-l126403;790694;Bogota Ticket De Entrada Basico Para Vuelo En Parapente En Guatavita;https://www.getyourguide.com/es-es/guatavita-l126403/bogota-ticket-de-entrada-basico-para-vuelo-en-parapente-en-guatavita-t790694/
Colombia;minca-l176223;1174158;Minca Tour A Una Plantacion De Cafe Una Cascada Y Un Taller De Chocolate;https://www.getyourguide.com/es-es/minca-l176223/minca-tour-a-una-plantacion-de-cafe-una-cascada-y-un-taller-de-chocolate-t1174158/
Colombia;cartagena-de-indias-l362;817144;Desde Cartagena Visita Barranquilla Y Santa Marta En Un Solo Dia;https://www.getyourguide.com/es-es/cartagena-de-indias-l362/desde-cartagena-visita-barranquilla-y-santa-marta-en-un-solo-dia-t817144/
Colombia;santa-marta-l32129;821638;Santamarta Tour Remanso Taganga Playa Grande Almuerzo Y Snorkel Incluido;https://www.getyourguide.com/es-es/santa-marta-l32129/santamarta-tour-remanso-taganga-playa-grande-almuerzo-y-snorkel-incluido-t821638/
Colombia;san-basilio-de-palenque-l192796;855562;Palenque Desenchufado Un Viaje Al Patrimonio Afrocolombiano;https://www.getyourguide.com/es-es/san-basilio-de-palenque-l192796/palenque-desenchufado-un-viaje-al-patrimonio-afrocolombiano-t855562/
Colombia;san-andres-colombia-l180220;1226050;San Andres Citytour Chiva Noche Blanca;https://www.getyourguide.com/es-es/san-andres-colombia-l180220/san-andres-citytour-chiva-noche-blanca-t1226050/
Colombia;cartagena-de-indias-l362;1256364;Cartagena Tour Privado En Barco A Los Fuertes Coloniales Espanoles;https://www.getyourguide.com/es-es/cartagena-de-indias-l362/cartagena-tour-privado-en-barco-a-los-fuertes-coloniales-espanoles-t1256364/
Colombia;guatape-l114702;1268533;;https://www.getyourguide.com/es-es/guatape-l114702/-t1268533/
Colombia;cartagena-de-indias-l362;1097479;Tour A Pie Por La Historia Negra De Cartagena Plaza Santa Teresa;https://www.getyourguide.com/es-es/cartagena-de-indias-l362/tour-a-pie-por-la-historia-negra-de-cartagena-plaza-santa-teresa-t1097479/
Colombia;bogota-l361;408164;Taller De Bolsos Ancestrales Tour Cultural Practico En Bogota;https://www.getyourguide.com/es-es/bogota-l361/taller-de-bolsos-ancestrales-tour-cultural-practico-en-bogota-t408164/
Colombia;medellin-l1215;409417;Spa En Medellin Masaje Tematico Y Terapia Acuatica;https://www.getyourguide.com/es-es/medellin-l1215/spa-en-medellin-masaje-tematico-y-terapia-acuatica-t409417/
Colombia;santa-marta-l32129;1152633;Tour A Minca Full Day;https://www.getyourguide.com/es-es/santa-marta-l32129/tour-a-minca-full-day-t1152633/
Colombia;jerico-l147966;1229249;Tour De 2 Dias Jerico Y Cerro Tusa;https://www.getyourguide.com/es-es/jerico-l147966/tour-de-2-dias-jerico-y-cerro-tusa-t1229249/
Colombia;cartagena-de-indias-l362;1229824;Cartagena Tour En Quad Con Cena Y Coctel;https://www.getyourguide.com/es-es/cartagena-de-indias-l362/cartagena-tour-en-quad-con-cena-y-coctel-t1229824/
Colombia;cartagena-de-indias-l362;569931;Paseo En Bici Y Comida En El Lugar Favorito De Anthony Bourdain;https://www.getyourguide.com/es-es/cartagena-de-indias-l362/paseo-en-bici-y-comida-en-el-lugar-favorito-de-anthony-bourdain-t569931/
Colombia;bogota-l361;1314739;Noches De Terror Y Casa Embrujada En El Centro De Bogota;https://www.getyourguide.com/es-es/bogota-l361/noches-de-terror-y-casa-embrujada-en-el-centro-de-bogota-t1314739/
Colombia;baru-l120985;645563;Cartagena Playa Tranquila Todo Incluidocacerola Marinera;https://www.getyourguide.com/es-es/baru-l120985/cartagena-playa-tranquila-todo-incluidocacerola-marinera-t645563/
Colombia;cartagena-de-indias-l362;683900;Tour 5 Islas;https://www.getyourguide.com/es-es/cartagena-de-indias-l362/tour-5-islas-t683900/
Colombia;cartagena-de-indias-l362;840151;Cartagena Traslado Cartagena A Barranquilla O Viceversa Carro Compartido;https://www.getyourguide.com/es-es/cartagena-de-indias-l362/cartagena-traslado-cartagena-a-barranquilla-o-viceversa-carro-compartido-t840151/
Colombia;san-gil-l148478;890735;Parapente Curiti Vuelo Sobre El Territorio De Los Guane Canon Chicamocha;https://www.getyourguide.com/es-es/san-gil-l148478/parapente-curiti-vuelo-sobre-el-territorio-de-los-guane-canon-chicamocha-t890735/
Colombia;cartagena-de-indias-l362;908936;Volcan De Lodo Medicinal Con Almuerzo En Cartagena;https://www.getyourguide.com/es-es/cartagena-de-indias-l362/volcan-de-lodo-medicinal-con-almuerzo-en-cartagena-t908936/
Colombia;cartagena-de-indias-l362;518506;Cartagena Cata De Cafe;https://www.getyourguide.com/es-es/cartagena-de-indias-l362/cartagena-cata-de-cafe-t518506/
Colombia;chia-colombia-l165387;1036001;Bogota Fiesta En Andres Carne De Res Con Anfitrion Y Transporte;https://www.getyourguide.com/es-es/chia-colombia-l165387/bogota-fiesta-en-andres-carne-de-res-con-anfitrion-y-transporte-t1036001/
Colombia;el-penol-l145060;617028;Medellin Excursion De Un Dia A Guatape Y La Roca Del Penol Con Paseo En Barco;https://www.getyourguide.com/es-es/el-penol-l145060/medellin-excursion-de-un-dia-a-guatape-y-la-roca-del-penol-con-paseo-en-barco-t617028/
Colombia;bogota-l361;1108250;City Tour Bogota Monserrate La Candelaria Museo Del Oro Y Botero Guiado;https://www.getyourguide.com/es-es/bogota-l361/city-tour-bogota-monserrate-la-candelaria-museo-del-oro-y-botero-guiado-t1108250/
Colombia;medellin-l1215;631720;Medellin Comuna 13 Graffitour Descubre La Transformacion;https://www.getyourguide.com/es-es/medellin-l1215/medellin-comuna-13-graffitour-descubre-la-transformacion-t631720/
Colombia;cartagena-de-indias-l362;672834;Cartagena Paseo A Caballo Y Navegacion Por El Manglar;https://www.getyourguide.com/es-es/cartagena-de-indias-l362/cartagena-paseo-a-caballo-y-navegacion-por-el-manglar-t672834/
Colombia;cartagena-de-indias-l362;682553;Bora Bora Pasadia En Cartagena Islas Del Rosario;https://www.getyourguide.com/es-es/cartagena-de-indias-l362/bora-bora-pasadia-en-cartagena-islas-del-rosario-t682553/
Colombia;medellin-l1215;1179525;Cafes Streets Stories Photographing Medellin S Urban Soul;https://www.getyourguide.com/es-es/medellin-l1215/cafes-streets-stories-photographing-medellin-s-urban-soul-t1179525/
Colombia;medellin-l1215;791733;Graffiti Tour Medellin Historia Y Arte En La Comuna 13;https://www.getyourguide.com/es-es/medellin-l1215/graffiti-tour-medellin-historia-y-arte-en-la-comuna-13-t791733/
Colombia;medellin-l1215;1220181;Entrada A Una Discoteca De Jazz Con Menu Degustacion Y Cocteles En Medellin;https://www.getyourguide.com/es-es/medellin-l1215/entrada-a-una-discoteca-de-jazz-con-menu-degustacion-y-cocteles-en-medellin-t1220181/
Colombia;salento-colombia-l32675;912266;Desde Pereira Recorrido Por Salento Cocora Y Filandia;https://www.getyourguide.com/es-es/salento-colombia-l32675/desde-pereira-recorrido-por-salento-cocora-y-filandia-t912266/
Colombia;san-cristobal-medellin-l147635;936150;Tour Nocturno A 2 Miradores De Medellin Con Fogata Musica Y Sabor Local;https://www.getyourguide.com/es-es/san-cristobal-medellin-l147635/tour-nocturno-a-2-miradores-de-medellin-con-fogata-musica-y-sabor-local-t936150/
Colombia;cartagena-de-indias-l362;1314863;Palmarito Beach Isla De Tierra Bomba;https://www.getyourguide.com/es-es/cartagena-de-indias-l362/palmarito-beach-isla-de-tierra-bomba-t1314863/
Colombia;medellin-l1215;89709;Cabalgata Jardin Con Villa Cafetera Y Cascada;https://www.getyourguide.com/es-es/medellin-l1215/cabalgata-jardin-con-villa-cafetera-y-cascada-t89709/
Colombia;manizales-l126418;1127114;Manizales Tour Privado En Vehiculo Blindado A Medellin;https://www.getyourguide.com/es-es/manizales-l126418/manizales-tour-privado-en-vehiculo-blindado-a-medellin-t1127114/
Colombia;medellin-l1215;1147202;Medellin Adrenalina Y Aroma Tour Atv Y Catacion De Cerveza;https://www.getyourguide.com/es-es/medellin-l1215/medellin-adrenalina-y-aroma-tour-atv-y-catacion-de-cerveza-t1147202/
Colombia;tolu-l235725;1196543;Tolu Pasadia Caribe Covenas;https://www.getyourguide.com/es-es/tolu-l235725/tolu-pasadia-caribe-covenas-t1196543/
Colombia;santa-marta-l32129;1228423;Santa Marta Explora En Un Solo Dia Minca Taganga Y City Tour En Chiva;https://www.getyourguide.com/es-es/santa-marta-l32129/santa-marta-explora-en-un-solo-dia-minca-taganga-y-city-tour-en-chiva-t1228423/
Colombia;cartagena-de-indias-l362;797543;Cartagena Tour Isla Baru Terrestre Full Playa Tranquila;https://www.getyourguide.com/es-es/cartagena-de-indias-l362/cartagena-tour-isla-baru-terrestre-full-playa-tranquila-t797543/
Colombia;cartagena-de-indias-l362;833778;Excursion De Un Dia A Palenque Con Comida Y Servicio De Recogida Del Hotel;https://www.getyourguide.com/es-es/cartagena-de-indias-l362/excursion-de-un-dia-a-palenque-con-comida-y-servicio-de-recogida-del-hotel-t833778/
Colombia;medellin-l1215;900292;Atv Adventure In Medellin S Mountains;https://www.getyourguide.com/es-es/medellin-l1215/atv-adventure-in-medellin-s-mountains-t900292/
Colombia;medellin-l1215;912693;Medellin Tour Y Cata En La Finca Cafetera Capilla Del Rosario;https://www.getyourguide.com/es-es/medellin-l1215/medellin-tour-y-cata-en-la-finca-cafetera-capilla-del-rosario-t912693/
Colombia;medellin-l1215;957987;Medellin Tour De Pablo Escobar Y La Comuna 13;https://www.getyourguide.com/es-es/medellin-l1215/medellin-tour-de-pablo-escobar-y-la-comuna-13-t957987/
Colombia;medellin-l1215;1051159;Medellin Aventura De Dia Completo Cuatrimoto Y Cabalgata Almuerzo Paisa;https://www.getyourguide.com/es-es/medellin-l1215/medellin-aventura-de-dia-completo-cuatrimoto-y-cabalgata-almuerzo-paisa-t1051159/
Colombia;cartagena-de-indias-l362;1102482;Cartagena Premium Historia Del Cafe Y Puros En El Corazon Historico;https://www.getyourguide.com/es-es/cartagena-de-indias-l362/cartagena-premium-historia-del-cafe-y-puros-en-el-corazon-historico-t1102482/
Colombia;cartagena-de-indias-l362;653108;Cartagena Isla De Los Pescadores En Los Mangroves En Canoa;https://www.getyourguide.com/es-es/cartagena-de-indias-l362/cartagena-isla-de-los-pescadores-en-los-mangroves-en-canoa-t653108/
Colombia;baru-l120985;676117;Cartagena Cuatro Islas Snorkel Y Ver Plancton;https://www.getyourguide.com/es-es/baru-l120985/cartagena-cuatro-islas-snorkel-y-ver-plancton-t676117/
Colombia;medellin-l1215;1178852;Medellin Camina Por La Calle Donde Nacio La Ciudad;https://www.getyourguide.com/es-es/medellin-l1215/medellin-camina-por-la-calle-donde-nacio-la-ciudad-t1178852/
Colombia;cartagena-de-indias-l362;764543;Cartagena Excursion De Un Dia Al Club De Playa Ancestral En Tierra Bomba;https://www.getyourguide.com/es-es/cartagena-de-indias-l362/cartagena-excursion-de-un-dia-al-club-de-playa-ancestral-en-tierra-bomba-t764543/
Colombia;santa-marta-l32129;828485;Santa Marta Tour A Playa Blanca Almuerzo Canopy 2 Trayectos;https://www.getyourguide.com/es-es/santa-marta-l32129/santa-marta-tour-a-playa-blanca-almuerzo-canopy-2-trayectos-t828485/
Colombia;cartagena-de-indias-l362;888402;Cartagena Excursion De Un Dia A La Playa De Baru Con Plancton Bioluminiscente;https://www.getyourguide.com/es-es/cartagena-de-indias-l362/cartagena-excursion-de-un-dia-a-la-playa-de-baru-con-plancton-bioluminiscente-t888402/
Colombia;medellin-l1215;1312124;Medellin Comuna 13 Tour Con Personalizacion De Ropa Incluye 1 Prenda;https://www.getyourguide.com/es-es/medellin-l1215/medellin-comuna-13-tour-con-personalizacion-de-ropa-incluye-1-prenda-t1312124/
Colombia;bogota-l361;1000414;Bogota Pub Crawl Y Tour De Cervezas Artesanales En La Candelaria;https://www.getyourguide.com/es-es/bogota-l361/bogota-pub-crawl-y-tour-de-cervezas-artesanales-en-la-candelaria-t1000414/
Colombia;minca-l176223;1046615;Ciudad Perdida Express Descubre La Joya Oculta De Colombia En 3 Dias;https://www.getyourguide.com/es-es/minca-l176223/ciudad-perdida-express-descubre-la-joya-oculta-de-colombia-en-3-dias-t1046615/
Colombia;medellin-l1215;1049231;Medellin Tour Futbolistico Con Visita Al Estadio;https://www.getyourguide.com/es-es/medellin-l1215/medellin-tour-futbolistico-con-visita-al-estadio-t1049231/
Colombia;cartagena-de-indias-l362;1049970;Cartagena Clase De Cocina Tradicional En Restaurante Del Centro Historico;https://www.getyourguide.com/es-es/cartagena-de-indias-l362/cartagena-clase-de-cocina-tradicional-en-restaurante-del-centro-historico-t1049970/
Colombia;medellin-l1215;380029;Medellin Visita Guiada En Bicicleta Por La Ciudad;https://www.getyourguide.com/es-es/medellin-l1215/medellin-visita-guiada-en-bicicleta-por-la-ciudad-t380029/
Colombia;salento-colombia-l32675;1108424;Circuito De Avistamiento De Colibries;https://www.getyourguide.com/es-es/salento-colombia-l32675/circuito-de-avistamiento-de-colibries-t1108424/
Colombia;pereira-l32650;448111;Granja De Cafe Y Tour A Pie Por Salento;https://www.getyourguide.com/es-es/pereira-l32650/granja-de-cafe-y-tour-a-pie-por-salento-t448111/
Colombia;cali-colombia-l1213;1180590;Cali Rock Pub Crawl;https://www.getyourguide.com/es-es/cali-colombia-l1213/cali-rock-pub-crawl-t1180590/
Colombia;cartagena-de-indias-l362;1181016;Sabores E Historias De Cartagena Comida Callejera Y Tour Por La Bahia;https://www.getyourguide.com/es-es/cartagena-de-indias-l362/sabores-e-historias-de-cartagena-comida-callejera-y-tour-por-la-bahia-t1181016/
Colombia;cartagena-de-indias-l362;511354;Chiva Rumbera La Fiesta Sobre Ruedas Que Debes Experimentar;https://www.getyourguide.com/es-es/cartagena-de-indias-l362/chiva-rumbera-la-fiesta-sobre-ruedas-que-debes-experimentar-t511354/
Colombia;chia-colombia-l165387;519782;Zipaquira Andres Carne De Res Chia;https://www.getyourguide.com/es-es/chia-colombia-l165387/zipaquira-andres-carne-de-res-chia-t519782/
Colombia;medellin-l1215;1218055;Medellin Tour De Lujo De 5 Dias Con Traslados Privados;https://www.getyourguide.com/es-es/medellin-l1215/medellin-tour-de-lujo-de-5-dias-con-traslados-privados-t1218055/
Colombia;medellin-l1215;1289224;Descubre Un Domingo Mas Saludable En Medellin Con Brunch Incluido;https://www.getyourguide.com/es-es/medellin-l1215/descubre-un-domingo-mas-saludable-en-medellin-con-brunch-incluido-t1289224/
Colombia;cartagena-de-indias-l362;724247;Disfruta De La Playa De Baru Aviario Plancton Bioluminiscente;https://www.getyourguide.com/es-es/cartagena-de-indias-l362/disfruta-de-la-playa-de-baru-aviario-plancton-bioluminiscente-t724247/
Colombia;medellin-l1215;789162;Medellin Consigna De Equipajes En El Centro;https://www.getyourguide.com/es-es/medellin-l1215/medellin-consigna-de-equipajes-en-el-centro-t789162/
Colombia;medellin-l1215;89724;Comuna 13 Tour De Graffiti Telefericos Y Estatuas De Botero;https://www.getyourguide.com/es-es/medellin-l1215/comuna-13-tour-de-graffiti-telefericos-y-estatuas-de-botero-t89724/
Colombia;cartagena-de-indias-l362;830246;Sunset En Baru Cena Con Plancton Y Atardecer Inolvidable Desde Cartagena;https://www.getyourguide.com/es-es/cartagena-de-indias-l362/sunset-en-baru-cena-con-plancton-y-atardecer-inolvidable-desde-cartagena-t830246/
Colombia;cartagena-de-indias-l362;835204;Cartagena De Indias 2X1 Islas Del Rosario E Isla Baru En Lancha;https://www.getyourguide.com/es-es/cartagena-de-indias-l362/cartagena-de-indias-2x1-islas-del-rosario-e-isla-baru-en-lancha-t835204/
Colombia;guatape-l114702;922520;Guatape Coffee Tour;https://www.getyourguide.com/es-es/guatape-l114702/guatape-coffee-tour-t922520/
Colombia;barranquilla-l95786;943499;Ticket De Acceso Al Zoologico De Barranquilla;https://www.getyourguide.com/es-es/barranquilla-l95786/ticket-de-acceso-al-zoologico-de-barranquilla-t943499/
Colombia;medellin-l1215;946609;Medellin Conflicto Y Transformacion Tour Guiado;https://www.getyourguide.com/es-es/medellin-l1215/medellin-conflicto-y-transformacion-tour-guiado-t946609/
Colombia;bogota-l361;1027073;Bogota Servicio De Guia Y Traductor Bilingue;https://www.getyourguide.com/es-es/bogota-l361/bogota-servicio-de-guia-y-traductor-bilingue-t1027073/
Colombia;zipaquira-l131353;1029105;Desde Bogota Tour Privado A La Laguna De Guatavita Y La Catedral De Sal;https://www.getyourguide.com/es-es/zipaquira-l131353/desde-bogota-tour-privado-a-la-laguna-de-guatavita-y-la-catedral-de-sal-t1029105/
Colombia;cartagena-de-indias-l362;645948;Cartagena 51 Sky Bar El Bar Mas Alto De Colombia;https://www.getyourguide.com/es-es/cartagena-de-indias-l362/cartagena-51-sky-bar-el-bar-mas-alto-de-colombia-t645948/
Colombia;medellin-l1215;1219173;Medellin Tour Extreme En Atv Con Transporte Incluido;https://www.getyourguide.com/es-es/medellin-l1215/medellin-tour-extreme-en-atv-con-transporte-incluido-t1219173/
Colombia;barranquilla-l95786;1224614;Barranquilla Tour De La Ciudad Con Desayuno Y Almuerzo;https://www.getyourguide.com/es-es/barranquilla-l95786/barranquilla-tour-de-la-ciudad-con-desayuno-y-almuerzo-t1224614/
Colombia;bogota-l361;1261921;Experiencia De Tejo En Bogota Juega Al Deporte Nacional De Colombia Y Toma Cerveza;https://www.getyourguide.com/es-es/bogota-l361/experiencia-de-tejo-en-bogota-juega-al-deporte-nacional-de-colombia-y-toma-cerveza-t1261921/
Colombia;santa-marta-l32129;954398;Tewimake Pasadia De Lujo Con Tubing En Santa Marta;https://www.getyourguide.com/es-es/santa-marta-l32129/tewimake-pasadia-de-lujo-con-tubing-en-santa-marta-t954398/
Colombia;bogota-l361;1287425;;https://www.getyourguide.com/es-es/bogota-l361/-t1287425/
Colombia;barranquilla-l95786;964629;Barranquilla Xata Beach Club Day Pass Ccomida;https://www.getyourguide.com/es-es/barranquilla-l95786/barranquilla-xata-beach-club-day-pass-ccomida-t964629/
Colombia;cartagena-de-indias-l362;999848;Tour De Dia Completo En 3 Islas Privadas En Islas Del Rosario;https://www.getyourguide.com/es-es/cartagena-de-indias-l362/tour-de-dia-completo-en-3-islas-privadas-en-islas-del-rosario-t999848/
Colombia;santa-marta-l32129;1061593;Santa Marta Descubre El Submarinismo En Una Playa Privada;https://www.getyourguide.com/es-es/santa-marta-l32129/santa-marta-descubre-el-submarinismo-en-una-playa-privada-t1061593/
Colombia;bogota-l361;117609;Bogota Tour A Pie Por La Candelaria En Grupo Pequeno Todos Los Dias;https://www.getyourguide.com/es-es/bogota-l361/bogota-tour-a-pie-por-la-candelaria-en-grupo-pequeno-todos-los-dias-t117609/
Colombia;san-andres-colombia-l180220;236562;San Andres Y Providencia Tour Guiado Por Cayos Y Manglares;https://www.getyourguide.com/es-es/san-andres-colombia-l180220/san-andres-y-providencia-tour-guiado-por-cayos-y-manglares-t236562/
Colombia;cartagena-de-indias-l362;1144449;Cartagena Chiva Y Crucero Por La Bahia Con Barra Libre Y Recogida;https://www.getyourguide.com/es-es/cartagena-de-indias-l362/cartagena-chiva-y-crucero-por-la-bahia-con-barra-libre-y-recogida-t1144449/
Colombia;medellin-l1215;459282;Pablo Escobar Tour Tiempos Oscuros Y La Nueva Medellin;https://www.getyourguide.com/es-es/medellin-l1215/pablo-escobar-tour-tiempos-oscuros-y-la-nueva-medellin-t459282/
Colombia;bogota-l361;472301;Bogota Tour Privado En Bicicleta Con Transporte;https://www.getyourguide.com/es-es/bogota-l361/bogota-tour-privado-en-bicicleta-con-transporte-t472301/
Colombia;baru-l120985;600887;Sky Boat Barcos De Lujo Privados De Dia Completo;https://www.getyourguide.com/es-es/baru-l120985/sky-boat-barcos-de-lujo-privados-de-dia-completo-t600887/
Colombia;cartagena-de-indias-l362;610163;Cartagena Dia Completo Baru Premium Islas Del Rosario;https://www.getyourguide.com/es-es/cartagena-de-indias-l362/cartagena-dia-completo-baru-premium-islas-del-rosario-t610163/
Colombia;medellin-l1215;624290;Medellin Tour Cafetero Y Frutal;https://www.getyourguide.com/es-es/medellin-l1215/medellin-tour-cafetero-y-frutal-t624290/
Colombia;bogota-l361;1305724;Bogota Tour Guiado Por El Museo Botero;https://www.getyourguide.com/es-es/bogota-l361/bogota-tour-guiado-por-el-museo-botero-t1305724/
Colombia;pasto-l101982;1317540;Senderismo Parque Nacional Laguna De Telpis En El Volcan Galeras;https://www.getyourguide.com/es-es/pasto-l101982/senderismo-parque-nacional-laguna-de-telpis-en-el-volcan-galeras-t1317540/
Colombia;bogota-l361;669211;Tour Del Cafe De Bogota Experiencia De Degustacion Con Variedades Exoticas;https://www.getyourguide.com/es-es/bogota-l361/tour-del-cafe-de-bogota-experiencia-de-degustacion-con-variedades-exoticas-t669211/
Colombia;bogota-l361;300927;Tour De Fantasmas La Candelaria Bogota;https://www.getyourguide.com/es-es/bogota-l361/tour-de-fantasmas-la-candelaria-bogota-t300927/
Colombia;san-antonio-de-pereira-l165458;790578;Medellin Tour Al Retirola Cejasan Ant Pereiracarmen Viboral Cascadas;https://www.getyourguide.com/es-es/san-antonio-de-pereira-l165458/medellin-tour-al-retirola-cejasan-ant-pereiracarmen-viboral-cascadas-t790578/
Colombia;cartagena-de-indias-l362;343971;Cartagena En Bici Historia Cultura Y Mas Intramuros;https://www.getyourguide.com/es-es/cartagena-de-indias-l362/cartagena-en-bici-historia-cultura-y-mas-intramuros-t343971/
Colombia;medellin-l1215;369126;Medellin Tour De La Ciudad En Bicicleta Con Bebidas Y Aperitivos Colombianos;https://www.getyourguide.com/es-es/medellin-l1215/medellin-tour-de-la-ciudad-en-bicicleta-con-bebidas-y-aperitivos-colombianos-t369126/
Colombia;cartagena-de-indias-l362;822657;Cartagena Excursion De Un Dia A Las Islas Del Rosario Para Practicar Snorkel Y Playa;https://www.getyourguide.com/es-es/cartagena-de-indias-l362/cartagena-excursion-de-un-dia-a-las-islas-del-rosario-para-practicar-snorkel-y-playa-t822657/
Colombia;cartagena-de-indias-l362;869469;Chiva Party Cartagena Una Experiencia Unica En La Ciudad Alegria Y Baile;https://www.getyourguide.com/es-es/cartagena-de-indias-l362/chiva-party-cartagena-una-experiencia-unica-en-la-ciudad-alegria-y-baile-t869469/
Colombia;medellin-l1215;490984;Visita De Un Dia A Medellin;https://www.getyourguide.com/es-es/medellin-l1215/visita-de-un-dia-a-medellin-t490984/
Colombia;santa-marta-l32129;563269;Santa Marta Excursion De Un Dia A Playa Cristal En Tayrona Parque;https://www.getyourguide.com/es-es/santa-marta-l32129/santa-marta-excursion-de-un-dia-a-playa-cristal-en-tayrona-parque-t563269/
Colombia;cartagena-de-indias-l362;1005777;Cartagena Excursion En Kayak Con Guia Y Vistas Al Mar;https://www.getyourguide.com/es-es/cartagena-de-indias-l362/cartagena-excursion-en-kayak-con-guia-y-vistas-al-mar-t1005777/
Colombia;cartagena-de-indias-l362;1050086;Turbaco Vive La Experiencia En El Jardin Botanico;https://www.getyourguide.com/es-es/cartagena-de-indias-l362/turbaco-vive-la-experiencia-en-el-jardin-botanico-t1050086/
Colombia;bogota-l361;1074386;Cocteles Por La Noche En Los Bares Mas De Moda De Chapinero;https://www.getyourguide.com/es-es/bogota-l361/cocteles-por-la-noche-en-los-bares-mas-de-moda-de-chapinero-t1074386/
Colombia;cartagena-de-indias-l362;1082908;Cartagena Tour Guiado En Bicicleta Con Degustacion De Comida Callejera;https://www.getyourguide.com/es-es/cartagena-de-indias-l362/cartagena-tour-guiado-en-bicicleta-con-degustacion-de-comida-callejera-t1082908/
Colombia;san-basilio-de-palenque-l192796;1102376;Cartagena Tour Dia Completo En Grupo Pequeno A Palenque Patrimonio Unesco;https://www.getyourguide.com/es-es/san-basilio-de-palenque-l192796/cartagena-tour-dia-completo-en-grupo-pequeno-a-palenque-patrimonio-unesco-t1102376/
Colombia;medellin-l1215;755595;Desde Medellin Vuelo En Parapente;https://www.getyourguide.com/es-es/medellin-l1215/desde-medellin-vuelo-en-parapente-t755595/
Colombia;medellin-l1215;1141742;Medellin Aventura Por El Oriente Pueblos Magicos Orquideas Y Paisajes;https://www.getyourguide.com/es-es/medellin-l1215/medellin-aventura-por-el-oriente-pueblos-magicos-orquideas-y-paisajes-t1141742/
Colombia;medellin-l1215;828121;Desde Medellin Tour Privado Al Penol Y Represa De Guatape;https://www.getyourguide.com/es-es/medellin-l1215/desde-medellin-tour-privado-al-penol-y-represa-de-guatape-t828121/
Colombia;cartagena-de-indias-l362;829182;Cartagena Tour Privado De Avistamiento De Aves En El Canal Del Dique;https://www.getyourguide.com/es-es/cartagena-de-indias-l362/cartagena-tour-privado-de-avistamiento-de-aves-en-el-canal-del-dique-t829182/
Colombia;zipaquira-l131353;1242619;La Catedral De Sal De Zipaquira Y La Ciudad Colonial Desde Bogota;https://www.getyourguide.com/es-es/zipaquira-l131353/la-catedral-de-sal-de-zipaquira-y-la-ciudad-colonial-desde-bogota-t1242619/
Colombia;medellin-l1215;971066;Medellin Traslado Al Aeropuerto Privado;https://www.getyourguide.com/es-es/medellin-l1215/medellin-traslado-al-aeropuerto-privado-t971066/
Colombia;medellin-l1215;986004;Medellin Tour De Acrobacias En Moto Los Domingos Por La Noche En El Barrio Antioquia;https://www.getyourguide.com/es-es/medellin-l1215/medellin-tour-de-acrobacias-en-moto-los-domingos-por-la-noche-en-el-barrio-antioquia-t986004/
Colombia;san-andres-colombia-l180220;1138700;Tour De 2 Dias Por La Isla Johnny Cay Acuario Y Barco Al Atardecer;https://www.getyourguide.com/es-es/san-andres-colombia-l180220/tour-de-2-dias-por-la-isla-johnny-cay-acuario-y-barco-al-atardecer-t1138700/
Colombia;villa-de-leyva-l2951;1242056;Villa De Leyva Meditacion En Cuevas Y Ritual De Espeleologia;https://www.getyourguide.com/es-es/villa-de-leyva-l2951/villa-de-leyva-meditacion-en-cuevas-y-ritual-de-espeleologia-t1242056/
Colombia;buga-l185439;531172;Buga Tour De La Ciudad Y Visita A La Basilica Del Senor De Los Milagros;https://www.getyourguide.com/es-es/buga-l185439/buga-tour-de-la-ciudad-y-visita-a-la-basilica-del-senor-de-los-milagros-t531172/
Colombia;cartagena-de-indias-l362;514385;Desde Cartagena Excursion A San Basilio De Palenque;https://www.getyourguide.com/es-es/cartagena-de-indias-l362/desde-cartagena-excursion-a-san-basilio-de-palenque-t514385/
Colombia;bogota-l361;583052;Recorridos En Bicicleta Por Bogota;https://www.getyourguide.com/es-es/bogota-l361/recorridos-en-bicicleta-por-bogota-t583052/
Colombia;cartagena-de-indias-l362;597301;Tierra Bomba Daypass En El Club Marazao Con Piscina Punta Arena;https://www.getyourguide.com/es-es/cartagena-de-indias-l362/tierra-bomba-daypass-en-el-club-marazao-con-piscina-punta-arena-t597301/
Colombia;guatavita-l126403;667802;Desde Bogota Tour Privado Con Todo Incluido A Guatavita;https://www.getyourguide.com/es-es/guatavita-l126403/desde-bogota-tour-privado-con-todo-incluido-a-guatavita-t667802/
Colombia;cartagena-de-indias-l362;702231;Cartagena Aviario Solo Transporte En La Isla De Baru;https://www.getyourguide.com/es-es/cartagena-de-indias-l362/cartagena-aviario-solo-transporte-en-la-isla-de-baru-t702231/
Colombia;cartagena-de-indias-l362;721168;Cena En La Isla Fenix Beach;https://www.getyourguide.com/es-es/cartagena-de-indias-l362/cena-en-la-isla-fenix-beach-t721168/
Colombia;santa-marta-l32129;771961;Tour Del Cacao Y El Cafe;https://www.getyourguide.com/es-es/santa-marta-l32129/tour-del-cacao-y-el-cafe-t771961/
Colombia;santa-marta-l32129;829315;Santamarta Tour Combo Taximarino Acuario Almuerzo Y Playa Blanca;https://www.getyourguide.com/es-es/santa-marta-l32129/santamarta-tour-combo-taximarino-acuario-almuerzo-y-playa-blanca-t829315/
Colombia;medellin-l1215;843519;Medellin Comuna I0 Centro Historico De La Ciudad;https://www.getyourguide.com/es-es/medellin-l1215/medellin-comuna-i0-centro-historico-de-la-ciudad-t843519/
Colombia;san-andres-colombia-l180220;817245;San Andres Vuelta A La Isla Manana O Tarde En Tren Hoyo Soplador;https://www.getyourguide.com/es-es/san-andres-colombia-l180220/san-andres-vuelta-a-la-isla-manana-o-tarde-en-tren-hoyo-soplador-t817245/
Colombia;pereira-l32650;828168;Pereira Mariposario Caminata Ecologica Finca Tradicional Bioflora;https://www.getyourguide.com/es-es/pereira-l32650/pereira-mariposario-caminata-ecologica-finca-tradicional-bioflora-t828168/
Colombia;santa-marta-l32129;840164;Santamarta Traslado Santamarta A Barranquilla O Viceversa Carro Compartido;https://www.getyourguide.com/es-es/santa-marta-l32129/santamarta-traslado-santamarta-a-barranquilla-o-viceversa-carro-compartido-t840164/
Colombia;cartagena-de-indias-l362;861711;Cartagena El Mejor Tour Gastronomico Historia Por La Ciudad Vieja;https://www.getyourguide.com/es-es/cartagena-de-indias-l362/cartagena-el-mejor-tour-gastronomico-historia-por-la-ciudad-vieja-t861711/
Colombia;pijao-l142337;933910;Pijao Visita A Frailejones En Paramo De Chilli;https://www.getyourguide.com/es-es/pijao-l142337/pijao-visita-a-frailejones-en-paramo-de-chilli-t933910/
Colombia;cartagena-de-indias-l362;990394;Cartagena Tour Privado Por Los Bares De Salsa Con Guia;https://www.getyourguide.com/es-es/cartagena-de-indias-l362/cartagena-tour-privado-por-los-bares-de-salsa-con-guia-t990394/
Colombia;san-felix-l191151;1009984;Medellin Tour De Elaboracion De Chocolate Con Exfoliacion De Cacao;https://www.getyourguide.com/es-es/san-felix-l191151/medellin-tour-de-elaboracion-de-chocolate-con-exfoliacion-de-cacao-t1009984/
Colombia;bogota-l361;1025296;Bogota Tour De Juego Tejo Y Degustacion De Cerveza Artesanal;https://www.getyourguide.com/es-es/bogota-l361/bogota-tour-de-juego-tejo-y-degustacion-de-cerveza-artesanal-t1025296/
Colombia;cartagena-de-indias-l362;1032990;Nuevo Tour En Bici Al Atardecer Por La Bahia De Cartagena Y Getsemani;https://www.getyourguide.com/es-es/cartagena-de-indias-l362/nuevo-tour-en-bici-al-atardecer-por-la-bahia-de-cartagena-y-getsemani-t1032990/
Colombia;medellin-l1215;1126860;Medellin Recorrido Por La Comuna 13 Historia Guia Local Y Teleferico;https://www.getyourguide.com/es-es/medellin-l1215/medellin-recorrido-por-la-comuna-13-historia-guia-local-y-teleferico-t1126860/
Colombia;santa-barbara-colombia-l240049;1150894;Medellin Glamping En 4X4;https://www.getyourguide.com/es-es/santa-barbara-colombia-l240049/medellin-glamping-en-4x4-t1150894/
Colombia;marinilla-l180126;1186589;Guatape Privado Vip Piedra Paseo En Lancha Motochiva Y Mas;https://www.getyourguide.com/es-es/marinilla-l180126/guatape-privado-vip-piedra-paseo-en-lancha-motochiva-y-mas-t1186589/
Colombia;medellin-l1215;1172754;Medellin Cabalgata Cerveza Artesanal El Plan Perfecto En El Oriente;https://www.getyourguide.com/es-es/medellin-l1215/medellin-cabalgata-cerveza-artesanal-el-plan-perfecto-en-el-oriente-t1172754/
Colombia;santa-marta-l32129;1201668;Sierra Nevada De Santa Marta Maruamake Eco Lodge;https://www.getyourguide.com/es-es/santa-marta-l32129/sierra-nevada-de-santa-marta-maruamake-eco-lodge-t1201668/
Colombia;medellin-l1215;1210427;Medellin Visita A La Plaza Mayorista Con Degustacion De Frutas;https://www.getyourguide.com/es-es/medellin-l1215/medellin-visita-a-la-plaza-mayorista-con-degustacion-de-frutas-t1210427/
Colombia;el-penol-l145060;1185405;Guatape Clase De Empanadas Con Guia Local;https://www.getyourguide.com/es-es/el-penol-l145060/guatape-clase-de-empanadas-con-guia-local-t1185405/
Colombia;tolu-l235725;1196497;Tolu Playas Del Frances Vip;https://www.getyourguide.com/es-es/tolu-l235725/tolu-playas-del-frances-vip-t1196497/
Colombia;cartagena-de-indias-l362;1229795;Cartagena Clases De Sup Al Amanecer O Atardecer Y Comida;https://www.getyourguide.com/es-es/cartagena-de-indias-l362/cartagena-clases-de-sup-al-amanecer-o-atardecer-y-comida-t1229795/
Colombia;pasto-l101982;1304248;Desde Pasto Excursion De 1 Dia Al Santuario De Las Lajas;https://www.getyourguide.com/es-es/pasto-l101982/desde-pasto-excursion-de-1-dia-al-santuario-de-las-lajas-t1304248/
Colombia;cartagena-de-indias-l362;1313360;Tardes Caribenas En La Bahia De Cartagena;https://www.getyourguide.com/es-es/cartagena-de-indias-l362/tardes-caribenas-en-la-bahia-de-cartagena-t1313360/
Colombia;bogota-l361;161061;Bogota Traslado Del Aeropuerto El Dorado A Tu Hotel;https://www.getyourguide.com/es-es/bogota-l361/bogota-traslado-del-aeropuerto-el-dorado-a-tu-hotel-t161061/
Colombia;medellin-l1215;300466;Medellin Taller De Elaboracion De Cafe Avoeden Cafe;https://www.getyourguide.com/es-es/medellin-l1215/medellin-taller-de-elaboracion-de-cafe-avoeden-cafe-t300466/
Colombia;medellin-l1215;432322;Desde Medellin Guatape El Penol Con Tour En Barco Tour Gastronomico;https://www.getyourguide.com/es-es/medellin-l1215/desde-medellin-guatape-el-penol-con-tour-en-barco-tour-gastronomico-t432322/
Colombia;santa-marta-l32129;413987;Santa Marta Parque Tayrona Caminata A Cabo San Juan;https://www.getyourguide.com/es-es/santa-marta-l32129/santa-marta-parque-tayrona-caminata-a-cabo-san-juan-t413987/
Colombia;palomino-l183586;438159;Dia Relajante En Valencia Cascada Natural Con Senderismo;https://www.getyourguide.com/es-es/palomino-l183586/dia-relajante-en-valencia-cascada-natural-con-senderismo-t438159/
Colombia;salento-colombia-l32675;516489;Salento Clase De Cocina Con Cata De Vinos Y Cocteles;https://www.getyourguide.com/es-es/salento-colombia-l32675/salento-clase-de-cocina-con-cata-de-vinos-y-cocteles-t516489/
Colombia;bogota-l361;607531;Bogota Experiencia De Una Competencia De Cafe;https://www.getyourguide.com/es-es/bogota-l361/bogota-experiencia-de-una-competencia-de-cafe-t607531/
Colombia;bogota-l361;639672;Desde Bogota Excursion En Moto Todoterreno Montanas Y Valles;https://www.getyourguide.com/es-es/bogota-l361/desde-bogota-excursion-en-moto-todoterreno-montanas-y-valles-t639672/
Colombia;riohacha-l201090;645916;Excursion A Punta Gallinas Con Cabo De La Vela 3 Dias;https://www.getyourguide.com/es-es/riohacha-l201090/excursion-a-punta-gallinas-con-cabo-de-la-vela-3-dias-t645916/
Colombia;bogota-l361;700542;Bogota Recorrido A Pie Con Guia Por Los Lugares De Visita Obligada;https://www.getyourguide.com/es-es/bogota-l361/bogota-recorrido-a-pie-con-guia-por-los-lugares-de-visita-obligada-t700542/
Colombia;cartagena-de-indias-l362;703260;Cartagena Atardecer En Barco Por La Bahia De Cartagena Bar Abierto;https://www.getyourguide.com/es-es/cartagena-de-indias-l362/cartagena-atardecer-en-barco-por-la-bahia-de-cartagena-bar-abierto-t703260/
Colombia;cartagena-de-indias-l362;749869;Cartagena Disfruta De Un Paseo En Barco Privado A Las Islas Del Rosario;https://www.getyourguide.com/es-es/cartagena-de-indias-l362/cartagena-disfruta-de-un-paseo-en-barco-privado-a-las-islas-del-rosario-t749869/
Colombia;bogota-l361;760940;Bogota City Tour Monserrate Museo Del Oro Museo Botero Plaza Bolivar;https://www.getyourguide.com/es-es/bogota-l361/bogota-city-tour-monserrate-museo-del-oro-museo-botero-plaza-bolivar-t760940/
Colombia;cartagena-de-indias-l362;762394;Cartagena Islas Del Rosario Y Playa Blanca Lancha Rapida;https://www.getyourguide.com/es-es/cartagena-de-indias-l362/cartagena-islas-del-rosario-y-playa-blanca-lancha-rapida-t762394/
Colombia;cartagena-de-indias-l362;840850;Cartagena Cata Expres De Ron Y Chocolate;https://www.getyourguide.com/es-es/cartagena-de-indias-l362/cartagena-cata-expres-de-ron-y-chocolate-t840850/
Colombia;guatape-l114702;868361;Desde Guatape Excursion Al Cacao De San Rafael;https://www.getyourguide.com/es-es/guatape-l114702/desde-guatape-excursion-al-cacao-de-san-rafael-t868361/
Colombia;santa-marta-l32129;877599;Navegando A Cabo San Juan Del Guia El Paraiso Del Tayrona;https://www.getyourguide.com/es-es/santa-marta-l32129/navegando-a-cabo-san-juan-del-guia-el-paraiso-del-tayrona-t877599/
Colombia;cartagena-de-indias-l362;938202;Bolivar Excursion En Quad Por Montanas Y Fauna Salvaje En Una Reserva;https://www.getyourguide.com/es-es/cartagena-de-indias-l362/bolivar-excursion-en-quad-por-montanas-y-fauna-salvaje-en-una-reserva-t938202/
Colombia;san-gil-l148478;946911;San Gil Rafting En Rio Fonce Aventura Extrema;https://www.getyourguide.com/es-es/san-gil-l148478/san-gil-rafting-en-rio-fonce-aventura-extrema-t946911/
Colombia;medellin-l1215;963090;Medellin Tour Privado Pablo Escobar Express;https://www.getyourguide.com/es-es/medellin-l1215/medellin-tour-privado-pablo-escobar-express-t963090/
Colombia;cartagena-de-indias-l362;964527;Desde Cartagena 4 Islas Del Caribe Playas Paradisiacas Buffet Y Fiesta;https://www.getyourguide.com/es-es/cartagena-de-indias-l362/desde-cartagena-4-islas-del-caribe-playas-paradisiacas-buffet-y-fiesta-t964527/
Colombia;cartagena-de-indias-l362;1014322;Cartagena Entrada Al Museo Naval Transporte Incluido;https://www.getyourguide.com/es-es/cartagena-de-indias-l362/cartagena-entrada-al-museo-naval-transporte-incluido-t1014322/
Colombia;san-agustin-colombia-l131748;1010586;Neiva Aventura De Rappel Y Senderismo Con Guia;https://www.getyourguide.com/es-es/san-agustin-colombia-l131748/neiva-aventura-de-rappel-y-senderismo-con-guia-t1010586/
Colombia;guatape-l114702;1022246;Tour Privado A Guatape Con Actividades Opcionales;https://www.getyourguide.com/es-es/guatape-l114702/tour-privado-a-guatape-con-actividades-opcionales-t1022246/
Colombia;barranquilla-l95786;1029220;Explora El Rio Magdalena Tour En Lancha Con Guia Local;https://www.getyourguide.com/es-es/barranquilla-l95786/explora-el-rio-magdalena-tour-en-lancha-con-guia-local-t1029220/
Colombia;envigado-l145246;1089524;Medellin Atv Tour Through Incredible Landscapes;https://www.getyourguide.com/es-es/envigado-l145246/medellin-atv-tour-through-incredible-landscapes-t1089524/
Colombia;cali-colombia-l1213;1083202;Descubre Cali Caminando Frutas Historia Y Salsa ;https://www.getyourguide.com/es-es/cali-colombia-l1213/descubre-cali-caminando-frutas-historia-y-salsa--t1083202/
Colombia;cartagena-de-indias-l362;1126917;Palmarito Beach Isla De Tierra Bomba;https://www.getyourguide.com/es-es/cartagena-de-indias-l362/palmarito-beach-isla-de-tierra-bomba-t1126917/
Colombia;bogota-l361;1250954;;https://www.getyourguide.com/es-es/bogota-l361/-t1250954/
Colombia;bogota-l361;1269883;Museo Del Cafe De Bogota Con Guia Bilingue;https://www.getyourguide.com/es-es/bogota-l361/museo-del-cafe-de-bogota-con-guia-bilingue-t1269883/
Colombia;guatape-l114702;1322044;Medellin Tour A Guatape Piedra Del Penol Y Paseo En Barco Con Almuerzo;https://www.getyourguide.com/es-es/guatape-l114702/medellin-tour-a-guatape-piedra-del-penol-y-paseo-en-barco-con-almuerzo-t1322044/
Colombia;medellin-l1215;238737;Medellin Recorrido Por La Transformacion Del Barrio;https://www.getyourguide.com/es-es/medellin-l1215/medellin-recorrido-por-la-transformacion-del-barrio-t238737/
Colombia;bogota-l361;228256;Bogota Tour De La Cerveza Artesana Con Degustacion;https://www.getyourguide.com/es-es/bogota-l361/bogota-tour-de-la-cerveza-artesana-con-degustacion-t228256/
Colombia;medellin-l1215;401387;Medellin Experiencia En Parapente;https://www.getyourguide.com/es-es/medellin-l1215/medellin-experiencia-en-parapente-t401387/
Colombia;santa-marta-l32129;458580;Santa Marta Excursion De Un Dia A Minca Cafe Cacao Y Cascada;https://www.getyourguide.com/es-es/santa-marta-l32129/santa-marta-excursion-de-un-dia-a-minca-cafe-cacao-y-cascada-t458580/
Colombia;cartagena-de-indias-l362;507138;Tvc;https://www.getyourguide.com/es-es/cartagena-de-indias-l362/tvc-t507138/
Colombia;santa-marta-l32129;519174;Cartagena Desde O Hacia Santa Marta Traslado Privado;https://www.getyourguide.com/es-es/santa-marta-l32129/cartagena-desde-o-hacia-santa-marta-traslado-privado-t519174/
Colombia;cartagena-de-indias-l362;520925;City Tour Barranquilla Santa Marta Desde Cartagena;https://www.getyourguide.com/es-es/cartagena-de-indias-l362/city-tour-barranquilla-santa-marta-desde-cartagena-t520925/
Colombia;medellin-l1215;545032;Medellin Historias Urbanas Teleferico Historia Y Aperitivo;https://www.getyourguide.com/es-es/medellin-l1215/medellin-historias-urbanas-teleferico-historia-y-aperitivo-t545032/
Colombia;bogota-l361;493565;En Bici A Todo Color Recorrido En Bici Por El Arte Urbano;https://www.getyourguide.com/es-es/bogota-l361/en-bici-a-todo-color-recorrido-en-bici-por-el-arte-urbano-t493565/
Colombia;cartagena-de-indias-l362;591367;Excursion De 2 Horas En Cartagena Vista Del Atardecer En Party Boat;https://www.getyourguide.com/es-es/cartagena-de-indias-l362/excursion-de-2-horas-en-cartagena-vista-del-atardecer-en-party-boat-t591367/
Colombia;medellin-l1215;591787;Medellin Tour Del Cafe Llegada A Caballo Y Cana De Azucar;https://www.getyourguide.com/es-es/medellin-l1215/medellin-tour-del-cafe-llegada-a-caballo-y-cana-de-azucar-t591787/
Colombia;santa-marta-l32129;517485;Museo Del Oro Y Visita A La Ciudad Vieja De Santa Marta;https://www.getyourguide.com/es-es/santa-marta-l32129/museo-del-oro-y-visita-a-la-ciudad-vieja-de-santa-marta-t517485/
Colombia;bogota-l361;523897;Tour Panoramico En Bicicleta Por Bogota;https://www.getyourguide.com/es-es/bogota-l361/tour-panoramico-en-bicicleta-por-bogota-t523897/
Colombia;medellin-l1215;557652;Medellin Una Noche En Azoteas Exclusivas Y Clubes Secretos;https://www.getyourguide.com/es-es/medellin-l1215/medellin-una-noche-en-azoteas-exclusivas-y-clubes-secretos-t557652/
Colombia;cartagena-de-indias-l362;627334;Cartagena Baru Experiencia Efoil Con Pase De Un Dia Y Transporte;https://www.getyourguide.com/es-es/cartagena-de-indias-l362/cartagena-baru-experiencia-efoil-con-pase-de-un-dia-y-transporte-t627334/
Colombia;cartagena-de-indias-l362;673482;Cartagena Tour En Limusina Por Las Calles De Cartagena;https://www.getyourguide.com/es-es/cartagena-de-indias-l362/cartagena-tour-en-limusina-por-las-calles-de-cartagena-t673482/
Colombia;bogota-l361;678472;Bogota Tour De Degustacion De Cafe;https://www.getyourguide.com/es-es/bogota-l361/bogota-tour-de-degustacion-de-cafe-t678472/
Colombia;cartagena-de-indias-l362;850691;Cartagena Visita Guiada A Pie Con Museo E Iglesias;https://www.getyourguide.com/es-es/cartagena-de-indias-l362/cartagena-visita-guiada-a-pie-con-museo-e-iglesias-t850691/
Colombia;medellin-l1215;788016;Tour Privado Vip En E Bike Por Medellin Sitios Historicos Almuerzo Y Mas;https://www.getyourguide.com/es-es/medellin-l1215/tour-privado-vip-en-e-bike-por-medellin-sitios-historicos-almuerzo-y-mas-t788016/
Colombia;bogota-l361;853518;Bogota Consigna De Equipajes Cerca Del Aeropuerto;https://www.getyourguide.com/es-es/bogota-l361/bogota-consigna-de-equipajes-cerca-del-aeropuerto-t853518/
Colombia;barichara-l209940;990324;Santander Ruta De Experiencia De Cafe;https://www.getyourguide.com/es-es/barichara-l209940/santander-ruta-de-experiencia-de-cafe-t990324/
Colombia;medellin-l1215;952783;Medellin Pablo Escobar Hacienda Napoles Tour De Dia Completo;https://www.getyourguide.com/es-es/medellin-l1215/medellin-pablo-escobar-hacienda-napoles-tour-de-dia-completo-t952783/
Colombia;cartagena-de-indias-l362;1045194;Cartagena Cata De Cafe Con Pedro Rodulfo;https://www.getyourguide.com/es-es/cartagena-de-indias-l362/cartagena-cata-de-cafe-con-pedro-rodulfo-t1045194/
Colombia;barichara-l209940;993673;Barichara San Gil Trekking En Butaregua Petroglifos Arte Rupestre;https://www.getyourguide.com/es-es/barichara-l209940/barichara-san-gil-trekking-en-butaregua-petroglifos-arte-rupestre-t993673/
Colombia;san-andres-colombia-l180220;1016727;Tour Al Amanecer En San Andres Despertar En El Mar;https://www.getyourguide.com/es-es/san-andres-colombia-l180220/tour-al-amanecer-en-san-andres-despertar-en-el-mar-t1016727/
Colombia;medellin-l1215;1054652;Medellin City Tour Privado Atractivos Turisticos Locales Y Comuna 13;https://www.getyourguide.com/es-es/medellin-l1215/medellin-city-tour-privado-atractivos-turisticos-locales-y-comuna-13-t1054652/
Colombia;bogota-l361;1064584;Bogota Ruta De Senderismo Por La Montana Las Moyas Con Guia;https://www.getyourguide.com/es-es/bogota-l361/bogota-ruta-de-senderismo-por-la-montana-las-moyas-con-guia-t1064584/
Colombia;bogota-l361;1122991;Bogota Visita Guiada A El Paraiso Una Favela Colombiana;https://www.getyourguide.com/es-es/bogota-l361/bogota-visita-guiada-a-el-paraiso-una-favela-colombiana-t1122991/
Colombia;cartagena-de-indias-l362;1144521;Cartagena Tour A Pie Y Degustacion De Ron Con Chocolate;https://www.getyourguide.com/es-es/cartagena-de-indias-l362/cartagena-tour-a-pie-y-degustacion-de-ron-con-chocolate-t1144521/
Colombia;medellin-l1215;1147641;Medellin Tour A Pie Por El Perpetuo Socorro Con Cafe;https://www.getyourguide.com/es-es/medellin-l1215/medellin-tour-a-pie-por-el-perpetuo-socorro-con-cafe-t1147641/
Colombia;medellin-l1215;1222444;Medellin Tour En Bicicleta Por Las Montanas Y Experiencia De Cafe;https://www.getyourguide.com/es-es/medellin-l1215/medellin-tour-en-bicicleta-por-las-montanas-y-experiencia-de-cafe-t1222444/
Colombia;cartagena-de-indias-l362;1225998;Cartagena Combo Islas Del Rosario Y Playa Blanca Tour Bahia Con Openbar;https://www.getyourguide.com/es-es/cartagena-de-indias-l362/cartagena-combo-islas-del-rosario-y-playa-blanca-tour-bahia-con-openbar-t1225998/
Colombia;cartagena-de-indias-l362;1249367;Cartagena La Heroica Experience Tour Historico Show En Vivo;https://www.getyourguide.com/es-es/cartagena-de-indias-l362/cartagena-la-heroica-experience-tour-historico-show-en-vivo-t1249367/
Colombia;el-penol-l145060;1242654;Medellin Combo Guatape Tour De Ciudad Comuna 13;https://www.getyourguide.com/es-es/el-penol-l145060/medellin-combo-guatape-tour-de-ciudad-comuna-13-t1242654/
Colombia;medellin-l1215;87251;Medellin Tour Privado De Bienvenida Con Un Guia Local;https://www.getyourguide.com/es-es/medellin-l1215/medellin-tour-privado-de-bienvenida-con-un-guia-local-t87251/
Colombia;bogota-l361;271742;Desde Bogota Excursion A Las Salinas De Nemocon Y Andres Carne De Res;https://www.getyourguide.com/es-es/bogota-l361/desde-bogota-excursion-a-las-salinas-de-nemocon-y-andres-carne-de-res-t271742/
Colombia;santa-marta-l32129;357150;Magdalena Visita Al Museo Del Mar Y Playa Blanca;https://www.getyourguide.com/es-es/santa-marta-l32129/magdalena-visita-al-museo-del-mar-y-playa-blanca-t357150/
Colombia;salento-colombia-l32675;414008;Salento Visita A Una Finca Cafetera Con Degustacion;https://www.getyourguide.com/es-es/salento-colombia-l32675/salento-visita-a-una-finca-cafetera-con-degustacion-t414008/
Colombia;zipaquira-l131353;583119;Catedral De Sal En Grupo Tour Compartido Desde Bogota;https://www.getyourguide.com/es-es/zipaquira-l131353/catedral-de-sal-en-grupo-tour-compartido-desde-bogota-t583119/
Colombia;bogota-l361;714951;El Original Tour Del Graffiti De Bogota;https://www.getyourguide.com/es-es/bogota-l361/el-original-tour-del-graffiti-de-bogota-t714951/
Colombia;acacias-colombia-l208934;731402;Avistamiento De Aves En Acacias Meta;https://www.getyourguide.com/es-es/acacias-colombia-l208934/avistamiento-de-aves-en-acacias-meta-t731402/
Colombia;cali-colombia-l1213;737093;Tour A Pie Afro Los Colores De Cali;https://www.getyourguide.com/es-es/cali-colombia-l1213/tour-a-pie-afro-los-colores-de-cali-t737093/
Colombia;cartagena-de-indias-l362;849700;Cartagena Tour De Las 5 Islas Del Rosario Con Snorkel Plancton;https://www.getyourguide.com/es-es/cartagena-de-indias-l362/cartagena-tour-de-las-5-islas-del-rosario-con-snorkel-plancton-t849700/
Colombia;san-gil-l148478;890626;Parapente Chicamocha San Gil Vuelo Sobre El Canon Mas Grande De Colombia;https://www.getyourguide.com/es-es/san-gil-l148478/parapente-chicamocha-san-gil-vuelo-sobre-el-canon-mas-grande-de-colombia-t890626/
Colombia;medellin-l1215;895488;Tour Comuna 13 Medellin Experiencia Premium;https://www.getyourguide.com/es-es/medellin-l1215/tour-comuna-13-medellin-experiencia-premium-t895488/
Colombia;cartagena-de-indias-l362;957663;Cartagena Tour Noche Blanca En Barco Con Cena Y Barra Libre;https://www.getyourguide.com/es-es/cartagena-de-indias-l362/cartagena-tour-noche-blanca-en-barco-con-cena-y-barra-libre-t957663/
Colombia;envigado-l145246;958729;Medellin Tour Pablo Escobar W C13 Barrio Pe Museo 10 Hrs;https://www.getyourguide.com/es-es/envigado-l145246/medellin-tour-pablo-escobar-w-c13-barrio-pe-museo-10-hrs-t958729/
Colombia;bucaramanga-l153985;1102260;Bucaramanga Tour Privado Al Paramos Santurban Con Salida Desde Bmanga;https://www.getyourguide.com/es-es/bucaramanga-l153985/bucaramanga-tour-privado-al-paramos-santurban-con-salida-desde-bmanga-t1102260/
Colombia;cartagena-de-indias-l362;1128722;Entre Historia Y Tradicion Barranquilla Y Santa Marta Desde Cartagena;https://www.getyourguide.com/es-es/cartagena-de-indias-l362/entre-historia-y-tradicion-barranquilla-y-santa-marta-desde-cartagena-t1128722/
Colombia;cartagena-de-indias-l362;1150092;Cartagena Excursion Privada De 1 Dia A San Basilio De Palenque;https://www.getyourguide.com/es-es/cartagena-de-indias-l362/cartagena-excursion-privada-de-1-dia-a-san-basilio-de-palenque-t1150092/
Colombia;medellin-l1215;1167908;Medellin Escapada De Parapente Y Paseo A Caballo En Antioquia;https://www.getyourguide.com/es-es/medellin-l1215/medellin-escapada-de-parapente-y-paseo-a-caballo-en-antioquia-t1167908/
Colombia;bogota-l361;1169027;Bogota Almuerzo Cultural Colombiano Con Un Anfitrion Local;https://www.getyourguide.com/es-es/bogota-l361/bogota-almuerzo-cultural-colombiano-con-un-anfitrion-local-t1169027/
Colombia;santa-marta-l32129;1278869;Desde Santa Marta Caminata De 4 Dias Por Nymejan Con Comidas Y Alojamiento;https://www.getyourguide.com/es-es/santa-marta-l32129/desde-santa-marta-caminata-de-4-dias-por-nymejan-con-comidas-y-alojamiento-t1278869/
Colombia;medellin-l1215;511464;Paseo A Caballo Y Mas En Una Finca Familiar Centenaria;https://www.getyourguide.com/es-es/medellin-l1215/paseo-a-caballo-y-mas-en-una-finca-familiar-centenaria-t511464/
Colombia;cartagena-de-indias-l362;571785;Excursion De Un Dia A Playa Blanca Con Snorkel Y Avistamiento De Mapaches;https://www.getyourguide.com/es-es/cartagena-de-indias-l362/excursion-de-un-dia-a-playa-blanca-con-snorkel-y-avistamiento-de-mapaches-t571785/
Colombia;cartagena-de-indias-l362;640068;5 Islas Con Barra Libre;https://www.getyourguide.com/es-es/cartagena-de-indias-l362/5-islas-con-barra-libre-t640068/
Colombia;santa-marta-l32129;708456;Santa Marta Alquiler De Scooters;https://www.getyourguide.com/es-es/santa-marta-l32129/santa-marta-alquiler-de-scooters-t708456/
Colombia;cartagena-de-indias-l362;801902;Cartagena Lo Esencial De La Ciudad Amurallada Recogida En El Puerto;https://www.getyourguide.com/es-es/cartagena-de-indias-l362/cartagena-lo-esencial-de-la-ciudad-amurallada-recogida-en-el-puerto-t801902/
Colombia;cartagena-de-indias-l362;848341;Rumba Sobre Ruedas Explorando Cartagena En Chiva Entrada A Discoteca;https://www.getyourguide.com/es-es/cartagena-de-indias-l362/rumba-sobre-ruedas-explorando-cartagena-en-chiva-entrada-a-discoteca-t848341/
Colombia;bogota-l361;890468;Tour Pueblo De Guatavita Y Casa Loca;https://www.getyourguide.com/es-es/bogota-l361/tour-pueblo-de-guatavita-y-casa-loca-t890468/
Colombia;leticia-l176618;887320;Plan Amazonas Full Extreme 5 Dias 4 Noches Leticia Amazonas;https://www.getyourguide.com/es-es/leticia-l176618/plan-amazonas-full-extreme-5-dias-4-noches-leticia-amazonas-t887320/
Colombia;bogota-l361;928075;Descubre Arte Rupestre Fantasma En El Parque Arqueologico De Facatativa;https://www.getyourguide.com/es-es/bogota-l361/descubre-arte-rupestre-fantasma-en-el-parque-arqueologico-de-facatativa-t928075/
Colombia;cartagena-de-indias-l362;1050537;Cartagena Aventura En Turbaco Y Jardin Botanico;https://www.getyourguide.com/es-es/cartagena-de-indias-l362/cartagena-aventura-en-turbaco-y-jardin-botanico-t1050537/
Colombia;nuqui-l215304;1087185;Nuqui Tour En Barco Por El Golfo De Tribuga Con Cascadas Y Manantiales;https://www.getyourguide.com/es-es/nuqui-l215304/nuqui-tour-en-barco-por-el-golfo-de-tribuga-con-cascadas-y-manantiales-t1087185/
Colombia;cartagena-de-indias-l362;1081562;Clase De Percusion Y Baile En La Boquilla;https://www.getyourguide.com/es-es/cartagena-de-indias-l362/clase-de-percusion-y-baile-en-la-boquilla-t1081562/
Colombia;bogota-l361;1102419;Bogota Ruta De Senderismo Por El Paramo De Mataredonda Y La Laguna De Teusaca;https://www.getyourguide.com/es-es/bogota-l361/bogota-ruta-de-senderismo-por-el-paramo-de-mataredonda-y-la-laguna-de-teusaca-t1102419/
Colombia;santa-marta-l32129;1111717;Santa Marta Paseo A Caballo Por La Playa De Los Naranjos Tayrona;https://www.getyourguide.com/es-es/santa-marta-l32129/santa-marta-paseo-a-caballo-por-la-playa-de-los-naranjos-tayrona-t1111717/
Colombia;jerico-l147966;1126276;Tour Jerico Magico Y Parrillada En Finca Privada;https://www.getyourguide.com/es-es/jerico-l147966/tour-jerico-magico-y-parrillada-en-finca-privada-t1126276/
Colombia;baru-l120985;1227220;Restauracion Coralina En Las Islas Del Rosario Explora El Pueblo De Orika;https://www.getyourguide.com/es-es/baru-l120985/restauracion-coralina-en-las-islas-del-rosario-explora-el-pueblo-de-orika-t1227220/
Colombia;minca-l176223;1262525;Minca Tour Por El Rio Con Microscopio De Agua Y Tamales;https://www.getyourguide.com/es-es/minca-l176223/minca-tour-por-el-rio-con-microscopio-de-agua-y-tamales-t1262525/
Colombia;cartagena-de-indias-l362;1266931;Taller De Sushi En Cartagena Clase Con Sushi Man Bebida Y Certificado;https://www.getyourguide.com/es-es/cartagena-de-indias-l362/taller-de-sushi-en-cartagena-clase-con-sushi-man-bebida-y-certificado-t1266931/
Colombia;pereira-l32650;1320591;Explora Pereira Gastronomia Historia Y Vista Aerea De La Ciudad;https://www.getyourguide.com/es-es/pereira-l32650/explora-pereira-gastronomia-historia-y-vista-aerea-de-la-ciudad-t1320591/
Colombia;medellin-l1215;291660;Medellin Tour Del Cafe Con Almuerzo Y Paseo A Caballo Opcional;https://www.getyourguide.com/es-es/medellin-l1215/medellin-tour-del-cafe-con-almuerzo-y-paseo-a-caballo-opcional-t291660/
Colombia;rionegro-l4649;301017;Medellin Traslado De Ida Desde El Aeropuerto Jose Maria Cordova;https://www.getyourguide.com/es-es/rionegro-l4649/medellin-traslado-de-ida-desde-el-aeropuerto-jose-maria-cordova-t301017/
Colombia;medellin-l1215;419803;Medellin Traslado Privado Al Aeropuerto Jose Maria Cordova;https://www.getyourguide.com/es-es/medellin-l1215/medellin-traslado-privado-al-aeropuerto-jose-maria-cordova-t419803/
Colombia;santa-rosa-de-cabal-l136683;531635;Termas De San Vicente De Pereira Armenia O Salento;https://www.getyourguide.com/es-es/santa-rosa-de-cabal-l136683/termas-de-san-vicente-de-pereira-armenia-o-salento-t531635/
Colombia;guatavita-l126403;514367;Excursion Al Lago Sagrado De Guatavita Y Casa Loca;https://www.getyourguide.com/es-es/guatavita-l126403/excursion-al-lago-sagrado-de-guatavita-y-casa-loca-t514367/
Colombia;cartagena-de-indias-l362;593549;Cartagena Paseo En Barco Deportivo De Un Dia A 5 Islas Del Rosario;https://www.getyourguide.com/es-es/cartagena-de-indias-l362/cartagena-paseo-en-barco-deportivo-de-un-dia-a-5-islas-del-rosario-t593549/
Colombia;medellin-l1215;652016;Guatape Full Tour Helicoptero Paseo En Barco;https://www.getyourguide.com/es-es/medellin-l1215/guatape-full-tour-helicoptero-paseo-en-barco-t652016/
Colombia;medellin-l1215;611964;Medellin Guatape Excursion En Barco A La Finca De Pablo Escobar;https://www.getyourguide.com/es-es/medellin-l1215/medellin-guatape-excursion-en-barco-a-la-finca-de-pablo-escobar-t611964/
Colombia;santa-marta-l32129;658707;Minca Cascada Escondida Taller De Cafe Y Cacao Y Mirador;https://www.getyourguide.com/es-es/santa-marta-l32129/minca-cascada-escondida-taller-de-cafe-y-cacao-y-mirador-t658707/
Colombia;guatape-l114702;677301;Guatape Escalada En Roca Iconica Para Principiantes Y Expertos;https://www.getyourguide.com/es-es/guatape-l114702/guatape-escalada-en-roca-iconica-para-principiantes-y-expertos-t677301/
Colombia;san-gil-l148478;724153;Parapente Canon Del Chicamocha San Gil;https://www.getyourguide.com/es-es/san-gil-l148478/parapente-canon-del-chicamocha-san-gil-t724153/
Colombia;guatape-l114702;798435;Guatape Tour Privado De Lujo;https://www.getyourguide.com/es-es/guatape-l114702/guatape-tour-privado-de-lujo-t798435/
Colombia;medellin-l1215;871828;Guatape Tour Privado 8 Px El Penol Guatape Barco Y Almuerzo En Cocina Oc;https://www.getyourguide.com/es-es/medellin-l1215/guatape-tour-privado-8-px-el-penol-guatape-barco-y-almuerzo-en-cocina-oc-t871828/
Colombia;santa-marta-l32129;829053;Santamarta Tour Combo Canopy Acuario Playa Blanca Almuerzo Incluido;https://www.getyourguide.com/es-es/santa-marta-l32129/santamarta-tour-combo-canopy-acuario-playa-blanca-almuerzo-incluido-t829053/
Colombia;cartagena-de-indias-l362;960243;Cartagena Islas Del Rosario Todo Incluido Exclusivo;https://www.getyourguide.com/es-es/cartagena-de-indias-l362/cartagena-islas-del-rosario-todo-incluido-exclusivo-t960243/
Colombia;cartagena-de-indias-l362;1006620;Cartagena Tour En Kayak Por La Isla Tierra Bomba Con Refrigerio;https://www.getyourguide.com/es-es/cartagena-de-indias-l362/cartagena-tour-en-kayak-por-la-isla-tierra-bomba-con-refrigerio-t1006620/
Colombia;san-gil-l148478;1009282;Vuelo En Parapente Sobre El Gran Canon Del Chicamocha San Gil;https://www.getyourguide.com/es-es/san-gil-l148478/vuelo-en-parapente-sobre-el-gran-canon-del-chicamocha-san-gil-t1009282/
Colombia;santa-marta-l32129;1108508;Santa Marta Ruta De Senderismo Por La Selva Y Cascada En Sierra Nevada Con Tentempie;https://www.getyourguide.com/es-es/santa-marta-l32129/santa-marta-ruta-de-senderismo-por-la-selva-y-cascada-en-sierra-nevada-con-tentempie-t1108508/
Colombia;cartagena-de-indias-l362;1025589;Cartagena Clase De Baile De En Una Azotea Secreta De Getsemani;https://www.getyourguide.com/es-es/cartagena-de-indias-l362/cartagena-clase-de-baile-de-en-una-azotea-secreta-de-getsemani-t1025589/
Colombia;medellin-l1215;1167934;Medellin Escapada En Quad Por La Montana El Rio Y El Valle;https://www.getyourguide.com/es-es/medellin-l1215/medellin-escapada-en-quad-por-la-montana-el-rio-y-el-valle-t1167934/
Colombia;bogota-l361;1215355;Desde Bogota Tour De 2 Dias A La Isla Cacao Y Tour A Pie Nocturno Por La Selva;https://www.getyourguide.com/es-es/bogota-l361/desde-bogota-tour-de-2-dias-a-la-isla-cacao-y-tour-a-pie-nocturno-por-la-selva-t1215355/
Colombia;pasto-l101982;1262727;Pasto Masterclass De Cocina Local Sabores Que Conectan Con La Tradicion;https://www.getyourguide.com/es-es/pasto-l101982/pasto-masterclass-de-cocina-local-sabores-que-conectan-con-la-tradicion-t1262727/
Colombia;cartagena-de-indias-l362;1267593;;https://www.getyourguide.com/es-es/cartagena-de-indias-l362/-t1267593/
Colombia;medellin-l1215;1292648;Hiking Medellin Santa Elena Parque Arvi Bosques Y Laguna;https://www.getyourguide.com/es-es/medellin-l1215/hiking-medellin-santa-elena-parque-arvi-bosques-y-laguna-t1292648/
Colombia;guatape-l114702;1267502;Guatape Y Piedra Del Penon Colores Paisajes Y Cultura Paisa;https://www.getyourguide.com/es-es/guatape-l114702/guatape-y-piedra-del-penon-colores-paisajes-y-cultura-paisa-t1267502/
Colombia;leticia-l176618;1272899;Leticia Dia Completo En Natura Park Amazonico Con Almuerzo Y Cultura;https://www.getyourguide.com/es-es/leticia-l176618/leticia-dia-completo-en-natura-park-amazonico-con-almuerzo-y-cultura-t1272899/
Colombia;cartagena-de-indias-l362;1327205;Cartagena En Espanol Tour Exclusivo Para Cruceristas De Royal Caribbean;https://www.getyourguide.com/es-es/cartagena-de-indias-l362/cartagena-en-espanol-tour-exclusivo-para-cruceristas-de-royal-caribbean-t1327205/
Colombia;cartagena-de-indias-l362;1301170;Cartagena Cena Romantica En Una Isla Privada Con Traslado En Barco;https://www.getyourguide.com/es-es/cartagena-de-indias-l362/cartagena-cena-romantica-en-una-isla-privada-con-traslado-en-barco-t1301170/
Colombia;cartagena-de-indias-l362;1321986;Cartagena Tostion De Cafe Y Cata Inmersiva;https://www.getyourguide.com/es-es/cartagena-de-indias-l362/cartagena-tostion-de-cafe-y-cata-inmersiva-t1321986/
Colombia;bogota-l361;448102;Comida En La Candelaria;https://www.getyourguide.com/es-es/bogota-l361/comida-en-la-candelaria-t448102/
Colombia;medellin-l1215;474608;Tour Del Cafe En Las Hermosas Montanas De Medellin;https://www.getyourguide.com/es-es/medellin-l1215/tour-del-cafe-en-las-hermosas-montanas-de-medellin-t474608/
Colombia;cartagena-de-indias-l362;545490;Cartagena Tour De Salsa Y Champeta En Getsemani;https://www.getyourguide.com/es-es/cartagena-de-indias-l362/cartagena-tour-de-salsa-y-champeta-en-getsemani-t545490/
Colombia;medellin-l1215;609024;Desde Medellin Excursion Privada De Un Dia A Guatape Y Penol Rock;https://www.getyourguide.com/es-es/medellin-l1215/desde-medellin-excursion-privada-de-un-dia-a-guatape-y-penol-rock-t609024/
Colombia;cartagena-de-indias-l362;624462;Cartagena Club De Playa Isla Tierra Bombapase De Un Dia Con Almuerzo;https://www.getyourguide.com/es-es/cartagena-de-indias-l362/cartagena-club-de-playa-isla-tierra-bombapase-de-un-dia-con-almuerzo-t624462/
Colombia;cartagena-de-indias-l362;653210;Excursion Punta Arena Isla Tierra Bomba;https://www.getyourguide.com/es-es/cartagena-de-indias-l362/excursion-punta-arena-isla-tierra-bomba-t653210/
Colombia;envigado-l145246;679612;Pablo Y El Mundo Del Narcotrafico;https://www.getyourguide.com/es-es/envigado-l145246/pablo-y-el-mundo-del-narcotrafico-t679612/
Colombia;medellin-l1215;769554;The Best Commune 13 Tours In Medellin;https://www.getyourguide.com/es-es/medellin-l1215/the-best-commune-13-tours-in-medellin-t769554/
Colombia;medellin-l1215;783060;Medellin Tour Privado De La Ciudad Y Comuna 13;https://www.getyourguide.com/es-es/medellin-l1215/medellin-tour-privado-de-la-ciudad-y-comuna-13-t783060/
Colombia;cartagena-de-indias-l362;828290;Desde Cartagena Tour De Dia Completo Con Guia A La Isla De Cholon;https://www.getyourguide.com/es-es/cartagena-de-indias-l362/desde-cartagena-tour-de-dia-completo-con-guia-a-la-isla-de-cholon-t828290/
Colombia;medellin-l1215;857951;Visita Compartida Al Centro Historico Y Cultural De Medellin;https://www.getyourguide.com/es-es/medellin-l1215/visita-compartida-al-centro-historico-y-cultural-de-medellin-t857951/
Colombia;medellin-l1215;1144363;Medellin Clase De Empanadas Con Una Chef Local En La Comuna 13;https://www.getyourguide.com/es-es/medellin-l1215/medellin-clase-de-empanadas-con-una-chef-local-en-la-comuna-13-t1144363/
Colombia;medellin-l1215;1138639;Medellin Tour En Tren Por Cisneros Con Comida Autentica;https://www.getyourguide.com/es-es/medellin-l1215/medellin-tour-en-tren-por-cisneros-con-comida-autentica-t1138639/
Colombia;bogota-l361;1171132;Juega Tejo En Bogota Vive La Tradicion Del Deporte Nacional Colombiano;https://www.getyourguide.com/es-es/bogota-l361/juega-tejo-en-bogota-vive-la-tradicion-del-deporte-nacional-colombiano-t1171132/
Colombia;bogota-l361;1217771;Bogota Yoga En La Cascada La Chorrera Y Bano De Bosque;https://www.getyourguide.com/es-es/bogota-l361/bogota-yoga-en-la-cascada-la-chorrera-y-bano-de-bosque-t1217771/
Colombia;cali-colombia-l1213;1261894;Tour Por La Historia De La Salsa En Cali Museos Cultura Y Bulevar Del Rio;https://www.getyourguide.com/es-es/cali-colombia-l1213/tour-por-la-historia-de-la-salsa-en-cali-museos-cultura-y-bulevar-del-rio-t1261894/
Colombia;cartagena-de-indias-l362;1261932;Pasadia De Lujo En Hotel Estelar Menu Brunch Y Piscina Infinita;https://www.getyourguide.com/es-es/cartagena-de-indias-l362/pasadia-de-lujo-en-hotel-estelar-menu-brunch-y-piscina-infinita-t1261932/
Colombia;guatape-l114702;1320363;Guatape La Ruta De Las Aguas 360Deg;https://www.getyourguide.com/es-es/guatape-l114702/guatape-la-ruta-de-las-aguas-360deg-t1320363/
Colombia;salento-colombia-l32675;326966;Salento Tour Privado Por Los Pueblos Magicos Del Quindio Con Almuerzo Local;https://www.getyourguide.com/es-es/salento-colombia-l32675/salento-tour-privado-por-los-pueblos-magicos-del-quindio-con-almuerzo-local-t326966/
Colombia;cartagena-de-indias-l362;453848;Gabriel Garcia Marquez Mitos Y Leyendas Visita Privada A Pie;https://www.getyourguide.com/es-es/cartagena-de-indias-l362/gabriel-garcia-marquez-mitos-y-leyendas-visita-privada-a-pie-t453848/
Colombia;medellin-l1215;459811;Desde Medellin Aventura En Cuatrimoto Tour Por Las Montanas Y El Bosque;https://www.getyourguide.com/es-es/medellin-l1215/desde-medellin-aventura-en-cuatrimoto-tour-por-las-montanas-y-el-bosque-t459811/
Colombia;medellin-l1215;501082;Mde Aeropuerto Internacional De Medellin Entrada Sala Avianca;https://www.getyourguide.com/es-es/medellin-l1215/mde-aeropuerto-internacional-de-medellin-entrada-sala-avianca-t501082/
Colombia;cartagena-de-indias-l362;523018;Degustacion De Frutas Colombianas Y Helado De Paila;https://www.getyourguide.com/es-es/cartagena-de-indias-l362/degustacion-de-frutas-colombianas-y-helado-de-paila-t523018/
Colombia;cartagena-de-indias-l362;599220;Tour Completo De La Ciudad Con Almuerzo En El Lugar Favorito De Anthony Bourdain;https://www.getyourguide.com/es-es/cartagena-de-indias-l362/tour-completo-de-la-ciudad-con-almuerzo-en-el-lugar-favorito-de-anthony-bourdain-t599220/
Colombia;cartagena-de-indias-l362;604341;Cartagena La Autentica Experiencia Local Para Cruceristas;https://www.getyourguide.com/es-es/cartagena-de-indias-l362/cartagena-la-autentica-experiencia-local-para-cruceristas-t604341/
Colombia;santa-marta-l32129;596801;Santa Marta Excursion De Un Dia En Velero Al Parque Tayrona;https://www.getyourguide.com/es-es/santa-marta-l32129/santa-marta-excursion-de-un-dia-en-velero-al-parque-tayrona-t596801/
Colombia;cartagena-de-indias-l362;653853;Cartagena Paseo A Caballo Con Recogida En El Hotel Y Regreso;https://www.getyourguide.com/es-es/cartagena-de-indias-l362/cartagena-paseo-a-caballo-con-recogida-en-el-hotel-y-regreso-t653853/
Colombia;pereira-l32650;651046;Senderismosenderismo Cascada Del Yarumo Blanco Desde Pereira O Arme;https://www.getyourguide.com/es-es/pereira-l32650/senderismosenderismo-cascada-del-yarumo-blanco-desde-pereira-o-arme-t651046/
Colombia;leticia-l176618;727093;Plan Experiencia Jungla Profunda 4 Dias;https://www.getyourguide.com/es-es/leticia-l176618/plan-experiencia-jungla-profunda-4-dias-t727093/
Colombia;santa-marta-l32129;789269;Traslado En Lancha Parque Tayrona Cabo San Juan;https://www.getyourguide.com/es-es/santa-marta-l32129/traslado-en-lancha-parque-tayrona-cabo-san-juan-t789269/
Colombia;santa-marta-l32129;790613;Santa Marta Desde O Hacia Palomino Traslado Privado;https://www.getyourguide.com/es-es/santa-marta-l32129/santa-marta-desde-o-hacia-palomino-traslado-privado-t790613/
Colombia;santa-marta-l32129;818465;Traslado In Aeropuerto A Zona Rodadero Y Pozos Colorados;https://www.getyourguide.com/es-es/santa-marta-l32129/traslado-in-aeropuerto-a-zona-rodadero-y-pozos-colorados-t818465/
Colombia;cartagena-de-indias-l362;827048;Cartagena Visita El Volcan Del Totumo Y Banate De Lodo;https://www.getyourguide.com/es-es/cartagena-de-indias-l362/cartagena-visita-el-volcan-del-totumo-y-banate-de-lodo-t827048/
Colombia;medellin-l1215;827587;Medellin City Tour;https://www.getyourguide.com/es-es/medellin-l1215/medellin-city-tour-t827587/
Colombia;cartagena-de-indias-l362;834064;Cartagenatour Privado De La Ciudad Tickets Al Castillo De Sanfelipe;https://www.getyourguide.com/es-es/cartagena-de-indias-l362/cartagenatour-privado-de-la-ciudad-tickets-al-castillo-de-sanfelipe-t834064/
Colombia;barranquilla-l95786;862945;Explora Los Senderos De Los Charcones De Tierra Sagrada;https://www.getyourguide.com/es-es/barranquilla-l95786/explora-los-senderos-de-los-charcones-de-tierra-sagrada-t862945/
Colombia;cali-colombia-l1213;861885;Cali Comuna 20 Siloe Resistencia Y Transformacion;https://www.getyourguide.com/es-es/cali-colombia-l1213/cali-comuna-20-siloe-resistencia-y-transformacion-t861885/
Colombia;jardin-l147774;933848;Medellin Visita A La Finca Cafetera Jardin;https://www.getyourguide.com/es-es/jardin-l147774/medellin-visita-a-la-finca-cafetera-jardin-t933848/
Colombia;cartagena-de-indias-l362;953604;Cartagena Aventura En Tirolina Frente Al Mar Con Almuerzo;https://www.getyourguide.com/es-es/cartagena-de-indias-l362/cartagena-aventura-en-tirolina-frente-al-mar-con-almuerzo-t953604/
Colombia;santa-marta-l32129;960304;Santa Marta City Tour En Bicicleta Con Guia Local Por El Centro Historico;https://www.getyourguide.com/es-es/santa-marta-l32129/santa-marta-city-tour-en-bicicleta-con-guia-local-por-el-centro-historico-t960304/
Colombia;medellin-l1215;995208;Medellin Experiencia Atv Extrema Con Pickup;https://www.getyourguide.com/es-es/medellin-l1215/medellin-experiencia-atv-extrema-con-pickup-t995208/
Colombia;barichara-l209940;998837;Barichara Clase Tapia Pisada Mini Tapialito;https://www.getyourguide.com/es-es/barichara-l209940/barichara-clase-tapia-pisada-mini-tapialito-t998837/
Colombia;santa-marta-l32129;1004077;Santa Marta Desde El Mar En Ponton De Lujo;https://www.getyourguide.com/es-es/santa-marta-l32129/santa-marta-desde-el-mar-en-ponton-de-lujo-t1004077/
Colombia;medellin-l1215;1045107;Tour Sabor Y Skyline De Medellin;https://www.getyourguide.com/es-es/medellin-l1215/tour-sabor-y-skyline-de-medellin-t1045107/
Colombia;cartagena-de-indias-l362;1099197;Cartagena Tour En Atv Por Manzanillo Del Mar Y Tierra Bomba;https://www.getyourguide.com/es-es/cartagena-de-indias-l362/cartagena-tour-en-atv-por-manzanillo-del-mar-y-tierra-bomba-t1099197/
Colombia;bucaramanga-l153985;1108412;Bucaramanga Paramo Santurban Ruta Y Ruta Del Agua Salida Desde Bmanga;https://www.getyourguide.com/es-es/bucaramanga-l153985/bucaramanga-paramo-santurban-ruta-y-ruta-del-agua-salida-desde-bmanga-t1108412/
Colombia;bogota-l361;1123756;Bogota Tour Guiado A Monserrate Y Apoyo A Una Ong;https://www.getyourguide.com/es-es/bogota-l361/bogota-tour-guiado-a-monserrate-y-apoyo-a-una-ong-t1123756/
Colombia;medellin-l1215;1184508;Medellin Degustacion De 10 Rones Colombianos Y Chocolate;https://www.getyourguide.com/es-es/medellin-l1215/medellin-degustacion-de-10-rones-colombianos-y-chocolate-t1184508/
Colombia;guane-l209943;1198746;Raices Guanes Camino Ancestral Barichara Guane Y Experiencia Artesanal;https://www.getyourguide.com/es-es/guane-l209943/raices-guanes-camino-ancestral-barichara-guane-y-experiencia-artesanal-t1198746/
Colombia;medellin-l1215;1220034;Medellin Tour De Degustacion De Frutas Tropicales Y Dulces;https://www.getyourguide.com/es-es/medellin-l1215/medellin-tour-de-degustacion-de-frutas-tropicales-y-dulces-t1220034/
Colombia;cartagena-de-indias-l362;1227129;Cartagena Escape A Marine Beach Coctel Piscina Y Recogida Hotel Incluido;https://www.getyourguide.com/es-es/cartagena-de-indias-l362/cartagena-escape-a-marine-beach-coctel-piscina-y-recogida-hotel-incluido-t1227129/
Colombia;santa-marta-l32129;1228196;Santa Marta Vive Santa Marta De Dia Y Noche Bahia Concha Y Chiva Rumbera;https://www.getyourguide.com/es-es/santa-marta-l32129/santa-marta-vive-santa-marta-de-dia-y-noche-bahia-concha-y-chiva-rumbera-t1228196/
Colombia;medellin-l1215;99732;Traslado Privado Al Aeropuerto De Medellin Servicio De Llegada;https://www.getyourguide.com/es-es/medellin-l1215/traslado-privado-al-aeropuerto-de-medellin-servicio-de-llegada-t99732/
Colombia;medellin-l1215;238762;Medellin Aventura De 4 Horas En Tirolina;https://www.getyourguide.com/es-es/medellin-l1215/medellin-aventura-de-4-horas-en-tirolina-t238762/
Colombia;bogota-l361;411064;Visita A Monserrate En Bogota Con Entradas Incluidas;https://www.getyourguide.com/es-es/bogota-l361/visita-a-monserrate-en-bogota-con-entradas-incluidas-t411064/
Colombia;cartagena-de-indias-l362;437423;Ctg Aeropuerto De Cartagena Acceso Sala Vip Avianca;https://www.getyourguide.com/es-es/cartagena-de-indias-l362/ctg-aeropuerto-de-cartagena-acceso-sala-vip-avianca-t437423/
Colombia;salento-colombia-l32675;553036;Plan Completo Salento Cocora Y Filandia Desde Pereiraarmenia;https://www.getyourguide.com/es-es/salento-colombia-l32675/plan-completo-salento-cocora-y-filandia-desde-pereiraarmenia-t553036/
Colombia;medellin-l1215;706935;Medellin Tour Del Chocolate Y Exfoliacion En El Rio Hermoso;https://www.getyourguide.com/es-es/medellin-l1215/medellin-tour-del-chocolate-y-exfoliacion-en-el-rio-hermoso-t706935/
Colombia;santa-marta-l32129;733888;Santa Marta Dia De Navegacion En El Mar Caribe;https://www.getyourguide.com/es-es/santa-marta-l32129/santa-marta-dia-de-navegacion-en-el-mar-caribe-t733888/
Colombia;bogota-l361;847488;Walking Tour Arte Historia Sabores Y Tradicion;https://www.getyourguide.com/es-es/bogota-l361/walking-tour-arte-historia-sabores-y-tradicion-t847488/
Colombia;bogota-l361;854288;Desde Bogota Explora El Altiplano Andino De Colombia;https://www.getyourguide.com/es-es/bogota-l361/desde-bogota-explora-el-altiplano-andino-de-colombia-t854288/
Colombia;cartagena-de-indias-l362;860134;Cartagena Fiesta En Barco En La Isla Del Colon Con Dj Y Almuerzo;https://www.getyourguide.com/es-es/cartagena-de-indias-l362/cartagena-fiesta-en-barco-en-la-isla-del-colon-con-dj-y-almuerzo-t860134/
Colombia;cartagena-de-indias-l362;850955;Cartagena Excursion Islas Del Rosario Por Lancha Y Playa Blanca En Bus;https://www.getyourguide.com/es-es/cartagena-de-indias-l362/cartagena-excursion-islas-del-rosario-por-lancha-y-playa-blanca-en-bus-t850955/
Colombia;medellin-l1215;943231;Comuna 13 Tour De Grafitis;https://www.getyourguide.com/es-es/medellin-l1215/comuna-13-tour-de-grafitis-t943231/
Colombia;cisneros-l213872;955104;Medellin Excursion De Un Dia Al Tunel De La Quiebra Ferrocarril Y Cascadas;https://www.getyourguide.com/es-es/cisneros-l213872/medellin-excursion-de-un-dia-al-tunel-de-la-quiebra-ferrocarril-y-cascadas-t955104/
Colombia;medellin-l1215;963984;Tour De Joyeria Y Compras Personalizado Por La Ciudad De Medellin;https://www.getyourguide.com/es-es/medellin-l1215/tour-de-joyeria-y-compras-personalizado-por-la-ciudad-de-medellin-t963984/
Colombia;tierra-bomba-l236704;1015380;Cartagena Cena En La Playa De Tierra Bomba Con Dj Y Paseo En Barco;https://www.getyourguide.com/es-es/tierra-bomba-l236704/cartagena-cena-en-la-playa-de-tierra-bomba-con-dj-y-paseo-en-barco-t1015380/
Colombia;cartagena-de-indias-l362;990302;Cartagena Tour De Medio Dia Por La Ciudad Con Recogida En El Hotel;https://www.getyourguide.com/es-es/cartagena-de-indias-l362/cartagena-tour-de-medio-dia-por-la-ciudad-con-recogida-en-el-hotel-t990302/
Colombia;taganga-l129198;1004904;Taganga Curso Padi Open Water Diver De 3 Dias;https://www.getyourguide.com/es-es/taganga-l129198/taganga-curso-padi-open-water-diver-de-3-dias-t1004904/
Colombia;el-penol-l145060;1013847;Medellin Tour A Guatape El Penol Y Barco Con Almuerzo Y Desayuno;https://www.getyourguide.com/es-es/el-penol-l145060/medellin-tour-a-guatape-el-penol-y-barco-con-almuerzo-y-desayuno-t1013847/
Colombia;villa-de-leyva-l2951;1071384;Descubre Villa De Leyva Con Museos Y Degustacion De Cafe;https://www.getyourguide.com/es-es/villa-de-leyva-l2951/descubre-villa-de-leyva-con-museos-y-degustacion-de-cafe-t1071384/
Colombia;bogota-l361;1063838;Bogota Tour De La Ciudad Con Museos Y Monserrate Opcional;https://www.getyourguide.com/es-es/bogota-l361/bogota-tour-de-la-ciudad-con-museos-y-monserrate-opcional-t1063838/
Colombia;salento-colombia-l32675;1104585;Ruta En Bicicleta Por El Magico Bosque De Palmas De La Carbonera;https://www.getyourguide.com/es-es/salento-colombia-l32675/ruta-en-bicicleta-por-el-magico-bosque-de-palmas-de-la-carbonera-t1104585/
Colombia;guatape-l114702;1143487;Guatape Tour En Bicicleta Electrica Con Guia Local;https://www.getyourguide.com/es-es/guatape-l114702/guatape-tour-en-bicicleta-electrica-con-guia-local-t1143487/
Colombia;bogota-l361;1144448;Bogota Tour Por Theatron Y El Autobus De Fiesta Bebidas Autobus Y Diversion;https://www.getyourguide.com/es-es/bogota-l361/bogota-tour-por-theatron-y-el-autobus-de-fiesta-bebidas-autobus-y-diversion-t1144448/
Colombia;pereira-l32650;1127086;Pereira Tour Privado En Vehiculo Blindado A Manizales;https://www.getyourguide.com/es-es/pereira-l32650/pereira-tour-privado-en-vehiculo-blindado-a-manizales-t1127086/
Colombia;santa-marta-l32129;1219095;Degustacion De Cafes Varietales En Minca Y Cascada Marinka;https://www.getyourguide.com/es-es/santa-marta-l32129/degustacion-de-cafes-varietales-en-minca-y-cascada-marinka-t1219095/
Colombia;medellin-l1215;1243747;Tour A Los 4 Mejores Miradores De Medellin Con El Picacho O Balcones;https://www.getyourguide.com/es-es/medellin-l1215/tour-a-los-4-mejores-miradores-de-medellin-con-el-picacho-o-balcones-t1243747/
Colombia;medellin-l1215;1264777;Medellin Tour De Vida Nocturna Por Bares Y Discotecas Con Guias Locales;https://www.getyourguide.com/es-es/medellin-l1215/medellin-tour-de-vida-nocturna-por-bares-y-discotecas-con-guias-locales-t1264777/
Colombia;tierra-bomba-l236704;1308310;Cartagena Excursion De 1 Dia A La Discoteca De Playa Fenix Con Traslado En Barco;https://www.getyourguide.com/es-es/tierra-bomba-l236704/cartagena-excursion-de-1-dia-a-la-discoteca-de-playa-fenix-con-traslado-en-barco-t1308310/
Colombia;cartagena-de-indias-l362;1281040;Cartagena Tour Gastronomico Con Mas De 7 Degustaciones En La Ciudad Historica;https://www.getyourguide.com/es-es/cartagena-de-indias-l362/cartagena-tour-gastronomico-con-mas-de-7-degustaciones-en-la-ciudad-historica-t1281040/
Colombia;bogota-l361;71503;Viaje A Colombia Esmeralda;https://www.getyourguide.com/es-es/bogota-l361/viaje-a-colombia-esmeralda-t71503/
Colombia;cartagena-de-indias-l362;71508;Traslados Privados Del Aeropuerto De Cartagena A Los Hoteles;https://www.getyourguide.com/es-es/cartagena-de-indias-l362/traslados-privados-del-aeropuerto-de-cartagena-a-los-hoteles-t71508/
Colombia;medellin-l1215;51503;Recorrido De 3 Horas Por Pablo Escobar En Medellin;https://www.getyourguide.com/es-es/medellin-l1215/recorrido-de-3-horas-por-pablo-escobar-en-medellin-t51503/
Colombia;bogota-l361;73940;Chingaza La Montana De Agua;https://www.getyourguide.com/es-es/bogota-l361/chingaza-la-montana-de-agua-t73940/
Colombia;bogota-l361;327211;Bogota Zipaquira Catedral De Sal Y Lago De Guatavita;https://www.getyourguide.com/es-es/bogota-l361/bogota-zipaquira-catedral-de-sal-y-lago-de-guatavita-t327211/
Colombia;san-andres-colombia-l180220;438990;San Andres Paseo En Ponton Por La Bahia De San Andres;https://www.getyourguide.com/es-es/san-andres-colombia-l180220/san-andres-paseo-en-ponton-por-la-bahia-de-san-andres-t438990/
Colombia;medellin-l1215;401774;Medellin Excursion De Un Dia A La Comuna 13 Y A Las Frutas Exoticas;https://www.getyourguide.com/es-es/medellin-l1215/medellin-excursion-de-un-dia-a-la-comuna-13-y-a-las-frutas-exoticas-t401774/
Colombia;medellin-l1215;445289;Paseo En Quad Por Guarne Con Luch Incluido;https://www.getyourguide.com/es-es/medellin-l1215/paseo-en-quad-por-guarne-con-luch-incluido-t445289/
Colombia;pereira-l32650;507776;Tour Por Salento Cocora Y Filandia Desde Pereira O Armenia;https://www.getyourguide.com/es-es/pereira-l32650/tour-por-salento-cocora-y-filandia-desde-pereira-o-armenia-t507776/
Colombia;medellin-l1215;514401;Excursion Compartida A La Comuna 13 Y Teleferico De La Aurora En Medellin;https://www.getyourguide.com/es-es/medellin-l1215/excursion-compartida-a-la-comuna-13-y-teleferico-de-la-aurora-en-medellin-t514401/
Colombia;bogota-l361;662017;Laguna De Guatavita Casa Loca Pueblo Catedral De Sal;https://www.getyourguide.com/es-es/bogota-l361/laguna-de-guatavita-casa-loca-pueblo-catedral-de-sal-t662017/
Colombia;medellin-l1215;664008;Medellin Tour Privado Centro Y Comuna 13 Experiencia;https://www.getyourguide.com/es-es/medellin-l1215/medellin-tour-privado-centro-y-comuna-13-experiencia-t664008/
Colombia;medellin-l1215;645130;Medellin Transporte Privado Desde Y Hacia El Aeropuerto Jmc;https://www.getyourguide.com/es-es/medellin-l1215/medellin-transporte-privado-desde-y-hacia-el-aeropuerto-jmc-t645130/
Colombia;bogota-l361;759755;Bogota Tour Al Parque Jaime Duque Zoologico Y Museo Aeroespacial;https://www.getyourguide.com/es-es/bogota-l361/bogota-tour-al-parque-jaime-duque-zoologico-y-museo-aeroespacial-t759755/
Colombia;bogota-l361;786441;Bogota Caminata A Cascada La Chorrera El Chiflon Y Cerro De Guadalupe;https://www.getyourguide.com/es-es/bogota-l361/bogota-caminata-a-cascada-la-chorrera-el-chiflon-y-cerro-de-guadalupe-t786441/
Colombia;san-andres-colombia-l180220;839910;San Andres Tour Snuba Avistamiento De Peces;https://www.getyourguide.com/es-es/san-andres-colombia-l180220/san-andres-tour-snuba-avistamiento-de-peces-t839910/
Colombia;cartagena-de-indias-l362;845457;Isla Tierra Bomba Pasadia En Marine Beach Club;https://www.getyourguide.com/es-es/cartagena-de-indias-l362/isla-tierra-bomba-pasadia-en-marine-beach-club-t845457/
Colombia;cartagena-de-indias-l362;896509;Cartagena Pesca Artesanal A Traves De Los Manglares;https://www.getyourguide.com/es-es/cartagena-de-indias-l362/cartagena-pesca-artesanal-a-traves-de-los-manglares-t896509/
Colombia;villanueva-colombia-l230809;954696;Villanueva Fundacion Loros Excursion Al Atardecer Con Cata De Vinos;https://www.getyourguide.com/es-es/villanueva-colombia-l230809/villanueva-fundacion-loros-excursion-al-atardecer-con-cata-de-vinos-t954696/
Colombia;medellin-l1215;957832;Medellin Pablo Escobar Y Tour Gastronomico;https://www.getyourguide.com/es-es/medellin-l1215/medellin-pablo-escobar-y-tour-gastronomico-t957832/
Colombia;medellin-l1215;958012;Medellin Natural Jardin Botanico Parque Arvi Cerro El Volador Y Almuerzo;https://www.getyourguide.com/es-es/medellin-l1215/medellin-natural-jardin-botanico-parque-arvi-cerro-el-volador-y-almuerzo-t958012/
Colombia;salento-colombia-l32675;1050041;La Carbonera Tour;https://www.getyourguide.com/es-es/salento-colombia-l32675/la-carbonera-tour-t1050041/
Colombia;cartagena-de-indias-l362;1106031;Cartagena Tour Por El Patrimonio Indigena Zenu;https://www.getyourguide.com/es-es/cartagena-de-indias-l362/cartagena-tour-por-el-patrimonio-indigena-zenu-t1106031/
Colombia;villavieja-l215836;1152054;Tour De Observacion De Aves En El Desierto De La Tatacoa;https://www.getyourguide.com/es-es/villavieja-l215836/tour-de-observacion-de-aves-en-el-desierto-de-la-tatacoa-t1152054/
Colombia;parque-municipal-el-retiro-l164977;1145919;Medellin Visita A Una Granja De Cannabis Con Taller De Aromaterapia;https://www.getyourguide.com/es-es/parque-municipal-el-retiro-l164977/medellin-visita-a-una-granja-de-cannabis-con-taller-de-aromaterapia-t1145919/
Colombia;san-andres-colombia-l180220;461960;Coche De Playa En San Andres Tu Experiencia Caribena Ideal;https://www.getyourguide.com/es-es/san-andres-colombia-l180220/coche-de-playa-en-san-andres-tu-experiencia-caribena-ideal-t461960/
Colombia;cartagena-de-indias-l362;472182;Cartagena Limo Chiva Rumba Vip;https://www.getyourguide.com/es-es/cartagena-de-indias-l362/cartagena-limo-chiva-rumba-vip-t472182/
Colombia;cartagena-de-indias-l362;556417;Citytour En Autobus Tipico Tour Tradicional En Cartagena;https://www.getyourguide.com/es-es/cartagena-de-indias-l362/citytour-en-autobus-tipico-tour-tradicional-en-cartagena-t556417/
Colombia;medellin-l1215;1243925;;https://www.getyourguide.com/es-es/medellin-l1215/-t1243925/
Colombia;popayan-l126433;1266060;San Agustin Tour Por Una Plantacion De Cafe Ecologico;https://www.getyourguide.com/es-es/popayan-l126433/san-agustin-tour-por-una-plantacion-de-cafe-ecologico-t1266060/
Colombia;pasto-l101982;1304205;Cata De Hervidos Tradicionales En Narino;https://www.getyourguide.com/es-es/pasto-l101982/cata-de-hervidos-tradicionales-en-narino-t1304205/
Colombia;santa-marta-l32129;657278;Tour En Velero A Bahia Concha Parque Tayrona;https://www.getyourguide.com/es-es/santa-marta-l32129/tour-en-velero-a-bahia-concha-parque-tayrona-t657278/
Colombia;cali-colombia-l1213;766008;Recorrido Historico De La Salsa;https://www.getyourguide.com/es-es/cali-colombia-l1213/recorrido-historico-de-la-salsa-t766008/
Colombia;medellin-l1215;238557;Medellin Tour Pablo Escobar Por Ex Policia;https://www.getyourguide.com/es-es/medellin-l1215/medellin-tour-pablo-escobar-por-ex-policia-t238557/
Colombia;salento-colombia-l32675;412480;Salentopereira Valle Del Cocora Y Senderismo En Salento Tour Privado;https://www.getyourguide.com/es-es/salento-colombia-l32675/salentopereira-valle-del-cocora-y-senderismo-en-salento-tour-privado-t412480/
Colombia;palomino-l183586;435165;Excursion De Un Dia Al Santuario De Los Flamencos;https://www.getyourguide.com/es-es/palomino-l183586/excursion-de-un-dia-al-santuario-de-los-flamencos-t435165/
Colombia;santa-marta-l32129;446345;12 Dia De Buceo Parque Tayrona Para Principiantes;https://www.getyourguide.com/es-es/santa-marta-l32129/12-dia-de-buceo-parque-tayrona-para-principiantes-t446345/
Colombia;cartagena-de-indias-l362;919323;Excursion En Utv Y A Caballo Con Vistas De La Fauna Desde Cartagena;https://www.getyourguide.com/es-es/cartagena-de-indias-l362/excursion-en-utv-y-a-caballo-con-vistas-de-la-fauna-desde-cartagena-t919323/
Colombia;santa-marta-l32129;962785;Santa Marta Bike Tour Taganga Con Miradores Y Snorkeling;https://www.getyourguide.com/es-es/santa-marta-l32129/santa-marta-bike-tour-taganga-con-miradores-y-snorkeling-t962785/
Colombia;cartagena-de-indias-l362;485856;Pesca De Cangrejos Pesca Con Red Observacion De Aves Experiencia Local Almuerzo;https://www.getyourguide.com/es-es/cartagena-de-indias-l362/pesca-de-cangrejos-pesca-con-red-observacion-de-aves-experiencia-local-almuerzo-t485856/
Colombia;medellin-l1215;972784;Medellin Tour De Grafiti Por La Comuna 13 Con Paseo En Teleferico;https://www.getyourguide.com/es-es/medellin-l1215/medellin-tour-de-grafiti-por-la-comuna-13-con-paseo-en-teleferico-t972784/
Colombia;medellin-l1215;1000532;Medellin Senderismo Quebrada Boqueron Con Snack;https://www.getyourguide.com/es-es/medellin-l1215/medellin-senderismo-quebrada-boqueron-con-snack-t1000532/
Colombia;cartagena-de-indias-l362;1018363;Una Noche Magica Experiencia En Party Bus En Cartagena;https://www.getyourguide.com/es-es/cartagena-de-indias-l362/una-noche-magica-experiencia-en-party-bus-en-cartagena-t1018363/
Colombia;bogota-l361;669306;Bogota Tour De Experiencia De Tostado Con Cafe Exotico;https://www.getyourguide.com/es-es/bogota-l361/bogota-tour-de-experiencia-de-tostado-con-cafe-exotico-t669306/
Colombia;bogota-l361;1126947;Descubre Bogota Centro Historico Arte Colonial Y Museo Del Oro;https://www.getyourguide.com/es-es/bogota-l361/descubre-bogota-centro-historico-arte-colonial-y-museo-del-oro-t1126947/
Colombia;bogota-l361;785709;Desde Bogota Tour A Villa De Leyva Raquira Casa Terracota Y Pozos Azules;https://www.getyourguide.com/es-es/bogota-l361/desde-bogota-tour-a-villa-de-leyva-raquira-casa-terracota-y-pozos-azules-t785709/
Colombia;santa-marta-l32129;820931;Santamarta Tour Playa Cristal Tayrona Transporte En Lancha Incluido;https://www.getyourguide.com/es-es/santa-marta-l32129/santamarta-tour-playa-cristal-tayrona-transporte-en-lancha-incluido-t820931/
Colombia;medellin-l1215;827648;Tour Privado Comuna 13 Con Teleferico;https://www.getyourguide.com/es-es/medellin-l1215/tour-privado-comuna-13-con-teleferico-t827648/
Colombia;medellin-l1215;828936;Medellin Experiencia De Vuelo En Parapente Con Guia Profesional;https://www.getyourguide.com/es-es/medellin-l1215/medellin-experiencia-de-vuelo-en-parapente-con-guia-profesional-t828936/
Colombia;san-andres-colombia-l180220;839899;San Andres Paddle Atardecer Y Nocturno;https://www.getyourguide.com/es-es/san-andres-colombia-l180220/san-andres-paddle-atardecer-y-nocturno-t839899/
Colombia;neiva-l153229;839974;San Agustin Traslado Privado Desde Neiva A San Agustin;https://www.getyourguide.com/es-es/neiva-l153229/san-agustin-traslado-privado-desde-neiva-a-san-agustin-t839974/
Colombia;bogota-l361;1239898;Villa De Leyva Yoga En Vinedo Cata De Vino Y Meditacion;https://www.getyourguide.com/es-es/bogota-l361/villa-de-leyva-yoga-en-vinedo-cata-de-vino-y-meditacion-t1239898/
Colombia;bogota-l361;1264784;Bogota Bebidas En La Azotea Cena Y Discoteca Vip;https://www.getyourguide.com/es-es/bogota-l361/bogota-bebidas-en-la-azotea-cena-y-discoteca-vip-t1264784/
Colombia;medellin-l1215;1293010;Ruta Gastronomica Por Medellin Mercado Minorista Y Junin;https://www.getyourguide.com/es-es/medellin-l1215/ruta-gastronomica-por-medellin-mercado-minorista-y-junin-t1293010/
Colombia;medellin-l1215;1305562;Medellin Partido De Futbol Callejero Con Los Lugarenos;https://www.getyourguide.com/es-es/medellin-l1215/medellin-partido-de-futbol-callejero-con-los-lugarenos-t1305562/
Colombia;medellin-l1215;968623;Desde Medellin Espectacular Paracaidismo;https://www.getyourguide.com/es-es/medellin-l1215/desde-medellin-espectacular-paracaidismo-t968623/
Colombia;medellin-l1215;972959;Medellin Picnic Privado De Dia Completo A Orillas Del Rio;https://www.getyourguide.com/es-es/medellin-l1215/medellin-picnic-privado-de-dia-completo-a-orillas-del-rio-t972959/
Colombia;bogota-l361;985592;Bogota City Tour Nocturno Expres Guiado;https://www.getyourguide.com/es-es/bogota-l361/bogota-city-tour-nocturno-expres-guiado-t985592/
Colombia;cartagena-de-indias-l362;1318885;Cartagena Excursion De 1 Dia A Las Islas Del Rosario Y Al Mantas Beach Club;https://www.getyourguide.com/es-es/cartagena-de-indias-l362/cartagena-excursion-de-1-dia-a-las-islas-del-rosario-y-al-mantas-beach-club-t1318885/
Colombia;cartagena-de-indias-l362;1107825;Tour Por La Ciudad De Cartagena Y Degustacion De Cafe Premium En Epoca;https://www.getyourguide.com/es-es/cartagena-de-indias-l362/tour-por-la-ciudad-de-cartagena-y-degustacion-de-cafe-premium-en-epoca-t1107825/
Colombia;barranquilla-l95786;1154723;Explora La Historia Del Cementerio Universal De Barranquilla;https://www.getyourguide.com/es-es/barranquilla-l95786/explora-la-historia-del-cementerio-universal-de-barranquilla-t1154723/
Colombia;medellin-l1215;518538;Medellin Desde O Hacia Guatape Traslado Privado;https://www.getyourguide.com/es-es/medellin-l1215/medellin-desde-o-hacia-guatape-traslado-privado-t518538/
Colombia;quimbaya-l214816;1221437;Quindio Entrada A Show Ecuestre Nocturno En Parque Panaca;https://www.getyourguide.com/es-es/quimbaya-l214816/quindio-entrada-a-show-ecuestre-nocturno-en-parque-panaca-t1221437/
Colombia;manizales-l126418;1322745;Tour De Orquideas Manizales;https://www.getyourguide.com/es-es/manizales-l126418/tour-de-orquideas-manizales-t1322745/
Colombia;zipaquira-l131353;1323403;Tour Catedral De Sal De Zipaquira Con Cata De Cafe;https://www.getyourguide.com/es-es/zipaquira-l131353/tour-catedral-de-sal-de-zipaquira-con-cata-de-cafe-t1323403/
Colombia;norcasia-l252094;1326622;Manizales Tours Aventura En Norcasia;https://www.getyourguide.com/es-es/norcasia-l252094/manizales-tours-aventura-en-norcasia-t1326622/
Colombia;salento-colombia-l32675;807071;Desde Salento Excursion De Senderismo Por El Valle Del Cocora Con Comida;https://www.getyourguide.com/es-es/salento-colombia-l32675/desde-salento-excursion-de-senderismo-por-el-valle-del-cocora-con-comida-t807071/
Colombia;cartagena-de-indias-l362;835401;Snorkel Y Manglares Con Almuerzo En Baru Playa Blanca Cartagena;https://www.getyourguide.com/es-es/cartagena-de-indias-l362/snorkel-y-manglares-con-almuerzo-en-baru-playa-blanca-cartagena-t835401/
Colombia;pereira-l32650;851688;Pereira Dia Completo En Bioparque Ukumari Con Almuerzo;https://www.getyourguide.com/es-es/pereira-l32650/pereira-dia-completo-en-bioparque-ukumari-con-almuerzo-t851688/
Colombia;bogota-l361;890435;Desde Bogota Tour Por La Catedral De Sal En Zipaquira;https://www.getyourguide.com/es-es/bogota-l361/desde-bogota-tour-por-la-catedral-de-sal-en-zipaquira-t890435/
Colombia;cartagena-de-indias-l362;972824;Cartagena Clase De Arte Al Aire Libre Con Brunch;https://www.getyourguide.com/es-es/cartagena-de-indias-l362/cartagena-clase-de-arte-al-aire-libre-con-brunch-t972824/
Colombia;guatape-l114702;979420;Guatape Tour En Bicicleta Cuesta Abajo Y Cascadas;https://www.getyourguide.com/es-es/guatape-l114702/guatape-tour-en-bicicleta-cuesta-abajo-y-cascadas-t979420/
Colombia;bogota-l361;1000668;Bogota Experiencia De Vuelo En Parapente;https://www.getyourguide.com/es-es/bogota-l361/bogota-experiencia-de-vuelo-en-parapente-t1000668/
Colombia;medellin-l1215;501814;Parapente Medellin;https://www.getyourguide.com/es-es/medellin-l1215/parapente-medellin-t501814/
Colombia;cartagena-de-indias-l362;1070347;Cartagena Clase De Surf Con El Campeon Colombiano;https://www.getyourguide.com/es-es/cartagena-de-indias-l362/cartagena-clase-de-surf-con-el-campeon-colombiano-t1070347/
Colombia;bogota-l361;1072435;Bogota Tour A Pie Con La Abuela Por El Centro De Bogota;https://www.getyourguide.com/es-es/bogota-l361/bogota-tour-a-pie-con-la-abuela-por-el-centro-de-bogota-t1072435/
Colombia;cartagena-de-indias-l362;1073506;Cartagena Clase De Surf Con Instructor Certificado;https://www.getyourguide.com/es-es/cartagena-de-indias-l362/cartagena-clase-de-surf-con-instructor-certificado-t1073506/
Colombia;san-gil-l148478;1082493;San Gil Puenting Extremo De 140 M El Mas Alto De Colombia;https://www.getyourguide.com/es-es/san-gil-l148478/san-gil-puenting-extremo-de-140-m-el-mas-alto-de-colombia-t1082493/
Colombia;cartagena-de-indias-l362;622656;Cartagena Tour De La Ciudad Y Lugares Mas Emblematicos;https://www.getyourguide.com/es-es/cartagena-de-indias-l362/cartagena-tour-de-la-ciudad-y-lugares-mas-emblematicos-t622656/
Colombia;santa-marta-l32129;664664;Tour En Lancha Rapida Al Tayrona Playa Cristal;https://www.getyourguide.com/es-es/santa-marta-l32129/tour-en-lancha-rapida-al-tayrona-playa-cristal-t664664/
Colombia;pasto-l101982;1248268;Pasto Tour Al Santuario De Las Lajas Y A Tulcan Cruza La Frontera;https://www.getyourguide.com/es-es/pasto-l101982/pasto-tour-al-santuario-de-las-lajas-y-a-tulcan-cruza-la-frontera-t1248268/
Colombia;cartagena-de-indias-l362;806892;Santa Marta Tour Bahia En Lancha Deportiva Con Barra Libre 8 A 10Pm;https://www.getyourguide.com/es-es/cartagena-de-indias-l362/santa-marta-tour-bahia-en-lancha-deportiva-con-barra-libre-8-a-10pm-t806892/
Colombia;pasto-l101982;1262722;Pasto Visita Guiada A La Plaza De Mercado Sabores Que Cuentan Historias;https://www.getyourguide.com/es-es/pasto-l101982/pasto-visita-guiada-a-la-plaza-de-mercado-sabores-que-cuentan-historias-t1262722/
Colombia;medellin-l1215;822987;Medellin Tour Ingles Guatape Viejo Penol Malecon Barco Rumbero;https://www.getyourguide.com/es-es/medellin-l1215/medellin-tour-ingles-guatape-viejo-penol-malecon-barco-rumbero-t822987/
Colombia;cartagena-de-indias-l362;826997;Rutas Del Caribe Mompox;https://www.getyourguide.com/es-es/cartagena-de-indias-l362/rutas-del-caribe-mompox-t826997/
Colombia;cartagena-de-indias-l362;958124;Tour Historico Por Cartagena Caminata Por Las Plazas E Iglesias;https://www.getyourguide.com/es-es/cartagena-de-indias-l362/tour-historico-por-cartagena-caminata-por-las-plazas-e-iglesias-t958124/
Colombia;cartagena-de-indias-l362;1016691;Tour Completo De La Ciudad Con Almuerzo En El Lugar Favorito De Anthony Bourdain;https://www.getyourguide.com/es-es/cartagena-de-indias-l362/tour-completo-de-la-ciudad-con-almuerzo-en-el-lugar-favorito-de-anthony-bourdain-t1016691/
Colombia;bogota-l361;239462;Visita Guiada A Los Graffitis De Bogota;https://www.getyourguide.com/es-es/bogota-l361/visita-guiada-a-los-graffitis-de-bogota-t239462/
Colombia;medellin-l1215;1082525;Medellin Tour Pablo Escobar Con Souvenir Tu Mejor Experiencia;https://www.getyourguide.com/es-es/medellin-l1215/medellin-tour-pablo-escobar-con-souvenir-tu-mejor-experiencia-t1082525/
Colombia;santa-marta-l32129;1094026;Ticket De Entrada Al Mariposario Sierra Nevada;https://www.getyourguide.com/es-es/santa-marta-l32129/ticket-de-entrada-al-mariposario-sierra-nevada-t1094026/
Colombia;santa-marta-l32129;1121684;Tayrona National Park Fun Dives In Caribbean Reefs;https://www.getyourguide.com/es-es/santa-marta-l32129/tayrona-national-park-fun-dives-in-caribbean-reefs-t1121684/
Colombia;medellin-l1215;482162;Medellin Tour Comuna 13 Graffitis Y La Verdad Del Barrio;https://www.getyourguide.com/es-es/medellin-l1215/medellin-tour-comuna-13-graffitis-y-la-verdad-del-barrio-t482162/
Colombia;pereira-l32650;1189877;Pereira Tour Nevado Del Ruiz Termales;https://www.getyourguide.com/es-es/pereira-l32650/pereira-tour-nevado-del-ruiz-termales-t1189877/
Colombia;cali-colombia-l1213;595147;Cali Dos Horas De Tour A Pie Para Descubrir La Ciudad De Cali;https://www.getyourguide.com/es-es/cali-colombia-l1213/cali-dos-horas-de-tour-a-pie-para-descubrir-la-ciudad-de-cali-t595147/
Colombia;canaveral-l209866;1225650;Tour Cartagena Parque Tayrona 2 Noches 3 Dias Todo Incluido;https://www.getyourguide.com/es-es/canaveral-l209866/tour-cartagena-parque-tayrona-2-noches-3-dias-todo-incluido-t1225650/
Colombia;cartagena-de-indias-l362;1250818;Cartagena Excursion De 1 Dia A Las Islas Del Rosario Isla Del Sol Almuerzo;https://www.getyourguide.com/es-es/cartagena-de-indias-l362/cartagena-excursion-de-1-dia-a-las-islas-del-rosario-isla-del-sol-almuerzo-t1250818/
Colombia;pereira-l32650;644919;Senderismo En El Valle Del Cocora Desde Pereira O Armenia;https://www.getyourguide.com/es-es/pereira-l32650/senderismo-en-el-valle-del-cocora-desde-pereira-o-armenia-t644919/
Colombia;santa-marta-l32129;1268803;Santa Marta Cascada De Minca Y Taganga Playa Grande;https://www.getyourguide.com/es-es/santa-marta-l32129/santa-marta-cascada-de-minca-y-taganga-playa-grande-t1268803/
Colombia;bogota-l361;929554;Excursion A Guatavita Casa Al Reves;https://www.getyourguide.com/es-es/bogota-l361/excursion-a-guatavita-casa-al-reves-t929554/
Colombia;medellin-l1215;939899;Medellin Excursion De Un Dia Con Descenso En Balsa Por El Rio Y Barbacoa Con Servicio De Recogida Del Hotel;https://www.getyourguide.com/es-es/medellin-l1215/medellin-excursion-de-un-dia-con-descenso-en-balsa-por-el-rio-y-barbacoa-con-servicio-de-recogida-del-hotel-t939899/
Colombia;cartagena-de-indias-l362;570669;Cartagena Traslado Aeropuerto Ciudad Vieja Ciudad Amurallada Centro;https://www.getyourguide.com/es-es/cartagena-de-indias-l362/cartagena-traslado-aeropuerto-ciudad-vieja-ciudad-amurallada-centro-t570669/
Colombia;cartagena-de-indias-l362;605513;Cartagena Excursion A Baru Playa Blanca Con Almuerzo;https://www.getyourguide.com/es-es/cartagena-de-indias-l362/cartagena-excursion-a-baru-playa-blanca-con-almuerzo-t605513/
Colombia;bogota-l361;651254;Bogota Jardin Botanico Jose Celestino Mutis;https://www.getyourguide.com/es-es/bogota-l361/bogota-jardin-botanico-jose-celestino-mutis-t651254/
Colombia;taganga-l129198;841263;Tayrona Descubre El Buceo Con Respiracion Consciente;https://www.getyourguide.com/es-es/taganga-l129198/tayrona-descubre-el-buceo-con-respiracion-consciente-t841263/
Colombia;cartagena-de-indias-l362;859673;Cartagena Excursion De Un Dia A La Playa De La Isla De Tierra Bomba;https://www.getyourguide.com/es-es/cartagena-de-indias-l362/cartagena-excursion-de-un-dia-a-la-playa-de-la-isla-de-tierra-bomba-t859673/
Colombia;bogota-l361;988531;Bogota Aventura De Barranquismo En Tobia Con Recogida En El Hotel;https://www.getyourguide.com/es-es/bogota-l361/bogota-aventura-de-barranquismo-en-tobia-con-recogida-en-el-hotel-t988531/
Colombia;medellin-l1215;399824;Medellin Tour Privado De La Historia De Pablo Escobar En Autobus;https://www.getyourguide.com/es-es/medellin-l1215/medellin-tour-privado-de-la-historia-de-pablo-escobar-en-autobus-t399824/
Colombia;baru-l120985;1093150;Cartagena Pasadia De En Sabai Beachclub Venue En Baru Con Piscina Y Playa;https://www.getyourguide.com/es-es/baru-l120985/cartagena-pasadia-de-en-sabai-beachclub-venue-en-baru-con-piscina-y-playa-t1093150/
Colombia;quimbaya-l214816;1210917;Quindio Entrada A Parque Panaca Con Animales Estaciones Y Shows En Vivo;https://www.getyourguide.com/es-es/quimbaya-l214816/quindio-entrada-a-parque-panaca-con-animales-estaciones-y-shows-en-vivo-t1210917/
Colombia;san-andres-colombia-l180220;1213275;San Andres Tour Museo Pirata The Persistence Con Traslados;https://www.getyourguide.com/es-es/san-andres-colombia-l180220/san-andres-tour-museo-pirata-the-persistence-con-traslados-t1213275/
Colombia;villavieja-l215836;1322264;Tatacoa 2026 El Despertar De Las Estrellas Y El Ojo Del Desierto;https://www.getyourguide.com/es-es/villavieja-l215836/tatacoa-2026-el-despertar-de-las-estrellas-y-el-ojo-del-desierto-t1322264/
Colombia;minca-l176223;798291;Trekking Historia Y Patrimonio Indigena En Minca Cacao Cafe Cascada;https://www.getyourguide.com/es-es/minca-l176223/trekking-historia-y-patrimonio-indigena-en-minca-cacao-cafe-cascada-t798291/
Colombia;cartagena-de-indias-l362;816366;Cartagena Alquiler De Bicicletas De 1 Hora A 24 Horas Casco Antiguo;https://www.getyourguide.com/es-es/cartagena-de-indias-l362/cartagena-alquiler-de-bicicletas-de-1-hora-a-24-horas-casco-antiguo-t816366/
Colombia;santa-rosa-de-cabal-l136683;873858;Termales San Vicente Mas Ruta Del Bienestar En Santa Rosa De Cabal;https://www.getyourguide.com/es-es/santa-rosa-de-cabal-l136683/termales-san-vicente-mas-ruta-del-bienestar-en-santa-rosa-de-cabal-t873858/
Colombia;bogota-l361;240227;Desde Bogota Experiencia De Rafting En Aguas Bravas;https://www.getyourguide.com/es-es/bogota-l361/desde-bogota-experiencia-de-rafting-en-aguas-bravas-t240227/
Colombia;florencia-l247038;916812;Desde Florencia Excursion De 1 Dia A La Cascada Lagrima Del Gigante;https://www.getyourguide.com/es-es/florencia-l247038/desde-florencia-excursion-de-1-dia-a-la-cascada-lagrima-del-gigante-t916812/
Colombia;cali-colombia-l1213;412262;Cali Excursion Guiada De Un Dia A San Cipriano Con Almuerzo Tradicional;https://www.getyourguide.com/es-es/cali-colombia-l1213/cali-excursion-guiada-de-un-dia-a-san-cipriano-con-almuerzo-tradicional-t412262/
Colombia;medellin-l1215;415870;Desde Medellin Excursion De Un Dia A Guatape Con El Penol Rock Y Almuerzo;https://www.getyourguide.com/es-es/medellin-l1215/desde-medellin-excursion-de-un-dia-a-guatape-con-el-penol-rock-y-almuerzo-t415870/
Colombia;guatape-l114702;958809;Medellin Excursion De 2 Dias A Pablo Escobar Con Excursion De Un Dia A Guatape;https://www.getyourguide.com/es-es/guatape-l114702/medellin-excursion-de-2-dias-a-pablo-escobar-con-excursion-de-un-dia-a-guatape-t958809/
Colombia;cartagena-de-indias-l362;1082337;Cartagena Private Beach Venue Sabai Daypass;https://www.getyourguide.com/es-es/cartagena-de-indias-l362/cartagena-private-beach-venue-sabai-daypass-t1082337/
Colombia;cali-colombia-l1213;1118897;Cali Tour A Parque Recreacional Las Bailarinas Saliendo Desde Cali;https://www.getyourguide.com/es-es/cali-colombia-l1213/cali-tour-a-parque-recreacional-las-bailarinas-saliendo-desde-cali-t1118897/
Colombia;medellin-l1215;653107;Medellin Y Guatape Tres Dias De Experiencia Turistica Y Magia;https://www.getyourguide.com/es-es/medellin-l1215/medellin-y-guatape-tres-dias-de-experiencia-turistica-y-magia-t653107/
Colombia;medellin-l1215;1209806;Tour Expres Guatape Desde Medellin Piedra Del Penol Y Pueblo Magico;https://www.getyourguide.com/es-es/medellin-l1215/tour-expres-guatape-desde-medellin-piedra-del-penol-y-pueblo-magico-t1209806/
Colombia;barichara-l209940;1216692;Barichara Parque De Cuerdas;https://www.getyourguide.com/es-es/barichara-l209940/barichara-parque-de-cuerdas-t1216692/
Colombia;minca-l176223;1234850;Minca Encuentro Ancestral Comunidad Wiwa Mirador Y Cascada Escondida;https://www.getyourguide.com/es-es/minca-l176223/minca-encuentro-ancestral-comunidad-wiwa-mirador-y-cascada-escondida-t1234850/
Colombia;medellin-l1215;762079;Pereira Desde O Hacia Salento Traslado Privado;https://www.getyourguide.com/es-es/medellin-l1215/pereira-desde-o-hacia-salento-traslado-privado-t762079/
Colombia;barichara-l209940;798292;Barichara Trekking Jordan Los Santos Canon Chicamocha Dia Completo;https://www.getyourguide.com/es-es/barichara-l209940/barichara-trekking-jordan-los-santos-canon-chicamocha-dia-completo-t798292/
Colombia;medellin-l1215;1295991;;https://www.getyourguide.com/es-es/medellin-l1215/-t1295991/
Colombia;medellin-l1215;65302;Desde Medellin Tour Privado A La Roca El Penon Y Al Pueblo De Guatape;https://www.getyourguide.com/es-es/medellin-l1215/desde-medellin-tour-privado-a-la-roca-el-penon-y-al-pueblo-de-guatape-t65302/
Colombia;guatape-l114702;951975;Escalada En Guatape La Penolera Dr Ascenso De 2 Largos;https://www.getyourguide.com/es-es/guatape-l114702/escalada-en-guatape-la-penolera-dr-ascenso-de-2-largos-t951975/
Colombia;medellin-l1215;162638;Medellin Guatape El Penol Barco Desayuno Almuerzo Y Llamas;https://www.getyourguide.com/es-es/medellin-l1215/medellin-guatape-el-penol-barco-desayuno-almuerzo-y-llamas-t162638/
Colombia;minca-l176223;1068203;Taller De Pulseras De Algodon Natural;https://www.getyourguide.com/es-es/minca-l176223/taller-de-pulseras-de-algodon-natural-t1068203/
Colombia;santa-marta-l32129;1082506;Santa Marta Caminata De 2 Dias A Las Ruinas De Bunkuany;https://www.getyourguide.com/es-es/santa-marta-l32129/santa-marta-caminata-de-2-dias-a-las-ruinas-de-bunkuany-t1082506/
Colombia;medellin-l1215;428602;Desde Medellin Caminata Guiada Por Un Antiguo Sendero Hasta Una Cascada;https://www.getyourguide.com/es-es/medellin-l1215/desde-medellin-caminata-guiada-por-un-antiguo-sendero-hasta-una-cascada-t428602/
Colombia;medellin-l1215;451881;Jardin Botanico Y Comuna 4 Medellin City Tour 5H;https://www.getyourguide.com/es-es/medellin-l1215/jardin-botanico-y-comuna-4-medellin-city-tour-5h-t451881/
Colombia;medellin-l1215;521523;De Medellin A Fredonia Para Un Tour Del Dia Del Cafe;https://www.getyourguide.com/es-es/medellin-l1215/de-medellin-a-fredonia-para-un-tour-del-dia-del-cafe-t521523/
Colombia;cartagena-de-indias-l362;525658;Cartagena Tour A Pie Por El Mercado Local De Bazurto;https://www.getyourguide.com/es-es/cartagena-de-indias-l362/cartagena-tour-a-pie-por-el-mercado-local-de-bazurto-t525658/
Colombia;medellin-l1215;1243942;Medellin Grabacion De Video Musical Con Recogida;https://www.getyourguide.com/es-es/medellin-l1215/medellin-grabacion-de-video-musical-con-recogida-t1243942/
Colombia;pasto-l101982;1254312;Pasto Conoce La Laguna De La Cocha La Isla La Corota Y Cascadas Huerta;https://www.getyourguide.com/es-es/pasto-l101982/pasto-conoce-la-laguna-de-la-cocha-la-isla-la-corota-y-cascadas-huerta-t1254312/
Colombia;medellin-l1215;1288015;Escape Room El Tesoro De Barbanegra En Medellin;https://www.getyourguide.com/es-es/medellin-l1215/escape-room-el-tesoro-de-barbanegra-en-medellin-t1288015/
Colombia;cartagena-de-indias-l362;778000;Cartagena Experiencia Holistica Namaste Romance;https://www.getyourguide.com/es-es/cartagena-de-indias-l362/cartagena-experiencia-holistica-namaste-romance-t778000/
Colombia;manizales-l126418;1326455;Manizales Cata De Cafes Y Taller Terapeutico De Los Sentidos;https://www.getyourguide.com/es-es/manizales-l126418/manizales-cata-de-cafes-y-taller-terapeutico-de-los-sentidos-t1326455/
Colombia;palomino-l183586;1332286;Palomino Paseo A Caballo Por La Playa Y Los Senderos En Grupo Reducido;https://www.getyourguide.com/es-es/palomino-l183586/palomino-paseo-a-caballo-por-la-playa-y-los-senderos-en-grupo-reducido-t1332286/
Colombia;medellin-l1215;99735;Servicio De Traslado Al Aeropuerto De Medellin Salida;https://www.getyourguide.com/es-es/medellin-l1215/servicio-de-traslado-al-aeropuerto-de-medellin-salida-t99735/
Colombia;cartagena-de-indias-l362;932802;Private Classic Car Tour In Cartagena Bilingual Historian Guide;https://www.getyourguide.com/es-es/cartagena-de-indias-l362/private-classic-car-tour-in-cartagena-bilingual-historian-guide-t932802/
Colombia;medellin-l1215;317567;Medellin Guatape Privado Con Tickets De Entrada Al Penol Y Paseo En Barco;https://www.getyourguide.com/es-es/medellin-l1215/medellin-guatape-privado-con-tickets-de-entrada-al-penol-y-paseo-en-barco-t317567/
Colombia;cartagena-de-indias-l362;990249;Cartagena Cocktail Class;https://www.getyourguide.com/es-es/cartagena-de-indias-l362/cartagena-cocktail-class-t990249/
Colombia;medellin-l1215;1094637;Medellin Experiencia Gastronomica Y Cultural Arepas Sin Fronteras;https://www.getyourguide.com/es-es/medellin-l1215/medellin-experiencia-gastronomica-y-cultural-arepas-sin-fronteras-t1094637/
Colombia;medellin-l1215;507267;Spa En Medellin 6 Horas De Lujo Y Bienestar;https://www.getyourguide.com/es-es/medellin-l1215/spa-en-medellin-6-horas-de-lujo-y-bienestar-t507267/
Colombia;medellin-l1215;513340;Spa En Medellin Experiencia De Lujo Romantica En Venecia;https://www.getyourguide.com/es-es/medellin-l1215/spa-en-medellin-experiencia-de-lujo-romantica-en-venecia-t513340/
Colombia;cartagena-de-indias-l362;514397;Cartagena City Tour Por 5 Horas Transporte Guia;https://www.getyourguide.com/es-es/cartagena-de-indias-l362/cartagena-city-tour-por-5-horas-transporte-guia-t514397/
Colombia;leticia-l176618;516244;Expedicion Al Amazonas De 3 Dias Tour Por La Selva El Rio Y La Fauna Silvestre;https://www.getyourguide.com/es-es/leticia-l176618/expedicion-al-amazonas-de-3-dias-tour-por-la-selva-el-rio-y-la-fauna-silvestre-t516244/
Colombia;cartagena-de-indias-l362;1119983;Tour De Crucero Por Cartagena Castillo Popa Y Centro Historico 4 H;https://www.getyourguide.com/es-es/cartagena-de-indias-l362/tour-de-crucero-por-cartagena-castillo-popa-y-centro-historico-4-h-t1119983/
Colombia;montenegro-colombia-l234307;1178594;Armenia Tour De 8 Dias Por Todo El Eje Cafetero Colombiano;https://www.getyourguide.com/es-es/montenegro-colombia-l234307/armenia-tour-de-8-dias-por-todo-el-eje-cafetero-colombiano-t1178594/
Colombia;cartagena-de-indias-l362;1227136;Vitsita Playa Blanca Baru Privado Con Almuerzo Incluido;https://www.getyourguide.com/es-es/cartagena-de-indias-l362/vitsita-playa-blanca-baru-privado-con-almuerzo-incluido-t1227136/
Colombia;puerto-colombia-l126453;1243930;Escapada Nocturna Caribena Barranquilla Y Puerto Colombia;https://www.getyourguide.com/es-es/puerto-colombia-l126453/escapada-nocturna-caribena-barranquilla-y-puerto-colombia-t1243930/
Colombia;pasto-l101982;1262725;Pasto De La Plaza A La Mesa Del Origen Al Sabor;https://www.getyourguide.com/es-es/pasto-l101982/pasto-de-la-plaza-a-la-mesa-del-origen-al-sabor-t1262725/
Colombia;tierra-bomba-l236704;1263495;Cartagena Chiringuito Makani Luxury Beach Club Pase Premium De Un Dia Y Almuerzo;https://www.getyourguide.com/es-es/tierra-bomba-l236704/cartagena-chiringuito-makani-luxury-beach-club-pase-premium-de-un-dia-y-almuerzo-t1263495/
Colombia;medellin-l1215;775534;Tour Partido De Futbol En Medellin Boletos Y Pre Game;https://www.getyourguide.com/es-es/medellin-l1215/tour-partido-de-futbol-en-medellin-boletos-y-pre-game-t775534/
Colombia;el-penol-l145060;1269943;Guatape Tour En Barco Piedra Del Penol Y Colorido Pueblo Con Comidas;https://www.getyourguide.com/es-es/el-penol-l145060/guatape-tour-en-barco-piedra-del-penol-y-colorido-pueblo-con-comidas-t1269943/
Colombia;santa-marta-l32129;1287917;Santa Marta Cabalgata A Las Cascadas De Valencia En El Tayrona;https://www.getyourguide.com/es-es/santa-marta-l32129/santa-marta-cabalgata-a-las-cascadas-de-valencia-en-el-tayrona-t1287917/
Colombia;el-penol-l145060;1306828;Tour En Buggy En El Parque La Manuelaguatape Colombia;https://www.getyourguide.com/es-es/el-penol-l145060/tour-en-buggy-en-el-parque-la-manuelaguatape-colombia-t1306828/
Colombia;medellin-l1215;861794;Inmersion Comuna 13 Vida Real Fuera De Lo Comercial;https://www.getyourguide.com/es-es/medellin-l1215/inmersion-comuna-13-vida-real-fuera-de-lo-comercial-t861794/
Colombia;manizales-l126418;1332420;Manizales Ruta Del Condor Cascadas Y Andes Volcanicos;https://www.getyourguide.com/es-es/manizales-l126418/manizales-ruta-del-condor-cascadas-y-andes-volcanicos-t1332420/
Colombia;medellin-l1215;975270;Tour De Fiesta Por La Vida Nocturna De Medellin Discotecas Bares Regueton Y Mucho Mas;https://www.getyourguide.com/es-es/medellin-l1215/tour-de-fiesta-por-la-vida-nocturna-de-medellin-discotecas-bares-regueton-y-mucho-mas-t975270/
Colombia;cartagena-de-indias-l362;333151;Viaje A La Playa De La Isla En Barco Pirata Con Almuerzo Y Bebidas;https://www.getyourguide.com/es-es/cartagena-de-indias-l362/viaje-a-la-playa-de-la-isla-en-barco-pirata-con-almuerzo-y-bebidas-t333151/
Colombia;cartagena-de-indias-l362;1050002;Cartagena Clase De Postres Tipicos En Restaurante Del Centro Historico;https://www.getyourguide.com/es-es/cartagena-de-indias-l362/cartagena-clase-de-postres-tipicos-en-restaurante-del-centro-historico-t1050002/
Colombia;san-agustin-colombia-l131748;1126882;Rafting Guiado Privado En El Rio Magdalena;https://www.getyourguide.com/es-es/san-agustin-colombia-l131748/rafting-guiado-privado-en-el-rio-magdalena-t1126882/
Colombia;bogota-l361;483816;Traslado Privado De Ida Desdehacia El Aeropuerto Bogota;https://www.getyourguide.com/es-es/bogota-l361/traslado-privado-de-ida-desdehacia-el-aeropuerto-bogota-t483816/
Colombia;cartagena-de-indias-l362;1196330;Cartagena Autentica Tour Privado A Pie Por La Historia Viva De Getsemani;https://www.getyourguide.com/es-es/cartagena-de-indias-l362/cartagena-autentica-tour-privado-a-pie-por-la-historia-viva-de-getsemani-t1196330/
Colombia;guatape-l114702;618871;Desde Guatapeexperiencia Privada De Parapente Y River Tubing;https://www.getyourguide.com/es-es/guatape-l114702/desde-guatapeexperiencia-privada-de-parapente-y-river-tubing-t618871/
Colombia;neiva-l153229;655310;Miradores Huila Mano Del Gigante;https://www.getyourguide.com/es-es/neiva-l153229/miradores-huila-mano-del-gigante-t655310/
Colombia;bogota-l361;1253600;Bogota Tour De Degustacion De Cafe Y Chocolate De Calidad En Chapinero;https://www.getyourguide.com/es-es/bogota-l361/bogota-tour-de-degustacion-de-cafe-y-chocolate-de-calidad-en-chapinero-t1253600/
Colombia;medellin-l1215;1259393;Medellin Clase De Salsa Personalizada Con Un Profesional;https://www.getyourguide.com/es-es/medellin-l1215/medellin-clase-de-salsa-personalizada-con-un-profesional-t1259393/
Colombia;medellin-l1215;689101;Paseo A Caballo Por Las Montanas De Medellin;https://www.getyourguide.com/es-es/medellin-l1215/paseo-a-caballo-por-las-montanas-de-medellin-t689101/
Colombia;cartagena-de-indias-l362;730478;Escapada A La Playa De Lujo Ecologico En Amare Tierra Bomba;https://www.getyourguide.com/es-es/cartagena-de-indias-l362/escapada-a-la-playa-de-lujo-ecologico-en-amare-tierra-bomba-t730478/
Colombia;cartagena-de-indias-l362;798314;Cartagena Entrada Al Castillo De San Felipe Transporte;https://www.getyourguide.com/es-es/cartagena-de-indias-l362/cartagena-entrada-al-castillo-de-san-felipe-transporte-t798314/
Colombia;guatavita-l126403;804413;Naturaleza Y Aventura Zoologico Santa Cruz Y Salto Del Tequendama;https://www.getyourguide.com/es-es/guatavita-l126403/naturaleza-y-aventura-zoologico-santa-cruz-y-salto-del-tequendama-t804413/
Colombia;bogota-l361;161040;Tour De 1 Dia Desde Bogota Mina Nemocon Y Catedral De Sal;https://www.getyourguide.com/es-es/bogota-l361/tour-de-1-dia-desde-bogota-mina-nemocon-y-catedral-de-sal-t161040/
Colombia;bogota-l361;947815;Bogota Sesion De Fotos Profesional Con Un Fotografo Local;https://www.getyourguide.com/es-es/bogota-l361/bogota-sesion-de-fotos-profesional-con-un-fotografo-local-t947815/
Colombia;medellin-l1215;964233;Medellin Visita Privada A Un Museo Con Recogida En El Hotel;https://www.getyourguide.com/es-es/medellin-l1215/medellin-visita-privada-a-un-museo-con-recogida-en-el-hotel-t964233/
Colombia;bogota-l361;965231;Bogota El Autobus De La Fiesta Y El Pub Crawl Bebidas Discotecas Autobus Y Diversion;https://www.getyourguide.com/es-es/bogota-l361/bogota-el-autobus-de-la-fiesta-y-el-pub-crawl-bebidas-discotecas-autobus-y-diversion-t965231/
Colombia;cartagena-de-indias-l362;405190;Cartagena Clase De Cocina Y Visita Al Mercado;https://www.getyourguide.com/es-es/cartagena-de-indias-l362/cartagena-clase-de-cocina-y-visita-al-mercado-t405190/
Colombia;san-gil-l148478;1014369;San Gil Tour A Curiti Con Salida Desde San Gil;https://www.getyourguide.com/es-es/san-gil-l148478/san-gil-tour-a-curiti-con-salida-desde-san-gil-t1014369/
Colombia;zipaquira-l131353;1071525;Zipaquira Mina De Sal Tour Desde Bogota Transporte Privado;https://www.getyourguide.com/es-es/zipaquira-l131353/zipaquira-mina-de-sal-tour-desde-bogota-transporte-privado-t1071525/
Colombia;montenegro-colombia-l234307;1118217;Cali Tour Parque Del Cafe Con Salida Desde Cali;https://www.getyourguide.com/es-es/montenegro-colombia-l234307/cali-tour-parque-del-cafe-con-salida-desde-cali-t1118217/
Colombia;salento-colombia-l32675;1124329;Senda De Gigantes Cabalgata En La Carbonera;https://www.getyourguide.com/es-es/salento-colombia-l32675/senda-de-gigantes-cabalgata-en-la-carbonera-t1124329/
Colombia;guatavita-l126403;566531;Un Viaje Esencial A Bogota Medellin Y Cartagena 8 Dias;https://www.getyourguide.com/es-es/guatavita-l126403/un-viaje-esencial-a-bogota-medellin-y-cartagena-8-dias-t566531/
Colombia;neiva-l153229;569965;Neiva Desde O Hacia Villavieja Traslado Privado;https://www.getyourguide.com/es-es/neiva-l153229/neiva-desde-o-hacia-villavieja-traslado-privado-t569965/
Colombia;salento-colombia-l32675;1197636;Salento Ruta De Senderismo Guiada Por El Valle De Cocora Con Almuerzo;https://www.getyourguide.com/es-es/salento-colombia-l32675/salento-ruta-de-senderismo-guiada-por-el-valle-de-cocora-con-almuerzo-t1197636/
Colombia;bogota-l361;1252208;Bogota Transmicable A El Paraiso Serigrafia;https://www.getyourguide.com/es-es/bogota-l361/bogota-transmicable-a-el-paraiso-serigrafia-t1252208/
Colombia;cartagena-de-indias-l362;1278833;Cartagena Paseo Privado En Lancha Motora A Las Islas Del Rosario;https://www.getyourguide.com/es-es/cartagena-de-indias-l362/cartagena-paseo-privado-en-lancha-motora-a-las-islas-del-rosario-t1278833/
Colombia;medellin-l1215;51566;Medellin Tour De Comida Tradicional;https://www.getyourguide.com/es-es/medellin-l1215/medellin-tour-de-comida-tradicional-t51566/
Colombia;bocachica-l181861;860892;Cartagena Top 3 Islas Del Rosario Para Relax Aventura Y Fiesta En Un Dia;https://www.getyourguide.com/es-es/bocachica-l181861/cartagena-top-3-islas-del-rosario-para-relax-aventura-y-fiesta-en-un-dia-t860892/
Colombia;cartagena-de-indias-l362;154572;Paseo En Yate Por La Bahia De Cartagena Al Atardecer;https://www.getyourguide.com/es-es/cartagena-de-indias-l362/paseo-en-yate-por-la-bahia-de-cartagena-al-atardecer-t154572/
Colombia;rionegro-l4649;238742;Medellin Paseos A Caballo;https://www.getyourguide.com/es-es/rionegro-l4649/medellin-paseos-a-caballo-t238742/
Colombia;santa-marta-l32129;358185;Santa Marta Experiencia Gastronomica Guiada A Pie;https://www.getyourguide.com/es-es/santa-marta-l32129/santa-marta-experiencia-gastronomica-guiada-a-pie-t358185/
Colombia;salento-colombia-l32675;963173;Tour Privado Valle Del Cocora Filandia Y Salento;https://www.getyourguide.com/es-es/salento-colombia-l32675/tour-privado-valle-del-cocora-filandia-y-salento-t963173/
Colombia;el-penol-l145060;964051;Medellin Excursion De 6 Horas En Escala Desde Rionegro;https://www.getyourguide.com/es-es/el-penol-l145060/medellin-excursion-de-6-horas-en-escala-desde-rionegro-t964051/
Colombia;cartagena-de-indias-l362;990409;Cartagena Tour Por El Pueblo Pesquero De La Boquilla Con Clase De Cocina;https://www.getyourguide.com/es-es/cartagena-de-indias-l362/cartagena-tour-por-el-pueblo-pesquero-de-la-boquilla-con-clase-de-cocina-t990409/
Colombia;bahia-concha-l237711;1078246;Sailing On A Catamaran A Fun Adventure;https://www.getyourguide.com/es-es/bahia-concha-l237711/sailing-on-a-catamaran-a-fun-adventure-t1078246/
Colombia;medellin-l1215;548980;Graffiti Tour Comuna 13 Con Video Y Fotos En Dron;https://www.getyourguide.com/es-es/medellin-l1215/graffiti-tour-comuna-13-con-video-y-fotos-en-dron-t548980/
Colombia;zipaquira-l131353;561025;Zipaquira Mina Catedral De Sal Transporte Privado;https://www.getyourguide.com/es-es/zipaquira-l131353/zipaquira-mina-catedral-de-sal-transporte-privado-t561025/
Colombia;cartagena-de-indias-l362;569361;Cartagena Traslado Al Aeropuerto A Los Hoteles De Cartagena;https://www.getyourguide.com/es-es/cartagena-de-indias-l362/cartagena-traslado-al-aeropuerto-a-los-hoteles-de-cartagena-t569361/
Colombia;cartagena-de-indias-l362;662912;Cartagena Tour De La Ciudad Panoramico Y Bilingue Con Aire Acondicionado;https://www.getyourguide.com/es-es/cartagena-de-indias-l362/cartagena-tour-de-la-ciudad-panoramico-y-bilingue-con-aire-acondicionado-t662912/
Colombia;santa-marta-l32129;1212049;Santa Marta Experiencia Indigena Kogui 1 Dia Con Cascada;https://www.getyourguide.com/es-es/santa-marta-l32129/santa-marta-experiencia-indigena-kogui-1-dia-con-cascada-t1212049/
Colombia;baru-l120985;1228368;Cartagena Islas Del Rosario Con Esnorquel Y Almuerzo;https://www.getyourguide.com/es-es/baru-l120985/cartagena-islas-del-rosario-con-esnorquel-y-almuerzo-t1228368/
Colombia;pasto-l101982;1262710;Pasto Amasijos De Tradicion Aromas Que Abrazan El Alma;https://www.getyourguide.com/es-es/pasto-l101982/pasto-amasijos-de-tradicion-aromas-que-abrazan-el-alma-t1262710/
Colombia;bogota-l361;1288081;Bogota Tour Gastronomico Selecto De Comida Callejera De Las Regiones De Colombia;https://www.getyourguide.com/es-es/bogota-l361/bogota-tour-gastronomico-selecto-de-comida-callejera-de-las-regiones-de-colombia-t1288081/
Colombia;leticia-l176618;1293832;Vive La Amazonia Con Los Indigenas Cerca De Leticia;https://www.getyourguide.com/es-es/leticia-l176618/vive-la-amazonia-con-los-indigenas-cerca-de-leticia-t1293832/
Colombia;medellin-l1215;89868;Medellin Tour Pablo Escobar;https://www.getyourguide.com/es-es/medellin-l1215/medellin-tour-pablo-escobar-t89868/
Colombia;bogota-l361;126656;Tour Personalizado Con Escala En Bogota;https://www.getyourguide.com/es-es/bogota-l361/tour-personalizado-con-escala-en-bogota-t126656/
Colombia;san-andres-colombia-l180220;1226087;San Andres Combo Citytour Tren Paddle Al Atardecer;https://www.getyourguide.com/es-es/san-andres-colombia-l180220/san-andres-combo-citytour-tren-paddle-al-atardecer-t1226087/
Colombia;salento-colombia-l32675;1123438;Paisajes Que Inspiran Valle De Cocora Y Fincas De Cafe;https://www.getyourguide.com/es-es/salento-colombia-l32675/paisajes-que-inspiran-valle-de-cocora-y-fincas-de-cafe-t1123438/
Colombia;cali-colombia-l1213;445459;Cali Excursion De Un Dia Para Observar Ballenas En Buenaventura;https://www.getyourguide.com/es-es/cali-colombia-l1213/cali-excursion-de-un-dia-para-observar-ballenas-en-buenaventura-t445459/
Colombia;guatape-l114702;1133362;Guatape Creativo Taller De Produccion Musical Y Visita Guiada Al Pueblo;https://www.getyourguide.com/es-es/guatape-l114702/guatape-creativo-taller-de-produccion-musical-y-visita-guiada-al-pueblo-t1133362/
Colombia;san-andres-colombia-l180220;1137179;Aventura En Buggy Por La Isla De San Andres Diversion Y Vistas Impresionantes;https://www.getyourguide.com/es-es/san-andres-colombia-l180220/aventura-en-buggy-por-la-isla-de-san-andres-diversion-y-vistas-impresionantes-t1137179/
Colombia;bogota-l361;514356;Desde Bogota Villa De Leyva Dia Pueblo Magico;https://www.getyourguide.com/es-es/bogota-l361/desde-bogota-villa-de-leyva-dia-pueblo-magico-t514356/
Colombia;cartagena-de-indias-l362;523875;La Legendaria Fiesta En Barco De Cartagena Dia Completo En Cholon;https://www.getyourguide.com/es-es/cartagena-de-indias-l362/la-legendaria-fiesta-en-barco-de-cartagena-dia-completo-en-cholon-t523875/
Colombia;yaguara-l207902;1221552;Huila Aventura De Senderismo Y Rapel En Isla Yaguar;https://www.getyourguide.com/es-es/yaguara-l207902/huila-aventura-de-senderismo-y-rapel-en-isla-yaguar-t1221552/
Colombia;cartagena-de-indias-l362;613520;Ecoturismo Y Pesca En El Manglar Natural De Cartagena;https://www.getyourguide.com/es-es/cartagena-de-indias-l362/ecoturismo-y-pesca-en-el-manglar-natural-de-cartagena-t613520/
Colombia;soacha-l206822;1249265;Ven Con Mi Familia Y Conmigo A Nuestra Casa Rural 2 Noches;https://www.getyourguide.com/es-es/soacha-l206822/ven-con-mi-familia-y-conmigo-a-nuestra-casa-rural-2-noches-t1249265/
Colombia;bogota-l361;645797;Bogota Tour De La Ciudad Monserrate Museo Del Oro Plaza De Bolivar;https://www.getyourguide.com/es-es/bogota-l361/bogota-tour-de-la-ciudad-monserrate-museo-del-oro-plaza-de-bolivar-t645797/
Colombia;bogota-l361;1270908;Bogota Colombia Visita A Casa Betty La Fea;https://www.getyourguide.com/es-es/bogota-l361/bogota-colombia-visita-a-casa-betty-la-fea-t1270908/
Colombia;medellin-l1215;207339;Tirolina Epica Y Cascada Gigante Desde Medellin;https://www.getyourguide.com/es-es/medellin-l1215/tirolina-epica-y-cascada-gigante-desde-medellin-t207339/
Colombia;medellin-l1215;1287935;Escape Room La Tumba Del Faraon En El Poblado Medellin;https://www.getyourguide.com/es-es/medellin-l1215/escape-room-la-tumba-del-faraon-en-el-poblado-medellin-t1287935/
Colombia;medellin-l1215;1307155;Medellin Mtb En Las Nubes Ruta Silletera Y Bosques De Niebla;https://www.getyourguide.com/es-es/medellin-l1215/medellin-mtb-en-las-nubes-ruta-silletera-y-bosques-de-niebla-t1307155/
Colombia;santa-marta-l32129;733771;Tour De La Ciudad De Santa Marta;https://www.getyourguide.com/es-es/santa-marta-l32129/tour-de-la-ciudad-de-santa-marta-t733771/
Colombia;medellin-l1215;773350;Come Como Un Local Tour Gastronomico Por Medellin En Laureles;https://www.getyourguide.com/es-es/medellin-l1215/come-como-un-local-tour-gastronomico-por-medellin-en-laureles-t773350/
Colombia;medellin-l1215;779212;Medellin Excursion A La Cascada Secreta Con Merienda Y Cafe;https://www.getyourguide.com/es-es/medellin-l1215/medellin-excursion-a-la-cascada-secreta-con-merienda-y-cafe-t779212/
Colombia;neiva-l153229;780663;Neiva Tour Historico Y Cultural Con Recorrido En Canoa Por El Magdalena;https://www.getyourguide.com/es-es/neiva-l153229/neiva-tour-historico-y-cultural-con-recorrido-en-canoa-por-el-magdalena-t780663/
Colombia;san-jeronimo-l214669;790520;Medellin Tour San Jeronimo Ecoparque Gaitero Piscina;https://www.getyourguide.com/es-es/san-jeronimo-l214669/medellin-tour-san-jeronimo-ecoparque-gaitero-piscina-t790520/
Colombia;santa-marta-l32129;173508;Tour A Pie Privado Por El Centro Historico De Santa Marta;https://www.getyourguide.com/es-es/santa-marta-l32129/tour-a-pie-privado-por-el-centro-historico-de-santa-marta-t173508/
Colombia;cartagena-de-indias-l362;471180;Excursion Privada De Un Dia A San Basilio De Palenque;https://www.getyourguide.com/es-es/cartagena-de-indias-l362/excursion-privada-de-un-dia-a-san-basilio-de-palenque-t471180/
Colombia;cartagena-de-indias-l362;473807;Degustacion De Cafe En Cartagena Disfruta Del Cafe Colombiano;https://www.getyourguide.com/es-es/cartagena-de-indias-l362/degustacion-de-cafe-en-cartagena-disfruta-del-cafe-colombiano-t473807/
Colombia;san-andres-colombia-l180220;859605;San Andres Fiesta Blanca En Barco Con Barra Libre Cena Y Bailarines;https://www.getyourguide.com/es-es/san-andres-colombia-l180220/san-andres-fiesta-blanca-en-barco-con-barra-libre-cena-y-bailarines-t859605/
Colombia;santa-marta-l32129;544109;Santa Marta Una Experiencia Historica Y De Comida Callejera;https://www.getyourguide.com/es-es/santa-marta-l32129/santa-marta-una-experiencia-historica-y-de-comida-callejera-t544109/
Colombia;san-gil-l148478;894461;Rafting Rio Suarez Santander Desafia Las Corrientes Extremas En Un Canon;https://www.getyourguide.com/es-es/san-gil-l148478/rafting-rio-suarez-santander-desafia-las-corrientes-extremas-en-un-canon-t894461/
Colombia;medellin-l1215;939788;Medellin Fiesta De Paintball;https://www.getyourguide.com/es-es/medellin-l1215/medellin-fiesta-de-paintball-t939788/
Colombia;guatape-l114702;976581;Guatape Taller De Elaboracion De Chocolate;https://www.getyourguide.com/es-es/guatape-l114702/guatape-taller-de-elaboracion-de-chocolate-t976581/
Colombia;cartagena-de-indias-l362;478729;Cartagena Tour Selfie Del Distrito Artistico De Getsemani;https://www.getyourguide.com/es-es/cartagena-de-indias-l362/cartagena-tour-selfie-del-distrito-artistico-de-getsemani-t478729/
Colombia;piojo-l241788;980470;Barranquilla Parque Tematico Caribe Aventura;https://www.getyourguide.com/es-es/piojo-l241788/barranquilla-parque-tematico-caribe-aventura-t980470/
Colombia;manaure-l142493;645861;Guajira Cabo De La Vela Tour 2 Dias 1 Noche;https://www.getyourguide.com/es-es/manaure-l142493/guajira-cabo-de-la-vela-tour-2-dias-1-noche-t645861/
Colombia;santa-marta-l32129;1078086;Parque Tayrona Y El Caribe En Velero Privado Desde Santa Marta Todo El Dia;https://www.getyourguide.com/es-es/santa-marta-l32129/parque-tayrona-y-el-caribe-en-velero-privado-desde-santa-marta-todo-el-dia-t1078086/
Colombia;medellin-l1215;828114;Medellin Tour Nocturno De La Comuna 13;https://www.getyourguide.com/es-es/medellin-l1215/medellin-tour-nocturno-de-la-comuna-13-t828114/
Colombia;medellin-l1215;674069;Medellin Descubre Los Mejores Planes Recomendados Por La Gente Local;https://www.getyourguide.com/es-es/medellin-l1215/medellin-descubre-los-mejores-planes-recomendados-por-la-gente-local-t674069/
Colombia;cartagena-de-indias-l362;947507;Visita A La Ciudad De Cartagena De Indias;https://www.getyourguide.com/es-es/cartagena-de-indias-l362/visita-a-la-ciudad-de-cartagena-de-indias-t947507/
Colombia;san-felix-l191151;811456;San Felix Aventura En Parapente;https://www.getyourguide.com/es-es/san-felix-l191151/san-felix-aventura-en-parapente-t811456/
Colombia;pasto-l101982;1220206;Desde Pasto Tour De 2 Dias A La Cocha Las Lajas Y Tulcan;https://www.getyourguide.com/es-es/pasto-l101982/desde-pasto-tour-de-2-dias-a-la-cocha-las-lajas-y-tulcan-t1220206/
Colombia;zipaquira-l131353;816436;Excursion A La Catedral De Sal De Zipaquira Y El Lago De Guatavita;https://www.getyourguide.com/es-es/zipaquira-l131353/excursion-a-la-catedral-de-sal-de-zipaquira-y-el-lago-de-guatavita-t816436/
Colombia;santa-marta-l32129;822062;Santamarta Tour Noche Blanca En Katamaran Nocturno Con Barra Libre;https://www.getyourguide.com/es-es/santa-marta-l32129/santamarta-tour-noche-blanca-en-katamaran-nocturno-con-barra-libre-t822062/
Colombia;medellin-l1215;1227217;Medellin Tour Del Vino En Antioquia Sabores Y Momentos Inolvidables;https://www.getyourguide.com/es-es/medellin-l1215/medellin-tour-del-vino-en-antioquia-sabores-y-momentos-inolvidables-t1227217/
Colombia;medellin-l1215;972843;Medellin Tour Guiado Por La Ciudad;https://www.getyourguide.com/es-es/medellin-l1215/medellin-tour-guiado-por-la-ciudad-t972843/
Colombia;bogota-l361;974386;Bogota Visita Guiada Al Centro De Comercio De Esmeraldas Y Al Museo;https://www.getyourguide.com/es-es/bogota-l361/bogota-visita-guiada-al-centro-de-comercio-de-esmeraldas-y-al-museo-t974386/
Colombia;cartagena-de-indias-l362;990976;Cartagena Tour Guiado Al Mercado De Bazurto Con Almuerzo Y Traslado Incluidos;https://www.getyourguide.com/es-es/cartagena-de-indias-l362/cartagena-tour-guiado-al-mercado-de-bazurto-con-almuerzo-y-traslado-incluidos-t990976/
Colombia;cartagena-de-indias-l362;1010103;Cartagena Day Pass En Isla Del Sol Hotel Wlunch;https://www.getyourguide.com/es-es/cartagena-de-indias-l362/cartagena-day-pass-en-isla-del-sol-hotel-wlunch-t1010103/
Colombia;bogota-l361;857984;Visita Compartida Al Centro Historico De Bogota La Candelaria;https://www.getyourguide.com/es-es/bogota-l361/visita-compartida-al-centro-historico-de-bogota-la-candelaria-t857984/
Colombia;bogota-l361;1032068;Bogota Tour Gastronomico Por Usaquen Con Cena Y Postre;https://www.getyourguide.com/es-es/bogota-l361/bogota-tour-gastronomico-por-usaquen-con-cena-y-postre-t1032068/
Colombia;cali-colombia-l1213;1050680;Cali Sendero De Montana Con Guia Y Recoleccion Ecologica;https://www.getyourguide.com/es-es/cali-colombia-l1213/cali-sendero-de-montana-con-guia-y-recoleccion-ecologica-t1050680/
Colombia;cartagena-de-indias-l362;922703;Desde Cartagena Tour De Dia Completo Por Las Islas Del Rosario Y Oceanario;https://www.getyourguide.com/es-es/cartagena-de-indias-l362/desde-cartagena-tour-de-dia-completo-por-las-islas-del-rosario-y-oceanario-t922703/
Colombia;san-gil-l148478;1101461;San Gil Tour A Parque Nacional De Chicamocha;https://www.getyourguide.com/es-es/san-gil-l148478/san-gil-tour-a-parque-nacional-de-chicamocha-t1101461/
Colombia;medellin-l1215;970202;Medellin Pasadia En Salto Del Buey Conexion Natural Con Cascadas Y Canopi;https://www.getyourguide.com/es-es/medellin-l1215/medellin-pasadia-en-salto-del-buey-conexion-natural-con-cascadas-y-canopi-t970202/
Colombia;cartagena-de-indias-l362;982261;Tour Por La Playa Del Mirador De Baru En Cartagena;https://www.getyourguide.com/es-es/cartagena-de-indias-l362/tour-por-la-playa-del-mirador-de-baru-en-cartagena-t982261/
Colombia;bogota-l361;1023675;Bogota Tour Brunch Por El Mercado De Paloquemao;https://www.getyourguide.com/es-es/bogota-l361/bogota-tour-brunch-por-el-mercado-de-paloquemao-t1023675/
Colombia;cartagena-de-indias-l362;1078117;Cartagena Degustacion De Cafe Y Paseo En Barco Al Atardecer Con Cocteles;https://www.getyourguide.com/es-es/cartagena-de-indias-l362/cartagena-degustacion-de-cafe-y-paseo-en-barco-al-atardecer-con-cocteles-t1078117/
Colombia;santa-marta-l32129;1079202;Entre Nubes Amanecer En Cerro Kennedy Pozo Azul Y Experiencia De Cacao;https://www.getyourguide.com/es-es/santa-marta-l32129/entre-nubes-amanecer-en-cerro-kennedy-pozo-azul-y-experiencia-de-cacao-t1079202/
Colombia;cartagena-de-indias-l362;1225778;Cartagena Combo Playa Blanca Tradicional Y Rumba En Chiva;https://www.getyourguide.com/es-es/cartagena-de-indias-l362/cartagena-combo-playa-blanca-tradicional-y-rumba-en-chiva-t1225778/
Colombia;santa-marta-l32129;1117288;Cartagena 4 Islas Esnorquel Y Almuerzo;https://www.getyourguide.com/es-es/santa-marta-l32129/cartagena-4-islas-esnorquel-y-almuerzo-t1117288/
Colombia;medellin-l1215;1119354;Un Viaje Gastronomico Por Medellin;https://www.getyourguide.com/es-es/medellin-l1215/un-viaje-gastronomico-por-medellin-t1119354/
Colombia;cartagena-de-indias-l362;472324;Baru Atardecer En Playa Visita A Plancton Bioluminiscense;https://www.getyourguide.com/es-es/cartagena-de-indias-l362/baru-atardecer-en-playa-visita-a-plancton-bioluminiscense-t472324/
Colombia;guatavita-l126403;1278336;En Un Solo Dia Visita La Casa Loca Pueblo Guatavita Parque Jaime Duque;https://www.getyourguide.com/es-es/guatavita-l126403/en-un-solo-dia-visita-la-casa-loca-pueblo-guatavita-parque-jaime-duque-t1278336/
Colombia;cali-colombia-l1213;497864;Cali Aeropuerto Alfonso Bonilla Aragon Traslado De Ida;https://www.getyourguide.com/es-es/cali-colombia-l1213/cali-aeropuerto-alfonso-bonilla-aragon-traslado-de-ida-t497864/
Colombia;medellin-l1215;1266306;Medellin Tour Nocturno Privado Con Vistas Cultura Y Musica;https://www.getyourguide.com/es-es/medellin-l1215/medellin-tour-nocturno-privado-con-vistas-cultura-y-musica-t1266306/
Colombia;medellin-l1215;684970;Medellin Tour De Pablo Escobar Historia Cerveza Y Entrada Al Museo;https://www.getyourguide.com/es-es/medellin-l1215/medellin-tour-de-pablo-escobar-historia-cerveza-y-entrada-al-museo-t684970/
Colombia;medellin-l1215;1280009;Bano Medicinal Y Energetico Al Aire Libre Experiencia Cerca De Medellin;https://www.getyourguide.com/es-es/medellin-l1215/bano-medicinal-y-energetico-al-aire-libre-experiencia-cerca-de-medellin-t1280009/
Colombia;bogota-l361;384372;Catedral De Sal De Zipaquira Con Transporte Y Entrada;https://www.getyourguide.com/es-es/bogota-l361/catedral-de-sal-de-zipaquira-con-transporte-y-entrada-t384372/
Colombia;medellin-l1215;403853;Medellin Visita Privada De Medio Dia A Ciudades Coloniales;https://www.getyourguide.com/es-es/medellin-l1215/medellin-visita-privada-de-medio-dia-a-ciudades-coloniales-t403853/
Colombia;santa-rosa-de-cabal-l136683;778099;Laguna Del Otun Expedicion 2 Dias;https://www.getyourguide.com/es-es/santa-rosa-de-cabal-l136683/laguna-del-otun-expedicion-2-dias-t778099/
Colombia;medellin-l1215;450941;Medellin Tour Privado De Pablo Escobar Cementerio Historia Verdadera;https://www.getyourguide.com/es-es/medellin-l1215/medellin-tour-privado-de-pablo-escobar-cementerio-historia-verdadera-t450941/
Colombia;manizales-l126418;1326617;Manizales Tours Cascada Del Rio Molinos;https://www.getyourguide.com/es-es/manizales-l126418/manizales-tours-cascada-del-rio-molinos-t1326617/
Colombia;medellin-l1215;827719;Tour A Pie Teleferico Y Degustacion De Frutas;https://www.getyourguide.com/es-es/medellin-l1215/tour-a-pie-teleferico-y-degustacion-de-frutas-t827719/
Colombia;medellin-l1215;537531;Tour En Quad Por Medellin Una Experiencia Inolvidable;https://www.getyourguide.com/es-es/medellin-l1215/tour-en-quad-por-medellin-una-experiencia-inolvidable-t537531/
Colombia;cartagena-de-indias-l362;561693;Excursion 5 Islas Snorkel Almuerzo Y Musica Cartagena;https://www.getyourguide.com/es-es/cartagena-de-indias-l362/excursion-5-islas-snorkel-almuerzo-y-musica-cartagena-t561693/
Colombia;bogota-l361;929579;Desde Bogota Excursion Al Parque Jaime Duque;https://www.getyourguide.com/es-es/bogota-l361/desde-bogota-excursion-al-parque-jaime-duque-t929579/
Colombia;san-andres-colombia-l180220;617997;Tour Privado De Lujo En Barco 6 En 1;https://www.getyourguide.com/es-es/san-andres-colombia-l180220/tour-privado-de-lujo-en-barco-6-en-1-t617997/
Colombia;san-agustin-colombia-l131748;629725;Traslado Al Aeropuerto Pitalito San Agustin O Viceversa;https://www.getyourguide.com/es-es/san-agustin-colombia-l131748/traslado-al-aeropuerto-pitalito-san-agustin-o-viceversa-t629725/
Colombia;bogota-l361;1033644;Stopover Bogota Pase Turistico;https://www.getyourguide.com/es-es/bogota-l361/stopover-bogota-pase-turistico-t1033644/
Colombia;cartagena-de-indias-l362;664005;Traslado Privado Del Aeropuerto De Cartagena Ctg Al Hotel;https://www.getyourguide.com/es-es/cartagena-de-indias-l362/traslado-privado-del-aeropuerto-de-cartagena-ctg-al-hotel-t664005/
Colombia;medellin-l1215;1062629;Comuna 13 Tour Desde Estacion Metro San Javier;https://www.getyourguide.com/es-es/medellin-l1215/comuna-13-tour-desde-estacion-metro-san-javier-t1062629/
Colombia;zipaquira-l131353;535148;Desde Bogota Visita A La Catedral De Sal En Grupo;https://www.getyourguide.com/es-es/zipaquira-l131353/desde-bogota-visita-a-la-catedral-de-sal-en-grupo-t535148/
Colombia;cartagena-de-indias-l362;766984;Tour Historico Y Cultural En Cartagena De Indias;https://www.getyourguide.com/es-es/cartagena-de-indias-l362/tour-historico-y-cultural-en-cartagena-de-indias-t766984/
Colombia;cartagena-de-indias-l362;564648;Cartagena Isla Baru Playa Blanca Con Almuerzo Todo Incluido;https://www.getyourguide.com/es-es/cartagena-de-indias-l362/cartagena-isla-baru-playa-blanca-con-almuerzo-todo-incluido-t564648/
Colombia;cartagena-de-indias-l362;792126;Cartagena Lancha Privada Para Islas Del Rosario Y Baru;https://www.getyourguide.com/es-es/cartagena-de-indias-l362/cartagena-lancha-privada-para-islas-del-rosario-y-baru-t792126/
Colombia;cartagena-de-indias-l362;593502;Cartatgena Volcan Del Totumo Almuerzo En Hotel Vip;https://www.getyourguide.com/es-es/cartagena-de-indias-l362/cartatgena-volcan-del-totumo-almuerzo-en-hotel-vip-t593502/
Colombia;baru-l120985;811855;4 Islas Desde Cartagena En Lancha Opcion De Plancton;https://www.getyourguide.com/es-es/baru-l120985/4-islas-desde-cartagena-en-lancha-opcion-de-plancton-t811855/
Colombia;cartagena-de-indias-l362;1147057;10 Sabores Colombianos En Clase De Cocina En Cartagena;https://www.getyourguide.com/es-es/cartagena-de-indias-l362/10-sabores-colombianos-en-clase-de-cocina-en-cartagena-t1147057/
Colombia;cartagena-de-indias-l362;640617;Cartagena Tour Por La Bahia Con Barra Libre Puesta De Sol Y Discoteca;https://www.getyourguide.com/es-es/cartagena-de-indias-l362/cartagena-tour-por-la-bahia-con-barra-libre-puesta-de-sol-y-discoteca-t640617/
Colombia;bogota-l361;679636;Bogota Caminata Guiada Por La Cascada De La Chorrera Y El Cerro De Guadalupe;https://www.getyourguide.com/es-es/bogota-l361/bogota-caminata-guiada-por-la-cascada-de-la-chorrera-y-el-cerro-de-guadalupe-t679636/
Colombia;bogota-l361;1210867;Bogota Relatos Del Panoptico Y Espiritus Del Museo De Historia Natural;https://www.getyourguide.com/es-es/bogota-l361/bogota-relatos-del-panoptico-y-espiritus-del-museo-de-historia-natural-t1210867/
Colombia;manizales-l126418;742933;Tour De La Ciudad De Manizales Con Teleferico Y Mirador De Chipre;https://www.getyourguide.com/es-es/manizales-l126418/tour-de-la-ciudad-de-manizales-con-teleferico-y-mirador-de-chipre-t742933/
Colombia;baru-l120985;812925;Cartagena Playa Blanca Baru En Lancha Rapida Con Almuerzo;https://www.getyourguide.com/es-es/baru-l120985/cartagena-playa-blanca-baru-en-lancha-rapida-con-almuerzo-t812925/
Colombia;medellin-l1215;1025541;Medellin Excursion En Bicicleta De Montana Con Almuerzo Y Servicio De Recogida;https://www.getyourguide.com/es-es/medellin-l1215/medellin-excursion-en-bicicleta-de-montana-con-almuerzo-y-servicio-de-recogida-t1025541/
Colombia;tabio-l252848;1059096;Senderismo Alienigena Juaica Desde Tabio Mitos Indigenas Ovnis Y Ovnis;https://www.getyourguide.com/es-es/tabio-l252848/senderismo-alienigena-juaica-desde-tabio-mitos-indigenas-ovnis-y-ovnis-t1059096/
Colombia;bogota-l361;1081731;Bogota Catedral De Zipaquira Y Taller De Tallado Tour Privado;https://www.getyourguide.com/es-es/bogota-l361/bogota-catedral-de-zipaquira-y-taller-de-tallado-tour-privado-t1081731/
Colombia;cartagena-de-indias-l362;1108502;City Tour En Carro Clasico Electrico En Cartagena;https://www.getyourguide.com/es-es/cartagena-de-indias-l362/city-tour-en-carro-clasico-electrico-en-cartagena-t1108502/
Colombia;buga-l185439;931288;Buga Chiva Tour Cultural Con Degustaciones;https://www.getyourguide.com/es-es/buga-l185439/buga-chiva-tour-cultural-con-degustaciones-t931288/
Colombia;quimbaya-l214816;1009206;Parque Los Arrieros Vive La Cultura Arriera En El Corazon Del Quindio;https://www.getyourguide.com/es-es/quimbaya-l214816/parque-los-arrieros-vive-la-cultura-arriera-en-el-corazon-del-quindio-t1009206/
Colombia;cartagena-de-indias-l362;1049295;Aventura En Cuatrimotos En Cartagena;https://www.getyourguide.com/es-es/cartagena-de-indias-l362/aventura-en-cuatrimotos-en-cartagena-t1049295/
Colombia;guatape-l114702;1106039;Tour En Barco Por El Embalse Con Guia En Guatape;https://www.getyourguide.com/es-es/guatape-l114702/tour-en-barco-por-el-embalse-con-guia-en-guatape-t1106039/
Colombia;medellin-l1215;1224835;Visita Acompanada A La Comuna 13;https://www.getyourguide.com/es-es/medellin-l1215/visita-acompanada-a-la-comuna-13-t1224835/
Colombia;medellin-l1215;419797;Medellin Experiencia Deportiva Privada En El Tajo Con Traslado Y Cerveza;https://www.getyourguide.com/es-es/medellin-l1215/medellin-experiencia-deportiva-privada-en-el-tajo-con-traslado-y-cerveza-t419797/
Colombia;salento-colombia-l32675;1117268;Entre Montanas Y Rocio Valle De Cocora Y Cascada Santa Rita;https://www.getyourguide.com/es-es/salento-colombia-l32675/entre-montanas-y-rocio-valle-de-cocora-y-cascada-santa-rita-t1117268/
Colombia;cali-colombia-l1213;1119040;Cali Pasadia Termales De Santa Rosa De Cabal Saliendo Desde Cali;https://www.getyourguide.com/es-es/cali-colombia-l1213/cali-pasadia-termales-de-santa-rosa-de-cabal-saliendo-desde-cali-t1119040/
Colombia;medellin-l1215;1123416;Medellin Tour En Cuatrimoto Atv Por Montanas Y Cascada;https://www.getyourguide.com/es-es/medellin-l1215/medellin-tour-en-cuatrimoto-atv-por-montanas-y-cascada-t1123416/
Colombia;cartagena-de-indias-l362;1130162;Pasadia Pao Pao En Islas Del Rosario;https://www.getyourguide.com/es-es/cartagena-de-indias-l362/pasadia-pao-pao-en-islas-del-rosario-t1130162/
Colombia;popayan-l126433;498458;Popayan Maravillas Gastronomicas De La Ciudad Blanca;https://www.getyourguide.com/es-es/popayan-l126433/popayan-maravillas-gastronomicas-de-la-ciudad-blanca-t498458/
Colombia;santa-marta-l32129;1214222;Parque Tayrona Atv Tours En Buggies Of Santa Marta Playa Cristal;https://www.getyourguide.com/es-es/santa-marta-l32129/parque-tayrona-atv-tours-en-buggies-of-santa-marta-playa-cristal-t1214222/
Colombia;guatape-l114702;661979;Tour Del Cafe Mas Completo En Una Granja Familiar Local;https://www.getyourguide.com/es-es/guatape-l114702/tour-del-cafe-mas-completo-en-una-granja-familiar-local-t661979/
Colombia;medellin-l1215;709924;Comuna 13 De Medellin Arte Guerra Amor Odio Y Resiliencia;https://www.getyourguide.com/es-es/medellin-l1215/comuna-13-de-medellin-arte-guerra-amor-odio-y-resiliencia-t709924/
Colombia;medellin-l1215;722308;Avistamiento De Aves Todo Incluido Desde Medellin;https://www.getyourguide.com/es-es/medellin-l1215/avistamiento-de-aves-todo-incluido-desde-medellin-t722308/
Colombia;medellin-l1215;295225;Medellin Recorrido Por El Verdadero Pablo Escobar;https://www.getyourguide.com/es-es/medellin-l1215/medellin-recorrido-por-el-verdadero-pablo-escobar-t295225/
Colombia;medellin-l1215;296410;Medellin Autentica Cabalgata Colombiana;https://www.getyourguide.com/es-es/medellin-l1215/medellin-autentica-cabalgata-colombiana-t296410/
Colombia;medellin-l1215;1286825;Medellin Taller De Joyeria Con Cafe Y Recogida En El Hotel;https://www.getyourguide.com/es-es/medellin-l1215/medellin-taller-de-joyeria-con-cafe-y-recogida-en-el-hotel-t1286825/
Colombia;guatape-l114702;768357;Tour Privado A Guatape En Helicoptero Desde Medellin;https://www.getyourguide.com/es-es/guatape-l114702/tour-privado-a-guatape-en-helicoptero-desde-medellin-t768357/
Colombia;medellin-l1215;1295747;Tour Vip A Santa Fe De Antioquia Historia Colonial Y Recorrido De Lujo;https://www.getyourguide.com/es-es/medellin-l1215/tour-vip-a-santa-fe-de-antioquia-historia-colonial-y-recorrido-de-lujo-t1295747/
Colombia;bogota-l361;786620;Bogota Tour De La Ciudad Monserrate Museo De La Esmeralda Y El Oro Mas;https://www.getyourguide.com/es-es/bogota-l361/bogota-tour-de-la-ciudad-monserrate-museo-de-la-esmeralda-y-el-oro-mas-t786620/
Colombia;medellin-l1215;824812;Desde Medellin La Tirolina Mas Alta Y Las Cascadas;https://www.getyourguide.com/es-es/medellin-l1215/desde-medellin-la-tirolina-mas-alta-y-las-cascadas-t824812/
Colombia;cartagena-de-indias-l362;431030;Cartagena Excursion Privada De Observacion De Aves Con Desayuno;https://www.getyourguide.com/es-es/cartagena-de-indias-l362/cartagena-excursion-privada-de-observacion-de-aves-con-desayuno-t431030/
Colombia;pereira-l32650;448377;Excursion De Un Dia A Caballo Por El Valle Del Cocora Y Salento;https://www.getyourguide.com/es-es/pereira-l32650/excursion-de-un-dia-a-caballo-por-el-valle-del-cocora-y-salento-t448377/
Colombia;medellin-l1215;490762;Wakeboard En Guatape;https://www.getyourguide.com/es-es/medellin-l1215/wakeboard-en-guatape-t490762/
Colombia;cartagena-de-indias-l362;161622;Islas Del Rosario Tour Privado En Lancha Rapida Desde Cartagena;https://www.getyourguide.com/es-es/cartagena-de-indias-l362/islas-del-rosario-tour-privado-en-lancha-rapida-desde-cartagena-t161622/
Colombia;cartagena-de-indias-l362;518625;Experiencia De Helado De Paila Ancestral Actividad Cultural;https://www.getyourguide.com/es-es/cartagena-de-indias-l362/experiencia-de-helado-de-paila-ancestral-actividad-cultural-t518625/
Colombia;bogota-l361;929570;Desde Bogota Excursion A La Laguna De Guatavita Y Al Museo De La Casa De Los Locos;https://www.getyourguide.com/es-es/bogota-l361/desde-bogota-excursion-a-la-laguna-de-guatavita-y-al-museo-de-la-casa-de-los-locos-t929570/
Colombia;cartagena-de-indias-l362;526954;Playa De La Libertad Con Manglar Y Snorkel;https://www.getyourguide.com/es-es/cartagena-de-indias-l362/playa-de-la-libertad-con-manglar-y-snorkel-t526954/
Colombia;zipaquira-l131353;350911;Zipaquira Visita Privada A Pie Y A La Mina De Sal De La Catedral;https://www.getyourguide.com/es-es/zipaquira-l131353/zipaquira-visita-privada-a-pie-y-a-la-mina-de-sal-de-la-catedral-t350911/
Colombia;barichara-l209940;964226;Experiencia De Tabaco En Barichara Torcido Degustacion Tradicion Local;https://www.getyourguide.com/es-es/barichara-l209940/experiencia-de-tabaco-en-barichara-torcido-degustacion-tradicion-local-t964226/
Colombia;neiva-l153229;569435;Neiva Traslado Al Aeropuerto Benito Salas De Ida;https://www.getyourguide.com/es-es/neiva-l153229/neiva-traslado-al-aeropuerto-benito-salas-de-ida-t569435/
Colombia;cartagena-de-indias-l362;419520;Cartagena Recorrido A Pie Compartido Por La Ciudad Amurallada Y Getsemani;https://www.getyourguide.com/es-es/cartagena-de-indias-l362/cartagena-recorrido-a-pie-compartido-por-la-ciudad-amurallada-y-getsemani-t419520/
Colombia;bogota-l361;1025364;Bogota Tour A Pie Por El Cafe Y El Chocolate Con Degustaciones;https://www.getyourguide.com/es-es/bogota-l361/bogota-tour-a-pie-por-el-cafe-y-el-chocolate-con-degustaciones-t1025364/
Colombia;bucaramanga-l153985;640403;Bucaramanga Desde O Hacia Barichara Traslado Privado;https://www.getyourguide.com/es-es/bucaramanga-l153985/bucaramanga-desde-o-hacia-barichara-traslado-privado-t640403/
Colombia;medellin-l1215;1044943;Tour Urbano De Medellin Cerros Historia Barrios Y Resiliencia;https://www.getyourguide.com/es-es/medellin-l1215/tour-urbano-de-medellin-cerros-historia-barrios-y-resiliencia-t1044943/
Colombia;guatavita-l126403;648092;Desde Bogota Penas De Guatavita Y Suesca;https://www.getyourguide.com/es-es/guatavita-l126403/desde-bogota-penas-de-guatavita-y-suesca-t648092/
Colombia;cartagena-de-indias-l362;504123;Volcan Del Totumo Playa Piscina;https://www.getyourguide.com/es-es/cartagena-de-indias-l362/volcan-del-totumo-playa-piscina-t504123/
Colombia;minca-l176223;1114639;Minca Bano De Sonido Y Jacuzzi;https://www.getyourguide.com/es-es/minca-l176223/minca-bano-de-sonido-y-jacuzzi-t1114639/
Colombia;cartagena-de-indias-l362;1172137;Visita Manglares Manzanillo Mini Clase De Pesca Artesanal Club De Playa;https://www.getyourguide.com/es-es/cartagena-de-indias-l362/visita-manglares-manzanillo-mini-clase-de-pesca-artesanal-club-de-playa-t1172137/
Colombia;cartagena-de-indias-l362;826002;Tour Vip 5 Islas Del Rosario Desde Cartagena Una Aventura Inolvidable;https://www.getyourguide.com/es-es/cartagena-de-indias-l362/tour-vip-5-islas-del-rosario-desde-cartagena-una-aventura-inolvidable-t826002/
Colombia;santa-marta-l32129;828471;Santa Marta Tour A Playa Inca Inca Con Almuerzo;https://www.getyourguide.com/es-es/santa-marta-l32129/santa-marta-tour-a-playa-inca-inca-con-almuerzo-t828471/
Colombia;medellin-l1215;761549;Medellin Tour De La Ciudad Privado Y En Grupo Con Guia;https://www.getyourguide.com/es-es/medellin-l1215/medellin-tour-de-la-ciudad-privado-y-en-grupo-con-guia-t761549/
Colombia;envigado-l145246;932981;Medellin Tour Privado De La Fonda Con Recogida En El Hotel;https://www.getyourguide.com/es-es/envigado-l145246/medellin-tour-privado-de-la-fonda-con-recogida-en-el-hotel-t932981/
Colombia;medellin-l1215;1260620;Medellin En Movimiento Metro Cable Comuna 13 Con Historias Y Snack;https://www.getyourguide.com/es-es/medellin-l1215/medellin-en-movimiento-metro-cable-comuna-13-con-historias-y-snack-t1260620/
Colombia;santa-marta-l32129;963023;Santa Marta Aventura En Taganga Full Day;https://www.getyourguide.com/es-es/santa-marta-l32129/santa-marta-aventura-en-taganga-full-day-t963023/
Colombia;cartagena-de-indias-l362;800874;Fiesta De Noche Blanca En Barco Cena Buffet Bailes Y Barra Libre;https://www.getyourguide.com/es-es/cartagena-de-indias-l362/fiesta-de-noche-blanca-en-barco-cena-buffet-bailes-y-barra-libre-t800874/
Colombia;cisneros-l213872;982408;Ruta De Los 7 Charcos A 1 Hora De Medellin;https://www.getyourguide.com/es-es/cisneros-l213872/ruta-de-los-7-charcos-a-1-hora-de-medellin-t982408/
Colombia;baru-l120985;852216;Cartagena Excursion Baru Aviario No Incluye Entrada Almuerzo;https://www.getyourguide.com/es-es/baru-l120985/cartagena-excursion-baru-aviario-no-incluye-entrada-almuerzo-t852216/
Colombia;villa-de-leyva-l2951;1076692;Villa De Leyva Tour Guiado A Raquira Con Almuerzo Incluido;https://www.getyourguide.com/es-es/villa-de-leyva-l2951/villa-de-leyva-tour-guiado-a-raquira-con-almuerzo-incluido-t1076692/
Colombia;medellin-l1215;51664;Excursion De Un Dia A La Plantacion De Cafe Jardin;https://www.getyourguide.com/es-es/medellin-l1215/excursion-de-un-dia-a-la-plantacion-de-cafe-jardin-t51664/
Colombia;barichara-l209940;900170;Tour Patrimonial Barichara Historia Cultura Tradiciones Y Arquitectura;https://www.getyourguide.com/es-es/barichara-l209940/tour-patrimonial-barichara-historia-cultura-tradiciones-y-arquitectura-t900170/
Colombia;bogota-l361;957961;Bogota Cabalgata Aventura En Las Montanas;https://www.getyourguide.com/es-es/bogota-l361/bogota-cabalgata-aventura-en-las-montanas-t957961/
Colombia;medellin-l1215;968669;Medellin Recorrido En Metro Y Metro Cable;https://www.getyourguide.com/es-es/medellin-l1215/medellin-recorrido-en-metro-y-metro-cable-t968669/
Colombia;barichara-l209940;998826;Barichara Pintura Con Tierra De Colores Mediano Y Grande;https://www.getyourguide.com/es-es/barichara-l209940/barichara-pintura-con-tierra-de-colores-mediano-y-grande-t998826/
Colombia;pereira-l32650;1005916;Pereira Tour Del Cafe En Grisales Una Experiencia Sensorial Inmersiva;https://www.getyourguide.com/es-es/pereira-l32650/pereira-tour-del-cafe-en-grisales-una-experiencia-sensorial-inmersiva-t1005916/
Colombia;barichara-l209940;1018394;Cabalgata En Barichara Un Viaje A Caballo Por Lugares Historicos;https://www.getyourguide.com/es-es/barichara-l209940/cabalgata-en-barichara-un-viaje-a-caballo-por-lugares-historicos-t1018394/
Colombia;bogota-l361;1036171;Bogota Tour Gastronomico Por La Zona G Con Panaderia Cafe Y Alta Cocina;https://www.getyourguide.com/es-es/bogota-l361/bogota-tour-gastronomico-por-la-zona-g-con-panaderia-cafe-y-alta-cocina-t1036171/
Colombia;palomino-l183586;435175;Excursion En Paddle Board Por El Rio Palomino;https://www.getyourguide.com/es-es/palomino-l183586/excursion-en-paddle-board-por-el-rio-palomino-t435175/
Colombia;santa-marta-l32129;1217839;Tayrona Snorkel En El Caribe Con Guia;https://www.getyourguide.com/es-es/santa-marta-l32129/tayrona-snorkel-en-el-caribe-con-guia-t1217839/
Colombia;bogota-l361;1242638;Bogota Juego De Tejo Y Degustacion Al Estilo De Anthony Bourdain;https://www.getyourguide.com/es-es/bogota-l361/bogota-juego-de-tejo-y-degustacion-al-estilo-de-anthony-bourdain-t1242638/
Colombia;cartagena-de-indias-l362;550440;Cartagena Excursion En Canoa Por Los Manglares Y Visita A La Comunidad Con Pesca;https://www.getyourguide.com/es-es/cartagena-de-indias-l362/cartagena-excursion-en-canoa-por-los-manglares-y-visita-a-la-comunidad-con-pesca-t550440/
Colombia;cali-colombia-l1213;1154966;Cali Excursion Todo Incluido Al Danubio Y El Oasis La Sirena;https://www.getyourguide.com/es-es/cali-colombia-l1213/cali-excursion-todo-incluido-al-danubio-y-el-oasis-la-sirena-t1154966/
Colombia;rionegro-l4649;664000;Atv Cuatrimoto Medellin Rionegro;https://www.getyourguide.com/es-es/rionegro-l4649/atv-cuatrimoto-medellin-rionegro-t664000/
Colombia;cartagena-de-indias-l362;669079;Cartagena Snorkel En Isla Mapache Manglar Fotos Y Almuerzo;https://www.getyourguide.com/es-es/cartagena-de-indias-l362/cartagena-snorkel-en-isla-mapache-manglar-fotos-y-almuerzo-t669079/
Colombia;medellin-l1215;1232209;Medellin Visita Al Jardin Botanico Y La Comuna 13 Relajacion Y Arte;https://www.getyourguide.com/es-es/medellin-l1215/medellin-visita-al-jardin-botanico-y-la-comuna-13-relajacion-y-arte-t1232209/
Colombia;baru-l120985;775523;Cartagena Tour Vip A Playa Tranquila Con Snorkel Y Almuerzo;https://www.getyourguide.com/es-es/baru-l120985/cartagena-tour-vip-a-playa-tranquila-con-snorkel-y-almuerzo-t775523/
Colombia;cartagena-de-indias-l362;793262;Cartagena Desde O Hacia Baru Traslado Privado;https://www.getyourguide.com/es-es/cartagena-de-indias-l362/cartagena-desde-o-hacia-baru-traslado-privado-t793262/
Colombia;cartagena-de-indias-l362;366725;Cartagena A Caballo En La Playa Y Cultura Equina Colombiana;https://www.getyourguide.com/es-es/cartagena-de-indias-l362/cartagena-a-caballo-en-la-playa-y-cultura-equina-colombiana-t366725/
Colombia;salento-colombia-l32675;831243;Desde Salento Recorrido Compartido Por El Valle Del Cocora;https://www.getyourguide.com/es-es/salento-colombia-l32675/desde-salento-recorrido-compartido-por-el-valle-del-cocora-t831243/
Colombia;pasto-l101982;845374;Pasadia Santuario De Las Lajas;https://www.getyourguide.com/es-es/pasto-l101982/pasadia-santuario-de-las-lajas-t845374/
Colombia;mayapo-l233640;853506;Mayapo Guajira Clase De Kitesurf Con Equipo;https://www.getyourguide.com/es-es/mayapo-l233640/mayapo-guajira-clase-de-kitesurf-con-equipo-t853506/
Colombia;medellin-l1215;871951;Medellin Arboletes Antioquia Traslado En Van;https://www.getyourguide.com/es-es/medellin-l1215/medellin-arboletes-antioquia-traslado-en-van-t871951/
Colombia;cartagena-de-indias-l362;440644;Comida Callejera Compartida;https://www.getyourguide.com/es-es/cartagena-de-indias-l362/comida-callejera-compartida-t440644/
Colombia;palomino-l183586;458243;Palomino Colombia Excursion A Caballo Por La Playa;https://www.getyourguide.com/es-es/palomino-l183586/palomino-colombia-excursion-a-caballo-por-la-playa-t458243/
Colombia;cartagena-de-indias-l362;1033016;Sabores De Cartagena 34 Sabores De La Costa Colombiana;https://www.getyourguide.com/es-es/cartagena-de-indias-l362/sabores-de-cartagena-34-sabores-de-la-costa-colombiana-t1033016/
Colombia;santa-marta-l32129;1036983;Santa Marta Aventura De Tubing En El Rio Con Guia;https://www.getyourguide.com/es-es/santa-marta-l32129/santa-marta-aventura-de-tubing-en-el-rio-con-guia-t1036983/
Colombia;cartagena-de-indias-l362;1050056;Un Recorrido Extraordinario Y Autentico Por Cartagena De Indias Colombia;https://www.getyourguide.com/es-es/cartagena-de-indias-l362/un-recorrido-extraordinario-y-autentico-por-cartagena-de-indias-colombia-t1050056/
Colombia;cartagena-de-indias-l362;1063668;Experiencia Con Chef Privado Con El Chef Andres En Cartagena;https://www.getyourguide.com/es-es/cartagena-de-indias-l362/experiencia-con-chef-privado-con-el-chef-andres-en-cartagena-t1063668/
Colombia;cartagena-de-indias-l362;640466;Cartagena Traslado Desde El Aeropuerto Hoteles En Marbella;https://www.getyourguide.com/es-es/cartagena-de-indias-l362/cartagena-traslado-desde-el-aeropuerto-hoteles-en-marbella-t640466/
Colombia;cali-colombia-l1213;435891;Cali Atv Tour Aventura Y Diversion Extrema;https://www.getyourguide.com/es-es/cali-colombia-l1213/cali-atv-tour-aventura-y-diversion-extrema-t435891/
Colombia;cartagena-de-indias-l362;686977;Cholon La Mejor Isla De Fiesta;https://www.getyourguide.com/es-es/cartagena-de-indias-l362/cholon-la-mejor-isla-de-fiesta-t686977/
Colombia;santa-marta-l32129;1224927;Santa Marta Tour Bunkuany De 2 Dias;https://www.getyourguide.com/es-es/santa-marta-l32129/santa-marta-tour-bunkuany-de-2-dias-t1224927/
Colombia;cartagena-de-indias-l362;637474;Cartagena Excursion De Un Dia A La Playa De Cristal Con Coctel Y Almuerzo;https://www.getyourguide.com/es-es/cartagena-de-indias-l362/cartagena-excursion-de-un-dia-a-la-playa-de-cristal-con-coctel-y-almuerzo-t637474/
Colombia;bogota-l361;647618;Bogota Tour Laguna De Guatavita Pueblo Casa Loca;https://www.getyourguide.com/es-es/bogota-l361/bogota-tour-laguna-de-guatavita-pueblo-casa-loca-t647618/
Colombia;bogota-l361;1253323;Desde Bogota Tour De 4 Dias Por Boyaca Con Aguas Termales Y Lago De Tota;https://www.getyourguide.com/es-es/bogota-l361/desde-bogota-tour-de-4-dias-por-boyaca-con-aguas-termales-y-lago-de-tota-t1253323/
Colombia;medellin-l1215;873224;Medellin Chiva Rumbera De Fiesta;https://www.getyourguide.com/es-es/medellin-l1215/medellin-chiva-rumbera-de-fiesta-t873224/
Colombia;cartagena-de-indias-l362;763503;Cartagena Coolbeach Excursion De Un Dia En Tierra Bomba;https://www.getyourguide.com/es-es/cartagena-de-indias-l362/cartagena-coolbeach-excursion-de-un-dia-en-tierra-bomba-t763503/
Colombia;santa-marta-l32129;776849;Parque Tayrona Playa Cristal;https://www.getyourguide.com/es-es/santa-marta-l32129/parque-tayrona-playa-cristal-t776849/
Colombia;cartagena-de-indias-l362;1003838;Cartagena Tierra Bomba En Atolon Beach Club;https://www.getyourguide.com/es-es/cartagena-de-indias-l362/cartagena-tierra-bomba-en-atolon-beach-club-t1003838/
Colombia;medellin-l1215;51505;Tour Privado El Arte Callejero De Medellin;https://www.getyourguide.com/es-es/medellin-l1215/tour-privado-el-arte-callejero-de-medellin-t51505/
Colombia;guatape-l114702;1010092;Tour A Guatape Alto Del Chocho Piedra Del Penol Almuerzo Y Mucho Mas;https://www.getyourguide.com/es-es/guatape-l114702/tour-a-guatape-alto-del-chocho-piedra-del-penol-almuerzo-y-mucho-mas-t1010092/
Colombia;medellin-l1215;859681;Medellin Visita Los Tejados De El Poblado Con Instantaneas;https://www.getyourguide.com/es-es/medellin-l1215/medellin-visita-los-tejados-de-el-poblado-con-instantaneas-t859681/
Colombia;medellin-l1215;877106;Medellin Tour De La Ciudad En Metro Y Metrocable;https://www.getyourguide.com/es-es/medellin-l1215/medellin-tour-de-la-ciudad-en-metro-y-metrocable-t877106/
Colombia;nuqui-l215304;1090474;Nuqui Tour Por El Patrimonio Historico Natural Y Cultural;https://www.getyourguide.com/es-es/nuqui-l215304/nuqui-tour-por-el-patrimonio-historico-natural-y-cultural-t1090474/
Colombia;bogota-l361;408142;Taller De Chocolate Colombiano En Bogota;https://www.getyourguide.com/es-es/bogota-l361/taller-de-chocolate-colombiano-en-bogota-t408142/
Colombia;jardin-l147774;933841;Desde Medellin Excursion De 2 Dias Al Cafe De Jerico;https://www.getyourguide.com/es-es/jardin-l147774/desde-medellin-excursion-de-2-dias-al-cafe-de-jerico-t933841/
Colombia;bogota-l361;954368;Bogota Cerveza Artesana Y Tour Gastro Con Aperitivos Locales;https://www.getyourguide.com/es-es/bogota-l361/bogota-cerveza-artesana-y-tour-gastro-con-aperitivos-locales-t954368/
Colombia;san-agustin-colombia-l131748;1138815;De San Agustin A Popayan Tour Privado De 4 Dias Cafe Y Pueblos;https://www.getyourguide.com/es-es/san-agustin-colombia-l131748/de-san-agustin-a-popayan-tour-privado-de-4-dias-cafe-y-pueblos-t1138815/
Colombia;salento-colombia-l32675;974377;Salento Tour En Moto A La Reserva La Carbonera Con Desayuno;https://www.getyourguide.com/es-es/salento-colombia-l32675/salento-tour-en-moto-a-la-reserva-la-carbonera-con-desayuno-t974377/
Colombia;zipaquira-l131353;1176068;Catedral De Sal En Zipaquira Parrillada;https://www.getyourguide.com/es-es/zipaquira-l131353/catedral-de-sal-en-zipaquira-parrillada-t1176068/
Colombia;medellin-l1215;1232580;Medellin Tour Guiado De Fiesta En Chiva Con Barra Libre;https://www.getyourguide.com/es-es/medellin-l1215/medellin-tour-guiado-de-fiesta-en-chiva-con-barra-libre-t1232580/
Colombia;leticia-l176618;594930;Traslado De Llegada O Salida De Leticia Alfredo Vasquez Cobo;https://www.getyourguide.com/es-es/leticia-l176618/traslado-de-llegada-o-salida-de-leticia-alfredo-vasquez-cobo-t594930/
Colombia;san-agustin-colombia-l131748;640326;San Agustin Y Desierto De Tatacoa 4 Dias 3 Noches;https://www.getyourguide.com/es-es/san-agustin-colombia-l131748/san-agustin-y-desierto-de-tatacoa-4-dias-3-noches-t640326/
Colombia;medellin-l1215;1291878;Medellin Tour Vip Degustacion De Frutas Taller De Chocolate;https://www.getyourguide.com/es-es/medellin-l1215/medellin-tour-vip-degustacion-de-frutas-taller-de-chocolate-t1291878/
Colombia;manizales-l126418;1322770;Manizales Tour Cafetero Una Inmersion En La Tradicion Campesina;https://www.getyourguide.com/es-es/manizales-l126418/manizales-tour-cafetero-una-inmersion-en-la-tradicion-campesina-t1322770/
Colombia;chia-colombia-l165387;721081;Bogota Y Chia Centro Historico Y Andres Carne De Res;https://www.getyourguide.com/es-es/chia-colombia-l165387/bogota-y-chia-centro-historico-y-andres-carne-de-res-t721081/
Colombia;medellin-l1215;761579;Medellin Aventura Guiada En Quad Por El Campo;https://www.getyourguide.com/es-es/medellin-l1215/medellin-aventura-guiada-en-quad-por-el-campo-t761579/
Colombia;medellin-l1215;351651;Desde Medellin Tour Privado De La Historia De Pablo Escobar;https://www.getyourguide.com/es-es/medellin-l1215/desde-medellin-tour-privado-de-la-historia-de-pablo-escobar-t351651/
Colombia;cartagena-de-indias-l362;850989;Cartagena Fullday En Lancha A Baru Almuerzo Parasol Manglares Mapache;https://www.getyourguide.com/es-es/cartagena-de-indias-l362/cartagena-fullday-en-lancha-a-baru-almuerzo-parasol-manglares-mapache-t850989/
Colombia;cali-colombia-l1213;857030;Tour Compartido Experiencia De Salsa Graffiti Y Resistencia En Cali;https://www.getyourguide.com/es-es/cali-colombia-l1213/tour-compartido-experiencia-de-salsa-graffiti-y-resistencia-en-cali-t857030/
Colombia;medellin-l1215;927396;Medellin En Helicoptero;https://www.getyourguide.com/es-es/medellin-l1215/medellin-en-helicoptero-t927396/
Colombia;cartagena-de-indias-l362;960254;Aventura Azul;https://www.getyourguide.com/es-es/cartagena-de-indias-l362/aventura-azul-t960254/
Colombia;medellin-l1215;201046;Vuela En Parapente Por Los Andes Desde Medellin;https://www.getyourguide.com/es-es/medellin-l1215/vuela-en-parapente-por-los-andes-desde-medellin-t201046/
Colombia;cartagena-de-indias-l362;1008448;Cartagena Islas Del Rosario Con Oceanario En San Pedro De Majagua;https://www.getyourguide.com/es-es/cartagena-de-indias-l362/cartagena-islas-del-rosario-con-oceanario-en-san-pedro-de-majagua-t1008448/
Colombia;cartagena-de-indias-l362;520253;Cartagena Visita Privada A La Ciudad;https://www.getyourguide.com/es-es/cartagena-de-indias-l362/cartagena-visita-privada-a-la-ciudad-t520253/
Colombia;palomino-l183586;449048;Palomino Tour Privado A La Aldea Indigena Tungueka;https://www.getyourguide.com/es-es/palomino-l183586/palomino-tour-privado-a-la-aldea-indigena-tungueka-t449048/
Colombia;bogota-l361;454970;Tour Lago De Guatavita Catedral De Sal De Zipaquira;https://www.getyourguide.com/es-es/bogota-l361/tour-lago-de-guatavita-catedral-de-sal-de-zipaquira-t454970/
Colombia;medellin-l1215;1112849;Medellin Paseo A Caballo Glamping Y Estancia En Una Finca Con Vistas De 360Deg;https://www.getyourguide.com/es-es/medellin-l1215/medellin-paseo-a-caballo-glamping-y-estancia-en-una-finca-con-vistas-de-360deg-t1112849/
Colombia;manizales-l126418;1123510;Manizales Valle De La Samaria Saliendo Desde Manizales;https://www.getyourguide.com/es-es/manizales-l126418/manizales-valle-de-la-samaria-saliendo-desde-manizales-t1123510/
Colombia;cali-colombia-l1213;659905;Cali Excursion De Fotografia Y Observacion De Colibries;https://www.getyourguide.com/es-es/cali-colombia-l1213/cali-excursion-de-fotografia-y-observacion-de-colibries-t659905/
Colombia;cali-colombia-l1213;1139954;Fiesta En La Calle Y Party Bus;https://www.getyourguide.com/es-es/cali-colombia-l1213/fiesta-en-la-calle-y-party-bus-t1139954/
Colombia;medellin-l1215;528254;Tour Medellin Pablo Escobar Y Comuna 13;https://www.getyourguide.com/es-es/medellin-l1215/tour-medellin-pablo-escobar-y-comuna-13-t528254/
Colombia;bogota-l361;758687;Guatavita Tour A La Laguna De Guatavita El Pueblo Y Casa Loca;https://www.getyourguide.com/es-es/bogota-l361/guatavita-tour-a-la-laguna-de-guatavita-el-pueblo-y-casa-loca-t758687/
Colombia;cartagena-de-indias-l362;790760;Cartagena Explora Con Un City Tour Abordo De Una Chiva Tipica;https://www.getyourguide.com/es-es/cartagena-de-indias-l362/cartagena-explora-con-un-city-tour-abordo-de-una-chiva-tipica-t790760/
Colombia;salento-colombia-l32675;1192067;Salento Tour En Bici Por Una Plantacion De Cafe Con Aperitivos Y Bebidas;https://www.getyourguide.com/es-es/salento-colombia-l32675/salento-tour-en-bici-por-una-plantacion-de-cafe-con-aperitivos-y-bebidas-t1192067/
Colombia;baru-l120985;1192865;Cartagena Tour Historico Y Ecologico De Baru;https://www.getyourguide.com/es-es/baru-l120985/cartagena-tour-historico-y-ecologico-de-baru-t1192865/
Colombia;cartagena-de-indias-l362;1195437;Cartagena Tour Rumbero Vip Isla Cholon Con Barra Libre;https://www.getyourguide.com/es-es/cartagena-de-indias-l362/cartagena-tour-rumbero-vip-isla-cholon-con-barra-libre-t1195437/
Colombia;bogota-l361;820732;Bogota Tour Nocturno En Bogota Express;https://www.getyourguide.com/es-es/bogota-l361/bogota-tour-nocturno-en-bogota-express-t820732/
Colombia;cartagena-de-indias-l362;834089;Cartagena Excursion Al Parque Nacional De La Pajarera Con Servicio De Recogida Del Hotel;https://www.getyourguide.com/es-es/cartagena-de-indias-l362/cartagena-excursion-al-parque-nacional-de-la-pajarera-con-servicio-de-recogida-del-hotel-t834089/
Colombia;cartagena-de-indias-l362;656283;Cartagena Paseo En Bici Con Almuerzo En El Lugar Favorito De Bourdain;https://www.getyourguide.com/es-es/cartagena-de-indias-l362/cartagena-paseo-en-bici-con-almuerzo-en-el-lugar-favorito-de-bourdain-t656283/
Colombia;medellin-l1215;891769;Medellin Explora El Centro Y Vive La Autentica Experiencia De La Ciudad;https://www.getyourguide.com/es-es/medellin-l1215/medellin-explora-el-centro-y-vive-la-autentica-experiencia-de-la-ciudad-t891769/
Colombia;pereira-l32650;766844;Traslado De Llegada O Salida Aeropuerto Internacional El Eden;https://www.getyourguide.com/es-es/pereira-l32650/traslado-de-llegada-o-salida-aeropuerto-internacional-el-eden-t766844/
Colombia;bogota-l361;769723;Desde Bogota Tour A La Chorrera La Cascada Mas Alta De Colombia;https://www.getyourguide.com/es-es/bogota-l361/desde-bogota-tour-a-la-chorrera-la-cascada-mas-alta-de-colombia-t769723/
Colombia;medellin-l1215;1063716;Medellin Tour De Pablo Escobar Con Museo Y Cerveza;https://www.getyourguide.com/es-es/medellin-l1215/medellin-tour-de-pablo-escobar-con-museo-y-cerveza-t1063716/
Colombia;nuqui-l215304;1076833;Nuqui Y Pangui Senderismo Rio Playas E Historia Local;https://www.getyourguide.com/es-es/nuqui-l215304/nuqui-y-pangui-senderismo-rio-playas-e-historia-local-t1076833/
Colombia;bogota-l361;1092494;Full Day Casa Loca Guatavita Catedral De Sal Andres Carne De Res;https://www.getyourguide.com/es-es/bogota-l361/full-day-casa-loca-guatavita-catedral-de-sal-andres-carne-de-res-t1092494/
Colombia;medellin-l1215;933835;Desde Medellin Ruta Colonial Del Cafe 3 Dias;https://www.getyourguide.com/es-es/medellin-l1215/desde-medellin-ruta-colonial-del-cafe-3-dias-t933835/
Colombia;bogota-l361;1117277;Bogota City Tour Panoramico Cultural Gabriel Garcia Marquez Museos;https://www.getyourguide.com/es-es/bogota-l361/bogota-city-tour-panoramico-cultural-gabriel-garcia-marquez-museos-t1117277/
Colombia;cartagena-de-indias-l362;1028866;Cartagena Horseback Riding On The Beach;https://www.getyourguide.com/es-es/cartagena-de-indias-l362/cartagena-horseback-riding-on-the-beach-t1028866/
Colombia;bogota-l361;1031170;Bogota Tour Privado A La Chorrera La Cascada Mas Alta De Colombia;https://www.getyourguide.com/es-es/bogota-l361/bogota-tour-privado-a-la-chorrera-la-cascada-mas-alta-de-colombia-t1031170/
Colombia;cartagena-de-indias-l362;514383;Excursion A La Cultura Afro De Cartagena;https://www.getyourguide.com/es-es/cartagena-de-indias-l362/excursion-a-la-cultura-afro-de-cartagena-t514383/
Colombia;cartagena-de-indias-l362;590117;Paseo Panoramico A Caballo Por La Reserva De La Montana Tropical;https://www.getyourguide.com/es-es/cartagena-de-indias-l362/paseo-panoramico-a-caballo-por-la-reserva-de-la-montana-tropical-t590117/
Colombia;santa-marta-l32129;1163042;Awindua Visita A Un Pueblo Indigena Wiwa Y Una Plantacion De Cacao;https://www.getyourguide.com/es-es/santa-marta-l32129/awindua-visita-a-un-pueblo-indigena-wiwa-y-una-plantacion-de-cacao-t1163042/
Colombia;bogota-l361;161070;Desde Bogota Viaje A La Mina De Sal De Nemocon;https://www.getyourguide.com/es-es/bogota-l361/desde-bogota-viaje-a-la-mina-de-sal-de-nemocon-t161070/
Colombia;medellin-l1215;163317;Desde Medellin Excursion De Un Dia Al Parque Tematico Hacienda Napoles;https://www.getyourguide.com/es-es/medellin-l1215/desde-medellin-excursion-de-un-dia-al-parque-tematico-hacienda-napoles-t163317/
Colombia;medellin-l1215;779285;Medellin Tour Historico De Pablo Escobar Experiencia Completa;https://www.getyourguide.com/es-es/medellin-l1215/medellin-tour-historico-de-pablo-escobar-experiencia-completa-t779285/
Colombia;cartagena-de-indias-l362;411659;Cartagena Visita Privada A La Ciudad Amurallada De Cartagena Y Getsemani;https://www.getyourguide.com/es-es/cartagena-de-indias-l362/cartagena-visita-privada-a-la-ciudad-amurallada-de-cartagena-y-getsemani-t411659/
Colombia;zipaquira-l131353;1316654;Bogota Excursion De 1 Dia A La Laguna De Guatavita Y La Catedral De Sal;https://www.getyourguide.com/es-es/zipaquira-l131353/bogota-excursion-de-1-dia-a-la-laguna-de-guatavita-y-la-catedral-de-sal-t1316654/
Colombia;medellin-l1215;855973;Medellin San Felix Parapente Tour Sobre La Ciudad;https://www.getyourguide.com/es-es/medellin-l1215/medellin-san-felix-parapente-tour-sobre-la-ciudad-t855973/
Colombia;cali-colombia-l1213;856502;Recorrido Compartido Por El Centro Historico De Cali;https://www.getyourguide.com/es-es/cali-colombia-l1213/recorrido-compartido-por-el-centro-historico-de-cali-t856502/
Colombia;bogota-l361;172482;Excursion Con Escala En Bogota Tour Privado Y Flexible Por Lo Mas Destacado De La Ciudad;https://www.getyourguide.com/es-es/bogota-l361/excursion-con-escala-en-bogota-tour-privado-y-flexible-por-lo-mas-destacado-de-la-ciudad-t172482/
Colombia;cartagena-de-indias-l362;926590;Experiencia Minibuceo En Baru Playa Tranquila;https://www.getyourguide.com/es-es/cartagena-de-indias-l362/experiencia-minibuceo-en-baru-playa-tranquila-t926590/
Colombia;leticia-l176618;968442;Excursion De Un Dia Para Observar Aves En La Selva Amazonica Con Guia Privado;https://www.getyourguide.com/es-es/leticia-l176618/excursion-de-un-dia-para-observar-aves-en-la-selva-amazonica-con-guia-privado-t968442/
Colombia;cartagena-de-indias-l362;990271;Cartagena Market Tour Fruit Tasting Cooking Class;https://www.getyourguide.com/es-es/cartagena-de-indias-l362/cartagena-market-tour-fruit-tasting-cooking-class-t990271/
Colombia;medellin-l1215;1047750;Medellin Tour A La Finca Cafetera Santa Elena Con Almuerzo Y Traslado;https://www.getyourguide.com/es-es/medellin-l1215/medellin-tour-a-la-finca-cafetera-santa-elena-con-almuerzo-y-traslado-t1047750/
Colombia;medellin-l1215;1055474; Tour A La Feria De Las Flores En Medellin 3 Noches 4 Dias ;https://www.getyourguide.com/es-es/medellin-l1215/-tour-a-la-feria-de-las-flores-en-medellin-3-noches-4-dias--t1055474/
Colombia;medellin-l1215;482779;Medellin Tour Del Cafe Artesanal;https://www.getyourguide.com/es-es/medellin-l1215/medellin-tour-del-cafe-artesanal-t482779/
Colombia;cartagena-de-indias-l362;651215;Excursion De Cartagena Al Aviario Nacional;https://www.getyourguide.com/es-es/cartagena-de-indias-l362/excursion-de-cartagena-al-aviario-nacional-t651215/
Colombia;bogota-l361;1076062;Bogota Catedral De Sal De Zipaquira Y Tour Del Legado Muisca;https://www.getyourguide.com/es-es/bogota-l361/bogota-catedral-de-sal-de-zipaquira-y-tour-del-legado-muisca-t1076062/
Colombia;medellin-l1215;503277;Paseos A Caballo Por Las Hermosas Montanas De Medellin;https://www.getyourguide.com/es-es/medellin-l1215/paseos-a-caballo-por-las-hermosas-montanas-de-medellin-t503277/
Colombia;medellin-l1215;536585;Excursion De Rappel Desde Medellin Transporte En Coche O Moto;https://www.getyourguide.com/es-es/medellin-l1215/excursion-de-rappel-desde-medellin-transporte-en-coche-o-moto-t536585/
Colombia;cartagena-de-indias-l362;754479;Rosarioislandsexcursion 5 Destinations With Lunch Snorkeling And Plankton;https://www.getyourguide.com/es-es/cartagena-de-indias-l362/rosarioislandsexcursion-5-destinations-with-lunch-snorkeling-and-plankton-t754479/
Colombia;bogota-l361;828053;La Perseverancia Barrio Historico Y Natural De Bogota;https://www.getyourguide.com/es-es/bogota-l361/la-perseverancia-barrio-historico-y-natural-de-bogota-t828053/
Colombia;pasto-l101982;846300;Tour Al Santuario Majestuoso De Las Lajas 2 Dias Y 1 Noche;https://www.getyourguide.com/es-es/pasto-l101982/tour-al-santuario-majestuoso-de-las-lajas-2-dias-y-1-noche-t846300/
Colombia;medellin-l1215;702333;Medellin Visita A Cascadas Y Piscinas Naturales;https://www.getyourguide.com/es-es/medellin-l1215/medellin-visita-a-cascadas-y-piscinas-naturales-t702333/
Colombia;medellin-l1215;1231886;Escapada Nocturna Mirador Picacho Y Otros 7 Miradores De Medellin;https://www.getyourguide.com/es-es/medellin-l1215/escapada-nocturna-mirador-picacho-y-otros-7-miradores-de-medellin-t1231886/
Colombia;leticia-l176618;975863;Excursion De Un Dia Al Rio Amazonas Y La Isla De Los Monos;https://www.getyourguide.com/es-es/leticia-l176618/excursion-de-un-dia-al-rio-amazonas-y-la-isla-de-los-monos-t975863/
Colombia;santa-marta-l32129;1260918;Tour A Los Museo De Santa Marta;https://www.getyourguide.com/es-es/santa-marta-l32129/tour-a-los-museo-de-santa-marta-t1260918/
Colombia;cartagena-de-indias-l362;1005903;Cartagena Tour En Kayak Al Atardecer Con Guia;https://www.getyourguide.com/es-es/cartagena-de-indias-l362/cartagena-tour-en-kayak-al-atardecer-con-guia-t1005903/
Colombia;cartagena-de-indias-l362;1006507;Cartagena Tour En Kayak Por La Isla De Baru Con Almuerzo Y Recogida;https://www.getyourguide.com/es-es/cartagena-de-indias-l362/cartagena-tour-en-kayak-por-la-isla-de-baru-con-almuerzo-y-recogida-t1006507/
Colombia;manizales-l126418;1322728;Manizales Tour De La Cinco Arte Urbano Cultura Y Transformacion;https://www.getyourguide.com/es-es/manizales-l126418/manizales-tour-de-la-cinco-arte-urbano-cultura-y-transformacion-t1322728/
Colombia;san-andres-colombia-l180220;1087188;San Andres Ibiza Bar Flotante En El Mar De Los 7 Colores;https://www.getyourguide.com/es-es/san-andres-colombia-l180220/san-andres-ibiza-bar-flotante-en-el-mar-de-los-7-colores-t1087188/
Colombia;santa-elena-colombia-l227758;932895;Medellin Recorrido Floral Silletero;https://www.getyourguide.com/es-es/santa-elena-colombia-l227758/medellin-recorrido-floral-silletero-t932895/
Colombia;cali-colombia-l1213;1016493;Cali Taller De Encuadernacion Artesanal;https://www.getyourguide.com/es-es/cali-colombia-l1213/cali-taller-de-encuadernacion-artesanal-t1016493/
Colombia;cali-colombia-l1213;1164796;Cali Tour De Un Dia A San Cipriano Aventura En Rios Brujitas Y Cascadas;https://www.getyourguide.com/es-es/cali-colombia-l1213/cali-tour-de-un-dia-a-san-cipriano-aventura-en-rios-brujitas-y-cascadas-t1164796/
Colombia;guatape-l114702;1165868;Rapel En Las Cavernas Guatape La Piedra;https://www.getyourguide.com/es-es/guatape-l114702/rapel-en-las-cavernas-guatape-la-piedra-t1165868/
Colombia;minca-l176223;1203841;Minca Trip Recorrido A Dos Cascadas Con Guia Local;https://www.getyourguide.com/es-es/minca-l176223/minca-trip-recorrido-a-dos-cascadas-con-guia-local-t1203841/
Colombia;puerto-narino-l176620;1204896;Puerto Narino Tour Discovering Wildlife And Birdwatching Experience;https://www.getyourguide.com/es-es/puerto-narino-l176620/puerto-narino-tour-discovering-wildlife-and-birdwatching-experience-t1204896/
Colombia;punta-arenas-cartagena-l228464;1234279;Cartagena Pasadia Isla En Punta Arena;https://www.getyourguide.com/es-es/punta-arenas-cartagena-l228464/cartagena-pasadia-isla-en-punta-arena-t1234279/
Colombia;cartagena-de-indias-l362;1194923;Cartagena Escape A Isla Kokomo Islas Del Rosario En Lancha Rapida;https://www.getyourguide.com/es-es/cartagena-de-indias-l362/cartagena-escape-a-isla-kokomo-islas-del-rosario-en-lancha-rapida-t1194923/
Colombia;cartagena-de-indias-l362;541270;Cartagena Excursion De Un Dia A La Isla Cocoliso En Las Islas Del Rosario;https://www.getyourguide.com/es-es/cartagena-de-indias-l362/cartagena-excursion-de-un-dia-a-la-isla-cocoliso-en-las-islas-del-rosario-t541270/
Colombia;medellin-l1215;51647;Tour De Las Flores Silleteras En Bus Desde Medellin;https://www.getyourguide.com/es-es/medellin-l1215/tour-de-las-flores-silleteras-en-bus-desde-medellin-t51647/
Colombia;pasto-l101982;1258075;Pasto Tour De La Ciudad Con Almuerzo;https://www.getyourguide.com/es-es/pasto-l101982/pasto-tour-de-la-ciudad-con-almuerzo-t1258075/
Colombia;villa-de-leyva-l2951;1276617;;https://www.getyourguide.com/es-es/villa-de-leyva-l2951/-t1276617/
Colombia;medellin-l1215;207315;Medellin Experiencia De Rafting;https://www.getyourguide.com/es-es/medellin-l1215/medellin-experiencia-de-rafting-t207315/
Colombia;santa-marta-l32129;669075;Santa Marta Rumba En Chiva Con Animador A Bordo Y Espuma;https://www.getyourguide.com/es-es/santa-marta-l32129/santa-marta-rumba-en-chiva-con-animador-a-bordo-y-espuma-t669075/
Colombia;guatape-l114702;728476;Aventura De Barranquismo En Guatape Aguas Cristalinas Y Vida Salvaje;https://www.getyourguide.com/es-es/guatape-l114702/aventura-de-barranquismo-en-guatape-aguas-cristalinas-y-vida-salvaje-t728476/
Colombia;cali-colombia-l1213;411076;Excursion De Un Dia Para Avistar Ballenas Desde Cali Domingos ;https://www.getyourguide.com/es-es/cali-colombia-l1213/excursion-de-un-dia-para-avistar-ballenas-desde-cali-domingos--t411076/
Colombia;medellin-l1215;186231;Medellin Conduce Una E Bike Como Un Lugareno Con Merienda Incluida;https://www.getyourguide.com/es-es/medellin-l1215/medellin-conduce-una-e-bike-como-un-lugareno-con-merienda-incluida-t186231/
Colombia;medellin-l1215;826942;Medellin Tour De La Ciudad Graffity Tour;https://www.getyourguide.com/es-es/medellin-l1215/medellin-tour-de-la-ciudad-graffity-tour-t826942/
Colombia;cartagena-de-indias-l362;834842;Cartagenaexcursion Privada De Un Dia A San Basilio De Palenque Con Almuerzo;https://www.getyourguide.com/es-es/cartagena-de-indias-l362/cartagenaexcursion-privada-de-un-dia-a-san-basilio-de-palenque-con-almuerzo-t834842/
Colombia;santa-marta-l32129;254817;Santa Marta Pequeno Tatuaje En Studio Tattoo Pater King;https://www.getyourguide.com/es-es/santa-marta-l32129/santa-marta-pequeno-tatuaje-en-studio-tattoo-pater-king-t254817/
Colombia;el-penol-l145060;932984;Medellin Rionegro Tour De Medio Dia En Escala Traslado Al Aeropuerto;https://www.getyourguide.com/es-es/el-penol-l145060/medellin-rionegro-tour-de-medio-dia-en-escala-traslado-al-aeropuerto-t932984/
Colombia;cartagena-de-indias-l362;569223;Recorrido Gastronomico Y Cafetero Por La Ciudad Vieja De La Mano De Lugarenos;https://www.getyourguide.com/es-es/cartagena-de-indias-l362/recorrido-gastronomico-y-cafetero-por-la-ciudad-vieja-de-la-mano-de-lugarenos-t569223/
Colombia;cartagena-de-indias-l362;952836;Paseo Al Atardecer Por Cartagena Historia Murallas Y Getsemani;https://www.getyourguide.com/es-es/cartagena-de-indias-l362/paseo-al-atardecer-por-cartagena-historia-murallas-y-getsemani-t952836/
Colombia;medellin-l1215;608000;Experimenta Cata De Ron En Medellin;https://www.getyourguide.com/es-es/medellin-l1215/experimenta-cata-de-ron-en-medellin-t608000/
Colombia;cartagena-de-indias-l362;443461;Cartagena Cata De Ron Boutique Y Chocolate En Lunatico;https://www.getyourguide.com/es-es/cartagena-de-indias-l362/cartagena-cata-de-ron-boutique-y-chocolate-en-lunatico-t443461/
Colombia;santa-marta-l32129;989482;Trekking Tayrona Personalizado X 2 Dias Selva Playas Y Cultura Indigena;https://www.getyourguide.com/es-es/santa-marta-l32129/trekking-tayrona-personalizado-x-2-dias-selva-playas-y-cultura-indigena-t989482/
Colombia;medellin-l1215;644627;Medellin Tour Pablo Escobar Incl Museo Y Transporte;https://www.getyourguide.com/es-es/medellin-l1215/medellin-tour-pablo-escobar-incl-museo-y-transporte-t644627/
Colombia;bogota-l361;1009384;Jardin Botanico De Bogota Un Recorrido Sensorial;https://www.getyourguide.com/es-es/bogota-l361/jardin-botanico-de-bogota-un-recorrido-sensorial-t1009384/
Colombia;cartagena-de-indias-l362;514379;Tour Privado Gabriel Garcia Marquez En Cartagena;https://www.getyourguide.com/es-es/cartagena-de-indias-l362/tour-privado-gabriel-garcia-marquez-en-cartagena-t514379/
Colombia;medellin-l1215;514403;Excursion En Grupo De Un Dia A Guatape Y Penol Rock;https://www.getyourguide.com/es-es/medellin-l1215/excursion-en-grupo-de-un-dia-a-guatape-y-penol-rock-t514403/
Colombia;san-andres-colombia-l180220;1121824;San Andres Crucero En Catamaran Con Cena Y Espectaculo;https://www.getyourguide.com/es-es/san-andres-colombia-l180220/san-andres-crucero-en-catamaran-con-cena-y-espectaculo-t1121824/
Colombia;medellin-l1215;1134251;Medellin Aventura Salvaje En Los Andes Monta Vuela Y Relajate;https://www.getyourguide.com/es-es/medellin-l1215/medellin-aventura-salvaje-en-los-andes-monta-vuela-y-relajate-t1134251/
Colombia;santa-marta-l32129;662755;Tayrona Por Mar;https://www.getyourguide.com/es-es/santa-marta-l32129/tayrona-por-mar-t662755/
Colombia;cartagena-de-indias-l362;1185410;Cartagena Espectaculo 105 Ciudad Heroica;https://www.getyourguide.com/es-es/cartagena-de-indias-l362/cartagena-espectaculo-105-ciudad-heroica-t1185410/
Colombia;cartagena-de-indias-l362;876002;Cartagena Traslado De La Terminal De Transportes Al Hotel;https://www.getyourguide.com/es-es/cartagena-de-indias-l362/cartagena-traslado-de-la-terminal-de-transportes-al-hotel-t876002/
Colombia;santa-marta-l32129;905729;Parque Nacional Tayrona Buceo Para Principiantes Con Guias Expertos;https://www.getyourguide.com/es-es/santa-marta-l32129/parque-nacional-tayrona-buceo-para-principiantes-con-guias-expertos-t905729/
Colombia;medellin-l1215;789129;City Tour Express Privado Hora Y Media Medellin Bicicleta Electrica;https://www.getyourguide.com/es-es/medellin-l1215/city-tour-express-privado-hora-y-media-medellin-bicicleta-electrica-t789129/
Colombia;cali-colombia-l1213;796233;Excursion De Observacion De Aves Y Botanica En Km18;https://www.getyourguide.com/es-es/cali-colombia-l1213/excursion-de-observacion-de-aves-y-botanica-en-km18-t796233/
Colombia;cartagena-de-indias-l362;805409;Cartagena City Tour Historico Bilingue En Chiva Tradicional;https://www.getyourguide.com/es-es/cartagena-de-indias-l362/cartagena-city-tour-historico-bilingue-en-chiva-tradicional-t805409/
Colombia;san-basilio-de-palenque-l192796;967708;San Basilio De Palenque Raices Y Rutas La Esencia De Cartagena;https://www.getyourguide.com/es-es/san-basilio-de-palenque-l192796/san-basilio-de-palenque-raices-y-rutas-la-esencia-de-cartagena-t967708/
Colombia;cartagena-de-indias-l362;834960;Cartagena Excursion De Un Dia A Palenque Con Almuerzo Y Espectaculo De Danza;https://www.getyourguide.com/es-es/cartagena-de-indias-l362/cartagena-excursion-de-un-dia-a-palenque-con-almuerzo-y-espectaculo-de-danza-t834960/
Colombia;medellin-l1215;1267565;Medellin Visita Museo El Castilloparque Explorajardin Botanicoprivado;https://www.getyourguide.com/es-es/medellin-l1215/medellin-visita-museo-el-castilloparque-explorajardin-botanicoprivado-t1267565/
Colombia;san-andres-colombia-l180220;1269858;;https://www.getyourguide.com/es-es/san-andres-colombia-l180220/-t1269858/
Colombia;cartagena-de-indias-l362;1055442;Rumba En Chiva Con Open Bar En Cartagena;https://www.getyourguide.com/es-es/cartagena-de-indias-l362/rumba-en-chiva-con-open-bar-en-cartagena-t1055442/
Colombia;medellin-l1215;924938;Estacion Poblado Tour Cerro El Picacho Vistas De La Comuna 13 Y Snack;https://www.getyourguide.com/es-es/medellin-l1215/estacion-poblado-tour-cerro-el-picacho-vistas-de-la-comuna-13-y-snack-t924938/
Colombia;bogota-l361;314677;Bogota Grupo Tejo Y Tour De La Cerveza;https://www.getyourguide.com/es-es/bogota-l361/bogota-grupo-tejo-y-tour-de-la-cerveza-t314677/
Colombia;cartagena-de-indias-l362;1218413;Cartagena Tour Por Azoteas Cocteles Y Musica;https://www.getyourguide.com/es-es/cartagena-de-indias-l362/cartagena-tour-por-azoteas-cocteles-y-musica-t1218413/
Colombia;salento-colombia-l32675;1245233;Medellin Valle Del Cocora Salento Aguas Termales Coffee Tour;https://www.getyourguide.com/es-es/salento-colombia-l32675/medellin-valle-del-cocora-salento-aguas-termales-coffee-tour-t1245233/
Colombia;medellin-l1215;1248263;Medellin Taller De Maquillaje Colombiano Con Diagnostico Facial;https://www.getyourguide.com/es-es/medellin-l1215/medellin-taller-de-maquillaje-colombiano-con-diagnostico-facial-t1248263/
Colombia;cartagena-de-indias-l362;512361;Cartagena Pase De Un Dia Al Hotel Aura Baru;https://www.getyourguide.com/es-es/cartagena-de-indias-l362/cartagena-pase-de-un-dia-al-hotel-aura-baru-t512361/
Colombia;san-agustin-colombia-l131748;1171072;San Agustin Visita Guiada Al Alto De Los Idolos Y Piedras;https://www.getyourguide.com/es-es/san-agustin-colombia-l131748/san-agustin-visita-guiada-al-alto-de-los-idolos-y-piedras-t1171072/
Colombia;medellin-l1215;1302399;Sobrevuela Medellin En Metrocable Tour De Un Dia Sobre La Transformacion De La Ciudad;https://www.getyourguide.com/es-es/medellin-l1215/sobrevuela-medellin-en-metrocable-tour-de-un-dia-sobre-la-transformacion-de-la-ciudad-t1302399/
Colombia;cartagena-de-indias-l362;568834;Cartagena Paseo A Caballo Por La Playa Con Fotos Y Almuerzo;https://www.getyourguide.com/es-es/cartagena-de-indias-l362/cartagena-paseo-a-caballo-por-la-playa-con-fotos-y-almuerzo-t568834/
Colombia;el-penol-l145060;583103;Tour Privado Guatape Piedra Replica Penol Alto Chocho Barco;https://www.getyourguide.com/es-es/el-penol-l145060/tour-privado-guatape-piedra-replica-penol-alto-chocho-barco-t583103/
Colombia;medellin-l1215;1222400;Lo Mejor De Medellin Comuna 13 Teleferico Y Puntos Destacados De La Ciudad;https://www.getyourguide.com/es-es/medellin-l1215/lo-mejor-de-medellin-comuna-13-teleferico-y-puntos-destacados-de-la-ciudad-t1222400/
Colombia;boyaca-l2313;1327540;Tour Villa De Leyva Y Raquira En Un Dia Desde Bogota;https://www.getyourguide.com/es-es/boyaca-l2313/tour-villa-de-leyva-y-raquira-en-un-dia-desde-bogota-t1327540/
Colombia;medellin-l1215;1245056;Medellin Prueba Los Mejores Cafes De Los Andes Antioquenos;https://www.getyourguide.com/es-es/medellin-l1215/medellin-prueba-los-mejores-cafes-de-los-andes-antioquenos-t1245056/
Colombia;marinilla-l180126;1293939;Medellin Creative Music Process Workspace;https://www.getyourguide.com/es-es/marinilla-l180126/medellin-creative-music-process-workspace-t1293939/
Colombia;medellin-l1215;382862;Medellin Tour Nocturno;https://www.getyourguide.com/es-es/medellin-l1215/medellin-tour-nocturno-t382862/
Colombia;medellin-l1215;1322552;Medellin Clase Grupal De Ritmos Latinos Para Principiantes;https://www.getyourguide.com/es-es/medellin-l1215/medellin-clase-grupal-de-ritmos-latinos-para-principiantes-t1322552/
Colombia;cali-colombia-l1213;409743;Cali Recorrido En Coche Por Los 11 Barrios De La Comuna 20;https://www.getyourguide.com/es-es/cali-colombia-l1213/cali-recorrido-en-coche-por-los-11-barrios-de-la-comuna-20-t409743/
Colombia;cartagena-de-indias-l362;790416;Cartagena Desde O Hacia Minca Traslado Privado;https://www.getyourguide.com/es-es/cartagena-de-indias-l362/cartagena-desde-o-hacia-minca-traslado-privado-t790416/
Colombia;medellin-l1215;803639;Medellincomuna 13 Historia Alimentacion Pintura A Pistola;https://www.getyourguide.com/es-es/medellin-l1215/medellincomuna-13-historia-alimentacion-pintura-a-pistola-t803639/
Colombia;bogota-l361;817556;Catedral De Sal De Zipaquira Y Tour De La Ciudad De Bogota 1 Dia;https://www.getyourguide.com/es-es/bogota-l361/catedral-de-sal-de-zipaquira-y-tour-de-la-ciudad-de-bogota-1-dia-t817556/
Colombia;salento-colombia-l32675;829043;Coffee Tour Salento Ocaso Farm English Tour;https://www.getyourguide.com/es-es/salento-colombia-l32675/coffee-tour-salento-ocaso-farm-english-tour-t829043/
Colombia;cartagena-de-indias-l362;855811;Cartagena Alquiler De Remos En La Playa Fin De Semana;https://www.getyourguide.com/es-es/cartagena-de-indias-l362/cartagena-alquiler-de-remos-en-la-playa-fin-de-semana-t855811/
Colombia;medellin-l1215;471561;Aventura En Parapente Con Transporte Y Videos;https://www.getyourguide.com/es-es/medellin-l1215/aventura-en-parapente-con-transporte-y-videos-t471561/
Colombia;baru-l120985;888548;Dia De Playa En Playa Blanca Isla De Baru Con Almuerzo Y Bebida Refrescante;https://www.getyourguide.com/es-es/baru-l120985/dia-de-playa-en-playa-blanca-isla-de-baru-con-almuerzo-y-bebida-refrescante-t888548/
Colombia;cali-colombia-l1213;889587;Farallones De Cali Medio Dia De Excursion Por El Pance Y El Rio;https://www.getyourguide.com/es-es/cali-colombia-l1213/farallones-de-cali-medio-dia-de-excursion-por-el-pance-y-el-rio-t889587/
Colombia;villavieja-l215836;911912;Visita Desierto De La Tatacoa Fotografico;https://www.getyourguide.com/es-es/villavieja-l215836/visita-desierto-de-la-tatacoa-fotografico-t911912/
Colombia;medellin-l1215;939857;Medellin Tour De Grafitis Por La Comuna 13 Con Paseo En Teleferico;https://www.getyourguide.com/es-es/medellin-l1215/medellin-tour-de-grafitis-por-la-comuna-13-con-paseo-en-teleferico-t939857/
Colombia;cartagena-de-indias-l362;973576;Cartagena Escapada Personal Al Caribe Con Almuerzo Y Bebidas;https://www.getyourguide.com/es-es/cartagena-de-indias-l362/cartagena-escapada-personal-al-caribe-con-almuerzo-y-bebidas-t973576/
Colombia;baru-l120985;660415;Cartagena Excursion De Un Dia Aviario Y Playa Blanca Baru En Autobus;https://www.getyourguide.com/es-es/baru-l120985/cartagena-excursion-de-un-dia-aviario-y-playa-blanca-baru-en-autobus-t660415/
Colombia;bello-l205896;663019;Medellin Parapente San Felix Opciones De Transporte Y Gopro;https://www.getyourguide.com/es-es/bello-l205896/medellin-parapente-san-felix-opciones-de-transporte-y-gopro-t663019/
Colombia;medellin-l1215;1130050;Medellin Tour Privado Vip Historia Completa De Botero Bellas Artesmuseo;https://www.getyourguide.com/es-es/medellin-l1215/medellin-tour-privado-vip-historia-completa-de-botero-bellas-artesmuseo-t1130050/
Colombia;san-agustin-colombia-l131748;1167791;Parque Nacional Cueva De Los Guacharos Expedicion De 3 Dias Desde San Agustin;https://www.getyourguide.com/es-es/san-agustin-colombia-l131748/parque-nacional-cueva-de-los-guacharos-expedicion-de-3-dias-desde-san-agustin-t1167791/
Colombia;zipaquira-l131353;635575;Bogota Catedral De Sal Y Andres Carne De Res;https://www.getyourguide.com/es-es/zipaquira-l131353/bogota-catedral-de-sal-y-andres-carne-de-res-t635575/
Colombia;manzanillo-colombia-l145365;645742;Traslado Aeropuerto Rafael N Hotel En Zona Manzanillo;https://www.getyourguide.com/es-es/manzanillo-colombia-l145365/traslado-aeropuerto-rafael-n-hotel-en-zona-manzanillo-t645742/
Colombia;el-penol-l145060;661058;Tour Guatape Con Visita A Granja De Las Llamas Y Las Alpacas;https://www.getyourguide.com/es-es/el-penol-l145060/tour-guatape-con-visita-a-granja-de-las-llamas-y-las-alpacas-t661058/
Colombia;medellin-l1215;1201237;Medellin Tour Personalizado Maximo 6 Pasajeros Transporte Pequeno;https://www.getyourguide.com/es-es/medellin-l1215/medellin-tour-personalizado-maximo-6-pasajeros-transporte-pequeno-t1201237/
Colombia;medellin-l1215;677509;Sabores De Colombia Degustacion De Frutas Y Cocteles;https://www.getyourguide.com/es-es/medellin-l1215/sabores-de-colombia-degustacion-de-frutas-y-cocteles-t677509/
Colombia;sabaneta-l225948;1250569;Ruta Cultural A Pie En Sabaneta Cerca A Medellin Duracion 3 Horas;https://www.getyourguide.com/es-es/sabaneta-l225948/ruta-cultural-a-pie-en-sabaneta-cerca-a-medellin-duracion-3-horas-t1250569/
Colombia;san-andres-colombia-l180220;973360;San Andres Islas City Tour Especial Con Transporte Terrestre;https://www.getyourguide.com/es-es/san-andres-colombia-l180220/san-andres-islas-city-tour-especial-con-transporte-terrestre-t973360/
Colombia;santa-marta-l32129;977116;Explora La Magia De Tayronaka Cultura Indigena Naturaleza Y Aventura;https://www.getyourguide.com/es-es/santa-marta-l32129/explora-la-magia-de-tayronaka-cultura-indigena-naturaleza-y-aventura-t977116/
Colombia;cartagena-de-indias-l362;990225;Hotel Isla Del Sol En Las Islas Del Rosario Daypass Con Barra Libre;https://www.getyourguide.com/es-es/cartagena-de-indias-l362/hotel-isla-del-sol-en-las-islas-del-rosario-daypass-con-barra-libre-t990225/
Colombia;bogota-l361;857010;Visita Compartida Conflicto Colombiano Guerra Narcotrafico Y Paz;https://www.getyourguide.com/es-es/bogota-l361/visita-compartida-conflicto-colombiano-guerra-narcotrafico-y-paz-t857010/
Colombia;medellin-l1215;935200;Medellinrecorrido Por Cascadas Unicas De La Sierra;https://www.getyourguide.com/es-es/medellin-l1215/medellinrecorrido-por-cascadas-unicas-de-la-sierra-t935200/
Colombia;medellin-l1215;947796;Medellin Tour Del Cafe Palmitas;https://www.getyourguide.com/es-es/medellin-l1215/medellin-tour-del-cafe-palmitas-t947796/
Colombia;medellin-l1215;70079;Recorrido De 4 Horas Por Los Tres Condados De Medellin Envigado Y Sabaneta;https://www.getyourguide.com/es-es/medellin-l1215/recorrido-de-4-horas-por-los-tres-condados-de-medellin-envigado-y-sabaneta-t70079/
Colombia;salento-colombia-l32675;1125108;Salento Mini Trek Cocora Cascada Naturaleza Y Tradicion;https://www.getyourguide.com/es-es/salento-colombia-l32675/salento-mini-trek-cocora-cascada-naturaleza-y-tradicion-t1125108/
Colombia;bogota-l361;240127;Bogota Tour De La Ciudad Con El Cerro De Monserrate;https://www.getyourguide.com/es-es/bogota-l361/bogota-tour-de-la-ciudad-con-el-cerro-de-monserrate-t240127/
Colombia;medellin-l1215;386283;Medellin Tour Privado De Arte Callejero Por La Comuna 13;https://www.getyourguide.com/es-es/medellin-l1215/medellin-tour-privado-de-arte-callejero-por-la-comuna-13-t386283/
Colombia;bogota-l361;1054476;Recorrido Cultural Y Turistico Por Bogota;https://www.getyourguide.com/es-es/bogota-l361/recorrido-cultural-y-turistico-por-bogota-t1054476/
Colombia;medellin-l1215;411485;Desde Medellin Tour Privado A Guatape Con Tour De Cafe;https://www.getyourguide.com/es-es/medellin-l1215/desde-medellin-tour-privado-a-guatape-con-tour-de-cafe-t411485/
Colombia;san-andres-colombia-l180220;1225954;San Andres Traslado A Johnny Cay City Tour En Trencito Por La Isla;https://www.getyourguide.com/es-es/san-andres-colombia-l180220/san-andres-traslado-a-johnny-cay-city-tour-en-trencito-por-la-isla-t1225954/
Colombia;tierra-bomba-l236704;1117444;Atardecer Y Fiesta En Tierra Bomba En La Hora Magica;https://www.getyourguide.com/es-es/tierra-bomba-l236704/atardecer-y-fiesta-en-tierra-bomba-en-la-hora-magica-t1117444/
Colombia;medellin-l1215;1242577;Medellin Experimenta La Alquimia De La Baya Milagrosa;https://www.getyourguide.com/es-es/medellin-l1215/medellin-experimenta-la-alquimia-de-la-baya-milagrosa-t1242577/
Colombia;cali-colombia-l1213;1243936;Cali Clase De Salsa Y Tour Por El Mercado Con Degustacion;https://www.getyourguide.com/es-es/cali-colombia-l1213/cali-clase-de-salsa-y-tour-por-el-mercado-con-degustacion-t1243936/
Colombia;salento-colombia-l32675;531649;Salento Cocora Y Termas De Pereira O Armenia;https://www.getyourguide.com/es-es/salento-colombia-l32675/salento-cocora-y-termas-de-pereira-o-armenia-t531649/
Colombia;san-andres-colombia-l180220;1154045;San Andres Rumba Party Cruise On A Floating Bar Daytour;https://www.getyourguide.com/es-es/san-andres-colombia-l180220/san-andres-rumba-party-cruise-on-a-floating-bar-daytour-t1154045/
Colombia;salento-colombia-l32675;1268970;Salento Magical Garden Fruit Juice Experience With Colombian Fruit Tasting;https://www.getyourguide.com/es-es/salento-colombia-l32675/salento-magical-garden-fruit-juice-experience-with-colombian-fruit-tasting-t1268970/
Colombia;el-penol-l145060;1196234;Cabalgata A Las Afueras Del Parque La Manuela Hacienda De Pablo Escobar;https://www.getyourguide.com/es-es/el-penol-l145060/cabalgata-a-las-afueras-del-parque-la-manuela-hacienda-de-pablo-escobar-t1196234/
Colombia;medellin-l1215;1298785;Escalada Deportiva En Roca Cerca A Medellin;https://www.getyourguide.com/es-es/medellin-l1215/escalada-deportiva-en-roca-cerca-a-medellin-t1298785/
Colombia;cartagena-de-indias-l362;645876;Tour De La Ciudad En Chiva Tipica Cartagena;https://www.getyourguide.com/es-es/cartagena-de-indias-l362/tour-de-la-ciudad-en-chiva-tipica-cartagena-t645876/
Colombia;bogota-l361;661626;Bogota Traslado Privado De Ida Desde O Hacia El Aeropuerto El Dorado;https://www.getyourguide.com/es-es/bogota-l361/bogota-traslado-privado-de-ida-desde-o-hacia-el-aeropuerto-el-dorado-t661626/
Colombia;medellin-l1215;1226642;Medellin Combo Citytour En Chiva Con Barra Libre Citytour Pablo Escobar;https://www.getyourguide.com/es-es/medellin-l1215/medellin-combo-citytour-en-chiva-con-barra-libre-citytour-pablo-escobar-t1226642/
Colombia;bogota-l361;1267178;Bogota Ticket Del Teleferico O Del Funicular Al Cerro De Monserrate;https://www.getyourguide.com/es-es/bogota-l361/bogota-ticket-del-teleferico-o-del-funicular-al-cerro-de-monserrate-t1267178/
Colombia;cartagena-de-indias-l362;765450;Cartagena Excursion De Un Dia A Margarita S Beachclub Con Piscina Y Playa;https://www.getyourguide.com/es-es/cartagena-de-indias-l362/cartagena-excursion-de-un-dia-a-margarita-s-beachclub-con-piscina-y-playa-t765450/
Colombia;san-andres-colombia-l180220;818652;San Andres Minicurso De Buceo;https://www.getyourguide.com/es-es/san-andres-colombia-l180220/san-andres-minicurso-de-buceo-t818652/
Colombia;medellin-l1215;443147;Tour En Bici Por Medellin Con Aperitivos Y Cerveza Local;https://www.getyourguide.com/es-es/medellin-l1215/tour-en-bici-por-medellin-con-aperitivos-y-cerveza-local-t443147/
Colombia;medellin-l1215;444938;Tour Nocturno De Inmersion En Una Finca Cafetera;https://www.getyourguide.com/es-es/medellin-l1215/tour-nocturno-de-inmersion-en-una-finca-cafetera-t444938/
Colombia;bogota-l361;502815;Hop On Bogota Autobus Panoramico De La Ciudad;https://www.getyourguide.com/es-es/bogota-l361/hop-on-bogota-autobus-panoramico-de-la-ciudad-t502815/
Colombia;medellin-l1215;995141;Medellin Tour Nocturno Por La Comuna 13 Experiencia Completa Con Cena;https://www.getyourguide.com/es-es/medellin-l1215/medellin-tour-nocturno-por-la-comuna-13-experiencia-completa-con-cena-t995141/
Colombia;medellin-l1215;438396;Medellin Tour A Una Finca De Cafe Y Taller De Barista;https://www.getyourguide.com/es-es/medellin-l1215/medellin-tour-a-una-finca-de-cafe-y-taller-de-barista-t438396/
Colombia;minca-l176223;1073829;Museo Y Sendero Ancestral Interactivo En Minca;https://www.getyourguide.com/es-es/minca-l176223/museo-y-sendero-ancestral-interactivo-en-minca-t1073829/
Colombia;cartagena-de-indias-l362;1075275;Descubre La Vida Nocturna Exclusiva De Cartagena;https://www.getyourguide.com/es-es/cartagena-de-indias-l362/descubre-la-vida-nocturna-exclusiva-de-cartagena-t1075275/
Colombia;medellin-l1215;659690;Parapente Medellin Con Rubenfly;https://www.getyourguide.com/es-es/medellin-l1215/parapente-medellin-con-rubenfly-t659690/
Colombia;santa-marta-l32129;673618;Cartagena Barranquilla Y Santa Marta Guia Bilingue;https://www.getyourguide.com/es-es/santa-marta-l32129/cartagena-barranquilla-y-santa-marta-guia-bilingue-t673618/
Colombia;salento-colombia-l32675;1107788;Cabalgata Y Caminata En El Valle Del Cocora Experiencia Cafetera;https://www.getyourguide.com/es-es/salento-colombia-l32675/cabalgata-y-caminata-en-el-valle-del-cocora-experiencia-cafetera-t1107788/
Colombia;cartagena-de-indias-l362;681419;Cartagena Isla De Puntarena Servicio De Recogida Y Regreso Del Hotel;https://www.getyourguide.com/es-es/cartagena-de-indias-l362/cartagena-isla-de-puntarena-servicio-de-recogida-y-regreso-del-hotel-t681419/
Colombia;cartagena-de-indias-l362;771865;Cartagena Daytour Mucura Tintipan E Islote En Lancha Rapida;https://www.getyourguide.com/es-es/cartagena-de-indias-l362/cartagena-daytour-mucura-tintipan-e-islote-en-lancha-rapida-t771865/
Colombia;cartagena-de-indias-l362;819888;Cartagena Fiesta Nocturna En Autentica Chiva Colombiana Con Animador;https://www.getyourguide.com/es-es/cartagena-de-indias-l362/cartagena-fiesta-nocturna-en-autentica-chiva-colombiana-con-animador-t819888/
Colombia;cartagena-de-indias-l362;828243;Cartagena Excursion De Un Dia A 3 Islas Privadas;https://www.getyourguide.com/es-es/cartagena-de-indias-l362/cartagena-excursion-de-un-dia-a-3-islas-privadas-t828243/
Colombia;bogota-l361;1245216;Experiencia De Musicoterapia En Bogota Junto Con Instrumentos Tradicionales;https://www.getyourguide.com/es-es/bogota-l361/experiencia-de-musicoterapia-en-bogota-junto-con-instrumentos-tradicionales-t1245216/
Colombia;medellin-l1215;871870;Rio Claro Tour Aventura Rafting;https://www.getyourguide.com/es-es/medellin-l1215/rio-claro-tour-aventura-rafting-t871870/
Colombia;salento-colombia-l32675;1253688;Salento Tour Por Un Cafetal Con Trayecto En Jeep Y Cata;https://www.getyourguide.com/es-es/salento-colombia-l32675/salento-tour-por-un-cafetal-con-trayecto-en-jeep-y-cata-t1253688/
Colombia;medellin-l1215;804644;Comuna 13 Caminando Con Artista Local Y Aprende Parte Historia De Medellin;https://www.getyourguide.com/es-es/medellin-l1215/comuna-13-caminando-con-artista-local-y-aprende-parte-historia-de-medellin-t804644/
Colombia;envigado-l145246;957885;Medellin Tour Privado De Pablo Escobar De Dia Completo Incl Guatape;https://www.getyourguide.com/es-es/envigado-l145246/medellin-tour-privado-de-pablo-escobar-de-dia-completo-incl-guatape-t957885/
Colombia;bogota-l361;960275;Bogota Tour Nocturno Con Bares Escondidos Bebidas Locales Y Tejo;https://www.getyourguide.com/es-es/bogota-l361/bogota-tour-nocturno-con-bares-escondidos-bebidas-locales-y-tejo-t960275/
Colombia;cartagena-de-indias-l362;1009143;Cartagena Cata De Cerveza Artesanal;https://www.getyourguide.com/es-es/cartagena-de-indias-l362/cartagena-cata-de-cerveza-artesanal-t1009143/
Colombia;medellin-l1215;887282;Medellin Tour Nocturno Con Guia Local Y Servicio De Recogida Del Hotel;https://www.getyourguide.com/es-es/medellin-l1215/medellin-tour-nocturno-con-guia-local-y-servicio-de-recogida-del-hotel-t887282/
Colombia;medellin-l1215;51244;Recorrido Por El Metro De Medellin;https://www.getyourguide.com/es-es/medellin-l1215/recorrido-por-el-metro-de-medellin-t51244/
Colombia;bogota-l361;152295;Bogota Clase De Cocina De Medio Dia Abundancia Tropical;https://www.getyourguide.com/es-es/bogota-l361/bogota-clase-de-cocina-de-medio-dia-abundancia-tropical-t152295/
Colombia;santa-marta-l32129;955234;Santa Marta Ciudad Perdida 4 Dias Y 3 Noches 3 Dias Y 2 Noches;https://www.getyourguide.com/es-es/santa-marta-l32129/santa-marta-ciudad-perdida-4-dias-y-3-noches-3-dias-y-2-noches-t955234/
Colombia;salento-colombia-l32675;1206057;Valle Del Cocora Ruta Con Vistas Secretas;https://www.getyourguide.com/es-es/salento-colombia-l32675/valle-del-cocora-ruta-con-vistas-secretas-t1206057/
Colombia;san-andres-colombia-l180220;1133581;San Andres Experiencia De Paravelismo Con Vistas;https://www.getyourguide.com/es-es/san-andres-colombia-l180220/san-andres-experiencia-de-paravelismo-con-vistas-t1133581/
Colombia;medellin-l1215;1227085;Guatape Experiencia De Pesca Deportiva Todo Incluido Reserva Previa 24H;https://www.getyourguide.com/es-es/medellin-l1215/guatape-experiencia-de-pesca-deportiva-todo-incluido-reserva-previa-24h-t1227085/
Colombia;cartagena-de-indias-l362;559315;Fiesta Al Atardecer En La Bahia Mientras Compartes Con Los Lugarenos;https://www.getyourguide.com/es-es/cartagena-de-indias-l362/fiesta-al-atardecer-en-la-bahia-mientras-compartes-con-los-lugarenos-t559315/
Colombia;medellin-l1215;1286799;;https://www.getyourguide.com/es-es/medellin-l1215/-t1286799/
Colombia;curiti-l229859;1215373;Bucaramanga Excursion De 1 Dia A Barichara Curiti Y San Gil;https://www.getyourguide.com/es-es/curiti-l229859/bucaramanga-excursion-de-1-dia-a-barichara-curiti-y-san-gil-t1215373/
Colombia;cartagena-de-indias-l362;645847;Viaje A La Isla De Mucura Y Santa Cruz En Autobus Y Barco;https://www.getyourguide.com/es-es/cartagena-de-indias-l362/viaje-a-la-isla-de-mucura-y-santa-cruz-en-autobus-y-barco-t645847/
Colombia;medellin-l1215;1222854;Medellin Desde Arriba Y Desde Adentro Picacho Viewpoint;https://www.getyourguide.com/es-es/medellin-l1215/medellin-desde-arriba-y-desde-adentro-picacho-viewpoint-t1222854/
Colombia;bogota-l361;1225616;Bogota Tour Nocturno Por La Cueva Del Arco Con Bebida;https://www.getyourguide.com/es-es/bogota-l361/bogota-tour-nocturno-por-la-cueva-del-arco-con-bebida-t1225616/
Colombia;bogota-l361;1235507;Bogota Tour De La Ciudad Con Dos Museos Y Monserrate;https://www.getyourguide.com/es-es/bogota-l361/bogota-tour-de-la-ciudad-con-dos-museos-y-monserrate-t1235507/
Colombia;guatape-l114702;1245292;Medellin Guatape Vuelo En Parapente Paseo Bote Piedra Del Penol;https://www.getyourguide.com/es-es/guatape-l114702/medellin-guatape-vuelo-en-parapente-paseo-bote-piedra-del-penol-t1245292/
Colombia;salento-colombia-l32675;1265172;Torre Vado Recorrido En Escuter Por La Costa Del Salento Con Guia Local;https://www.getyourguide.com/es-es/salento-colombia-l32675/torre-vado-recorrido-en-escuter-por-la-costa-del-salento-con-guia-local-t1265172/
Colombia;medellin-l1215;51243;Recorrido Por La Ciudad De Medellin;https://www.getyourguide.com/es-es/medellin-l1215/recorrido-por-la-ciudad-de-medellin-t51243/
Colombia;cartagena-de-indias-l362;1267285;Cartagena Ticket De Entrada Al Castillo De San Felipe De Barajas;https://www.getyourguide.com/es-es/cartagena-de-indias-l362/cartagena-ticket-de-entrada-al-castillo-de-san-felipe-de-barajas-t1267285/
Colombia;medellin-l1215;753378;Cerro Tusa Senderismo Hasta La Cima De La Piramide Natural Mas Alta;https://www.getyourguide.com/es-es/medellin-l1215/cerro-tusa-senderismo-hasta-la-cima-de-la-piramide-natural-mas-alta-t753378/
Colombia;cartagena-de-indias-l362;797511;Cartagena Tour Isla Baru Popular Terrestre Playa Tranquila;https://www.getyourguide.com/es-es/cartagena-de-indias-l362/cartagena-tour-isla-baru-popular-terrestre-playa-tranquila-t797511/
Colombia;bogota-l361;161028;Desde Bogota Salto Del Tequendama Y Hacienda Del Cafe;https://www.getyourguide.com/es-es/bogota-l361/desde-bogota-salto-del-tequendama-y-hacienda-del-cafe-t161028/
Colombia;bogota-l361;161079;Desde Bogota Excursion Ecologica Al Parque Nacional De Chingaza;https://www.getyourguide.com/es-es/bogota-l361/desde-bogota-excursion-ecologica-al-parque-nacional-de-chingaza-t161079/
Colombia;cartagena-de-indias-l362;812927;Tour A Pie Por El Castillo De San Felipe Y Getsemani Con Ticket De Entrada;https://www.getyourguide.com/es-es/cartagena-de-indias-l362/tour-a-pie-por-el-castillo-de-san-felipe-y-getsemani-con-ticket-de-entrada-t812927/
Colombia;bello-l205896;1294530;Senderismo Y Cascadas Cerro Quitasol Bello;https://www.getyourguide.com/es-es/bello-l205896/senderismo-y-cascadas-cerro-quitasol-bello-t1294530/
Colombia;baru-l120985;833772;Cartagena Transporte Privado Y Entrada Al Aviario Nacional;https://www.getyourguide.com/es-es/baru-l120985/cartagena-transporte-privado-y-entrada-al-aviario-nacional-t833772/
Colombia;riohacha-l201090;834933;La Guajira Excursion De Un Dia A Las Salinas De Manaure Y Los Flamencos;https://www.getyourguide.com/es-es/riohacha-l201090/la-guajira-excursion-de-un-dia-a-las-salinas-de-manaure-y-los-flamencos-t834933/
Colombia;san-gil-l148478;893546;Rafting Rio Fonce San Gil Aventura Y Naturaleza A Bordo;https://www.getyourguide.com/es-es/san-gil-l148478/rafting-rio-fonce-san-gil-aventura-y-naturaleza-a-bordo-t893546/
Colombia;bogota-l361;99285;Excursion De Un Dia En Transporte Privado A Villa De Leyva;https://www.getyourguide.com/es-es/bogota-l361/excursion-de-un-dia-en-transporte-privado-a-villa-de-leyva-t99285/
Colombia;bogota-l361;194897;Bogota Tour Gastronomico Guiado Con Mas De 12 Degustaciones Y Tajo;https://www.getyourguide.com/es-es/bogota-l361/bogota-tour-gastronomico-guiado-con-mas-de-12-degustaciones-y-tajo-t194897/
Colombia;medellin-l1215;936244;Grafiti Tour En La Comuna 13 De Medellin;https://www.getyourguide.com/es-es/medellin-l1215/grafiti-tour-en-la-comuna-13-de-medellin-t936244/
Colombia;cartagena-de-indias-l362;1192103;Cartagena Tour Inmersivo Por El Mercado De Bazurto Con Guia Local;https://www.getyourguide.com/es-es/cartagena-de-indias-l362/cartagena-tour-inmersivo-por-el-mercado-de-bazurto-con-guia-local-t1192103/
Colombia;cartagena-de-indias-l362;529436;Pasadia Todo Incluido En Freedom Beach Club Baru;https://www.getyourguide.com/es-es/cartagena-de-indias-l362/pasadia-todo-incluido-en-freedom-beach-club-baru-t529436/
Colombia;medellin-l1215;591423;Medellin Citytour Graffititour Y Arte Urbano En La Comuna 13;https://www.getyourguide.com/es-es/medellin-l1215/medellin-citytour-graffititour-y-arte-urbano-en-la-comuna-13-t591423/
Colombia;barranquilla-l95786;603575;Dia De Diversion En Barranquilla Y Santa Marta;https://www.getyourguide.com/es-es/barranquilla-l95786/dia-de-diversion-en-barranquilla-y-santa-marta-t603575/
Colombia;minca-l176223;1131869;Minca Avistamiento De Aves Al Amanecer Con Jungle Joe;https://www.getyourguide.com/es-es/minca-l176223/minca-avistamiento-de-aves-al-amanecer-con-jungle-joe-t1131869/
Colombia;cartagena-de-indias-l362;655295;Cartagena Navegacion Privada En El Manglar Guia En Ingles;https://www.getyourguide.com/es-es/cartagena-de-indias-l362/cartagena-navegacion-privada-en-el-manglar-guia-en-ingles-t655295/
Colombia;la-calera-l144730;1148893;Tour De 1 Dia Parque Chingaza Colibries Y Almuerzo;https://www.getyourguide.com/es-es/la-calera-l144730/tour-de-1-dia-parque-chingaza-colibries-y-almuerzo-t1148893/
Colombia;guatavita-l126403;671742;Bogota Actividad De Parapente En La Calera Con Traslados;https://www.getyourguide.com/es-es/guatavita-l126403/bogota-actividad-de-parapente-en-la-calera-con-traslados-t671742/
Colombia;medellin-l1215;801914;Medellin Tour Hacienda Napoles En Pasaporte Safari;https://www.getyourguide.com/es-es/medellin-l1215/medellin-tour-hacienda-napoles-en-pasaporte-safari-t801914/
Colombia;neiva-l153229;820687;Neiva Senderismo Ruta Las Golondrinas;https://www.getyourguide.com/es-es/neiva-l153229/neiva-senderismo-ruta-las-golondrinas-t820687/
Colombia;bogota-l361;289215;Bogota Taller Colombiano De Anillos De Esmeralda;https://www.getyourguide.com/es-es/bogota-l361/bogota-taller-colombiano-de-anillos-de-esmeralda-t289215/
Colombia;medellin-l1215;405212;Medellin Barrios Locales Y Comida Incluida En Bici Electrica;https://www.getyourguide.com/es-es/medellin-l1215/medellin-barrios-locales-y-comida-incluida-en-bici-electrica-t405212/
Colombia;san-agustin-colombia-l131748;1298421;Huila Tour Arqueologico Y Experiencia En Naturaleza Y Cultura;https://www.getyourguide.com/es-es/san-agustin-colombia-l131748/huila-tour-arqueologico-y-experiencia-en-naturaleza-y-cultura-t1298421/
Colombia;medellin-l1215;425109;Medellin Degustacion De Comida Callejera Y Visita A Los Tejados Del Poblado;https://www.getyourguide.com/es-es/medellin-l1215/medellin-degustacion-de-comida-callejera-y-visita-a-los-tejados-del-poblado-t425109/
Colombia;bogota-l361;1308227;Bogota Cata De Cafe Y Taller De Arte Sensorial;https://www.getyourguide.com/es-es/bogota-l361/bogota-cata-de-cafe-y-taller-de-arte-sensorial-t1308227/
Colombia;medellin-l1215;916110;Desde Medellin Aventura De 2 Dias En Guatape Y San Rafael;https://www.getyourguide.com/es-es/medellin-l1215/desde-medellin-aventura-de-2-dias-en-guatape-y-san-rafael-t916110/
Colombia;cartagena-de-indias-l362;467905;Cartagena Tour Islabela Islas Del Rosario Almuerzo Y Cama;https://www.getyourguide.com/es-es/cartagena-de-indias-l362/cartagena-tour-islabela-islas-del-rosario-almuerzo-y-cama-t467905/
Colombia;medellin-l1215;933818;Medellin Excursion De Un Dia Al Cementerio Privado;https://www.getyourguide.com/es-es/medellin-l1215/medellin-excursion-de-un-dia-al-cementerio-privado-t933818/
Colombia;medellin-l1215;572572;Aprende A Hacer Empanadas Desde Cero;https://www.getyourguide.com/es-es/medellin-l1215/aprende-a-hacer-empanadas-desde-cero-t572572/
Colombia;salento-colombia-l32675;1030141;Tour Privado Al Valle De Cocora Y Finca De Cafe;https://www.getyourguide.com/es-es/salento-colombia-l32675/tour-privado-al-valle-de-cocora-y-finca-de-cafe-t1030141/
Colombia;cartagena-de-indias-l362;633778;Vive La Vida Nocturna De Fiesta En Cartagena;https://www.getyourguide.com/es-es/cartagena-de-indias-l362/vive-la-vida-nocturna-de-fiesta-en-cartagena-t633778/
Colombia;cartagena-de-indias-l362;633858;Playa De Nena;https://www.getyourguide.com/es-es/cartagena-de-indias-l362/playa-de-nena-t633858/
Colombia;medellin-l1215;432839;Visita Compartida A Pablo Escobar Dentro De Medellin;https://www.getyourguide.com/es-es/medellin-l1215/visita-compartida-a-pablo-escobar-dentro-de-medellin-t432839/
Colombia;cartagena-de-indias-l362;685999;Tour Privado Al Volcan De Lodo;https://www.getyourguide.com/es-es/cartagena-de-indias-l362/tour-privado-al-volcan-de-lodo-t685999/
Colombia;medellin-l1215;482279;Guatape Tour Guatape Y Penol Desde Medellin Todo Incluido;https://www.getyourguide.com/es-es/medellin-l1215/guatape-tour-guatape-y-penol-desde-medellin-todo-incluido-t482279/
Colombia;medellin-l1215;1165729;Medellin Musica Clase De Tango Y Cata De Cerveza Artesanal;https://www.getyourguide.com/es-es/medellin-l1215/medellin-musica-clase-de-tango-y-cata-de-cerveza-artesanal-t1165729/
Colombia;santa-marta-l32129;789288;Tour De Cafe Cacao Y Cascadaminca;https://www.getyourguide.com/es-es/santa-marta-l32129/tour-de-cafe-cacao-y-cascadaminca-t789288/
Colombia;san-basilio-de-palenque-l192796;799620;Cartagena Excursion Guiada De Un Dia A San Basilio De Palenque;https://www.getyourguide.com/es-es/san-basilio-de-palenque-l192796/cartagena-excursion-guiada-de-un-dia-a-san-basilio-de-palenque-t799620/
Colombia;cartagena-de-indias-l362;542450;Cholon La Isla De La Fiesta;https://www.getyourguide.com/es-es/cartagena-de-indias-l362/cholon-la-isla-de-la-fiesta-t542450/
Colombia;el-penol-l145060;1219983;Tour Guiado Por Finca La Manuela Antigua Hacienda De Pablo Escobar;https://www.getyourguide.com/es-es/el-penol-l145060/tour-guiado-por-finca-la-manuela-antigua-hacienda-de-pablo-escobar-t1219983/
Colombia;pereira-l32650;851537;Pereira Tour Privado Por Plazas Principales Sitios Historicos Mirador;https://www.getyourguide.com/es-es/pereira-l32650/pereira-tour-privado-por-plazas-principales-sitios-historicos-mirador-t851537/
Colombia;el-penol-l145060;632380;Mansion Pablo Escobarpaintballcuatrimotoprivado Guatape;https://www.getyourguide.com/es-es/el-penol-l145060/mansion-pablo-escobarpaintballcuatrimotoprivado-guatape-t632380/
Colombia;baru-l120985;642694;Cartagena Luminous Plankton Playa Blanca Baru Y Almuerzo;https://www.getyourguide.com/es-es/baru-l120985/cartagena-luminous-plankton-playa-blanca-baru-y-almuerzo-t642694/
Colombia;guarne-l143687;1277496;Medellin Tour De Avistamiento De Colibries Con Guia;https://www.getyourguide.com/es-es/guarne-l143687/medellin-tour-de-avistamiento-de-colibries-con-guia-t1277496/
Colombia;bogota-l361;689212;Bogota Tour Por La Candelaria Monserrate Y Museos;https://www.getyourguide.com/es-es/bogota-l361/bogota-tour-por-la-candelaria-monserrate-y-museos-t689212/
Colombia;medellin-l1215;927594;Medellin Tour Nocturno De Salsa Y Bachata;https://www.getyourguide.com/es-es/medellin-l1215/medellin-tour-nocturno-de-salsa-y-bachata-t927594/
Colombia;bogota-l361;970251;Bogota Disena Tu Propio Anillo De Esmeralda Con Un Maestro Artesano;https://www.getyourguide.com/es-es/bogota-l361/bogota-disena-tu-propio-anillo-de-esmeralda-con-un-maestro-artesano-t970251/
Colombia;baru-l120985;775604;Cartagena Tour Vip A Playa Tranquila Islas Del Rosario Y Plancton;https://www.getyourguide.com/es-es/baru-l120985/cartagena-tour-vip-a-playa-tranquila-islas-del-rosario-y-plancton-t775604/
Colombia;medellin-l1215;923332;Guatape Tour Personalizado Maximo 7 Pasajeros;https://www.getyourguide.com/es-es/medellin-l1215/guatape-tour-personalizado-maximo-7-pasajeros-t923332/
Colombia;popayan-l126433;937350;Excursion Arqueologica De Tierradentro Y San Agustin En 3 Dias;https://www.getyourguide.com/es-es/popayan-l126433/excursion-arqueologica-de-tierradentro-y-san-agustin-en-3-dias-t937350/
Colombia;la-calera-l144730;967770;La Calera Vuelo En Parapente;https://www.getyourguide.com/es-es/la-calera-l144730/la-calera-vuelo-en-parapente-t967770/
Colombia;medellin-l1215;468076;Medellin Observacion De Aves Cabana Bosque Arvi;https://www.getyourguide.com/es-es/medellin-l1215/medellin-observacion-de-aves-cabana-bosque-arvi-t468076/
Colombia;bogota-l361;1257876;Bogota Tour En Bicicleta Por Plazas De Mercados Y Pasajes Historicos;https://www.getyourguide.com/es-es/bogota-l361/bogota-tour-en-bicicleta-por-plazas-de-mercados-y-pasajes-historicos-t1257876/
Colombia;cartagena-de-indias-l362;1112953;Cartagena Barco Volar 3 Pisos Con Noche Blanca Y Cena;https://www.getyourguide.com/es-es/cartagena-de-indias-l362/cartagena-barco-volar-3-pisos-con-noche-blanca-y-cena-t1112953/
Colombia;medellin-l1215;1276673;Medellin Vive Una Experiencia Campesinaconoce Un Antiguo Pueblo Colonial;https://www.getyourguide.com/es-es/medellin-l1215/medellin-vive-una-experiencia-campesinaconoce-un-antiguo-pueblo-colonial-t1276673/
Colombia;bogota-l361;664994;Experiencia Del Cafe De Bogota Cata Filtracion Y Espresso;https://www.getyourguide.com/es-es/bogota-l361/experiencia-del-cafe-de-bogota-cata-filtracion-y-espresso-t664994/
Colombia;baru-l120985;1319361;Isla Del Encanto Tour Terrestre Por La Peninsula De Baru;https://www.getyourguide.com/es-es/baru-l120985/isla-del-encanto-tour-terrestre-por-la-peninsula-de-baru-t1319361/
Colombia;popayan-l126433;1190815;Tour Guiado Privado Por La Ciudad De Popayan;https://www.getyourguide.com/es-es/popayan-l126433/tour-guiado-privado-por-la-ciudad-de-popayan-t1190815/
Colombia;bello-l205896;783152;Bello Parapente En Medellin;https://www.getyourguide.com/es-es/bello-l205896/bello-parapente-en-medellin-t783152/
Colombia;cartagena-de-indias-l362;291745;Cartagena Excursion De Un Dia A Las Islas Del Rosario Con Snorkel Y Almuerzo;https://www.getyourguide.com/es-es/cartagena-de-indias-l362/cartagena-excursion-de-un-dia-a-las-islas-del-rosario-con-snorkel-y-almuerzo-t291745/
Colombia;medellin-l1215;877119;Desde Medellin Excursion De Un Dia Al Parque Tematico Hacienda Napoles;https://www.getyourguide.com/es-es/medellin-l1215/desde-medellin-excursion-de-un-dia-al-parque-tematico-hacienda-napoles-t877119/
Colombia;san-andres-colombia-l180220;1270168;San Andres Tour Nocturno En Kayak Transparente O Paddleboard Con Luces Led;https://www.getyourguide.com/es-es/san-andres-colombia-l180220/san-andres-tour-nocturno-en-kayak-transparente-o-paddleboard-con-luces-led-t1270168/
Colombia;bogota-l361;1273908;Bogota Tour A Pie Por Usaquen En Aleman;https://www.getyourguide.com/es-es/bogota-l361/bogota-tour-a-pie-por-usaquen-en-aleman-t1273908/
Colombia;baru-l120985;410835;Buceo En Cartagena En Playa Blanca Baru Con Almuerzo;https://www.getyourguide.com/es-es/baru-l120985/buceo-en-cartagena-en-playa-blanca-baru-con-almuerzo-t410835/
Colombia;bogota-l361;161082;Desde Bogota Visita A La Catedral De Sal De Zipaquira Y Villa De Leyva;https://www.getyourguide.com/es-es/bogota-l361/desde-bogota-visita-a-la-catedral-de-sal-de-zipaquira-y-villa-de-leyva-t161082/
Colombia;bogota-l361;329526;Bogota Traslado Privado Desdehasta El Aeropuerto El Dorado;https://www.getyourguide.com/es-es/bogota-l361/bogota-traslado-privado-desdehasta-el-aeropuerto-el-dorado-t329526/
Colombia;salento-colombia-l32675;618620;Parque Del Cafe Con Transporte Privado Y Entradas;https://www.getyourguide.com/es-es/salento-colombia-l32675/parque-del-cafe-con-transporte-privado-y-entradas-t618620/
Colombia;purace-coconuco-l222407;1139934;Aguas Termales Bajo Las Estrellas Noche De Relajacion En Coconuco;https://www.getyourguide.com/es-es/purace-coconuco-l222407/aguas-termales-bajo-las-estrellas-noche-de-relajacion-en-coconuco-t1139934/
Colombia;cartagena-de-indias-l362;641603;Cartagena Traslado Del Aeropuerto A Hoteles En Laguito;https://www.getyourguide.com/es-es/cartagena-de-indias-l362/cartagena-traslado-del-aeropuerto-a-hoteles-en-laguito-t641603/
Colombia;leticia-l176618;1171371;Amazonas Travesia Selva Rios De Aventura 4 Dias;https://www.getyourguide.com/es-es/leticia-l176618/amazonas-travesia-selva-rios-de-aventura-4-dias-t1171371/
Colombia;cartagena-de-indias-l362;673521;Tesoros De Cartagena Expedicion Al Museo;https://www.getyourguide.com/es-es/cartagena-de-indias-l362/tesoros-de-cartagena-expedicion-al-museo-t673521/
Colombia;medellin-l1215;451875;Medellin Parque Arvi Teleferico Y Recorrido Por Las Corrientes De Agua;https://www.getyourguide.com/es-es/medellin-l1215/medellin-parque-arvi-teleferico-y-recorrido-por-las-corrientes-de-agua-t451875/
Colombia;bogota-l361;471696;Explora La Candelaria Y Monserrate Un Tour A Pie Guiado;https://www.getyourguide.com/es-es/bogota-l361/explora-la-candelaria-y-monserrate-un-tour-a-pie-guiado-t471696/
Colombia;bogota-l361;877842;City Tour Por Bogota Historica 7 Horas;https://www.getyourguide.com/es-es/bogota-l361/city-tour-por-bogota-historica-7-horas-t877842/
Colombia;cartagena-de-indias-l362;642839;Cartagena Excursion Vip A Las Islas Del Rosario En Lancha Deportiva De Lujo;https://www.getyourguide.com/es-es/cartagena-de-indias-l362/cartagena-excursion-vip-a-las-islas-del-rosario-en-lancha-deportiva-de-lujo-t642839/
Colombia;la-calera-l144730;1324029;Bogota Usaquen Del Bosque Al Agua Sendero Ancestral Camino Del Indio;https://www.getyourguide.com/es-es/la-calera-l144730/bogota-usaquen-del-bosque-al-agua-sendero-ancestral-camino-del-indio-t1324029/
Colombia;san-andres-colombia-l180220;1326216;;https://www.getyourguide.com/es-es/san-andres-colombia-l180220/-t1326216/
Colombia;medellin-l1215;89850;Tour Privado De La Ciudad De Medellin;https://www.getyourguide.com/es-es/medellin-l1215/tour-privado-de-la-ciudad-de-medellin-t89850/
Colombia;salento-colombia-l32675;828156;Salento Tour Por Salento Y Valle De Cocora;https://www.getyourguide.com/es-es/salento-colombia-l32675/salento-tour-por-salento-y-valle-de-cocora-t828156/
Colombia;villa-de-leyva-l2951;1073010;Tour Gastronomico Por Villa De Leyva Al Atardecer;https://www.getyourguide.com/es-es/villa-de-leyva-l2951/tour-gastronomico-por-villa-de-leyva-al-atardecer-t1073010/
Colombia;barichara-l209940;1140040;Bucaramanga Traslado Panoramico Y Cultural A San Gil O Barichara;https://www.getyourguide.com/es-es/barichara-l209940/bucaramanga-traslado-panoramico-y-cultural-a-san-gil-o-barichara-t1140040/
Colombia;cartagena-de-indias-l362;1184424;Cholon Forever Ibbiza Beach Club Tour De Fiesta En Bote Deportivo;https://www.getyourguide.com/es-es/cartagena-de-indias-l362/cholon-forever-ibbiza-beach-club-tour-de-fiesta-en-bote-deportivo-t1184424/
Colombia;cartagena-de-indias-l362;608972;Cartagena Tour En Autobus De Fiesta En Cartagena;https://www.getyourguide.com/es-es/cartagena-de-indias-l362/cartagena-tour-en-autobus-de-fiesta-en-cartagena-t608972/
Colombia;bogota-l361;1246487;Visita Bogota En Un Recorrido Con Mas De 6 Experiencias Por Conocer;https://www.getyourguide.com/es-es/bogota-l361/visita-bogota-en-un-recorrido-con-mas-de-6-experiencias-por-conocer-t1246487/
Colombia;medellin-l1215;657236;Medellin Tour Gastronomico Callejero Guiado Con Degustacion;https://www.getyourguide.com/es-es/medellin-l1215/medellin-tour-gastronomico-callejero-guiado-con-degustacion-t657236/
Colombia;medellin-l1215;1259301;Medellin Tour Por La Comuna 13 Con Arte Ritmos Y Resiliencia Urbana;https://www.getyourguide.com/es-es/medellin-l1215/medellin-tour-por-la-comuna-13-con-arte-ritmos-y-resiliencia-urbana-t1259301/
Colombia;cartagena-de-indias-l362;662858;Cartagena Isla Premium En Las Islas Del Rosario Barra Libre;https://www.getyourguide.com/es-es/cartagena-de-indias-l362/cartagena-isla-premium-en-las-islas-del-rosario-barra-libre-t662858/
Colombia;cartagena-de-indias-l362;680139;Cartagena Isla De Puntarena Con Servicio De Recogida Del Hotel;https://www.getyourguide.com/es-es/cartagena-de-indias-l362/cartagena-isla-de-puntarena-con-servicio-de-recogida-del-hotel-t680139/
Colombia;cartagena-de-indias-l362;709497;Club De Playa Privado De La Isla Rosario Pase De Un Dia Mangata;https://www.getyourguide.com/es-es/cartagena-de-indias-l362/club-de-playa-privado-de-la-isla-rosario-pase-de-un-dia-mangata-t709497/
Colombia;medellin-l1215;1141079;Medellin Tour De La Ciudad Con Luces Navidenas En Un Vehiculo Tematico;https://www.getyourguide.com/es-es/medellin-l1215/medellin-tour-de-la-ciudad-con-luces-navidenas-en-un-vehiculo-tematico-t1141079/
Colombia;guatape-l114702;1163876;Escalada Extrema Guatape La Piedra;https://www.getyourguide.com/es-es/guatape-l114702/escalada-extrema-guatape-la-piedra-t1163876/
Colombia;riohacha-l201090;1172063;Guajira Magica Cabo De La Vela Punta Gallinas 4 Dias Y 3 Noches;https://www.getyourguide.com/es-es/riohacha-l201090/guajira-magica-cabo-de-la-vela-punta-gallinas-4-dias-y-3-noches-t1172063/
Colombia;cartagena-de-indias-l362;1196574;Cartagena Travesia Serena Playa Tranquilaplancton;https://www.getyourguide.com/es-es/cartagena-de-indias-l362/cartagena-travesia-serena-playa-tranquilaplancton-t1196574/
Colombia;medellin-l1215;921755;Medellin Tour De La Ciudad De Dia Completo Con Guia Privado;https://www.getyourguide.com/es-es/medellin-l1215/medellin-tour-de-la-ciudad-de-dia-completo-con-guia-privado-t921755/
Colombia;medellin-l1215;936228;City Tour Comuna 13 Medellin Plaza Botero Metro Cable Pueblito Paisa;https://www.getyourguide.com/es-es/medellin-l1215/city-tour-comuna-13-medellin-plaza-botero-metro-cable-pueblito-paisa-t936228/
Colombia;salento-colombia-l32675;412544;Pereira Y Salento Viaje A Las Termas De Santa Rosa De Cabal;https://www.getyourguide.com/es-es/salento-colombia-l32675/pereira-y-salento-viaje-a-las-termas-de-santa-rosa-de-cabal-t412544/
Colombia;santa-marta-l32129;958652;Santa Marta 7 Tipos De Catas De Ron;https://www.getyourguide.com/es-es/santa-marta-l32129/santa-marta-7-tipos-de-catas-de-ron-t958652/
Colombia;cartagena-de-indias-l362;1008465;Cartagena Clase De Cocina Colombiana Con Chef;https://www.getyourguide.com/es-es/cartagena-de-indias-l362/cartagena-clase-de-cocina-colombiana-con-chef-t1008465/
Colombia;medellin-l1215;1015936;Medellin Ruta De Senderismo Por Los Caminos Del Cerro El Picacho Con Picnic;https://www.getyourguide.com/es-es/medellin-l1215/medellin-ruta-de-senderismo-por-los-caminos-del-cerro-el-picacho-con-picnic-t1015936/
Colombia;cartagena-de-indias-l362;1056628;Vive Y Siente Cartagena A Traves De La Cocteleria;https://www.getyourguide.com/es-es/cartagena-de-indias-l362/vive-y-siente-cartagena-a-traves-de-la-cocteleria-t1056628/
Colombia;medellin-l1215;529445;Medellin Tour Graffiti Comuna 13;https://www.getyourguide.com/es-es/medellin-l1215/medellin-tour-graffiti-comuna-13-t529445/
Colombia;medellin-l1215;51648;Recorrido Colonial De Dia Completo Por Antioquia;https://www.getyourguide.com/es-es/medellin-l1215/recorrido-colonial-de-dia-completo-por-antioquia-t51648/
Colombia;bogota-l361;1136166;Bogota Monserrate Museo Del Oro Y Candelaria Con Ar Degustacion De Cacao;https://www.getyourguide.com/es-es/bogota-l361/bogota-monserrate-museo-del-oro-y-candelaria-con-ar-degustacion-de-cacao-t1136166/
Colombia;santa-marta-l32129;656950;Cien Anos De Soledad Gabriel Garcia Marquez;https://www.getyourguide.com/es-es/santa-marta-l32129/cien-anos-de-soledad-gabriel-garcia-marquez-t656950/
Colombia;cartagena-de-indias-l362;387365;Cartagena Excursion En Kayak A La Ciudad Amurallada;https://www.getyourguide.com/es-es/cartagena-de-indias-l362/cartagena-excursion-en-kayak-a-la-ciudad-amurallada-t387365/
Colombia;bogota-l361;420260;Bogota Tour A Pie Por La Autentica Colombia Aperitivos Locales;https://www.getyourguide.com/es-es/bogota-l361/bogota-tour-a-pie-por-la-autentica-colombia-aperitivos-locales-t420260/
Colombia;santa-marta-l32129;1207264;Excursion A Santa Marta Desde Barranquilla;https://www.getyourguide.com/es-es/santa-marta-l32129/excursion-a-santa-marta-desde-barranquilla-t1207264/
Colombia;cartagena-de-indias-l362;826958;Cartagena Dia De Piscina En Hotel Playa Club Frente Al Mar En Bocagrande;https://www.getyourguide.com/es-es/cartagena-de-indias-l362/cartagena-dia-de-piscina-en-hotel-playa-club-frente-al-mar-en-bocagrande-t826958/
Colombia;medellin-l1215;833269;Comuna 13 Graffiti Tour Street Foodbebida Con Telesferic;https://www.getyourguide.com/es-es/medellin-l1215/comuna-13-graffiti-tour-street-foodbebida-con-telesferic-t833269/
Colombia;cartagena-de-indias-l362;1230624;Aventura En Quad Con Paseo En Barco Y Coctel;https://www.getyourguide.com/es-es/cartagena-de-indias-l362/aventura-en-quad-con-paseo-en-barco-y-coctel-t1230624/
Colombia;barranquilla-l95786;852897;Tour Por Barranquilla Y Su Area Metropolitana;https://www.getyourguide.com/es-es/barranquilla-l95786/tour-por-barranquilla-y-su-area-metropolitana-t852897/
Colombia;medellin-l1215;1239809;Medellin Guatape Grupo Pequeno Navegacion De Lujo Y Almuerzo A La Carta;https://www.getyourguide.com/es-es/medellin-l1215/medellin-guatape-grupo-pequeno-navegacion-de-lujo-y-almuerzo-a-la-carta-t1239809/
Colombia;barranquilla-l95786;517427;Traslado De Llegada O Salida Aeropuerto Ernesto Cortissoz;https://www.getyourguide.com/es-es/barranquilla-l95786/traslado-de-llegada-o-salida-aeropuerto-ernesto-cortissoz-t517427/
Colombia;cartagena-de-indias-l362;884228;Dia Completo En Las Islas Del Rosario Con Almuerzo Cartagena;https://www.getyourguide.com/es-es/cartagena-de-indias-l362/dia-completo-en-las-islas-del-rosario-con-almuerzo-cartagena-t884228/
Colombia;medellin-l1215;1263509;Medellin Museo El Castillo Comuna 13 Privado;https://www.getyourguide.com/es-es/medellin-l1215/medellin-museo-el-castillo-comuna-13-privado-t1263509/
Colombia;barichara-l209940;998847;Barichara Moldea Tu Primera Par De Bahareque;https://www.getyourguide.com/es-es/barichara-l209940/barichara-moldea-tu-primera-par-de-bahareque-t998847/
Colombia;manizales-l126418;1322663;Manizales Tours Fincas Cafeteras Y Aguas Termales;https://www.getyourguide.com/es-es/manizales-l126418/manizales-tours-fincas-cafeteras-y-aguas-termales-t1322663/
Colombia;cartagena-de-indias-l362;669361;Foto Video Tour De Cartagena;https://www.getyourguide.com/es-es/cartagena-de-indias-l362/foto-video-tour-de-cartagena-t669361/
Colombia;santa-marta-l32129;1062599;Santa Marta Tour Guiado De 3 Dias Por El Parque Nacional Tayrona;https://www.getyourguide.com/es-es/santa-marta-l32129/santa-marta-tour-guiado-de-3-dias-por-el-parque-nacional-tayrona-t1062599/
Colombia;bogota-l361;289200;Bogota Descubre Las Tradiciones Locales Del Desayuno Y Degustaciones;https://www.getyourguide.com/es-es/bogota-l361/bogota-descubre-las-tradiciones-locales-del-desayuno-y-degustaciones-t289200/
Colombia;zipaquira-l131353;788228;Bogota Excursion A La Catedral De Sal Del Zipa Y A La Mina De Sal De Nemocon;https://www.getyourguide.com/es-es/zipaquira-l131353/bogota-excursion-a-la-catedral-de-sal-del-zipa-y-a-la-mina-de-sal-de-nemocon-t788228/
Colombia;bogota-l361;377794;Bogota Visita Privada Al Mercado De Paloquemao Con Degustaciones;https://www.getyourguide.com/es-es/bogota-l361/bogota-visita-privada-al-mercado-de-paloquemao-con-degustaciones-t377794/
Colombia;san-andres-colombia-l180220;817643;San Andres Conoce El Semisubmarino Nautilus;https://www.getyourguide.com/es-es/san-andres-colombia-l180220/san-andres-conoce-el-semisubmarino-nautilus-t817643/
Colombia;bogota-l361;1129665;Bogota Museo Del Oro Recorrido Profundo Por El Mundo Prehispanico;https://www.getyourguide.com/es-es/bogota-l361/bogota-museo-del-oro-recorrido-profundo-por-el-mundo-prehispanico-t1129665/
Colombia;medellin-l1215;859414;Visita Compartida La Violencia Y El Posconflicto De Medellin Despues De Pablo;https://www.getyourguide.com/es-es/medellin-l1215/visita-compartida-la-violencia-y-el-posconflicto-de-medellin-despues-de-pablo-t859414/
Colombia;minca-l176223;1177938;Cafe Tour Minca;https://www.getyourguide.com/es-es/minca-l176223/cafe-tour-minca-t1177938/
Colombia;juanchaco-l168613;1221424;Cali Tour De Avistamiento De Ballenas Con Desayuno Y Almuerzo;https://www.getyourguide.com/es-es/juanchaco-l168613/cali-tour-de-avistamiento-de-ballenas-con-desayuno-y-almuerzo-t1221424/
Colombia;cartagena-de-indias-l362;1010011;Cartagena Clase De Cocteleria Tradicional Colombiana;https://www.getyourguide.com/es-es/cartagena-de-indias-l362/cartagena-clase-de-cocteleria-tradicional-colombiana-t1010011/
Colombia;envigado-l145246;1257987;;https://www.getyourguide.com/es-es/envigado-l145246/-t1257987/
Colombia;pasto-l101982;1263315;Pasto De La Chagra A La Olla Vive El Sabor Del Campo;https://www.getyourguide.com/es-es/pasto-l101982/pasto-de-la-chagra-a-la-olla-vive-el-sabor-del-campo-t1263315/
Colombia;cali-colombia-l1213;1265736;Cali Nightlife Tour Bulevar Salsa Streets Chiva Club 1060;https://www.getyourguide.com/es-es/cali-colombia-l1213/cali-nightlife-tour-bulevar-salsa-streets-chiva-club-1060-t1265736/
Colombia;cali-colombia-l1213;1270425;Taller Basico De Serigrafia Estampa Tu Propia Camiseta En Cali;https://www.getyourguide.com/es-es/cali-colombia-l1213/taller-basico-de-serigrafia-estampa-tu-propia-camiseta-en-cali-t1270425/
Colombia;salento-colombia-l32675;597256;Excursion A Filandia Salento Y Valle Del Cocora;https://www.getyourguide.com/es-es/salento-colombia-l32675/excursion-a-filandia-salento-y-valle-del-cocora-t597256/
Colombia;cartagena-de-indias-l362;678393;Cartagena Disfruta De Las Islas Del Rosario Con Barra Libre;https://www.getyourguide.com/es-es/cartagena-de-indias-l362/cartagena-disfruta-de-las-islas-del-rosario-con-barra-libre-t678393/
Colombia;cartagena-de-indias-l362;450836;Isla Baru Recorrido En Aviario Nacional De Colombia Y Mambo;https://www.getyourguide.com/es-es/cartagena-de-indias-l362/isla-baru-recorrido-en-aviario-nacional-de-colombia-y-mambo-t450836/
Colombia;cartagena-de-indias-l362;959522;Experiencia De 8 Dias Trekking A La Ciudad Perdida Y Cartagena;https://www.getyourguide.com/es-es/cartagena-de-indias-l362/experiencia-de-8-dias-trekking-a-la-ciudad-perdida-y-cartagena-t959522/
Colombia;cali-colombia-l1213;554320;Cali Tour De Cerveza Artesanal En Cali;https://www.getyourguide.com/es-es/cali-colombia-l1213/cali-tour-de-cerveza-artesanal-en-cali-t554320/
Colombia;cartagena-de-indias-l362;1010887;Cartagena Cata De Ron Y Chocolate Con Clase De Cocteles;https://www.getyourguide.com/es-es/cartagena-de-indias-l362/cartagena-cata-de-ron-y-chocolate-con-clase-de-cocteles-t1010887/
Colombia;baru-l120985;663716;Cartagena Puesta De Sol En Playa Blanca Club De Playa Privado Baru;https://www.getyourguide.com/es-es/baru-l120985/cartagena-puesta-de-sol-en-playa-blanca-club-de-playa-privado-baru-t663716/
Colombia;cartagena-de-indias-l362;302618;Cartagena Tour A Pie Por La Ciudad Amurallada;https://www.getyourguide.com/es-es/cartagena-de-indias-l362/cartagena-tour-a-pie-por-la-ciudad-amurallada-t302618/
Colombia;barranquilla-l95786;1103319;Tour 8 Dias Por La Costa Santa Marta Tayrona Cartagena Y Barranquilla;https://www.getyourguide.com/es-es/barranquilla-l95786/tour-8-dias-por-la-costa-santa-marta-tayrona-cartagena-y-barranquilla-t1103319/
Colombia;bogota-l361;780719;Bogota Exploracion Ancestral Tour Facatativa Piedras Del Tunjo Y Zipacon;https://www.getyourguide.com/es-es/bogota-l361/bogota-exploracion-ancestral-tour-facatativa-piedras-del-tunjo-y-zipacon-t780719/
Colombia;medellin-l1215;443149;E Bike City Tour Medellin Con Cerveza Local Y Aperitivos;https://www.getyourguide.com/es-es/medellin-l1215/e-bike-city-tour-medellin-con-cerveza-local-y-aperitivos-t443149/
Colombia;cartagena-de-indias-l362;805601;Cartagena Chiva Tipica Rumbera Nocturna Con Entrada A La Disco;https://www.getyourguide.com/es-es/cartagena-de-indias-l362/cartagena-chiva-tipica-rumbera-nocturna-con-entrada-a-la-disco-t805601/
Colombia;medellin-l1215;1252415;Medellin Tour Nocturno De La Ciudad En Un Autobus Fiestero Tradicional Con Bebidas;https://www.getyourguide.com/es-es/medellin-l1215/medellin-tour-nocturno-de-la-ciudad-en-un-autobus-fiestero-tradicional-con-bebidas-t1252415/
Colombia;bogota-l361;891292;Zipaquira Pequeno Grupo Catedral Y Pueblo De Sal Con Servicio De Recogida;https://www.getyourguide.com/es-es/bogota-l361/zipaquira-pequeno-grupo-catedral-y-pueblo-de-sal-con-servicio-de-recogida-t891292/
Colombia;cartagena-de-indias-l362;614092;Cartagena Consigna De Equipajes;https://www.getyourguide.com/es-es/cartagena-de-indias-l362/cartagena-consigna-de-equipajes-t614092/
Colombia;cartagena-de-indias-l362;919397;Cartagena Tour Privado De Observacion De Aves En El Bosque Tropical Seco;https://www.getyourguide.com/es-es/cartagena-de-indias-l362/cartagena-tour-privado-de-observacion-de-aves-en-el-bosque-tropical-seco-t919397/
Colombia;zipaquira-l131353;929536;Catedral De Sal De Zipaquira Almuerzo En Andres Carne De Res;https://www.getyourguide.com/es-es/zipaquira-l131353/catedral-de-sal-de-zipaquira-almuerzo-en-andres-carne-de-res-t929536/
Colombia;salento-colombia-l32675;629735;Recorrido Por Las Ciudades Del Cafe De Filandia Y Salento;https://www.getyourguide.com/es-es/salento-colombia-l32675/recorrido-por-las-ciudades-del-cafe-de-filandia-y-salento-t629735/
Colombia;nemocon-l126408;662655;Bogota Tour Privado A La Impresionante Mina De Sal De Nemocon;https://www.getyourguide.com/es-es/nemocon-l126408/bogota-tour-privado-a-la-impresionante-mina-de-sal-de-nemocon-t662655/
Colombia;medellin-l1215;1310216;Experiencia Fitness En Medellin Outdoor Y Gym;https://www.getyourguide.com/es-es/medellin-l1215/experiencia-fitness-en-medellin-outdoor-y-gym-t1310216/
Colombia;caldas-antioquia-l236444;1325477;Caldas Tour Ruta De La Bebida Carnavalera;https://www.getyourguide.com/es-es/caldas-antioquia-l236444/caldas-tour-ruta-de-la-bebida-carnavalera-t1325477/
Colombia;medellin-l1215;1327347;Explora La Plaza Botero De Medellin Y Otros Tesoros Del Centro De La Ciudad;https://www.getyourguide.com/es-es/medellin-l1215/explora-la-plaza-botero-de-medellin-y-otros-tesoros-del-centro-de-la-ciudad-t1327347/
Colombia;cartagena-de-indias-l362;797095;Cartagena Traslado En Barco Desde Y Hacia Los Hoteles De Isla Grande;https://www.getyourguide.com/es-es/cartagena-de-indias-l362/cartagena-traslado-en-barco-desde-y-hacia-los-hoteles-de-isla-grande-t797095/
Colombia;santa-marta-l32129;828451;Santa Marta Tour Bahia Acuario Y Rodadero En Katamaran;https://www.getyourguide.com/es-es/santa-marta-l32129/santa-marta-tour-bahia-acuario-y-rodadero-en-katamaran-t828451/
Colombia;filandia-l222422;1082356;Tour 3 Pueblos Por Filandia Pijao Y Buenavista;https://www.getyourguide.com/es-es/filandia-l222422/tour-3-pueblos-por-filandia-pijao-y-buenavista-t1082356/
Colombia;pasto-l101982;846549;Tour Laguna De La Cocha 2 Dias Y 1 Noche;https://www.getyourguide.com/es-es/pasto-l101982/tour-laguna-de-la-cocha-2-dias-y-1-noche-t846549/
Colombia;salento-colombia-l32675;1099041;Salento Tour A La Carbonera Y Bosque De Palmas De Cera;https://www.getyourguide.com/es-es/salento-colombia-l32675/salento-tour-a-la-carbonera-y-bosque-de-palmas-de-cera-t1099041/
Colombia;medellin-l1215;339741;Desde Medellin Combo Paseo En Quad Y Experiencia De Rafting;https://www.getyourguide.com/es-es/medellin-l1215/desde-medellin-combo-paseo-en-quad-y-experiencia-de-rafting-t339741/
Colombia;guatape-l114702;868350;Guatape Experiencia En Parapente;https://www.getyourguide.com/es-es/guatape-l114702/guatape-experiencia-en-parapente-t868350/
Colombia;cartagena-de-indias-l362;1118323;Cartagena Tour A Pie Privado Por El Casco Antiguo Y Getsemani;https://www.getyourguide.com/es-es/cartagena-de-indias-l362/cartagena-tour-a-pie-privado-por-el-casco-antiguo-y-getsemani-t1118323/
Colombia;cali-colombia-l1213;900138;Ticket De Acceso Zoologico De Cali;https://www.getyourguide.com/es-es/cali-colombia-l1213/ticket-de-acceso-zoologico-de-cali-t900138/
Colombia;cali-colombia-l1213;1155002;Cali Ascenso Guiado Al Cerro De Las 3 Cruces;https://www.getyourguide.com/es-es/cali-colombia-l1213/cali-ascenso-guiado-al-cerro-de-las-3-cruces-t1155002/
Colombia;cali-colombia-l1213;412821;San Cipriano Visita Guiada A La Reserva Natural De San Cipriano;https://www.getyourguide.com/es-es/cali-colombia-l1213/san-cipriano-visita-guiada-a-la-reserva-natural-de-san-cipriano-t412821/
Colombia;bogota-l361;1180551;Visita Guiada Por El Museo Del Oro Y Recorrido Cultural Por La Candelaria;https://www.getyourguide.com/es-es/bogota-l361/visita-guiada-por-el-museo-del-oro-y-recorrido-cultural-por-la-candelaria-t1180551/
Colombia;cartagena-de-indias-l362;440985;Cartagena Visita A Palenque Espectaculo De Danza Almuerzo Recogida Incluida;https://www.getyourguide.com/es-es/cartagena-de-indias-l362/cartagena-visita-a-palenque-espectaculo-de-danza-almuerzo-recogida-incluida-t440985/
Colombia;zipaquira-l131353;1039026;Bogota Tour De Dia Completo A Guatavita Y La Catedral De Sal Con Entradas;https://www.getyourguide.com/es-es/zipaquira-l131353/bogota-tour-de-dia-completo-a-guatavita-y-la-catedral-de-sal-con-entradas-t1039026/
Colombia;bogota-l361;1045677;Bogota Tour A Pie;https://www.getyourguide.com/es-es/bogota-l361/bogota-tour-a-pie-t1045677/
Colombia;bogota-l361;1101764;Bogota Crea Tu Propio Anillo De Esmeralda En Un Taller;https://www.getyourguide.com/es-es/bogota-l361/bogota-crea-tu-propio-anillo-de-esmeralda-en-un-taller-t1101764/
Colombia;salento-colombia-l32675;581298;Valle Del Cocora Salento Salida Diaria;https://www.getyourguide.com/es-es/salento-colombia-l32675/valle-del-cocora-salento-salida-diaria-t581298/
Colombia;cartagena-de-indias-l362;677538;Cartagena Daypass Islas Del Rosario Ibbiza Island Beach Club;https://www.getyourguide.com/es-es/cartagena-de-indias-l362/cartagena-daypass-islas-del-rosario-ibbiza-island-beach-club-t677538/
Colombia;baru-l120985;781903;Cartagena Tour Baru Lancha Islas Del Rosario;https://www.getyourguide.com/es-es/baru-l120985/cartagena-tour-baru-lancha-islas-del-rosario-t781903/
Colombia;cartagena-de-indias-l362;798215;Baru Playa De La Libertad Con Manglar Y Snorkel En Barco;https://www.getyourguide.com/es-es/cartagena-de-indias-l362/baru-playa-de-la-libertad-con-manglar-y-snorkel-en-barco-t798215/
Colombia;cali-colombia-l1213;1248299;Cali Tour A Pie Cultural Con Museo Y Tentempie Local;https://www.getyourguide.com/es-es/cali-colombia-l1213/cali-tour-a-pie-cultural-con-museo-y-tentempie-local-t1248299/
Colombia;pasto-l101982;1252618;Desde Pasto Tour Binacional Santuario De Las Lajas Y Cementerio De Tulcan;https://www.getyourguide.com/es-es/pasto-l101982/desde-pasto-tour-binacional-santuario-de-las-lajas-y-cementerio-de-tulcan-t1252618/
Colombia;san-andres-colombia-l180220;1256860;San Andres Tour En Bote De Cristal Experiencia Acuatica;https://www.getyourguide.com/es-es/san-andres-colombia-l180220/san-andres-tour-en-bote-de-cristal-experiencia-acuatica-t1256860/
Colombia;cartagena-de-indias-l362;396382;Tour De La Ciudad Amurallada San Felipe Y Convento De La Popa De Cartagena;https://www.getyourguide.com/es-es/cartagena-de-indias-l362/tour-de-la-ciudad-amurallada-san-felipe-y-convento-de-la-popa-de-cartagena-t396382/
Colombia;cartagena-de-indias-l362;450512;Vida Nocturna Pub Crawl En Cartagena;https://www.getyourguide.com/es-es/cartagena-de-indias-l362/vida-nocturna-pub-crawl-en-cartagena-t450512/
Colombia;pasto-l101982;1313249;Pasadia Laguna De La Cocha Naturaleza Gastronomia Y Experiencia Local;https://www.getyourguide.com/es-es/pasto-l101982/pasadia-laguna-de-la-cocha-naturaleza-gastronomia-y-experiencia-local-t1313249/
Colombia;bogota-l361;970204;Visita Guiada Privada A Pie Del Casco Antiguo De Bogota La Candelaria;https://www.getyourguide.com/es-es/bogota-l361/visita-guiada-privada-a-pie-del-casco-antiguo-de-bogota-la-candelaria-t970204/
Colombia;bogota-l361;987984;Bogota Tour Privado De 4 Horas Al Museo Del Oro Y Monserrate;https://www.getyourguide.com/es-es/bogota-l361/bogota-tour-privado-de-4-horas-al-museo-del-oro-y-monserrate-t987984/
Colombia;guatape-l114702;1005807;Guatape Exploracion De Cuevas Con Entrada A Pie O En Rappel;https://www.getyourguide.com/es-es/guatape-l114702/guatape-exploracion-de-cuevas-con-entrada-a-pie-o-en-rappel-t1005807/
Colombia;bogota-l361;654985;Bogota Tour Espiritual Privado A Monserrate Y Guadalupe;https://www.getyourguide.com/es-es/bogota-l361/bogota-tour-espiritual-privado-a-monserrate-y-guadalupe-t654985/
Colombia;bogota-l361;396355;Bogota Excursion De Dia Completo A Villa De Leyva Con Almuerzo;https://www.getyourguide.com/es-es/bogota-l361/bogota-excursion-de-dia-completo-a-villa-de-leyva-con-almuerzo-t396355/
Colombia;cartagena-de-indias-l362;700059;Cartagenadisfruta De La Puesta De Sol En La Bahia Con Musica Licor En Barco;https://www.getyourguide.com/es-es/cartagena-de-indias-l362/cartagenadisfruta-de-la-puesta-de-sol-en-la-bahia-con-musica-licor-en-barco-t700059/
Colombia;barranquilla-l95786;723287;Barranquilla Excursion Al Rio Magdalena Y Bocas De Cenizas;https://www.getyourguide.com/es-es/barranquilla-l95786/barranquilla-excursion-al-rio-magdalena-y-bocas-de-cenizas-t723287/
Colombia;cartagena-de-indias-l362;763528;Bora Bora Area Club;https://www.getyourguide.com/es-es/cartagena-de-indias-l362/bora-bora-area-club-t763528/
Colombia;cartagena-de-indias-l362;471175;Mercado De Bazurto Convento De La Popa Cartagena City Tour 4H;https://www.getyourguide.com/es-es/cartagena-de-indias-l362/mercado-de-bazurto-convento-de-la-popa-cartagena-city-tour-4h-t471175/
Colombia;santa-marta-l32129;1195243;Minca Tour A Cascada Jaguar Marinka Finca Cafetera Y Atardecer;https://www.getyourguide.com/es-es/santa-marta-l32129/minca-tour-a-cascada-jaguar-marinka-finca-cafetera-y-atardecer-t1195243/
Colombia;medellin-l1215;503847;Pablo Comuna 13 Y Teleferico Express;https://www.getyourguide.com/es-es/medellin-l1215/pablo-comuna-13-y-teleferico-express-t503847/
Colombia;santa-marta-l32129;822628;Santamarta Combo Daytour A Playa Blanca Acuario Marino Y Almuerzo;https://www.getyourguide.com/es-es/santa-marta-l32129/santamarta-combo-daytour-a-playa-blanca-acuario-marino-y-almuerzo-t822628/
Colombia;bogota-l361;1222147;Bogota Ruta De Senderismo Guiada Por Paramo De Sumapaz Con Almuerzo;https://www.getyourguide.com/es-es/bogota-l361/bogota-ruta-de-senderismo-guiada-por-paramo-de-sumapaz-con-almuerzo-t1222147/
Colombia;bogota-l361;834618;Bogota Catedral De Sal La Primera Maravilla De Colombia;https://www.getyourguide.com/es-es/bogota-l361/bogota-catedral-de-sal-la-primera-maravilla-de-colombia-t834618/
Colombia;bogota-l361;1256814;Recorrido De Murales Por La Candelaria Y Pinta Tu Propio Jaguar;https://www.getyourguide.com/es-es/bogota-l361/recorrido-de-murales-por-la-candelaria-y-pinta-tu-propio-jaguar-t1256814/
Colombia;cartagena-de-indias-l362;887215;Descubre El Paddle En Cartagena Aventura Y Diversion En El Mar;https://www.getyourguide.com/es-es/cartagena-de-indias-l362/descubre-el-paddle-en-cartagena-aventura-y-diversion-en-el-mar-t887215/
Colombia;guatape-l114702;1289284;Tour Por Guatape Y El Penol Con Visita A La Piedra;https://www.getyourguide.com/es-es/guatape-l114702/tour-por-guatape-y-el-penol-con-visita-a-la-piedra-t1289284/
Colombia;santa-marta-l32129;696174;Excursion A La Experiencia Del Cacao;https://www.getyourguide.com/es-es/santa-marta-l32129/excursion-a-la-experiencia-del-cacao-t696174/
Colombia;medellin-l1215;769474;Medellin Dia De Aventura Rio Y Cascadas Tour Privado;https://www.getyourguide.com/es-es/medellin-l1215/medellin-dia-de-aventura-rio-y-cascadas-tour-privado-t769474/
Colombia;santa-marta-l32129;776844;Parque Tayrona Bahia Concha;https://www.getyourguide.com/es-es/santa-marta-l32129/parque-tayrona-bahia-concha-t776844/
Colombia;salento-colombia-l32675;792094;Salento Tour Guiado A Pie Con Visita Al Museo De Fotografia;https://www.getyourguide.com/es-es/salento-colombia-l32675/salento-tour-guiado-a-pie-con-visita-al-museo-de-fotografia-t792094/
Colombia;bogota-l361;1032056;Bogota Ruta De Bares Y Discotecas En Chapinero Con Guia;https://www.getyourguide.com/es-es/bogota-l361/bogota-ruta-de-bares-y-discotecas-en-chapinero-con-guia-t1032056/
Colombia;salento-colombia-l32675;1091576;Salento Excursion En Bicicleta De Descenso Por Los Andes Con Desayuno Incluido;https://www.getyourguide.com/es-es/salento-colombia-l32675/salento-excursion-en-bicicleta-de-descenso-por-los-andes-con-desayuno-incluido-t1091576/
Colombia;medellin-l1215;383458;Desde Medellin Pueblos Coloniales De Antioquia;https://www.getyourguide.com/es-es/medellin-l1215/desde-medellin-pueblos-coloniales-de-antioquia-t383458/
Colombia;bogota-l361;1113604;Distrito Ciudad Bolivar En Teleferico Tour Y Taller De Grafiti;https://www.getyourguide.com/es-es/bogota-l361/distrito-ciudad-bolivar-en-teleferico-tour-y-taller-de-grafiti-t1113604/
Colombia;el-carmen-de-viboral-l165459;1129430;El Carmen De Viboral Ruta De Senderismo Privada Por La Madera;https://www.getyourguide.com/es-es/el-carmen-de-viboral-l165459/el-carmen-de-viboral-ruta-de-senderismo-privada-por-la-madera-t1129430/
Colombia;cartagena-de-indias-l362;1153375;Cartagena De Noche En Carro Electrico Estilo Clasico;https://www.getyourguide.com/es-es/cartagena-de-indias-l362/cartagena-de-noche-en-carro-electrico-estilo-clasico-t1153375/
Colombia;el-carmen-de-viboral-l165459;1172074;Tour Oriente Antioqueno La Piedra Guatape El Carmen El Retiro;https://www.getyourguide.com/es-es/el-carmen-de-viboral-l165459/tour-oriente-antioqueno-la-piedra-guatape-el-carmen-el-retiro-t1172074/
Colombia;salento-colombia-l32675;973528;Salento Tour Compartido A Una Granja De Cafe;https://www.getyourguide.com/es-es/salento-colombia-l32675/salento-tour-compartido-a-una-granja-de-cafe-t973528/
Colombia;cartagena-de-indias-l362;1014426;Cartagena Taller De Acuarela Al Atardecer Con Chicharron Y Cerveza;https://www.getyourguide.com/es-es/cartagena-de-indias-l362/cartagena-taller-de-acuarela-al-atardecer-con-chicharron-y-cerveza-t1014426/
Colombia;pasto-l101982;1221503;Pasto Excursion De 1 Dia Al Santuario De Las Lajas Y Tulcan;https://www.getyourguide.com/es-es/pasto-l101982/pasto-excursion-de-1-dia-al-santuario-de-las-lajas-y-tulcan-t1221503/
Colombia;cartagena-de-indias-l362;538543;Cartagena Tour De Baile De Salsa En Famosos Bares Locales;https://www.getyourguide.com/es-es/cartagena-de-indias-l362/cartagena-tour-de-baile-de-salsa-en-famosos-bares-locales-t538543/
Colombia;cartagena-de-indias-l362;1026676;Islas Del Rosario Desde Cartagena Catamaran Snorkel Y Todo Incluido;https://www.getyourguide.com/es-es/cartagena-de-indias-l362/islas-del-rosario-desde-cartagena-catamaran-snorkel-y-todo-incluido-t1026676/
Colombia;la-calera-l144730;562470;Bogota Aventura En La Cordillera De Los Andes;https://www.getyourguide.com/es-es/la-calera-l144730/bogota-aventura-en-la-cordillera-de-los-andes-t562470/
Colombia;bogota-l361;566543;Bogota Boleto De Ingreso A Monserrate;https://www.getyourguide.com/es-es/bogota-l361/bogota-boleto-de-ingreso-a-monserrate-t566543/
Colombia;nuqui-l215304;1075231;Nuqui Tour En Barco Al Parque Utria Archipielagos Y Ballenas;https://www.getyourguide.com/es-es/nuqui-l215304/nuqui-tour-en-barco-al-parque-utria-archipielagos-y-ballenas-t1075231/
Colombia;tocancipa-l146029;1079882;Tocancipa Ven Y Vivie Una Experiencia Sanacion Espiritual;https://www.getyourguide.com/es-es/tocancipa-l146029/tocancipa-ven-y-vivie-una-experiencia-sanacion-espiritual-t1079882/
Colombia;minca-l176223;1287582;Minca Visita Casa Sunset Jocolate;https://www.getyourguide.com/es-es/minca-l176223/minca-visita-casa-sunset-jocolate-t1287582/
Colombia;cartagena-de-indias-l362;1118143;Cartagena Tour Barranquilla Rumbero Nocturno Con Salida Desde Cartagena;https://www.getyourguide.com/es-es/cartagena-de-indias-l362/cartagena-tour-barranquilla-rumbero-nocturno-con-salida-desde-cartagena-t1118143/
Colombia;pereira-l32650;1127079;Pereira Tour Privado En Vehiculo Blindado A Armenia;https://www.getyourguide.com/es-es/pereira-l32650/pereira-tour-privado-en-vehiculo-blindado-a-armenia-t1127079/
Colombia;la-calera-l144730;657074;Bogota Cabalgata Por Los Cerros Orientales;https://www.getyourguide.com/es-es/la-calera-l144730/bogota-cabalgata-por-los-cerros-orientales-t657074/
Colombia;cartagena-de-indias-l362;669292;Cartagena Tour A Pie Privado Por La Ciudad Vieja Y Getsemani;https://www.getyourguide.com/es-es/cartagena-de-indias-l362/cartagena-tour-a-pie-privado-por-la-ciudad-vieja-y-getsemani-t669292/
Colombia;cartagena-de-indias-l362;671635;Cartagena Cholon Y Baru Con Almuerzo;https://www.getyourguide.com/es-es/cartagena-de-indias-l362/cartagena-cholon-y-baru-con-almuerzo-t671635/
Colombia;pasto-l101982;1315108;Puebleando Alrededor Del Volcan Galeras Recorriendo Pueblos De Pasto;https://www.getyourguide.com/es-es/pasto-l101982/puebleando-alrededor-del-volcan-galeras-recorriendo-pueblos-de-pasto-t1315108/
Colombia;cartagena-de-indias-l362;1193848;Tour De La Ciudad De Cartagena En Un Autobus Chiva Tipica;https://www.getyourguide.com/es-es/cartagena-de-indias-l362/tour-de-la-ciudad-de-cartagena-en-un-autobus-chiva-tipica-t1193848/
Colombia;cartagena-de-indias-l362;1194040;Cartagena Tour De Observacion De Aves En La Hacienda San Benito;https://www.getyourguide.com/es-es/cartagena-de-indias-l362/cartagena-tour-de-observacion-de-aves-en-la-hacienda-san-benito-t1194040/
Colombia;bogota-l361;72840;Todos Los Dias A Partir De 1 Persona Tour A La Catedral De Sal De Zipaquira;https://www.getyourguide.com/es-es/bogota-l361/todos-los-dias-a-partir-de-1-persona-tour-a-la-catedral-de-sal-de-zipaquira-t72840/
Colombia;barranquilla-l95786;1228303;Vive Las Galeria A Cielo Abierto De La Barranquilla;https://www.getyourguide.com/es-es/barranquilla-l95786/vive-las-galeria-a-cielo-abierto-de-la-barranquilla-t1228303/
Colombia;medellin-l1215;1247945;Tour Del Cafe Y Frutas Exoticas Desde Medellin Con Almuerzo;https://www.getyourguide.com/es-es/medellin-l1215/tour-del-cafe-y-frutas-exoticas-desde-medellin-con-almuerzo-t1247945/
Colombia;cali-colombia-l1213;861849;Historia Cultura Y Comida En La Plaza Del Mercado;https://www.getyourguide.com/es-es/cali-colombia-l1213/historia-cultura-y-comida-en-la-plaza-del-mercado-t861849/
Colombia;leticia-l176618;414137;Desde Leticia Amazonas Natural Y Cultural 5 Dias;https://www.getyourguide.com/es-es/leticia-l176618/desde-leticia-amazonas-natural-y-cultural-5-dias-t414137/
Colombia;cartagena-de-indias-l362;421394;Desde Cartagena Excursion Privada Bongaisla Del Rosariomanglares;https://www.getyourguide.com/es-es/cartagena-de-indias-l362/desde-cartagena-excursion-privada-bongaisla-del-rosariomanglares-t421394/
Colombia;cartagena-de-indias-l362;1013487;Brunch Ilimitado Village People En Tiny Village Cartagens;https://www.getyourguide.com/es-es/cartagena-de-indias-l362/brunch-ilimitado-village-people-en-tiny-village-cartagens-t1013487/
Colombia;medellin-l1215;1039037;Medellin Tours A Pie Y Sesiones Fotograficas En El Poblado;https://www.getyourguide.com/es-es/medellin-l1215/medellin-tours-a-pie-y-sesiones-fotograficas-en-el-poblado-t1039037/
Colombia;minca-l176223;1074697;Minca Ruta De Senderismo Magica Cascada Y Taller De Cafecacao;https://www.getyourguide.com/es-es/minca-l176223/minca-ruta-de-senderismo-magica-cascada-y-taller-de-cafecacao-t1074697/
Colombia;bogota-l361;1083073;Bogota La Candelaria Museo Del Oro Y Tour Privado De Tejo;https://www.getyourguide.com/es-es/bogota-l361/bogota-la-candelaria-museo-del-oro-y-tour-privado-de-tejo-t1083073/
Colombia;cali-colombia-l1213;595070;Cali Tour A Pie De Tres Horas Para Descubrir La Ciudad De Cali;https://www.getyourguide.com/es-es/cali-colombia-l1213/cali-tour-a-pie-de-tres-horas-para-descubrir-la-ciudad-de-cali-t595070/
Colombia;bogota-l361;327136;Bogota Tour De Futbol Con Entradas Y Cerveza Ilimitada;https://www.getyourguide.com/es-es/bogota-l361/bogota-tour-de-futbol-con-entradas-y-cerveza-ilimitada-t327136/
Colombia;bogota-l361;1113910;Bogota Tour Jardin Botanico Y Visita Al Mercado Paloquemao Con Frutas;https://www.getyourguide.com/es-es/bogota-l361/bogota-tour-jardin-botanico-y-visita-al-mercado-paloquemao-con-frutas-t1113910/
Colombia;villavieja-l215836;630520;Excursion De Un Dia Al Desierto De La Tatacoa A Caballo En Barco Observacion De Las Estrellas ;https://www.getyourguide.com/es-es/villavieja-l215836/excursion-de-un-dia-al-desierto-de-la-tatacoa-a-caballo-en-barco-observacion-de-las-estrellas--t630520/
Colombia;cartagena-de-indias-l362;630641;Cartagena Fiesta En Un Autobus Tipico Que Cruza La Ciudad;https://www.getyourguide.com/es-es/cartagena-de-indias-l362/cartagena-fiesta-en-un-autobus-tipico-que-cruza-la-ciudad-t630641/
Colombia;baru-l120985;636507;Cartagena Puesta De Sol Magica En Baru Y Excursion De Plancton;https://www.getyourguide.com/es-es/baru-l120985/cartagena-puesta-de-sol-magica-en-baru-y-excursion-de-plancton-t636507/
Colombia;cartagena-de-indias-l362;641399;Cartagena Traslado Al Aeropuerto A Cualquier Hotel De Getsemani;https://www.getyourguide.com/es-es/cartagena-de-indias-l362/cartagena-traslado-al-aeropuerto-a-cualquier-hotel-de-getsemani-t641399/
Colombia;santa-marta-l32129;413990;Santa Marta Ciudad Vieja Quinta San Pedro Y Bahia De Taganga;https://www.getyourguide.com/es-es/santa-marta-l32129/santa-marta-ciudad-vieja-quinta-san-pedro-y-bahia-de-taganga-t413990/
Colombia;medellin-l1215;694314;Cabalgata Caldas Antioquia Todo Incluido;https://www.getyourguide.com/es-es/medellin-l1215/cabalgata-caldas-antioquia-todo-incluido-t694314/
Colombia;medellin-l1215;724186;Medellin Tour Gastronomico Privado Con Los Mejores Miradores;https://www.getyourguide.com/es-es/medellin-l1215/medellin-tour-gastronomico-privado-con-los-mejores-miradores-t724186/
Colombia;cartagena-de-indias-l362;455195;Divertido Paseo En Bici Con Comida En El Lugar Favorito De Anthony Bourdain;https://www.getyourguide.com/es-es/cartagena-de-indias-l362/divertido-paseo-en-bici-con-comida-en-el-lugar-favorito-de-anthony-bourdain-t455195/
Colombia;bogota-l361;468838;Bogota Tour Privado Personalizado Con Guia Local;https://www.getyourguide.com/es-es/bogota-l361/bogota-tour-privado-personalizado-con-guia-local-t468838/
Colombia;bogota-l361;483545;Bogota Tour Privado De La Ciudad Monserrate Oro Y Botero;https://www.getyourguide.com/es-es/bogota-l361/bogota-tour-privado-de-la-ciudad-monserrate-oro-y-botero-t483545/
Colombia;santa-marta-l32129;511708;Exclusividad Y Lujo En El Paraiso Descubre Santa Marta Vip;https://www.getyourguide.com/es-es/santa-marta-l32129/exclusividad-y-lujo-en-el-paraiso-descubre-santa-marta-vip-t511708/
Colombia;cartagena-de-indias-l362;1250601;Cartagena Excursion De 1 Dia Al Aviario Nacional Y A Playa Blanca;https://www.getyourguide.com/es-es/cartagena-de-indias-l362/cartagena-excursion-de-1-dia-al-aviario-nacional-y-a-playa-blanca-t1250601/
Colombia;cartagena-de-indias-l362;1253827;Cartagena Aventura Xplora Atv Extremo;https://www.getyourguide.com/es-es/cartagena-de-indias-l362/cartagena-aventura-xplora-atv-extremo-t1253827/
Colombia;bogota-l361;1255349;Bogota Excursion De 1 Dia Al Parque Verde Y Agua Con Almuerzo Incluido;https://www.getyourguide.com/es-es/bogota-l361/bogota-excursion-de-1-dia-al-parque-verde-y-agua-con-almuerzo-incluido-t1255349/
Colombia;medellin-l1215;1261989;Medellin Tour De Bares Local Definitivo En Poblado;https://www.getyourguide.com/es-es/medellin-l1215/medellin-tour-de-bares-local-definitivo-en-poblado-t1261989/
Colombia;medellin-l1215;630477;Tour De La Ciudad De Medellin Y Experiencia En La Comuna 13;https://www.getyourguide.com/es-es/medellin-l1215/tour-de-la-ciudad-de-medellin-y-experiencia-en-la-comuna-13-t630477/
Colombia;medellin-l1215;696218;Barranquismo Extremo Todo Incluido Cerca De Medellin;https://www.getyourguide.com/es-es/medellin-l1215/barranquismo-extremo-todo-incluido-cerca-de-medellin-t696218/
Colombia;san-andres-colombia-l180220;818708;San Andres Cabalgata En La Playa 1 Hora;https://www.getyourguide.com/es-es/san-andres-colombia-l180220/san-andres-cabalgata-en-la-playa-1-hora-t818708/
Colombia;cartagena-de-indias-l362;825855;Cartagena Recorre El Emblematico Cerro De La Popa;https://www.getyourguide.com/es-es/cartagena-de-indias-l362/cartagena-recorre-el-emblematico-cerro-de-la-popa-t825855/
Colombia;bogota-l361;240222;Bogota Visita Guiada A Una Plantacion De Cafe;https://www.getyourguide.com/es-es/bogota-l361/bogota-visita-guiada-a-una-plantacion-de-cafe-t240222/
Colombia;cartagena-de-indias-l362;844512;Cartagena Citytour Chiva Atardecer En Barco En La Bahia Con Barra Libre;https://www.getyourguide.com/es-es/cartagena-de-indias-l362/cartagena-citytour-chiva-atardecer-en-barco-en-la-bahia-con-barra-libre-t844512/
Colombia;nuqui-l215304;1076155;Clase De Surf En Nuqui Cabalga Las Olas Del Pacifico Con Un Lugareno;https://www.getyourguide.com/es-es/nuqui-l215304/clase-de-surf-en-nuqui-cabalga-las-olas-del-pacifico-con-un-lugareno-t1076155/
Colombia;medellin-l1215;383425;Desde Medellin Excursion De Un Dia A Jerico;https://www.getyourguide.com/es-es/medellin-l1215/desde-medellin-excursion-de-un-dia-a-jerico-t383425/
Colombia;guatape-l114702;1106057;Guatape Paseo En Barco Privado Con Fiesta Y Musica;https://www.getyourguide.com/es-es/guatape-l114702/guatape-paseo-en-barco-privado-con-fiesta-y-musica-t1106057/
Colombia;san-gil-l148478;947605;San Gilsantander Combo Extremo De 39 Actividades Con Rafting;https://www.getyourguide.com/es-es/san-gil-l148478/san-gilsantander-combo-extremo-de-39-actividades-con-rafting-t947605/
Colombia;leticia-l176618;1004873;Leticia Safari 2 Dias Y 1 Noche De Selva Y Rio Hospedaje En Casa Flotante;https://www.getyourguide.com/es-es/leticia-l176618/leticia-safari-2-dias-y-1-noche-de-selva-y-rio-hospedaje-en-casa-flotante-t1004873/
Colombia;san-agustin-colombia-l131748;572483;Excursion A Caballo Y Visita A Tablon Chaquira Pelota;https://www.getyourguide.com/es-es/san-agustin-colombia-l131748/excursion-a-caballo-y-visita-a-tablon-chaquira-pelota-t572483/
Colombia;medellin-l1215;1082483;Medellin Tour Privado A Guatape Y El Penol Con Plantacion De Cafe;https://www.getyourguide.com/es-es/medellin-l1215/medellin-tour-privado-a-guatape-y-el-penol-con-plantacion-de-cafe-t1082483/
Colombia;bogota-l361;1086400;Bogota Excursion Privada De Un Dia Al Cerro Monserrate Y A Una Finca Cafetera;https://www.getyourguide.com/es-es/bogota-l361/bogota-excursion-privada-de-un-dia-al-cerro-monserrate-y-a-una-finca-cafetera-t1086400/
Colombia;santa-marta-l32129;1244969;Excursion A Minca Y Sierra Nevada Desde Santa Marta;https://www.getyourguide.com/es-es/santa-marta-l32129/excursion-a-minca-y-sierra-nevada-desde-santa-marta-t1244969/
Colombia;cartagena-de-indias-l362;637270;Cartagena Desde O Hacia Barranquilla Traslado Privado;https://www.getyourguide.com/es-es/cartagena-de-indias-l362/cartagena-desde-o-hacia-barranquilla-traslado-privado-t637270/
Colombia;guatape-l114702;661066;Desde Guatape Paragliding Y Canyoning Cristalino;https://www.getyourguide.com/es-es/guatape-l114702/desde-guatape-paragliding-y-canyoning-cristalino-t661066/
Colombia;chinchina-l214666;774445;Chinchina Caldas La Historia Detras De Una Taza De Cafe En Hacienda;https://www.getyourguide.com/es-es/chinchina-l214666/chinchina-caldas-la-historia-detras-de-una-taza-de-cafe-en-hacienda-t774445/
Colombia;cartagena-de-indias-l362;963015;Cabalgatas A Caballos En Cartagena A Las Orillas Del Mar Caribe;https://www.getyourguide.com/es-es/cartagena-de-indias-l362/cabalgatas-a-caballos-en-cartagena-a-las-orillas-del-mar-caribe-t963015/
Colombia;medellin-l1215;471700;Graffiti Historia Y Sabor Un Viaje Por La Comuna 13;https://www.getyourguide.com/es-es/medellin-l1215/graffiti-historia-y-sabor-un-viaje-por-la-comuna-13-t471700/
Colombia;leticia-l176618;1004207;Leticia Experiencia Cultural Maloca Huitoto Y Recorrido En Selva Nocturna;https://www.getyourguide.com/es-es/leticia-l176618/leticia-experiencia-cultural-maloca-huitoto-y-recorrido-en-selva-nocturna-t1004207/
Colombia;santa-marta-l32129;486849;Bahia De Santa Marta Puesta De Sol En Velero;https://www.getyourguide.com/es-es/santa-marta-l32129/bahia-de-santa-marta-puesta-de-sol-en-velero-t486849/
Colombia;bogota-l361;1025430;Bogota Ruta De Bares Por La Zona Rosa Con Cerveza Y Cocteles;https://www.getyourguide.com/es-es/bogota-l361/bogota-ruta-de-bares-por-la-zona-rosa-con-cerveza-y-cocteles-t1025430/
Colombia;cartagena-de-indias-l362;505801;Dia Completo En Isla Encantada Beach;https://www.getyourguide.com/es-es/cartagena-de-indias-l362/dia-completo-en-isla-encantada-beach-t505801/
Colombia;cartagena-de-indias-l362;1038034;Degustacion Boutique De Ron Y Tour Por La Fabrica De Chocolate;https://www.getyourguide.com/es-es/cartagena-de-indias-l362/degustacion-boutique-de-ron-y-tour-por-la-fabrica-de-chocolate-t1038034/
Colombia;medellin-l1215;605502;Medellin Rumbero Party Bus Con Toda La Cerveza Que Puedas Beber;https://www.getyourguide.com/es-es/medellin-l1215/medellin-rumbero-party-bus-con-toda-la-cerveza-que-puedas-beber-t605502/
Colombia;envigado-l145246;618686;Medellin Escobar El Rey De La Cocaina Con Entrada Al Museo Incluida;https://www.getyourguide.com/es-es/envigado-l145246/medellin-escobar-el-rey-de-la-cocaina-con-entrada-al-museo-incluida-t618686/
Colombia;medellin-l1215;1109282;Medellin Coffee Farm Tour Taste The Stories Of The Sierra;https://www.getyourguide.com/es-es/medellin-l1215/medellin-coffee-farm-tour-taste-the-stories-of-the-sierra-t1109282/
Colombia;cartagena-de-indias-l362;1117479;Cartagena Excursion De 1 Dia A La Discoteca Atolon Con Almuerzo;https://www.getyourguide.com/es-es/cartagena-de-indias-l362/cartagena-excursion-de-1-dia-a-la-discoteca-atolon-con-almuerzo-t1117479/
Colombia;bogota-l361;643776;Bogota Catedral De Sal De Zipaquira Excursion Privada Diaria;https://www.getyourguide.com/es-es/bogota-l361/bogota-catedral-de-sal-de-zipaquira-excursion-privada-diaria-t643776/
Colombia;guatape-l114702;1135662;Tour Guatape En Accion Aventura En Jetski O Wakeboard Piedra Del Penol;https://www.getyourguide.com/es-es/guatape-l114702/tour-guatape-en-accion-aventura-en-jetski-o-wakeboard-piedra-del-penol-t1135662/
Colombia;baru-l120985;1155672;Aviario Nacional De Colombia Playa Blanca Baru Naturaleza Y Mar;https://www.getyourguide.com/es-es/baru-l120985/aviario-nacional-de-colombia-playa-blanca-baru-naturaleza-y-mar-t1155672/
Colombia;la-ceja-l164975;758142;Medellin Experimenta La Tirolina Mas Alta De Toda Colombia;https://www.getyourguide.com/es-es/la-ceja-l164975/medellin-experimenta-la-tirolina-mas-alta-de-toda-colombia-t758142/
Colombia;santa-marta-l32129;1186503;Santa Marta Ruta De Senderismo Por Bunkuany Con Almuerzo Y Guia;https://www.getyourguide.com/es-es/santa-marta-l32129/santa-marta-ruta-de-senderismo-por-bunkuany-con-almuerzo-y-guia-t1186503/
Colombia;san-andres-colombia-l180220;1193954;San Andres 5 Islas Vip En Un Dia;https://www.getyourguide.com/es-es/san-andres-colombia-l180220/san-andres-5-islas-vip-en-un-dia-t1193954/
Colombia;san-andres-colombia-l180220;839930;San Andres Tour Full Day En Ponton Compartido;https://www.getyourguide.com/es-es/san-andres-colombia-l180220/san-andres-tour-full-day-en-ponton-compartido-t839930/
Colombia;san-gil-l148478;1208571;San Gil Rafting En El Rio Chicamocha;https://www.getyourguide.com/es-es/san-gil-l148478/san-gil-rafting-en-el-rio-chicamocha-t1208571/
Colombia;medellin-l1215;1283687;Medellin Glow Tour Por Miradores Ocultos Al Atardecer Y Con Las Luces De La Ciudad;https://www.getyourguide.com/es-es/medellin-l1215/medellin-glow-tour-por-miradores-ocultos-al-atardecer-y-con-las-luces-de-la-ciudad-t1283687/
Colombia;medellin-l1215;1286808;Escape Room La Maldicion Del Hechicero En El Poblado Medellin;https://www.getyourguide.com/es-es/medellin-l1215/escape-room-la-maldicion-del-hechicero-en-el-poblado-medellin-t1286808/
Colombia;bogota-l361;161055;Compra En Bogota Con Estilo Tour De Compras Por La Ciudad;https://www.getyourguide.com/es-es/bogota-l361/compra-en-bogota-con-estilo-tour-de-compras-por-la-ciudad-t161055/
Colombia;medellin-l1215;1086874;Medellin Visita A Una Finca De Cacao Con Caminata A Las Cascadas Y Almuerzo;https://www.getyourguide.com/es-es/medellin-l1215/medellin-visita-a-una-finca-de-cacao-con-caminata-a-las-cascadas-y-almuerzo-t1086874/
Colombia;cali-colombia-l1213;197401;Cali Tour A Pie Por El Centro Historico;https://www.getyourguide.com/es-es/cali-colombia-l1213/cali-tour-a-pie-por-el-centro-historico-t197401/
Colombia;bogota-l361;444927;Graffiti E Identidad En Bogota Tour Guiado Con Aperitivo Local;https://www.getyourguide.com/es-es/bogota-l361/graffiti-e-identidad-en-bogota-tour-guiado-con-aperitivo-local-t444927/
Colombia;cartagena-de-indias-l362;1226099;Cartagena Volcan Del Totumo Con Hotel Y Piscina Rumba En Chiva;https://www.getyourguide.com/es-es/cartagena-de-indias-l362/cartagena-volcan-del-totumo-con-hotel-y-piscina-rumba-en-chiva-t1226099/
Colombia;san-agustin-colombia-l131748;1259505;San Agustin Tour Rural Con Comida Y Planta;https://www.getyourguide.com/es-es/san-agustin-colombia-l131748/san-agustin-tour-rural-con-comida-y-planta-t1259505/
Colombia;bogota-l361;341911;Bogota Tour De Graffiti En La Candelaria;https://www.getyourguide.com/es-es/bogota-l361/bogota-tour-de-graffiti-en-la-candelaria-t341911/
Colombia;bogota-l361;521901;Guia Privado Guatavita Y Catedral De Sal De Zipaquira;https://www.getyourguide.com/es-es/bogota-l361/guia-privado-guatavita-y-catedral-de-sal-de-zipaquira-t521901/
Colombia;cartagena-de-indias-l362;842428;Sesion Fotografica Por Las Calles De Cartagena;https://www.getyourguide.com/es-es/cartagena-de-indias-l362/sesion-fotografica-por-las-calles-de-cartagena-t842428/
Colombia;bogota-l361;850805;Anti Tour Bogota;https://www.getyourguide.com/es-es/bogota-l361/anti-tour-bogota-t850805/
Colombia;medellin-l1215;946895;Medellin Disfruta De Un Autentico Tour Del Cafe En Nuestras Montanas;https://www.getyourguide.com/es-es/medellin-l1215/medellin-disfruta-de-un-autentico-tour-del-cafe-en-nuestras-montanas-t946895/
Colombia;santa-marta-l32129;1180601;Santa Marta Horseback Riding Tour To The Ancestral Stone 6 Hours;https://www.getyourguide.com/es-es/santa-marta-l32129/santa-marta-horseback-riding-tour-to-the-ancestral-stone-6-hours-t1180601/
Colombia;salento-colombia-l32675;1206152;Paseo A Caballo Y Tejo En Salento;https://www.getyourguide.com/es-es/salento-colombia-l32675/paseo-a-caballo-y-tejo-en-salento-t1206152/
Colombia;pasto-l101982;1259462;Pasto Empanadas Con Historia Tradicion Que Une Sabores Y Raices;https://www.getyourguide.com/es-es/pasto-l101982/pasto-empanadas-con-historia-tradicion-que-une-sabores-y-raices-t1259462/
Colombia;medellin-l1215;1287626;Medellin Tour Gastronomico Con Mas De 7 Degustaciones En El Poblado Y Cafe;https://www.getyourguide.com/es-es/medellin-l1215/medellin-tour-gastronomico-con-mas-de-7-degustaciones-en-el-poblado-y-cafe-t1287626/
Colombia;cartagena-de-indias-l362;1319460;Cartagena Excursion De 1 Dia En Barco A Un Chiringuito De Las Islas Del Rosario Bebida;https://www.getyourguide.com/es-es/cartagena-de-indias-l362/cartagena-excursion-de-1-dia-en-barco-a-un-chiringuito-de-las-islas-del-rosario-bebida-t1319460/
Colombia;cartagena-de-indias-l362;513365;Cartagena Excursion A Palenque Y Camino De La Emancipacion;https://www.getyourguide.com/es-es/cartagena-de-indias-l362/cartagena-excursion-a-palenque-y-camino-de-la-emancipacion-t513365/
Colombia;santa-marta-l32129;563230;Comunidad Indigena Tayku Y Cabo San Juan Tayrona;https://www.getyourguide.com/es-es/santa-marta-l32129/comunidad-indigena-tayku-y-cabo-san-juan-tayrona-t563230/
Colombia;santa-marta-l32129;815329;Santa Marta Chiva Rumbera Vip Cerveza;https://www.getyourguide.com/es-es/santa-marta-l32129/santa-marta-chiva-rumbera-vip-cerveza-t815329/
Colombia;santa-marta-l32129;840159;Santamarta Traslado Santamarta A Cartagena O Viceversa En Carro Compartido;https://www.getyourguide.com/es-es/santa-marta-l32129/santamarta-traslado-santamarta-a-cartagena-o-viceversa-en-carro-compartido-t840159/
Colombia;bogota-l361;871455;City Tour Por Bogota Historica 5 Horas;https://www.getyourguide.com/es-es/bogota-l361/city-tour-por-bogota-historica-5-horas-t871455/
Colombia;medellin-l1215;948461;Medellin Tour Privado De La Fonda Con Servicio De Recogida Del Hotel;https://www.getyourguide.com/es-es/medellin-l1215/medellin-tour-privado-de-la-fonda-con-servicio-de-recogida-del-hotel-t948461/
Colombia;medellin-l1215;1137032;Medellin Excursion De 1 Dia A Guatape El Penol Y Yate Majestic;https://www.getyourguide.com/es-es/medellin-l1215/medellin-excursion-de-1-dia-a-guatape-el-penol-y-yate-majestic-t1137032/
Colombia;bogota-l361;1138894;Tour Parque Jaime Duque Y Catedral De Sal De Zipaquira;https://www.getyourguide.com/es-es/bogota-l361/tour-parque-jaime-duque-y-catedral-de-sal-de-zipaquira-t1138894/
Colombia;barranquilla-l95786;1170415;Tour A Algunas Iglesia De Barranquilla;https://www.getyourguide.com/es-es/barranquilla-l95786/tour-a-algunas-iglesia-de-barranquilla-t1170415/
Colombia;bogota-l361;1220094;Bogota Tour A Pie Por La Ciudad Con Museos Y Degustacion De Cafe;https://www.getyourguide.com/es-es/bogota-l361/bogota-tour-a-pie-por-la-ciudad-con-museos-y-degustacion-de-cafe-t1220094/
Colombia;villa-de-leyva-l2951;1239854;Villa De Leyva Tour Al Paso Del Angel Y Miradores De Santa Sofia;https://www.getyourguide.com/es-es/villa-de-leyva-l2951/villa-de-leyva-tour-al-paso-del-angel-y-miradores-de-santa-sofia-t1239854/
Colombia;cali-colombia-l1213;1244051;Cali Aventura De Barranquismo Con 6 Descensos Y Almuerzo;https://www.getyourguide.com/es-es/cali-colombia-l1213/cali-aventura-de-barranquismo-con-6-descensos-y-almuerzo-t1244051/
Colombia;cartagena-de-indias-l362;1253575;Cartagena Tour En Cuatrimoto En La Playa;https://www.getyourguide.com/es-es/cartagena-de-indias-l362/cartagena-tour-en-cuatrimoto-en-la-playa-t1253575/
Colombia;bogota-l361;87245;Bogota Tour Privado Con Un Guia Local;https://www.getyourguide.com/es-es/bogota-l361/bogota-tour-privado-con-un-guia-local-t87245/
Colombia;buenaventura-l152511;409750;Desde Buenaventura Excursion De 2 Dias Para Avistar Ballenas;https://www.getyourguide.com/es-es/buenaventura-l152511/desde-buenaventura-excursion-de-2-dias-para-avistar-ballenas-t409750/
Colombia;medellin-l1215;591410;Desde Medellinpoderosa Via Ferrata Y Zipline Cascada Gigante;https://www.getyourguide.com/es-es/medellin-l1215/desde-medellinpoderosa-via-ferrata-y-zipline-cascada-gigante-t591410/
Colombia;bogota-l361;687078;From Bogota 5 Hour Guided Coffee Farm Tour;https://www.getyourguide.com/es-es/bogota-l361/from-bogota-5-hour-guided-coffee-farm-tour-t687078/
Colombia;la-ceja-l164975;726008;Reserva Natural Tirolina Escalada Y Cascadas Mas Altas;https://www.getyourguide.com/es-es/la-ceja-l164975/reserva-natural-tirolina-escalada-y-cascadas-mas-altas-t726008/
Colombia;manizales-l126418;746617;Recorrido Por El Ecoparque Recinto Del Pensamiento;https://www.getyourguide.com/es-es/manizales-l126418/recorrido-por-el-ecoparque-recinto-del-pensamiento-t746617/
Colombia;medellin-l1215;784060;Medellin Ruta Del Chocolate Con Cascada;https://www.getyourguide.com/es-es/medellin-l1215/medellin-ruta-del-chocolate-con-cascada-t784060/
Colombia;cartagena-de-indias-l362;1032953;Cartagena Sesion Fotografica Con Vestido Volador En La Ciudad Vieja O Getsemani;https://www.getyourguide.com/es-es/cartagena-de-indias-l362/cartagena-sesion-fotografica-con-vestido-volador-en-la-ciudad-vieja-o-getsemani-t1032953/
Colombia;cartagena-de-indias-l362;1075253;Cartagena Ruta Por Los Bares Del Centro Historico Con Un Guia Local;https://www.getyourguide.com/es-es/cartagena-de-indias-l362/cartagena-ruta-por-los-bares-del-centro-historico-con-un-guia-local-t1075253/
Colombia;san-gil-l148478;1101513;San Gil Citytour A Municipio De Paramo Y San Jose Desde San Gil;https://www.getyourguide.com/es-es/san-gil-l148478/san-gil-citytour-a-municipio-de-paramo-y-san-jose-desde-san-gil-t1101513/
Colombia;cartagena-de-indias-l362;1111135;Cartagena Vive La Experiencia De Un Partido Con Aficionados Locales;https://www.getyourguide.com/es-es/cartagena-de-indias-l362/cartagena-vive-la-experiencia-de-un-partido-con-aficionados-locales-t1111135/
Colombia;medellin-l1215;1327474;Medellin Clase Privada De Salsa Y Bachata Para Principiantes;https://www.getyourguide.com/es-es/medellin-l1215/medellin-clase-privada-de-salsa-y-bachata-para-principiantes-t1327474/
Colombia;cartagena-de-indias-l362;190080;Desde Cartagena Excursion En Catamaran A Vela Por Las Islas Del Rosario;https://www.getyourguide.com/es-es/cartagena-de-indias-l362/desde-cartagena-excursion-en-catamaran-a-vela-por-las-islas-del-rosario-t190080/
Colombia;barranquilla-l95786;517367;Tour Gastronomico Por El Centro De Barranquilla;https://www.getyourguide.com/es-es/barranquilla-l95786/tour-gastronomico-por-el-centro-de-barranquilla-t517367/
Colombia;el-penol-l145060;524277;Tour Guatape Fines De Semana Todo Incluido;https://www.getyourguide.com/es-es/el-penol-l145060/tour-guatape-fines-de-semana-todo-incluido-t524277/
Colombia;cartagena-de-indias-l362;731114;Cartagena Alquiler De Bicicletas En El Centro Historico De Cartagena;https://www.getyourguide.com/es-es/cartagena-de-indias-l362/cartagena-alquiler-de-bicicletas-en-el-centro-historico-de-cartagena-t731114/
Colombia;salento-colombia-l32675;761978;Cascada De Santa Rita Y Salento Tour Privado;https://www.getyourguide.com/es-es/salento-colombia-l32675/cascada-de-santa-rita-y-salento-tour-privado-t761978/
Colombia;medellin-l1215;779200;Aventura En Quad Desde Medellin;https://www.getyourguide.com/es-es/medellin-l1215/aventura-en-quad-desde-medellin-t779200/
Colombia;medellin-l1215;828406;Desde Medellin Tour Privado De 2 Dias A Jardin Con Actividades;https://www.getyourguide.com/es-es/medellin-l1215/desde-medellin-tour-privado-de-2-dias-a-jardin-con-actividades-t828406/
Colombia;bogota-l361;875983;Tour Por Bogota;https://www.getyourguide.com/es-es/bogota-l361/tour-por-bogota-t875983/
Colombia;popayan-l126433;885141;Desde Popayan Vive Las Aguas Termales De Coconuco;https://www.getyourguide.com/es-es/popayan-l126433/desde-popayan-vive-las-aguas-termales-de-coconuco-t885141/
Colombia;zipaquira-l131353;1021176;Bogota Experiencia De Sal Catedral De Zipaquira Y Hornos De Sal;https://www.getyourguide.com/es-es/zipaquira-l131353/bogota-experiencia-de-sal-catedral-de-zipaquira-y-hornos-de-sal-t1021176/
Colombia;bogota-l361;1031076;Desde Bogota Tour Privado De Un Dia Al Parque Nacional Chingaza;https://www.getyourguide.com/es-es/bogota-l361/desde-bogota-tour-privado-de-un-dia-al-parque-nacional-chingaza-t1031076/
Colombia;tierra-bomba-l236704;1113812;Cartagena Eco Historic Islands Tour To Baru Tierra Bomba Bocachica;https://www.getyourguide.com/es-es/tierra-bomba-l236704/cartagena-eco-historic-islands-tour-to-baru-tierra-bomba-bocachica-t1113812/
Colombia;medellin-l1215;1157048;Citytour Medellin Pueblito Paisa Plaza Botero Comuna 13 Miradores Y Mas;https://www.getyourguide.com/es-es/medellin-l1215/citytour-medellin-pueblito-paisa-plaza-botero-comuna-13-miradores-y-mas-t1157048/
Colombia;baru-l120985;1178478;Cartagena 5 Destinos Por Las Islas Del Rosario;https://www.getyourguide.com/es-es/baru-l120985/cartagena-5-destinos-por-las-islas-del-rosario-t1178478/
Colombia;cali-colombia-l1213;1221411;Cali Tour De Observacion De Aves Con Desayuno Y Guia;https://www.getyourguide.com/es-es/cali-colombia-l1213/cali-tour-de-observacion-de-aves-con-desayuno-y-guia-t1221411/
Colombia;cali-colombia-l1213;1281183;Senderismo Al Amanecer Panoramicas De Cali En El Cerro De Las Tres Cruces;https://www.getyourguide.com/es-es/cali-colombia-l1213/senderismo-al-amanecer-panoramicas-de-cali-en-el-cerro-de-las-tres-cruces-t1281183/
Colombia;barranquilla-l95786;1290714;Tour De Los Canos De Barranquilla;https://www.getyourguide.com/es-es/barranquilla-l95786/tour-de-los-canos-de-barranquilla-t1290714/
Colombia;cartagena-de-indias-l362;71512;Mercado De Bazurto De Cartagena Tour Gastronomico Y Cultural Autentico;https://www.getyourguide.com/es-es/cartagena-de-indias-l362/mercado-de-bazurto-de-cartagena-tour-gastronomico-y-cultural-autentico-t71512/
Colombia;medellin-l1215;89862;Teleferico Metro De Medellin Centro Y Plaza Botero;https://www.getyourguide.com/es-es/medellin-l1215/teleferico-metro-de-medellin-centro-y-plaza-botero-t89862/
Colombia;cartagena-de-indias-l362;455044;Divertido Paseo En Segway Descubre La Ciudad Amurallada Y El Barrio Getsemani;https://www.getyourguide.com/es-es/cartagena-de-indias-l362/divertido-paseo-en-segway-descubre-la-ciudad-amurallada-y-el-barrio-getsemani-t455044/
Colombia;cartagena-de-indias-l362;567775;Cartagena Dia De Playa En La Isla De Tierra Bomba Puntarena;https://www.getyourguide.com/es-es/cartagena-de-indias-l362/cartagena-dia-de-playa-en-la-isla-de-tierra-bomba-puntarena-t567775/
Colombia;bogota-l361;590956;Monserrate Museo Del Oro Plaza De Bolivar;https://www.getyourguide.com/es-es/bogota-l361/monserrate-museo-del-oro-plaza-de-bolivar-t590956/
Colombia;pereira-l32650;661941;Suavidad Y Untuosidad Del Chocolate Tour;https://www.getyourguide.com/es-es/pereira-l32650/suavidad-y-untuosidad-del-chocolate-tour-t661941/
Colombia;medellin-l1215;827283;Medellin Rafting Adventure In Rio Calderas Cocorna Antioquia;https://www.getyourguide.com/es-es/medellin-l1215/medellin-rafting-adventure-in-rio-calderas-cocorna-antioquia-t827283/
Colombia;cartagena-de-indias-l362;828115;Cartagena City Tour Vista General De La Ciudad Botas Castillo Chiva;https://www.getyourguide.com/es-es/cartagena-de-indias-l362/cartagena-city-tour-vista-general-de-la-ciudad-botas-castillo-chiva-t828115/
Colombia;riohacha-l201090;834917;La Guajira 3 Dias Manaure Cabo De La Vela Y Punta Gallinas;https://www.getyourguide.com/es-es/riohacha-l201090/la-guajira-3-dias-manaure-cabo-de-la-vela-y-punta-gallinas-t834917/
Colombia;cartagena-de-indias-l362;836994;Tour Compartido Al Castillo San Felipe De Barajas Cartagena;https://www.getyourguide.com/es-es/cartagena-de-indias-l362/tour-compartido-al-castillo-san-felipe-de-barajas-cartagena-t836994/
Colombia;medellin-l1215;933826;Medellin Recorrido Religiosohistorico;https://www.getyourguide.com/es-es/medellin-l1215/medellin-recorrido-religiosohistorico-t933826/
Colombia;medellin-l1215;958706;Medellin 9H Tour De Dia Completo Pablo Escobar;https://www.getyourguide.com/es-es/medellin-l1215/medellin-9h-tour-de-dia-completo-pablo-escobar-t958706/
Colombia;purace-coconuco-l222407;1144313;Purace En Un Dia Condores Termales Y Paramo;https://www.getyourguide.com/es-es/purace-coconuco-l222407/purace-en-un-dia-condores-termales-y-paramo-t1144313/
Colombia;bogota-l361;1224798;Bogota Visita Guiada Al Santuario Del Divino Nino Jesus;https://www.getyourguide.com/es-es/bogota-l361/bogota-visita-guiada-al-santuario-del-divino-nino-jesus-t1224798/
Colombia;zipaquira-l131353;1309246;Bogota En 2 Dias City Tour Lago Guatavita Y Catedral De Saltransporte;https://www.getyourguide.com/es-es/zipaquira-l131353/bogota-en-2-dias-city-tour-lago-guatavita-y-catedral-de-saltransporte-t1309246/
Colombia;medellin-l1215;51583;Parapente En Los Andes Desde Medellin;https://www.getyourguide.com/es-es/medellin-l1215/parapente-en-los-andes-desde-medellin-t51583/
Colombia;santa-marta-l32129;476283;Buceo En Santa Marta Y Tayrona Para Buceadores Certificados 2 Botellas;https://www.getyourguide.com/es-es/santa-marta-l32129/buceo-en-santa-marta-y-tayrona-para-buceadores-certificados-2-botellas-t476283/
Colombia;cartagena-de-indias-l362;497812;Cartagena Tour Privado De 4 Horas Al Volcan De Lodo Del Totumo;https://www.getyourguide.com/es-es/cartagena-de-indias-l362/cartagena-tour-privado-de-4-horas-al-volcan-de-lodo-del-totumo-t497812/
Colombia;cartagena-de-indias-l362;551565;Excursion Al Volcan Del Totumo Volcan De Lodo;https://www.getyourguide.com/es-es/cartagena-de-indias-l362/excursion-al-volcan-del-totumo-volcan-de-lodo-t551565/
Colombia;santa-marta-l32129;829679;Santamarta Tour Combo Taximarinodelfines 5Macuarioalmuerzoplaya Blanca;https://www.getyourguide.com/es-es/santa-marta-l32129/santamarta-tour-combo-taximarinodelfines-5macuarioalmuerzoplaya-blanca-t829679/
Colombia;salento-colombia-l32675;1038140;Circuito Por El Valle Del Cocora Casa De Los Colibries Acaime Aprox 14K;https://www.getyourguide.com/es-es/salento-colombia-l32675/circuito-por-el-valle-del-cocora-casa-de-los-colibries-acaime-aprox-14k-t1038140/
Colombia;salento-colombia-l32675;1124436;Ruta De Gigantes Bike Tour La Carbonera Desde Salento;https://www.getyourguide.com/es-es/salento-colombia-l32675/ruta-de-gigantes-bike-tour-la-carbonera-desde-salento-t1124436/
Colombia;guatape-l114702;1221455;La Piedra Del Penol Guatape Tour Aventurero Cuatrimotos;https://www.getyourguide.com/es-es/guatape-l114702/la-piedra-del-penol-guatape-tour-aventurero-cuatrimotos-t1221455/
Colombia;medellin-l1215;1247843;Medellin Tour De Grafitis Por La Comuna 13 Con Guia Local;https://www.getyourguide.com/es-es/medellin-l1215/medellin-tour-de-grafitis-por-la-comuna-13-con-guia-local-t1247843/
Colombia;nemocon-l126408;1306996;Desierto De Checua Y Mina De Sal De Nemocon Tour De Un Dia Desde Bogota;https://www.getyourguide.com/es-es/nemocon-l126408/desierto-de-checua-y-mina-de-sal-de-nemocon-tour-de-un-dia-desde-bogota-t1306996/
Colombia;cali-colombia-l1213;196331;Cali Senderismo A Las Cascadas De Pance;https://www.getyourguide.com/es-es/cali-colombia-l1213/cali-senderismo-a-las-cascadas-de-pance-t196331/
Colombia;santa-marta-l32129;515370;Excursion De Un Dia A Cabo San Juan;https://www.getyourguide.com/es-es/santa-marta-l32129/excursion-de-un-dia-a-cabo-san-juan-t515370/
Colombia;juanchaco-l168613;765440;Excursion De Avistamiento De Ballenas;https://www.getyourguide.com/es-es/juanchaco-l168613/excursion-de-avistamiento-de-ballenas-t765440/
Colombia;bogota-l361;859438;Tour Compartido Comida Local Callejera De Bogota;https://www.getyourguide.com/es-es/bogota-l361/tour-compartido-comida-local-callejera-de-bogota-t859438/
Colombia;barichara-l209940;873384;Camino Real Trekking Tour Barichara Guane Museo Paleontologico;https://www.getyourguide.com/es-es/barichara-l209940/camino-real-trekking-tour-barichara-guane-museo-paleontologico-t873384/
Colombia;salento-colombia-l32675;909639;Tour De Un Dia Por Valle Del Cocora Salento Filandia Quindio Colombia;https://www.getyourguide.com/es-es/salento-colombia-l32675/tour-de-un-dia-por-valle-del-cocora-salento-filandia-quindio-colombia-t909639/
Colombia;bogota-l361;1005128;Otra Cara De Bogota Visita Guiada A Pie A Lugares No Turisticos;https://www.getyourguide.com/es-es/bogota-l361/otra-cara-de-bogota-visita-guiada-a-pie-a-lugares-no-turisticos-t1005128/
Colombia;cartagena-de-indias-l362;1010062;Cartagena Day Pass Eteka Beach Club Tierra Bomba Calmuerzo;https://www.getyourguide.com/es-es/cartagena-de-indias-l362/cartagena-day-pass-eteka-beach-club-tierra-bomba-calmuerzo-t1010062/
Colombia;cartagena-de-indias-l362;1074288;Cartagena Excursion En Paddle Surf;https://www.getyourguide.com/es-es/cartagena-de-indias-l362/cartagena-excursion-en-paddle-surf-t1074288/
Colombia;envigado-l145246;1095784;Medellin Tour Guiado En Bosque Privado En Sxsutv En Can Am Ds Turbo 135Hp;https://www.getyourguide.com/es-es/envigado-l145246/medellin-tour-guiado-en-bosque-privado-en-sxsutv-en-can-am-ds-turbo-135hp-t1095784/
Colombia;bogota-l361;1197771;Bogota Tour De Cervezas Artesanales Con Degustaciones Y Guia;https://www.getyourguide.com/es-es/bogota-l361/bogota-tour-de-cervezas-artesanales-con-degustaciones-y-guia-t1197771/
Colombia;guatape-l114702;1275097;Medellin Day Tour A Guatape Y Hike A Hermosas Cascadas Cristalinas;https://www.getyourguide.com/es-es/guatape-l114702/medellin-day-tour-a-guatape-y-hike-a-hermosas-cascadas-cristalinas-t1275097/
Colombia;santa-marta-l32129;188868;Santa Marta Excursion De Un Dia A La Playa Cristal;https://www.getyourguide.com/es-es/santa-marta-l32129/santa-marta-excursion-de-un-dia-a-la-playa-cristal-t188868/
Colombia;barranquilla-l95786;413992;Barranquilla Recorrido De 6 Horas Por El Centro Y Paseo Maritimo De La Avenida Del Rio;https://www.getyourguide.com/es-es/barranquilla-l95786/barranquilla-recorrido-de-6-horas-por-el-centro-y-paseo-maritimo-de-la-avenida-del-rio-t413992/
Colombia;cartagena-de-indias-l362;448107;Tour Gastronomico En La Ciudad Amurallada De Cartagena;https://www.getyourguide.com/es-es/cartagena-de-indias-l362/tour-gastronomico-en-la-ciudad-amurallada-de-cartagena-t448107/
Colombia;nemocon-l126408;514355;Excursion A Las Salinas De Nemocon;https://www.getyourguide.com/es-es/nemocon-l126408/excursion-a-las-salinas-de-nemocon-t514355/
Colombia;san-andres-colombia-l180220;583160;Copia De San Andres Excursion Privada En Barco Con Paradas En El Acuario Y En La Playa;https://www.getyourguide.com/es-es/san-andres-colombia-l180220/copia-de-san-andres-excursion-privada-en-barco-con-paradas-en-el-acuario-y-en-la-playa-t583160/
Colombia;medellin-l1215;671994;Centro Comercial Y Galerias De Artemuseo;https://www.getyourguide.com/es-es/medellin-l1215/centro-comercial-y-galerias-de-artemuseo-t671994/
Colombia;cartagena-de-indias-l362;685488;Cartagena La Legendaria Cata De Ron Y Chocolate Colombianos;https://www.getyourguide.com/es-es/cartagena-de-indias-l362/cartagena-la-legendaria-cata-de-ron-y-chocolate-colombianos-t685488/
Colombia;cartagena-de-indias-l362;692810;Cartagena Increible Taller De Chocolate Y Cacao Colombiano;https://www.getyourguide.com/es-es/cartagena-de-indias-l362/cartagena-increible-taller-de-chocolate-y-cacao-colombiano-t692810/
Colombia;cartagena-de-indias-l362;700004;Cartagena 5 Islas En Lancha Rapida Con Snorkeling Y Almuerzo;https://www.getyourguide.com/es-es/cartagena-de-indias-l362/cartagena-5-islas-en-lancha-rapida-con-snorkeling-y-almuerzo-t700004/
Colombia;manizales-l126418;763461;Viaje A Las Termas De El Otono;https://www.getyourguide.com/es-es/manizales-l126418/viaje-a-las-termas-de-el-otono-t763461/
Colombia;cartagena-de-indias-l362;770612;Cata De Ron Y Chocolate Colombianos;https://www.getyourguide.com/es-es/cartagena-de-indias-l362/cata-de-ron-y-chocolate-colombianos-t770612/
Colombia;cartagena-de-indias-l362;856804;Islas Del Rosario Aventura En La Isla Del Pirata Escapate Al Caribe;https://www.getyourguide.com/es-es/cartagena-de-indias-l362/islas-del-rosario-aventura-en-la-isla-del-pirata-escapate-al-caribe-t856804/
Colombia;bogota-l361;886628;Nuevo Y Mas Barato Los 5 Mejores Sitios De Zipaquira Y El Lago Guatavita Con Recogida;https://www.getyourguide.com/es-es/bogota-l361/nuevo-y-mas-barato-los-5-mejores-sitios-de-zipaquira-y-el-lago-guatavita-con-recogida-t886628/
Colombia;medellin-l1215;950812;Medellin Tour De Medio Dia Descendiendo Maravillosas Cascadas;https://www.getyourguide.com/es-es/medellin-l1215/medellin-tour-de-medio-dia-descendiendo-maravillosas-cascadas-t950812/
Colombia;guatape-l114702;976554;La Mejor Excursion A Cascadas Piscinas Naturales Y Fincas Cafeteras;https://www.getyourguide.com/es-es/guatape-l114702/la-mejor-excursion-a-cascadas-piscinas-naturales-y-fincas-cafeteras-t976554/
Colombia;bogota-l361;1047672;Bogota Tour Por El Mercado De Perseverancia Y Clase De Cocina Con Lugarenos;https://www.getyourguide.com/es-es/bogota-l361/bogota-tour-por-el-mercado-de-perseverancia-y-clase-de-cocina-con-lugarenos-t1047672/
Colombia;medellin-l1215;1178729;Medellin Tour Experiencia De Cafe En Casa Finca Y Teleferico;https://www.getyourguide.com/es-es/medellin-l1215/medellin-tour-experiencia-de-cafe-en-casa-finca-y-teleferico-t1178729/
Colombia;bogota-l361;1206039;Tour A Pie A Lo Rolo Centro Historico De Bogota Incluye 2 Bebidas;https://www.getyourguide.com/es-es/bogota-l361/tour-a-pie-a-lo-rolo-centro-historico-de-bogota-incluye-2-bebidas-t1206039/
Colombia;cartagena-de-indias-l362;1222738;Cartagena Excursion De 1 Dia A La Playa Palmarito Con Almuerzo Y Bebidas;https://www.getyourguide.com/es-es/cartagena-de-indias-l362/cartagena-excursion-de-1-dia-a-la-playa-palmarito-con-almuerzo-y-bebidas-t1222738/
Colombia;bogota-l361;1282428;;https://www.getyourguide.com/es-es/bogota-l361/-t1282428/
Colombia;cartagena-de-indias-l362;333291;Cartagena Co Sunset Skyline Tour En Barco Pirata Con Bebidas;https://www.getyourguide.com/es-es/cartagena-de-indias-l362/cartagena-co-sunset-skyline-tour-en-barco-pirata-con-bebidas-t333291/
Colombia;medellin-l1215;445165;City Tour Medellin En Chiva O Furgoneta Tematica;https://www.getyourguide.com/es-es/medellin-l1215/city-tour-medellin-en-chiva-o-furgoneta-tematica-t445165/
Colombia;leticia-l176618;452225;Desde Leticia Aventura Salvaje En El Amazonas 4 Dias;https://www.getyourguide.com/es-es/leticia-l176618/desde-leticia-aventura-salvaje-en-el-amazonas-4-dias-t452225/
Colombia;cartagena-de-indias-l362;482221;Playa Blanca Vip Dia Completo De Relax En La Playa;https://www.getyourguide.com/es-es/cartagena-de-indias-l362/playa-blanca-vip-dia-completo-de-relax-en-la-playa-t482221/
Colombia;bogota-l361;514326;Desde Bogota Excursion Guiada A La Cascada De La Chorrera;https://www.getyourguide.com/es-es/bogota-l361/desde-bogota-excursion-guiada-a-la-cascada-de-la-chorrera-t514326/
Colombia;cartagena-de-indias-l362;524555;Cartagena Degustacion De Comida Callejera Y Tour De La Ciudad Con Un Profesional;https://www.getyourguide.com/es-es/cartagena-de-indias-l362/cartagena-degustacion-de-comida-callejera-y-tour-de-la-ciudad-con-un-profesional-t524555/
Colombia;bogota-l361;531140;Bogota Walking Tour Teusaquillo Una Parte Diferente De La Ciudad;https://www.getyourguide.com/es-es/bogota-l361/bogota-walking-tour-teusaquillo-una-parte-diferente-de-la-ciudad-t531140/
Colombia;medellin-l1215;828079;Desde Medellin Guatape Coffee Tour Express Colombia;https://www.getyourguide.com/es-es/medellin-l1215/desde-medellin-guatape-coffee-tour-express-colombia-t828079/
Colombia;andes-antioquia-l246122;1082490;Colombia Suroeste De Antioquia Tour Por Rutas Del Cafe;https://www.getyourguide.com/es-es/andes-antioquia-l246122/colombia-suroeste-de-antioquia-tour-por-rutas-del-cafe-t1082490/
Colombia;medellin-l1215;1098854;Medellintour A Caballo Por Las Montanas;https://www.getyourguide.com/es-es/medellin-l1215/medellintour-a-caballo-por-las-montanas-t1098854/
Colombia;armenia-colombia-l192504;1206138;Recorrido Cafetero 100 Privado En Armenia Quindio By Cafe La Morelia;https://www.getyourguide.com/es-es/armenia-colombia-l192504/recorrido-cafetero-100-privado-en-armenia-quindio-by-cafe-la-morelia-t1206138/
