pais;ciudad_id;tour_id;titulo_referencia;url
México;cancun-l150;663382;Cancun Curso Padi Open Water Diver;https://www.getyourguide.com/es-es/cancun-l150/cancun-curso-padi-open-water-diver-t663382/
México;playa-del-carmen-l308;86453;Excursion En Buggy Por La Jungla En Playa Del Carmen Con Bano En Cenote;https://www.getyourguide.com/es-es/playa-del-carmen-l308/excursion-en-buggy-por-la-jungla-en-playa-del-carmen-con-bano-en-cenote-t86453/
México;san-cristobal-de-las-casas-l2166;112341;San Cristobal Agua Azul Misol Ha Palenque San Cristobal;https://www.getyourguide.com/es-es/san-cristobal-de-las-casas-l2166/san-cristobal-agua-azul-misol-ha-palenque-san-cristobal-t112341/
México;ensenada-l545;792677;Ensenada Alquiler De Atvcuatro Ruedas;https://www.getyourguide.com/es-es/ensenada-l545/ensenada-alquiler-de-atvcuatro-ruedas-t792677/
México;ciudad-de-mexico-l194;792950;Ciudad De Mexico 10 Maravillas Del Centro Historico;https://www.getyourguide.com/es-es/ciudad-de-mexico-l194/ciudad-de-mexico-10-maravillas-del-centro-historico-t792950/
México;puerto-vallarta-l265;832809;Discovery Taco Tour At Puerto Vallarta;https://www.getyourguide.com/es-es/puerto-vallarta-l265/discovery-taco-tour-at-puerto-vallarta-t832809/
México;san-jose-del-cabo-l967;842698;Expedicion De Surf Medio Dia;https://www.getyourguide.com/es-es/san-jose-del-cabo-l967/expedicion-de-surf-medio-dia-t842698/
México;cancun-l150;438588;Explora Los Manglares En Nuestra Aventura En Kayak;https://www.getyourguide.com/es-es/cancun-l150/explora-los-manglares-en-nuestra-aventura-en-kayak-t438588/
México;campeche-l2516;458106;Campeche City Tour Descubriendo La Ciudad Amurallada;https://www.getyourguide.com/es-es/campeche-l2516/campeche-city-tour-descubriendo-la-ciudad-amurallada-t458106/
México;municipio-oaxaca-de-juarez-l681;927508;Tour De Comida En El Mercado 20 De Noviembre Todo Incluido;https://www.getyourguide.com/es-es/municipio-oaxaca-de-juarez-l681/tour-de-comida-en-el-mercado-20-de-noviembre-todo-incluido-t927508/
México;cancun-l150;1052979;Cancun 4 Horas En Barco Snorkel Wakesurf Y Diversion En La Costa;https://www.getyourguide.com/es-es/cancun-l150/cancun-4-horas-en-barco-snorkel-wakesurf-y-diversion-en-la-costa-t1052979/
México;municipio-oaxaca-de-juarez-l681;1069839;Oaxaca Sierra Norte Ixtepeji Excursion Guiada Y Almuerzo Medio Dia;https://www.getyourguide.com/es-es/municipio-oaxaca-de-juarez-l681/oaxaca-sierra-norte-ixtepeji-excursion-guiada-y-almuerzo-medio-dia-t1069839/
México;san-jose-del-cabo-l967;638219;Los Cabos Tour De La Ciudad San Jose Del Cabo Cabo San Lucas;https://www.getyourguide.com/es-es/san-jose-del-cabo-l967/los-cabos-tour-de-la-ciudad-san-jose-del-cabo-cabo-san-lucas-t638219/
México;cabo-san-lucas-l306;650377;Cabo Tour Privado En Catamaran;https://www.getyourguide.com/es-es/cabo-san-lucas-l306/cabo-tour-privado-en-catamaran-t650377/
México;zihuatanejo-l392;657047;Ixtapa Zihuatanejo Excursion En Tirolesa;https://www.getyourguide.com/es-es/zihuatanejo-l392/ixtapa-zihuatanejo-excursion-en-tirolesa-t657047/
México;municipio-oaxaca-de-juarez-l681;675060;Oaxaca Excursion Arqueologica Monte Alban;https://www.getyourguide.com/es-es/municipio-oaxaca-de-juarez-l681/oaxaca-excursion-arqueologica-monte-alban-t675060/
México;municipio-de-zapopan-l138373;675449;Masaje Holistico;https://www.getyourguide.com/es-es/municipio-de-zapopan-l138373/masaje-holistico-t675449/
México;cancun-l150;676235;Cancun Alquiler De Yate De Lujo Sunseeker 50 A Isla Mujeres;https://www.getyourguide.com/es-es/cancun-l150/cancun-alquiler-de-yate-de-lujo-sunseeker-50-a-isla-mujeres-t676235/
México;tulum-l248;678362;Tulum Inmersion En Cenote Con 2 Tanques;https://www.getyourguide.com/es-es/tulum-l248/tulum-inmersion-en-cenote-con-2-tanques-t678362/
México;teotitlan-del-valle-l135632;1092368;Oaxaca Tour Privado A Monte Alban Con Tumbas Zapotecas Y Artesania;https://www.getyourguide.com/es-es/teotitlan-del-valle-l135632/oaxaca-tour-privado-a-monte-alban-con-tumbas-zapotecas-y-artesania-t1092368/
México;cabo-san-lucas-l306;737453;Desde El Aeropuerto Internacional De Los Cabos Pacifico Zona Hotelera;https://www.getyourguide.com/es-es/cabo-san-lucas-l306/desde-el-aeropuerto-internacional-de-los-cabos-pacifico-zona-hotelera-t737453/
México;ciudad-de-mexico-l194;769634;Cdmx Temazcal Ceremonia Ritual De Sanacion Y Limpieza Zapoteco;https://www.getyourguide.com/es-es/ciudad-de-mexico-l194/cdmx-temazcal-ceremonia-ritual-de-sanacion-y-limpieza-zapoteco-t769634/
México;tonantzintla-l165250;1154483;Cdmx Descubre Puebla Cholula Y Tonantzintla En Un Recorrido Por La Ciudad;https://www.getyourguide.com/es-es/tonantzintla-l165250/cdmx-descubre-puebla-cholula-y-tonantzintla-en-un-recorrido-por-la-ciudad-t1154483/
México;municipio-oaxaca-de-juarez-l681;825014;Oaxacan Journey;https://www.getyourguide.com/es-es/municipio-oaxaca-de-juarez-l681/oaxacan-journey-t825014/
México;valladolid-mexico-l101556;825037;Desde Valladolid Visita Ek Balam Y 2 Cenotes Comida Maya Autentica;https://www.getyourguide.com/es-es/valladolid-mexico-l101556/desde-valladolid-visita-ek-balam-y-2-cenotes-comida-maya-autentica-t825037/
México;puerto-vallarta-l265;831339;Parque Nacional Islas Marietas Snorkeling En Los Arcos De Mismaloya;https://www.getyourguide.com/es-es/puerto-vallarta-l265/parque-nacional-islas-marietas-snorkeling-en-los-arcos-de-mismaloya-t831339/
México;cancun-l150;850434;Catamaran Snorkel Y Almuerzo Buffet En Isla Mujeres;https://www.getyourguide.com/es-es/cancun-l150/catamaran-snorkel-y-almuerzo-buffet-en-isla-mujeres-t850434/
México;cancun-l150;865212;Cancun Central Ticket De Entrada En Autobus Adesde Chichen Itza;https://www.getyourguide.com/es-es/cancun-l150/cancun-central-ticket-de-entrada-en-autobus-adesde-chichen-itza-t865212/
México;cancun-l150;869136;Transporte Privado Desde El Aeropuerto De Cun Al Golden Parnassus;https://www.getyourguide.com/es-es/cancun-l150/transporte-privado-desde-el-aeropuerto-de-cun-al-golden-parnassus-t869136/
México;tulum-l248;906225;Barcelona Contrata Una Sesion De Fotos Privada Con Un Fotografo;https://www.getyourguide.com/es-es/tulum-l248/barcelona-contrata-una-sesion-de-fotos-privada-con-un-fotografo-t906225/
México;ciudad-de-mexico-l194;949018;Saboreando El Centro Historico De La Cdmx;https://www.getyourguide.com/es-es/ciudad-de-mexico-l194/saboreando-el-centro-historico-de-la-cdmx-t949018/
México;bacalar-l95624;1286888;Bacalar Tour De Las Mascaras De Kohunlich Y Visita Al Cenote Azul;https://www.getyourguide.com/es-es/bacalar-l95624/bacalar-tour-de-las-mascaras-de-kohunlich-y-visita-al-cenote-azul-t1286888/
México;tulum-l248;1047610;Tulum Clase Practica De Cocina Mexicana;https://www.getyourguide.com/es-es/tulum-l248/tulum-clase-practica-de-cocina-mexicana-t1047610/
México;cabo-san-lucas-l306;304528;Cabo San Lucas Paddle Board Y Snorkel Con Picnic;https://www.getyourguide.com/es-es/cabo-san-lucas-l306/cabo-san-lucas-paddle-board-y-snorkel-con-picnic-t304528/
México;sayulita-l32371;1152817;Sayulita Tour De Aventura En Quad;https://www.getyourguide.com/es-es/sayulita-l32371/sayulita-tour-de-aventura-en-quad-t1152817/
México;ciudad-de-mexico-l194;434201;Ciudad De Mexico Recorrido A Pie Por El Mercado De Comida Exotica Y Artesania Local;https://www.getyourguide.com/es-es/ciudad-de-mexico-l194/ciudad-de-mexico-recorrido-a-pie-por-el-mercado-de-comida-exotica-y-artesania-local-t434201/
México;cabo-san-lucas-l306;435815;Cabo San Lucas Experiencia De Buceo Para Principiantes Con Agua Y Merienda;https://www.getyourguide.com/es-es/cabo-san-lucas-l306/cabo-san-lucas-experiencia-de-buceo-para-principiantes-con-agua-y-merienda-t435815/
México;cancun-l150;457115;Cancun Catamaran Isla Mujeres Buffet;https://www.getyourguide.com/es-es/cancun-l150/cancun-catamaran-isla-mujeres-buffet-t457115/
México;merida-l1903;462484;Edzna City Tour Campeche;https://www.getyourguide.com/es-es/merida-l1903/edzna-city-tour-campeche-t462484/
México;municipio-oaxaca-de-juarez-l681;1238200;Enduro En Bici De Montana Descenso Epico De 1500 M Grupo Reducido;https://www.getyourguide.com/es-es/municipio-oaxaca-de-juarez-l681/enduro-en-bici-de-montana-descenso-epico-de-1500-m-grupo-reducido-t1238200/
México;crucecita-l166888;612072;Descubre Huatulco Dia Completo;https://www.getyourguide.com/es-es/crucecita-l166888/descubre-huatulco-dia-completo-t612072/
México;celestun-l98208;630313;Celestun Almuerzo Paseo En Barco Y Tiempo Libre En La Playa;https://www.getyourguide.com/es-es/celestun-l98208/celestun-almuerzo-paseo-en-barco-y-tiempo-libre-en-la-playa-t630313/
México;puerto-vallarta-l265;649991;Tour Del Tequila Finca 18 Con Maridaje De Chocolate Lugar De Recogida;https://www.getyourguide.com/es-es/puerto-vallarta-l265/tour-del-tequila-finca-18-con-maridaje-de-chocolate-lugar-de-recogida-t649991/
México;tulum-l248;703704;Tulum Traslado En Furgoneta Privada A Cancun;https://www.getyourguide.com/es-es/tulum-l248/tulum-traslado-en-furgoneta-privada-a-cancun-t703704/
México;municipio-oaxaca-de-juarez-l681;721819;Oaxaca Crea Tus Propias Tabletas De Chocolate;https://www.getyourguide.com/es-es/municipio-oaxaca-de-juarez-l681/oaxaca-crea-tus-propias-tabletas-de-chocolate-t721819/
México;ciudad-de-mexico-l194;728066;Ciudad De Mexico Come Y Explora La Comida Callejera;https://www.getyourguide.com/es-es/ciudad-de-mexico-l194/ciudad-de-mexico-come-y-explora-la-comida-callejera-t728066/
México;municipio-oaxaca-de-juarez-l681;763166;Ruta Del Mezcal Oaxaca;https://www.getyourguide.com/es-es/municipio-oaxaca-de-juarez-l681/ruta-del-mezcal-oaxaca-t763166/
México;ciudad-de-mexico-l194;770903;Ciudad De Mexico Introduccion General;https://www.getyourguide.com/es-es/ciudad-de-mexico-l194/ciudad-de-mexico-introduccion-general-t770903/
México;municipio-oaxaca-de-juarez-l681;387810;Ciudad De Oaxaca Traslado Al Aeropuerto Privadocompartido Ida Y Vuelta;https://www.getyourguide.com/es-es/municipio-oaxaca-de-juarez-l681/ciudad-de-oaxaca-traslado-al-aeropuerto-privadocompartido-ida-y-vuelta-t387810/
México;ensenada-l545;800954;Aventura A Caballo Junto A La Playa En Ensenada;https://www.getyourguide.com/es-es/ensenada-l545/aventura-a-caballo-junto-a-la-playa-en-ensenada-t800954/
México;monterrey-l679;451070;Monterrey Caminata Al Atardecer En El Cerro De La Silla Teleferico;https://www.getyourguide.com/es-es/monterrey-l679/monterrey-caminata-al-atardecer-en-el-cerro-de-la-silla-teleferico-t451070/
México;guadalajara-l677;455249;Tequila Tour Guiado Por La Ciudad Y La Destileria Con Degustaciones;https://www.getyourguide.com/es-es/guadalajara-l677/tequila-tour-guiado-por-la-ciudad-y-la-destileria-con-degustaciones-t455249/
México;ciudad-de-mexico-l194;871592;Desde Cdmx Puebla Y Oaxaca 5 Dias;https://www.getyourguide.com/es-es/ciudad-de-mexico-l194/desde-cdmx-puebla-y-oaxaca-5-dias-t871592/
México;ciudad-de-mexico-l194;882406;Ciudad De Mexico La Casa Azul El Museo De Frida Kahlo;https://www.getyourguide.com/es-es/ciudad-de-mexico-l194/ciudad-de-mexico-la-casa-azul-el-museo-de-frida-kahlo-t882406/
México;ciudad-de-mexico-l194;959059;Desde Cdmx Expedicion Por Teotihuacan Tlatelolco Y Basilica De Guadalupe;https://www.getyourguide.com/es-es/ciudad-de-mexico-l194/desde-cdmx-expedicion-por-teotihuacan-tlatelolco-y-basilica-de-guadalupe-t959059/
México;ciudad-de-mexico-l194;960089;Cdmx Sobrevuela Teotihuacan En Globo Y Visita A La Basilica De Guadalupe;https://www.getyourguide.com/es-es/ciudad-de-mexico-l194/cdmx-sobrevuela-teotihuacan-en-globo-y-visita-a-la-basilica-de-guadalupe-t960089/
México;cancun-l150;980547;Desde Riviera Maya Combo Completo Al Parque Xcaret;https://www.getyourguide.com/es-es/cancun-l150/desde-riviera-maya-combo-completo-al-parque-xcaret-t980547/
México;san-jose-del-cabo-l967;999885;San Jose Del Cabo Experiencia En Yate De Lujo;https://www.getyourguide.com/es-es/san-jose-del-cabo-l967/san-jose-del-cabo-experiencia-en-yate-de-lujo-t999885/
México;zacatecas-l144180;608008;Zacatecas Explora Guadalupe Virreinal;https://www.getyourguide.com/es-es/zacatecas-l144180/zacatecas-explora-guadalupe-virreinal-t608008/
México;municipio-oaxaca-de-juarez-l681;642754;Mezcal Y Mole Con Un Sumiller Certificado;https://www.getyourguide.com/es-es/municipio-oaxaca-de-juarez-l681/mezcal-y-mole-con-un-sumiller-certificado-t642754/
México;mazatlan-l808;653850;Paseo A Caballo Por La Selva Y La Playa Comida Mezcal;https://www.getyourguide.com/es-es/mazatlan-l808/paseo-a-caballo-por-la-selva-y-la-playa-comida-mezcal-t653850/
México;cabo-san-lucas-l306;1093096;Tour De La Ciudad De Cabo San Lucas El Arco Y Tour Gastronomico Local;https://www.getyourguide.com/es-es/cabo-san-lucas-l306/tour-de-la-ciudad-de-cabo-san-lucas-el-arco-y-tour-gastronomico-local-t1093096/
México;puerto-vallarta-l265;682431;Puerto Vallarta Tour Privado A Colomitos Y Las Animas;https://www.getyourguide.com/es-es/puerto-vallarta-l265/puerto-vallarta-tour-privado-a-colomitos-y-las-animas-t682431/
México;campeche-l2516;696200;Campeche Ruta Gastronomica Por El Mercado De La Ciudad;https://www.getyourguide.com/es-es/campeche-l2516/campeche-ruta-gastronomica-por-el-mercado-de-la-ciudad-t696200/
México;ciudad-de-mexico-l194;1140666;Ciudad De Mexico Tour Gastronomico Con Mas De 10 Degustaciones Y Favoritos Locales;https://www.getyourguide.com/es-es/ciudad-de-mexico-l194/ciudad-de-mexico-tour-gastronomico-con-mas-de-10-degustaciones-y-favoritos-locales-t1140666/
México;cancun-l150;732627;Cancun Aventura En Bici Tour Guiado De 90 Min En La Zona Hotelera;https://www.getyourguide.com/es-es/cancun-l150/cancun-aventura-en-bici-tour-guiado-de-90-min-en-la-zona-hotelera-t732627/
México;zihuatanejo-l392;777560;Zihuatanejo Experiencia De Liberacion De Tortugas En Playa Blanca;https://www.getyourguide.com/es-es/zihuatanejo-l392/zihuatanejo-experiencia-de-liberacion-de-tortugas-en-playa-blanca-t777560/
México;puerto-morelos-l112372;1181179;Puerto Morelos Clase Privada De Salsabachata;https://www.getyourguide.com/es-es/puerto-morelos-l112372/puerto-morelos-clase-privada-de-salsabachata-t1181179/
México;mahahual-l168421;850671;Costa Maya Port Chacchoben Mayan Temples;https://www.getyourguide.com/es-es/mahahual-l168421/costa-maya-port-chacchoben-mayan-temples-t850671/
México;valladolid-mexico-l101556;851809;Valladolid Rio Lagartos Las Coloradas Cenote Viaje Compartido;https://www.getyourguide.com/es-es/valladolid-mexico-l101556/valladolid-rio-lagartos-las-coloradas-cenote-viaje-compartido-t851809/
México;cancun-l150;871517;Traslado Privado Aeropuerto Cun A Moon Palace Nizuc Cancun;https://www.getyourguide.com/es-es/cancun-l150/traslado-privado-aeropuerto-cun-a-moon-palace-nizuc-cancun-t871517/
México;ciudad-de-mexico-l194;957394;Ciudad De Mexico Coyoacan Xochimilco Y Unam Tour De Dia Completo;https://www.getyourguide.com/es-es/ciudad-de-mexico-l194/ciudad-de-mexico-coyoacan-xochimilco-y-unam-tour-de-dia-completo-t957394/
México;ciudad-de-mexico-l194;975918;Paseo Y Vistas De Cdmx Bellas Artes Catedral Centro Historico;https://www.getyourguide.com/es-es/ciudad-de-mexico-l194/paseo-y-vistas-de-cdmx-bellas-artes-catedral-centro-historico-t975918/
México;tulum-l248;1323688;Tulum Turtle Snorkel Playa Santa Fe Lunch At Maria Bonita Souvenir;https://www.getyourguide.com/es-es/tulum-l248/tulum-turtle-snorkel-playa-santa-fe-lunch-at-maria-bonita-souvenir-t1323688/
México;holbox-l189767;1330812;Holbox Mini Sesion Fotografica;https://www.getyourguide.com/es-es/holbox-l189767/holbox-mini-sesion-fotografica-t1330812/
México;puerto-vallarta-l265;50453;Bar Crawl Vip Todo Incluido En Puerto Vallarta;https://www.getyourguide.com/es-es/puerto-vallarta-l265/bar-crawl-vip-todo-incluido-en-puerto-vallarta-t50453/
México;cancun-l150;97542;Excursion Chichen Itza Plus Con Cenote Y Comida;https://www.getyourguide.com/es-es/cancun-l150/excursion-chichen-itza-plus-con-cenote-y-comida-t97542/
México;municipio-oaxaca-de-juarez-l681;1058378;Oaxaca Hierve El Agua Al Amanecer Y Caminata Experiencia Nocturna;https://www.getyourguide.com/es-es/municipio-oaxaca-de-juarez-l681/oaxaca-hierve-el-agua-al-amanecer-y-caminata-experiencia-nocturna-t1058378/
México;ciudad-de-guanajuato-l2514;1067495;Entre Haciendas Y Templos Recorrido Por El Corazon Minero De Pastita;https://www.getyourguide.com/es-es/ciudad-de-guanajuato-l2514/entre-haciendas-y-templos-recorrido-por-el-corazon-minero-de-pastita-t1067495/
México;tulum-l248;1074319;Tour Por La Laguna De Sian Ka Muyil Flotando Cenote;https://www.getyourguide.com/es-es/tulum-l248/tour-por-la-laguna-de-sian-ka-muyil-flotando-cenote-t1074319/
México;puerto-vallarta-l265;402322;Puerto Vallarta Clase De Elaboracion De Chocolate Entradas;https://www.getyourguide.com/es-es/puerto-vallarta-l265/puerto-vallarta-clase-de-elaboracion-de-chocolate-entradas-t402322/
México;la-paz-mexico-l2930;1113953;Experiencia De Cocina Personalizada Aprendiendo Los Sabores De La Paz;https://www.getyourguide.com/es-es/la-paz-mexico-l2930/experiencia-de-cocina-personalizada-aprendiendo-los-sabores-de-la-paz-t1113953/
México;valle-de-bravo-l95795;499546;Valle De Bravo Excursion En Rzr 4X4;https://www.getyourguide.com/es-es/valle-de-bravo-l95795/valle-de-bravo-excursion-en-rzr-4x4-t499546/
México;ciudad-de-mexico-l194;526667;Excursion Xochimilco Ciudad De Mexico Privada Y Todo Incluido;https://www.getyourguide.com/es-es/ciudad-de-mexico-l194/excursion-xochimilco-ciudad-de-mexico-privada-y-todo-incluido-t526667/
México;santa-maria-huatulco-l781;632014;Huatulco Tour Bio Y Liberacion;https://www.getyourguide.com/es-es/santa-maria-huatulco-l781/huatulco-tour-bio-y-liberacion-t632014/
México;brisas-de-zicatela-l204024;679492;Masaje Relajante;https://www.getyourguide.com/es-es/brisas-de-zicatela-l204024/masaje-relajante-t679492/
México;municipio-oaxaca-de-juarez-l681;680203;Un Dia Todas Las Piramides De Oaxaca Monte Alban Mitla Dainzu;https://www.getyourguide.com/es-es/municipio-oaxaca-de-juarez-l681/un-dia-todas-las-piramides-de-oaxaca-monte-alban-mitla-dainzu-t680203/
México;san-cristobal-de-las-casas-l2166;703359;Desde San Cristobal Aventura De 3 Dias Al Arco Del Tiempo;https://www.getyourguide.com/es-es/san-cristobal-de-las-casas-l2166/desde-san-cristobal-aventura-de-3-dias-al-arco-del-tiempo-t703359/
México;san-jose-del-cabo-l967;734371;Los Cabos Traslado Al Aeropuerto Premium A Todos Santos;https://www.getyourguide.com/es-es/san-jose-del-cabo-l967/los-cabos-traslado-al-aeropuerto-premium-a-todos-santos-t734371/
México;san-jose-del-cabo-l967;775257;Los Cabos Experiencia De Pesca;https://www.getyourguide.com/es-es/san-jose-del-cabo-l967/los-cabos-experiencia-de-pesca-t775257/
México;mazatlan-l808;779331;Mazatlan 3 Islands Snorkeling And Bird Watching Tour;https://www.getyourguide.com/es-es/mazatlan-l808/mazatlan-3-islands-snorkeling-and-bird-watching-tour-t779331/
México;merida-l1903;831184;Transfer Merida Tren Maya Estacion Teya;https://www.getyourguide.com/es-es/merida-l1903/transfer-merida-tren-maya-estacion-teya-t831184/
México;playa-del-carmen-l308;846564;Tour Privado Del Dia De Muertos En Playa Del Carmen;https://www.getyourguide.com/es-es/playa-del-carmen-l308/tour-privado-del-dia-de-muertos-en-playa-del-carmen-t846564/
México;cancun-l150;881021;Transporte Privado Aeropuerto Cun A Excellence Playa Mujeres;https://www.getyourguide.com/es-es/cancun-l150/transporte-privado-aeropuerto-cun-a-excellence-playa-mujeres-t881021/
México;cancun-l150;881957;Transporte Privado Aeropuerto Cun A La Amada Residences Luxury;https://www.getyourguide.com/es-es/cancun-l150/transporte-privado-aeropuerto-cun-a-la-amada-residences-luxury-t881957/
México;bacalar-l95624;395388;Lago De Bacalar Alquiler De Kayak Durante 4 Horas;https://www.getyourguide.com/es-es/bacalar-l95624/lago-de-bacalar-alquiler-de-kayak-durante-4-horas-t395388/
México;puebla-l1471;926027;Puebla Los Origenes De La Ciudad Tuneles Ocultos Y Arte Urbano;https://www.getyourguide.com/es-es/puebla-l1471/puebla-los-origenes-de-la-ciudad-tuneles-ocultos-y-arte-urbano-t926027/
México;municipio-oaxaca-de-juarez-l681;1041133;Espectaculo De La Guelaguetza 2025;https://www.getyourguide.com/es-es/municipio-oaxaca-de-juarez-l681/espectaculo-de-la-guelaguetza-2025-t1041133/
México;san-miguel-de-allende-l2515;1044643;Tour Wine Tasting Vinedo San Miguel San Bartolo Experience;https://www.getyourguide.com/es-es/san-miguel-de-allende-l2515/tour-wine-tasting-vinedo-san-miguel-san-bartolo-experience-t1044643/
México;tulum-l248;501502;Desde Tulum Temazcal Y Cenote Experiencia Privada;https://www.getyourguide.com/es-es/tulum-l248/desde-tulum-temazcal-y-cenote-experiencia-privada-t501502/
México;crucecita-l166888;1113063;Copalita Yacimiento Arqueologico De Copalita Y Tour Por La Crucecita;https://www.getyourguide.com/es-es/crucecita-l166888/copalita-yacimiento-arqueologico-de-copalita-y-tour-por-la-crucecita-t1113063/
México;monterrey-l679;592436;El Mejor Tour A Cola De Caballo Guia Traslado Ticket De Entrada;https://www.getyourguide.com/es-es/monterrey-l679/el-mejor-tour-a-cola-de-caballo-guia-traslado-ticket-de-entrada-t592436/
México;ciudad-de-mexico-l194;601134;Tour Nocturno En Bicicleta Por La Comida Callejera Ciudad De Mexico;https://www.getyourguide.com/es-es/ciudad-de-mexico-l194/tour-nocturno-en-bicicleta-por-la-comida-callejera-ciudad-de-mexico-t601134/
México;cancun-l150;625273;Cancun Vuelo Privado A Holbox;https://www.getyourguide.com/es-es/cancun-l150/cancun-vuelo-privado-a-holbox-t625273/
México;cabo-san-lucas-l306;1153464;Cabo San Lucas Tour De Avistamiento De Ballenas Y Snorkel;https://www.getyourguide.com/es-es/cabo-san-lucas-l306/cabo-san-lucas-tour-de-avistamiento-de-ballenas-y-snorkel-t1153464/
México;cabo-san-lucas-l306;676770;Cabo San Lucas Snorkel Tacos Y Tour En Barco Por La Bahia Chileno;https://www.getyourguide.com/es-es/cabo-san-lucas-l306/cabo-san-lucas-snorkel-tacos-y-tour-en-barco-por-la-bahia-chileno-t676770/
México;puerto-vallarta-l265;682163;Puerto Vallarta Fiesta De Neon En La Bahia;https://www.getyourguide.com/es-es/puerto-vallarta-l265/puerto-vallarta-fiesta-de-neon-en-la-bahia-t682163/
México;san-cristobal-de-las-casas-l2166;691676;San Cristobal Sumidero Canyon Miradores Chiapa De Corzo;https://www.getyourguide.com/es-es/san-cristobal-de-las-casas-l2166/san-cristobal-sumidero-canyon-miradores-chiapa-de-corzo-t691676/
México;cancun-l150;703697;Cancun Traslado Privado En Furgoneta A Mahahual;https://www.getyourguide.com/es-es/cancun-l150/cancun-traslado-privado-en-furgoneta-a-mahahual-t703697/
México;cancun-l150;737291;Isla Mujeres Excursion De Lujo En Catamaran;https://www.getyourguide.com/es-es/cancun-l150/isla-mujeres-excursion-de-lujo-en-catamaran-t737291/
México;leon-mexico-l155751;800635;Leon Ruta Del Vino Dolores Hidalgo Vinedo Tres Raices;https://www.getyourguide.com/es-es/leon-mexico-l155751/leon-ruta-del-vino-dolores-hidalgo-vinedo-tres-raices-t800635/
México;puerto-vallarta-l265;848337;Puerto Vallarta Aventura En Catamaran Con Depredadores;https://www.getyourguide.com/es-es/puerto-vallarta-l265/puerto-vallarta-aventura-en-catamaran-con-depredadores-t848337/
México;loreto-mexico-l1655;849647;Loreto Tour De Avistamiento De Ballenas Con Traslados Y Almuerzo;https://www.getyourguide.com/es-es/loreto-mexico-l1655/loreto-tour-de-avistamiento-de-ballenas-con-traslados-y-almuerzo-t849647/
México;cancun-l150;1308271;Cancun Isla Contoy E Isla Mujeres Snorkel Comida Y Barra Libre;https://www.getyourguide.com/es-es/cancun-l150/cancun-isla-contoy-e-isla-mujeres-snorkel-comida-y-barra-libre-t1308271/
México;ciudad-de-mexico-l194;900603;Ciudad De Mexico Fast Track Castillo De Chapultepec Nhm Tour Privado;https://www.getyourguide.com/es-es/ciudad-de-mexico-l194/ciudad-de-mexico-fast-track-castillo-de-chapultepec-nhm-tour-privado-t900603/
México;cabo-san-lucas-l306;12634;Medio Dia De Kayak Y Snorkel En Santa Maria Y Bahia Chileno;https://www.getyourguide.com/es-es/cabo-san-lucas-l306/medio-dia-de-kayak-y-snorkel-en-santa-maria-y-bahia-chileno-t12634/
México;cancun-l150;923227;Cancun Curso De Buceo Padi Open Water De 2 Dias;https://www.getyourguide.com/es-es/cancun-l150/cancun-curso-de-buceo-padi-open-water-de-2-dias-t923227/
México;cancun-l150;994599;Aventura Con Tiburones Ballena Desde Cancun Y La Riviera Maya;https://www.getyourguide.com/es-es/cancun-l150/aventura-con-tiburones-ballena-desde-cancun-y-la-riviera-maya-t994599/
México;loreto-mexico-l1655;278942;Desde Loreto Crucero En Catamaran Con Esnorquel Y Kayak;https://www.getyourguide.com/es-es/loreto-mexico-l1655/desde-loreto-crucero-en-catamaran-con-esnorquel-y-kayak-t278942/
México;ciudad-de-mexico-l194;288450;Ciudad De Mexico Cumbre De 2 Dias En La Montana Iztaccihuatl;https://www.getyourguide.com/es-es/ciudad-de-mexico-l194/ciudad-de-mexico-cumbre-de-2-dias-en-la-montana-iztaccihuatl-t288450/
México;cancun-l150;1051906;Cancun Aventura De Snorkel De 4 Horas Para Todas Las Edades;https://www.getyourguide.com/es-es/cancun-l150/cancun-aventura-de-snorkel-de-4-horas-para-todas-las-edades-t1051906/
México;cabo-san-lucas-l306;384683;Cabo San Lucas Experiencia De Avistamiento De Ballenas En Catamaran De Lujo;https://www.getyourguide.com/es-es/cabo-san-lucas-l306/cabo-san-lucas-experiencia-de-avistamiento-de-ballenas-en-catamaran-de-lujo-t384683/
México;municipio-oaxaca-de-juarez-l681;1077578;Oaxaca Aventura De Escalada Con Aperitivos Y Bebidas;https://www.getyourguide.com/es-es/municipio-oaxaca-de-juarez-l681/oaxaca-aventura-de-escalada-con-aperitivos-y-bebidas-t1077578/
México;playa-del-carmen-l308;397997;Playa Del Carmen Viaje En Buggy A Un Cenote Y Pueblo Maya;https://www.getyourguide.com/es-es/playa-del-carmen-l308/playa-del-carmen-viaje-en-buggy-a-un-cenote-y-pueblo-maya-t397997/
México;municipio-oaxaca-de-juarez-l681;1092355;Tour Privado En Coche Por Oaxaca Explora Hierve El Agua;https://www.getyourguide.com/es-es/municipio-oaxaca-de-juarez-l681/tour-privado-en-coche-por-oaxaca-explora-hierve-el-agua-t1092355/
México;puerto-vallarta-l265;415549;Puerto Vallarta Crucero De Avistamiento De Delfines Con Un Biologo;https://www.getyourguide.com/es-es/puerto-vallarta-l265/puerto-vallarta-crucero-de-avistamiento-de-delfines-con-un-biologo-t415549/
México;bacalar-l95624;1117394;Tour A Bacalar Laguna De Los Siete Colores;https://www.getyourguide.com/es-es/bacalar-l95624/tour-a-bacalar-laguna-de-los-siete-colores-t1117394/
México;cancun-l150;519284;Transporte Privado Del Aeropuerto De Cancun A Los Hoteles De Tulum;https://www.getyourguide.com/es-es/cancun-l150/transporte-privado-del-aeropuerto-de-cancun-a-los-hoteles-de-tulum-t519284/
México;holbox-l189767;527490;Holbox Tour En Barco Privado Por 3 Islas;https://www.getyourguide.com/es-es/holbox-l189767/holbox-tour-en-barco-privado-por-3-islas-t527490/
México;ajijic-l1268;608384;Privado Rancho Vicente Fdez Ajijic Chapala Y Tlaquepaque;https://www.getyourguide.com/es-es/ajijic-l1268/privado-rancho-vicente-fdez-ajijic-chapala-y-tlaquepaque-t608384/
México;santa-maria-huatulco-l781;1248243;;https://www.getyourguide.com/es-es/santa-maria-huatulco-l781/-t1248243/
México;tulum-l248;1252274;Yaxmuul Tour Guiado Por Los Cenotes Con Ceremonia Maya;https://www.getyourguide.com/es-es/tulum-l248/yaxmuul-tour-guiado-por-los-cenotes-con-ceremonia-maya-t1252274/
México;merida-l1903;641577;Merida Chichen Itza Cenote Comida Y Tour Por Izamal;https://www.getyourguide.com/es-es/merida-l1903/merida-chichen-itza-cenote-comida-y-tour-por-izamal-t641577/
México;cabo-san-lucas-l306;1274115;Tour Panoramico De La Ciudad De Los Cabos Con Almuerzo Tradicional;https://www.getyourguide.com/es-es/cabo-san-lucas-l306/tour-panoramico-de-la-ciudad-de-los-cabos-con-almuerzo-tradicional-t1274115/
México;mazatlan-l808;702053;Mazatlan Mexico Alquiler De Yates Y Excursiones;https://www.getyourguide.com/es-es/mazatlan-l808/mazatlan-mexico-alquiler-de-yates-y-excursiones-t702053/
México;ensenada-l545;719047;Ensenada Tour Guiado Por La Bufadora Con Cata De Tequila;https://www.getyourguide.com/es-es/ensenada-l545/ensenada-tour-guiado-por-la-bufadora-con-cata-de-tequila-t719047/
México;ciudad-de-mexico-l194;770822;Desde Ciudad De Mexico Tour Vip A Teotihuacan Piramides Cerveza Y Mezcal;https://www.getyourguide.com/es-es/ciudad-de-mexico-l194/desde-ciudad-de-mexico-tour-vip-a-teotihuacan-piramides-cerveza-y-mezcal-t770822/
México;cancun-l150;778115;Cancun Catamaran Premium Con Transporte Y Tasa Portuaria;https://www.getyourguide.com/es-es/cancun-l150/cancun-catamaran-premium-con-transporte-y-tasa-portuaria-t778115/
México;san-andres-cholula-l213785;806871;Desde Puebla Cholula Tonanzintla Y San Francisco Acatepec Tour Privado;https://www.getyourguide.com/es-es/san-andres-cholula-l213785/desde-puebla-cholula-tonanzintla-y-san-francisco-acatepec-tour-privado-t806871/
México;leon-mexico-l155751;807854;Leon Lo Mejor De La Ciudad En Bicicleta;https://www.getyourguide.com/es-es/leon-mexico-l155751/leon-lo-mejor-de-la-ciudad-en-bicicleta-t807854/
México;la-trinidad-queretaro-l217665;827433;Te Gusta La Aventura Visita Las Minas De Opalo El Pilon;https://www.getyourguide.com/es-es/la-trinidad-queretaro-l217665/te-gusta-la-aventura-visita-las-minas-de-opalo-el-pilon-t827433/
México;sayulita-l32371;828238;Desde Sayulita Excursion De Surf En Lancha Con Transporte Incluido;https://www.getyourguide.com/es-es/sayulita-l32371/desde-sayulita-excursion-de-surf-en-lancha-con-transporte-incluido-t828238/
México;puerto-vallarta-l265;405741;Avistamiento De Ballenas Experiencia Garantizada En Puerto Vallarta;https://www.getyourguide.com/es-es/puerto-vallarta-l265/avistamiento-de-ballenas-experiencia-garantizada-en-puerto-vallarta-t405741/
México;cancun-l150;945129;Cancun Aventura En Lancha Rapida Y Avistamiento De Cocodrilos;https://www.getyourguide.com/es-es/cancun-l150/cancun-aventura-en-lancha-rapida-y-avistamiento-de-cocodrilos-t945129/
México;ciudad-de-mexico-l194;429049;Ciudad De Mexico Entrada Al Museo De Antropologia Con Guia Digital;https://www.getyourguide.com/es-es/ciudad-de-mexico-l194/ciudad-de-mexico-entrada-al-museo-de-antropologia-con-guia-digital-t429049/
México;ciudad-de-mexico-l194;959008;Mexico City Tour Complejo De La Basilica De Guadalupe;https://www.getyourguide.com/es-es/ciudad-de-mexico-l194/mexico-city-tour-complejo-de-la-basilica-de-guadalupe-t959008/
México;san-miguel-de-cozumel-l141611;437478;Cozumel Excursion Guiada Privada Por La Isla;https://www.getyourguide.com/es-es/san-miguel-de-cozumel-l141611/cozumel-excursion-guiada-privada-por-la-isla-t437478/
México;la-paz-mexico-l2930;1003383;La Paz Paseo A Caballo Por La Playa Con Aperitivos;https://www.getyourguide.com/es-es/la-paz-mexico-l2930/la-paz-paseo-a-caballo-por-la-playa-con-aperitivos-t1003383/
México;valle-de-bravo-l95795;495971;Valle De Bravo Paseo A Caballo Por Las Cascadas;https://www.getyourguide.com/es-es/valle-de-bravo-l95795/valle-de-bravo-paseo-a-caballo-por-las-cascadas-t495971/
México;san-jose-del-cabo-l967;525586;Excursion Al Amanecer Con Avistamiento De Ballenas En San Jose Del Cabo;https://www.getyourguide.com/es-es/san-jose-del-cabo-l967/excursion-al-amanecer-con-avistamiento-de-ballenas-en-san-jose-del-cabo-t525586/
México;ciudad-de-mexico-l194;532893;Comida Callejera De Ciudad De Mexico Guia Para Principiantes;https://www.getyourguide.com/es-es/ciudad-de-mexico-l194/comida-callejera-de-ciudad-de-mexico-guia-para-principiantes-t532893/
México;cabo-san-lucas-l306;549008;Cabo San Lucas Tour Paseo Al Arco Bajada En Playa;https://www.getyourguide.com/es-es/cabo-san-lucas-l306/cabo-san-lucas-tour-paseo-al-arco-bajada-en-playa-t549008/
México;municipio-oaxaca-de-juarez-l681;570678;Oaxaca De Juarez Tour De Medio Dia Por Monte Alban;https://www.getyourguide.com/es-es/municipio-oaxaca-de-juarez-l681/oaxaca-de-juarez-tour-de-medio-dia-por-monte-alban-t570678/
México;puerto-vallarta-l265;587158;Puerto Vallarta Aventura Adrenalina Parasailing Y Jetboat;https://www.getyourguide.com/es-es/puerto-vallarta-l265/puerto-vallarta-aventura-adrenalina-parasailing-y-jetboat-t587158/
México;puerto-vallarta-l265;1114417;Puerto Vallarta Tour Nocturno Privado;https://www.getyourguide.com/es-es/puerto-vallarta-l265/puerto-vallarta-tour-nocturno-privado-t1114417/
México;puerto-vallarta-l265;628788;Puerto Vallarta Experiencia Modelo Por Un Dia;https://www.getyourguide.com/es-es/puerto-vallarta-l265/puerto-vallarta-experiencia-modelo-por-un-dia-t628788/
México;valladolid-mexico-l101556;660938;Tour De 1 Dia A Chichen Itza Y Dos Cenotes Desde Cancun;https://www.getyourguide.com/es-es/valladolid-mexico-l101556/tour-de-1-dia-a-chichen-itza-y-dos-cenotes-desde-cancun-t660938/
México;cancun-l150;672692;Cancun Catamaran Privado De Medio Dia Con Snorkel 25 Invitados;https://www.getyourguide.com/es-es/cancun-l150/cancun-catamaran-privado-de-medio-dia-con-snorkel-25-invitados-t672692/
México;san-cristobal-de-las-casas-l2166;691685;San Cristobal Cascadas Del Chiflon Y Lagos De Montebello;https://www.getyourguide.com/es-es/san-cristobal-de-las-casas-l2166/san-cristobal-cascadas-del-chiflon-y-lagos-de-montebello-t691685/
México;mahahual-l168421;704142;Desde Costa Maya Tour Privado A Las Ruinas Mayas De Chacchoben;https://www.getyourguide.com/es-es/mahahual-l168421/desde-costa-maya-tour-privado-a-las-ruinas-mayas-de-chacchoben-t704142/
México;ciudad-de-mexico-l194;735616;Mexico Recorrido A Pie Por El Arte Callejero Con Guia;https://www.getyourguide.com/es-es/ciudad-de-mexico-l194/mexico-recorrido-a-pie-por-el-arte-callejero-con-guia-t735616/
México;tulum-l248;794212;Tulum Excursion Al Cenote Tankah Con Tirolina Y Comida Maya;https://www.getyourguide.com/es-es/tulum-l248/tulum-excursion-al-cenote-tankah-con-tirolina-y-comida-maya-t794212/
México;tulum-l248;828977;Tulum Cenote Dos Ojos 2 Inmersiones Con Opcion De Traslado;https://www.getyourguide.com/es-es/tulum-l248/tulum-cenote-dos-ojos-2-inmersiones-con-opcion-de-traslado-t828977/
México;cancun-l150;837567;Transporte Privado Del Aeropuerto Cun Al Sensira Resort;https://www.getyourguide.com/es-es/cancun-l150/transporte-privado-del-aeropuerto-cun-al-sensira-resort-t837567/
México;ciudad-de-mexico-l194;1285108;Ciudad De Mexico Taller De Trufas De Cacao Del Grano A La Degustacion;https://www.getyourguide.com/es-es/ciudad-de-mexico-l194/ciudad-de-mexico-taller-de-trufas-de-cacao-del-grano-a-la-degustacion-t1285108/
México;san-jose-del-pacifico-l200608;1290586;Oaxaca San Jose Del Pacifico Con Aventura Vistas Y Actividades;https://www.getyourguide.com/es-es/san-jose-del-pacifico-l200608/oaxaca-san-jose-del-pacifico-con-aventura-vistas-y-actividades-t1290586/
México;cabo-san-lucas-l306;887536;Los Cabos Excursion En Quad Y A Caballo;https://www.getyourguide.com/es-es/cabo-san-lucas-l306/los-cabos-excursion-en-quad-y-a-caballo-t887536/
México;ciudad-de-mexico-l194;959286;Desde Cdmx Viaje A Las Cuevas De Tolantongo;https://www.getyourguide.com/es-es/ciudad-de-mexico-l194/desde-cdmx-viaje-a-las-cuevas-de-tolantongo-t959286/
México;cabo-san-lucas-l306;1057388;Tour Arco De Cabo San Lucas Y Bajamos A Playa Del Amor;https://www.getyourguide.com/es-es/cabo-san-lucas-l306/tour-arco-de-cabo-san-lucas-y-bajamos-a-playa-del-amor-t1057388/
México;holbox-l189767;1131762;Magico Atardecer En El Mar De Isla Holbox Vip Langosta Guacamole;https://www.getyourguide.com/es-es/holbox-l189767/magico-atardecer-en-el-mar-de-isla-holbox-vip-langosta-guacamole-t1131762/
México;puerto-aventuras-l964;510136;Cena Romantica Yate De Lujo 60 Sunseeker Tulum;https://www.getyourguide.com/es-es/puerto-aventuras-l964/cena-romantica-yate-de-lujo-60-sunseeker-tulum-t510136/
México;la-ventana-l193099;1228181;Descubre El Ala Delta En La Ventana;https://www.getyourguide.com/es-es/la-ventana-l193099/descubre-el-ala-delta-en-la-ventana-t1228181/
México;cancun-l150;1266305;;https://www.getyourguide.com/es-es/cancun-l150/-t1266305/
México;bacalar-l95624;604991;Paseo En Velero Por La Laguna De Bacalar Con Barra Libre Y Comida Mexicana;https://www.getyourguide.com/es-es/bacalar-l95624/paseo-en-velero-por-la-laguna-de-bacalar-con-barra-libre-y-comida-mexicana-t604991/
México;san-miguel-de-allende-l2515;1267573;San Miguel De Allende Religious Tour;https://www.getyourguide.com/es-es/san-miguel-de-allende-l2515/san-miguel-de-allende-religious-tour-t1267573/
México;municipio-oaxaca-de-juarez-l681;1286668;Oaxaca Centro Taller De Collage Fenomenologia Del Collage;https://www.getyourguide.com/es-es/municipio-oaxaca-de-juarez-l681/oaxaca-centro-taller-de-collage-fenomenologia-del-collage-t1286668/
México;santa-maria-huatulco-l781;631933;Huatulco Tour De La Ciudad Y Miradores;https://www.getyourguide.com/es-es/santa-maria-huatulco-l781/huatulco-tour-de-la-ciudad-y-miradores-t631933/
México;cabo-san-lucas-l306;690077;Cabo San Lucas Crucero Snorkel Fun Desayuno;https://www.getyourguide.com/es-es/cabo-san-lucas-l306/cabo-san-lucas-crucero-snorkel-fun-desayuno-t690077/
México;holbox-l189767;702350;Horario De La Primera Visita Guiada En San Rancho San Manuel;https://www.getyourguide.com/es-es/holbox-l189767/horario-de-la-primera-visita-guiada-en-san-rancho-san-manuel-t702350/
México;cancun-l150;703690;Cancun Traslado Privado En Furgoneta A Bacalar;https://www.getyourguide.com/es-es/cancun-l150/cancun-traslado-privado-en-furgoneta-a-bacalar-t703690/
México;cabo-san-lucas-l306;40622;Nada Con Ballenas Tiburones En La Paz;https://www.getyourguide.com/es-es/cabo-san-lucas-l306/nada-con-ballenas-tiburones-en-la-paz-t40622/
México;ciudad-de-mexico-l194;70933;Alrededores De Ciudad De Mexico Taxco Cuernavaca Puebla;https://www.getyourguide.com/es-es/ciudad-de-mexico-l194/alrededores-de-ciudad-de-mexico-taxco-cuernavaca-puebla-t70933/
México;ciudad-de-mexico-l194;836783;Desde Cdmx Y Puebla Queretaro Guanajuato Hidalgo Morelia 4 Dias;https://www.getyourguide.com/es-es/ciudad-de-mexico-l194/desde-cdmx-y-puebla-queretaro-guanajuato-hidalgo-morelia-4-dias-t836783/
México;cancun-l150;838591;Transporte Privado De Haven Riviera Cancun Al Aeropuerto Cun;https://www.getyourguide.com/es-es/cancun-l150/transporte-privado-de-haven-riviera-cancun-al-aeropuerto-cun-t838591/
México;ciudad-de-mexico-l194;857856;Tour Privado De Medio Dia A Teotihuacan Desde La Ciudad De Mexico;https://www.getyourguide.com/es-es/ciudad-de-mexico-l194/tour-privado-de-medio-dia-a-teotihuacan-desde-la-ciudad-de-mexico-t857856/
México;santa-maria-huatulco-l781;316292;Desde Puerto Escondido Excursion A Las 7 Bahias De Huatulco Con Snorkel;https://www.getyourguide.com/es-es/santa-maria-huatulco-l781/desde-puerto-escondido-excursion-a-las-7-bahias-de-huatulco-con-snorkel-t316292/
México;ciudad-de-mexico-l194;422467;Desde Ciudad De Mexico Excursion A La Ciudad De Toluca Metepec Y Artesanias;https://www.getyourguide.com/es-es/ciudad-de-mexico-l194/desde-ciudad-de-mexico-excursion-a-la-ciudad-de-toluca-metepec-y-artesanias-t422467/
México;santa-maria-huatulco-l781;537025;Huatulco Experiencia Tortugas Y Cocodrilos;https://www.getyourguide.com/es-es/santa-maria-huatulco-l781/huatulco-experiencia-tortugas-y-cocodrilos-t537025/
México;ciudad-de-mexico-l194;1049490;Tour De Bares Con Bebida De Bienvenida En Cdmx;https://www.getyourguide.com/es-es/ciudad-de-mexico-l194/tour-de-bares-con-bebida-de-bienvenida-en-cdmx-t1049490/
México;ensenada-l545;1063571;Ensenada Aventura Privada En Quad Con Recogida Y Tacos Opcionales;https://www.getyourguide.com/es-es/ensenada-l545/ensenada-aventura-privada-en-quad-con-recogida-y-tacos-opcionales-t1063571/
México;puerto-vallarta-l265;1065785;Puerto Vallarta Clase De Autentica Cocina Mexicana Y Tour Por El Mercado;https://www.getyourguide.com/es-es/puerto-vallarta-l265/puerto-vallarta-clase-de-autentica-cocina-mexicana-y-tour-por-el-mercado-t1065785/
México;municipio-oaxaca-de-juarez-l681;1078357;Tour De Leyendas Y Fantasmas En El Centro De Oaxaca Con Cena;https://www.getyourguide.com/es-es/municipio-oaxaca-de-juarez-l681/tour-de-leyendas-y-fantasmas-en-el-centro-de-oaxaca-con-cena-t1078357/
México;san-miguel-de-cozumel-l141611;634438;Cozumel Experiencia De Masaje En La Playa;https://www.getyourguide.com/es-es/san-miguel-de-cozumel-l141611/cozumel-experiencia-de-masaje-en-la-playa-t634438/
México;municipio-oaxaca-de-juarez-l681;675470;Oaxaca Taller De Mole Oaxaqueno Con Una Cocinera Tradicional;https://www.getyourguide.com/es-es/municipio-oaxaca-de-juarez-l681/oaxaca-taller-de-mole-oaxaqueno-con-una-cocinera-tradicional-t675470/
México;guadalajara-l677;1214563;Ruta Del Tequila Tradicion Agave Y Cultura;https://www.getyourguide.com/es-es/guadalajara-l677/ruta-del-tequila-tradicion-agave-y-cultura-t1214563/
México;san-miguel-de-allende-l2515;763111;San Miguel De Allende Descubre El Encanto Y La Historia;https://www.getyourguide.com/es-es/san-miguel-de-allende-l2515/san-miguel-de-allende-descubre-el-encanto-y-la-historia-t763111/
México;ensenada-l545;781519;Ensenada Aventura En Quad Y Por La Montana;https://www.getyourguide.com/es-es/ensenada-l545/ensenada-aventura-en-quad-y-por-la-montana-t781519/
México;ciudad-de-mexico-l194;1241575;Ciudad De Mexico Teotihuacan Y Guadalupe Con Almuerzo De Barbacoa;https://www.getyourguide.com/es-es/ciudad-de-mexico-l194/ciudad-de-mexico-teotihuacan-y-guadalupe-con-almuerzo-de-barbacoa-t1241575/
México;san-jose-del-cabo-l967;1281287;Los Cabos Eco Aventura En Tirolina En Costa Azul;https://www.getyourguide.com/es-es/san-jose-del-cabo-l967/los-cabos-eco-aventura-en-tirolina-en-costa-azul-t1281287/
México;san-jose-del-cabo-l967;856644;San Jose Del Cabo Tour Gastronomico Guiado Y Visita Al Mercado Local;https://www.getyourguide.com/es-es/san-jose-del-cabo-l967/san-jose-del-cabo-tour-gastronomico-guiado-y-visita-al-mercado-local-t856644/
México;cancun-l150;880946;Transporte Privado Del Aeropuerto De Cun A La Querida Playa Mujeres;https://www.getyourguide.com/es-es/cancun-l150/transporte-privado-del-aeropuerto-de-cun-a-la-querida-playa-mujeres-t880946/
México;ciudad-de-mexico-l194;958434;Ciudad De Mexico Teotihuacan Y La Basilica De Guadalupe Con Almuerzo;https://www.getyourguide.com/es-es/ciudad-de-mexico-l194/ciudad-de-mexico-teotihuacan-y-la-basilica-de-guadalupe-con-almuerzo-t958434/
México;merida-l1903;53397;Visita La Reserva De La Biosfera De Celestun Desde Meridia;https://www.getyourguide.com/es-es/merida-l1903/visita-la-reserva-de-la-biosfera-de-celestun-desde-meridia-t53397/
México;puebla-l1471;971222;Puebla Recorrido Turistico A Pie Con Degustacion Gastronomica;https://www.getyourguide.com/es-es/puebla-l1471/puebla-recorrido-turistico-a-pie-con-degustacion-gastronomica-t971222/
México;cancun-l150;98643;Tour Privado A Chichen Itza;https://www.getyourguide.com/es-es/cancun-l150/tour-privado-a-chichen-itza-t98643/
México;cabo-san-lucas-l306;136391;Cabo San Lucas Yate Privado De 38 Pies;https://www.getyourguide.com/es-es/cabo-san-lucas-l306/cabo-san-lucas-yate-privado-de-38-pies-t136391/
México;municipio-oaxaca-de-juarez-l681;1024545;Excursion En Bicicleta De Montana Al Arbol De Los Monos Panaderia Y Arbol De Tule;https://www.getyourguide.com/es-es/municipio-oaxaca-de-juarez-l681/excursion-en-bicicleta-de-montana-al-arbol-de-los-monos-panaderia-y-arbol-de-tule-t1024545/
México;ensenada-l545;1063635;Ensenada Tour Privado En Kayak A La Bufadora Con Traslado;https://www.getyourguide.com/es-es/ensenada-l545/ensenada-tour-privado-en-kayak-a-la-bufadora-con-traslado-t1063635/
México;tulum-l248;391286;Desde La Riviera Maya Excursion A Chichen Itza Cenote Y Valladolid;https://www.getyourguide.com/es-es/tulum-l248/desde-la-riviera-maya-excursion-a-chichen-itza-cenote-y-valladolid-t391286/
México;cancun-l150;395610;Cancun Crucero Con Cena Romantica Columbus;https://www.getyourguide.com/es-es/cancun-l150/cancun-crucero-con-cena-romantica-columbus-t395610/
México;bacalar-l95624;401056;Bacalar Tour Privado En Barco De 4 Horas Con Guacamole Y Bebidas;https://www.getyourguide.com/es-es/bacalar-l95624/bacalar-tour-privado-en-barco-de-4-horas-con-guacamole-y-bebidas-t401056/
México;tulum-l248;495362;Tulum Bucea En 2 Cenotes Incluyendo Uno Profundo Pit Dos Ojos;https://www.getyourguide.com/es-es/tulum-l248/tulum-bucea-en-2-cenotes-incluyendo-uno-profundo-pit-dos-ojos-t495362/
México;amealco-l193392;500039;Amealco Taller De Munecas Y Degustacion De Galletas Y Pulque;https://www.getyourguide.com/es-es/amealco-l193392/amealco-taller-de-munecas-y-degustacion-de-galletas-y-pulque-t500039/
México;cancun-l150;523423;Cancun Excursion Arqueologica Y De Naturaleza Por Tulum Coba Y Cenotes;https://www.getyourguide.com/es-es/cancun-l150/cancun-excursion-arqueologica-y-de-naturaleza-por-tulum-coba-y-cenotes-t523423/
México;ciudad-de-mexico-l194;527256;Ciudad De Mexico Tour Privado Prismas Basalticos Fuentes Magicas;https://www.getyourguide.com/es-es/ciudad-de-mexico-l194/ciudad-de-mexico-tour-privado-prismas-basalticos-fuentes-magicas-t527256/
México;municipio-oaxaca-de-juarez-l681;572679;Oaxaca Transporte Privado Del Centro Al Aeropuerto De Oaxaca;https://www.getyourguide.com/es-es/municipio-oaxaca-de-juarez-l681/oaxaca-transporte-privado-del-centro-al-aeropuerto-de-oaxaca-t572679/
México;ciudad-de-mexico-l194;1267540;Ciudad De Mexico Tour A Pie Por Coyoacan Y Frida Kahlo Con Churros;https://www.getyourguide.com/es-es/ciudad-de-mexico-l194/ciudad-de-mexico-tour-a-pie-por-coyoacan-y-frida-kahlo-con-churros-t1267540/
México;palenque-chiapas-l179804;1287446;Chiapas Entrada A Palenque Templos Mayas Y Selva Viva;https://www.getyourguide.com/es-es/palenque-chiapas-l179804/chiapas-entrada-a-palenque-templos-mayas-y-selva-viva-t1287446/
México;puerto-vallarta-l265;682623;Puerto Vallarta Experiencia En Las Islas Marietas;https://www.getyourguide.com/es-es/puerto-vallarta-l265/puerto-vallarta-experiencia-en-las-islas-marietas-t682623/
México;tulum-l248;702203;Desde Tulum Santuario De Los Monos Tirolina Y Cenote Tour Privado;https://www.getyourguide.com/es-es/tulum-l248/desde-tulum-santuario-de-los-monos-tirolina-y-cenote-tour-privado-t702203/
México;acapulco-de-juarez-l307;721964; Tour De Dia Completo De Acapulco A Taxco Con Desayuno Y Comida;https://www.getyourguide.com/es-es/acapulco-de-juarez-l307/-tour-de-dia-completo-de-acapulco-a-taxco-con-desayuno-y-comida-t721964/
México;san-jose-del-cabo-l967;13226;Excursion Fotografica De Snorkel En Los Cabos;https://www.getyourguide.com/es-es/san-jose-del-cabo-l967/excursion-fotografica-de-snorkel-en-los-cabos-t13226/
México;ciudad-de-mexico-l194;115129;Ciudad De Mexico Tour Gastronomico De 3 Horas Por Polanco;https://www.getyourguide.com/es-es/ciudad-de-mexico-l194/ciudad-de-mexico-tour-gastronomico-de-3-horas-por-polanco-t115129/
México;taxco-de-alarcon-l364;860775;Mexico City Taxco Mil Cascadas Parque Acuatico Natural;https://www.getyourguide.com/es-es/taxco-de-alarcon-l364/mexico-city-taxco-mil-cascadas-parque-acuatico-natural-t860775/
México;cancun-l150;875674;Transporte Privado Aeropuerto Cun A Intercontinental Presidente;https://www.getyourguide.com/es-es/cancun-l150/transporte-privado-aeropuerto-cun-a-intercontinental-presidente-t875674/
México;san-cristobal-de-las-casas-l2166;406641;Desde San Cristobal Excursion Al Canon Del Sumidero Y Chiapa De Corzo;https://www.getyourguide.com/es-es/san-cristobal-de-las-casas-l2166/desde-san-cristobal-excursion-al-canon-del-sumidero-y-chiapa-de-corzo-t406641/
México;ciudad-de-mexico-l194;941806;Xochimilco Y Garibaldi Tradicion Y Musica;https://www.getyourguide.com/es-es/ciudad-de-mexico-l194/xochimilco-y-garibaldi-tradicion-y-musica-t941806/
México;uxmal-l114187;1008391;Tour Lgbt De Campeche A Uxmal Y Merida;https://www.getyourguide.com/es-es/uxmal-l114187/tour-lgbt-de-campeche-a-uxmal-y-merida-t1008391/
México;tulum-l248;501378;Degustacion De Chocolate Artesanal Mexicano;https://www.getyourguide.com/es-es/tulum-l248/degustacion-de-chocolate-artesanal-mexicano-t501378/
México;santa-maria-huatulco-l781;507427;Desde Huatulco Excursion De 2 Dias A La Ciudad De Oaxaca;https://www.getyourguide.com/es-es/santa-maria-huatulco-l781/desde-huatulco-excursion-de-2-dias-a-la-ciudad-de-oaxaca-t507427/
México;san-miguel-de-cozumel-l141611;545067;Cozumel Descubre El Buceo Desde Barco;https://www.getyourguide.com/es-es/san-miguel-de-cozumel-l141611/cozumel-descubre-el-buceo-desde-barco-t545067/
México;municipio-oaxaca-de-juarez-l681;586840;Oaxaca Tour Privado Del Mercado Tradicional;https://www.getyourguide.com/es-es/municipio-oaxaca-de-juarez-l681/oaxaca-tour-privado-del-mercado-tradicional-t586840/
México;playa-del-carmen-l308;592807;Riviera Maya Visita Guiada Al Museo Frida Kahlo 2025;https://www.getyourguide.com/es-es/playa-del-carmen-l308/riviera-maya-visita-guiada-al-museo-frida-kahlo-2025-t592807/
México;ciudad-de-mexico-l194;1149620;Ciudad De Mexico Choco Story Zocalo Visita Y Degustacion De Chocolate;https://www.getyourguide.com/es-es/ciudad-de-mexico-l194/ciudad-de-mexico-choco-story-zocalo-visita-y-degustacion-de-chocolate-t1149620/
México;muinicipio-de-tequila-l777;1163020;Tour De Tequila De Medio Dia Totalmente Privado;https://www.getyourguide.com/es-es/muinicipio-de-tequila-l777/tour-de-tequila-de-medio-dia-totalmente-privado-t1163020/
México;san-cristobal-de-las-casas-l2166;694584;San Cristobal Parque Ecoturistico Arcotete Y Grutas De Rancho Nuevo;https://www.getyourguide.com/es-es/san-cristobal-de-las-casas-l2166/san-cristobal-parque-ecoturistico-arcotete-y-grutas-de-rancho-nuevo-t694584/
México;ciudad-de-mexico-l194;739771;Aprende A Cocinar Salsas Mexicanas;https://www.getyourguide.com/es-es/ciudad-de-mexico-l194/aprende-a-cocinar-salsas-mexicanas-t739771/
México;progreso-l95507;753247;Cozumel Excursion De Snorkel En La Playa El Cielo;https://www.getyourguide.com/es-es/progreso-l95507/cozumel-excursion-de-snorkel-en-la-playa-el-cielo-t753247/
México;cancun-l150;780695;Cancun Aventura En La Jungla Con Lancha Rapida Y Snorkel;https://www.getyourguide.com/es-es/cancun-l150/cancun-aventura-en-la-jungla-con-lancha-rapida-y-snorkel-t780695/
México;san-jose-manialtepec-l131543;804532;Aguas Termales A Caballo;https://www.getyourguide.com/es-es/san-jose-manialtepec-l131543/aguas-termales-a-caballo-t804532/
México;akumal-l2807;810845;Riviera Maya Tour Ruinas De Tulum Cenotes Y Almuerzo Mexicano;https://www.getyourguide.com/es-es/akumal-l2807/riviera-maya-tour-ruinas-de-tulum-cenotes-y-almuerzo-mexicano-t810845/
México;ciudad-de-mexico-l194;820633;Tour Gastronomico De Ciudad De Mexico En Coyoacan Bocados Y Sitios Bohemios;https://www.getyourguide.com/es-es/ciudad-de-mexico-l194/tour-gastronomico-de-ciudad-de-mexico-en-coyoacan-bocados-y-sitios-bohemios-t820633/
México;puerto-vallarta-l265;841199;Puerto Vallarta Tour A Pie Por El Jardin Botanico;https://www.getyourguide.com/es-es/puerto-vallarta-l265/puerto-vallarta-tour-a-pie-por-el-jardin-botanico-t841199/
México;cancun-l150;968135;Cancun Isla Mujeres Royal Garrafon Con Transporte Y Almuerzo;https://www.getyourguide.com/es-es/cancun-l150/cancun-isla-mujeres-royal-garrafon-con-transporte-y-almuerzo-t968135/
México;cabo-san-lucas-l306;12584;Clase De Surf De Medio Dia En Costa Azul;https://www.getyourguide.com/es-es/cabo-san-lucas-l306/clase-de-surf-de-medio-dia-en-costa-azul-t12584/
México;ciudad-de-mexico-l194;1020354;Ciudad De Mexico Mercado Del Dia De Muertos Y Degustacion De Chiles Privado;https://www.getyourguide.com/es-es/ciudad-de-mexico-l194/ciudad-de-mexico-mercado-del-dia-de-muertos-y-degustacion-de-chiles-privado-t1020354/
México;puerto-vallarta-l265;1021028;Paseo Fantasmal En Vallarta Tour De Fantasmas Por El Centro Historico De La Ciudad;https://www.getyourguide.com/es-es/puerto-vallarta-l265/paseo-fantasmal-en-vallarta-tour-de-fantasmas-por-el-centro-historico-de-la-ciudad-t1021028/
México;cancun-l150;362445;Cancun Escuela De Buceo Aquaworld;https://www.getyourguide.com/es-es/cancun-l150/cancun-escuela-de-buceo-aquaworld-t362445/
México;san-miguel-de-cozumel-l141611;394063;Cozumel Interactua Alimenta Y Sujeta Rayas;https://www.getyourguide.com/es-es/san-miguel-de-cozumel-l141611/cozumel-interactua-alimenta-y-sujeta-rayas-t394063/
México;crucecita-l166888;461489;Laguna Magica Bioluminiscencia Liberacion De Tortugas;https://www.getyourguide.com/es-es/crucecita-l166888/laguna-magica-bioluminiscencia-liberacion-de-tortugas-t461489/
México;ciudad-de-mexico-l194;1204812;Coyoacan Sabores Tradicionales E Historia Del Sur De La Ciudad De Mexico;https://www.getyourguide.com/es-es/ciudad-de-mexico-l194/coyoacan-sabores-tradicionales-e-historia-del-sur-de-la-ciudad-de-mexico-t1204812/
México;homun-l190106;531693;Yucatan Tour Mayapan Santa Barbara Desde Merida;https://www.getyourguide.com/es-es/homun-l190106/yucatan-tour-mayapan-santa-barbara-desde-merida-t531693/
México;bacalar-l95624;560475;Bacalar Lago De Los Siete Colores Excursion En Ponton Con Fruta;https://www.getyourguide.com/es-es/bacalar-l95624/bacalar-lago-de-los-siete-colores-excursion-en-ponton-con-fruta-t560475/
México;ciudad-de-mexico-l194;1247642;Ciudad De Mexico Mercado Y Clase De Cocina Con Un Chef;https://www.getyourguide.com/es-es/ciudad-de-mexico-l194/ciudad-de-mexico-mercado-y-clase-de-cocina-con-un-chef-t1247642/
México;queretaro-l1170;1258060;Queretaro Tour Gastronomico Guiado Con Degustaciones Y Bebidas;https://www.getyourguide.com/es-es/queretaro-l1170/queretaro-tour-gastronomico-guiado-con-degustaciones-y-bebidas-t1258060/
México;san-miguel-de-allende-l2515;603778;El San Miguel Tour A Pie Historico;https://www.getyourguide.com/es-es/san-miguel-de-allende-l2515/el-san-miguel-tour-a-pie-historico-t603778/
México;cancun-l150;1305658;Cancun Alquiler De Moto Acuatica Sea Doo En Cancun;https://www.getyourguide.com/es-es/cancun-l150/cancun-alquiler-de-moto-acuatica-sea-doo-en-cancun-t1305658/
México;puerto-morelos-l112372;657087;Snorkel Express Puerto Morelos;https://www.getyourguide.com/es-es/puerto-morelos-l112372/snorkel-express-puerto-morelos-t657087/
México;puebla-l1471;677700;Puebla Tour A Pie Por La Ciudad De Puebla;https://www.getyourguide.com/es-es/puebla-l1471/puebla-tour-a-pie-por-la-ciudad-de-puebla-t677700/
México;cancun-l150;679152;Buceo En Arrecife En Cancun O Isla Mujeres Para Principiantes;https://www.getyourguide.com/es-es/cancun-l150/buceo-en-arrecife-en-cancun-o-isla-mujeres-para-principiantes-t679152/
México;cancun-l150;679407;Desde Cancun Cursos De Buceo En Cozumel;https://www.getyourguide.com/es-es/cancun-l150/desde-cancun-cursos-de-buceo-en-cozumel-t679407/
México;cabo-san-lucas-l306;305658;Cabo Dia De Playa En El Mar De Cortes Con Esnorquel;https://www.getyourguide.com/es-es/cabo-san-lucas-l306/cabo-dia-de-playa-en-el-mar-de-cortes-con-esnorquel-t305658/
México;amatitan-l138358;869889;Aventura Privada Al Tequila Y La Destileria De La Fortaleza;https://www.getyourguide.com/es-es/amatitan-l138358/aventura-privada-al-tequila-y-la-destileria-de-la-fortaleza-t869889/
México;cancun-l150;873232;Traslado Privado Aeropuerto Cun A Nyx Hotel Cancun;https://www.getyourguide.com/es-es/cancun-l150/traslado-privado-aeropuerto-cun-a-nyx-hotel-cancun-t873232/
México;merida-l1903;932453;Desde Merida Chichen Itza Cenote E Izamal Pueblo Magico Con Almuerzo;https://www.getyourguide.com/es-es/merida-l1903/desde-merida-chichen-itza-cenote-e-izamal-pueblo-magico-con-almuerzo-t932453/
México;cancun-l150;938838;Cancun Chichen Itza Catamaran A Isla Mujeres Combo En 2 Dias;https://www.getyourguide.com/es-es/cancun-l150/cancun-chichen-itza-catamaran-a-isla-mujeres-combo-en-2-dias-t938838/
México;cancun-l150;956934;Cancun Paseo En Catamaran Por Isla Mujeres Barra Libre Y Comida Buffet;https://www.getyourguide.com/es-es/cancun-l150/cancun-paseo-en-catamaran-por-isla-mujeres-barra-libre-y-comida-buffet-t956934/
México;atlixco-l157268;959556;Desde Puebla Tour Privado A Atlixco Y Mezcal Con Todo Incluido;https://www.getyourguide.com/es-es/atlixco-l157268/desde-puebla-tour-privado-a-atlixco-y-mezcal-con-todo-incluido-t959556/
México;puebla-l1471;968768;Puebla Paseo Privado Con Degustacion De Dulces Y Licores;https://www.getyourguide.com/es-es/puebla-l1471/puebla-paseo-privado-con-degustacion-de-dulces-y-licores-t968768/
México;san-cristobal-de-las-casas-l2166;593840;San Cristobal Excursion Al Canon Del Sumidero Y Chiapa De Corzo;https://www.getyourguide.com/es-es/san-cristobal-de-las-casas-l2166/san-cristobal-excursion-al-canon-del-sumidero-y-chiapa-de-corzo-t593840/
México;mahahual-l168421;601966;Ruinas Mayas De Chacchoben Y Comida Mexicana En La Playa Combo;https://www.getyourguide.com/es-es/mahahual-l168421/ruinas-mayas-de-chacchoben-y-comida-mexicana-en-la-playa-combo-t601966/
México;ciudad-de-guanajuato-l2514;612763;Tour Privado Por Dos Terrazas Exclusivas En Guanajuato;https://www.getyourguide.com/es-es/ciudad-de-guanajuato-l2514/tour-privado-por-dos-terrazas-exclusivas-en-guanajuato-t612763/
México;puebla-l1471;636571;Puebla Tour En Autobus Turistico Con Paradas Libres Y Audioguia;https://www.getyourguide.com/es-es/puebla-l1471/puebla-tour-en-autobus-turistico-con-paradas-libres-y-audioguia-t636571/
México;pista-mexico-l167657;661666;Tour Privado De Chichen Itza;https://www.getyourguide.com/es-es/pista-mexico-l167657/tour-privado-de-chichen-itza-t661666/
México;municipio-oaxaca-de-juarez-l681;673073;Visita Al Mercado Y Toda La Gastronomia Included;https://www.getyourguide.com/es-es/municipio-oaxaca-de-juarez-l681/visita-al-mercado-y-toda-la-gastronomia-included-t673073/
México;valladolid-mexico-l101556;701230;Chichen Itza Visita Las Ruinas El Cenote Sagrado Y Valladolid;https://www.getyourguide.com/es-es/valladolid-mexico-l101556/chichen-itza-visita-las-ruinas-el-cenote-sagrado-y-valladolid-t701230/
México;puerto-vallarta-l265;711592;Puerto Vallarta Paseo A Caballo Por La Selva Tropical;https://www.getyourguide.com/es-es/puerto-vallarta-l265/puerto-vallarta-paseo-a-caballo-por-la-selva-tropical-t711592/
México;puerto-vallarta-l265;722184;Puerto Vallarta Avistamiento De Ballenas;https://www.getyourguide.com/es-es/puerto-vallarta-l265/puerto-vallarta-avistamiento-de-ballenas-t722184/
México;holbox-l189767;785000;Holbox Bioluminiscencia En Kayak Y Observacion Sideral;https://www.getyourguide.com/es-es/holbox-l189767/holbox-bioluminiscencia-en-kayak-y-observacion-sideral-t785000/
México;puerto-morelos-l112372;1163928;Puerto Morelos Tour Privado De Snorkel Con Recogida En El Hotel;https://www.getyourguide.com/es-es/puerto-morelos-l112372/puerto-morelos-tour-privado-de-snorkel-con-recogida-en-el-hotel-t1163928/
México;muinicipio-de-tequila-l777;1202783;Tequila Mexico Tour Guiado Y Proceso De Elaboracion;https://www.getyourguide.com/es-es/muinicipio-de-tequila-l777/tequila-mexico-tour-guiado-y-proceso-de-elaboracion-t1202783/
México;santiago-nuevo-leon-l149358;1229981;Santiago Nuevo Leon Ibo Combo Mini Aventura;https://www.getyourguide.com/es-es/santiago-nuevo-leon-l149358/santiago-nuevo-leon-ibo-combo-mini-aventura-t1229981/
México;boca-de-tomatlan-l165507;1262455;Puerto Vallarta Tour De Snorkel En Playas Afrodisiacas;https://www.getyourguide.com/es-es/boca-de-tomatlan-l165507/puerto-vallarta-tour-de-snorkel-en-playas-afrodisiacas-t1262455/
México;puerto-vallarta-l265;1289366;Puerto Vallarta Excursion De 1 Dia A Un Rancho De 5 Estrellas Con Almuerzo Y Bebidas;https://www.getyourguide.com/es-es/puerto-vallarta-l265/puerto-vallarta-excursion-de-1-dia-a-un-rancho-de-5-estrellas-con-almuerzo-y-bebidas-t1289366/
México;playa-del-carmen-l308;1024507;Ruinas De Coba Y Tour Guiado Por Rio Secreto;https://www.getyourguide.com/es-es/playa-del-carmen-l308/ruinas-de-coba-y-tour-guiado-por-rio-secreto-t1024507/
México;ciudad-de-mexico-l194;1047792;Castillo De Chapultepec Tour Privado Con Guia Local Con Entradas Incluidas;https://www.getyourguide.com/es-es/ciudad-de-mexico-l194/castillo-de-chapultepec-tour-privado-con-guia-local-con-entradas-incluidas-t1047792/
México;puerto-aventuras-l964;40855;Tour De 1 Dia Esnorquel Y Vida Marina En Catamaya;https://www.getyourguide.com/es-es/puerto-aventuras-l964/tour-de-1-dia-esnorquel-y-vida-marina-en-catamaya-t40855/
México;cancun-l150;1100438;Cancun Atv Xperience Con Opciones Combinadas Jetboat O Xplor;https://www.getyourguide.com/es-es/cancun-l150/cancun-atv-xperience-con-opciones-combinadas-jetboat-o-xplor-t1100438/
México;ciudad-de-mexico-l194;117984;Ciudad De Mexico Tour Privado Por Xochimilco Coyoacan Y Frida Kahlo;https://www.getyourguide.com/es-es/ciudad-de-mexico-l194/ciudad-de-mexico-tour-privado-por-xochimilco-coyoacan-y-frida-kahlo-t117984/
México;san-miguel-de-allende-l2515;1118100;Desde Guanajuato Tour Privado Guiado A Las Cuevas De Tolantongo;https://www.getyourguide.com/es-es/san-miguel-de-allende-l2515/desde-guanajuato-tour-privado-guiado-a-las-cuevas-de-tolantongo-t1118100/
México;merida-l1903;1147119;Merida Hacienda Kampepen Y Cenotes Con Almuerzo Y Recogida;https://www.getyourguide.com/es-es/merida-l1903/merida-hacienda-kampepen-y-cenotes-con-almuerzo-y-recogida-t1147119/
México;loreto-mexico-l1655;278907;Desde Loreto Recorrido Historico Por La Mision De San Javier Con Comida;https://www.getyourguide.com/es-es/loreto-mexico-l1655/desde-loreto-recorrido-historico-por-la-mision-de-san-javier-con-comida-t278907/
México;puebla-l1471;337476;Desde Puebla Dia Completo Puebla Ciudad Y Cholula Todo Incluido;https://www.getyourguide.com/es-es/puebla-l1471/desde-puebla-dia-completo-puebla-ciudad-y-cholula-todo-incluido-t337476/
México;bacalar-l95624;399586;Bacalar Excursion En Grupo En Velero Con Bano Y Bebidas;https://www.getyourguide.com/es-es/bacalar-l95624/bacalar-excursion-en-grupo-en-velero-con-bano-y-bebidas-t399586/
México;ciudad-de-mexico-l194;1200342;Ciudad De Mexico Tour Por Zona Rosa Reforma Y Chapultepec;https://www.getyourguide.com/es-es/ciudad-de-mexico-l194/ciudad-de-mexico-tour-por-zona-rosa-reforma-y-chapultepec-t1200342/
México;ciudad-de-mexico-l194;431454;Ciudad De Mexico Tour Guiado De Degustaciones De Comida Y Bebida En El Area De Coyoacan;https://www.getyourguide.com/es-es/ciudad-de-mexico-l194/ciudad-de-mexico-tour-guiado-de-degustaciones-de-comida-y-bebida-en-el-area-de-coyoacan-t431454/
México;ciudad-de-mexico-l194;1253767;Ciudad De Mexico Tour De Gastronomia Y Cultura Por Zona Rosa Y Roma Norte;https://www.getyourguide.com/es-es/ciudad-de-mexico-l194/ciudad-de-mexico-tour-de-gastronomia-y-cultura-por-zona-rosa-y-roma-norte-t1253767/
México;bacalar-l95624;521813;Desde Chetumalbacalar Traslado De Ida A Cancun;https://www.getyourguide.com/es-es/bacalar-l95624/desde-chetumalbacalar-traslado-de-ida-a-cancun-t521813/
México;ciudad-de-mexico-l194;28922;Cdmx Xochimilco Coyoacan Con Frida Kahlo Y Almuerzo Opcional;https://www.getyourguide.com/es-es/ciudad-de-mexico-l194/cdmx-xochimilco-coyoacan-con-frida-kahlo-y-almuerzo-opcional-t28922/
México;puerto-vallarta-l265;99072;Visita De Un Dia Completo Al Pueblo Magico De San Sebastian;https://www.getyourguide.com/es-es/puerto-vallarta-l265/visita-de-un-dia-completo-al-pueblo-magico-de-san-sebastian-t99072/
México;akumal-l2807;703622;Akumal Traslado En Furgoneta Privada A Tulum;https://www.getyourguide.com/es-es/akumal-l2807/akumal-traslado-en-furgoneta-privada-a-tulum-t703622/
México;puerto-vallarta-l265;722061;Puerto Vallarta Gran Experiencia De Masaje Sueco;https://www.getyourguide.com/es-es/puerto-vallarta-l265/puerto-vallarta-gran-experiencia-de-masaje-sueco-t722061/
México;cabo-san-lucas-l306;733646;Cabo San Lucas Traslado Desde El Aeropuerto Sjd;https://www.getyourguide.com/es-es/cabo-san-lucas-l306/cabo-san-lucas-traslado-desde-el-aeropuerto-sjd-t733646/
México;cancun-l150;806535;Cena Romantica Frente Al Mar;https://www.getyourguide.com/es-es/cancun-l150/cena-romantica-frente-al-mar-t806535/
México;cancun-l150;405378;Coco Bongo Beach Party Regular;https://www.getyourguide.com/es-es/cancun-l150/coco-bongo-beach-party-regular-t405378/
México;san-cristobal-de-las-casas-l2166;406424;San Cristobal Excursion De Un Dia A Arcotete Cuevas De Rancho Nuevo;https://www.getyourguide.com/es-es/san-cristobal-de-las-casas-l2166/san-cristobal-excursion-de-un-dia-a-arcotete-cuevas-de-rancho-nuevo-t406424/
México;cabo-san-lucas-l306;412925;Los Cabos Excursion Privada De Paddleboard Y Snorkel;https://www.getyourguide.com/es-es/cabo-san-lucas-l306/los-cabos-excursion-privada-de-paddleboard-y-snorkel-t412925/
México;municipio-de-morelia-l103020;455130;Desde Morelia Excursion Guiada De Un Dia A La Reserva De La Mariposa Monarca;https://www.getyourguide.com/es-es/municipio-de-morelia-l103020/desde-morelia-excursion-guiada-de-un-dia-a-la-reserva-de-la-mariposa-monarca-t455130/
México;cancun-l150;900356;Cancun 24 K Club Barra Libre Y Mesa Incluida;https://www.getyourguide.com/es-es/cancun-l150/cancun-24-k-club-barra-libre-y-mesa-incluida-t900356/
México;tulum-l248;522845;Aventura Exclusiva A Chichen Itza Y El Cenote Saamal Con Almuerzo;https://www.getyourguide.com/es-es/tulum-l248/aventura-exclusiva-a-chichen-itza-y-el-cenote-saamal-con-almuerzo-t522845/
México;municipio-oaxaca-de-juarez-l681;925917;Galerias De Arte Y Tradiciones De Oaxaca En Tour Privado;https://www.getyourguide.com/es-es/municipio-oaxaca-de-juarez-l681/galerias-de-arte-y-tradiciones-de-oaxaca-en-tour-privado-t925917/
México;la-joya-l160277;936872;Desde Cdmx Caminata Y Aventura Al Iztaccihuatl Con Guia Experto;https://www.getyourguide.com/es-es/la-joya-l160277/desde-cdmx-caminata-y-aventura-al-iztaccihuatl-con-guia-experto-t936872/
México;santa-maria-huatulco-l781;942664;Desde Huatulco Tour 3 Niveles Cafe Cultura Y Naturaleza;https://www.getyourguide.com/es-es/santa-maria-huatulco-l781/desde-huatulco-tour-3-niveles-cafe-cultura-y-naturaleza-t942664/
México;ciudad-de-mexico-l194;957878;Ciudad De Mexico La Maxima Aventura Familiar En Cdmx;https://www.getyourguide.com/es-es/ciudad-de-mexico-l194/ciudad-de-mexico-la-maxima-aventura-familiar-en-cdmx-t957878/
México;municipio-de-teotihuacan-l165488;984024;Ciudad De Mexico Tour A Teotihuacan Y Almuerzo Veganovegetariano Casero;https://www.getyourguide.com/es-es/municipio-de-teotihuacan-l165488/ciudad-de-mexico-tour-a-teotihuacan-y-almuerzo-veganovegetariano-casero-t984024/
México;ciudad-de-mexico-l194;994977;Ciudad De Mexico Visita Guiada Al Castillo Y Bosque De Chapultepec;https://www.getyourguide.com/es-es/ciudad-de-mexico-l194/ciudad-de-mexico-visita-guiada-al-castillo-y-bosque-de-chapultepec-t994977/
México;san-jose-del-cabo-l967;676498;Aeropuerto De Los Cabos Transporte Vip A Cabo San Lucas;https://www.getyourguide.com/es-es/san-jose-del-cabo-l967/aeropuerto-de-los-cabos-transporte-vip-a-cabo-san-lucas-t676498/
México;merida-l1903;1113070;Merida Taller De Bordado Mexicano Con Materiales Incluidos;https://www.getyourguide.com/es-es/merida-l1903/merida-taller-de-bordado-mexicano-con-materiales-incluidos-t1113070/
México;cancun-l150;1120571;Cancun Aprende A Liar Puros Con Ron Y Chocolate;https://www.getyourguide.com/es-es/cancun-l150/cancun-aprende-a-liar-puros-con-ron-y-chocolate-t1120571/
México;municipio-oaxaca-de-juarez-l681;789908;Desde Oaxaca Traslado Compartido De Ida A San Jose Del Pacifico;https://www.getyourguide.com/es-es/municipio-oaxaca-de-juarez-l681/desde-oaxaca-traslado-compartido-de-ida-a-san-jose-del-pacifico-t789908/
México;ciudad-de-guanajuato-l2514;802223;Walking Group Tour Of Guanajuato S Historical Center;https://www.getyourguide.com/es-es/ciudad-de-guanajuato-l2514/walking-group-tour-of-guanajuato-s-historical-center-t802223/
México;cancun-l150;840862;Tour Privado Del Dia De Muertos En Cancun;https://www.getyourguide.com/es-es/cancun-l150/tour-privado-del-dia-de-muertos-en-cancun-t840862/
México;mahahual-l168421;866050;Top Experience Snorkel Beach Club All Inclusive Openbar Lunch;https://www.getyourguide.com/es-es/mahahual-l168421/top-experience-snorkel-beach-club-all-inclusive-openbar-lunch-t866050/
México;cabo-san-lucas-l306;1000648;Cabo San Lucas Crucero Privado Al Atardecer;https://www.getyourguide.com/es-es/cabo-san-lucas-l306/cabo-san-lucas-crucero-privado-al-atardecer-t1000648/
México;el-cedral-l194729;1005858;Cozumel Expedicion En Atv A La Caverna De Jade Y Snorkel;https://www.getyourguide.com/es-es/el-cedral-l194729/cozumel-expedicion-en-atv-a-la-caverna-de-jade-y-snorkel-t1005858/
México;puerto-vallarta-l265;1059623;Visita Al Mercado Y Clase De Cocina Mexicana En Puerto Vallarta;https://www.getyourguide.com/es-es/puerto-vallarta-l265/visita-al-mercado-y-clase-de-cocina-mexicana-en-puerto-vallarta-t1059623/
México;cancun-l150;4167;Observacion De Tortugas Marinas;https://www.getyourguide.com/es-es/cancun-l150/observacion-de-tortugas-marinas-t4167/
México;municipio-tuxtla-gutierrez-l2527;112147;Desde Tuxtla Tour Al Canon Del Sumidero Mirador Y San Cristobal;https://www.getyourguide.com/es-es/municipio-tuxtla-gutierrez-l2527/desde-tuxtla-tour-al-canon-del-sumidero-mirador-y-san-cristobal-t112147/
México;san-miguel-de-allende-l2515;1200133;San Miguel De Allende Clase De Cocina Tacos Al Pastor Y Tortillas A Mano;https://www.getyourguide.com/es-es/san-miguel-de-allende-l2515/san-miguel-de-allende-clase-de-cocina-tacos-al-pastor-y-tortillas-a-mano-t1200133/
México;sisal-l191892;1293877;Tour Sisal Pueblo Manglares;https://www.getyourguide.com/es-es/sisal-l191892/tour-sisal-pueblo-manglares-t1293877/
México;ciudad-de-mexico-l194;28871;Ciudad De Mexico Espectaculo De Lucha Libre Tour A Pie Y Tequila;https://www.getyourguide.com/es-es/ciudad-de-mexico-l194/ciudad-de-mexico-espectaculo-de-lucha-libre-tour-a-pie-y-tequila-t28871/
México;cabo-san-lucas-l306;29860;Aventura De Lujo En Velero Al Atardecer En Cabo;https://www.getyourguide.com/es-es/cabo-san-lucas-l306/aventura-de-lujo-en-velero-al-atardecer-en-cabo-t29860/
México;acapulco-de-juarez-l307;116170;La Quebrada Dos Copas Y Exhibicion De Buceo En Acantilado;https://www.getyourguide.com/es-es/acapulco-de-juarez-l307/la-quebrada-dos-copas-y-exhibicion-de-buceo-en-acantilado-t116170/
México;san-miguel-de-cozumel-l141611;776416;Cozumel Descubre El Buceo Para Buceadores No Certificados;https://www.getyourguide.com/es-es/san-miguel-de-cozumel-l141611/cozumel-descubre-el-buceo-para-buceadores-no-certificados-t776416/
México;san-miguel-de-allende-l2515;785885;San Miguel De Allende Tour Gastronomico Callejero;https://www.getyourguide.com/es-es/san-miguel-de-allende-l2515/san-miguel-de-allende-tour-gastronomico-callejero-t785885/
México;zihuatanejo-l392;819389;Ixtapa Zihuatanejo Tour Liberacion De Tortugas;https://www.getyourguide.com/es-es/zihuatanejo-l392/ixtapa-zihuatanejo-tour-liberacion-de-tortugas-t819389/
México;nuevo-vallarta-l92762;283312;Vallarta Aventura Al Aire Libre En Tirolina;https://www.getyourguide.com/es-es/nuevo-vallarta-l92762/vallarta-aventura-al-aire-libre-en-tirolina-t283312/
México;guadalajara-l677;328836;Desde Guadalajara Tapalpa Y Attaco Tour Privado;https://www.getyourguide.com/es-es/guadalajara-l677/desde-guadalajara-tapalpa-y-attaco-tour-privado-t328836/
México;ciudad-de-mexico-l194;836079;Iztapalapa Tour En Teleferico Y Arte Urbano Desde Las Alturas;https://www.getyourguide.com/es-es/ciudad-de-mexico-l194/iztapalapa-tour-en-teleferico-y-arte-urbano-desde-las-alturas-t836079/
México;cancun-l150;836661;Transporte Privado De Desire Riviera Maya Al Aeropuerto Cun;https://www.getyourguide.com/es-es/cancun-l150/transporte-privado-de-desire-riviera-maya-al-aeropuerto-cun-t836661/
México;palenque-chiapas-l179804;849586;Palenque Recepcion En Estacion Del Tren Maya Y Traslado Al Hotel;https://www.getyourguide.com/es-es/palenque-chiapas-l179804/palenque-recepcion-en-estacion-del-tren-maya-y-traslado-al-hotel-t849586/
México;puerto-vallarta-l265;414148;Puerto Vallarta Tour De Aventura De Investigacion De Ballenas Jorobadas;https://www.getyourguide.com/es-es/puerto-vallarta-l265/puerto-vallarta-tour-de-aventura-de-investigacion-de-ballenas-jorobadas-t414148/
México;queretaro-l1170;929559;Queretaro En Vino Y Queso Descubre Tequisquiapan Y Su Ruta Del Sabor;https://www.getyourguide.com/es-es/queretaro-l1170/queretaro-en-vino-y-queso-descubre-tequisquiapan-y-su-ruta-del-sabor-t929559/
México;ciudad-de-guanajuato-l2514;461405;Recorrido Privado A Pie Por Guanajuato;https://www.getyourguide.com/es-es/ciudad-de-guanajuato-l2514/recorrido-privado-a-pie-por-guanajuato-t461405/
México;ciudad-de-guanajuato-l2514;463439;Traslado Privado Del Aeropuerto Del Bajio A La Ciudad De Guanajuato;https://www.getyourguide.com/es-es/ciudad-de-guanajuato-l2514/traslado-privado-del-aeropuerto-del-bajio-a-la-ciudad-de-guanajuato-t463439/
México;cancun-l150;956678;Cancun Tour Temprano A Chichen Itza Con Transporte Y Almuerzo;https://www.getyourguide.com/es-es/cancun-l150/cancun-tour-temprano-a-chichen-itza-con-transporte-y-almuerzo-t956678/
México;ciudad-de-mexico-l194;1010796;Tour Lgbt En Cdmx 3 Clubes Transporte Anfitrion;https://www.getyourguide.com/es-es/ciudad-de-mexico-l194/tour-lgbt-en-cdmx-3-clubes-transporte-anfitrion-t1010796/
México;cabo-pulmo-l117915;574513;Snorkel En Cabo Pulmo En Coche;https://www.getyourguide.com/es-es/cabo-pulmo-l117915/snorkel-en-cabo-pulmo-en-coche-t574513/
México;san-jose-del-cabo-l967;1067515;San Jose Del Cabo Taller De Construccion De Ukeleles;https://www.getyourguide.com/es-es/san-jose-del-cabo-l967/san-jose-del-cabo-taller-de-construccion-de-ukeleles-t1067515/
México;merida-l1903;604278;Recorre La Gran Ciudad De Merida Yucatan;https://www.getyourguide.com/es-es/merida-l1903/recorre-la-gran-ciudad-de-merida-yucatan-t604278/
México;puebla-l1471;608429;Fiesta Diurna En El Corazon De Puebla;https://www.getyourguide.com/es-es/puebla-l1471/fiesta-diurna-en-el-corazon-de-puebla-t608429/
México;uxmal-l114187;1146103;Yacimiento Arqueologico De Uxmal Y Aventura En Land Rover Al Atardecer;https://www.getyourguide.com/es-es/uxmal-l114187/yacimiento-arqueologico-de-uxmal-y-aventura-en-land-rover-al-atardecer-t1146103/
México;ciudad-de-mexico-l194;1181338;Ciudad De Mexico Senderismo Privado Al Amanecer En El Pico Teyotl;https://www.getyourguide.com/es-es/ciudad-de-mexico-l194/ciudad-de-mexico-senderismo-privado-al-amanecer-en-el-pico-teyotl-t1181338/
México;ciudad-de-mexico-l194;790892;Ciudad De Mexico Tour Privado De Arte Y Murales Con Un Guia Local;https://www.getyourguide.com/es-es/ciudad-de-mexico-l194/ciudad-de-mexico-tour-privado-de-arte-y-murales-con-un-guia-local-t790892/
México;puerto-vallarta-l265;1216831;Maneja Un Increible Jatcar Tipo Lamborghini Sobre El Mar De Puerto Vallarta;https://www.getyourguide.com/es-es/puerto-vallarta-l265/maneja-un-increible-jatcar-tipo-lamborghini-sobre-el-mar-de-puerto-vallarta-t1216831/
México;ciudad-de-mexico-l194;1234677;Ocho Rios Aventura En Balsa De Bambu Y Tirolina;https://www.getyourguide.com/es-es/ciudad-de-mexico-l194/ocho-rios-aventura-en-balsa-de-bambu-y-tirolina-t1234677/
México;cabo-pulmo-l117915;1279926;Snorkel En Cabo Pulmo Desde Cabo San Lucas;https://www.getyourguide.com/es-es/cabo-pulmo-l117915/snorkel-en-cabo-pulmo-desde-cabo-san-lucas-t1279926/
México;tulum-l248;1287775;Cancun Aventura En Quad Por La Jungla Cenote Y Ruinas De Tulum;https://www.getyourguide.com/es-es/tulum-l248/cancun-aventura-en-quad-por-la-jungla-cenote-y-ruinas-de-tulum-t1287775/
México;tlaquepaque-l773;1005008;Guadalajara Tour A Pie Por Tlaquepaque;https://www.getyourguide.com/es-es/tlaquepaque-l773/guadalajara-tour-a-pie-por-tlaquepaque-t1005008/
México;playa-del-carmen-l308;48119;Foodhoppers Tour Gastronomico En Playa Del Carmen;https://www.getyourguide.com/es-es/playa-del-carmen-l308/foodhoppers-tour-gastronomico-en-playa-del-carmen-t48119/
México;cancun-l150;1079476;Cancun Curso De Kitesurf O Wingfoil De 2 Horas;https://www.getyourguide.com/es-es/cancun-l150/cancun-curso-de-kitesurf-o-wingfoil-de-2-horas-t1079476/
México;municipio-de-teotihuacan-l165488;416344;Ciudad De Mexico Visita Guiada Al Templo Mayor Y Al Museo De Antropologia;https://www.getyourguide.com/es-es/municipio-de-teotihuacan-l165488/ciudad-de-mexico-visita-guiada-al-templo-mayor-y-al-museo-de-antropologia-t416344/
México;tula-de-allende-l114802;429167;Tula Entrada Sin Colas Al Sitio Arqueologico;https://www.getyourguide.com/es-es/tula-de-allende-l114802/tula-entrada-sin-colas-al-sitio-arqueologico-t429167/
México;san-pedro-garza-garcia-l197889;1199977;La M De Chipinque Senderismo Avanzado Con Vistas Panoramicas De Monterrey;https://www.getyourguide.com/es-es/san-pedro-garza-garcia-l197889/la-m-de-chipinque-senderismo-avanzado-con-vistas-panoramicas-de-monterrey-t1199977/
México;campeche-l2516;460459;Desde Campeche Recorrido Guiado Por La Ruta De Los Chenes;https://www.getyourguide.com/es-es/campeche-l2516/desde-campeche-recorrido-guiado-por-la-ruta-de-los-chenes-t460459/
México;municipio-oaxaca-de-juarez-l681;1233441;3 Experiencias De Guelaguetza Total En Oaxaca City Tour Auditorio Y Queso;https://www.getyourguide.com/es-es/municipio-oaxaca-de-juarez-l681/3-experiencias-de-guelaguetza-total-en-oaxaca-city-tour-auditorio-y-queso-t1233441/
México;ciudad-de-guanajuato-l2514;513441;Desde Guanajuato Excursion Al Monumento Al Cristo Rey;https://www.getyourguide.com/es-es/ciudad-de-guanajuato-l2514/desde-guanajuato-excursion-al-monumento-al-cristo-rey-t513441/
México;puerto-vallarta-l265;1287902;Puerto Vallarta Tour Privado En Velero Con Esnorquel;https://www.getyourguide.com/es-es/puerto-vallarta-l265/puerto-vallarta-tour-privado-en-velero-con-esnorquel-t1287902/
México;costa-mujeres-l204662;1294750;Cancun Match Play De Beach Tennis Juega Con Un Couch Pro Itf Mediodia;https://www.getyourguide.com/es-es/costa-mujeres-l204662/cancun-match-play-de-beach-tennis-juega-con-un-couch-pro-itf-mediodia-t1294750/
México;municipio-oaxaca-de-juarez-l681;617047;Oaxaca Recorrido Fotografico Por La Ciudad;https://www.getyourguide.com/es-es/municipio-oaxaca-de-juarez-l681/oaxaca-recorrido-fotografico-por-la-ciudad-t617047/
México;cancun-l150;1309303;Cancun Clase De Baile De Salsa Comida Callejera Y Tour Del Tequila;https://www.getyourguide.com/es-es/cancun-l150/cancun-clase-de-baile-de-salsa-comida-callejera-y-tour-del-tequila-t1309303/
México;villahermosa-l98274;691751;Aeropuerto De Villahermosa Traslado Privado A San Critobal;https://www.getyourguide.com/es-es/villahermosa-l98274/aeropuerto-de-villahermosa-traslado-privado-a-san-critobal-t691751/
México;puerto-morelos-l112372;703755;Puerto Morelos Traslado Privado En Furgoneta A Cancun;https://www.getyourguide.com/es-es/puerto-morelos-l112372/puerto-morelos-traslado-privado-en-furgoneta-a-cancun-t703755/
México;acapulco-de-juarez-l307;97230;Acapulco Exhibicion De Buceo Y Excursion A Tierra Para Liberar Tortuguitas;https://www.getyourguide.com/es-es/acapulco-de-juarez-l307/acapulco-exhibicion-de-buceo-y-excursion-a-tierra-para-liberar-tortuguitas-t97230/
México;tulum-l248;730282;Tulum Tour 4 Cenotes Casa Tortuga;https://www.getyourguide.com/es-es/tulum-l248/tulum-tour-4-cenotes-casa-tortuga-t730282/
México;municipio-oaxaca-de-juarez-l681;775722;Recorrido Gastronomico En El Mercado De Abastos;https://www.getyourguide.com/es-es/municipio-oaxaca-de-juarez-l681/recorrido-gastronomico-en-el-mercado-de-abastos-t775722/
México;cabo-san-lucas-l306;804484;Cata De Tequila Y Mezcal;https://www.getyourguide.com/es-es/cabo-san-lucas-l306/cata-de-tequila-y-mezcal-t804484/
México;cancun-l150;874730;Transporte Privado Oleo Cancun Playa A Aeropuerto Cun;https://www.getyourguide.com/es-es/cancun-l150/transporte-privado-oleo-cancun-playa-a-aeropuerto-cun-t874730/
México;merida-l1903;455242;Visita A Merida;https://www.getyourguide.com/es-es/merida-l1903/visita-a-merida-t455242/
México;tulum-l248;1004837;Tulum Clase De Cocina Mexicana En Una Casa Local;https://www.getyourguide.com/es-es/tulum-l248/tulum-clase-de-cocina-mexicana-en-una-casa-local-t1004837/
México;puebla-l1471;1035039;Secretos De Puebla Tuneles Volcanes Y Anecdotas;https://www.getyourguide.com/es-es/puebla-l1471/secretos-de-puebla-tuneles-volcanes-y-anecdotas-t1035039/
México;guadalajara-l677;609771;Desde Guadalajara Pueblo De Tequila Y Cantaritos El Guero;https://www.getyourguide.com/es-es/guadalajara-l677/desde-guadalajara-pueblo-de-tequila-y-cantaritos-el-guero-t609771/
México;playa-del-carmen-l308;1096079;Paquete De Parques Xcaret Plus Xplor Y Xoximilco;https://www.getyourguide.com/es-es/playa-del-carmen-l308/paquete-de-parques-xcaret-plus-xplor-y-xoximilco-t1096079/
México;playa-del-carmen-l308;663694;Playa Del Carmen Excursion De Snorkel En El Arrecife Local;https://www.getyourguide.com/es-es/playa-del-carmen-l308/playa-del-carmen-excursion-de-snorkel-en-el-arrecife-local-t663694/
México;puerto-vallarta-l265;683559;Puerto Vallarta Avistamiento De Ballenas Playa Bahia;https://www.getyourguide.com/es-es/puerto-vallarta-l265/puerto-vallarta-avistamiento-de-ballenas-playa-bahia-t683559/
México;monterrey-l679;1132536;Via Ferrata Ruta Vertigo Escalada Y Tirolina En Monterrey;https://www.getyourguide.com/es-es/monterrey-l679/via-ferrata-ruta-vertigo-escalada-y-tirolina-en-monterrey-t1132536/
México;cabo-san-lucas-l306;721151;Crucero Privado En Yate Por Cabo San Lucas Con Barra Libre;https://www.getyourguide.com/es-es/cabo-san-lucas-l306/crucero-privado-en-yate-por-cabo-san-lucas-con-barra-libre-t721151/
México;ciudad-de-guanajuato-l2514;802224;Guanajuato Alley Explorers With Traditional Musical Band Group Tour;https://www.getyourguide.com/es-es/ciudad-de-guanajuato-l2514/guanajuato-alley-explorers-with-traditional-musical-band-group-tour-t802224/
México;becal-l149663;1196753;Excursion De 1 Dia A Campeche;https://www.getyourguide.com/es-es/becal-l149663/excursion-de-1-dia-a-campeche-t1196753/
México;puerto-vallarta-l265;1209154;Tour De Ballenas En Puerto Vallarta En Lancha Rapida O Catamaran;https://www.getyourguide.com/es-es/puerto-vallarta-l265/tour-de-ballenas-en-puerto-vallarta-en-lancha-rapida-o-catamaran-t1209154/
México;san-jose-del-cabo-l967;873430;San Jose Del Cabo Traslado Privado A Cabo San Lucas;https://www.getyourguide.com/es-es/san-jose-del-cabo-l967/san-jose-del-cabo-traslado-privado-a-cabo-san-lucas-t873430/
México;cancun-l150;1240335;Cancun Crucero Con Baile A Isla Mujeres Con Almuerzo Y Barra Libre;https://www.getyourguide.com/es-es/cancun-l150/cancun-crucero-con-baile-a-isla-mujeres-con-almuerzo-y-barra-libre-t1240335/
México;puerto-vallarta-l265;1256671;Puerto Vallarta Megacatamaran Limousine Of The Sea 3;https://www.getyourguide.com/es-es/puerto-vallarta-l265/puerto-vallarta-megacatamaran-limousine-of-the-sea-3-t1256671/
México;xul-ha-l212450;978037;Tour De Velero En Miercoles En La Laguna De Xul Ha Zona Sur De Bacalar;https://www.getyourguide.com/es-es/xul-ha-l212450/tour-de-velero-en-miercoles-en-la-laguna-de-xul-ha-zona-sur-de-bacalar-t978037/
México;teotitlan-del-valle-l135632;1077577;Oaxaca Monte Alban Alebrijes Y Tintes Naturales Con Cata De Mezcal;https://www.getyourguide.com/es-es/teotitlan-del-valle-l135632/oaxaca-monte-alban-alebrijes-y-tintes-naturales-con-cata-de-mezcal-t1077577/
México;merida-l1903;1082814;Mexico Sabores Antiguos Y Experiencia Cultural Maya En Yaxuna;https://www.getyourguide.com/es-es/merida-l1903/mexico-sabores-antiguos-y-experiencia-cultural-maya-en-yaxuna-t1082814/
México;santa-maria-huatulco-l781;1127751;Celebra El Dia De Muertos Todo Incluido;https://www.getyourguide.com/es-es/santa-maria-huatulco-l781/celebra-el-dia-de-muertos-todo-incluido-t1127751/
México;santa-maria-huatulco-l781;388184;Desde Huatulco Excursion Guiada Nocturna A Oaxaca;https://www.getyourguide.com/es-es/santa-maria-huatulco-l781/desde-huatulco-excursion-guiada-nocturna-a-oaxaca-t388184/
México;merida-l1903;391170;Desde Merida Uxmal Hacienda Yaxcopoil Y Cenote Con Almuerzo;https://www.getyourguide.com/es-es/merida-l1903/desde-merida-uxmal-hacienda-yaxcopoil-y-cenote-con-almuerzo-t391170/
México;ciudad-de-mexico-l194;1162931;Ciudad De Mexico Ticket De Entrada A La Experiencia Inmersiva Odyssey;https://www.getyourguide.com/es-es/ciudad-de-mexico-l194/ciudad-de-mexico-ticket-de-entrada-a-la-experiencia-inmersiva-odyssey-t1162931/
México;ciudad-de-mexico-l194;427107;Ciudad De Mexico Ticket De Entrada Al Museo Memoria Y Tolerancia;https://www.getyourguide.com/es-es/ciudad-de-mexico-l194/ciudad-de-mexico-ticket-de-entrada-al-museo-memoria-y-tolerancia-t427107/
México;san-miguel-de-cozumel-l141611;1194711;Viaje Maya Aventura En Quad En Cozumel;https://www.getyourguide.com/es-es/san-miguel-de-cozumel-l141611/viaje-maya-aventura-en-quad-en-cozumel-t1194711/
México;monterrey-l679;451286;Desde Monterrey Santiago Experiencia Guiada De Medio Dia;https://www.getyourguide.com/es-es/monterrey-l679/desde-monterrey-santiago-experiencia-guiada-de-medio-dia-t451286/
México;playa-del-carmen-l308;451982;Tulum Plus Tour De Un Dia Con Visita A Cenote Y Ahau;https://www.getyourguide.com/es-es/playa-del-carmen-l308/tulum-plus-tour-de-un-dia-con-visita-a-cenote-y-ahau-t451982/
México;ciudad-de-mexico-l194;509918;Consigna De Equipajes En Ciudad De Mexico;https://www.getyourguide.com/es-es/ciudad-de-mexico-l194/consigna-de-equipajes-en-ciudad-de-mexico-t509918/
México;cancun-l150;519805;Crucero Por El Paraiso En Un Yate De Lujo En Cancun;https://www.getyourguide.com/es-es/cancun-l150/crucero-por-el-paraiso-en-un-yate-de-lujo-en-cancun-t519805/
México;ciudad-de-mexico-l194;1266321;Recorrido Privado En El Centro Historico De Ciudad De Mexico;https://www.getyourguide.com/es-es/ciudad-de-mexico-l194/recorrido-privado-en-el-centro-historico-de-ciudad-de-mexico-t1266321/
México;san-cristobal-de-las-casas-l2166;593956;San Cristobal Excursion A Zinacantan Y San Juan Chamula;https://www.getyourguide.com/es-es/san-cristobal-de-las-casas-l2166/san-cristobal-excursion-a-zinacantan-y-san-juan-chamula-t593956/
México;san-cristobal-de-las-casas-l2166;112321;San Cristobal Lagos De Montebello Chiflon San Cristobal;https://www.getyourguide.com/es-es/san-cristobal-de-las-casas-l2166/san-cristobal-lagos-de-montebello-chiflon-san-cristobal-t112321/
México;municipio-tuxtla-gutierrez-l2527;691913;Aeropuerto De Tuxtla Gutierrez Traslado A San Cristobal;https://www.getyourguide.com/es-es/municipio-tuxtla-gutierrez-l2527/aeropuerto-de-tuxtla-gutierrez-traslado-a-san-cristobal-t691913/
México;veracruz-l683;248657;Desde Veracruz Tour En Barco Por La Naturaleza Y El Marisco A Madinga;https://www.getyourguide.com/es-es/veracruz-l683/desde-veracruz-tour-en-barco-por-la-naturaleza-y-el-marisco-a-madinga-t248657/
México;municipio-tuxtla-gutierrez-l2527;734791;Tuxtla Gutierrez Rio Canon Del Sumidero Y Chiapa De Corzo;https://www.getyourguide.com/es-es/municipio-tuxtla-gutierrez-l2527/tuxtla-gutierrez-rio-canon-del-sumidero-y-chiapa-de-corzo-t734791/
México;ciudad-de-mexico-l194;798965;Ciudad De Mexico Excursion De Un Dia A Taxco Y Cuevas De Cacahuamilpa;https://www.getyourguide.com/es-es/ciudad-de-mexico-l194/ciudad-de-mexico-excursion-de-un-dia-a-taxco-y-cuevas-de-cacahuamilpa-t798965/
México;municipio-de-teotihuacan-l165488;820744;Piramides De Teotihuacan Y Comida En Casa De Mi Abuela;https://www.getyourguide.com/es-es/municipio-de-teotihuacan-l165488/piramides-de-teotihuacan-y-comida-en-casa-de-mi-abuela-t820744/
México;puerto-escondido-l32155;821769;Puerto Escondido Tour En Barco Privado En Familia;https://www.getyourguide.com/es-es/puerto-escondido-l32155/puerto-escondido-tour-en-barco-privado-en-familia-t821769/
México;ciudad-de-guanajuato-l2514;462654;Paseo A Caballo Por Las Colinas De Guanajuato;https://www.getyourguide.com/es-es/ciudad-de-guanajuato-l2514/paseo-a-caballo-por-las-colinas-de-guanajuato-t462654/
México;cancun-l150;479110;Excursion En Yate Privado En Cancun Por Isla Mujeres;https://www.getyourguide.com/es-es/cancun-l150/excursion-en-yate-privado-en-cancun-por-isla-mujeres-t479110/
México;tulum-l248;849985;Tour Privado Tulum Sitio Arqueologico Tortugas Snorkel Cenote Playa;https://www.getyourguide.com/es-es/tulum-l248/tour-privado-tulum-sitio-arqueologico-tortugas-snorkel-cenote-playa-t849985/
México;san-cristobal-de-las-casas-l2166;517306;San Cristobal Agua Azul Misol Ha Y Experiencia Palenque;https://www.getyourguide.com/es-es/san-cristobal-de-las-casas-l2166/san-cristobal-agua-azul-misol-ha-y-experiencia-palenque-t517306/
México;palenque-chiapas-l179804;519070;Desde Palenque Experiencia De Rafting En La Selva Lacandona;https://www.getyourguide.com/es-es/palenque-chiapas-l179804/desde-palenque-experiencia-de-rafting-en-la-selva-lacandona-t519070/
México;tulum-l248;522820;Tour Privado A Las Ruinas De Ek Balam Destileria De Tequila Y Valladolid;https://www.getyourguide.com/es-es/tulum-l248/tour-privado-a-las-ruinas-de-ek-balam-destileria-de-tequila-y-valladolid-t522820/
México;santa-maria-huatulco-l781;537032;Huatulco Espiritu Del Rio Y Aventura De Snorkel;https://www.getyourguide.com/es-es/santa-maria-huatulco-l781/huatulco-espiritu-del-rio-y-aventura-de-snorkel-t537032/
México;ciudad-de-mexico-l194;960094;Cdmx Tour Por Las Ruinas De Teotihuacan Tlatelolco Y Guadalupe;https://www.getyourguide.com/es-es/ciudad-de-mexico-l194/cdmx-tour-por-las-ruinas-de-teotihuacan-tlatelolco-y-guadalupe-t960094/
México;tulum-l248;624056;Tulum Esnorquel En El Arrecife Paraiso;https://www.getyourguide.com/es-es/tulum-l248/tulum-esnorquel-en-el-arrecife-paraiso-t624056/
México;san-cristobal-de-las-casas-l2166;1009970;Traslado De Palenque A San Cristobal Cascadas Y Llegada De Dia;https://www.getyourguide.com/es-es/san-cristobal-de-las-casas-l2166/traslado-de-palenque-a-san-cristobal-cascadas-y-llegada-de-dia-t1009970/
México;sayulita-l32371;1082762;Sayulita Clase De Surf;https://www.getyourguide.com/es-es/sayulita-l32371/sayulita-clase-de-surf-t1082762/
México;palenque-chiapas-l179804;1106941;Palenque Cascadas Roberto Barrios Y Ceremonia Del Cacao;https://www.getyourguide.com/es-es/palenque-chiapas-l179804/palenque-cascadas-roberto-barrios-y-ceremonia-del-cacao-t1106941/
México;ciudad-de-mexico-l194;791724;Cata De Tequila Y Mezcal En Una Sala De Degustacion Educativa;https://www.getyourguide.com/es-es/ciudad-de-mexico-l194/cata-de-tequila-y-mezcal-en-una-sala-de-degustacion-educativa-t791724/
México;valle-de-bravo-l95795;820321;Cuatrimoto A Las Cascadas En Valle De Bravo;https://www.getyourguide.com/es-es/valle-de-bravo-l95795/cuatrimoto-a-las-cascadas-en-valle-de-bravo-t820321/
México;cancun-l150;829148;Delicias Gastronomicas En Cancun Mercados Locales Y Comida Callejera;https://www.getyourguide.com/es-es/cancun-l150/delicias-gastronomicas-en-cancun-mercados-locales-y-comida-callejera-t829148/
México;merida-l1903;1185519;Merida Tour Gastronomico A Pie Con Un Experto Local;https://www.getyourguide.com/es-es/merida-l1903/merida-tour-gastronomico-a-pie-con-un-experto-local-t1185519/
México;santiago-nuevo-leon-l149358;1202655;Santiago Cascada Cola De Caballo Y Recorrido Por El Pueblo Magico;https://www.getyourguide.com/es-es/santiago-nuevo-leon-l149358/santiago-cascada-cola-de-caballo-y-recorrido-por-el-pueblo-magico-t1202655/
México;cabo-san-lucas-l306;889229;Sesion De Fotos Privada Con Un Fotografo En Cabo San Lucas;https://www.getyourguide.com/es-es/cabo-san-lucas-l306/sesion-de-fotos-privada-con-un-fotografo-en-cabo-san-lucas-t889229/
México;tulum-l248;902062;Tulum Un Guia Privado Te Mostrara Las Ruinas Mayas;https://www.getyourguide.com/es-es/tulum-l248/tulum-un-guia-privado-te-mostrara-las-ruinas-mayas-t902062/
México;ciudad-de-mexico-l194;926434;Desde Cdmx Paseo En Globo Aerostatico Por Teotihuacan Y Excursiones Opcionales;https://www.getyourguide.com/es-es/ciudad-de-mexico-l194/desde-cdmx-paseo-en-globo-aerostatico-por-teotihuacan-y-excursiones-opcionales-t926434/
México;ciudad-de-mexico-l194;933340;Tour Guiado Por Cdmx Teotihuacan Guadalupe Y Ciudad Mexica De Tlatelolco;https://www.getyourguide.com/es-es/ciudad-de-mexico-l194/tour-guiado-por-cdmx-teotihuacan-guadalupe-y-ciudad-mexica-de-tlatelolco-t933340/
México;tulum-l248;946770;Tulum Ruinas En Barco Nado Con Tortugas Y Excursion A Cenote;https://www.getyourguide.com/es-es/tulum-l248/tulum-ruinas-en-barco-nado-con-tortugas-y-excursion-a-cenote-t946770/
México;uxmal-l114187;970984;Desde Merida Tour Guiado Por Uxmal Y Los Increibles Cenotes Con Almuerzo Incluido;https://www.getyourguide.com/es-es/uxmal-l114187/desde-merida-tour-guiado-por-uxmal-y-los-increibles-cenotes-con-almuerzo-incluido-t970984/
México;playa-del-carmen-l308;1274164;Buceo Avanzado Cenotes Zapote Y Kin Ha 2 Inmersiones;https://www.getyourguide.com/es-es/playa-del-carmen-l308/buceo-avanzado-cenotes-zapote-y-kin-ha-2-inmersiones-t1274164/
México;ciudad-de-mexico-l194;981166;Ciudad De Mexico Casa Estudio Museo Diego Rivera Y Frida Kahlo;https://www.getyourguide.com/es-es/ciudad-de-mexico-l194/ciudad-de-mexico-casa-estudio-museo-diego-rivera-y-frida-kahlo-t981166/
México;boca-de-tomatlan-l165507;1062145;Boca De Tomatlan Sendero Ala Cascada Un Viaje Ala Esencia De La Naturaleza;https://www.getyourguide.com/es-es/boca-de-tomatlan-l165507/boca-de-tomatlan-sendero-ala-cascada-un-viaje-ala-esencia-de-la-naturaleza-t1062145/
México;cancun-l150;1331080;Cancun Tour Cultural A Pie Con Guia Local;https://www.getyourguide.com/es-es/cancun-l150/cancun-tour-cultural-a-pie-con-guia-local-t1331080/
México;palenque-chiapas-l179804;202225;Palenque Yacimiento De Bonampak Y Rafting En La Selva Lacandona;https://www.getyourguide.com/es-es/palenque-chiapas-l179804/palenque-yacimiento-de-bonampak-y-rafting-en-la-selva-lacandona-t202225/
México;cabo-san-lucas-l306;246537;Los Cabos Kayak Y Snorkel En Dos Bahias Virgenes;https://www.getyourguide.com/es-es/cabo-san-lucas-l306/los-cabos-kayak-y-snorkel-en-dos-bahias-virgenes-t246537/
México;ciudad-de-mexico-l194;425697;Ciudad De Mexico Descubre La Residencia De Los Pinos Y El Telebus;https://www.getyourguide.com/es-es/ciudad-de-mexico-l194/ciudad-de-mexico-descubre-la-residencia-de-los-pinos-y-el-telebus-t425697/
México;merida-l1903;458035;Coba Y Tulum Un Dia;https://www.getyourguide.com/es-es/merida-l1903/coba-y-tulum-un-dia-t458035/
México;cabo-san-lucas-l306;458086;Catamaran De Lujo 2 Bahias Snorkel Con Almuerzo;https://www.getyourguide.com/es-es/cabo-san-lucas-l306/catamaran-de-lujo-2-bahias-snorkel-con-almuerzo-t458086/
México;merida-l1903;478217;Desde Merida 3 Cenotes;https://www.getyourguide.com/es-es/merida-l1903/desde-merida-3-cenotes-t478217/
México;santa-maria-huatulco-l781;487022;Desde Huatulco Excursion Privada Bahias De Huatulco;https://www.getyourguide.com/es-es/santa-maria-huatulco-l781/desde-huatulco-excursion-privada-bahias-de-huatulco-t487022/
México;zihuatanejo-l392;1316537;Ixtapa Kayak En Bahia De Zihuatanejo Snorkel Y Comida En Playa Las Gatas;https://www.getyourguide.com/es-es/zihuatanejo-l392/ixtapa-kayak-en-bahia-de-zihuatanejo-snorkel-y-comida-en-playa-las-gatas-t1316537/
México;ciudad-de-mexico-l194;590581;Ciudad De Mexico Tour Por La Historia Y Arquitectura Bohemia De Coyoacan;https://www.getyourguide.com/es-es/ciudad-de-mexico-l194/ciudad-de-mexico-tour-por-la-historia-y-arquitectura-bohemia-de-coyoacan-t590581/
México;cabo-san-lucas-l306;609744;Yate Privado De 45 En Cabo;https://www.getyourguide.com/es-es/cabo-san-lucas-l306/yate-privado-de-45-en-cabo-t609744/
México;ciudad-de-mexico-l194;179132;Desde Ciudad De Mexico 7 Dias De Mariposa Monarca;https://www.getyourguide.com/es-es/ciudad-de-mexico-l194/desde-ciudad-de-mexico-7-dias-de-mariposa-monarca-t179132/
México;zihuatanejo-l1474;676534;Ixtapa Aventuras Subacuaticas En Zihuatanejo;https://www.getyourguide.com/es-es/zihuatanejo-l1474/ixtapa-aventuras-subacuaticas-en-zihuatanejo-t676534/
México;cancun-l150;679204;Cancun Paquete Aventura Pez Loro;https://www.getyourguide.com/es-es/cancun-l150/cancun-paquete-aventura-pez-loro-t679204/
México;puerto-vallarta-l265;683623;Puerto Vallarta Atv Rancho Las Vegas;https://www.getyourguide.com/es-es/puerto-vallarta-l265/puerto-vallarta-atv-rancho-las-vegas-t683623/
México;puerto-vallarta-l265;321213;Desde Puerto Vallarta Excursion En Bicicleta De Montana Por La Selva;https://www.getyourguide.com/es-es/puerto-vallarta-l265/desde-puerto-vallarta-excursion-en-bicicleta-de-montana-por-la-selva-t321213/
México;la-paz-mexico-l2930;328541;San Jose Del Cabo Aeropuerto Privado Ida Y Vuelta Tipo Suv;https://www.getyourguide.com/es-es/la-paz-mexico-l2930/san-jose-del-cabo-aeropuerto-privado-ida-y-vuelta-tipo-suv-t328541/
México;puerto-vallarta-l265;402325;Puerto Vallarta Excursion En Utv Todo Terreno;https://www.getyourguide.com/es-es/puerto-vallarta-l265/puerto-vallarta-excursion-en-utv-todo-terreno-t402325/
México;la-paz-mexico-l2930;776133;La Paz Excursion De Snorkel Con Tiburones Ballena Y Leones Marinos;https://www.getyourguide.com/es-es/la-paz-mexico-l2930/la-paz-excursion-de-snorkel-con-tiburones-ballena-y-leones-marinos-t776133/
México;tulum-l248;782681;Riviera Maya Medio Dia De Aventura En El Cenote Jaguar Y La Tirolina;https://www.getyourguide.com/es-es/tulum-l248/riviera-maya-medio-dia-de-aventura-en-el-cenote-jaguar-y-la-tirolina-t782681/
México;progreso-l95507;432398;Progreso Tour Pueblo Fantasma Club De Playa En Un Escarabajo Clasico;https://www.getyourguide.com/es-es/progreso-l95507/progreso-tour-pueblo-fantasma-club-de-playa-en-un-escarabajo-clasico-t432398/
México;ciudad-de-mexico-l194;858749;Tour Privado De Dia Completo A Cuernavaca Y Taxco Desde La Ciudad De Mexico;https://www.getyourguide.com/es-es/ciudad-de-mexico-l194/tour-privado-de-dia-completo-a-cuernavaca-y-taxco-desde-la-ciudad-de-mexico-t858749/
México;ciudad-juarez-l98520;858799;Tour A Pie Por El Centro De Juarez;https://www.getyourguide.com/es-es/ciudad-juarez-l98520/tour-a-pie-por-el-centro-de-juarez-t858799/
México;ciudad-de-mexico-l194;869532;Cdmx Ruta Nocturna De Tacos Y Mezcal;https://www.getyourguide.com/es-es/ciudad-de-mexico-l194/cdmx-ruta-nocturna-de-tacos-y-mezcal-t869532/
México;playa-del-carmen-l308;478732;Riviera Maya Nade Con Delfines Interax;https://www.getyourguide.com/es-es/playa-del-carmen-l308/riviera-maya-nade-con-delfines-interax-t478732/
México;valladolid-mexico-l101556;948763;Chichen Itza Cenote Suytun E Ik Kil And Valladolid Tour;https://www.getyourguide.com/es-es/valladolid-mexico-l101556/chichen-itza-cenote-suytun-e-ik-kil-and-valladolid-tour-t948763/
México;playa-del-carmen-l308;569238;Tulum Buceo En El Cenote Chac Mool Experiencia Dive Machine;https://www.getyourguide.com/es-es/playa-del-carmen-l308/tulum-buceo-en-el-cenote-chac-mool-experiencia-dive-machine-t569238/
México;amatitan-l138358;644930;Tour Privado De Un Dia Entero Por Amatitan Para Descubrir El Tequila;https://www.getyourguide.com/es-es/amatitan-l138358/tour-privado-de-un-dia-entero-por-amatitan-para-descubrir-el-tequila-t644930/
México;ciudad-de-mexico-l194;1053769;Ciudad De Mexico Tour Privado De Running Con Chocolate Caliente;https://www.getyourguide.com/es-es/ciudad-de-mexico-l194/ciudad-de-mexico-tour-privado-de-running-con-chocolate-caliente-t1053769/
México;cancun-l150;663393;Cancun Museo Subacuatico Musa Y Arrecife Descubre El Buceo;https://www.getyourguide.com/es-es/cancun-l150/cancun-museo-subacuatico-musa-y-arrecife-descubre-el-buceo-t663393/
México;cancun-l150;1072636;Cancun Cenotes El Retono Solo Entrada;https://www.getyourguide.com/es-es/cancun-l150/cancun-cenotes-el-retono-solo-entrada-t1072636/
México;boca-de-tomatlan-l165507;751195;Puerto Vallarta Nada Con Peces Tropicales Y Haz Un Tour En Tirolina;https://www.getyourguide.com/es-es/boca-de-tomatlan-l165507/puerto-vallarta-nada-con-peces-tropicales-y-haz-un-tour-en-tirolina-t751195/
México;ensenada-l545;792726;Ensenada Alquiler De Coches De Golf;https://www.getyourguide.com/es-es/ensenada-l545/ensenada-alquiler-de-coches-de-golf-t792726/
México;valladolid-mexico-l101556;1138853;Valladolid Mirador En La Selva Al Atardecer Y Nado En Cenote;https://www.getyourguide.com/es-es/valladolid-mexico-l101556/valladolid-mirador-en-la-selva-al-atardecer-y-nado-en-cenote-t1138853/
México;mazatlan-l808;805746;Club De Playa Con Todo Incluido Paseo A Caballo Deportes Acuaticos Comida Bebida;https://www.getyourguide.com/es-es/mazatlan-l808/club-de-playa-con-todo-incluido-paseo-a-caballo-deportes-acuaticos-comida-bebida-t805746/
México;ciudad-de-mexico-l194;819322;Mexico Consigna De Equipajes Cerca Del Angel De La Independencia;https://www.getyourguide.com/es-es/ciudad-de-mexico-l194/mexico-consigna-de-equipajes-cerca-del-angel-de-la-independencia-t819322/
México;merida-l1903;831907;Merida Explora Con La Persona Que Amas Excursion De Un Dia A Los Cenotes;https://www.getyourguide.com/es-es/merida-l1903/merida-explora-con-la-persona-que-amas-excursion-de-un-dia-a-los-cenotes-t831907/
México;merida-l1903;1174408;Merida Tour Gastronomico Por Los Sabores De Yucatan Con Mas De 15 Degustaciones;https://www.getyourguide.com/es-es/merida-l1903/merida-tour-gastronomico-por-los-sabores-de-yucatan-con-mas-de-15-degustaciones-t1174408/
México;cancun-l150;875388;Tulum 4 Cenotes Playa Del Carmen;https://www.getyourguide.com/es-es/cancun-l150/tulum-4-cenotes-playa-del-carmen-t875388/
México;ciudad-de-mexico-l194;1198980;Tour De Tacos En Metro Por La Ciudad De Mexico;https://www.getyourguide.com/es-es/ciudad-de-mexico-l194/tour-de-tacos-en-metro-por-la-ciudad-de-mexico-t1198980/
México;zihuatanejo-l392;903730;Zihuatanejo Ixtapa Avistamiento De Ballena Jorobada;https://www.getyourguide.com/es-es/zihuatanejo-l392/zihuatanejo-ixtapa-avistamiento-de-ballena-jorobada-t903730/
México;ciudad-de-mexico-l194;919319;Xochimilco Coyoacan Ciudad De Mexico Tour Privado;https://www.getyourguide.com/es-es/ciudad-de-mexico-l194/xochimilco-coyoacan-ciudad-de-mexico-tour-privado-t919319/
México;monterrey-l679;1259476;Monterrey Entrada A Grutas De Garcia Con Teleferico;https://www.getyourguide.com/es-es/monterrey-l679/monterrey-entrada-a-grutas-de-garcia-con-teleferico-t1259476/
México;ciudad-de-mexico-l194;983107;Ciudad De Mexico Grutas De Tolantongo Aguas Termales Y Albercas Naturales;https://www.getyourguide.com/es-es/ciudad-de-mexico-l194/ciudad-de-mexico-grutas-de-tolantongo-aguas-termales-y-albercas-naturales-t983107/
México;municipio-oaxaca-de-juarez-l681;1033775;Oaxaca Degustacion De Aguamiel Pulque Y Mezcal;https://www.getyourguide.com/es-es/municipio-oaxaca-de-juarez-l681/oaxaca-degustacion-de-aguamiel-pulque-y-mezcal-t1033775/
México;puerto-vallarta-l265;1042019;Experiencia Inmersiva Degustacion De Tequila En Puerto Vallarta;https://www.getyourguide.com/es-es/puerto-vallarta-l265/experiencia-inmersiva-degustacion-de-tequila-en-puerto-vallarta-t1042019/
México;ciudad-de-mexico-l194;1057251;Recorrido Historico En Tuktuk Roma Condesa;https://www.getyourguide.com/es-es/ciudad-de-mexico-l194/recorrido-historico-en-tuktuk-roma-condesa-t1057251/
México;rio-lagartos-l146496;1115183;Rio Lagartos 3 Islas Historia Maya Y Oasis;https://www.getyourguide.com/es-es/rio-lagartos-l146496/rio-lagartos-3-islas-historia-maya-y-oasis-t1115183/
México;cabo-san-lucas-l306;1136674;Paseo En Camello Por La Playa De Migrino Con Comida Fotos Y Bebidas;https://www.getyourguide.com/es-es/cabo-san-lucas-l306/paseo-en-camello-por-la-playa-de-migrino-con-comida-fotos-y-bebidas-t1136674/
México;monterrey-l679;1156897;Tour De Cantinas Tradicionales Con Bebidas En El Centro De Monterrey;https://www.getyourguide.com/es-es/monterrey-l679/tour-de-cantinas-tradicionales-con-bebidas-en-el-centro-de-monterrey-t1156897/
México;cabo-san-lucas-l306;243757;Thar She Blows Tour De Avistamiento De Ballenas Crucero Pirata;https://www.getyourguide.com/es-es/cabo-san-lucas-l306/thar-she-blows-tour-de-avistamiento-de-ballenas-crucero-pirata-t243757/
México;ensenada-l545;393703;Desde Tijuana Tour Privado Por Las Bodegas Del Valle De Guadalupe;https://www.getyourguide.com/es-es/ensenada-l545/desde-tijuana-tour-privado-por-las-bodegas-del-valle-de-guadalupe-t393703/
México;bacalar-l95624;1227134;Bacalar Tour Privado En Velero Al Amanecer Con Desayuno A Bordo Y Fotos;https://www.getyourguide.com/es-es/bacalar-l95624/bacalar-tour-privado-en-velero-al-amanecer-con-desayuno-a-bordo-y-fotos-t1227134/
México;santa-maria-huatulco-l781;464271;Aeropuerto De Huatulco Servicio De Traslado Privado;https://www.getyourguide.com/es-es/santa-maria-huatulco-l781/aeropuerto-de-huatulco-servicio-de-traslado-privado-t464271/
México;monterrey-l679;1280090;Ruta 4X4 Al Mirador En La Sierra De Santiago E Increibles Vistas 2 Horas;https://www.getyourguide.com/es-es/monterrey-l679/ruta-4x4-al-mirador-en-la-sierra-de-santiago-e-increibles-vistas-2-horas-t1280090/
México;cabo-san-lucas-l306;1297454;Cabo Tour En Barco Por El Arco Y Para Ver Leones Marinos Autentica Comida Mexicana;https://www.getyourguide.com/es-es/cabo-san-lucas-l306/cabo-tour-en-barco-por-el-arco-y-para-ver-leones-marinos-autentica-comida-mexicana-t1297454/
México;cancun-l150;562649;Aeropuerto De Cancun Transporte De Ida Y Vuelta Privado;https://www.getyourguide.com/es-es/cancun-l150/aeropuerto-de-cancun-transporte-de-ida-y-vuelta-privado-t562649/
México;tulum-l248;608406;Tulum Clasico Historia Y Cultura Con Cenote;https://www.getyourguide.com/es-es/tulum-l248/tulum-clasico-historia-y-cultura-con-cenote-t608406/
México;cancun-l150;624407;Rock And Race Arrancones Y Velocidad Para Toda La Familia;https://www.getyourguide.com/es-es/cancun-l150/rock-and-race-arrancones-y-velocidad-para-toda-la-familia-t624407/
México;ciudad-de-mexico-l194;645986;Ciudad De Mexico Kidzania Santa Fe Ticket De Entrada;https://www.getyourguide.com/es-es/ciudad-de-mexico-l194/ciudad-de-mexico-kidzania-santa-fe-ticket-de-entrada-t645986/
México;chiquila-l192301;695004;Chiquila Transbordador De Holbox A Cancun Centro Lanzadera Compartida;https://www.getyourguide.com/es-es/chiquila-l192301/chiquila-transbordador-de-holbox-a-cancun-centro-lanzadera-compartida-t695004/
México;ciudad-de-mexico-l194;704179;Ciudad De Mexico Museo Nacional De Arte;https://www.getyourguide.com/es-es/ciudad-de-mexico-l194/ciudad-de-mexico-museo-nacional-de-arte-t704179/
México;puerto-vallarta-l265;751648;Puerto Vallarta Aventura En Buggy Por La Jungla;https://www.getyourguide.com/es-es/puerto-vallarta-l265/puerto-vallarta-aventura-en-buggy-por-la-jungla-t751648/
México;tulum-l248;400936;Riviera Maya Billete De Ecoaventura Selva Maya Con Comida;https://www.getyourguide.com/es-es/tulum-l248/riviera-maya-billete-de-ecoaventura-selva-maya-con-comida-t400936/
México;xilitla-l207535;836923;Xilitla Caminando Por Un Sueno Surrealista;https://www.getyourguide.com/es-es/xilitla-l207535/xilitla-caminando-por-un-sueno-surrealista-t836923/
México;nuevo-vallarta-l92762;841107;Nuevo Vallarta E Bikes Taco Adventure Tour En Bucerias;https://www.getyourguide.com/es-es/nuevo-vallarta-l92762/nuevo-vallarta-e-bikes-taco-adventure-tour-en-bucerias-t841107/
México;san-jeronimo-tlacochahuaya-l164686;475852;Solo Hierve El Agua Tour;https://www.getyourguide.com/es-es/san-jeronimo-tlacochahuaya-l164686/solo-hierve-el-agua-tour-t475852/
México;cancun-l150;477181;Cancun Excursion Privada Personalizada Con Guia Local;https://www.getyourguide.com/es-es/cancun-l150/cancun-excursion-privada-personalizada-con-guia-local-t477181/
México;san-martin-tilcajete-l135617;868468;Recorrido Por Las Obras Maestras De Oaxaca Alfareria Alebrijes Y Barro Negro;https://www.getyourguide.com/es-es/san-martin-tilcajete-l135617/recorrido-por-las-obras-maestras-de-oaxaca-alfareria-alebrijes-y-barro-negro-t868468/
México;puerto-vallarta-l265;937201;Puerto Vallartaexclusivo Tour En Moto Acuatica Descubre Playa Colomitos;https://www.getyourguide.com/es-es/puerto-vallarta-l265/puerto-vallartaexclusivo-tour-en-moto-acuatica-descubre-playa-colomitos-t937201/
México;san-cristobal-de-las-casas-l2166;593947;San Cristobal Excursion Agua Azul Misol Ha Y Palenque;https://www.getyourguide.com/es-es/san-cristobal-de-las-casas-l2166/san-cristobal-excursion-agua-azul-misol-ha-y-palenque-t593947/
México;playa-del-carmen-l308;625340;Hollywood Fast Drivers Acelera Y Siente La Velocidad;https://www.getyourguide.com/es-es/playa-del-carmen-l308/hollywood-fast-drivers-acelera-y-siente-la-velocidad-t625340/
México;ciudad-de-mexico-l194;630647;Del Haba A La Bebida Tuesta Y Muele El Cacao Para Convertirlo En Chocolate;https://www.getyourguide.com/es-es/ciudad-de-mexico-l194/del-haba-a-la-bebida-tuesta-y-muele-el-cacao-para-convertirlo-en-chocolate-t630647/
México;san-miguel-de-cozumel-l141611;634445;Cozumel Excursion En Moto Acuatica Y Snorkel;https://www.getyourguide.com/es-es/san-miguel-de-cozumel-l141611/cozumel-excursion-en-moto-acuatica-y-snorkel-t634445/
México;tulum-l248;1002502;Atardecer Magico En La Biosfera De Sian Ka An Tour En Barco De 3 Horas;https://www.getyourguide.com/es-es/tulum-l248/atardecer-magico-en-la-biosfera-de-sian-ka-an-tour-en-barco-de-3-horas-t1002502/
México;nuevo-vallarta-l92762;681195;Puerto Vallarta Nado Real Con Delfines En El Parque Aquaventuras;https://www.getyourguide.com/es-es/nuevo-vallarta-l92762/puerto-vallarta-nado-real-con-delfines-en-el-parque-aquaventuras-t681195/
México;puerto-vallarta-l265;683681;Puerto Vallarta Atv Rio Cuale;https://www.getyourguide.com/es-es/puerto-vallarta-l265/puerto-vallarta-atv-rio-cuale-t683681/
México;puerto-vallarta-l265;688090;Puerto Vallarta Paseo Terrestre Canopy Los Veranos;https://www.getyourguide.com/es-es/puerto-vallarta-l265/puerto-vallarta-paseo-terrestre-canopy-los-veranos-t688090/
México;cancun-l150;1045050;Vive La Energia Nocturna De Cancun En Un Tour Privado;https://www.getyourguide.com/es-es/cancun-l150/vive-la-energia-nocturna-de-cancun-en-un-tour-privado-t1045050/
México;ciudad-de-mexico-l194;759932;Desde Ciudad De Mexico Ruta Gastronomica Vino Queso Y Arte Por Queretaro;https://www.getyourguide.com/es-es/ciudad-de-mexico-l194/desde-ciudad-de-mexico-ruta-gastronomica-vino-queso-y-arte-por-queretaro-t759932/
México;cancun-l150;793228;Cancun Catamaran Y Conexion Con Delfines En Isla Mujeres;https://www.getyourguide.com/es-es/cancun-l150/cancun-catamaran-y-conexion-con-delfines-en-isla-mujeres-t793228/
México;ciudad-de-mexico-l194;820609;Tour Gastronomico De Ciudad De Mexico Centro Historico Patrimonio En Un Plato;https://www.getyourguide.com/es-es/ciudad-de-mexico-l194/tour-gastronomico-de-ciudad-de-mexico-centro-historico-patrimonio-en-un-plato-t820609/
México;guadalajara-l677;831151;Tour Del Tequila Y Los Cantaritos Desde Guadalajara;https://www.getyourguide.com/es-es/guadalajara-l677/tour-del-tequila-y-los-cantaritos-desde-guadalajara-t831151/
México;puerto-escondido-l32155;861071;Desde Puerto Escondido Traslado Hacia Ciudad De Oaxaca;https://www.getyourguide.com/es-es/puerto-escondido-l32155/desde-puerto-escondido-traslado-hacia-ciudad-de-oaxaca-t861071/
México;ciudad-de-mexico-l194;1196466;Ciudad De Mexico Tour De Cerveza Artesanal Por Roma Y Condesa;https://www.getyourguide.com/es-es/ciudad-de-mexico-l194/ciudad-de-mexico-tour-de-cerveza-artesanal-por-roma-y-condesa-t1196466/
México;la-paz-mexico-l2930;1259028;La Paz Combat 360X Muay Thai Mma Y Campamento De Fitness;https://www.getyourguide.com/es-es/la-paz-mexico-l2930/la-paz-combat-360x-muay-thai-mma-y-campamento-de-fitness-t1259028/
México;ciudad-de-mexico-l194;1015839;Ciudad De Mexico Tour Guiado Por Las Cuevas De Un Volcan Inactivo;https://www.getyourguide.com/es-es/ciudad-de-mexico-l194/ciudad-de-mexico-tour-guiado-por-las-cuevas-de-un-volcan-inactivo-t1015839/
México;progreso-l95507;1134333;Tour A Progreso Isla Columpios Y El Corchito Desde Merida;https://www.getyourguide.com/es-es/progreso-l95507/tour-a-progreso-isla-columpios-y-el-corchito-desde-merida-t1134333/
México;puerto-vallarta-l265;1175375;Tour Gastronomico Historias De Vallarta Con Mas De 14 Degustaciones;https://www.getyourguide.com/es-es/puerto-vallarta-l265/tour-gastronomico-historias-de-vallarta-con-mas-de-14-degustaciones-t1175375/
México;puerto-vallarta-l265;321238;Desde Puerto Vallarta Excursion Guiada De 2 Horas Por La Sierra Vallejo;https://www.getyourguide.com/es-es/puerto-vallarta-l265/desde-puerto-vallarta-excursion-guiada-de-2-horas-por-la-sierra-vallejo-t321238/
México;valladolid-mexico-l101556;1197566;Valladolid Tour Panoramico En Autobus;https://www.getyourguide.com/es-es/valladolid-mexico-l101556/valladolid-tour-panoramico-en-autobus-t1197566/
México;puerto-vallarta-l265;422004;Cena En Versalles De La Noche;https://www.getyourguide.com/es-es/puerto-vallarta-l265/cena-en-versalles-de-la-noche-t422004/
México;cancun-l150;434811;Desde Cancun O Puerto Morelos Tour En Barco A Holbox Con Almuerzo;https://www.getyourguide.com/es-es/cancun-l150/desde-cancun-o-puerto-morelos-tour-en-barco-a-holbox-con-almuerzo-t434811/
México;el-cedral-l194729;1243955;Cozumel Tour En Quad Por La Selva Y Cenote Cueva Del Jade;https://www.getyourguide.com/es-es/el-cedral-l194729/cozumel-tour-en-quad-por-la-selva-y-cenote-cueva-del-jade-t1243955/
México;ciudad-de-mexico-l194;484306;Experiencia En Un Partido De Futbol En Ciudad De Mexico;https://www.getyourguide.com/es-es/ciudad-de-mexico-l194/experiencia-en-un-partido-de-futbol-en-ciudad-de-mexico-t484306/
México;akumal-l2807;1276694;Riviera Maya Tour Privado Con Tortugas Marinas 1 Cenote Con Transporte;https://www.getyourguide.com/es-es/akumal-l2807/riviera-maya-tour-privado-con-tortugas-marinas-1-cenote-con-transporte-t1276694/
México;santa-maria-huatulco-l781;538428;Huatulco Observacion De Delfines Al Amanecer Con Visita A La Playa;https://www.getyourguide.com/es-es/santa-maria-huatulco-l781/huatulco-observacion-de-delfines-al-amanecer-con-visita-a-la-playa-t538428/
México;progreso-l95507;1317713;Tour Privado A La Hacienda Mucuyche Desde Progreso;https://www.getyourguide.com/es-es/progreso-l95507/tour-privado-a-la-hacienda-mucuyche-desde-progreso-t1317713/
México;cancun-l150;1327317;Rakata Discoteca Cancun Bebidas Ilimitadas;https://www.getyourguide.com/es-es/cancun-l150/rakata-discoteca-cancun-bebidas-ilimitadas-t1327317/
México;puerto-vallarta-l265;1332446;Puerto Vallarta Tour Combinado De Bioluminiscencia Y Vida Nocturna;https://www.getyourguide.com/es-es/puerto-vallarta-l265/puerto-vallarta-tour-combinado-de-bioluminiscencia-y-vida-nocturna-t1332446/
México;monterrey-l679;592497;Tour Grutas Bustamante Guia Traslado Ticket De Entrada;https://www.getyourguide.com/es-es/monterrey-l679/tour-grutas-bustamante-guia-traslado-ticket-de-entrada-t592497/
México;san-jose-manialtepec-l131543;607795;Puesta De Sol A Caballo En La Playa;https://www.getyourguide.com/es-es/san-jose-manialtepec-l131543/puesta-de-sol-a-caballo-en-la-playa-t607795/
México;acapulco-de-juarez-l307;75759;Cena De Buceadores De Acantilado Y Copas Al Atardecer En Los Flamingos;https://www.getyourguide.com/es-es/acapulco-de-juarez-l307/cena-de-buceadores-de-acantilado-y-copas-al-atardecer-en-los-flamingos-t75759/
México;san-jose-del-cabo-l967;625955;Los Cabos Transporte De Ida Y Vuelta Al Aeropuerto;https://www.getyourguide.com/es-es/san-jose-del-cabo-l967/los-cabos-transporte-de-ida-y-vuelta-al-aeropuerto-t625955/
México;san-miguel-de-cozumel-l141611;634417;Cozumel El Mejor Tour En Cuatrimoto Por La Selva Taquilla;https://www.getyourguide.com/es-es/san-miguel-de-cozumel-l141611/cozumel-el-mejor-tour-en-cuatrimoto-por-la-selva-taquilla-t634417/
México;puerto-vallarta-l265;296655;Desde Puerto Vallerta Crucero De Aventura Yelapa Y Majahuitas;https://www.getyourguide.com/es-es/puerto-vallarta-l265/desde-puerto-vallerta-crucero-de-aventura-yelapa-y-majahuitas-t296655/
México;puerto-morelos-l112372;352441;Cancun Excursion Privada En Catamaran Todo Incluido Por Isla Mujeres;https://www.getyourguide.com/es-es/puerto-morelos-l112372/cancun-excursion-privada-en-catamaran-todo-incluido-por-isla-mujeres-t352441/
México;puerto-vallarta-l265;695630;Puerto Vallarta Traslado Privado A Nuevo Nayarit;https://www.getyourguide.com/es-es/puerto-vallarta-l265/puerto-vallarta-traslado-privado-a-nuevo-nayarit-t695630/
México;bacalar-l95624;402316;3750 Mxn Tour Privado En Velero Con Nado En La Laguna;https://www.getyourguide.com/es-es/bacalar-l95624/3750-mxn-tour-privado-en-velero-con-nado-en-la-laguna-t402316/
México;mazatlan-l808;402956;Mazatlan City Tour En Un Tradicional Auto Al Aire Libre Pulmonia ;https://www.getyourguide.com/es-es/mazatlan-l808/mazatlan-city-tour-en-un-tradicional-auto-al-aire-libre-pulmonia--t402956/
México;ciudad-de-mexico-l194;432938;Ciudad De Mexico Experiencia Del Chocolate Mexicano Con Degustaciones;https://www.getyourguide.com/es-es/ciudad-de-mexico-l194/ciudad-de-mexico-experiencia-del-chocolate-mexicano-con-degustaciones-t432938/
México;santa-maria-huatulco-l781;817149;Desde Huatulco Traslado A La Ciudad De Oaxaca;https://www.getyourguide.com/es-es/santa-maria-huatulco-l781/desde-huatulco-traslado-a-la-ciudad-de-oaxaca-t817149/
México;cancun-l150;481041;Aeropuerto De Cancun Cun Traslado Privado A Los Hoteles De Cancun;https://www.getyourguide.com/es-es/cancun-l150/aeropuerto-de-cancun-cun-traslado-privado-a-los-hoteles-de-cancun-t481041/
México;san-miguel-de-allende-l2515;845629;San Miguel De Allende Masaje De Tejido Profundo De 60 Minutos;https://www.getyourguide.com/es-es/san-miguel-de-allende-l2515/san-miguel-de-allende-masaje-de-tejido-profundo-de-60-minutos-t845629/
México;ciudad-de-guanajuato-l2514;861788;Guadalajara Sierra Gorda En Motocicleta Sm Allende Bernal Guanajuato;https://www.getyourguide.com/es-es/ciudad-de-guanajuato-l2514/guadalajara-sierra-gorda-en-motocicleta-sm-allende-bernal-guanajuato-t861788/
México;cabo-san-lucas-l306;862291;Cabo San Lucas Tour Privado En Jeep A Cabo Pulmo Y Snorkel;https://www.getyourguide.com/es-es/cabo-san-lucas-l306/cabo-san-lucas-tour-privado-en-jeep-a-cabo-pulmo-y-snorkel-t862291/
México;palenque-chiapas-l179804;519642;Desde Palenque Experiencia Privada Ceremonia Maya Lacandona;https://www.getyourguide.com/es-es/palenque-chiapas-l179804/desde-palenque-experiencia-privada-ceremonia-maya-lacandona-t519642/
México;cancun-l150;870278;Transporte Privado Del Aeropuerto Cun Al Imperial Las Perlas;https://www.getyourguide.com/es-es/cancun-l150/transporte-privado-del-aeropuerto-cun-al-imperial-las-perlas-t870278/
México;cancun-l150;538034;Puente Aereo Cancun;https://www.getyourguide.com/es-es/cancun-l150/puente-aereo-cancun-t538034/
México;guadalajara-l677;553956;Guadalajara Entrada Al Acuario Michin;https://www.getyourguide.com/es-es/guadalajara-l677/guadalajara-entrada-al-acuario-michin-t553956/
México;municipio-oaxaca-de-juarez-l681;912690;Oaxaca Aventura De Surf De 6 Dias Con Alojamiento Y Comidas;https://www.getyourguide.com/es-es/municipio-oaxaca-de-juarez-l681/oaxaca-aventura-de-surf-de-6-dias-con-alojamiento-y-comidas-t912690/
México;ciudad-de-mexico-l194;933262;Desde Cdmx Tour Exclusivo De La Festividad Del Dia De Los Muertos;https://www.getyourguide.com/es-es/ciudad-de-mexico-l194/desde-cdmx-tour-exclusivo-de-la-festividad-del-dia-de-los-muertos-t933262/
México;ciudad-de-mexico-l194;959360;Desde Cdmx Tour De Medio Dia A Teotihuacan;https://www.getyourguide.com/es-es/ciudad-de-mexico-l194/desde-cdmx-tour-de-medio-dia-a-teotihuacan-t959360/
México;cancun-l150;1009285;Cancun Yate Privado Azimut 47 Fly 6 Horas A Isla Mujeres;https://www.getyourguide.com/es-es/cancun-l150/cancun-yate-privado-azimut-47-fly-6-horas-a-isla-mujeres-t1009285/
México;ciudad-de-mexico-l194;1019894;Ciudad De Mexico Tour Guiado Por El Castillo De Chapultepec Despues Del Horario De Cierre;https://www.getyourguide.com/es-es/ciudad-de-mexico-l194/ciudad-de-mexico-tour-guiado-por-el-castillo-de-chapultepec-despues-del-horario-de-cierre-t1019894/
México;cancun-l150;690814;Cancun Tour En Autobus Aventura Urbana Por Las Mejores Paradas;https://www.getyourguide.com/es-es/cancun-l150/cancun-tour-en-autobus-aventura-urbana-por-las-mejores-paradas-t690814/
México;san-miguel-de-allende-l2515;1086285;Ciudad De Mexico Tour Privado De Un Dia A San Miguel De Allende;https://www.getyourguide.com/es-es/san-miguel-de-allende-l2515/ciudad-de-mexico-tour-privado-de-un-dia-a-san-miguel-de-allende-t1086285/
México;puerto-vallarta-l265;792120;Los Arcos Excursion De Snorkel En Los Arcos Y Madagascar;https://www.getyourguide.com/es-es/puerto-vallarta-l265/los-arcos-excursion-de-snorkel-en-los-arcos-y-madagascar-t792120/
México;ciudad-de-mexico-l194;806949;Unam Murales Revolucion;https://www.getyourguide.com/es-es/ciudad-de-mexico-l194/unam-murales-revolucion-t806949/
México;ciudad-de-mexico-l194;823486;Viaje A Traves De Teotihuacan Basilica Y Degustacion De Mezcal;https://www.getyourguide.com/es-es/ciudad-de-mexico-l194/viaje-a-traves-de-teotihuacan-basilica-y-degustacion-de-mezcal-t823486/
México;cabo-san-lucas-l306;829739;Los Cabos Traslado Privado Aeropuerto Hoteles Cabo San Lucas;https://www.getyourguide.com/es-es/cabo-san-lucas-l306/los-cabos-traslado-privado-aeropuerto-hoteles-cabo-san-lucas-t829739/
México;tulum-l248;1127575;Tulum Tour A Pie Guiado De Comida Y Arte Urbano;https://www.getyourguide.com/es-es/tulum-l248/tulum-tour-a-pie-guiado-de-comida-y-arte-urbano-t1127575/
México;cabo-san-lucas-l306;835590;Experiencia Privada De Los Cabos A La Paz Balandra;https://www.getyourguide.com/es-es/cabo-san-lucas-l306/experiencia-privada-de-los-cabos-a-la-paz-balandra-t835590/
México;campeche-l2516;910121;Exclusivo Tour De Observacion De Aves En Campeche;https://www.getyourguide.com/es-es/campeche-l2516/exclusivo-tour-de-observacion-de-aves-en-campeche-t910121/
México;cancun-l150;1193104;Cozumel Pase De Un Dia En La Discoteca Paradise Beach Club Con Comida Y Bebida;https://www.getyourguide.com/es-es/cancun-l150/cozumel-pase-de-un-dia-en-la-discoteca-paradise-beach-club-con-comida-y-bebida-t1193104/
México;municipio-oaxaca-de-juarez-l681;1194562;15 Moles En Oaxaca Una Cata De Sabor Y Cultura;https://www.getyourguide.com/es-es/municipio-oaxaca-de-juarez-l681/15-moles-en-oaxaca-una-cata-de-sabor-y-cultura-t1194562/
México;san-pedro-cholula-l180643;932994;Puebla El Yacimiento Arqueologico Mas Grande De Mexico Y Cholula;https://www.getyourguide.com/es-es/san-pedro-cholula-l180643/puebla-el-yacimiento-arqueologico-mas-grande-de-mexico-y-cholula-t932994/
México;cabo-san-lucas-l306;1089467;Los Cabos Experiencia De Modelado De Arcilla Y Degustacion De Tequila;https://www.getyourguide.com/es-es/cabo-san-lucas-l306/los-cabos-experiencia-de-modelado-de-arcilla-y-degustacion-de-tequila-t1089467/
México;acapulco-de-juarez-l307;3969;Crucero Tropical Por La Tarde Desde Acapulco;https://www.getyourguide.com/es-es/acapulco-de-juarez-l307/crucero-tropical-por-la-tarde-desde-acapulco-t3969/
México;cabo-san-lucas-l306;31413;Aventura De Avistamiento De Ballenas En Cabo;https://www.getyourguide.com/es-es/cabo-san-lucas-l306/aventura-de-avistamiento-de-ballenas-en-cabo-t31413/
México;ciudad-de-mexico-l194;82512;Visita Al Santuario De Guadalupe;https://www.getyourguide.com/es-es/ciudad-de-mexico-l194/visita-al-santuario-de-guadalupe-t82512/
México;santa-maria-huatulco-l781;240087;Huatulco Excursion A Las Cascadas De La Montana Con Comida Local;https://www.getyourguide.com/es-es/santa-maria-huatulco-l781/huatulco-excursion-a-las-cascadas-de-la-montana-con-comida-local-t240087/
México;cabo-san-lucas-l306;263632;Cabo Crucero De Lujo Al Atardecer Con Cena Musica En Directo Y Barra Libre;https://www.getyourguide.com/es-es/cabo-san-lucas-l306/cabo-crucero-de-lujo-al-atardecer-con-cena-musica-en-directo-y-barra-libre-t263632/
México;puerto-vallarta-l265;277667;Desde Puerto Vallarta San Pancho Y Sayulita;https://www.getyourguide.com/es-es/puerto-vallarta-l265/desde-puerto-vallarta-san-pancho-y-sayulita-t277667/
México;merida-l1903;1207380;Merida Tour Guiado A Pie Por Monumentos Historicos;https://www.getyourguide.com/es-es/merida-l1903/merida-tour-guiado-a-pie-por-monumentos-historicos-t1207380/
México;puebla-l1471;385114;Desde Puebla Visita Privada A La Zona Arqueologica De Teotihuacan;https://www.getyourguide.com/es-es/puebla-l1471/desde-puebla-visita-privada-a-la-zona-arqueologica-de-teotihuacan-t385114/
México;san-miguel-de-cozumel-l141611;394424;Sala De Degustacion De Mezcal Y Tequila;https://www.getyourguide.com/es-es/san-miguel-de-cozumel-l141611/sala-de-degustacion-de-mezcal-y-tequila-t394424/
México;ciudad-de-mexico-l194;400630;Ciudad De Mexico Tour Nocturno En Autobus De Dos Pisos;https://www.getyourguide.com/es-es/ciudad-de-mexico-l194/ciudad-de-mexico-tour-nocturno-en-autobus-de-dos-pisos-t400630/
México;puerto-vallarta-l265;416985;Puerto Vallarta E Bike City Tour Con Degustaciones De Tacos;https://www.getyourguide.com/es-es/puerto-vallarta-l265/puerto-vallarta-e-bike-city-tour-con-degustaciones-de-tacos-t416985/
México;tlaquepaque-l773;1270064;Tlaquepaque Para Todos Paseo Cultural Y Tranquilo;https://www.getyourguide.com/es-es/tlaquepaque-l773/tlaquepaque-para-todos-paseo-cultural-y-tranquilo-t1270064/
México;puerto-vallarta-l265;461364;Puerto Vallarta Crucero En Megayate Por Yelapa;https://www.getyourguide.com/es-es/puerto-vallarta-l265/puerto-vallarta-crucero-en-megayate-por-yelapa-t461364/
México;valladolid-mexico-l101556;1320507;Tour Privado Todo Incluido Por Valladolid Y Cenote Desde Cancun;https://www.getyourguide.com/es-es/valladolid-mexico-l101556/tour-privado-todo-incluido-por-valladolid-y-cenote-desde-cancun-t1320507/
México;santa-maria-huatulco-l781;538367;Huatulco Tour Privado De Miradores Y Visita A La Playa;https://www.getyourguide.com/es-es/santa-maria-huatulco-l781/huatulco-tour-privado-de-miradores-y-visita-a-la-playa-t538367/
México;ciudad-de-mexico-l194;87005;Desde La Ciudad De Mexico Piramide De Cholula Y Puebla Tour En Grupo Reducido;https://www.getyourguide.com/es-es/ciudad-de-mexico-l194/desde-la-ciudad-de-mexico-piramide-de-cholula-y-puebla-tour-en-grupo-reducido-t87005/
México;municipio-oaxaca-de-juarez-l681;586811;Oaxaca Tour Privado De Gastronomia Y Cultura;https://www.getyourguide.com/es-es/municipio-oaxaca-de-juarez-l681/oaxaca-tour-privado-de-gastronomia-y-cultura-t586811/
México;santa-maria-huatulco-l781;631991;Huatulco Excursion De Un Dia A Puerto Angel Zipolite Y Mazunte;https://www.getyourguide.com/es-es/santa-maria-huatulco-l781/huatulco-excursion-de-un-dia-a-puerto-angel-zipolite-y-mazunte-t631991/
México;puebla-l1471;441712;Desde Puebla Tour Privado Atlixco Y Chipilo Todo Incluido;https://www.getyourguide.com/es-es/puebla-l1471/desde-puebla-tour-privado-atlixco-y-chipilo-todo-incluido-t441712/
México;merida-l1903;708486;Yucatan Conoce La Experiencia De Los 5 Puntos Emblematicos;https://www.getyourguide.com/es-es/merida-l1903/yucatan-conoce-la-experiencia-de-los-5-puntos-emblematicos-t708486/
México;cancun-l150;450052;Cancun Excursion Guiada En Kayak Por Los Manglares De La Laguna Nichupte;https://www.getyourguide.com/es-es/cancun-l150/cancun-excursion-guiada-en-kayak-por-los-manglares-de-la-laguna-nichupte-t450052/
México;santa-maria-huatulco-l781;472325;Desde Huatulco Excursion A Las Aguas Termales;https://www.getyourguide.com/es-es/santa-maria-huatulco-l781/desde-huatulco-excursion-a-las-aguas-termales-t472325/
México;palenque-chiapas-l179804;519012;Desde Palenque Recorrido Por Roberto Barrios Y Las Cascadas De El Salto;https://www.getyourguide.com/es-es/palenque-chiapas-l179804/desde-palenque-recorrido-por-roberto-barrios-y-las-cascadas-de-el-salto-t519012/
México;municipio-oaxaca-de-juarez-l681;519383;Oaxaca Tour Privado Empoderando A Las Mujeres;https://www.getyourguide.com/es-es/municipio-oaxaca-de-juarez-l681/oaxaca-tour-privado-empoderando-a-las-mujeres-t519383/
México;san-miguel-de-cozumel-l141611;526501;Desde Cozumel Estrellas De Mar Rayas Y Esnorquel En La Playa El Cielo;https://www.getyourguide.com/es-es/san-miguel-de-cozumel-l141611/desde-cozumel-estrellas-de-mar-rayas-y-esnorquel-en-la-playa-el-cielo-t526501/
México;santa-maria-huatulco-l781;540627;Desde Huatulco Pesca Deportiva En Yate De Lujo;https://www.getyourguide.com/es-es/santa-maria-huatulco-l781/desde-huatulco-pesca-deportiva-en-yate-de-lujo-t540627/
México;zacatecas-l144180;593695;Zacatecas Excursion Zacatecas Tradicional;https://www.getyourguide.com/es-es/zacatecas-l144180/zacatecas-excursion-zacatecas-tradicional-t593695/
México;cabo-san-lucas-l306;870492;Cabo San Lucas Locura Por La Cerveza Y El Marisco Mexicanos;https://www.getyourguide.com/es-es/cabo-san-lucas-l306/cabo-san-lucas-locura-por-la-cerveza-y-el-marisco-mexicanos-t870492/
México;cancun-l150;874886;Paseo En Yate Privado En Cancun;https://www.getyourguide.com/es-es/cancun-l150/paseo-en-yate-privado-en-cancun-t874886/
México;hermosillo-l157195;608357;Sonoraexcursion A Las Dunas Del Desierto De San Nicolas;https://www.getyourguide.com/es-es/hermosillo-l157195/sonoraexcursion-a-las-dunas-del-desierto-de-san-nicolas-t608357/
México;playa-del-carmen-l308;637417;Playa Del Carmen Excursion Rio Lagartos Y Las Coloradas;https://www.getyourguide.com/es-es/playa-del-carmen-l308/playa-del-carmen-excursion-rio-lagartos-y-las-coloradas-t637417/
México;municipio-oaxaca-de-juarez-l681;638483;Oaxaca Excursion A Las Cascadas Y Pozas Petrificadas De Hierve El Agua;https://www.getyourguide.com/es-es/municipio-oaxaca-de-juarez-l681/oaxaca-excursion-a-las-cascadas-y-pozas-petrificadas-de-hierve-el-agua-t638483/
México;cancun-l150;679450;Desde Cancun Esnorquel En Cenotes;https://www.getyourguide.com/es-es/cancun-l150/desde-cancun-esnorquel-en-cenotes-t679450/
México;playa-del-carmen-l308;956858;Desde Playa Del Carmen Tour A Chichen Itza Valladolid Con Cenote Y Buffet;https://www.getyourguide.com/es-es/playa-del-carmen-l308/desde-playa-del-carmen-tour-a-chichen-itza-valladolid-con-cenote-y-buffet-t956858/
México;valladolid-mexico-l101556;957211;Aventura En Chichen Itza Tour Con Guias Buffet Y Cenote;https://www.getyourguide.com/es-es/valladolid-mexico-l101556/aventura-en-chichen-itza-tour-con-guias-buffet-y-cenote-t957211/
México;playa-del-carmen-l308;703824;Playa Del Carmen Traslado Privado En Furgoneta A Merida;https://www.getyourguide.com/es-es/playa-del-carmen-l308/playa-del-carmen-traslado-privado-en-furgoneta-a-merida-t703824/
México;puerto-vallarta-l265;733642;Puerto Vallarta Tour En Barco Por Los Arcos Animas Y Quimixto;https://www.getyourguide.com/es-es/puerto-vallarta-l265/puerto-vallarta-tour-en-barco-por-los-arcos-animas-y-quimixto-t733642/
México;ciudad-de-mexico-l194;1023670;Ciudad De Mexico Tour De Los Mercados;https://www.getyourguide.com/es-es/ciudad-de-mexico-l194/ciudad-de-mexico-tour-de-los-mercados-t1023670/
México;ensenada-l545;778428;Ensenada Experiencia De Playa Y Bar;https://www.getyourguide.com/es-es/ensenada-l545/ensenada-experiencia-de-playa-y-bar-t778428/
México;mazatlan-l808;792075;Tour De La Ciudad Y Discoteca De Playa Todo Incluido Con Paseo A Caballo Y Deportes Acuaticos;https://www.getyourguide.com/es-es/mazatlan-l808/tour-de-la-ciudad-y-discoteca-de-playa-todo-incluido-con-paseo-a-caballo-y-deportes-acuaticos-t792075/
México;guadalajara-l677;814243;Tour Clasico Ruta De Tequila Desde Guadalajara Y Cantaritos El Guero;https://www.getyourguide.com/es-es/guadalajara-l677/tour-clasico-ruta-de-tequila-desde-guadalajara-y-cantaritos-el-guero-t814243/
México;puerto-vallarta-l265;839065;Puerto Vallarta Atv Puente Jorullo Para Cruceristas;https://www.getyourguide.com/es-es/puerto-vallarta-l265/puerto-vallarta-atv-puente-jorullo-para-cruceristas-t839065/
México;puerto-vallarta-l265;876086;Puerto Vallarta Puente Jorullo Atvrzr Para Huespedes De Cruceros;https://www.getyourguide.com/es-es/puerto-vallarta-l265/puerto-vallarta-puente-jorullo-atvrzr-para-huespedes-de-cruceros-t876086/
México;sayulita-l32371;876238;Sayulita Clases Particulares De Surf Instructoras;https://www.getyourguide.com/es-es/sayulita-l32371/sayulita-clases-particulares-de-surf-instructoras-t876238/
México;tulum-l248;1134216;Tulum Lo Mas Destacado Con Cenote Y Pueblo En La Selva Guia Aleman;https://www.getyourguide.com/es-es/tulum-l248/tulum-lo-mas-destacado-con-cenote-y-pueblo-en-la-selva-guia-aleman-t1134216/
México;cancun-l150;884051;Traslado Privado Dreams Sapphire Resort Spa A Aeropuerto Cun;https://www.getyourguide.com/es-es/cancun-l150/traslado-privado-dreams-sapphire-resort-spa-a-aeropuerto-cun-t884051/
México;cabo-san-lucas-l306;884349;Excursion En Yate Por Cabo Arco Roca Pelicano Snorkel Y Lugares Emblematicos;https://www.getyourguide.com/es-es/cabo-san-lucas-l306/excursion-en-yate-por-cabo-arco-roca-pelicano-snorkel-y-lugares-emblematicos-t884349/
México;ciudad-de-mexico-l194;933477;Cdmx Tour Nocturno A Pie Por La Ciudad Con Opcion A Torre Latino;https://www.getyourguide.com/es-es/ciudad-de-mexico-l194/cdmx-tour-nocturno-a-pie-por-la-ciudad-con-opcion-a-torre-latino-t933477/
México;cabo-san-lucas-l306;1029306;Los Cabos Tour De Avistamiento De Ballenas Con Degustacion De Tequila;https://www.getyourguide.com/es-es/cabo-san-lucas-l306/los-cabos-tour-de-avistamiento-de-ballenas-con-degustacion-de-tequila-t1029306/
México;ciudad-de-mexico-l194;1289860;Cdmx Ticket De Entrada Al Mirador De La Torre Latinoamericana;https://www.getyourguide.com/es-es/ciudad-de-mexico-l194/cdmx-ticket-de-entrada-al-mirador-de-la-torre-latinoamericana-t1289860/
México;municipio-oaxaca-de-juarez-l681;1100274;Mitla Tour En Bicicleta A Zona Arqueologica Y Cuevas Con Arte Rupestre;https://www.getyourguide.com/es-es/municipio-oaxaca-de-juarez-l681/mitla-tour-en-bicicleta-a-zona-arqueologica-y-cuevas-con-arte-rupestre-t1100274/
México;ciudad-de-mexico-l194;1145455;Tour Por El Estadio De Futbol Y Comida Callejera En Ciudad De Mexico;https://www.getyourguide.com/es-es/ciudad-de-mexico-l194/tour-por-el-estadio-de-futbol-y-comida-callejera-en-ciudad-de-mexico-t1145455/
México;puerto-morelos-l112372;1169915;Puerto Morelos Crucero En Catamaran A Isla Mujeres Y Discoteca De Playa;https://www.getyourguide.com/es-es/puerto-morelos-l112372/puerto-morelos-crucero-en-catamaran-a-isla-mujeres-y-discoteca-de-playa-t1169915/
México;boca-de-tomatlan-l165507;1189664;Puerto Vallarta Ruta De Senderismo Con Fotos Y Videos En Playas Ocultas;https://www.getyourguide.com/es-es/boca-de-tomatlan-l165507/puerto-vallarta-ruta-de-senderismo-con-fotos-y-videos-en-playas-ocultas-t1189664/
México;municipio-oaxaca-de-juarez-l681;278002;Desde Oaxaca Hierve El Agua Y Teotitlan Del Valle;https://www.getyourguide.com/es-es/municipio-oaxaca-de-juarez-l681/desde-oaxaca-hierve-el-agua-y-teotitlan-del-valle-t278002/
México;puerto-vallarta-l265;469441;Puerto Vallarta Excursion En Quad Por La Sierra Madre;https://www.getyourguide.com/es-es/puerto-vallarta-l265/puerto-vallarta-excursion-en-quad-por-la-sierra-madre-t469441/
México;tulum-l248;1293827;Tulum Paseo A Caballo Con Picnic Gourmet;https://www.getyourguide.com/es-es/tulum-l248/tulum-paseo-a-caballo-con-picnic-gourmet-t1293827/
México;santa-maria-huatulco-l781;507493;Desde Huatulco Rafting Mirador De La Playa Y Excursion De Snorkel;https://www.getyourguide.com/es-es/santa-maria-huatulco-l781/desde-huatulco-rafting-mirador-de-la-playa-y-excursion-de-snorkel-t507493/
México;bucerias-l32142;316967;Sayulitapunta Mita Tirolinas Con Vista Al Mar;https://www.getyourguide.com/es-es/bucerias-l32142/sayulitapunta-mita-tirolinas-con-vista-al-mar-t316967/
México;tulum-l248;331806;Tulum Casa Cenote Y Dos Ojos Para Buceadores Certificados;https://www.getyourguide.com/es-es/tulum-l248/tulum-casa-cenote-y-dos-ojos-para-buceadores-certificados-t331806/
México;yelapa-l201862;688016;Velero Exploracion Y Buceo Puesta De Sol Y Navegacion Romantica;https://www.getyourguide.com/es-es/yelapa-l201862/velero-exploracion-y-buceo-puesta-de-sol-y-navegacion-romantica-t688016/
México;puerto-vallarta-l265;688100;Puerto Vallarta Canopy El Eden;https://www.getyourguide.com/es-es/puerto-vallarta-l265/puerto-vallarta-canopy-el-eden-t688100/
México;ajijic-l1268;689216;Tour Chapala Y Ajijic Desde Guadalajara Con 3 Potrillos;https://www.getyourguide.com/es-es/ajijic-l1268/tour-chapala-y-ajijic-desde-guadalajara-con-3-potrillos-t689216/
México;ciudad-de-mexico-l194;690492;Ciudad De Mexico Historia Queer Mexicana;https://www.getyourguide.com/es-es/ciudad-de-mexico-l194/ciudad-de-mexico-historia-queer-mexicana-t690492/
México;ciudad-de-guanajuato-l2514;463209;Guanajuato Aventura En Kayak Al Templo Hundido;https://www.getyourguide.com/es-es/ciudad-de-guanajuato-l2514/guanajuato-aventura-en-kayak-al-templo-hundido-t463209/
México;mineral-de-pozos-l192715;763153;Mineral De Pozos Un Viaje Por La Historia De La Ciudad;https://www.getyourguide.com/es-es/mineral-de-pozos-l192715/mineral-de-pozos-un-viaje-por-la-historia-de-la-ciudad-t763153/
México;san-cristobal-de-las-casas-l2166;779181;San Cristobal Traslado Aeropuerto Angel Albino Corzo Tuxtla Gutierrez;https://www.getyourguide.com/es-es/san-cristobal-de-las-casas-l2166/san-cristobal-traslado-aeropuerto-angel-albino-corzo-tuxtla-gutierrez-t779181/
México;leon-mexico-l155751;796821;Leon Tour De La Ciudad Por El Centro Historico;https://www.getyourguide.com/es-es/leon-mexico-l155751/leon-tour-de-la-ciudad-por-el-centro-historico-t796821/
México;leon-mexico-l155751;801300;Leon Ruta Del Vino En Vinedo Leones Y Exploracion Del Centro De La Ciudad;https://www.getyourguide.com/es-es/leon-mexico-l155751/leon-ruta-del-vino-en-vinedo-leones-y-exploracion-del-centro-de-la-ciudad-t801300/
México;municipio-tuxtla-gutierrez-l2527;517194;Tuxtla Gutierrez Sumidero Chiapa De Corzo Y Miradores;https://www.getyourguide.com/es-es/municipio-tuxtla-gutierrez-l2527/tuxtla-gutierrez-sumidero-chiapa-de-corzo-y-miradores-t517194/
México;san-miguel-de-cozumel-l141611;526484;Excursion De Snorkel En Cozumel Estrellas De Mar Rayas Y La Bahia De Las Tortugas;https://www.getyourguide.com/es-es/san-miguel-de-cozumel-l141611/excursion-de-snorkel-en-cozumel-estrellas-de-mar-rayas-y-la-bahia-de-las-tortugas-t526484/
México;teuchitlan-l92834;537993;Guachimontones Y Tradiciones Ancestrales;https://www.getyourguide.com/es-es/teuchitlan-l92834/guachimontones-y-tradiciones-ancestrales-t537993/
México;cabo-san-lucas-l306;551164;Los Cabosatv Playadesierto Con Traslado Cata De Tequila;https://www.getyourguide.com/es-es/cabo-san-lucas-l306/los-cabosatv-playadesierto-con-traslado-cata-de-tequila-t551164/
México;cancun-l150;870383;Traslado Privado Del Aeropuerto Cun Al Hilton Cancun;https://www.getyourguide.com/es-es/cancun-l150/traslado-privado-del-aeropuerto-cun-al-hilton-cancun-t870383/
México;rio-lagartos-l146496;655395;Tour En Barco Por Rio Lagartos Y Las Coloradas Flamencos Y Manglares;https://www.getyourguide.com/es-es/rio-lagartos-l146496/tour-en-barco-por-rio-lagartos-y-las-coloradas-flamencos-y-manglares-t655395/
México;puerto-vallarta-l265;682278;Puerto Vallarta Tour Privado Los Arcos Snorkel;https://www.getyourguide.com/es-es/puerto-vallarta-l265/puerto-vallarta-tour-privado-los-arcos-snorkel-t682278/
México;bacalar-l95624;1008372;Navegacion Lenta Por Bacalar 3 Horas De Naturaleza Y Aguas Cristalinas;https://www.getyourguide.com/es-es/bacalar-l95624/navegacion-lenta-por-bacalar-3-horas-de-naturaleza-y-aguas-cristalinas-t1008372/
México;cabo-san-lucas-l306;1049372;Cabo San Lucas Snorkel Con Tiburones Wdrinks Snacks;https://www.getyourguide.com/es-es/cabo-san-lucas-l306/cabo-san-lucas-snorkel-con-tiburones-wdrinks-snacks-t1049372/
México;playa-del-carmen-l308;780172;Transporte Privado Del Aeropuerto De Tulum A Playa Del Carmen;https://www.getyourguide.com/es-es/playa-del-carmen-l308/transporte-privado-del-aeropuerto-de-tulum-a-playa-del-carmen-t780172/
México;abala-l216546;1093193;Merida Tour Por Uxmal Con Plantacion De Sisal Y Chapuzon En Un Cenote;https://www.getyourguide.com/es-es/abala-l216546/merida-tour-por-uxmal-con-plantacion-de-sisal-y-chapuzon-en-un-cenote-t1093193/
México;tulum-l248;837816;Tulum Mexico Tour De Triple Aventura En Cenotes;https://www.getyourguide.com/es-es/tulum-l248/tulum-mexico-tour-de-triple-aventura-en-cenotes-t837816/
México;san-miguel-de-allende-l2515;843656;San Miguel De Allende 90 Min Masaje Sueco;https://www.getyourguide.com/es-es/san-miguel-de-allende-l2515/san-miguel-de-allende-90-min-masaje-sueco-t843656/
México;municipio-oaxaca-de-juarez-l681;850816;Desde Oaxaca Un Dia Explorando La Magia De 4 Pueblos De Oaxaca;https://www.getyourguide.com/es-es/municipio-oaxaca-de-juarez-l681/desde-oaxaca-un-dia-explorando-la-magia-de-4-pueblos-de-oaxaca-t850816/
México;playa-del-carmen-l308;1155528;Sesion De Fotos Privada En Playa Del Carmen;https://www.getyourguide.com/es-es/playa-del-carmen-l308/sesion-de-fotos-privada-en-playa-del-carmen-t1155528/
México;valladolid-mexico-l101556;940369;Valladolid Cata Exclusiva De 5 Mezcales;https://www.getyourguide.com/es-es/valladolid-mexico-l101556/valladolid-cata-exclusiva-de-5-mezcales-t940369/
México;ciudad-de-mexico-l194;1262686;Ciudad De Mexico Espectaculo De Teatro Y Charla Con Actores Acompanada De Vino;https://www.getyourguide.com/es-es/ciudad-de-mexico-l194/ciudad-de-mexico-espectaculo-de-teatro-y-charla-con-actores-acompanada-de-vino-t1262686/
México;santa-maria-huatulco-l781;1076183;Huatulco Avistamiento De Mamiferos Marinos Y Snorkel Guiado Por Un Biologo;https://www.getyourguide.com/es-es/santa-maria-huatulco-l781/huatulco-avistamiento-de-mamiferos-marinos-y-snorkel-guiado-por-un-biologo-t1076183/
México;ciudad-de-mexico-l194;1078314;Cdmx Las Joyas Secretas De Chapultepec En Bicicleta;https://www.getyourguide.com/es-es/ciudad-de-mexico-l194/cdmx-las-joyas-secretas-de-chapultepec-en-bicicleta-t1078314/
México;ciudad-de-mexico-l194;1323954;Adrenalina Pura Atv S Zip Line Ixtapa Zihuatanejo 2 Tours En 1 Dia;https://www.getyourguide.com/es-es/ciudad-de-mexico-l194/adrenalina-pura-atv-s-zip-line-ixtapa-zihuatanejo-2-tours-en-1-dia-t1323954/
México;san-bartolo-coyotepec-l135622;1224864;Oaxaca Full Day Tour To Monte Alban Barro Negro Alebrijes Y Mezcal;https://www.getyourguide.com/es-es/san-bartolo-coyotepec-l135622/oaxaca-full-day-tour-to-monte-alban-barro-negro-alebrijes-y-mezcal-t1224864/
México;cancun-l150;1240013;Cancun Ceremonia Privada De Temazcal En Santuario Natural Incluye Pick Up;https://www.getyourguide.com/es-es/cancun-l150/cancun-ceremonia-privada-de-temazcal-en-santuario-natural-incluye-pick-up-t1240013/
México;cancun-l150;468911;Coba Tulum Cenote Y Comida Eco Dia Completo;https://www.getyourguide.com/es-es/cancun-l150/coba-tulum-cenote-y-comida-eco-dia-completo-t468911/
México;municipio-oaxaca-de-juarez-l681;480751;Oaxaca Comida Y Mercados;https://www.getyourguide.com/es-es/municipio-oaxaca-de-juarez-l681/oaxaca-comida-y-mercados-t480751/
México;cancun-l150;529168;Cancun Excursion En Kayak Al Amanecer O Al Atardecer;https://www.getyourguide.com/es-es/cancun-l150/cancun-excursion-en-kayak-al-amanecer-o-al-atardecer-t529168/
México;cancun-l150;540626;Cancun Tour Gastronomico De 3 Horas Visita Al Mercado Y Arte Urbano;https://www.getyourguide.com/es-es/cancun-l150/cancun-tour-gastronomico-de-3-horas-visita-al-mercado-y-arte-urbano-t540626/
México;ciudad-de-mexico-l194;3689;La Cena De Gala En Bellini En Ciudad De Mexico;https://www.getyourguide.com/es-es/ciudad-de-mexico-l194/la-cena-de-gala-en-bellini-en-ciudad-de-mexico-t3689/
México;san-jose-del-cabo-l967;417587;Los Cabos Clase De Surf Privada En Costa Azul Con Traslado;https://www.getyourguide.com/es-es/san-jose-del-cabo-l967/los-cabos-clase-de-surf-privada-en-costa-azul-con-traslado-t417587/
México;ciudad-de-mexico-l194;425877;Desde Ciudad De Mexico Pena De Bernal Y Cata De Vinos;https://www.getyourguide.com/es-es/ciudad-de-mexico-l194/desde-ciudad-de-mexico-pena-de-bernal-y-cata-de-vinos-t425877/
México;municipio-oaxaca-de-juarez-l681;428000;Oaxaca Excursion A El Tule Mitla Y Hierve El Agua Con Mezcal;https://www.getyourguide.com/es-es/municipio-oaxaca-de-juarez-l681/oaxaca-excursion-a-el-tule-mitla-y-hierve-el-agua-con-mezcal-t428000/
México;san-miguel-de-cozumel-l141611;779199;Cozumel Traslado Al Aeropuerto Privado;https://www.getyourguide.com/es-es/san-miguel-de-cozumel-l141611/cozumel-traslado-al-aeropuerto-privado-t779199/
México;cabo-san-lucas-l306;440862;Cabo San Lucas Experiencia De Nado Con Delfines;https://www.getyourguide.com/es-es/cabo-san-lucas-l306/cabo-san-lucas-experiencia-de-nado-con-delfines-t440862/
México;cancun-l150;834143;Cancun Expedicion Fotografica De Aves Con Transporte;https://www.getyourguide.com/es-es/cancun-l150/cancun-expedicion-fotografica-de-aves-con-transporte-t834143/
México;cancun-l150;484317;Cancun Paseo En Barco Con Cena A Bordo Del Columbus Y Acceso A La Sky Wheel;https://www.getyourguide.com/es-es/cancun-l150/cancun-paseo-en-barco-con-cena-a-bordo-del-columbus-y-acceso-a-la-sky-wheel-t484317/
México;cabo-san-lucas-l306;524021;Cabo San Lucas Experiencia De Liberacion De Tortuguitas;https://www.getyourguide.com/es-es/cabo-san-lucas-l306/cabo-san-lucas-experiencia-de-liberacion-de-tortuguitas-t524021/
México;merida-l1903;548235;Atv Y Cenotes En Hacienda;https://www.getyourguide.com/es-es/merida-l1903/atv-y-cenotes-en-hacienda-t548235/
México;loreto-mexico-l1655;903986;Isla Coronado Y Tour De Snorkel;https://www.getyourguide.com/es-es/loreto-mexico-l1655/isla-coronado-y-tour-de-snorkel-t903986/
México;municipio-oaxaca-de-juarez-l681;571070;Hierve El Agua Un Dia De Aventura Cultura Y Sabor;https://www.getyourguide.com/es-es/municipio-oaxaca-de-juarez-l681/hierve-el-agua-un-dia-de-aventura-cultura-y-sabor-t571070/
México;san-jose-del-cabo-l967;397644;San Jose Del Cabo Excursion En Quad De 2 Horas;https://www.getyourguide.com/es-es/san-jose-del-cabo-l967/san-jose-del-cabo-excursion-en-quad-de-2-horas-t397644/
México;puerto-vallarta-l265;415558;Puerto Vallarta Viaje En Barco Privado A Yelapa Con Snorkel;https://www.getyourguide.com/es-es/puerto-vallarta-l265/puerto-vallarta-viaje-en-barco-privado-a-yelapa-con-snorkel-t415558/
México;holbox-l189767;1147207;Holbox Tour A La Bioluminicencia En Canam;https://www.getyourguide.com/es-es/holbox-l189767/holbox-tour-a-la-bioluminicencia-en-canam-t1147207/
México;puerto-vallarta-l265;621737;Puerto Vallarta Aventura En Quad Con Cata De Tequila;https://www.getyourguide.com/es-es/puerto-vallarta-l265/puerto-vallarta-aventura-en-quad-con-cata-de-tequila-t621737/
México;ciudad-de-mexico-l194;1250675;Ciudad De Mexico Degustacion De Mezcal Tradicional En Grupo Reducido;https://www.getyourguide.com/es-es/ciudad-de-mexico-l194/ciudad-de-mexico-degustacion-de-mezcal-tradicional-en-grupo-reducido-t1250675/
México;ciudad-de-mexico-l194;669432;En Bici Por Reforma Y Chapultepec;https://www.getyourguide.com/es-es/ciudad-de-mexico-l194/en-bici-por-reforma-y-chapultepec-t669432/
México;puerto-vallarta-l265;683801;Puerto Vallarta Rzr Y Canopy Rio Cuale;https://www.getyourguide.com/es-es/puerto-vallarta-l265/puerto-vallarta-rzr-y-canopy-rio-cuale-t683801/
México;tulum-l248;765480;Snorkel En El Arrecife De Tulum Paseo En Barco Y Caleta;https://www.getyourguide.com/es-es/tulum-l248/snorkel-en-el-arrecife-de-tulum-paseo-en-barco-y-caleta-t765480/
México;ensenada-l545;798199;Ensenada Recorrido En Coche De Carreras Utv Off Road 4 Pax;https://www.getyourguide.com/es-es/ensenada-l545/ensenada-recorrido-en-coche-de-carreras-utv-off-road-4-pax-t798199/
México;ciudad-de-mexico-l194;73257;Excursion Al Santuario De La Mariposa Monarca Desde Ciudad De Mexico;https://www.getyourguide.com/es-es/ciudad-de-mexico-l194/excursion-al-santuario-de-la-mariposa-monarca-desde-ciudad-de-mexico-t73257/
México;hermosillo-l157195;844335;El Colorado Recorrido Por La Playa Y Senderismo En El Cerro Colorado;https://www.getyourguide.com/es-es/hermosillo-l157195/el-colorado-recorrido-por-la-playa-y-senderismo-en-el-cerro-colorado-t844335/
México;puerto-vallarta-l265;254177;Desde Puerto Y Nuevo Vallarta Excursion En Quad Con Cata De Tequila;https://www.getyourguide.com/es-es/puerto-vallarta-l265/desde-puerto-y-nuevo-vallarta-excursion-en-quad-con-cata-de-tequila-t254177/
México;santa-maria-huatulco-l781;321243;Huatulco Traslado Privado De Ida Y Vuelta Del Aeropuerto A La Zona Hotelera;https://www.getyourguide.com/es-es/santa-maria-huatulco-l781/huatulco-traslado-privado-de-ida-y-vuelta-del-aeropuerto-a-la-zona-hotelera-t321243/
México;playa-del-carmen-l308;412005;Playa Del Carmen Billete De Ida Y Vuelta En Ferry Adesde Cozumel;https://www.getyourguide.com/es-es/playa-del-carmen-l308/playa-del-carmen-billete-de-ida-y-vuelta-en-ferry-adesde-cozumel-t412005/
México;cabo-san-lucas-l306;413016;Playa De Cerritos Clases Particulares De Surf Con Instructores;https://www.getyourguide.com/es-es/cabo-san-lucas-l306/playa-de-cerritos-clases-particulares-de-surf-con-instructores-t413016/
México;santa-maria-huatulco-l781;943543;Huatulco Observacion De Aves Y Busqueda En Huatulco;https://www.getyourguide.com/es-es/santa-maria-huatulco-l781/huatulco-observacion-de-aves-y-busqueda-en-huatulco-t943543/
México;campeche-l2516;459650;Campeche Tour Gastronomico A Pie Con Degustaciones;https://www.getyourguide.com/es-es/campeche-l2516/campeche-tour-gastronomico-a-pie-con-degustaciones-t459650/
México;tulum-l248;500658;Desde Tulum Excursion A Chichen Itza Cenote Y Valladolid;https://www.getyourguide.com/es-es/tulum-l248/desde-tulum-excursion-a-chichen-itza-cenote-y-valladolid-t500658/
México;punta-mita-l98853;1067612;Islas Marietas Snorkeling Safari Con Guia Local;https://www.getyourguide.com/es-es/punta-mita-l98853/islas-marietas-snorkeling-safari-con-guia-local-t1067612/
México;monterrey-l679;1079627;Monterrey Tour De La Ciudad Por Lo Mas Destacado Con Paseo En Barco;https://www.getyourguide.com/es-es/monterrey-l679/monterrey-tour-de-la-ciudad-por-lo-mas-destacado-con-paseo-en-barco-t1079627/
México;puerto-vallarta-l265;1087210;Puerto Vallarta Ruta De Bares Guiada Con Bebidas De Bienvenida;https://www.getyourguide.com/es-es/puerto-vallarta-l265/puerto-vallarta-ruta-de-bares-guiada-con-bebidas-de-bienvenida-t1087210/
México;monterrey-l679;621151;Monterrey Expedicion Nido De Los Aguiluchos;https://www.getyourguide.com/es-es/monterrey-l679/monterrey-expedicion-nido-de-los-aguiluchos-t621151/
México;playa-del-carmen-l308;691995;Playa Del Carmen Jungla Maya Atv Cenote Y Tirolina;https://www.getyourguide.com/es-es/playa-del-carmen-l308/playa-del-carmen-jungla-maya-atv-cenote-y-tirolina-t691995/
México;bacalar-l95624;1188102;Aventura Express En Bacalar Cenote Azul Rapidos Y Laguna;https://www.getyourguide.com/es-es/bacalar-l95624/aventura-express-en-bacalar-cenote-azul-rapidos-y-laguna-t1188102/
México;mazatlan-l808;787655;Mazatlan Visita Privada Al Casco Antiguo Y Zona Dorada;https://www.getyourguide.com/es-es/mazatlan-l808/mazatlan-visita-privada-al-casco-antiguo-y-zona-dorada-t787655/
México;aguascalientes-l101538;1316264;Aguascalientes Tour Nocturno Por San Marcos Con Cantinas;https://www.getyourguide.com/es-es/aguascalientes-l101538/aguascalientes-tour-nocturno-por-san-marcos-con-cantinas-t1316264/
México;las-coloradas-l168323;1330513;Ek Balam Rio Lagartos Y Coloradas Tour Privado Desde Cancun;https://www.getyourguide.com/es-es/las-coloradas-l168323/ek-balam-rio-lagartos-y-coloradas-tour-privado-desde-cancun-t1330513/
México;tzimol-l182768;981233;Experimenta La Magia De Chiapas Tour De 3 Dias;https://www.getyourguide.com/es-es/tzimol-l182768/experimenta-la-magia-de-chiapas-tour-de-3-dias-t981233/
México;puerto-vallarta-l265;233677;Puerto Vallarta Aventura En Montana Atv Sierra Madre;https://www.getyourguide.com/es-es/puerto-vallarta-l265/puerto-vallarta-aventura-en-montana-atv-sierra-madre-t233677/
México;santa-maria-huatulco-l781;239467;Huatulco Ecotour Con Cocodrilos Y Aves Migratorias;https://www.getyourguide.com/es-es/santa-maria-huatulco-l781/huatulco-ecotour-con-cocodrilos-y-aves-migratorias-t239467/
México;ciudad-de-mexico-l194;1052801;Ciudad De Mexico Tour Guiado A Pie Por Los Murales De Diego Rivera;https://www.getyourguide.com/es-es/ciudad-de-mexico-l194/ciudad-de-mexico-tour-guiado-a-pie-por-los-murales-de-diego-rivera-t1052801/
México;san-pedro-cholula-l180643;1065423;Desde Cdmx Tour Privado De Un Dia A Cholula Tonantzintla Y Puebla;https://www.getyourguide.com/es-es/san-pedro-cholula-l180643/desde-cdmx-tour-privado-de-un-dia-a-cholula-tonantzintla-y-puebla-t1065423/
México;municipio-oaxaca-de-juarez-l681;389757;Excursion De Un Dia A Monte Alban Y Los Pueblos De La Artesania Con Entrada;https://www.getyourguide.com/es-es/municipio-oaxaca-de-juarez-l681/excursion-de-un-dia-a-monte-alban-y-los-pueblos-de-la-artesania-con-entrada-t389757/
México;cancun-l150;1082157;Zona Hotelera De Cancun Vuelo Panoramico;https://www.getyourguide.com/es-es/cancun-l150/zona-hotelera-de-cancun-vuelo-panoramico-t1082157/
México;cancun-l150;405977;Cancun Chichen Itza Ek Balam Cenote Y Comida;https://www.getyourguide.com/es-es/cancun-l150/cancun-chichen-itza-ek-balam-cenote-y-comida-t405977/
México;tulum-l248;470641;Tulum 2 Inmersiones En El Cenote Dos Ojos Buceadores Certificados;https://www.getyourguide.com/es-es/tulum-l248/tulum-2-inmersiones-en-el-cenote-dos-ojos-buceadores-certificados-t470641/
México;las-coloradas-l168323;1166612;Rio Lagartos Excursion De Observacion De Flamencos Y Tour En Lancha;https://www.getyourguide.com/es-es/las-coloradas-l168323/rio-lagartos-excursion-de-observacion-de-flamencos-y-tour-en-lancha-t1166612/
México;cancun-l150;1170607;Costa Mujeres Tour En Catamaran A Isla Mujeres Con Barra Libre;https://www.getyourguide.com/es-es/cancun-l150/costa-mujeres-tour-en-catamaran-a-isla-mujeres-con-barra-libre-t1170607/
México;ciudad-de-mexico-l194;1214303;Ciudad De Mexico Museo Del Tequila Y El Mezcal Experiencia Completa;https://www.getyourguide.com/es-es/ciudad-de-mexico-l194/ciudad-de-mexico-museo-del-tequila-y-el-mezcal-experiencia-completa-t1214303/
México;san-miguel-de-cozumel-l141611;652203;Autentica Clase De Cocina Maya En Cozumel;https://www.getyourguide.com/es-es/san-miguel-de-cozumel-l141611/autentica-clase-de-cocina-maya-en-cozumel-t652203/
México;cabo-san-lucas-l306;690192;Los Cabos Todos Santos Magical Town Tour;https://www.getyourguide.com/es-es/cabo-san-lucas-l306/los-cabos-todos-santos-magical-town-tour-t690192/
México;municipio-tuxtla-gutierrez-l2527;691805;Aeropuerto De Tuxtla Gutierrez Traslado A Tuxtla Gutierrez;https://www.getyourguide.com/es-es/municipio-tuxtla-gutierrez-l2527/aeropuerto-de-tuxtla-gutierrez-traslado-a-tuxtla-gutierrez-t691805/
México;la-paz-mexico-l2930;720842;Snorkel Todo Incluido En Las Playas Ocultas De Balandras La Paz;https://www.getyourguide.com/es-es/la-paz-mexico-l2930/snorkel-todo-incluido-en-las-playas-ocultas-de-balandras-la-paz-t720842/
México;cabo-san-lucas-l306;739489;Cabo San Lucas Aeropuerto A San Jose Del Cabo;https://www.getyourguide.com/es-es/cabo-san-lucas-l306/cabo-san-lucas-aeropuerto-a-san-jose-del-cabo-t739489/
México;zihuatanejo-l392;777600;Zihuatanejo Tronconesmanzanillo Bayband Majahua Beach Tour;https://www.getyourguide.com/es-es/zihuatanejo-l392/zihuatanejo-tronconesmanzanillo-bayband-majahua-beach-tour-t777600/
México;cabo-san-lucas-l306;795442;Ida Desde El Aeropuerto De Cabo San Lucas Hoteles De Cabo San Lucas;https://www.getyourguide.com/es-es/cabo-san-lucas-l306/ida-desde-el-aeropuerto-de-cabo-san-lucas-hoteles-de-cabo-san-lucas-t795442/
México;cancun-l150;845528;Traslado Privado De Cun A Dreams Sands Cancun Resort Spa;https://www.getyourguide.com/es-es/cancun-l150/traslado-privado-de-cun-a-dreams-sands-cancun-resort-spa-t845528/
México;cancun-l150;268732;Quintana Roo Tour Exclusivo Rio Secreto Y Tulum;https://www.getyourguide.com/es-es/cancun-l150/quintana-roo-tour-exclusivo-rio-secreto-y-tulum-t268732/
México;guadalajara-l677;314752;Desde Guadalajara Excursion A San Jose Del Refugio Y Tequila;https://www.getyourguide.com/es-es/guadalajara-l677/desde-guadalajara-excursion-a-san-jose-del-refugio-y-tequila-t314752/
México;ciudad-de-mexico-l194;933424;Cdmx Tour Privado A Teotihuacan Con Acceso Temprano O Por La Tarde;https://www.getyourguide.com/es-es/ciudad-de-mexico-l194/cdmx-tour-privado-a-teotihuacan-con-acceso-temprano-o-por-la-tarde-t933424/
México;cabo-san-lucas-l306;400118;Los Cabos Safari En Camello Con Almuerzo Y Degustacion De Tequila;https://www.getyourguide.com/es-es/cabo-san-lucas-l306/los-cabos-safari-en-camello-con-almuerzo-y-degustacion-de-tequila-t400118/
México;tehuacan-l154422;956438;Pico De Orizaba Cara Norte Entrenamiento A La Base Del Glaciar;https://www.getyourguide.com/es-es/tehuacan-l154422/pico-de-orizaba-cara-norte-entrenamiento-a-la-base-del-glaciar-t956438/
México;san-miguel-de-cozumel-l141611;1054624;Excursion En Jeep A Punta Sur Eco Beach Park Con Almuerzo;https://www.getyourguide.com/es-es/san-miguel-de-cozumel-l141611/excursion-en-jeep-a-punta-sur-eco-beach-park-con-almuerzo-t1054624/
México;municipio-oaxaca-de-juarez-l681;1089980;Oaxaca Walking Tour;https://www.getyourguide.com/es-es/municipio-oaxaca-de-juarez-l681/oaxaca-walking-tour-t1089980/
México;muinicipio-de-tequila-l777;592271;Mucha Fiesta Diviertete En La Fabrica La Aguirrena;https://www.getyourguide.com/es-es/muinicipio-de-tequila-l777/mucha-fiesta-diviertete-en-la-fabrica-la-aguirrena-t592271/
México;ciudad-de-guanajuato-l2514;631525;Tour Privado Del Vino Desde La Ciudad De Guanajuato;https://www.getyourguide.com/es-es/ciudad-de-guanajuato-l2514/tour-privado-del-vino-desde-la-ciudad-de-guanajuato-t631525/
México;santa-maria-huatulco-l781;632002;Huatulco Excursion A Las Cascadas Con Comida Buffet;https://www.getyourguide.com/es-es/santa-maria-huatulco-l781/huatulco-excursion-a-las-cascadas-con-comida-buffet-t632002/
México;san-miguel-de-cozumel-l141611;634348;Cozumel Las Mejores Motos Acuaticas Taquilla;https://www.getyourguide.com/es-es/san-miguel-de-cozumel-l141611/cozumel-las-mejores-motos-acuaticas-taquilla-t634348/
México;cancun-l150;650423;Entrada Al Acuario Interactivo De Cancun Presentacion De Delfines;https://www.getyourguide.com/es-es/cancun-l150/entrada-al-acuario-interactivo-de-cancun-presentacion-de-delfines-t650423/
México;ciudad-de-guanajuato-l2514;1175998;Guanajuato Entre Tragos De Historia Mezcal Y Leyendas;https://www.getyourguide.com/es-es/ciudad-de-guanajuato-l2514/guanajuato-entre-tragos-de-historia-mezcal-y-leyendas-t1175998/
México;municipio-oaxaca-de-juarez-l681;1237386;Tour En Bici De Montana Por La Sierra Norte De Oaxaca Descenso Textiles Y Mezcal;https://www.getyourguide.com/es-es/municipio-oaxaca-de-juarez-l681/tour-en-bici-de-montana-por-la-sierra-norte-de-oaxaca-descenso-textiles-y-mezcal-t1237386/
México;ciudad-de-mexico-l194;1238820;Roma Norte Cata De Licores Y Cocteles De Agave;https://www.getyourguide.com/es-es/ciudad-de-mexico-l194/roma-norte-cata-de-licores-y-cocteles-de-agave-t1238820/
México;leon-mexico-l155751;800614;Leon Dolores Hidalgo Comida Otomi Con ;https://www.getyourguide.com/es-es/leon-mexico-l155751/leon-dolores-hidalgo-comida-otomi-con--t800614/
México;ciudad-de-mexico-l194;1258265;Tour Premium Al Centro Historico De Ciudad De Mexico Desde Tu Hotel;https://www.getyourguide.com/es-es/ciudad-de-mexico-l194/tour-premium-al-centro-historico-de-ciudad-de-mexico-desde-tu-hotel-t1258265/
México;cancun-l150;838723;Transporte Privado Del Aeropuerto Cun Al Breathless Cancun Soul Resort;https://www.getyourguide.com/es-es/cancun-l150/transporte-privado-del-aeropuerto-cun-al-breathless-cancun-soul-resort-t838723/
México;ciudad-de-mexico-l194;1307152;Cumbre Pico De Orizaba Tour De 2 Dias Con Equipo Y Guia Personalizado;https://www.getyourguide.com/es-es/ciudad-de-mexico-l194/cumbre-pico-de-orizaba-tour-de-2-dias-con-equipo-y-guia-personalizado-t1307152/
México;cancun-l150;932397;Cancun Acceso A Chichen Itza Ek Balam Un Cenote Y Comida;https://www.getyourguide.com/es-es/cancun-l150/cancun-acceso-a-chichen-itza-ek-balam-un-cenote-y-comida-t932397/
México;cancun-l150;945111;Cancun Aventura En Lancha Rapida Por La Selva Y Visita A La Laguna;https://www.getyourguide.com/es-es/cancun-l150/cancun-aventura-en-lancha-rapida-por-la-selva-y-visita-a-la-laguna-t945111/
México;tolantongo-l201864;1074677;De Ciudad De Mexico Visita La Gloria El Paraiso Dentro De Tolantongo;https://www.getyourguide.com/es-es/tolantongo-l201864/de-ciudad-de-mexico-visita-la-gloria-el-paraiso-dentro-de-tolantongo-t1074677/
México;ciudad-de-mexico-l194;1076616;Ciudad De Mexico Tour En Bicicleta Con Degustacion De Tacos En Polanco;https://www.getyourguide.com/es-es/ciudad-de-mexico-l194/ciudad-de-mexico-tour-en-bicicleta-con-degustacion-de-tacos-en-polanco-t1076616/
México;puerto-vallarta-l265;1131689;Puerto Vallarta Tour Guiado Al Santuario De Las Guacamayas;https://www.getyourguide.com/es-es/puerto-vallarta-l265/puerto-vallarta-tour-guiado-al-santuario-de-las-guacamayas-t1131689/
México;cabo-san-lucas-l306;1145029;Tour Cultural De Un Dia Por Cabo San Lucas Y San Jose Del Cabo;https://www.getyourguide.com/es-es/cabo-san-lucas-l306/tour-cultural-de-un-dia-por-cabo-san-lucas-y-san-jose-del-cabo-t1145029/
México;cancun-l150;505806;Exclusivo Yate Privado En Cancun Navega Por El Caribe;https://www.getyourguide.com/es-es/cancun-l150/exclusivo-yate-privado-en-cancun-navega-por-el-caribe-t505806/
México;ocosingo-l192445;518361;Desde Ocosingo Experiencia Privada De Rafting En La Selva Lacandona;https://www.getyourguide.com/es-es/ocosingo-l192445/desde-ocosingo-experiencia-privada-de-rafting-en-la-selva-lacandona-t518361/
México;municipio-oaxaca-de-juarez-l681;1175539;Desayuno En Tlacolula Palenque Ancestral E Industrial De Mezcal;https://www.getyourguide.com/es-es/municipio-oaxaca-de-juarez-l681/desayuno-en-tlacolula-palenque-ancestral-e-industrial-de-mezcal-t1175539/
México;san-pedro-garza-garcia-l197889;1199998;Chipinque Hike Basico Senderismo Guiado En La Sierra Madre;https://www.getyourguide.com/es-es/san-pedro-garza-garcia-l197889/chipinque-hike-basico-senderismo-guiado-en-la-sierra-madre-t1199998/
México;puerto-vallarta-l265;1212124;Majahuitas Beach Club Experience Relax Naturaleza Y Actividades Acuaticas;https://www.getyourguide.com/es-es/puerto-vallarta-l265/majahuitas-beach-club-experience-relax-naturaleza-y-actividades-acuaticas-t1212124/
México;el-cedral-l194729;599129;Cozumel Aventura En Todoterreno A La Caverna De Jade Y A La Playa;https://www.getyourguide.com/es-es/el-cedral-l194729/cozumel-aventura-en-todoterreno-a-la-caverna-de-jade-y-a-la-playa-t599129/
México;bacalar-l95624;613708;Comida Y Bebidas En Catamaran Privado Bacalar Desde Costa Maya;https://www.getyourguide.com/es-es/bacalar-l95624/comida-y-bebidas-en-catamaran-privado-bacalar-desde-costa-maya-t613708/
México;ciudad-de-mexico-l194;652306;Coyoacan Frida Kahlo Pisa Coyoacan Y San Angel Cdmx;https://www.getyourguide.com/es-es/ciudad-de-mexico-l194/coyoacan-frida-kahlo-pisa-coyoacan-y-san-angel-cdmx-t652306/
México;cabo-san-lucas-l306;662066;Excursion En Quad Por La Playa Y El Desierto De Migrino En Cabo Por Cactus Tours Park;https://www.getyourguide.com/es-es/cabo-san-lucas-l306/excursion-en-quad-por-la-playa-y-el-desierto-de-migrino-en-cabo-por-cactus-tours-park-t662066/
México;cabo-san-lucas-l306;682859;Avistamiento De Ballenas En El Mar De Cortes;https://www.getyourguide.com/es-es/cabo-san-lucas-l306/avistamiento-de-ballenas-en-el-mar-de-cortes-t682859/
México;san-cristobal-de-las-casas-l2166;690466;San Cristobal De Las Casas Hiking On Huitepec Volcano;https://www.getyourguide.com/es-es/san-cristobal-de-las-casas-l2166/san-cristobal-de-las-casas-hiking-on-huitepec-volcano-t690466/
México;cancun-l150;703659;Cancun Traslado Privado En Furgoneta A Puerto Morelos;https://www.getyourguide.com/es-es/cancun-l150/cancun-traslado-privado-en-furgoneta-a-puerto-morelos-t703659/
México;acapulco-de-juarez-l307;721880; Acapulco 4Hrs Tour De La Ciudad Ccapilla De La Paz Y Mural De Diego;https://www.getyourguide.com/es-es/acapulco-de-juarez-l307/-acapulco-4hrs-tour-de-la-ciudad-ccapilla-de-la-paz-y-mural-de-diego-t721880/
México;puerto-vallarta-l265;734954;Aventura De Pesca De Con Gente Local;https://www.getyourguide.com/es-es/puerto-vallarta-l265/aventura-de-pesca-de-con-gente-local-t734954/
México;acapulco-de-juarez-l307;743988;Acapulco Esnorquel;https://www.getyourguide.com/es-es/acapulco-de-juarez-l307/acapulco-esnorquel-t743988/
México;sayulita-l32371;773242;Sayulita Electric Cart Rental;https://www.getyourguide.com/es-es/sayulita-l32371/sayulita-electric-cart-rental-t773242/
México;ciudad-de-mexico-l194;1322847;Arte Aperitivos Y Bebidas En El Corazon De Ciudad De Mexico;https://www.getyourguide.com/es-es/ciudad-de-mexico-l194/arte-aperitivos-y-bebidas-en-el-corazon-de-ciudad-de-mexico-t1322847/
México;cancun-l150;181859;Desde Cancun Billete De Ida Y Vuelta En Ferry Adesde Isla Mujeres;https://www.getyourguide.com/es-es/cancun-l150/desde-cancun-billete-de-ida-y-vuelta-en-ferry-adesde-isla-mujeres-t181859/
México;teuchitlan-l92834;909465;Tequilaguahcimontones Ruta Patrimonio Cultural Tour;https://www.getyourguide.com/es-es/teuchitlan-l92834/tequilaguahcimontones-ruta-patrimonio-cultural-tour-t909465/
México;ciudad-de-mexico-l194;239612;Los Pasos De Frida Ciudad De Mexico;https://www.getyourguide.com/es-es/ciudad-de-mexico-l194/los-pasos-de-frida-ciudad-de-mexico-t239612/
México;puerto-escondido-l32155;918705;Puerto Escondido Clase De Cocina Mexicana Disfruta De La Comida Mexicana;https://www.getyourguide.com/es-es/puerto-escondido-l32155/puerto-escondido-clase-de-cocina-mexicana-disfruta-de-la-comida-mexicana-t918705/
México;merida-l1903;310783;Navidad En Merida Un Tour Privado Por El Esplendor Navideno;https://www.getyourguide.com/es-es/merida-l1903/navidad-en-merida-un-tour-privado-por-el-esplendor-navideno-t310783/
México;cancun-l150;358265;Cancun Waverunner En La Laguna Nichupte;https://www.getyourguide.com/es-es/cancun-l150/cancun-waverunner-en-la-laguna-nichupte-t358265/
México;ciudad-juarez-l98520;365130;Paseo Historico Por El Centro De El Paso Y Juarez;https://www.getyourguide.com/es-es/ciudad-juarez-l98520/paseo-historico-por-el-centro-de-el-paso-y-juarez-t365130/
México;playa-del-carmen-l308;978330;Desde Riviera Maya Entradas Al Parque Nocturno Xplor Fuego;https://www.getyourguide.com/es-es/playa-del-carmen-l308/desde-riviera-maya-entradas-al-parque-nocturno-xplor-fuego-t978330/
México;ciudad-de-mexico-l194;979538;Ciudad De Mexico Tour Nocturno De Mariachis En La Plaza Garibaldi;https://www.getyourguide.com/es-es/ciudad-de-mexico-l194/ciudad-de-mexico-tour-nocturno-de-mariachis-en-la-plaza-garibaldi-t979538/
México;cancun-l150;403119;Cancun Tour De Tacos Mexicanos Y Degustacion De Tequila El Ataque De Los Tacos;https://www.getyourguide.com/es-es/cancun-l150/cancun-tour-de-tacos-mexicanos-y-degustacion-de-tequila-el-ataque-de-los-tacos-t403119/
México;tulum-l248;998860;Tour Guiado Por 4 Cenotes En Casa Tortugas Con Transporte Y Buffet;https://www.getyourguide.com/es-es/tulum-l248/tour-guiado-por-4-cenotes-en-casa-tortugas-con-transporte-y-buffet-t998860/
México;municipio-oaxaca-de-juarez-l681;469242;Desde Oaxaca Traslado Privado A Huatulco;https://www.getyourguide.com/es-es/municipio-oaxaca-de-juarez-l681/desde-oaxaca-traslado-privado-a-huatulco-t469242/
México;merida-l1903;1075764;Cocina Mexicana Con Masa Manos A La Obra;https://www.getyourguide.com/es-es/merida-l1903/cocina-mexicana-con-masa-manos-a-la-obra-t1075764/
México;cancun-l150;523762;Desde Cancun Excursion En Yate Por La Riviera Maya;https://www.getyourguide.com/es-es/cancun-l150/desde-cancun-excursion-en-yate-por-la-riviera-maya-t523762/
México;san-miguel-de-cozumel-l141611;1111925;Cozumel Aventura En Buggy Quad Esnorquel Y Discoteca;https://www.getyourguide.com/es-es/san-miguel-de-cozumel-l141611/cozumel-aventura-en-buggy-quad-esnorquel-y-discoteca-t1111925/
México;monterrey-l679;1156999;Monterrey Tour De Cerveza Artesanal Y Degustacion;https://www.getyourguide.com/es-es/monterrey-l679/monterrey-tour-de-cerveza-artesanal-y-degustacion-t1156999/
México;mahahual-l168421;625378;Pesca Deportiva Costa Maya Mahahual Qroo;https://www.getyourguide.com/es-es/mahahual-l168421/pesca-deportiva-costa-maya-mahahual-qroo-t625378/
México;ciudad-de-mexico-l194;1266010;Ciudad De Mexico Tour Por El Mercado Y Clase De Cocina En Casa De Una Lugarena;https://www.getyourguide.com/es-es/ciudad-de-mexico-l194/ciudad-de-mexico-tour-por-el-mercado-y-clase-de-cocina-en-casa-de-una-lugarena-t1266010/
México;cancun-l150;1276567;Desde Cancun Excursion De 1 Dia A La Playa Y Al Parque De Aventuras De Cozumel;https://www.getyourguide.com/es-es/cancun-l150/desde-cancun-excursion-de-1-dia-a-la-playa-y-al-parque-de-aventuras-de-cozumel-t1276567/
México;playa-del-carmen-l308;865958;Billete De Autobus Que Conecta Cancun Central Y Playa Del Carmen;https://www.getyourguide.com/es-es/playa-del-carmen-l308/billete-de-autobus-que-conecta-cancun-central-y-playa-del-carmen-t865958/
México;san-miguel-de-cozumel-l141611;867856;Excursion En Tierra Recorrido En Buggy Con Ruinas Mayas Y Tiempo Libre En La Playa;https://www.getyourguide.com/es-es/san-miguel-de-cozumel-l141611/excursion-en-tierra-recorrido-en-buggy-con-ruinas-mayas-y-tiempo-libre-en-la-playa-t867856/
México;rio-lagartos-l146496;872574;Cosmo Vision Maya Y Vida Nocturna Rio Lagartos Tour Nocturno Cocodrilos;https://www.getyourguide.com/es-es/rio-lagartos-l146496/cosmo-vision-maya-y-vida-nocturna-rio-lagartos-tour-nocturno-cocodrilos-t872574/
México;cancun-l150;882077;Traslado Privado Hotel Amar Inn A Aeropuerto Cun;https://www.getyourguide.com/es-es/cancun-l150/traslado-privado-hotel-amar-inn-a-aeropuerto-cun-t882077/
México;playa-del-carmen-l308;890891;Sabores De Playa Del Carmen Tour Gastronomico Mexicano;https://www.getyourguide.com/es-es/playa-del-carmen-l308/sabores-de-playa-del-carmen-tour-gastronomico-mexicano-t890891/
México;ciudad-de-mexico-l194;900690;Ciudad De Mexico Basilica De Nuestra Senora De Guadalupe Tour Privado;https://www.getyourguide.com/es-es/ciudad-de-mexico-l194/ciudad-de-mexico-basilica-de-nuestra-senora-de-guadalupe-tour-privado-t900690/
México;ciudad-de-mexico-l194;959977;Ciudad De Mexico Tour Guiado Por Teotihuacan Y Basilica De Guadalupe;https://www.getyourguide.com/es-es/ciudad-de-mexico-l194/ciudad-de-mexico-tour-guiado-por-teotihuacan-y-basilica-de-guadalupe-t959977/
México;puerto-vallarta-l265;277222;Puerto Vallarta Bikes And Bites Tour;https://www.getyourguide.com/es-es/puerto-vallarta-l265/puerto-vallarta-bikes-and-bites-tour-t277222/
México;san-miguel-de-allende-l2515;305283;San Miguel De Allende Aventura De Medio Dia A Caballo;https://www.getyourguide.com/es-es/san-miguel-de-allende-l2515/san-miguel-de-allende-aventura-de-medio-dia-a-caballo-t305283/
México;merida-l1903;434650;Merida Billete De Autobus Turistico Panoramico Con 2 Rutas;https://www.getyourguide.com/es-es/merida-l1903/merida-billete-de-autobus-turistico-panoramico-con-2-rutas-t434650/
México;ciudad-de-mexico-l194;1085799;Ciudad De Mexico Tour Privado A Valle De Bravo Y Mariposas Monarca;https://www.getyourguide.com/es-es/ciudad-de-mexico-l194/ciudad-de-mexico-tour-privado-a-valle-de-bravo-y-mariposas-monarca-t1085799/
México;puerto-vallarta-l265;437024;Aventura En Stand Up Paddle;https://www.getyourguide.com/es-es/puerto-vallarta-l265/aventura-en-stand-up-paddle-t437024/
México;puerto-morelos-l112372;478636;Puerto Morelos Nada Con Delfines;https://www.getyourguide.com/es-es/puerto-morelos-l112372/puerto-morelos-nada-con-delfines-t478636/
México;tulum-l248;490751;Bucea En 2 Cenotes En Media Jornada;https://www.getyourguide.com/es-es/tulum-l248/bucea-en-2-cenotes-en-media-jornada-t490751/
México;ciudad-de-mexico-l194;521205;Experiencia Del Dia De Los Muertos En San Angel;https://www.getyourguide.com/es-es/ciudad-de-mexico-l194/experiencia-del-dia-de-los-muertos-en-san-angel-t521205/
México;valladolid-mexico-l101556;529053;Valladolidyucatan Cenote Chichikan Y Experiencia Maya;https://www.getyourguide.com/es-es/valladolid-mexico-l101556/valladolidyucatan-cenote-chichikan-y-experiencia-maya-t529053/
México;valladolid-mexico-l101556;1174935;Valladolid Day Pass Al Cenote Secreto Maya Con Cenote Alberca Y Selva;https://www.getyourguide.com/es-es/valladolid-mexico-l101556/valladolid-day-pass-al-cenote-secreto-maya-con-cenote-alberca-y-selva-t1174935/
México;tlaquepaque-l773;531315;Tlaquepaque Pueblo Magico Artesanos Tradiciones Arquitectura;https://www.getyourguide.com/es-es/tlaquepaque-l773/tlaquepaque-pueblo-magico-artesanos-tradiciones-arquitectura-t531315/
México;cabo-san-lucas-l306;537828;Cabo San Lucas Todos Santos Excursion Al Atardecer;https://www.getyourguide.com/es-es/cabo-san-lucas-l306/cabo-san-lucas-todos-santos-excursion-al-atardecer-t537828/
México;cancun-l150;619218;Desde Tulum Excursion De Un Dia A Las Ruinas De Coba Y Punta Laguna;https://www.getyourguide.com/es-es/cancun-l150/desde-tulum-excursion-de-un-dia-a-las-ruinas-de-coba-y-punta-laguna-t619218/
México;la-paz-mexico-l2930;658700;La Paz Excursion Con Leones Marinos Y Mega Paddleboard En Espiritu Santo;https://www.getyourguide.com/es-es/la-paz-mexico-l2930/la-paz-excursion-con-leones-marinos-y-mega-paddleboard-en-espiritu-santo-t658700/
México;monterrey-l679;1280088;Full Experience 4X4 Al Rio Pilon Entre Montana Rio Y Aventura 6 Horas;https://www.getyourguide.com/es-es/monterrey-l679/full-experience-4x4-al-rio-pilon-entre-montana-rio-y-aventura-6-horas-t1280088/
México;tulum-l248;684437;Riviera Maya Nado Con Tortugas Cenote Y Almuerzo Mexicano;https://www.getyourguide.com/es-es/tulum-l248/riviera-maya-nado-con-tortugas-cenote-y-almuerzo-mexicano-t684437/
México;puerto-morelos-l112372;703750;Puerto Morelos Traslado Privado En Furgoneta A Playa Del Carmen;https://www.getyourguide.com/es-es/puerto-morelos-l112372/puerto-morelos-traslado-privado-en-furgoneta-a-playa-del-carmen-t703750/
México;playa-del-carmen-l308;706863;Playa Del Carmen Buceo Guiado En Arrecifes Para Buceadores Certificados;https://www.getyourguide.com/es-es/playa-del-carmen-l308/playa-del-carmen-buceo-guiado-en-arrecifes-para-buceadores-certificados-t706863/
México;ciudad-de-mexico-l194;714829;Xochimilco Isla De Las Munecas El Tequila Y El Mezcal Cdmx;https://www.getyourguide.com/es-es/ciudad-de-mexico-l194/xochimilco-isla-de-las-munecas-el-tequila-y-el-mezcal-cdmx-t714829/
México;ciudad-de-mexico-l194;732700;Tour Ciudad De Mexico Santuario De Las Luciernagas;https://www.getyourguide.com/es-es/ciudad-de-mexico-l194/tour-ciudad-de-mexico-santuario-de-las-luciernagas-t732700/
México;ciudad-de-mexico-l194;288460;Desde Ciudad De Mexico Excursion De 2 Dias A La Cumbre Del Pico De Orizaba;https://www.getyourguide.com/es-es/ciudad-de-mexico-l194/desde-ciudad-de-mexico-excursion-de-2-dias-a-la-cumbre-del-pico-de-orizaba-t288460/
México;cancun-l150;872826;Traslados Ev Con Tesla Aeropuerto De Cancun A Tulum;https://www.getyourguide.com/es-es/cancun-l150/traslados-ev-con-tesla-aeropuerto-de-cancun-a-tulum-t872826/
México;municipio-oaxaca-de-juarez-l681;291885;Oaxaca Tour Del Dia De Muertos;https://www.getyourguide.com/es-es/municipio-oaxaca-de-juarez-l681/oaxaca-tour-del-dia-de-muertos-t291885/
México;tulum-l248;932395;Riviera Maya Tour A Coba Y Chichen Itza Con Cenote Y Almuerzo Opcional;https://www.getyourguide.com/es-es/tulum-l248/riviera-maya-tour-a-coba-y-chichen-itza-con-cenote-y-almuerzo-opcional-t932395/
México;playa-del-carmen-l308;978496;Desde Playa Del Carmen Entrada Al Parque Xoximilco Todo Incluido;https://www.getyourguide.com/es-es/playa-del-carmen-l308/desde-playa-del-carmen-entrada-al-parque-xoximilco-todo-incluido-t978496/
México;municipio-oaxaca-de-juarez-l681;979594;Oaxaca Degustacion De Mezcal Y Paseo En Barril;https://www.getyourguide.com/es-es/municipio-oaxaca-de-juarez-l681/oaxaca-degustacion-de-mezcal-y-paseo-en-barril-t979594/
México;valle-de-bravo-l95795;467962;Valle De Bravo Kayak En El Lago;https://www.getyourguide.com/es-es/valle-de-bravo-l95795/valle-de-bravo-kayak-en-el-lago-t467962/
México;ciudad-de-mexico-l194;485688;Tour Privado De Arte Callejero En Ciudad De Mexico;https://www.getyourguide.com/es-es/ciudad-de-mexico-l194/tour-privado-de-arte-callejero-en-ciudad-de-mexico-t485688/
México;puerto-vallarta-l265;1079240;Puerto Vallarta Crucero Gay Al Atardecer Con Barra Libre;https://www.getyourguide.com/es-es/puerto-vallarta-l265/puerto-vallarta-crucero-gay-al-atardecer-con-barra-libre-t1079240/
México;papantla-de-olarte-l109597;1084885;Desde Ciudad De Mexico Excursion De Un Dia A El Tajin Con Guia;https://www.getyourguide.com/es-es/papantla-de-olarte-l109597/desde-ciudad-de-mexico-excursion-de-un-dia-a-el-tajin-con-guia-t1084885/
México;mahahual-l168421;581395;Costa Maya Degustacion De Tacos Y Tostadas Con Barra Libre;https://www.getyourguide.com/es-es/mahahual-l168421/costa-maya-degustacion-de-tacos-y-tostadas-con-barra-libre-t581395/
México;ciudad-de-mexico-l194;624445;Ciudad De Mexico Tour Con Paradas Libres Por La Ciudad Mas Atracciones;https://www.getyourguide.com/es-es/ciudad-de-mexico-l194/ciudad-de-mexico-tour-con-paradas-libres-por-la-ciudad-mas-atracciones-t624445/
México;san-miguel-de-cozumel-l141611;625333;Cozumel Clase De Salsa Y Baile Con Margaritas;https://www.getyourguide.com/es-es/san-miguel-de-cozumel-l141611/cozumel-clase-de-salsa-y-baile-con-margaritas-t625333/
México;abala-l216546;1132731;From Merida Uxmal Kabah And Cenote All Included With An Online Game;https://www.getyourguide.com/es-es/abala-l216546/from-merida-uxmal-kabah-and-cenote-all-included-with-an-online-game-t1132731/
México;san-miguel-de-allende-l2515;1147121;San Miguel De Allende Tour De Tacos Tequila Y Loteria;https://www.getyourguide.com/es-es/san-miguel-de-allende-l2515/san-miguel-de-allende-tour-de-tacos-tequila-y-loteria-t1147121/
México;san-jose-del-cabo-l967;1154857;San Jose Del Cabo Tour A Pie De Marisco Con Cerveza;https://www.getyourguide.com/es-es/san-jose-del-cabo-l967/san-jose-del-cabo-tour-a-pie-de-marisco-con-cerveza-t1154857/
México;cancun-l150;661682;Cancun El Cuyo Transporte Privado;https://www.getyourguide.com/es-es/cancun-l150/cancun-el-cuyo-transporte-privado-t661682/
México;municipio-oaxaca-de-juarez-l681;675556;Oaxaca De Juarez Taller De Estampacion Artistica Con Un Artista Local;https://www.getyourguide.com/es-es/municipio-oaxaca-de-juarez-l681/oaxaca-de-juarez-taller-de-estampacion-artistica-con-un-artista-local-t675556/
México;cabo-san-lucas-l306;677298;Twerk It Out Clase Para Fiestas Bachelette En Cabo;https://www.getyourguide.com/es-es/cabo-san-lucas-l306/twerk-it-out-clase-para-fiestas-bachelette-en-cabo-t677298/
México;playa-del-carmen-l308;703790;Playa Del Carmen Traslado Privado En Furgoneta A Cancun;https://www.getyourguide.com/es-es/playa-del-carmen-l308/playa-del-carmen-traslado-privado-en-furgoneta-a-cancun-t703790/
México;san-pedro-garza-garcia-l197889;1202646;Via Ferrata Vertigo Aventura Extrema En La Huasteca;https://www.getyourguide.com/es-es/san-pedro-garza-garcia-l197889/via-ferrata-vertigo-aventura-extrema-en-la-huasteca-t1202646/
México;ciudad-de-mexico-l194;797776;Ciudad De Mexico Tour En Autobus Turistico;https://www.getyourguide.com/es-es/ciudad-de-mexico-l194/ciudad-de-mexico-tour-en-autobus-turistico-t797776/
México;queretaro-l1170;1276569;Queretaro Tour Por La Sierra Gorda;https://www.getyourguide.com/es-es/queretaro-l1170/queretaro-tour-por-la-sierra-gorda-t1276569/
México;puerto-vallarta-l265;869626;Puerto Vallarta Aventura En Quad A La Cascada De El Salto;https://www.getyourguide.com/es-es/puerto-vallarta-l265/puerto-vallarta-aventura-en-quad-a-la-cascada-de-el-salto-t869626/
México;bacalar-l95624;1292128;Bacalar Tour En Bicicleta Por La Jungla Y Chapuzon En La Laguna;https://www.getyourguide.com/es-es/bacalar-l95624/bacalar-tour-en-bicicleta-por-la-jungla-y-chapuzon-en-la-laguna-t1292128/
México;ciudad-de-mexico-l194;39315;Ciudad De Mexico Sabores Mercados Y Diversion Haciendo Salsa;https://www.getyourguide.com/es-es/ciudad-de-mexico-l194/ciudad-de-mexico-sabores-mercados-y-diversion-haciendo-salsa-t39315/
México;santa-maria-huatulco-l781;53376;Visita Las Siete Bahias De Huatulco En Barco;https://www.getyourguide.com/es-es/santa-maria-huatulco-l781/visita-las-siete-bahias-de-huatulco-en-barco-t53376/
México;merida-l1903;66298;Clase De Cocina En Merida El Sabor De Yucatan;https://www.getyourguide.com/es-es/merida-l1903/clase-de-cocina-en-merida-el-sabor-de-yucatan-t66298/
México;puerto-vallarta-l265;1039069;Kawitu Parque Huichol Aventura Naturaleza Y Cultura En Puerto Vallarta;https://www.getyourguide.com/es-es/puerto-vallarta-l265/kawitu-parque-huichol-aventura-naturaleza-y-cultura-en-puerto-vallarta-t1039069/
México;tijuana-l546;394269;Tijuana Tour Por La Ciudad De La Cerveza Y La Comida;https://www.getyourguide.com/es-es/tijuana-l546/tijuana-tour-por-la-ciudad-de-la-cerveza-y-la-comida-t394269/
México;migrino-l163242;398530;Cabo Excursion Privada De Aventura En Combo Atv Y Camello;https://www.getyourguide.com/es-es/migrino-l163242/cabo-excursion-privada-de-aventura-en-combo-atv-y-camello-t398530/
México;tulum-l248;501495;Desde Tulum Excursion A La Laguna De Sian Ka An Muyil;https://www.getyourguide.com/es-es/tulum-l248/desde-tulum-excursion-a-la-laguna-de-sian-ka-an-muyil-t501495/
México;ciudad-de-guanajuato-l2514;1181145;Cuatrimotos Por La Sierra De Santa Rosa;https://www.getyourguide.com/es-es/ciudad-de-guanajuato-l2514/cuatrimotos-por-la-sierra-de-santa-rosa-t1181145/
México;tulum-l248;1259581;Tulum 1 Hora De Esnorquel Arrecife De Coral Y Vistas A Las Ruinas Desde El Mar;https://www.getyourguide.com/es-es/tulum-l248/tulum-1-hora-de-esnorquel-arrecife-de-coral-y-vistas-a-las-ruinas-desde-el-mar-t1259581/
México;tamasopo-l203869;661052;Dos Lugares Una Aventura Minas Viejas Y Cascadas De Meco;https://www.getyourguide.com/es-es/tamasopo-l203869/dos-lugares-una-aventura-minas-viejas-y-cascadas-de-meco-t661052/
México;puebla-l1471;677690;Desde Puebla Excursion A Cholula;https://www.getyourguide.com/es-es/puebla-l1471/desde-puebla-excursion-a-cholula-t677690/
México;puerto-vallarta-l265;695585;Transporte Privado Van Sprinter 12 Pax A Punta Mita;https://www.getyourguide.com/es-es/puerto-vallarta-l265/transporte-privado-van-sprinter-12-pax-a-punta-mita-t695585/
México;la-paz-mexico-l2930;698824;Isla Espiritu Santo Aventura De Snorkel Con Leones Marinos;https://www.getyourguide.com/es-es/la-paz-mexico-l2930/isla-espiritu-santo-aventura-de-snorkel-con-leones-marinos-t698824/
México;puerto-vallarta-l265;1289307;;https://www.getyourguide.com/es-es/puerto-vallarta-l265/-t1289307/
México;puerto-morelos-l112372;703752;Puerto Morelos Traslado Privado En Furgoneta A Tulum;https://www.getyourguide.com/es-es/puerto-morelos-l112372/puerto-morelos-traslado-privado-en-furgoneta-a-tulum-t703752/
México;akumal-l2807;703957;Akumal Ecoparque Muuch Kay;https://www.getyourguide.com/es-es/akumal-l2807/akumal-ecoparque-muuch-kay-t703957/
México;san-jose-del-cabo-l967;730062;Corredor Traslado Privado Al Aeropuerto Ida Y Vuelta;https://www.getyourguide.com/es-es/san-jose-del-cabo-l967/corredor-traslado-privado-al-aeropuerto-ida-y-vuelta-t730062/
México;palenque-chiapas-l179804;740523;Palenque Excursion De 2 Dias A Yaxchilanbonampaklacanja;https://www.getyourguide.com/es-es/palenque-chiapas-l179804/palenque-excursion-de-2-dias-a-yaxchilanbonampaklacanja-t740523/
México;cancun-l150;772069;Puerto Aventuras Traslados Privados Desdehacia El Aeropuerto De Cancun;https://www.getyourguide.com/es-es/cancun-l150/puerto-aventuras-traslados-privados-desdehacia-el-aeropuerto-de-cancun-t772069/
México;puerto-escondido-l32155;811504;Bioluminiscencia En Puerto Escondido;https://www.getyourguide.com/es-es/puerto-escondido-l32155/bioluminiscencia-en-puerto-escondido-t811504/
México;cancun-l150;843358;Traslado Privado Del Aeropuerto De Cun Al Hyatt Zilara Cancun;https://www.getyourguide.com/es-es/cancun-l150/traslado-privado-del-aeropuerto-de-cun-al-hyatt-zilara-cancun-t843358/
México;san-miguel-de-allende-l2515;280692;San Miguel De Allende Degustacion De Chocolate Y Tour A Pie;https://www.getyourguide.com/es-es/san-miguel-de-allende-l2515/san-miguel-de-allende-degustacion-de-chocolate-y-tour-a-pie-t280692/
México;guadalajara-l677;887265;Desde Cdmx Y Puebla Puro Mexicano 8 Ciudades 10 Dias;https://www.getyourguide.com/es-es/guadalajara-l677/desde-cdmx-y-puebla-puro-mexicano-8-ciudades-10-dias-t887265/
México;aquismon-l199590;414907;Paseo En Canoa A La Cascada De Tamul;https://www.getyourguide.com/es-es/aquismon-l199590/paseo-en-canoa-a-la-cascada-de-tamul-t414907/
México;sayulita-l32371;430389;Surf Shuttle Ida Y Vuelta Sayulita Playa De La Lancha;https://www.getyourguide.com/es-es/sayulita-l32371/surf-shuttle-ida-y-vuelta-sayulita-playa-de-la-lancha-t430389/
México;municipio-oaxaca-de-juarez-l681;1024604;Recorrido En Bicicleta De Montana El Arbol De Tule Por El Campo;https://www.getyourguide.com/es-es/municipio-oaxaca-de-juarez-l681/recorrido-en-bicicleta-de-montana-el-arbol-de-tule-por-el-campo-t1024604/
México;ensenada-l545;483804;Visita Guiada A Un Vinedo Con Cata De Vinos En Rondo Del Valle;https://www.getyourguide.com/es-es/ensenada-l545/visita-guiada-a-un-vinedo-con-cata-de-vinos-en-rondo-del-valle-t483804/
México;bacalar-l95624;532748;Bacalar Tour En Barco Por La Laguna De Los Siete Colores;https://www.getyourguide.com/es-es/bacalar-l95624/bacalar-tour-en-barco-por-la-laguna-de-los-siete-colores-t532748/
México;cancun-l150;1101554;Cancun Ven A Disfrutar De Una Experiencia De Cata De Puros Y Ron Cubanos;https://www.getyourguide.com/es-es/cancun-l150/cancun-ven-a-disfrutar-de-una-experiencia-de-cata-de-puros-y-ron-cubanos-t1101554/
México;ciudad-de-mexico-l194;570032;Ciudad De Mexico Murales En El Museo De San Ildefonso;https://www.getyourguide.com/es-es/ciudad-de-mexico-l194/ciudad-de-mexico-murales-en-el-museo-de-san-ildefonso-t570032/
México;municipio-oaxaca-de-juarez-l681;616903;Oaxaca Excursion A Los Pueblos Mancomunados;https://www.getyourguide.com/es-es/municipio-oaxaca-de-juarez-l681/oaxaca-excursion-a-los-pueblos-mancomunados-t616903/
México;puerto-vallarta-l265;1233916;Sesion De Fotos Privada En Puerto Vallarta;https://www.getyourguide.com/es-es/puerto-vallarta-l265/sesion-de-fotos-privada-en-puerto-vallarta-t1233916/
México;puerto-vallarta-l265;822752;Puerto Vallarta Explora El Rio Cuale En Una Aventura En Buggy;https://www.getyourguide.com/es-es/puerto-vallarta-l265/puerto-vallarta-explora-el-rio-cuale-en-una-aventura-en-buggy-t822752/
México;chignahuapan-l143473;847630;El Dia De Muertos De Chignahuapan Un Tapiz Cultural;https://www.getyourguide.com/es-es/chignahuapan-l143473/el-dia-de-muertos-de-chignahuapan-un-tapiz-cultural-t847630/
México;acapulco-de-juarez-l307;116143;Mercado De Acapulco Clase De Cocina Mexicana Mezcal Y Cafe;https://www.getyourguide.com/es-es/acapulco-de-juarez-l307/mercado-de-acapulco-clase-de-cocina-mexicana-mezcal-y-cafe-t116143/
México;puerto-morelos-l112372;991606;Puerto Morelos Experiencia Gourmet De La Universidad Del Tequila;https://www.getyourguide.com/es-es/puerto-morelos-l112372/puerto-morelos-experiencia-gourmet-de-la-universidad-del-tequila-t991606/
México;cabo-san-lucas-l306;1067335;Arco De Cabo San Lucas Playa Chilenos Avistamiento Lobos Marino Y Jet Sky;https://www.getyourguide.com/es-es/cabo-san-lucas-l306/arco-de-cabo-san-lucas-playa-chilenos-avistamiento-lobos-marino-y-jet-sky-t1067335/
México;ciudad-de-mexico-l194;1074014;La Catrina Y El Muralismo El Legado De Diego Rivera Y Frida Kahlo;https://www.getyourguide.com/es-es/ciudad-de-mexico-l194/la-catrina-y-el-muralismo-el-legado-de-diego-rivera-y-frida-kahlo-t1074014/
México;tulum-l248;1094636;Sian Ka An Avistamiento De Aves Y Medicina Herbal Maya;https://www.getyourguide.com/es-es/tulum-l248/sian-ka-an-avistamiento-de-aves-y-medicina-herbal-maya-t1094636/
México;ciudad-de-mexico-l194;429055;Ciudad De Mexico Entrada Sin Colas Al Templo Mayor;https://www.getyourguide.com/es-es/ciudad-de-mexico-l194/ciudad-de-mexico-entrada-sin-colas-al-templo-mayor-t429055/
México;bacalar-l95624;448344;Bacalar Canal Pirata Excursion De Un Dia A Los Estromatolitos Con Comida;https://www.getyourguide.com/es-es/bacalar-l95624/bacalar-canal-pirata-excursion-de-un-dia-a-los-estromatolitos-con-comida-t448344/
México;tulum-l248;1142356;Snorkel Vip Express En 4 Cenotes Paradisiacos;https://www.getyourguide.com/es-es/tulum-l248/snorkel-vip-express-en-4-cenotes-paradisiacos-t1142356/
México;la-cruz-de-huanacaxtle-l94044;466010;Puerto Vallarta Megayate Privado Limusina Del Mar 1;https://www.getyourguide.com/es-es/la-cruz-de-huanacaxtle-l94044/puerto-vallarta-megayate-privado-limusina-del-mar-1-t466010/
México;cancun-l150;1150693;Cancun Tour Gastronomico Por El Casco Antiguo Con 6 Degustaciones Y Un Plato Secreto;https://www.getyourguide.com/es-es/cancun-l150/cancun-tour-gastronomico-por-el-casco-antiguo-con-6-degustaciones-y-un-plato-secreto-t1150693/
México;ensenada-l545;1157131;Ensenada Tour Por El Puerto Con Recogida;https://www.getyourguide.com/es-es/ensenada-l545/ensenada-tour-por-el-puerto-con-recogida-t1157131/
México;puerto-aventuras-l964;531539;Tulum Lujo Y Elegancia A Bordo;https://www.getyourguide.com/es-es/puerto-aventuras-l964/tulum-lujo-y-elegancia-a-bordo-t531539/
México;playa-del-carmen-l308;602077;Pdc Experiencia De Cocina Tradicional Mexicana;https://www.getyourguide.com/es-es/playa-del-carmen-l308/pdc-experiencia-de-cocina-tradicional-mexicana-t602077/
México;san-jose-del-cabo-l967;1232955;San Jose Del Cabo Taller De Chocolate Mexicano;https://www.getyourguide.com/es-es/san-jose-del-cabo-l967/san-jose-del-cabo-taller-de-chocolate-mexicano-t1232955/
México;ciudad-de-mexico-l194;645002;Xochimilco Mercado Comida Y Naturaleza Todo Incluido Visita;https://www.getyourguide.com/es-es/ciudad-de-mexico-l194/xochimilco-mercado-comida-y-naturaleza-todo-incluido-visita-t645002/
México;puerto-vallarta-l265;708444;Puerto Vallarta Playas Escondidas Y Aventuras En El Mar;https://www.getyourguide.com/es-es/puerto-vallarta-l265/puerto-vallarta-playas-escondidas-y-aventuras-en-el-mar-t708444/
México;cancun-l150;732684;Cancun Sup Yoga Y Meditacion Sobre El Mar Caribe;https://www.getyourguide.com/es-es/cancun-l150/cancun-sup-yoga-y-meditacion-sobre-el-mar-caribe-t732684/
México;puerto-vallarta-l265;747659;Puerto Vallarta Paseos A Caballo Comida Y Bebidas Ilimitadas;https://www.getyourguide.com/es-es/puerto-vallarta-l265/puerto-vallarta-paseos-a-caballo-comida-y-bebidas-ilimitadas-t747659/
México;playa-del-carmen-l308;1291436;Rio Secreto Entrada A La Reserva Natural Y Mundo Subterraneo Unico;https://www.getyourguide.com/es-es/playa-del-carmen-l308/rio-secreto-entrada-a-la-reserva-natural-y-mundo-subterraneo-unico-t1291436/
México;cancun-l150;839996;Traslado Privado Del Aeropuerto De Cun Al Club Med Cancun;https://www.getyourguide.com/es-es/cancun-l150/traslado-privado-del-aeropuerto-de-cun-al-club-med-cancun-t839996/
México;cancun-l150;848074;Traslado Privado Del Aeropuerto De Cun Al Grand Fiesta Americana;https://www.getyourguide.com/es-es/cancun-l150/traslado-privado-del-aeropuerto-de-cun-al-grand-fiesta-americana-t848074/
México;san-miguel-de-allende-l2515;267492;Desde San Miguel De Allende Tour De La Ciudad De Guanajuato;https://www.getyourguide.com/es-es/san-miguel-de-allende-l2515/desde-san-miguel-de-allende-tour-de-la-ciudad-de-guanajuato-t267492/
México;puerto-vallarta-l265;322613;Puerto Vallarta Excursion En Quad Con Ciclismo;https://www.getyourguide.com/es-es/puerto-vallarta-l265/puerto-vallarta-excursion-en-quad-con-ciclismo-t322613/
México;guadalajara-l677;328811;Desde Guadalajara Experiencia Opalo Magdalena;https://www.getyourguide.com/es-es/guadalajara-l677/desde-guadalajara-experiencia-opalo-magdalena-t328811/
México;ciudad-de-mexico-l194;943701;Coyoacan Tour Del Cine Las Artes Y La Cultura Coyoacanense;https://www.getyourguide.com/es-es/ciudad-de-mexico-l194/coyoacan-tour-del-cine-las-artes-y-la-cultura-coyoacanense-t943701/
México;valladolid-mexico-l101556;947708;Chichen Itza Plus Tour Completo Con Bebidas Gratis;https://www.getyourguide.com/es-es/valladolid-mexico-l101556/chichen-itza-plus-tour-completo-con-bebidas-gratis-t947708/
México;puebla-l1471;952951;Puebla El Unico Tour De Bares En Puebla;https://www.getyourguide.com/es-es/puebla-l1471/puebla-el-unico-tour-de-bares-en-puebla-t952951/
México;ciudad-de-mexico-l194;958536;Cdmx Visita Guiada A Las Piramides De Teotihuacan Y Al Santuario De Guadalupe;https://www.getyourguide.com/es-es/ciudad-de-mexico-l194/cdmx-visita-guiada-a-las-piramides-de-teotihuacan-y-al-santuario-de-guadalupe-t958536/
México;ciudad-de-mexico-l194;465534;Mexico Off The Beaten Track Comida Y Bicicletas;https://www.getyourguide.com/es-es/ciudad-de-mexico-l194/mexico-off-the-beaten-track-comida-y-bicicletas-t465534/
México;merida-l1903;533539;Desde Merida Excursion A La Playa;https://www.getyourguide.com/es-es/merida-l1903/desde-merida-excursion-a-la-playa-t533539/
México;ciudad-de-mexico-l194;568301;Ciudad De Mexico Tour A Pie Historico De Tenochtitlan;https://www.getyourguide.com/es-es/ciudad-de-mexico-l194/ciudad-de-mexico-tour-a-pie-historico-de-tenochtitlan-t568301/
México;municipio-oaxaca-de-juarez-l681;572688;Oaxaca Lanzadera A Puerto Escondido;https://www.getyourguide.com/es-es/municipio-oaxaca-de-juarez-l681/oaxaca-lanzadera-a-puerto-escondido-t572688/
México;ciudad-de-mexico-l194;1118809;Ticket De Entrada Al Museo Frida Kahlo Folleto Guia Digital;https://www.getyourguide.com/es-es/ciudad-de-mexico-l194/ticket-de-entrada-al-museo-frida-kahlo-folleto-guia-digital-t1118809/
México;tulum-l248;1134435;Tulum Tour Guiado En Bici Por El Parque Nacional De Tulum;https://www.getyourguide.com/es-es/tulum-l248/tulum-tour-guiado-en-bici-por-el-parque-nacional-de-tulum-t1134435/
México;puerto-vallarta-l265;1147006;Visita A Un Taller De Joyeria En Puerto Vallarta;https://www.getyourguide.com/es-es/puerto-vallarta-l265/visita-a-un-taller-de-joyeria-en-puerto-vallarta-t1147006/
México;ciudad-de-mexico-l194;1152953;Ciudad De Mexico En Teleferico Autentica Experiencia En Un Barrio Y Vistas;https://www.getyourguide.com/es-es/ciudad-de-mexico-l194/ciudad-de-mexico-en-teleferico-autentica-experiencia-en-un-barrio-y-vistas-t1152953/
México;tulum-l248;672757;Tulum Tour De Medio Dia En Quad Por La Jungla;https://www.getyourguide.com/es-es/tulum-l248/tulum-tour-de-medio-dia-en-quad-por-la-jungla-t672757/
México;tulum-l248;675309;Tulum Clase En Grupo De Salsabachata;https://www.getyourguide.com/es-es/tulum-l248/tulum-clase-en-grupo-de-salsabachata-t675309/
México;ciudad-de-mexico-l194;1193083;Ciudad De Mexico Cata De Vino Mexicano Con Maridaje;https://www.getyourguide.com/es-es/ciudad-de-mexico-l194/ciudad-de-mexico-cata-de-vino-mexicano-con-maridaje-t1193083/
México;playa-del-carmen-l308;678838;Cancun Excursion Matinal De Buceo Musa Diving Para Buceadores Certificados;https://www.getyourguide.com/es-es/playa-del-carmen-l308/cancun-excursion-matinal-de-buceo-musa-diving-para-buceadores-certificados-t678838/
México;ciudad-de-mexico-l194;846542;Tour Privado Del Dia De Los Muertos En Mixquic;https://www.getyourguide.com/es-es/ciudad-de-mexico-l194/tour-privado-del-dia-de-los-muertos-en-mixquic-t846542/
México;ciudad-de-mexico-l194;1322730;Xochimilco Tour En Kayak Al Amanecer Y Castillo Blanco Con Desayuno;https://www.getyourguide.com/es-es/ciudad-de-mexico-l194/xochimilco-tour-en-kayak-al-amanecer-y-castillo-blanco-con-desayuno-t1322730/
México;cancun-l150;870431;Transporte Privado Del Aeropuerto Cun Al Jw Marriot Cancun;https://www.getyourguide.com/es-es/cancun-l150/transporte-privado-del-aeropuerto-cun-al-jw-marriot-cancun-t870431/
México;tulum-l248;880380;Buceo En Cenotes Mayas El Acuifero Mas Grande Del Mundo;https://www.getyourguide.com/es-es/tulum-l248/buceo-en-cenotes-mayas-el-acuifero-mas-grande-del-mundo-t880380/
México;ciudad-de-mexico-l194;931663;Desde Cdmx Tour En Grupo Reducido A Las Cuevas De Tolantongo;https://www.getyourguide.com/es-es/ciudad-de-mexico-l194/desde-cdmx-tour-en-grupo-reducido-a-las-cuevas-de-tolantongo-t931663/
México;ciudad-de-mexico-l194;945565;Ciudad De Mexico Tour De Degustacion De Tacos Veganos Y Mezcal;https://www.getyourguide.com/es-es/ciudad-de-mexico-l194/ciudad-de-mexico-tour-de-degustacion-de-tacos-veganos-y-mezcal-t945565/
México;bacalar-l95624;1004162;Bacalar Dia De Spa Para Parejas;https://www.getyourguide.com/es-es/bacalar-l95624/bacalar-dia-de-spa-para-parejas-t1004162/
México;municipio-oaxaca-de-juarez-l681;388321;Oaxaca Monte Alban Y El Arte De Oaxaca;https://www.getyourguide.com/es-es/municipio-oaxaca-de-juarez-l681/oaxaca-monte-alban-y-el-arte-de-oaxaca-t388321/
México;municipio-oaxaca-de-juarez-l681;1084743;Oaxaca Tour Guiado De Aventura A Caballo Por El Campo;https://www.getyourguide.com/es-es/municipio-oaxaca-de-juarez-l681/oaxaca-tour-guiado-de-aventura-a-caballo-por-el-campo-t1084743/
México;cancun-l150;1128674;Puerto Morelos Aventura En Atv O Buggy Con Cenotes;https://www.getyourguide.com/es-es/cancun-l150/puerto-morelos-aventura-en-atv-o-buggy-con-cenotes-t1128674/
México;cabo-san-lucas-l306;526846;Cabo San Lucas Aventura A Caballo Por La Arena Blanca;https://www.getyourguide.com/es-es/cabo-san-lucas-l306/cabo-san-lucas-aventura-a-caballo-por-la-arena-blanca-t526846/
México;playa-del-carmen-l308;539408;Expedicion De Naturaleza De Dia Completo A Isla Contoy E Isla Mujeres;https://www.getyourguide.com/es-es/playa-del-carmen-l308/expedicion-de-naturaleza-de-dia-completo-a-isla-contoy-e-isla-mujeres-t539408/
México;monterrey-l679;1201217;Monterrey Senderismo En El Cerro De Las Mitras Con Miradores Naturales;https://www.getyourguide.com/es-es/monterrey-l679/monterrey-senderismo-en-el-cerro-de-las-mitras-con-miradores-naturales-t1201217/
México;izamal-l103674;1216143;Desde Merida Izamal Tour En Atv Tour 2 Cenotes Sotuta;https://www.getyourguide.com/es-es/izamal-l103674/desde-merida-izamal-tour-en-atv-tour-2-cenotes-sotuta-t1216143/
México;mahahual-l168421;620293;Tour Privado De Snorkel En La Laguna De Arrecife;https://www.getyourguide.com/es-es/mahahual-l168421/tour-privado-de-snorkel-en-la-laguna-de-arrecife-t620293/
México;san-miguel-de-cozumel-l141611;1305693;Cozumel Tour Por La Isla En Buggy De Alquiler Para Un Grupo De Hasta 5 Personas;https://www.getyourguide.com/es-es/san-miguel-de-cozumel-l141611/cozumel-tour-por-la-isla-en-buggy-de-alquiler-para-un-grupo-de-hasta-5-personas-t1305693/
México;cabo-san-lucas-l306;722003;Cabo San Lucas Crucero De Snorkel Y Vela Con Almuerzo;https://www.getyourguide.com/es-es/cabo-san-lucas-l306/cabo-san-lucas-crucero-de-snorkel-y-vela-con-almuerzo-t722003/
México;cabo-san-lucas-l306;13201;Todos Santos Tour Fotografico De La Ciudad Magica;https://www.getyourguide.com/es-es/cabo-san-lucas-l306/todos-santos-tour-fotografico-de-la-ciudad-magica-t13201/
México;bacalar-l95624;788427;Desde Caye Caulker Traslado Compartido De Ida A Bacalar;https://www.getyourguide.com/es-es/bacalar-l95624/desde-caye-caulker-traslado-compartido-de-ida-a-bacalar-t788427/
México;acapulco-de-juarez-l307;73654;Acapulco Tour De 4 Horas Por Lo Mejor De La Ciudad De Acapulco;https://www.getyourguide.com/es-es/acapulco-de-juarez-l307/acapulco-tour-de-4-horas-por-lo-mejor-de-la-ciudad-de-acapulco-t73654/
México;cabo-san-lucas-l306;828323;Los Cabos Tour De Degustacion De Tequila Y El Arco Playa Chileno;https://www.getyourguide.com/es-es/cabo-san-lucas-l306/los-cabos-tour-de-degustacion-de-tequila-y-el-arco-playa-chileno-t828323/
México;mazatlan-l808;327916;Desde Mazatlan Atv Y Paseos A Caballo Con Cata De Tequila;https://www.getyourguide.com/es-es/mazatlan-l808/desde-mazatlan-atv-y-paseos-a-caballo-con-cata-de-tequila-t327916/
México;sayulita-l32371;883494;Puerto Vallarta Tour En Megacatamaran Con Todo Incluido;https://www.getyourguide.com/es-es/sayulita-l32371/puerto-vallarta-tour-en-megacatamaran-con-todo-incluido-t883494/
México;puerto-vallarta-l265;415673;Desde Puerto Vallarta Excursion De Snorkel A Las Islas Marietas;https://www.getyourguide.com/es-es/puerto-vallarta-l265/desde-puerto-vallarta-excursion-de-snorkel-a-las-islas-marietas-t415673/
México;cancun-l150;432090;Desde Cancun Tour De Un Dia En Barco Por La Playa Y Esnorquel En Isla Mujeres;https://www.getyourguide.com/es-es/cancun-l150/desde-cancun-tour-de-un-dia-en-barco-por-la-playa-y-esnorquel-en-isla-mujeres-t432090/
México;santa-maria-huatulco-l781;943590;Huatulco Crea Tu Propio Alebrije Y Explicacion De La Pintura;https://www.getyourguide.com/es-es/santa-maria-huatulco-l781/huatulco-crea-tu-propio-alebrije-y-explicacion-de-la-pintura-t943590/
México;campeche-l2516;460714;Desde Campeche Excursion A Los Cenotes De Miguel Colorado;https://www.getyourguide.com/es-es/campeche-l2516/desde-campeche-excursion-a-los-cenotes-de-miguel-colorado-t460714/
México;municipio-oaxaca-de-juarez-l681;500992;Oaxaca Tour De Dia Completo Guiado Por La Ruta De Monte Alban;https://www.getyourguide.com/es-es/municipio-oaxaca-de-juarez-l681/oaxaca-tour-de-dia-completo-guiado-por-la-ruta-de-monte-alban-t500992/
México;tulum-l248;522888;Tour Privado Ruinas De Tulum Flotada En Canales Naturales Y Tacos;https://www.getyourguide.com/es-es/tulum-l248/tour-privado-ruinas-de-tulum-flotada-en-canales-naturales-y-tacos-t522888/
México;uxmal-l114187;1060265;Uxmal Clase De Cocina Maya Tradicional Con Paseo En Tuk Tuk;https://www.getyourguide.com/es-es/uxmal-l114187/uxmal-clase-de-cocina-maya-tradicional-con-paseo-en-tuk-tuk-t1060265/
México;puerto-vallarta-l265;1094968;Puerto Vallarta Tour Guiado Por El Santuario De Mariposas;https://www.getyourguide.com/es-es/puerto-vallarta-l265/puerto-vallarta-tour-guiado-por-el-santuario-de-mariposas-t1094968/
México;tulum-l248;1102791;Tulum Degustacion De Mezcal Y Cena De 5 Platos;https://www.getyourguide.com/es-es/tulum-l248/tulum-degustacion-de-mezcal-y-cena-de-5-platos-t1102791/
México;bacalar-l95624;625230;Explora La Laguna De Bacalar En Kayak Renta De Dia Completo;https://www.getyourguide.com/es-es/bacalar-l95624/explora-la-laguna-de-bacalar-en-kayak-renta-de-dia-completo-t625230/
México;ensenada-l545;628992;Ensenada El Singular Tour Privado De La Bufadora;https://www.getyourguide.com/es-es/ensenada-l545/ensenada-el-singular-tour-privado-de-la-bufadora-t628992/
México;valle-de-bravo-l95795;655714;Valle De Bravo Experiencia De Alquiler De Yates De 26 Pies;https://www.getyourguide.com/es-es/valle-de-bravo-l95795/valle-de-bravo-experiencia-de-alquiler-de-yates-de-26-pies-t655714/
México;cabo-san-lucas-l306;656098;Cabo Fiesta Dj Al Atardecer Espectaculo Mexicano Y Tacos;https://www.getyourguide.com/es-es/cabo-san-lucas-l306/cabo-fiesta-dj-al-atardecer-espectaculo-mexicano-y-tacos-t656098/
México;ciudad-de-mexico-l194;662954;Tour De Ciudad En Ciudad De Mexico;https://www.getyourguide.com/es-es/ciudad-de-mexico-l194/tour-de-ciudad-en-ciudad-de-mexico-t662954/
México;puerto-vallarta-l265;682600;Titulo Puerto Vallarta Aventura En Las Islas Marietas;https://www.getyourguide.com/es-es/puerto-vallarta-l265/titulo-puerto-vallarta-aventura-en-las-islas-marietas-t682600/
México;san-cristobal-de-las-casas-l2166;691699;Tuxtla Maravillas De Chiapas 8 Dias;https://www.getyourguide.com/es-es/san-cristobal-de-las-casas-l2166/tuxtla-maravillas-de-chiapas-8-dias-t691699/
México;tulum-l248;703714;Tulum Traslado Privado En Furgoneta A Puerto Morelos;https://www.getyourguide.com/es-es/tulum-l248/tulum-traslado-privado-en-furgoneta-a-puerto-morelos-t703714/
México;municipio-de-morelia-l103020;709701;Excursion Especial Al Crater Del Volcan Paricutin;https://www.getyourguide.com/es-es/municipio-de-morelia-l103020/excursion-especial-al-crater-del-volcan-paricutin-t709701/
México;ciudad-de-mexico-l194;728431;Basilica De Guadalupe Tour Completo A Pie;https://www.getyourguide.com/es-es/ciudad-de-mexico-l194/basilica-de-guadalupe-tour-completo-a-pie-t728431/
México;puebla-l1471;737654;Santuario De Las Luciernagas Temporada De Verano;https://www.getyourguide.com/es-es/puebla-l1471/santuario-de-las-luciernagas-temporada-de-verano-t737654/
México;cancun-l150;881944;Transporte Privado Garza Blanca Resort Spa Al Aeropuerto Cun;https://www.getyourguide.com/es-es/cancun-l150/transporte-privado-garza-blanca-resort-spa-al-aeropuerto-cun-t881944/
México;veracruz-l683;928138;Desde Veracruz Tour Orizaba Y Cordoba;https://www.getyourguide.com/es-es/veracruz-l683/desde-veracruz-tour-orizaba-y-cordoba-t928138/
México;monterrey-l679;8165;Tour De La Ciudad De Monterrey;https://www.getyourguide.com/es-es/monterrey-l679/tour-de-la-ciudad-de-monterrey-t8165/
México;ciudad-de-mexico-l194;1065293;Cdmx Tour Privado Por Xochimilco Coyoacan Y Museo De Frida;https://www.getyourguide.com/es-es/ciudad-de-mexico-l194/cdmx-tour-privado-por-xochimilco-coyoacan-y-museo-de-frida-t1065293/
México;ciudad-de-mexico-l194;277617;Ciudad De Mexico Tour Privado Cuevas De Cacahuamilpa Y Taxco;https://www.getyourguide.com/es-es/ciudad-de-mexico-l194/ciudad-de-mexico-tour-privado-cuevas-de-cacahuamilpa-y-taxco-t277617/
México;puebla-l1471;291825;Desde Puebla Malinche Montana Senderismo Tour Privado;https://www.getyourguide.com/es-es/puebla-l1471/desde-puebla-malinche-montana-senderismo-tour-privado-t291825/
México;ciudad-de-mexico-l194;1087403;Ciudad De Mexico Alquiler De Cesta De Picnic Con Opcion De Comida;https://www.getyourguide.com/es-es/ciudad-de-mexico-l194/ciudad-de-mexico-alquiler-de-cesta-de-picnic-con-opcion-de-comida-t1087403/
México;puerto-vallarta-l265;1132689;Puerto Vallarta Tirolina Nocturna Cena Y Espectaculo Con Recogida;https://www.getyourguide.com/es-es/puerto-vallarta-l265/puerto-vallarta-tirolina-nocturna-cena-y-espectaculo-con-recogida-t1132689/
México;playa-del-carmen-l308;1151477;Playa Del Carmen Tour Gastronomico De 7 Degustaciones Por Los Mercados;https://www.getyourguide.com/es-es/playa-del-carmen-l308/playa-del-carmen-tour-gastronomico-de-7-degustaciones-por-los-mercados-t1151477/
México;ciudad-de-mexico-l194;1156942;Ciudad De Mexico Tour Por Una Destileria Lucha Libre Y Tacos;https://www.getyourguide.com/es-es/ciudad-de-mexico-l194/ciudad-de-mexico-tour-por-una-destileria-lucha-libre-y-tacos-t1156942/
México;ciudad-de-mexico-l194;1174670;Ciudad De Mexico Tour Gastronomico Por Coyoacan Con Mas De 12 Degustaciones;https://www.getyourguide.com/es-es/ciudad-de-mexico-l194/ciudad-de-mexico-tour-gastronomico-por-coyoacan-con-mas-de-12-degustaciones-t1174670/
México;puebla-l1471;483439;Entrada Al Acuario Michin Puebla;https://www.getyourguide.com/es-es/puebla-l1471/entrada-al-acuario-michin-puebla-t483439/
México;guadalajara-l677;537366;Vamos A Las Luchas;https://www.getyourguide.com/es-es/guadalajara-l677/vamos-a-las-luchas-t537366/
México;muinicipio-de-tequila-l777;592287;Fabrica De Cinco Estrellas Conoce El Tequila Orendain;https://www.getyourguide.com/es-es/muinicipio-de-tequila-l777/fabrica-de-cinco-estrellas-conoce-el-tequila-orendain-t592287/
México;ciudad-de-mexico-l194;1254584;Ciudad De Mexico Entrada Para La Experiencia En El Restaurante Giratorio Bellini;https://www.getyourguide.com/es-es/ciudad-de-mexico-l194/ciudad-de-mexico-entrada-para-la-experiencia-en-el-restaurante-giratorio-bellini-t1254584/
México;cabo-san-lucas-l306;657325;Excursion A La Playa Y Al Desierto 3 En 1 En Cabo By Cactus Tours;https://www.getyourguide.com/es-es/cabo-san-lucas-l306/excursion-a-la-playa-y-al-desierto-3-en-1-en-cabo-by-cactus-tours-t657325/
México;san-jose-del-cabo-l967;694885;Aeropuerto De Los Cabos Traslado Al Corredor Turistico;https://www.getyourguide.com/es-es/san-jose-del-cabo-l967/aeropuerto-de-los-cabos-traslado-al-corredor-turistico-t694885/
México;municipio-oaxaca-de-juarez-l681;720827;Oaxaca Tour Leyendas Mezcalbus;https://www.getyourguide.com/es-es/municipio-oaxaca-de-juarez-l681/oaxaca-tour-leyendas-mezcalbus-t720827/
México;san-cristobal-de-las-casas-l2166;726952;San Cristobal Excursion Al Canon Del Sumidero Y Restaurante Botanero;https://www.getyourguide.com/es-es/san-cristobal-de-las-casas-l2166/san-cristobal-excursion-al-canon-del-sumidero-y-restaurante-botanero-t726952/
México;san-jose-del-cabo-l967;739460;Los Cabos Aeropuerto Internacional A Zona Diamante;https://www.getyourguide.com/es-es/san-jose-del-cabo-l967/los-cabos-aeropuerto-internacional-a-zona-diamante-t739460/
México;puerto-vallarta-l265;742834;Playa Del Amor Increible Excursion A Una Playa Escondida;https://www.getyourguide.com/es-es/puerto-vallarta-l265/playa-del-amor-increible-excursion-a-una-playa-escondida-t742834/
México;cabo-san-lucas-l306;793152;Los Cabos Crucero Al Atardecer Con Barra Libre De Sabores Mexicanos;https://www.getyourguide.com/es-es/cabo-san-lucas-l306/los-cabos-crucero-al-atardecer-con-barra-libre-de-sabores-mexicanos-t793152/
México;puerto-vallarta-l265;835976;Puerto Vallarta Excursion En Quad Al Impresionante Puente Jorullo;https://www.getyourguide.com/es-es/puerto-vallarta-l265/puerto-vallarta-excursion-en-quad-al-impresionante-puente-jorullo-t835976/
México;ensenada-l545;204901;Tour De Cata De Vinos Del Valle De Guadalupe;https://www.getyourguide.com/es-es/ensenada-l545/tour-de-cata-de-vinos-del-valle-de-guadalupe-t204901/
México;bacalar-l95624;418502;Bacalar Excursion En Paddleboard Al Amanecer Con Picnic Flotante;https://www.getyourguide.com/es-es/bacalar-l95624/bacalar-excursion-en-paddleboard-al-amanecer-con-picnic-flotante-t418502/
México;san-jose-del-cabo-l967;1001284;San Jose Del Cabo Pesca Privada;https://www.getyourguide.com/es-es/san-jose-del-cabo-l967/san-jose-del-cabo-pesca-privada-t1001284/
México;palenque-chiapas-l179804;515401;Las Zonas Arqueologicas De Yaxchilan Y Bonampak;https://www.getyourguide.com/es-es/palenque-chiapas-l179804/las-zonas-arqueologicas-de-yaxchilan-y-bonampak-t515401/
México;municipio-tuxtla-gutierrez-l2527;517179;Tuxtla Gutierrez Excursion Al Chiflon Y Lagos De Montebello;https://www.getyourguide.com/es-es/municipio-tuxtla-gutierrez-l2527/tuxtla-gutierrez-excursion-al-chiflon-y-lagos-de-montebello-t517179/
México;puebla-l1471;1039708;Puebla Tour A Pie Introductorio Con Helado;https://www.getyourguide.com/es-es/puebla-l1471/puebla-tour-a-pie-introductorio-con-helado-t1039708/
México;santa-maria-huatulco-l781;537077;Huatulco Santuario Unico De Tortugas Y Experiencia Al Atardecer;https://www.getyourguide.com/es-es/santa-maria-huatulco-l781/huatulco-santuario-unico-de-tortugas-y-experiencia-al-atardecer-t537077/
México;playa-del-carmen-l308;626409;Deluxe Tulum Coba Y 5A Avenida Desde Cancun;https://www.getyourguide.com/es-es/playa-del-carmen-l308/deluxe-tulum-coba-y-5a-avenida-desde-cancun-t626409/
México;el-cedral-l194729;654399;Cozumel Retiro De 4 Dias De Yoga Respiracion Y Bano De Hielo;https://www.getyourguide.com/es-es/el-cedral-l194729/cozumel-retiro-de-4-dias-de-yoga-respiracion-y-bano-de-hielo-t654399/
México;municipio-tuxtla-gutierrez-l2527;691919;Aeropuerto De Tuxtla Gutierrez Traslado A Tapachula;https://www.getyourguide.com/es-es/municipio-tuxtla-gutierrez-l2527/aeropuerto-de-tuxtla-gutierrez-traslado-a-tapachula-t691919/
México;san-jose-del-cabo-l967;694875;Aeropuerto De Los Cabos Traslado A La Zona Hotelera De Cabo San Lucas;https://www.getyourguide.com/es-es/san-jose-del-cabo-l967/aeropuerto-de-los-cabos-traslado-a-la-zona-hotelera-de-cabo-san-lucas-t694875/
México;cabo-san-lucas-l306;713766;Tour Arco De Los Cabos Y Playa De Los Amantes Tour De Snorkel;https://www.getyourguide.com/es-es/cabo-san-lucas-l306/tour-arco-de-los-cabos-y-playa-de-los-amantes-tour-de-snorkel-t713766/
México;ciudad-de-mexico-l194;750459;Ciudad De Mexico Tour De Tacos En El Zocalo A Cargo Del Chef Torres Galardonado Con Una Estrella Michelin;https://www.getyourguide.com/es-es/ciudad-de-mexico-l194/ciudad-de-mexico-tour-de-tacos-en-el-zocalo-a-cargo-del-chef-torres-galardonado-con-una-estrella-michelin-t750459/
México;santa-maria-huatulco-l781;774589;Desde Huatulco Tour En Zona Arqueologica De Copalita;https://www.getyourguide.com/es-es/santa-maria-huatulco-l781/desde-huatulco-tour-en-zona-arqueologica-de-copalita-t774589/
México;cancun-l150;1256488;Desde Cancun Tour Al Cenote Mariposa Y Nado Con Tortugas En Akumal;https://www.getyourguide.com/es-es/cancun-l150/desde-cancun-tour-al-cenote-mariposa-y-nado-con-tortugas-en-akumal-t1256488/
México;monterrey-l679;1280089;Aventura 4X4 A Las Adjuntas Con Cruce De Rio Y Brechas 3 Horas;https://www.getyourguide.com/es-es/monterrey-l679/aventura-4x4-a-las-adjuntas-con-cruce-de-rio-y-brechas-3-horas-t1280089/
México;ciudad-de-mexico-l194;858742;Tour Privado De Dia Completo Desde La Ciudad De Mexico A Coyoacan;https://www.getyourguide.com/es-es/ciudad-de-mexico-l194/tour-privado-de-dia-completo-desde-la-ciudad-de-mexico-a-coyoacan-t858742/
México;playa-del-carmen-l308;945904;Playa Del Carmen Sesion Fotografica Privada Con Un Profesional;https://www.getyourguide.com/es-es/playa-del-carmen-l308/playa-del-carmen-sesion-fotografica-privada-con-un-profesional-t945904/
México;ciudad-de-mexico-l194;1078083;Cdmx Tour Mujeres Muralistas Trazos Que Resisten;https://www.getyourguide.com/es-es/ciudad-de-mexico-l194/cdmx-tour-mujeres-muralistas-trazos-que-resisten-t1078083/
México;santa-maria-huatulco-l781;1081820;Miradores Y Snorkel En Playa La Entrega;https://www.getyourguide.com/es-es/santa-maria-huatulco-l781/miradores-y-snorkel-en-playa-la-entrega-t1081820/
México;ciudad-de-mexico-l194;434356;Ciudad De Mexico Visita Nocturna En Autobus De Dos Pisos;https://www.getyourguide.com/es-es/ciudad-de-mexico-l194/ciudad-de-mexico-visita-nocturna-en-autobus-de-dos-pisos-t434356/
México;san-jose-del-cabo-l967;436600;San Jose Del Cabodegustacion De Tacos Y Tostadas Alma De Mexico;https://www.getyourguide.com/es-es/san-jose-del-cabo-l967/san-jose-del-cabodegustacion-de-tacos-y-tostadas-alma-de-mexico-t436600/
México;santa-maria-huatulco-l781;1114680;Tour De Bahias En Huatulco Cultura Historias Y Snorkel En Playa La India;https://www.getyourguide.com/es-es/santa-maria-huatulco-l781/tour-de-bahias-en-huatulco-cultura-historias-y-snorkel-en-playa-la-india-t1114680/
México;municipio-de-morelia-l103020;455331;Excursion Al Volcan Paricutin;https://www.getyourguide.com/es-es/municipio-de-morelia-l103020/excursion-al-volcan-paricutin-t455331/
México;mazatlan-l808;458058;Mazatlan City Tour En Autobus La Gua Gua;https://www.getyourguide.com/es-es/mazatlan-l808/mazatlan-city-tour-en-autobus-la-gua-gua-t458058/
México;guadalajara-l677;1144387;Tour A Tequila Desde Guadalajara Recorrido Sobre Barril En Tequila;https://www.getyourguide.com/es-es/guadalajara-l677/tour-a-tequila-desde-guadalajara-recorrido-sobre-barril-en-tequila-t1144387/
México;municipio-oaxaca-de-juarez-l681;494671;Excursion 4 En 1 Mazunte Fabrica De Cacao Y Desoveliberacion De Tortugas;https://www.getyourguide.com/es-es/municipio-oaxaca-de-juarez-l681/excursion-4-en-1-mazunte-fabrica-de-cacao-y-desoveliberacion-de-tortugas-t494671/
México;ciudad-de-mexico-l194;1154385;Cdmx Tour Por La Ciudad De Frida Kahlo Con Opcion A Su Museo Y Xochimilco;https://www.getyourguide.com/es-es/ciudad-de-mexico-l194/cdmx-tour-por-la-ciudad-de-frida-kahlo-con-opcion-a-su-museo-y-xochimilco-t1154385/
México;puerto-vallarta-l265;545581;Puerto Vallarta Espectaculo Mayahuel Y Degustacion De Tequila;https://www.getyourguide.com/es-es/puerto-vallarta-l265/puerto-vallarta-espectaculo-mayahuel-y-degustacion-de-tequila-t545581/
México;ciudad-de-mexico-l194;1188117;Museo Nacional De Antropologia Con Guia Certificado;https://www.getyourguide.com/es-es/ciudad-de-mexico-l194/museo-nacional-de-antropologia-con-guia-certificado-t1188117/
México;puerto-vallarta-l265;615256;Canopy Zipline En Puerto Vallarta Las Mejores Tirolinas De Pv;https://www.getyourguide.com/es-es/puerto-vallarta-l265/canopy-zipline-en-puerto-vallarta-las-mejores-tirolinas-de-pv-t615256/
México;puebla-l1471;677764;Puebla Tour De Cantinas;https://www.getyourguide.com/es-es/puebla-l1471/puebla-tour-de-cantinas-t677764/
México;cancun-l150;753090;Cancun Buceadores Por Primera Vez Cancun;https://www.getyourguide.com/es-es/cancun-l150/cancun-buceadores-por-primera-vez-cancun-t753090/
México;playa-del-carmen-l308;767361;Playa Del Carmen Traslado Compartido De Ida A Chiquila;https://www.getyourguide.com/es-es/playa-del-carmen-l308/playa-del-carmen-traslado-compartido-de-ida-a-chiquila-t767361/
México;cancun-l150;2885;Servicio Concierge De Coche Privado De Lujo 1 2 Cancun Solo Ida;https://www.getyourguide.com/es-es/cancun-l150/servicio-concierge-de-coche-privado-de-lujo-1-2-cancun-solo-ida-t2885/
México;sayulita-l32371;842369;Snorkel A Playa Del Toro Saliendo De Sayulita Dia De Playa;https://www.getyourguide.com/es-es/sayulita-l32371/snorkel-a-playa-del-toro-saliendo-de-sayulita-dia-de-playa-t842369/
México;cancun-l150;857537;Transporte Privado Del Jw Marriot Cancun Al Aeropuerto Cun;https://www.getyourguide.com/es-es/cancun-l150/transporte-privado-del-jw-marriot-cancun-al-aeropuerto-cun-t857537/
México;cancun-l150;875690;Traslado Privado Intercontinental Presidente A Aeropuerto Cun;https://www.getyourguide.com/es-es/cancun-l150/traslado-privado-intercontinental-presidente-a-aeropuerto-cun-t875690/
México;merida-l1903;928244;Desde Merida Celestun Flamingos Y Playa;https://www.getyourguide.com/es-es/merida-l1903/desde-merida-celestun-flamingos-y-playa-t928244/
México;puerto-vallarta-l265;970375;Puerto Vallarta Navegacion Semiprivada Para Grupos Pequenos;https://www.getyourguide.com/es-es/puerto-vallarta-l265/puerto-vallarta-navegacion-semiprivada-para-grupos-pequenos-t970375/
México;puerto-morelos-l112372;399503;Riviera Maya Paseo A Caballo Tirolina Y Aventura En Quad;https://www.getyourguide.com/es-es/puerto-morelos-l112372/riviera-maya-paseo-a-caballo-tirolina-y-aventura-en-quad-t399503/
México;teuchitlan-l92834;417249;Guadalajara Recorrido En Camioneta Por La Zona Arqueologica De Guachimontones;https://www.getyourguide.com/es-es/teuchitlan-l92834/guadalajara-recorrido-en-camioneta-por-la-zona-arqueologica-de-guachimontones-t417249/
México;merida-l1903;1046720;Merida Sabores Despues Del Anochecer Un Tour De Aperitivos Y Bebidas Locales;https://www.getyourguide.com/es-es/merida-l1903/merida-sabores-despues-del-anochecer-un-tour-de-aperitivos-y-bebidas-locales-t1046720/
México;cancun-l150;1049228;Clase De Barbacoa De Marisco En La Playa De Cancun En Una Kombi;https://www.getyourguide.com/es-es/cancun-l150/clase-de-barbacoa-de-marisco-en-la-playa-de-cancun-en-una-kombi-t1049228/
México;monterrey-l679;1136891;Desde Monterrey Vive El Fuego De Las Luminarias En La Candelilla;https://www.getyourguide.com/es-es/monterrey-l679/desde-monterrey-vive-el-fuego-de-las-luminarias-en-la-candelilla-t1136891/
México;municipio-oaxaca-de-juarez-l681;618869;Oaxaca Y Sus Colores Tour De La Ciudad A Pie;https://www.getyourguide.com/es-es/municipio-oaxaca-de-juarez-l681/oaxaca-y-sus-colores-tour-de-la-ciudad-a-pie-t618869/
México;santiago-nuevo-leon-l149358;1230056;A Solo 40 Minutos De Monterreynl Ibo Combo Escapada Aventurera;https://www.getyourguide.com/es-es/santiago-nuevo-leon-l149358/a-solo-40-minutos-de-monterreynl-ibo-combo-escapada-aventurera-t1230056/
México;municipio-de-zapopan-l138373;675508;Pareja Constelacion Tonificada;https://www.getyourguide.com/es-es/municipio-de-zapopan-l138373/pareja-constelacion-tonificada-t675508/
México;tulum-l248;676266;Tulum Sesion De Videografia Fotografica Con Drones;https://www.getyourguide.com/es-es/tulum-l248/tulum-sesion-de-videografia-fotografica-con-drones-t676266/
México;puerto-vallarta-l265;683525;Puerto Vallarta Aventura En Quad Por El Puente Jorullo;https://www.getyourguide.com/es-es/puerto-vallarta-l265/puerto-vallarta-aventura-en-quad-por-el-puente-jorullo-t683525/
México;san-andres-cholula-l213785;1245121;Cholula Taller De Apicultura Semillas Y Biofertilizantes;https://www.getyourguide.com/es-es/san-andres-cholula-l213785/cholula-taller-de-apicultura-semillas-y-biofertilizantes-t1245121/
México;ciudad-de-mexico-l194;690701;Ciudad De Mexico Tour Privado Del Castillo De Chapultepec;https://www.getyourguide.com/es-es/ciudad-de-mexico-l194/ciudad-de-mexico-tour-privado-del-castillo-de-chapultepec-t690701/
México;puerto-vallarta-l265;692042;Puerto Vallarta Excursion De Un Dia A Sayulita Y San Pancho;https://www.getyourguide.com/es-es/puerto-vallarta-l265/puerto-vallarta-excursion-de-un-dia-a-sayulita-y-san-pancho-t692042/
México;puerto-escondido-l32155;701118;Desde Puerto Escondido Excursion De Un Dia Al Parque Nacional Chacahua;https://www.getyourguide.com/es-es/puerto-escondido-l32155/desde-puerto-escondido-excursion-de-un-dia-al-parque-nacional-chacahua-t701118/
México;san-cristobal-de-las-casas-l2166;702930;San Cristobal Expedicion De 4 Dias Al Canon Sagrado Del Rio La Venta;https://www.getyourguide.com/es-es/san-cristobal-de-las-casas-l2166/san-cristobal-expedicion-de-4-dias-al-canon-sagrado-del-rio-la-venta-t702930/
México;puerto-vallarta-l265;737300;Las Maravillas Del Snorkel En Las Cuatro Islas De Puerto Vallarta;https://www.getyourguide.com/es-es/puerto-vallarta-l265/las-maravillas-del-snorkel-en-las-cuatro-islas-de-puerto-vallarta-t737300/
México;tulum-l248;751713;Tour Gastronomico Vegano De Tulum;https://www.getyourguide.com/es-es/tulum-l248/tour-gastronomico-vegano-de-tulum-t751713/
México;cancun-l150;837600;Transporte Privado Desde El Aeropuerto Cun A Zoetry Paraiso;https://www.getyourguide.com/es-es/cancun-l150/transporte-privado-desde-el-aeropuerto-cun-a-zoetry-paraiso-t837600/
México;cabo-san-lucas-l306;857937;Los Cabos Tour Privado Por La Bahia Y El Arco Yates De Lujo;https://www.getyourguide.com/es-es/cabo-san-lucas-l306/los-cabos-tour-privado-por-la-bahia-y-el-arco-yates-de-lujo-t857937/
México;merida-l1903;66228;Tour A Pie De Comida Callejera En Merida;https://www.getyourguide.com/es-es/merida-l1903/tour-a-pie-de-comida-callejera-en-merida-t66228/
México;municipio-oaxaca-de-juarez-l681;882214;The Best Mezcal Tasting Cata De Mezcal En Oaxaca;https://www.getyourguide.com/es-es/municipio-oaxaca-de-juarez-l681/the-best-mezcal-tasting-cata-de-mezcal-en-oaxaca-t882214/
México;san-miguel-de-allende-l2515;162480;Excursion De Un Dia A San Miguel De Allende Desde Ciudad De Mexico;https://www.getyourguide.com/es-es/san-miguel-de-allende-l2515/excursion-de-un-dia-a-san-miguel-de-allende-desde-ciudad-de-mexico-t162480/
México;ciudad-de-mexico-l194;936972;Desde Cdmx Escapada Exclusiva A Las Cuevas De Tolantongo;https://www.getyourguide.com/es-es/ciudad-de-mexico-l194/desde-cdmx-escapada-exclusiva-a-las-cuevas-de-tolantongo-t936972/
México;cancun-l150;939461;Cancun Ticket De Entrada A Jungala Aqua Experience;https://www.getyourguide.com/es-es/cancun-l150/cancun-ticket-de-entrada-a-jungala-aqua-experience-t939461/
México;ciudad-de-mexico-l194;962208;Ciudad De Mexico Tour A Pie Por El Centro Ch Jp Eng O Spaesp;https://www.getyourguide.com/es-es/ciudad-de-mexico-l194/ciudad-de-mexico-tour-a-pie-por-el-centro-ch-jp-eng-o-spaesp-t962208/
México;playa-del-carmen-l308;409386;Riviera Maya Encuentro Con Delfines Acceso Al Club De Playa Y Comida;https://www.getyourguide.com/es-es/playa-del-carmen-l308/riviera-maya-encuentro-con-delfines-acceso-al-club-de-playa-y-comida-t409386/
México;ciudad-de-mexico-l194;434421;Ciudad De Mexico Bares Tradicionales Mexicanos Del Centro Historico;https://www.getyourguide.com/es-es/ciudad-de-mexico-l194/ciudad-de-mexico-bares-tradicionales-mexicanos-del-centro-historico-t434421/
México;la-paz-mexico-l2930;1063768;Nada Con Tiburones Ballena En La Paz;https://www.getyourguide.com/es-es/la-paz-mexico-l2930/nada-con-tiburones-ballena-en-la-paz-t1063768/
México;merida-l1903;1110516;Tour Desde Merida A Campeche Sombrero Jipijapa Historia Comida Regional;https://www.getyourguide.com/es-es/merida-l1903/tour-desde-merida-a-campeche-sombrero-jipijapa-historia-comida-regional-t1110516/
México;mahahual-l168421;530061;Mahahual Clases De Cocina Salsa Con Experiencia Beach Break;https://www.getyourguide.com/es-es/mahahual-l168421/mahahual-clases-de-cocina-salsa-con-experiencia-beach-break-t530061/
México;queretaro-l1170;569419;Queretaro Ruta Del Queso Y El Vino Con Visita A Tequis Y Bernal;https://www.getyourguide.com/es-es/queretaro-l1170/queretaro-ruta-del-queso-y-el-vino-con-visita-a-tequis-y-bernal-t569419/
México;cancun-l150;1214447;Aventura En Moto Acuatica Por Cancun Mar Laguna Y Manglares 90 Minutos;https://www.getyourguide.com/es-es/cancun-l150/aventura-en-moto-acuatica-por-cancun-mar-laguna-y-manglares-90-minutos-t1214447/
México;valladolid-mexico-l101556;1216916;Merida Monos De La Selva Y Tour De Descubrimiento De Valladolid;https://www.getyourguide.com/es-es/valladolid-mexico-l101556/merida-monos-de-la-selva-y-tour-de-descubrimiento-de-valladolid-t1216916/
México;la-paz-mexico-l2930;701147;Aventura En Balandra Senderismo Kayak Y Snorkel;https://www.getyourguide.com/es-es/la-paz-mexico-l2930/aventura-en-balandra-senderismo-kayak-y-snorkel-t701147/
México;ciudad-de-mexico-l194;1279123;Ciudad De Mexico Tour Por Los Murales De Diego Rivera Con Trayecto En Bicitaxi;https://www.getyourguide.com/es-es/ciudad-de-mexico-l194/ciudad-de-mexico-tour-por-los-murales-de-diego-rivera-con-trayecto-en-bicitaxi-t1279123/
México;acapulco-de-juarez-l307;742637;De Acapulco A Taxco Tour De Un Dia Por La Ciudad Colonial De Plata;https://www.getyourguide.com/es-es/acapulco-de-juarez-l307/de-acapulco-a-taxco-tour-de-un-dia-por-la-ciudad-colonial-de-plata-t742637/
México;cancun-l150;1291152;Desde Cancun Ferry A Isla Mujeres Rumbo Al Paraiso Caribeno;https://www.getyourguide.com/es-es/cancun-l150/desde-cancun-ferry-a-isla-mujeres-rumbo-al-paraiso-caribeno-t1291152/
México;cancun-l150;762726;Aeropuerto De Cancun Traslado Compartido De Ida A Playa Del Carmen;https://www.getyourguide.com/es-es/cancun-l150/aeropuerto-de-cancun-traslado-compartido-de-ida-a-playa-del-carmen-t762726/
México;cabo-san-lucas-l306;1313461;Cabo San Lucas Esnorquel En Catamaran Con Barra Libre Y Almuerzo;https://www.getyourguide.com/es-es/cabo-san-lucas-l306/cabo-san-lucas-esnorquel-en-catamaran-con-barra-libre-y-almuerzo-t1313461/
México;mahahual-l168421;859259;Costa Maya Playa Con Barra Libre Masaje Almuerzo Y Snorkel;https://www.getyourguide.com/es-es/mahahual-l168421/costa-maya-playa-con-barra-libre-masaje-almuerzo-y-snorkel-t859259/
México;mahahual-l168421;860127;Top Experience Costa Maya All Inclusive Beach Break Nova Beach Club;https://www.getyourguide.com/es-es/mahahual-l168421/top-experience-costa-maya-all-inclusive-beach-break-nova-beach-club-t860127/
México;guadalajara-l677;861892;Guadalajara Mazamitla Tour En Motocicleta;https://www.getyourguide.com/es-es/guadalajara-l677/guadalajara-mazamitla-tour-en-motocicleta-t861892/
México;puebla-l1471;914510;Cuexcomate Chautla Y Valquirico;https://www.getyourguide.com/es-es/puebla-l1471/cuexcomate-chautla-y-valquirico-t914510/
México;ciudad-de-mexico-l194;998831;Ciudad De Mexico Tour Arquitectonico Por La Casa Ortega De Luis Barragan;https://www.getyourguide.com/es-es/ciudad-de-mexico-l194/ciudad-de-mexico-tour-arquitectonico-por-la-casa-ortega-de-luis-barragan-t998831/
México;playa-del-carmen-l308;414132;Desde Puerto Morelos Visita Guiada A Las Ruinas Mayas Y Nado En Cenote;https://www.getyourguide.com/es-es/playa-del-carmen-l308/desde-puerto-morelos-visita-guiada-a-las-ruinas-mayas-y-nado-en-cenote-t414132/
México;ciudad-de-mexico-l194;476374;Paseo Privado Leyendas Y Eventos Centro Historico Cdmx;https://www.getyourguide.com/es-es/ciudad-de-mexico-l194/paseo-privado-leyendas-y-eventos-centro-historico-cdmx-t476374/
México;tulum-l248;1191666;Tulum Ruinas Mayas Snorkel Y Tour Por El Jaguar Park;https://www.getyourguide.com/es-es/tulum-l248/tulum-ruinas-mayas-snorkel-y-tour-por-el-jaguar-park-t1191666/
México;municipio-oaxaca-de-juarez-l681;1201918;Taller Degustacion De Quesos Arte Y Papel Artesanal En El Valle De Etla;https://www.getyourguide.com/es-es/municipio-oaxaca-de-juarez-l681/taller-degustacion-de-quesos-arte-y-papel-artesanal-en-el-valle-de-etla-t1201918/
México;queretaro-l1170;657521;Queretaro La Gira De Las Leyendas;https://www.getyourguide.com/es-es/queretaro-l1170/queretaro-la-gira-de-las-leyendas-t657521/
México;cancun-l150;662990;Cancun Valladolid Transporte Privado;https://www.getyourguide.com/es-es/cancun-l150/cancun-valladolid-transporte-privado-t662990/
México;zihuatanejo-l392;678228;Zihuatanejo Excursion De Observacion De La Vida Marina;https://www.getyourguide.com/es-es/zihuatanejo-l392/zihuatanejo-excursion-de-observacion-de-la-vida-marina-t678228/
México;puerto-vallarta-l265;683858;Puerto Vallarta Rzr Vikingo El Eden;https://www.getyourguide.com/es-es/puerto-vallarta-l265/puerto-vallarta-rzr-vikingo-el-eden-t683858/
México;puerto-vallarta-l265;732315;Islas Marietas Snorkel Kayak Paddle Y Playa Nopalera;https://www.getyourguide.com/es-es/puerto-vallarta-l265/islas-marietas-snorkel-kayak-paddle-y-playa-nopalera-t732315/
México;monterrey-l679;1280091;Aventura 4X4 Entre Brechas Y Montana En Santiago 1 Hora;https://www.getyourguide.com/es-es/monterrey-l679/aventura-4x4-entre-brechas-y-montana-en-santiago-1-hora-t1280091/
México;rosarito-l32432;1301494;San Diego Tour Privado De Langosta Arte Y Ambiente En Baja California;https://www.getyourguide.com/es-es/rosarito-l32432/san-diego-tour-privado-de-langosta-arte-y-ambiente-en-baja-california-t1301494/
México;guadalajara-l677;1313512;Guadalajara Y Tlaquepaque Tour Totalmente Privado;https://www.getyourguide.com/es-es/guadalajara-l677/guadalajara-y-tlaquepaque-tour-totalmente-privado-t1313512/
México;municipio-oaxaca-de-juarez-l681;804543;Oaxaca Visita A Una Destileria De Mezcal Con Degustaciones;https://www.getyourguide.com/es-es/municipio-oaxaca-de-juarez-l681/oaxaca-visita-a-una-destileria-de-mezcal-con-degustaciones-t804543/
México;boca-de-tomatlan-l165507;856951;Puerto Vallarta Playa De Southbay Y Safari De Cascadas Con Almuerzo;https://www.getyourguide.com/es-es/boca-de-tomatlan-l165507/puerto-vallarta-playa-de-southbay-y-safari-de-cascadas-con-almuerzo-t856951/
México;cancun-l150;877790;Transporte Privado Temptation Cancun Resort A Aeropuerto Cun;https://www.getyourguide.com/es-es/cancun-l150/transporte-privado-temptation-cancun-resort-a-aeropuerto-cun-t877790/
México;valladolid-mexico-l101556;956249;Excursion A Chichen Itza Y Cenotes Desde Valladolid;https://www.getyourguide.com/es-es/valladolid-mexico-l101556/excursion-a-chichen-itza-y-cenotes-desde-valladolid-t956249/
México;san-cristobal-de-las-casas-l2166;394828;Desancristobalzinacantan Ysanjuanchamula Guia En Espanol;https://www.getyourguide.com/es-es/san-cristobal-de-las-casas-l2166/desancristobalzinacantan-ysanjuanchamula-guia-en-espanol-t394828/
México;huasca-de-ocampo-l136142;1032141;Ciudad De Mexico Prismas Basalticos Pena Del Aire Y Huasca;https://www.getyourguide.com/es-es/huasca-de-ocampo-l136142/ciudad-de-mexico-prismas-basalticos-pena-del-aire-y-huasca-t1032141/
México;cancun-l150;439382;Stand Up Paddle Amanecerpuesta De Sol En Cancun;https://www.getyourguide.com/es-es/cancun-l150/stand-up-paddle-amanecerpuesta-de-sol-en-cancun-t439382/
México;san-miguel-de-cozumel-l141611;453430;Inmersiones Matinales De 2 Tanques En Cozumel Para Buceadores Certificados;https://www.getyourguide.com/es-es/san-miguel-de-cozumel-l141611/inmersiones-matinales-de-2-tanques-en-cozumel-para-buceadores-certificados-t453430/
México;cancun-l150;1091256;Tour De Bares Locura En Cancun Barra Libre;https://www.getyourguide.com/es-es/cancun-l150/tour-de-bares-locura-en-cancun-barra-libre-t1091256/
México;valladolid-mexico-l101556;1091801;Valladolid Clase De Cocina De Cochinita Pibil En Un Pueblo Maya;https://www.getyourguide.com/es-es/valladolid-mexico-l101556/valladolid-clase-de-cocina-de-cochinita-pibil-en-un-pueblo-maya-t1091801/
México;ciudad-de-mexico-l194;1092748;Ciudad De Mexico Experiencias De Kayak En El Xochimilco Escondido;https://www.getyourguide.com/es-es/ciudad-de-mexico-l194/ciudad-de-mexico-experiencias-de-kayak-en-el-xochimilco-escondido-t1092748/
México;merida-l1903;474537;Recogida En El Aeropuerto De Merida;https://www.getyourguide.com/es-es/merida-l1903/recogida-en-el-aeropuerto-de-merida-t474537/
México;playa-del-carmen-l308;475717;Playa Del Carmen Excursion Privada A Medida Con Guia Local;https://www.getyourguide.com/es-es/playa-del-carmen-l308/playa-del-carmen-excursion-privada-a-medida-con-guia-local-t475717/
México;cancun-l150;523673;Cancun Aventura De Observacion De Aves Y Vida Salvaje En La Isla Holbox;https://www.getyourguide.com/es-es/cancun-l150/cancun-aventura-de-observacion-de-aves-y-vida-salvaje-en-la-isla-holbox-t523673/
México;cancun-l150;573980;Cancun Super Combo Con Atv Tirolinas Cenote Y Snorkel;https://www.getyourguide.com/es-es/cancun-l150/cancun-super-combo-con-atv-tirolinas-cenote-y-snorkel-t573980/
México;el-cedral-l194729;770693;Cozumel Aventura En Quad Con Cavernas Ruinas Con Traslado;https://www.getyourguide.com/es-es/el-cedral-l194729/cozumel-aventura-en-quad-con-cavernas-ruinas-con-traslado-t770693/
México;ciudad-de-mexico-l194;851828;Ciudad De Mexico Paseo En Teleferico Con Taco Y Recorrido Por La Ciudad;https://www.getyourguide.com/es-es/ciudad-de-mexico-l194/ciudad-de-mexico-paseo-en-teleferico-con-taco-y-recorrido-por-la-ciudad-t851828/
México;ciudad-de-mexico-l194;875149;Xochimilco Degustacion De Tequila Ilimitado Y Fiesta Cultural En Bote;https://www.getyourguide.com/es-es/ciudad-de-mexico-l194/xochimilco-degustacion-de-tequila-ilimitado-y-fiesta-cultural-en-bote-t875149/
México;tulum-l248;888137;Playa Del Carmen Cenote Dos Ojos 2 Inmersiones De Buceo Sin Tran;https://www.getyourguide.com/es-es/tulum-l248/playa-del-carmen-cenote-dos-ojos-2-inmersiones-de-buceo-sin-tran-t888137/
México;santa-maria-huatulco-l781;262007;Huatulco Despertar Con Estrellas Crucero En Barco Con Delfines;https://www.getyourguide.com/es-es/santa-maria-huatulco-l781/huatulco-despertar-con-estrellas-crucero-en-barco-con-delfines-t262007/
México;municipio-oaxaca-de-juarez-l681;958979;Desde Oaxaca Aventura De Senderismo Y Bano En Las Cascadas Magicas De Apoala;https://www.getyourguide.com/es-es/municipio-oaxaca-de-juarez-l681/desde-oaxaca-aventura-de-senderismo-y-bano-en-las-cascadas-magicas-de-apoala-t958979/
México;ciudad-de-mexico-l194;980417;Vuelo Compartido En Globo En Teotihuacan Con Traslado;https://www.getyourguide.com/es-es/ciudad-de-mexico-l194/vuelo-compartido-en-globo-en-teotihuacan-con-traslado-t980417/
México;tlacolula-de-matamoros-l164684;990319;Vamos A Comer Al Mercado De Tlacolula En Domingo Y A Tomar Mezcal;https://www.getyourguide.com/es-es/tlacolula-de-matamoros-l164684/vamos-a-comer-al-mercado-de-tlacolula-en-domingo-y-a-tomar-mezcal-t990319/
México;puerto-vallarta-l265;402544;Puerto Vallarta Taller De Mole Poblano;https://www.getyourguide.com/es-es/puerto-vallarta-l265/puerto-vallarta-taller-de-mole-poblano-t402544/
México;cancun-l150;463941;Cancun 4 Horas Dj Evening Beat En Leopard Powercat De 51 Pies;https://www.getyourguide.com/es-es/cancun-l150/cancun-4-horas-dj-evening-beat-en-leopard-powercat-de-51-pies-t463941/
México;la-cruz-de-huanacaxtle-l94044;469323;Alquiler De Yate Privado Chica Fun 3 Toboganes Acuaticos Con Todo Incluido;https://www.getyourguide.com/es-es/la-cruz-de-huanacaxtle-l94044/alquiler-de-yate-privado-chica-fun-3-toboganes-acuaticos-con-todo-incluido-t469323/
México;cancun-l150;478363;Desde Cancun O Merida Excursion Dia De Muertos En Un Cenote;https://www.getyourguide.com/es-es/cancun-l150/desde-cancun-o-merida-excursion-dia-de-muertos-en-un-cenote-t478363/
México;ciudad-de-mexico-l194;1099125;Desde Cdmx Tour A 10 Cascadas En Hidalgo;https://www.getyourguide.com/es-es/ciudad-de-mexico-l194/desde-cdmx-tour-a-10-cascadas-en-hidalgo-t1099125/
México;uxmal-l114187;497813;Excursion A Mayaland;https://www.getyourguide.com/es-es/uxmal-l114187/excursion-a-mayaland-t497813/
México;tulum-l248;569836;Tulum Insta Photography Tour Con Un Fotografo Profesional;https://www.getyourguide.com/es-es/tulum-l248/tulum-insta-photography-tour-con-un-fotografo-profesional-t569836/
México;ciudad-de-mexico-l194;644834;Mezcal Y Mole Con Un Sommelier Cdmx;https://www.getyourguide.com/es-es/ciudad-de-mexico-l194/mezcal-y-mole-con-un-sommelier-cdmx-t644834/
México;san-cristobal-de-las-casas-l2166;691690;San Cristobal La Magia De Chiapas 7 Dias;https://www.getyourguide.com/es-es/san-cristobal-de-las-casas-l2166/san-cristobal-la-magia-de-chiapas-7-dias-t691690/
México;ensenada-l545;719105;Ensenada La Bufadora Y Paseos A Caballo En Punta Banda;https://www.getyourguide.com/es-es/ensenada-l545/ensenada-la-bufadora-y-paseos-a-caballo-en-punta-banda-t719105/
México;cabo-san-lucas-l306;739651;Cabo San Lucas Ida Y Vuelta Al Campo De Golf;https://www.getyourguide.com/es-es/cabo-san-lucas-l306/cabo-san-lucas-ida-y-vuelta-al-campo-de-golf-t739651/
México;puerto-vallarta-l265;754293;Puerto Vallarta Playa Desayuno Comida Y Barra Libre;https://www.getyourguide.com/es-es/puerto-vallarta-l265/puerto-vallarta-playa-desayuno-comida-y-barra-libre-t754293/
México;cancun-l150;778013;Juega En El Campo De Golf Riviera Cancun Con Clubes;https://www.getyourguide.com/es-es/cancun-l150/juega-en-el-campo-de-golf-riviera-cancun-con-clubes-t778013/
México;cancun-l150;778170;Cancun Alquiler De Yate De 52 Pies;https://www.getyourguide.com/es-es/cancun-l150/cancun-alquiler-de-yate-de-52-pies-t778170/
México;cancun-l150;797128;Cancun Excursion De Snorkel Con Servicio De Recogida Del Hotel;https://www.getyourguide.com/es-es/cancun-l150/cancun-excursion-de-snorkel-con-servicio-de-recogida-del-hotel-t797128/
México;ciudad-de-mexico-l194;118840;Ciudad De Mexico Sabado De Bazar Convento Del Carmen Y San Angel;https://www.getyourguide.com/es-es/ciudad-de-mexico-l194/ciudad-de-mexico-sabado-de-bazar-convento-del-carmen-y-san-angel-t118840/
México;merida-l1903;118843;Desde Merida Tour De Dia Completo A Los Cenotes De Cuzama;https://www.getyourguide.com/es-es/merida-l1903/desde-merida-tour-de-dia-completo-a-los-cenotes-de-cuzama-t118843/
México;xcalacoop-l167658;934637;Tulum Cenotes Suytun E Ikkil Chichen Itza Y Valladolid;https://www.getyourguide.com/es-es/xcalacoop-l167658/tulum-cenotes-suytun-e-ikkil-chichen-itza-y-valladolid-t934637/
México;ciudad-de-mexico-l194;289525;Desde Ciudad De Mexico Cumbre De La Malinche Con Guia Profesional;https://www.getyourguide.com/es-es/ciudad-de-mexico-l194/desde-ciudad-de-mexico-cumbre-de-la-malinche-con-guia-profesional-t289525/
México;tulum-l248;995109;Tulum Instagram Escultura Gigante Cenote Atik Y Ciudad De Las Artes;https://www.getyourguide.com/es-es/tulum-l248/tulum-instagram-escultura-gigante-cenote-atik-y-ciudad-de-las-artes-t995109/
México;ciudad-de-mexico-l194;395584;Ciudad De Mexico Excursion En Autobus Hop On Hop Off;https://www.getyourguide.com/es-es/ciudad-de-mexico-l194/ciudad-de-mexico-excursion-en-autobus-hop-on-hop-off-t395584/
México;municipio-de-teotihuacan-l165488;429068;Estado De Mexico Entrada Sin Colas A Teotihuacan;https://www.getyourguide.com/es-es/municipio-de-teotihuacan-l165488/estado-de-mexico-entrada-sin-colas-a-teotihuacan-t429068/
México;monterrey-l679;451260;Monterrey Tour Privado De Lo Mas Destacado De La Ciudad Con Guia Local;https://www.getyourguide.com/es-es/monterrey-l679/monterrey-tour-privado-de-lo-mas-destacado-de-la-ciudad-con-guia-local-t451260/
México;campeche-l2516;1141807;Campeche Tour Privado De La Ciudad Para Familias Con Guia Local;https://www.getyourguide.com/es-es/campeche-l2516/campeche-tour-privado-de-la-ciudad-para-familias-con-guia-local-t1141807/
México;bacalar-l95624;521808;Desde Chetumalbacalar Traslado De Ida A Playa Del Carmen;https://www.getyourguide.com/es-es/bacalar-l95624/desde-chetumalbacalar-traslado-de-ida-a-playa-del-carmen-t521808/
México;tulum-l248;522784;Ruinas Privadas Snorkel Con Tortugas Y Parque De Aventuras Con Almuerzo;https://www.getyourguide.com/es-es/tulum-l248/ruinas-privadas-snorkel-con-tortugas-y-parque-de-aventuras-con-almuerzo-t522784/
México;santa-maria-del-tule-l135627;1215856;Oaxaca Tour De Dia Completo A Hierve El Agua Tule Mitla Y Mezcal;https://www.getyourguide.com/es-es/santa-maria-del-tule-l135627/oaxaca-tour-de-dia-completo-a-hierve-el-agua-tule-mitla-y-mezcal-t1215856/
México;ciudad-de-mexico-l194;683289;Tour Privado A Pie Joyas Del Centro Historico De La Ciudad De Mexico;https://www.getyourguide.com/es-es/ciudad-de-mexico-l194/tour-privado-a-pie-joyas-del-centro-historico-de-la-ciudad-de-mexico-t683289/
México;tulum-l248;699350;Tulum 3 Horas De Snorkel Y Navegacion;https://www.getyourguide.com/es-es/tulum-l248/tulum-3-horas-de-snorkel-y-navegacion-t699350/
México;san-miguel-de-cozumel-l141611;724560;Cozumel Traslados Al Aeropuerto En Coche Y Furgoneta Ida Y Vuelta;https://www.getyourguide.com/es-es/san-miguel-de-cozumel-l141611/cozumel-traslados-al-aeropuerto-en-coche-y-furgoneta-ida-y-vuelta-t724560/
México;puerto-vallarta-l265;781933;Puerto Vallarta Puente Jorullo Rzr Y Mirador De Cristal;https://www.getyourguide.com/es-es/puerto-vallarta-l265/puerto-vallarta-puente-jorullo-rzr-y-mirador-de-cristal-t781933/
México;puerto-vallarta-l265;20666;Vallarta Mexology Tacos Tequila Tour;https://www.getyourguide.com/es-es/puerto-vallarta-l265/vallarta-mexology-tacos-tequila-tour-t20666/
México;cancun-l150;880917;Transporte Privado Aeropuerto Cun A Atelier Playa Mujeres;https://www.getyourguide.com/es-es/cancun-l150/transporte-privado-aeropuerto-cun-a-atelier-playa-mujeres-t880917/
México;mismaloya-l190181;889743;Aventura De Eco Snorkel Al Parque Marino De Los Arcos De Mismaloya;https://www.getyourguide.com/es-es/mismaloya-l190181/aventura-de-eco-snorkel-al-parque-marino-de-los-arcos-de-mismaloya-t889743/
México;ciudad-de-mexico-l194;947887;Ciudad De Mexico Cata De Cerveza Artesanal Con Aperitivos;https://www.getyourguide.com/es-es/ciudad-de-mexico-l194/ciudad-de-mexico-cata-de-cerveza-artesanal-con-aperitivos-t947887/
México;cancun-l150;327036;Cancun Cirque Du Soleil Joya Show Ticket;https://www.getyourguide.com/es-es/cancun-l150/cancun-cirque-du-soleil-joya-show-ticket-t327036/
México;san-miguel-de-allende-l2515;385193;San Miguel De Allende Senderismo En El Canon Con Comida;https://www.getyourguide.com/es-es/san-miguel-de-allende-l2515/san-miguel-de-allende-senderismo-en-el-canon-con-comida-t385193/
México;cancun-l150;1008853;Entrada Xcaret Plus;https://www.getyourguide.com/es-es/cancun-l150/entrada-xcaret-plus-t1008853/
México;palenque-chiapas-l179804;412927;Aventura En La Selva Lacandona Y Sitio Arqueologico De Bonampak;https://www.getyourguide.com/es-es/palenque-chiapas-l179804/aventura-en-la-selva-lacandona-y-sitio-arqueologico-de-bonampak-t412927/
México;municipio-oaxaca-de-juarez-l681;1018368;Descubre Tacos Mezcal Y Musica En Oaxaca;https://www.getyourguide.com/es-es/municipio-oaxaca-de-juarez-l681/descubre-tacos-mezcal-y-musica-en-oaxaca-t1018368/
México;bahia-de-santa-cruz-huatulco-l205317;1070543;Huatulco Navega Al Amanecer Con Fotos Incluidas;https://www.getyourguide.com/es-es/bahia-de-santa-cruz-huatulco-l205317/huatulco-navega-al-amanecer-con-fotos-incluidas-t1070543/
México;merida-l1903;1073968;Tortillas Salsas Y Licores Una Noche De Cocina Mexicana Practica;https://www.getyourguide.com/es-es/merida-l1903/tortillas-salsas-y-licores-una-noche-de-cocina-mexicana-practica-t1073968/
México;san-miguel-de-cozumel-l141611;1081964;Cozumel Introduccion Al Kitesurf Con Monitor Certificado;https://www.getyourguide.com/es-es/san-miguel-de-cozumel-l141611/cozumel-introduccion-al-kitesurf-con-monitor-certificado-t1081964/
México;san-miguel-de-allende-l2515;1084168;San Miguel De Allende Day Tour From Mexico City;https://www.getyourguide.com/es-es/san-miguel-de-allende-l2515/san-miguel-de-allende-day-tour-from-mexico-city-t1084168/
México;bacalar-l95624;1111134;Bacalar Ruinas De Ichkabal Y Los Rapidos Con Recogida;https://www.getyourguide.com/es-es/bacalar-l95624/bacalar-ruinas-de-ichkabal-y-los-rapidos-con-recogida-t1111134/
México;rio-lagartos-l146496;1132700;Desde Merida Tour A Las Coloradas Con Almuerzo Y Barco;https://www.getyourguide.com/es-es/rio-lagartos-l146496/desde-merida-tour-a-las-coloradas-con-almuerzo-y-barco-t1132700/
México;sayulita-l32371;605384;Alquiler De Carritos De Golf En Punta De Mita Y Sayulita;https://www.getyourguide.com/es-es/sayulita-l32371/alquiler-de-carritos-de-golf-en-punta-de-mita-y-sayulita-t605384/
México;ciudad-de-mexico-l194;1194733;Walking Tour En Tepito Tianguis Y Boxeo En El Barrio Bravo De La Cdmx;https://www.getyourguide.com/es-es/ciudad-de-mexico-l194/walking-tour-en-tepito-tianguis-y-boxeo-en-el-barrio-bravo-de-la-cdmx-t1194733/
México;sayulita-l32371;681770;Puerto Vallarta Esnorquel Y Tour De 2 Horas En Bote A Los Arcos;https://www.getyourguide.com/es-es/sayulita-l32371/puerto-vallarta-esnorquel-y-tour-de-2-horas-en-bote-a-los-arcos-t681770/
México;ciudad-de-mexico-l194;685149;Tour Por La Plaza Garibaldi;https://www.getyourguide.com/es-es/ciudad-de-mexico-l194/tour-por-la-plaza-garibaldi-t685149/
México;san-miguel-de-allende-l2515;763123;San Miguel De Allende Un Viaje Por Los Vinedos;https://www.getyourguide.com/es-es/san-miguel-de-allende-l2515/san-miguel-de-allende-un-viaje-por-los-vinedos-t763123/
México;ciudad-de-mexico-l194;767074;Xochimilco Eco Tour Con Comida;https://www.getyourguide.com/es-es/ciudad-de-mexico-l194/xochimilco-eco-tour-con-comida-t767074/
México;ciudad-de-mexico-l194;1274132;Ciudad De Mexico Tour De Exploracion De La Biodiversidad Urbana;https://www.getyourguide.com/es-es/ciudad-de-mexico-l194/ciudad-de-mexico-tour-de-exploracion-de-la-biodiversidad-urbana-t1274132/
México;san-pablo-villa-de-mitla-l207531;1288554;San Pablo Villa De Mitla Ticket De Entrada A La Zona Arqueologica De Mitla;https://www.getyourguide.com/es-es/san-pablo-villa-de-mitla-l207531/san-pablo-villa-de-mitla-ticket-de-entrada-a-la-zona-arqueologica-de-mitla-t1288554/
México;puerto-morelos-l112372;883382;Cancun Aventura Atv Tirolinas Cenote Barra Libre 24K Club;https://www.getyourguide.com/es-es/puerto-morelos-l112372/cancun-aventura-atv-tirolinas-cenote-barra-libre-24k-club-t883382/
México;cancun-l150;978211;Desde Playa Del Carmen Parque Xcaret Plus La Experiencia Completa;https://www.getyourguide.com/es-es/cancun-l150/desde-playa-del-carmen-parque-xcaret-plus-la-experiencia-completa-t978211/
México;loreto-mexico-l1655;278927;Desde Loreto Excursion Guiada Al Canon Del Tabor;https://www.getyourguide.com/es-es/loreto-mexico-l1655/desde-loreto-excursion-guiada-al-canon-del-tabor-t278927/
México;playa-del-carmen-l308;984622;Mexico Degustacion Guiada De Frutas Tropicales En Playa Del Carmen;https://www.getyourguide.com/es-es/playa-del-carmen-l308/mexico-degustacion-guiada-de-frutas-tropicales-en-playa-del-carmen-t984622/
México;guadalajara-l677;403579;Desde Guadalajara Visita Guiada A Mazamitla;https://www.getyourguide.com/es-es/guadalajara-l677/desde-guadalajara-visita-guiada-a-mazamitla-t403579/
México;ciudad-de-mexico-l194;1033785;Ciudad De Mexico Volcan Nevado De Toluca Crateres Y Cima;https://www.getyourguide.com/es-es/ciudad-de-mexico-l194/ciudad-de-mexico-volcan-nevado-de-toluca-crateres-y-cima-t1033785/
México;ciudad-de-mexico-l194;434450;Descubre Xochimilco Y Coyoacan Tradicion Musica Cultura;https://www.getyourguide.com/es-es/ciudad-de-mexico-l194/descubre-xochimilco-y-coyoacan-tradicion-musica-cultura-t434450/
México;cabo-san-lucas-l306;451905;Experiencia Privada De Lujo Con Comida De Primera Y Barra Libre Inc;https://www.getyourguide.com/es-es/cabo-san-lucas-l306/experiencia-privada-de-lujo-con-comida-de-primera-y-barra-libre-inc-t451905/
México;salina-cruz-l193340;537691;Salina Cruz Transporte Privado Desdehacia El Aeropuerto;https://www.getyourguide.com/es-es/salina-cruz-l193340/salina-cruz-transporte-privado-desdehacia-el-aeropuerto-t537691/
México;cabo-san-lucas-l306;1141095;Entrada A La Discoteca De Playa Tierra Sagrada Con Buffet Y Bebidas;https://www.getyourguide.com/es-es/cabo-san-lucas-l306/entrada-a-la-discoteca-de-playa-tierra-sagrada-con-buffet-y-bebidas-t1141095/
México;santa-maria-huatulco-l781;538414;Huatulco Excursion Al Parque Nacional Y Snorkel;https://www.getyourguide.com/es-es/santa-maria-huatulco-l781/huatulco-excursion-al-parque-nacional-y-snorkel-t538414/
México;municipio-oaxaca-de-juarez-l681;1145313;Tour Guiado A Monte Alban Sin Trampas Para Turistas;https://www.getyourguide.com/es-es/municipio-oaxaca-de-juarez-l681/tour-guiado-a-monte-alban-sin-trampas-para-turistas-t1145313/
México;merida-l1903;554724;Visita Privada Ruinas De Uxmal Museo Del Chocolate Y Cenote;https://www.getyourguide.com/es-es/merida-l1903/visita-privada-ruinas-de-uxmal-museo-del-chocolate-y-cenote-t554724/
México;cancun-l150;559913;Cancun Transporte Privado A Isla Holbox;https://www.getyourguide.com/es-es/cancun-l150/cancun-transporte-privado-a-isla-holbox-t559913/
México;puerto-vallarta-l265;569358;Barco Convertible Bertram 38 En Puerto Y Nuevo Vallarta;https://www.getyourguide.com/es-es/puerto-vallarta-l265/barco-convertible-bertram-38-en-puerto-y-nuevo-vallarta-t569358/
México;cancun-l150;1173883;Desde Cancun Paseo En Catamaran Con Barra Libre Snorkel Y Comida A Bordo;https://www.getyourguide.com/es-es/cancun-l150/desde-cancun-paseo-en-catamaran-con-barra-libre-snorkel-y-comida-a-bordo-t1173883/
México;san-miguel-de-cozumel-l141611;1191896;Cozumel Taller De Chocolate Maya Y Cata De Tequila;https://www.getyourguide.com/es-es/san-miguel-de-cozumel-l141611/cozumel-taller-de-chocolate-maya-y-cata-de-tequila-t1191896/
México;san-cristobal-de-las-casas-l2166;691636;San Cristobal Tour To San Juan Chamula And Zinacantan;https://www.getyourguide.com/es-es/san-cristobal-de-las-casas-l2166/san-cristobal-tour-to-san-juan-chamula-and-zinacantan-t691636/
México;playa-del-carmen-l308;703809;Playa Del Carmen Traslado Privado En Furgoneta A Valladolid;https://www.getyourguide.com/es-es/playa-del-carmen-l308/playa-del-carmen-traslado-privado-en-furgoneta-a-valladolid-t703809/
México;puerto-vallarta-l265;779940;Puerto Vallarta Puente Jorullo Atv Cascada Tour Del Tequila;https://www.getyourguide.com/es-es/puerto-vallarta-l265/puerto-vallarta-puente-jorullo-atv-cascada-tour-del-tequila-t779940/
México;puerto-vallarta-l265;781599;Puerto Vallarta Canopy River Atv Cascada Tour Del Tequila;https://www.getyourguide.com/es-es/puerto-vallarta-l265/puerto-vallarta-canopy-river-atv-cascada-tour-del-tequila-t781599/
México;playa-del-carmen-l308;1282665;Playa Del Carmen Buceo En Los Cenotes El Pit Y Dos Ojos 2 Inmersiones;https://www.getyourguide.com/es-es/playa-del-carmen-l308/playa-del-carmen-buceo-en-los-cenotes-el-pit-y-dos-ojos-2-inmersiones-t1282665/
México;municipio-oaxaca-de-juarez-l681;1291792;Oaxaca Vive El Dia De Muertos Con Ofrenda Y Panteones;https://www.getyourguide.com/es-es/municipio-oaxaca-de-juarez-l681/oaxaca-vive-el-dia-de-muertos-con-ofrenda-y-panteones-t1291792/
México;playa-del-carmen-l308;850655;El Cielo Cozumel En Catamaran Arrecifes Comida Y Barra Libre;https://www.getyourguide.com/es-es/playa-del-carmen-l308/el-cielo-cozumel-en-catamaran-arrecifes-comida-y-barra-libre-t850655/
México;cancun-l150;881999;Traslado Privado Aeropuerto Cun A Villa Del Palmar Cancun;https://www.getyourguide.com/es-es/cancun-l150/traslado-privado-aeropuerto-cun-a-villa-del-palmar-cancun-t881999/
México;progreso-l95507;889539;Chelem Beach House Break;https://www.getyourguide.com/es-es/progreso-l95507/chelem-beach-house-break-t889539/
México;puebla-l1471;931426;Puebla Tour A Pie Y Taller Culinario Tradicional Poblano;https://www.getyourguide.com/es-es/puebla-l1471/puebla-tour-a-pie-y-taller-culinario-tradicional-poblano-t931426/
México;cancun-l150;935042;Cancun Aventura En Moto Acuatica Y Esnorquel;https://www.getyourguide.com/es-es/cancun-l150/cancun-aventura-en-moto-acuatica-y-esnorquel-t935042/
México;puerto-vallarta-l265;235682;Puerto Vallarta Los Arcos Snorkel Y Playa Tour En Barco Privado;https://www.getyourguide.com/es-es/puerto-vallarta-l265/puerto-vallarta-los-arcos-snorkel-y-playa-tour-en-barco-privado-t235682/
México;guadalajara-l677;993511;Excursion Privada De Dia Completo A Tlaquepaque Y Tonala;https://www.getyourguide.com/es-es/guadalajara-l677/excursion-privada-de-dia-completo-a-tlaquepaque-y-tonala-t993511/
México;cabo-san-lucas-l306;390714;Los Cabos Park Pass Un Lugar Muchas Aventuras;https://www.getyourguide.com/es-es/cabo-san-lucas-l306/los-cabos-park-pass-un-lugar-muchas-aventuras-t390714/
México;bacalar-l95624;1030787;Beyond Bacalar Crucero Privado Por La Ruta Pirata Rio Lento Almuerzo;https://www.getyourguide.com/es-es/bacalar-l95624/beyond-bacalar-crucero-privado-por-la-ruta-pirata-rio-lento-almuerzo-t1030787/
México;holbox-l189767;418265;Holbox Excursion Guiada En Kayak Al Amanecerpuesta De Sol Por La Reserva De Manglares;https://www.getyourguide.com/es-es/holbox-l189767/holbox-excursion-guiada-en-kayak-al-amanecerpuesta-de-sol-por-la-reserva-de-manglares-t418265/
México;municipio-oaxaca-de-juarez-l681;1053756;Oaxaca Clase De Cocina De 10 Salsas Mexicanas Con Degustacion De Tacos;https://www.getyourguide.com/es-es/municipio-oaxaca-de-juarez-l681/oaxaca-clase-de-cocina-de-10-salsas-mexicanas-con-degustacion-de-tacos-t1053756/
México;merida-l1903;1062106;Merida Tour Por La Selva Y Los Cenotes Con Paseo A Caballo Y Almuerzo;https://www.getyourguide.com/es-es/merida-l1903/merida-tour-por-la-selva-y-los-cenotes-con-paseo-a-caballo-y-almuerzo-t1062106/
México;tolantongo-l201864;1066028;Desde Cdmx Aventura Privada A Las Magicas Cuevas De Tolantongo;https://www.getyourguide.com/es-es/tolantongo-l201864/desde-cdmx-aventura-privada-a-las-magicas-cuevas-de-tolantongo-t1066028/
México;ciudad-de-mexico-l194;1071952;Ciudad De Mexico Tour De Tacos Con Degustaciones Y Lugares Recomendados Por La Guia Michelin;https://www.getyourguide.com/es-es/ciudad-de-mexico-l194/ciudad-de-mexico-tour-de-tacos-con-degustaciones-y-lugares-recomendados-por-la-guia-michelin-t1071952/
México;playa-del-carmen-l308;478736;Riviera Maya Nadar Con Delfines Primax;https://www.getyourguide.com/es-es/playa-del-carmen-l308/riviera-maya-nadar-con-delfines-primax-t478736/
México;cancun-l150;1125255;Cancun Aventura En Moto Acuatica Por La Laguna Nichupte;https://www.getyourguide.com/es-es/cancun-l150/cancun-aventura-en-moto-acuatica-por-la-laguna-nichupte-t1125255/
México;tulum-l248;522760;Tour Privado Exclusivo A Las Ruinas De Tulum Y Coba Con Almuerzo;https://www.getyourguide.com/es-es/tulum-l248/tour-privado-exclusivo-a-las-ruinas-de-tulum-y-coba-con-almuerzo-t522760/
México;merida-l1903;534696;Tour Privado Celestun Observacion De Flamencos Y Playa;https://www.getyourguide.com/es-es/merida-l1903/tour-privado-celestun-observacion-de-flamencos-y-playa-t534696/
México;santa-maria-huatulco-l781;538196;Huatulco Recorrido Por Las Bahias En Barco;https://www.getyourguide.com/es-es/santa-maria-huatulco-l781/huatulco-recorrido-por-las-bahias-en-barco-t538196/
México;puerto-vallarta-l265;1189925;Sayulita Y San Pancho Excursion Privada Desde Puerto Vallarta;https://www.getyourguide.com/es-es/puerto-vallarta-l265/sayulita-y-san-pancho-excursion-privada-desde-puerto-vallarta-t1189925/
México;tulum-l248;703708;Tulum Traslado Privado En Furgoneta A Playa Del Carmen;https://www.getyourguide.com/es-es/tulum-l248/tulum-traslado-privado-en-furgoneta-a-playa-del-carmen-t703708/
México;acapulco-de-juarez-l307;722118; Acapulcoliberacion De Tortugas Granja De Cocodrilos Y Paseo A Caballo Exp;https://www.getyourguide.com/es-es/acapulco-de-juarez-l307/-acapulcoliberacion-de-tortugas-granja-de-cocodrilos-y-paseo-a-caballo-exp-t722118/
México;ciudad-de-mexico-l194;1288980;Ciudad De Mexico Tour Por Cantinas Escondidas Con Mariachi En Vivo Y Bebidas;https://www.getyourguide.com/es-es/ciudad-de-mexico-l194/ciudad-de-mexico-tour-por-cantinas-escondidas-con-mariachi-en-vivo-y-bebidas-t1288980/
México;ciudad-de-mexico-l194;835303;Descubre El Bosque De Chapultepec De Ciudad De Mexico;https://www.getyourguide.com/es-es/ciudad-de-mexico-l194/descubre-el-bosque-de-chapultepec-de-ciudad-de-mexico-t835303/
México;ciudad-de-mexico-l194;28868;Ciudad De Mexico Tour A Teotihuacan Y El Santuario De Guadalupe Con Almuerzo;https://www.getyourguide.com/es-es/ciudad-de-mexico-l194/ciudad-de-mexico-tour-a-teotihuacan-y-el-santuario-de-guadalupe-con-almuerzo-t28868/
México;nuevo-vallarta-l92762;269117;Puerto Vallarta Ritmos De La Noche Espectaculo Y Cena Bufe;https://www.getyourguide.com/es-es/nuevo-vallarta-l92762/puerto-vallarta-ritmos-de-la-noche-espectaculo-y-cena-bufe-t269117/
México;cancun-l150;923219;Cancun Buceo Para Principiantes En El Museo Subacuatico;https://www.getyourguide.com/es-es/cancun-l150/cancun-buceo-para-principiantes-en-el-museo-subacuatico-t923219/
México;puerto-escondido-l32155;387806;Puerto Escondido Experiencia De Liberacion De Tortugas;https://www.getyourguide.com/es-es/puerto-escondido-l32155/puerto-escondido-experiencia-de-liberacion-de-tortugas-t387806/
México;municipio-oaxaca-de-juarez-l681;971042;Oaxaca Clase De Cocina Tradicional Oaxaquena;https://www.getyourguide.com/es-es/municipio-oaxaca-de-juarez-l681/oaxaca-clase-de-cocina-tradicional-oaxaquena-t971042/
México;tulum-l248;999555;Tulum Zenote Siente Con Paquete Gastronomico Y Traslados;https://www.getyourguide.com/es-es/tulum-l248/tulum-zenote-siente-con-paquete-gastronomico-y-traslados-t999555/
México;cancun-l150;499390;Cancun Tulum Cenote Y Akumal Nadar Con Tortugas;https://www.getyourguide.com/es-es/cancun-l150/cancun-tulum-cenote-y-akumal-nadar-con-tortugas-t499390/
México;municipio-oaxaca-de-juarez-l681;704234;Oaxaca Cascadas Y Mangos 2 Dias Excursion En Bicicleta;https://www.getyourguide.com/es-es/municipio-oaxaca-de-juarez-l681/oaxaca-cascadas-y-mangos-2-dias-excursion-en-bicicleta-t704234/
México;puerto-vallarta-l265;744228;Puerto Vallarta Arcos Animas Qumixto Barra Libre A Bordo;https://www.getyourguide.com/es-es/puerto-vallarta-l265/puerto-vallarta-arcos-animas-qumixto-barra-libre-a-bordo-t744228/
México;ciudad-de-mexico-l194;1208293;Mexico City National Museum Of Anthropology Exclusive Tour;https://www.getyourguide.com/es-es/ciudad-de-mexico-l194/mexico-city-national-museum-of-anthropology-exclusive-tour-t1208293/
México;tulum-l248;1212009;La Mejor Tirolina De Tulum Quad Y Cenote Maya;https://www.getyourguide.com/es-es/tulum-l248/la-mejor-tirolina-de-tulum-quad-y-cenote-maya-t1212009/
México;ciudad-de-mexico-l194;763494;Ciudad De Mexico Plazas Gay;https://www.getyourguide.com/es-es/ciudad-de-mexico-l194/ciudad-de-mexico-plazas-gay-t763494/
México;ensenada-l545;778462;Ensenada Aventura En Kayak Por La Bufadora;https://www.getyourguide.com/es-es/ensenada-l545/ensenada-aventura-en-kayak-por-la-bufadora-t778462/
México;puebla-l1471;806644;Desde Puebla Chautla Y Val Quirico Tour Privado;https://www.getyourguide.com/es-es/puebla-l1471/desde-puebla-chautla-y-val-quirico-tour-privado-t806644/
México;san-miguel-de-cozumel-l141611;869047;Excursion En Tierra Tour En Jeep Por La Isla De Cozumel Con Visita A La Playa;https://www.getyourguide.com/es-es/san-miguel-de-cozumel-l141611/excursion-en-tierra-tour-en-jeep-por-la-isla-de-cozumel-con-visita-a-la-playa-t869047/
México;ciudad-de-mexico-l194;879865;Ciudad De Mexico Bici Cannabis Naturaleza Comida Cultura E Historia;https://www.getyourguide.com/es-es/ciudad-de-mexico-l194/ciudad-de-mexico-bici-cannabis-naturaleza-comida-cultura-e-historia-t879865/
México;playa-del-carmen-l308;888741;Descubre La Esencia De Playa Del Carmen Tequilera Joyeria Y 5Ta Avenida;https://www.getyourguide.com/es-es/playa-del-carmen-l308/descubre-la-esencia-de-playa-del-carmen-tequilera-joyeria-y-5ta-avenida-t888741/
México;cabo-san-lucas-l306;96492;Aventura En La Playa En Eco Bici Electrica;https://www.getyourguide.com/es-es/cabo-san-lucas-l306/aventura-en-la-playa-en-eco-bici-electrica-t96492/
México;ensenada-l545;236657;Desde Ensenada Excursion De Cata De Quesos Y Vinos Del Valle De Ojos Negros;https://www.getyourguide.com/es-es/ensenada-l545/desde-ensenada-excursion-de-cata-de-quesos-y-vinos-del-valle-de-ojos-negros-t236657/
México;cabo-san-lucas-l306;243672;Cabo San Lucas Crucero En Barco Pirata Al Atardecer;https://www.getyourguide.com/es-es/cabo-san-lucas-l306/cabo-san-lucas-crucero-en-barco-pirata-al-atardecer-t243672/
México;cabo-san-lucas-l306;332436;Cabo San Lucas Experiencia De Avistamiento De Ballenas En Catamaran;https://www.getyourguide.com/es-es/cabo-san-lucas-l306/cabo-san-lucas-experiencia-de-avistamiento-de-ballenas-en-catamaran-t332436/
México;ciudad-de-mexico-l194;1078184;Tour Muralismo Mexicano Pinta Tu Graffiti;https://www.getyourguide.com/es-es/ciudad-de-mexico-l194/tour-muralismo-mexicano-pinta-tu-graffiti-t1078184/
México;cancun-l150;1109272;Cancun Tour Por La Jungla Con Lancha Motora Y Esnorquel;https://www.getyourguide.com/es-es/cancun-l150/cancun-tour-por-la-jungla-con-lancha-motora-y-esnorquel-t1109272/
México;municipio-oaxaca-de-juarez-l681;1138163;Oaxaca Tour Cultural Y Gastronomico Por El Mercado Principal;https://www.getyourguide.com/es-es/municipio-oaxaca-de-juarez-l681/oaxaca-tour-cultural-y-gastronomico-por-el-mercado-principal-t1138163/
México;san-cristobal-de-las-casas-l2166;458038;San Cristobal Comunidades Indigenascitytour Guia En Espanol;https://www.getyourguide.com/es-es/san-cristobal-de-las-casas-l2166/san-cristobal-comunidades-indigenascitytour-guia-en-espanol-t458038/
México;puerto-vallarta-l265;461526;Mismaloya Stand Up Paddleboard Y Snorkel A Los Arcos;https://www.getyourguide.com/es-es/puerto-vallarta-l265/mismaloya-stand-up-paddleboard-y-snorkel-a-los-arcos-t461526/
México;san-miguel-de-cozumel-l141611;1174059;Cozumel Viaje Culinario De 3 Platillos Mexicanos Guiado Por Chef Maestro;https://www.getyourguide.com/es-es/san-miguel-de-cozumel-l141611/cozumel-viaje-culinario-de-3-platillos-mexicanos-guiado-por-chef-maestro-t1174059/
México;tulum-l248;501181;Tour De Dia Completo A Las Ruinas De Coba Punta Laguna Y Cenote;https://www.getyourguide.com/es-es/tulum-l248/tour-de-dia-completo-a-las-ruinas-de-coba-punta-laguna-y-cenote-t501181/
México;ciudad-de-mexico-l194;1193061;Ciudad De Mexico Taller De Ajedrez Con Monitor Certificado Por La Fide;https://www.getyourguide.com/es-es/ciudad-de-mexico-l194/ciudad-de-mexico-taller-de-ajedrez-con-monitor-certificado-por-la-fide-t1193061/
México;ciudad-de-mexico-l194;1208510;Ciudad De Mexico Tour Gastronomico Guiado Con Tacos Y Mezcal;https://www.getyourguide.com/es-es/ciudad-de-mexico-l194/ciudad-de-mexico-tour-gastronomico-guiado-con-tacos-y-mezcal-t1208510/
México;ensenada-l545;641752;Tour De La Ciudad En Coche De Caballos Electrico;https://www.getyourguide.com/es-es/ensenada-l545/tour-de-la-ciudad-en-coche-de-caballos-electrico-t641752/
México;municipio-oaxaca-de-juarez-l681;692140;Visita A Talleres Y Estudios De Arte Contemporaneo;https://www.getyourguide.com/es-es/municipio-oaxaca-de-juarez-l681/visita-a-talleres-y-estudios-de-arte-contemporaneo-t692140/
México;ciudad-de-mexico-l194;392870;Mexico Parque Natural Y De Montana Alpinia;https://www.getyourguide.com/es-es/ciudad-de-mexico-l194/mexico-parque-natural-y-de-montana-alpinia-t392870/
México;cancun-l150;409399;Cancun Nada Con Manaties En Isla Mujeres Y Almuerzo Buffet;https://www.getyourguide.com/es-es/cancun-l150/cancun-nada-con-manaties-en-isla-mujeres-y-almuerzo-buffet-t409399/
México;valladolid-mexico-l101556;958268;Tulum Chichen Itza Bano En El Cenote Y Excursion De Un Dia A Valladolid;https://www.getyourguide.com/es-es/valladolid-mexico-l101556/tulum-chichen-itza-bano-en-el-cenote-y-excursion-de-un-dia-a-valladolid-t958268/
México;crucecita-l166888;431658;Huatulco Visita A La Ciudad Atardecer En Los Miradores;https://www.getyourguide.com/es-es/crucecita-l166888/huatulco-visita-a-la-ciudad-atardecer-en-los-miradores-t431658/
México;tolantongo-l201864;1103230;Desde Ciudad De Mexico Fuentes Termales Y Banos Termales En Las Cuevas De Tolantongo;https://www.getyourguide.com/es-es/tolantongo-l201864/desde-ciudad-de-mexico-fuentes-termales-y-banos-termales-en-las-cuevas-de-tolantongo-t1103230/
México;la-paz-mexico-l2930;593461;Experiencia Con El Tiburon Ballena;https://www.getyourguide.com/es-es/la-paz-mexico-l2930/experiencia-con-el-tiburon-ballena-t593461/
México;cancun-l150;1124332;Cancun Tour De Tirolesa Quad Y Cenote En La Jungla Maya;https://www.getyourguide.com/es-es/cancun-l150/cancun-tour-de-tirolesa-quad-y-cenote-en-la-jungla-maya-t1124332/
México;holbox-l189767;1131167;Degustacion Gourmet De Mariscos En El Mar De Isla Holbox;https://www.getyourguide.com/es-es/holbox-l189767/degustacion-gourmet-de-mariscos-en-el-mar-de-isla-holbox-t1131167/
México;rio-lagartos-l146496;629854;Expedicion Rio Lagartos Viaje En Barco Por El Manglar;https://www.getyourguide.com/es-es/rio-lagartos-l146496/expedicion-rio-lagartos-viaje-en-barco-por-el-manglar-t629854/
México;cabo-san-lucas-l306;654808;Cabo San Lucas Tour En Barco Por El Arco Clasico Con Fondo De Cristal;https://www.getyourguide.com/es-es/cabo-san-lucas-l306/cabo-san-lucas-tour-en-barco-por-el-arco-clasico-con-fondo-de-cristal-t654808/
México;queretaro-l1170;657257;Queretaro Tour De Degustacion De Quesos Y Vinos;https://www.getyourguide.com/es-es/queretaro-l1170/queretaro-tour-de-degustacion-de-quesos-y-vinos-t657257/
México;queretaro-l1170;1191872;El Camino Del Pame Xi Ui;https://www.getyourguide.com/es-es/queretaro-l1170/el-camino-del-pame-xi-ui-t1191872/
México;puerto-vallarta-l265;684564;Puerto Vallarta Aventura Jungle Side By Side;https://www.getyourguide.com/es-es/puerto-vallarta-l265/puerto-vallarta-aventura-jungle-side-by-side-t684564/
México;cancun-l150;745412;Aeropuerto Cancun Traslados Privados A Tulum 70 Millas;https://www.getyourguide.com/es-es/cancun-l150/aeropuerto-cancun-traslados-privados-a-tulum-70-millas-t745412/
México;puerto-morelos-l112372;750959;Nature Tour;https://www.getyourguide.com/es-es/puerto-morelos-l112372/nature-tour-t750959/
México;tlaquepaque-l773;1281306;Recorrido Gastronomico Por Guadalajara Guadalajara Tlaquepaque Y Birria;https://www.getyourguide.com/es-es/tlaquepaque-l773/recorrido-gastronomico-por-guadalajara-guadalajara-tlaquepaque-y-birria-t1281306/
México;tulum-l248;875945;Tulum La Mejor Excursion De Tacos;https://www.getyourguide.com/es-es/tulum-l248/tulum-la-mejor-excursion-de-tacos-t875945/
México;cancun-l150;883506;Experiencia Privada A Ek Balam Y Valladolid Desde Cancun;https://www.getyourguide.com/es-es/cancun-l150/experiencia-privada-a-ek-balam-y-valladolid-desde-cancun-t883506/
México;cancun-l150;895613;Desde Cancuncosta Mujeres Chichen Itza Experiencia Privada;https://www.getyourguide.com/es-es/cancun-l150/desde-cancuncosta-mujeres-chichen-itza-experiencia-privada-t895613/
México;ciudad-de-mexico-l194;936728;Cdmx Paseo Nocturno Con Torre Latino Opcional;https://www.getyourguide.com/es-es/ciudad-de-mexico-l194/cdmx-paseo-nocturno-con-torre-latino-opcional-t936728/
México;ciudad-de-mexico-l194;85017;Ciudad De Mexico Tour Gastronomico De 3 Horas Sobre Tacos Y Mezcal;https://www.getyourguide.com/es-es/ciudad-de-mexico-l194/ciudad-de-mexico-tour-gastronomico-de-3-horas-sobre-tacos-y-mezcal-t85017/
México;ciudad-de-mexico-l194;965089;Ciudad De Mexico Sabores Historia Y Arte Del Mercado De Coyoacan;https://www.getyourguide.com/es-es/ciudad-de-mexico-l194/ciudad-de-mexico-sabores-historia-y-arte-del-mercado-de-coyoacan-t965089/
México;municipio-oaxaca-de-juarez-l681;1025488;Oaxaca Sesion Fotografica Por Un Modelo Mr Oaxaca;https://www.getyourguide.com/es-es/municipio-oaxaca-de-juarez-l681/oaxaca-sesion-fotografica-por-un-modelo-mr-oaxaca-t1025488/
México;puerto-morelos-l112372;304598;Puerto Morelos Excursion De Snorkel Con Comida;https://www.getyourguide.com/es-es/puerto-morelos-l112372/puerto-morelos-excursion-de-snorkel-con-comida-t304598/
México;san-jose-del-cabo-l967;318913;Los Cabos Traslado De Ida Y Vuelta Compartido Al Aeropuerto;https://www.getyourguide.com/es-es/san-jose-del-cabo-l967/los-cabos-traslado-de-ida-y-vuelta-compartido-al-aeropuerto-t318913/
México;monterrey-l679;1045197;Monterrey City Tour Por Monterrey;https://www.getyourguide.com/es-es/monterrey-l679/monterrey-city-tour-por-monterrey-t1045197/
México;cancun-l150;354206;Desde Cancun Quad Cenote Y Rapel En La Jungla;https://www.getyourguide.com/es-es/cancun-l150/desde-cancun-quad-cenote-y-rapel-en-la-jungla-t354206/
México;playa-del-carmen-l308;565328;Prueba El Buceo En Playa Del Carmen Experiencia Con Equipo De Buceo;https://www.getyourguide.com/es-es/playa-del-carmen-l308/prueba-el-buceo-en-playa-del-carmen-experiencia-con-equipo-de-buceo-t565328/
México;cabo-san-lucas-l306;608940;Cabo San Lucas Playa Migrino Y Aventura En Utv Por El Desierto;https://www.getyourguide.com/es-es/cabo-san-lucas-l306/cabo-san-lucas-playa-migrino-y-aventura-en-utv-por-el-desierto-t608940/
México;cancun-l150;619633;Aeropuerto De Cancun A Holbox Ferry Lanzadera Compartida;https://www.getyourguide.com/es-es/cancun-l150/aeropuerto-de-cancun-a-holbox-ferry-lanzadera-compartida-t619633/
México;cabo-san-lucas-l306;662043;Playa Can Am Sxs X3 Y Paseo En Camello En Cabo Por Cactus Tours;https://www.getyourguide.com/es-es/cabo-san-lucas-l306/playa-can-am-sxs-x3-y-paseo-en-camello-en-cabo-por-cactus-tours-t662043/
México;playa-del-carmen-l308;688877;Isla Mujeres Plus Experience Excursion En Catamaran Snorkelalmuerzo;https://www.getyourguide.com/es-es/playa-del-carmen-l308/isla-mujeres-plus-experience-excursion-en-catamaran-snorkelalmuerzo-t688877/
México;ciudad-de-mexico-l194;1276482;Ciudad De Mexico Paseo En Cablebus Y Visita A La Basilica De Guadalupe;https://www.getyourguide.com/es-es/ciudad-de-mexico-l194/ciudad-de-mexico-paseo-en-cablebus-y-visita-a-la-basilica-de-guadalupe-t1276482/
México;cancun-l150;709687;Cancun Inmersion De 2 Tanques Para Principiantes Con Musa E Inmersion En Arrecife;https://www.getyourguide.com/es-es/cancun-l150/cancun-inmersion-de-2-tanques-para-principiantes-con-musa-e-inmersion-en-arrecife-t709687/
México;ciudad-de-mexico-l194;1281538;Epico Tour A Pie Por Condesa Y Roma Norte Con Joyas Ocultas;https://www.getyourguide.com/es-es/ciudad-de-mexico-l194/epico-tour-a-pie-por-condesa-y-roma-norte-con-joyas-ocultas-t1281538/
México;municipio-oaxaca-de-juarez-l681;725367;Oaxaca Tour En Autobus Por La Ciudad Colonial;https://www.getyourguide.com/es-es/municipio-oaxaca-de-juarez-l681/oaxaca-tour-en-autobus-por-la-ciudad-colonial-t725367/
México;cancun-l150;756812;Cancun Traslado Al Aeropuerto;https://www.getyourguide.com/es-es/cancun-l150/cancun-traslado-al-aeropuerto-t756812/
México;cancun-l150;869499;Traslado Privado Grand Oasis Palm Cancun A Aeropuerto Cun;https://www.getyourguide.com/es-es/cancun-l150/traslado-privado-grand-oasis-palm-cancun-a-aeropuerto-cun-t869499/
México;chiquila-l192301;869606;Traslado Vip Hacia Isla Holbox En Lancha Rapida Desde Chiquila;https://www.getyourguide.com/es-es/chiquila-l192301/traslado-vip-hacia-isla-holbox-en-lancha-rapida-desde-chiquila-t869606/
México;palenque-chiapas-l179804;96264;Selva Lacandona Yaxchilan Y Bonampak;https://www.getyourguide.com/es-es/palenque-chiapas-l179804/selva-lacandona-yaxchilan-y-bonampak-t96264/
México;ciudad-de-mexico-l194;936118;Cdmx Show De Lucha Libre Y Degustacion De Licores;https://www.getyourguide.com/es-es/ciudad-de-mexico-l194/cdmx-show-de-lucha-libre-y-degustacion-de-licores-t936118/
México;ciudad-de-guanajuato-l2514;1055309;Serenata Privada En Guanajuato Con Grupo Musical La Estudiantina ;https://www.getyourguide.com/es-es/ciudad-de-guanajuato-l2514/serenata-privada-en-guanajuato-con-grupo-musical-la-estudiantina--t1055309/
México;monterrey-l679;451100;Parque Natural Chipinque Caminata Por La Mananatarde;https://www.getyourguide.com/es-es/monterrey-l679/parque-natural-chipinque-caminata-por-la-mananatarde-t451100/
México;san-miguel-de-cozumel-l141611;527665;Desde Cozumel Admision A Chankanaab Esnorquel Barra Libre Almuerzo;https://www.getyourguide.com/es-es/san-miguel-de-cozumel-l141611/desde-cozumel-admision-a-chankanaab-esnorquel-barra-libre-almuerzo-t527665/
México;municipio-de-mineral-del-chico-l208585;1152095;Laberinto Mistico;https://www.getyourguide.com/es-es/municipio-de-mineral-del-chico-l208585/laberinto-mistico-t1152095/
México;monterrey-l679;593258;Tour Termas De San Joaquin Traslados Ticket De Entrada;https://www.getyourguide.com/es-es/monterrey-l679/tour-termas-de-san-joaquin-traslados-ticket-de-entrada-t593258/
México;cancun-l150;595917;Tulum Aventura De Snorkel Y Cenote;https://www.getyourguide.com/es-es/cancun-l150/tulum-aventura-de-snorkel-y-cenote-t595917/
México;cabo-san-lucas-l306;603686;Avistamiento De Ballenas Cabo Excursion De Avistamiento De Ballenas En Grupo Fotos Gratis;https://www.getyourguide.com/es-es/cabo-san-lucas-l306/avistamiento-de-ballenas-cabo-excursion-de-avistamiento-de-ballenas-en-grupo-fotos-gratis-t603686/
México;municipio-de-morelia-l103020;1214319;Morelia Presa De Cointzio Kayak Picnic Y Bicicleta;https://www.getyourguide.com/es-es/municipio-de-morelia-l103020/morelia-presa-de-cointzio-kayak-picnic-y-bicicleta-t1214319/
México;san-miguel-de-allende-l2515;621661;Una Excursion No Masificada A Canada De La Virgen;https://www.getyourguide.com/es-es/san-miguel-de-allende-l2515/una-excursion-no-masificada-a-canada-de-la-virgen-t621661/
México;crucecita-l166888;652289;Tour Cascadas Cafe Y Aventura Huatulco;https://www.getyourguide.com/es-es/crucecita-l166888/tour-cascadas-cafe-y-aventura-huatulco-t652289/
México;san-jose-del-cabo-l967;658296;Excursion Encuentro Todos Santos;https://www.getyourguide.com/es-es/san-jose-del-cabo-l967/excursion-encuentro-todos-santos-t658296/
México;ciudad-de-mexico-l194;1244105;Tour A Pie Por El Centro Historico De Ciudad De Mexico Con Joyas Escondidas;https://www.getyourguide.com/es-es/ciudad-de-mexico-l194/tour-a-pie-por-el-centro-historico-de-ciudad-de-mexico-con-joyas-escondidas-t1244105/
México;san-miguel-de-cozumel-l141611;677851;Cozumel Experiencia De Buceo Nocturno Submarino Sea Trek;https://www.getyourguide.com/es-es/san-miguel-de-cozumel-l141611/cozumel-experiencia-de-buceo-nocturno-submarino-sea-trek-t677851/
México;san-cristobal-de-las-casas-l2166;694597;Palenque Sendero De La Selva Lacandona Aventura Ecoturistica;https://www.getyourguide.com/es-es/san-cristobal-de-las-casas-l2166/palenque-sendero-de-la-selva-lacandona-aventura-ecoturistica-t694597/
México;ensenada-l545;756893;Ensenada Tirolina Y Puentes Colgantes En Las Canadas;https://www.getyourguide.com/es-es/ensenada-l545/ensenada-tirolina-y-puentes-colgantes-en-las-canadas-t756893/
México;ciudad-de-mexico-l194;1311813;Ciudad De Mexico Experiencia De Realidad Virtual Con Arena Y Simuladores;https://www.getyourguide.com/es-es/ciudad-de-mexico-l194/ciudad-de-mexico-experiencia-de-realidad-virtual-con-arena-y-simuladores-t1311813/
México;tekom-l166480;774341;Tour De Los 4 Bacabes Experiencia Con Abejas Meliponas;https://www.getyourguide.com/es-es/tekom-l166480/tour-de-los-4-bacabes-experiencia-con-abejas-meliponas-t774341/
México;merida-l1903;780647;Desde Merida Traslado A Celestun Y Sisal;https://www.getyourguide.com/es-es/merida-l1903/desde-merida-traslado-a-celestun-y-sisal-t780647/
México;puerto-vallarta-l265;20726;Tour Gastronomico De 3 Horas Por La Autentica Cocina Local De Puerto Vallarta;https://www.getyourguide.com/es-es/puerto-vallarta-l265/tour-gastronomico-de-3-horas-por-la-autentica-cocina-local-de-puerto-vallarta-t20726/
México;cabo-san-lucas-l306;823965;Puerto Vallarta Tirolina Predator Y Aventura En La Jungla;https://www.getyourguide.com/es-es/cabo-san-lucas-l306/puerto-vallarta-tirolina-predator-y-aventura-en-la-jungla-t823965/
México;puerto-aventuras-l964;844413;Riviera Maya Cenotes De Kantun Chi;https://www.getyourguide.com/es-es/puerto-aventuras-l964/riviera-maya-cenotes-de-kantun-chi-t844413/
México;cabo-san-lucas-l306;263582;Cabo Crucero En Yate Con Snorkel Comida De Lujo Y Barra Libre;https://www.getyourguide.com/es-es/cabo-san-lucas-l306/cabo-crucero-en-yate-con-snorkel-comida-de-lujo-y-barra-libre-t263582/
México;veracruz-l683;890508;Desde Veracruz La Antigua Y Cempoala;https://www.getyourguide.com/es-es/veracruz-l683/desde-veracruz-la-antigua-y-cempoala-t890508/
México;ciudad-de-mexico-l194;955363;Museum Night In Mexico City By Capital Bus;https://www.getyourguide.com/es-es/ciudad-de-mexico-l194/museum-night-in-mexico-city-by-capital-bus-t955363/
México;cancun-l150;1008546;Cancun Renta De Yate Sea Ray F43 A Isla Mujeres;https://www.getyourguide.com/es-es/cancun-l150/cancun-renta-de-yate-sea-ray-f43-a-isla-mujeres-t1008546/
México;cancun-l150;500902;Cancun Experiencia De Cata De Tequila Con Maridaje;https://www.getyourguide.com/es-es/cancun-l150/cancun-experiencia-de-cata-de-tequila-con-maridaje-t500902/
México;ciudad-de-guanajuato-l2514;534140;Ciudad De Guanajuato Recorrido En Bicicleta;https://www.getyourguide.com/es-es/ciudad-de-guanajuato-l2514/ciudad-de-guanajuato-recorrido-en-bicicleta-t534140/
México;santa-maria-huatulco-l781;537065;Huatulco Cata De Cafe Local Y Experiencia Cultural;https://www.getyourguide.com/es-es/santa-maria-huatulco-l781/huatulco-cata-de-cafe-local-y-experiencia-cultural-t537065/
México;ciudad-de-mexico-l194;1113954;Ciudad De Mexico Paseo Fotografico Y Picnic En Chimalistac Coyoacan;https://www.getyourguide.com/es-es/ciudad-de-mexico-l194/ciudad-de-mexico-paseo-fotografico-y-picnic-en-chimalistac-coyoacan-t1113954/
México;ocosingo-l192445;1172590;Desde San Cristobal El Paraiso Escondido De La Laguna De Miramar;https://www.getyourguide.com/es-es/ocosingo-l192445/desde-san-cristobal-el-paraiso-escondido-de-la-laguna-de-miramar-t1172590/
México;cabo-san-lucas-l306;681736;Los Cabos Arch Tour Bebidas Tour De Snorkel;https://www.getyourguide.com/es-es/cabo-san-lucas-l306/los-cabos-arch-tour-bebidas-tour-de-snorkel-t681736/
México;puerto-vallarta-l265;683537;Puerto Vallarta Encuentro Con Las Ballenas;https://www.getyourguide.com/es-es/puerto-vallarta-l265/puerto-vallarta-encuentro-con-las-ballenas-t683537/
México;mahahual-l168421;698176;Costa Maya Excursion En Crucero Privado A Las Ruinas Mayas De Chacchoben;https://www.getyourguide.com/es-es/mahahual-l168421/costa-maya-excursion-en-crucero-privado-a-las-ruinas-mayas-de-chacchoben-t698176/
México;tulum-l248;1222062;Playa Del Carmen Tour A Ruinas Mayas Parque Jaguar Y Cenote;https://www.getyourguide.com/es-es/tulum-l248/playa-del-carmen-tour-a-ruinas-mayas-parque-jaguar-y-cenote-t1222062/
México;veracruz-l683;763366;Travesia A Salmedina En Catamaran;https://www.getyourguide.com/es-es/veracruz-l683/travesia-a-salmedina-en-catamaran-t763366/
México;cancun-l150;772052;Aeropuerto De Cancun Traslados Privados Desdehacia Costa Mujeres;https://www.getyourguide.com/es-es/cancun-l150/aeropuerto-de-cancun-traslados-privados-desdehacia-costa-mujeres-t772052/
México;ciudad-de-mexico-l194;836325;Cdmx Fiesta En Trajinera En Xochimilco Bebidas Mariachi Y Snacks;https://www.getyourguide.com/es-es/ciudad-de-mexico-l194/cdmx-fiesta-en-trajinera-en-xochimilco-bebidas-mariachi-y-snacks-t836325/
México;bacalar-l95624;849688;Bacalar Paseo En Velero Por La Laguna Con Snacks Y Bebidas;https://www.getyourguide.com/es-es/bacalar-l95624/bacalar-paseo-en-velero-por-la-laguna-con-snacks-y-bebidas-t849688/
México;mazatlan-l808;894738;Mazatlan Munba Ticket De Entrada Al Museo Interactivo Del Oceano;https://www.getyourguide.com/es-es/mazatlan-l808/mazatlan-munba-ticket-de-entrada-al-museo-interactivo-del-oceano-t894738/
México;teotitlan-del-valle-l135632;942620;Oaxaca Autentica Cocina Zapoteca Del Mercado A La Mesa;https://www.getyourguide.com/es-es/teotitlan-del-valle-l135632/oaxaca-autentica-cocina-zapoteca-del-mercado-a-la-mesa-t942620/
México;cabo-san-lucas-l306;946886;Tour De La Ciudad De Cabo San Lucas Y Barco Transparente Al Arco;https://www.getyourguide.com/es-es/cabo-san-lucas-l306/tour-de-la-ciudad-de-cabo-san-lucas-y-barco-transparente-al-arco-t946886/
México;puerto-vallarta-l265;119080;Excursion De Senderismo Por El Rio Puerto Vallarta;https://www.getyourguide.com/es-es/puerto-vallarta-l265/excursion-de-senderismo-por-el-rio-puerto-vallarta-t119080/
México;teotitlan-del-valle-l135632;1118447;Tour A Monte Alban Y Mitla En Un Dia;https://www.getyourguide.com/es-es/teotitlan-del-valle-l135632/tour-a-monte-alban-y-mitla-en-un-dia-t1118447/
México;merida-l1903;1139072;Desde Merida Tour A Celestun Ruta Flamenco Manglares Y Estuario;https://www.getyourguide.com/es-es/merida-l1903/desde-merida-tour-a-celestun-ruta-flamenco-manglares-y-estuario-t1139072/
México;cabo-san-lucas-l306;400633;Los Cabos Excursion De Un Dia Con Barco Soplado De Vidrio Y Comida;https://www.getyourguide.com/es-es/cabo-san-lucas-l306/los-cabos-excursion-de-un-dia-con-barco-soplado-de-vidrio-y-comida-t400633/
México;puerto-vallarta-l265;1148406;Drag Queen Makeover Experience In Puerto Vallarta;https://www.getyourguide.com/es-es/puerto-vallarta-l265/drag-queen-makeover-experience-in-puerto-vallarta-t1148406/
México;municipio-oaxaca-de-juarez-l681;1174725;Oaxaca Tour Gastronomico Nocturno De Comida Callejera Con Mas De 14 Degustaciones;https://www.getyourguide.com/es-es/municipio-oaxaca-de-juarez-l681/oaxaca-tour-gastronomico-nocturno-de-comida-callejera-con-mas-de-14-degustaciones-t1174725/
México;bacalar-l95624;560824;Excursion En Paddleboard O Kayak Al Amanecer En La Laguna De Bacalar;https://www.getyourguide.com/es-es/bacalar-l95624/excursion-en-paddleboard-o-kayak-al-amanecer-en-la-laguna-de-bacalar-t560824/
México;puerto-vallarta-l265;571838;Tour De La Ciudad La Experiencia Privada;https://www.getyourguide.com/es-es/puerto-vallarta-l265/tour-de-la-ciudad-la-experiencia-privada-t571838/
México;guadalajara-l677;608318;Destino Tequila Experiencia Premier Privada;https://www.getyourguide.com/es-es/guadalajara-l677/destino-tequila-experiencia-premier-privada-t608318/
México;puerto-vallarta-l265;681154;Puerto Vallarta Descubre La Ciudad Y La Jungla;https://www.getyourguide.com/es-es/puerto-vallarta-l265/puerto-vallarta-descubre-la-ciudad-y-la-jungla-t681154/
México;puerto-vallarta-l265;683602;Puerto Vallarta Excursion En Quad Canopy El Eden;https://www.getyourguide.com/es-es/puerto-vallarta-l265/puerto-vallarta-excursion-en-quad-canopy-el-eden-t683602/
México;zihuatanejo-l392;725446;Zihuatanejo Excursion Por El Campo;https://www.getyourguide.com/es-es/zihuatanejo-l392/zihuatanejo-excursion-por-el-campo-t725446/
México;playa-del-carmen-l308;750978;Adrenaline Tour;https://www.getyourguide.com/es-es/playa-del-carmen-l308/adrenaline-tour-t750978/
México;rincon-de-guayabitos-l212934;787826;Guayabitos Snorkeling And Beach Adventure On Coral Island;https://www.getyourguide.com/es-es/rincon-de-guayabitos-l212934/guayabitos-snorkeling-and-beach-adventure-on-coral-island-t787826/
México;cabo-san-lucas-l306;208458;Cabo San Lucas Crucero Con Cena Al Atardecer;https://www.getyourguide.com/es-es/cabo-san-lucas-l306/cabo-san-lucas-crucero-con-cena-al-atardecer-t208458/
México;cancun-l150;832273;Cancun Isla Mujeres Solo Adultos Catamaran Bebidas Y Snorkel;https://www.getyourguide.com/es-es/cancun-l150/cancun-isla-mujeres-solo-adultos-catamaran-bebidas-y-snorkel-t832273/
México;cancun-l150;873154;Traslado Privado Aeropuerto Cun A Moon Palace Sunrise Cancun;https://www.getyourguide.com/es-es/cancun-l150/traslado-privado-aeropuerto-cun-a-moon-palace-sunrise-cancun-t873154/
México;mazatlan-l808;913691;Mazatlan City Tour Privado Para Pasajeros De Cruceros;https://www.getyourguide.com/es-es/mazatlan-l808/mazatlan-city-tour-privado-para-pasajeros-de-cruceros-t913691/
México;la-cruz-de-huanacaxtle-l94044;469355;Yate Privado De Lujo Chica 55 Vip Con Todo Incluido Moto Acuatica;https://www.getyourguide.com/es-es/la-cruz-de-huanacaxtle-l94044/yate-privado-de-lujo-chica-55-vip-con-todo-incluido-moto-acuatica-t469355/
México;playa-del-carmen-l308;956716;Playa Del Carmen Excursion Temprana A Chichen Itza Con Servicio De Recogida Del Hotel;https://www.getyourguide.com/es-es/playa-del-carmen-l308/playa-del-carmen-excursion-temprana-a-chichen-itza-con-servicio-de-recogida-del-hotel-t956716/
México;cancun-l150;956948;Cancun Isla Mujeres Catamaran Todo Incluido Con Recogida;https://www.getyourguide.com/es-es/cancun-l150/cancun-isla-mujeres-catamaran-todo-incluido-con-recogida-t956948/
México;playa-del-carmen-l308;974970;Entrada Al Parque Xplor;https://www.getyourguide.com/es-es/playa-del-carmen-l308/entrada-al-parque-xplor-t974970/
México;cancun-l150;978507;Desde Riviera Maya Parque Xel Ha Todo Incluido;https://www.getyourguide.com/es-es/cancun-l150/desde-riviera-maya-parque-xel-ha-todo-incluido-t978507/
México;bacalar-l95624;981760;Bacalar Tour Ecologico En Velero Catamaran Hobbie Getaway;https://www.getyourguide.com/es-es/bacalar-l95624/bacalar-tour-ecologico-en-velero-catamaran-hobbie-getaway-t981760/
México;municipio-de-teotihuacan-l165488;987263;Teotihuacan Paseo En Globo Privado Con Opcion De Transporte;https://www.getyourguide.com/es-es/municipio-de-teotihuacan-l165488/teotihuacan-paseo-en-globo-privado-con-opcion-de-transporte-t987263/
México;progreso-l95507;412195;Desde Progreso Excursion En Quad Al Pueblo Fantasma Y Acceso Al Club De Playa;https://www.getyourguide.com/es-es/progreso-l95507/desde-progreso-excursion-en-quad-al-pueblo-fantasma-y-acceso-al-club-de-playa-t412195/
México;ciudad-de-guanajuato-l2514;462923;Tour Privado A Dolores Hidalgo Y San Miguel De Allende;https://www.getyourguide.com/es-es/ciudad-de-guanajuato-l2514/tour-privado-a-dolores-hidalgo-y-san-miguel-de-allende-t462923/
México;monterrey-l679;607398;Desde Monterrey Excursion De Un Dia A Cuatro Cienegas;https://www.getyourguide.com/es-es/monterrey-l679/desde-monterrey-excursion-de-un-dia-a-cuatro-cienegas-t607398/
México;uxmal-l114187;1141497;Uxmal Visita Guiada Al Yacimiento Arqueologico;https://www.getyourguide.com/es-es/uxmal-l114187/uxmal-visita-guiada-al-yacimiento-arqueologico-t1141497/
México;guadalajara-l677;1143476;Crea Disfruta Y Relajate Clase De Ceramica En La Ciudad De Guadalajara;https://www.getyourguide.com/es-es/guadalajara-l677/crea-disfruta-y-relajate-clase-de-ceramica-en-la-ciudad-de-guadalajara-t1143476/
México;akumal-l2807;703623;Akumal Traslado Privado En Furgoneta Al Aeropuerto De Cancun;https://www.getyourguide.com/es-es/akumal-l2807/akumal-traslado-privado-en-furgoneta-al-aeropuerto-de-cancun-t703623/
México;cabo-san-lucas-l306;721183;Desde Cabo San Lucas Todos Santos Ida Y Vuelta;https://www.getyourguide.com/es-es/cabo-san-lucas-l306/desde-cabo-san-lucas-todos-santos-ida-y-vuelta-t721183/
México;ciudad-de-mexico-l194;1310111;Ciudad De Mexico Tour Guiado Museo Nacional De Antropologia Y Entrada;https://www.getyourguide.com/es-es/ciudad-de-mexico-l194/ciudad-de-mexico-tour-guiado-museo-nacional-de-antropologia-y-entrada-t1310111/
México;puerto-escondido-l32155;1325055;Excursion A Puerto Escondido Desde Oaxaca Playas Y Costa Oaxaquena;https://www.getyourguide.com/es-es/puerto-escondido-l32155/excursion-a-puerto-escondido-desde-oaxaca-playas-y-costa-oaxaquena-t1325055/
México;cancun-l150;923221;Cancun Museo Subacuatico Y Arrecife Manchones;https://www.getyourguide.com/es-es/cancun-l150/cancun-museo-subacuatico-y-arrecife-manchones-t923221/
México;cancun-l150;94104;Traslado Privado De Lujo Del Aeropuerto De Cancun Cun A Holbox;https://www.getyourguide.com/es-es/cancun-l150/traslado-privado-de-lujo-del-aeropuerto-de-cancun-cun-a-holbox-t94104/
México;nuevo-vallarta-l92762;256627;Desde Nuevo Vallarta Excursion De Un Dia A Sayulita Y San Pancho;https://www.getyourguide.com/es-es/nuevo-vallarta-l92762/desde-nuevo-vallarta-excursion-de-un-dia-a-sayulita-y-san-pancho-t256627/
México;puerto-vallarta-l265;317707;Puerto Vallarta Tour En Barco Con Paradas En La Playa Y Paseo A Caballo;https://www.getyourguide.com/es-es/puerto-vallarta-l265/puerto-vallarta-tour-en-barco-con-paradas-en-la-playa-y-paseo-a-caballo-t317707/
México;bacalar-l95624;399629;Bacalar Excursion En Barco De 3 Horas Con Bano Y Bebidas;https://www.getyourguide.com/es-es/bacalar-l95624/bacalar-excursion-en-barco-de-3-horas-con-bano-y-bebidas-t399629/
México;cancun-l150;1084456;Akumal Tour De Esnorquel Con Tortugas Marinas Y Entrada Al Parque Incluida;https://www.getyourguide.com/es-es/cancun-l150/akumal-tour-de-esnorquel-con-tortugas-marinas-y-entrada-al-parque-incluida-t1084456/
México;sayulita-l32371;415665;Sayulita Excursion A Caballo;https://www.getyourguide.com/es-es/sayulita-l32371/sayulita-excursion-a-caballo-t415665/
México;guadalajara-l677;416205;Desde Guadalajara Recorrido Por La Ciudad De Tequila Y La Fabrica De Jose Cuervo;https://www.getyourguide.com/es-es/guadalajara-l677/desde-guadalajara-recorrido-por-la-ciudad-de-tequila-y-la-fabrica-de-jose-cuervo-t416205/
México;cancun-l150;421440;Cancun Cun Airport Mera Lounge Access Ticket;https://www.getyourguide.com/es-es/cancun-l150/cancun-cun-airport-mera-lounge-access-ticket-t421440/
México;merida-l1903;455520;Desde Merida Excursion Guiada Por Izamal Y Valladolid Y Comida En Yucatan;https://www.getyourguide.com/es-es/merida-l1903/desde-merida-excursion-guiada-por-izamal-y-valladolid-y-comida-en-yucatan-t455520/
México;cabo-san-lucas-l306;1178578;Tour Por Cabo San Lucas Arco Playa Del Amor Y Avistamiento De Ballenas;https://www.getyourguide.com/es-es/cabo-san-lucas-l306/tour-por-cabo-san-lucas-arco-playa-del-amor-y-avistamiento-de-ballenas-t1178578/
México;la-paz-mexico-l2930;563660;Transportacion Privada Ida Y Vuelta Aeropuerto Los Cabos;https://www.getyourguide.com/es-es/la-paz-mexico-l2930/transportacion-privada-ida-y-vuelta-aeropuerto-los-cabos-t563660/
México;puerto-vallarta-l265;1216816;Visita El Parque Acuatico Natural En Puerto Vallarta Con Comida Y Bebidas;https://www.getyourguide.com/es-es/puerto-vallarta-l265/visita-el-parque-acuatico-natural-en-puerto-vallarta-con-comida-y-bebidas-t1216816/
México;zihuatanejo-l392;660325;Ixtapa Paseos A Caballo Y Snorkel;https://www.getyourguide.com/es-es/zihuatanejo-l392/ixtapa-paseos-a-caballo-y-snorkel-t660325/
México;cancun-l150;676469;Cancun Traslado Privado Del Aeropuerto De Cancun Al Hotel Seleccionado;https://www.getyourguide.com/es-es/cancun-l150/cancun-traslado-privado-del-aeropuerto-de-cancun-al-hotel-seleccionado-t676469/
México;san-miguel-de-cozumel-l141611;677949;Cozumel Aventura Sea Trek En El Parque Nacional De Chankanaab;https://www.getyourguide.com/es-es/san-miguel-de-cozumel-l141611/cozumel-aventura-sea-trek-en-el-parque-nacional-de-chankanaab-t677949/
México;taxco-de-alarcon-l364;763970;Taxco Excursion Para Descubrir Las Pozas Azules;https://www.getyourguide.com/es-es/taxco-de-alarcon-l364/taxco-excursion-para-descubrir-las-pozas-azules-t763970/
México;cancun-l150;876408;Catamaran De Cancun A Isla Mujeres Snorkel Barra Libre Y Almuerzo;https://www.getyourguide.com/es-es/cancun-l150/catamaran-de-cancun-a-isla-mujeres-snorkel-barra-libre-y-almuerzo-t876408/
México;cancun-l150;931765;Isla Mujeres Paseo En Catamaran Con Barra Libre Snorkel Y Almuerzo;https://www.getyourguide.com/es-es/cancun-l150/isla-mujeres-paseo-en-catamaran-con-barra-libre-snorkel-y-almuerzo-t931765/
México;ciudad-de-mexico-l194;957604;Ciudad De Mexico Teotihuacan Primera Entrada Con Guia Experto;https://www.getyourguide.com/es-es/ciudad-de-mexico-l194/ciudad-de-mexico-teotihuacan-primera-entrada-con-guia-experto-t957604/
México;ciudad-de-mexico-l194;959199;Desde Cdmx Paseo En Globo Visitas Guiadas A Teotihuacan Y Guadalupe;https://www.getyourguide.com/es-es/ciudad-de-mexico-l194/desde-cdmx-paseo-en-globo-visitas-guiadas-a-teotihuacan-y-guadalupe-t959199/
México;tulum-l248;1024476;Tulum Ruinas Mayas Cenote Y Laguna De Yalku;https://www.getyourguide.com/es-es/tulum-l248/tulum-ruinas-mayas-cenote-y-laguna-de-yalku-t1024476/
México;bacalar-l95624;521816;Desde Chetumalbacalar Traslado De Ida A Valladolid;https://www.getyourguide.com/es-es/bacalar-l95624/desde-chetumalbacalar-traslado-de-ida-a-valladolid-t521816/
México;mismaloya-l190181;1100860;Puerto Vallarta Tour En Yate Para Despedida De Soltera Por Playas Iconicas;https://www.getyourguide.com/es-es/mismaloya-l190181/puerto-vallarta-tour-en-yate-para-despedida-de-soltera-por-playas-iconicas-t1100860/
México;cabo-san-lucas-l306;638680;Sesion Fotografica Privada En Los Cabos;https://www.getyourguide.com/es-es/cabo-san-lucas-l306/sesion-fotografica-privada-en-los-cabos-t638680/
México;el-cedral-l194729;677274;Cozumel 10 Dias De Formacion De 200 Horas Para Profesores De Yoga;https://www.getyourguide.com/es-es/el-cedral-l194729/cozumel-10-dias-de-formacion-de-200-horas-para-profesores-de-yoga-t677274/
México;ciudad-de-mexico-l194;1153936;Mexico City S Time Machine Tour;https://www.getyourguide.com/es-es/ciudad-de-mexico-l194/mexico-city-s-time-machine-tour-t1153936/
México;acapulco-de-juarez-l307;723186; Acapulco Degustacion De Tacos Con Guia Local;https://www.getyourguide.com/es-es/acapulco-de-juarez-l307/-acapulco-degustacion-de-tacos-con-guia-local-t723186/
México;san-jose-del-cabo-l967;730850;Cabo San Lucas Paseo Del Arte En San Jose Del Cabo;https://www.getyourguide.com/es-es/san-jose-del-cabo-l967/cabo-san-lucas-paseo-del-arte-en-san-jose-del-cabo-t730850/
México;cabo-san-lucas-l306;734390;Cabo San Lucas Traslado Al Aeropuerto Premium;https://www.getyourguide.com/es-es/cabo-san-lucas-l306/cabo-san-lucas-traslado-al-aeropuerto-premium-t734390/
México;acapulco-de-juarez-l307;742566;Acapulco Espectaculo Expres De Buceo En Acantilados;https://www.getyourguide.com/es-es/acapulco-de-juarez-l307/acapulco-espectaculo-expres-de-buceo-en-acantilados-t742566/
México;cancun-l150;1174361;Cancun Tour Gastronomico Tortilla Trails Con Mas De 15 Degustaciones;https://www.getyourguide.com/es-es/cancun-l150/cancun-tour-gastronomico-tortilla-trails-con-mas-de-15-degustaciones-t1174361/
México;cancun-l150;789894;Comida Mexicana Y Fiesta En El Paso De La Rana;https://www.getyourguide.com/es-es/cancun-l150/comida-mexicana-y-fiesta-en-el-paso-de-la-rana-t789894/
México;san-miguel-de-allende-l2515;1224545;San Miguel De Allende Experiencia De Degustacion De Mezcal;https://www.getyourguide.com/es-es/san-miguel-de-allende-l2515/san-miguel-de-allende-experiencia-de-degustacion-de-mezcal-t1224545/
México;ciudad-de-mexico-l194;1249184;Cdmx Tour A Teotihuacan Y Basilica De Guadalupe Con Barbacoa Local;https://www.getyourguide.com/es-es/ciudad-de-mexico-l194/cdmx-tour-a-teotihuacan-y-basilica-de-guadalupe-con-barbacoa-local-t1249184/
México;ciudad-de-mexico-l194;1287590;Cdmx Ticket De Entrada Al Templo Mayor;https://www.getyourguide.com/es-es/ciudad-de-mexico-l194/cdmx-ticket-de-entrada-al-templo-mayor-t1287590/
México;cancun-l150;929655;Cancun Almuerzo Con Tacos Ilimitados Y Experiencia De Compras Con Guia;https://www.getyourguide.com/es-es/cancun-l150/cancun-almuerzo-con-tacos-ilimitados-y-experiencia-de-compras-con-guia-t929655/
México;ciudad-de-mexico-l194;1025543;Conoce Mexico A Traves De Sus Bordados Y Textiles Tour Y Taller;https://www.getyourguide.com/es-es/ciudad-de-mexico-l194/conoce-mexico-a-traves-de-sus-bordados-y-textiles-tour-y-taller-t1025543/
México;merida-l1903;1062096;Yucatan Tour En Bicicleta Por Paisajes Con Bano En Cenotes Y Almuerzo;https://www.getyourguide.com/es-es/merida-l1903/yucatan-tour-en-bicicleta-por-paisajes-con-bano-en-cenotes-y-almuerzo-t1062096/
México;la-paz-mexico-l2930;1103253;Esnorquel Con Tiburones Ballena En Grupo Pequeno En La Paz Bcs Mexico;https://www.getyourguide.com/es-es/la-paz-mexico-l2930/esnorquel-con-tiburones-ballena-en-grupo-pequeno-en-la-paz-bcs-mexico-t1103253/
México;zihuatanejo-l392;1172760;Ixtapa Zihuatanaejo Zona Arqueologica Y Museo Del Coco Tour;https://www.getyourguide.com/es-es/zihuatanejo-l392/ixtapa-zihuatanaejo-zona-arqueologica-y-museo-del-coco-tour-t1172760/
México;cancun-l150;516348;Transporte Privado Del Aeropuerto De Cancun A Los Hoteles De Cancun;https://www.getyourguide.com/es-es/cancun-l150/transporte-privado-del-aeropuerto-de-cancun-a-los-hoteles-de-cancun-t516348/
México;municipio-oaxaca-de-juarez-l681;571048;Aeropuerto De Xoxocotlan Traslado Privado A La Ciudad De Oaxaca;https://www.getyourguide.com/es-es/municipio-oaxaca-de-juarez-l681/aeropuerto-de-xoxocotlan-traslado-privado-a-la-ciudad-de-oaxaca-t571048/
México;ciudad-de-mexico-l194;1249434;Cdmx Experiencia En Garibaldi Tequila Tacos Y Mariachis;https://www.getyourguide.com/es-es/ciudad-de-mexico-l194/cdmx-experiencia-en-garibaldi-tequila-tacos-y-mariachis-t1249434/
México;cabo-san-lucas-l306;667854;Cabo San Lucas Paseos A Caballo Corredor Turistico;https://www.getyourguide.com/es-es/cabo-san-lucas-l306/cabo-san-lucas-paseos-a-caballo-corredor-turistico-t667854/
México;cancun-l150;672600;Cancun Catamaran Privado De Medio Dia A Isla Mujeres;https://www.getyourguide.com/es-es/cancun-l150/cancun-catamaran-privado-de-medio-dia-a-isla-mujeres-t672600/
México;puerto-vallarta-l265;694788;Puerto Vallarta Tour Del Taco Y Experiencia Del Tequila;https://www.getyourguide.com/es-es/puerto-vallarta-l265/puerto-vallarta-tour-del-taco-y-experiencia-del-tequila-t694788/
México;queretaro-l1170;703345;Queretaro Ruta Del Arte El Queso Y El Vino;https://www.getyourguide.com/es-es/queretaro-l1170/queretaro-ruta-del-arte-el-queso-y-el-vino-t703345/
México;cancun-l150;703676;Cancun Traslado Privado En Furgoneta A Tulum;https://www.getyourguide.com/es-es/cancun-l150/cancun-traslado-privado-en-furgoneta-a-tulum-t703676/
México;cancun-l150;703689;Cancun Traslado Privado En Furgoneta A El Cuyo;https://www.getyourguide.com/es-es/cancun-l150/cancun-traslado-privado-en-furgoneta-a-el-cuyo-t703689/
México;ciudad-de-mexico-l194;729708;Ciudad De Mexico Experiencia En La Zona Rosa;https://www.getyourguide.com/es-es/ciudad-de-mexico-l194/ciudad-de-mexico-experiencia-en-la-zona-rosa-t729708/
México;ciudad-de-mexico-l194;3729;Ballet Folclorico Mexicano En Ciudad De Mexico;https://www.getyourguide.com/es-es/ciudad-de-mexico-l194/ballet-folclorico-mexicano-en-ciudad-de-mexico-t3729/
México;tulum-l248;819523;Tulum Mexico Excursion De Snorkel En Cuevas Y Salto De Acantilados;https://www.getyourguide.com/es-es/tulum-l248/tulum-mexico-excursion-de-snorkel-en-cuevas-y-salto-de-acantilados-t819523/
México;playa-del-carmen-l308;845740;Patrimonio Maya De Los Rituales A La Vida Cotidiana Visita Al Pueblo Maya;https://www.getyourguide.com/es-es/playa-del-carmen-l308/patrimonio-maya-de-los-rituales-a-la-vida-cotidiana-visita-al-pueblo-maya-t845740/
México;puerto-vallarta-l265;846396;Puerto Vallarta Aventura Privada En Yate 5 Horas 1 Hora Gratis;https://www.getyourguide.com/es-es/puerto-vallarta-l265/puerto-vallarta-aventura-privada-en-yate-5-horas-1-hora-gratis-t846396/
México;ciudad-de-mexico-l194;884358;Ciudad De Mexico Mystika Experiencia De Relajacion;https://www.getyourguide.com/es-es/ciudad-de-mexico-l194/ciudad-de-mexico-mystika-experiencia-de-relajacion-t884358/
México;tulum-l248;391513;Desde Riviera Maya Descubre Sian Ka An Con Almuerzo;https://www.getyourguide.com/es-es/tulum-l248/desde-riviera-maya-descubre-sian-ka-an-con-almuerzo-t391513/
México;puerto-vallarta-l265;499557;Puerto Vallarta Caminata De 4 Horas Por La Selva Y Bano En La Cascada;https://www.getyourguide.com/es-es/puerto-vallarta-l265/puerto-vallarta-caminata-de-4-horas-por-la-selva-y-bano-en-la-cascada-t499557/
México;palenque-chiapas-l179804;519092;Desde Palenque Las Cascadas De Misol Ha Y Agua Azul;https://www.getyourguide.com/es-es/palenque-chiapas-l179804/desde-palenque-las-cascadas-de-misol-ha-y-agua-azul-t519092/
México;cabo-san-lucas-l306;551106;Avistamiento De Ballenas En Barco Con Fondo De Cristal;https://www.getyourguide.com/es-es/cabo-san-lucas-l306/avistamiento-de-ballenas-en-barco-con-fondo-de-cristal-t551106/
México;cancun-l150;663464;Cancun Naufragio Y Arrecife Para Buceadores Certificados;https://www.getyourguide.com/es-es/cancun-l150/cancun-naufragio-y-arrecife-para-buceadores-certificados-t663464/
México;tulum-l248;672841;Tulum Ruinas Y Jungla Experiencia De Dia Completo En Atv;https://www.getyourguide.com/es-es/tulum-l248/tulum-ruinas-y-jungla-experiencia-de-dia-completo-en-atv-t672841/
México;municipio-oaxaca-de-juarez-l681;704089;Oaxaca Tour Arbol Del Tule Teotitlan Mitla Y Hierve El Agua;https://www.getyourguide.com/es-es/municipio-oaxaca-de-juarez-l681/oaxaca-tour-arbol-del-tule-teotitlan-mitla-y-hierve-el-agua-t704089/
México;ensenada-l545;756862;Ensenada Famoso Almuerzo De Langosta De Puerto Nuevo;https://www.getyourguide.com/es-es/ensenada-l545/ensenada-famoso-almuerzo-de-langosta-de-puerto-nuevo-t756862/
México;mazatlan-l808;782201;Mazatlan Tour Turistico Y De Playa Todo Incluido;https://www.getyourguide.com/es-es/mazatlan-l808/mazatlan-tour-turistico-y-de-playa-todo-incluido-t782201/
México;becal-l149663;1216847;Experiencia Con Artesanos De Sombreros De Pijijapan En Merida;https://www.getyourguide.com/es-es/becal-l149663/experiencia-con-artesanos-de-sombreros-de-pijijapan-en-merida-t1216847/
México;leon-mexico-l155751;802202;Guanajuato Pedestrian Route And Shopping Tour Leon Guanajuato;https://www.getyourguide.com/es-es/leon-mexico-l155751/guanajuato-pedestrian-route-and-shopping-tour-leon-guanajuato-t802202/
México;santa-maria-huatulco-l781;810758;Waterfalls Copalita;https://www.getyourguide.com/es-es/santa-maria-huatulco-l781/waterfalls-copalita-t810758/
México;puerto-vallarta-l265;818323;Puerto Vallarta Excursion De Snorkel A Los Arcos De Mismaloya;https://www.getyourguide.com/es-es/puerto-vallarta-l265/puerto-vallarta-excursion-de-snorkel-a-los-arcos-de-mismaloya-t818323/
México;xtampu-l214979;1288853;Motul Desayuno Local Cenote Hacienda Lagunas Rosas Y Playa Progreso;https://www.getyourguide.com/es-es/xtampu-l214979/motul-desayuno-local-cenote-hacienda-lagunas-rosas-y-playa-progreso-t1288853/
México;santiago-apoala-l166485;1289185;Santiago Apoala Tour To Waterfalls Twin Cliffs Enchanted Lagoon Hike;https://www.getyourguide.com/es-es/santiago-apoala-l166485/santiago-apoala-tour-to-waterfalls-twin-cliffs-enchanted-lagoon-hike-t1289185/
México;cancun-l150;950634;Cancun Excursion En Catamaran A Isla Mujeres Con Barra Libre Y Almuerzo;https://www.getyourguide.com/es-es/cancun-l150/cancun-excursion-en-catamaran-a-isla-mujeres-con-barra-libre-y-almuerzo-t950634/
México;ciudad-de-mexico-l194;3749;Garibaldi De Noche Con Cena En Bellini;https://www.getyourguide.com/es-es/ciudad-de-mexico-l194/garibaldi-de-noche-con-cena-en-bellini-t3749/
México;ciudad-de-mexico-l194;987129;Ciudad De Mexico Lucha Libre Veganavegetariana Cantinas Y Mariachi;https://www.getyourguide.com/es-es/ciudad-de-mexico-l194/ciudad-de-mexico-lucha-libre-veganavegetariana-cantinas-y-mariachi-t987129/
México;la-paz-mexico-l2930;1016785;La Paz Traslado Al Aeropuerto Y Tour De Bienvenida Por La Ciudad;https://www.getyourguide.com/es-es/la-paz-mexico-l2930/la-paz-traslado-al-aeropuerto-y-tour-de-bienvenida-por-la-ciudad-t1016785/
México;puerto-vallarta-l265;1024415;Puerto Vallarta Experiencia Practica En Una Granja Desde La Vaca Hasta El Queso;https://www.getyourguide.com/es-es/puerto-vallarta-l265/puerto-vallarta-experiencia-practica-en-una-granja-desde-la-vaca-hasta-el-queso-t1024415/
México;mazatlan-l808;1079380;Mazatlan Tour Fruticola Con Almuerzo Y Degustacion De Mezcal;https://www.getyourguide.com/es-es/mazatlan-l808/mazatlan-tour-fruticola-con-almuerzo-y-degustacion-de-mezcal-t1079380/
México;cancun-l150;411228;Cancun Experiencia De Kayak Al Atardecer En Los Manglares;https://www.getyourguide.com/es-es/cancun-l150/cancun-experiencia-de-kayak-al-atardecer-en-los-manglares-t411228/
México;cancun-l150;1177355;Cancun City Tour Orfebreria Tequila Y Vistas Panoramicas;https://www.getyourguide.com/es-es/cancun-l150/cancun-city-tour-orfebreria-tequila-y-vistas-panoramicas-t1177355/
México;santiago-nuevo-leon-l149358;1201272;Vuelo En Paratrikke En Monterrey;https://www.getyourguide.com/es-es/santiago-nuevo-leon-l149358/vuelo-en-paratrikke-en-monterrey-t1201272/
México;la-paz-mexico-l2930;531653;Manglares Y Playas Senderismo Por Balandra La Paz;https://www.getyourguide.com/es-es/la-paz-mexico-l2930/manglares-y-playas-senderismo-por-balandra-la-paz-t531653/
México;santa-maria-huatulco-l781;537200;Huatulco Experiencia Familiar Premium De Snorkel;https://www.getyourguide.com/es-es/santa-maria-huatulco-l781/huatulco-experiencia-familiar-premium-de-snorkel-t537200/
México;cabo-san-lucas-l306;1277566;Cabo San Lucas Tour En Barco Por El Arco Y Avistamiento De Ballenas;https://www.getyourguide.com/es-es/cabo-san-lucas-l306/cabo-san-lucas-tour-en-barco-por-el-arco-y-avistamiento-de-ballenas-t1277566/
México;puerto-vallarta-l265;1287963;;https://www.getyourguide.com/es-es/puerto-vallarta-l265/-t1287963/
México;tulum-l248;1288861;Tulum Ticket A La Zona Arqueologica De Tulum;https://www.getyourguide.com/es-es/tulum-l248/tulum-ticket-a-la-zona-arqueologica-de-tulum-t1288861/
México;playa-del-carmen-l308;637378;Pdc Excursion En Catamaran A Isla Mujeres Con Snorkel;https://www.getyourguide.com/es-es/playa-del-carmen-l308/pdc-excursion-en-catamaran-a-isla-mujeres-con-snorkel-t637378/
México;san-miguel-de-cozumel-l141611;1295951;Excursion Por Cozumel En Jeep De 4 Puertas Con Aire Acondicionado Alquiler;https://www.getyourguide.com/es-es/san-miguel-de-cozumel-l141611/excursion-por-cozumel-en-jeep-de-4-puertas-con-aire-acondicionado-alquiler-t1295951/
México;chemuyil-l148270;1303016;Cenotes Biketour En Cd Chemuyil;https://www.getyourguide.com/es-es/chemuyil-l148270/cenotes-biketour-en-cd-chemuyil-t1303016/
México;ciudad-de-mexico-l194;3735;Puebla Y Cholula Con Comida Desde Ciudad De Mexico;https://www.getyourguide.com/es-es/ciudad-de-mexico-l194/puebla-y-cholula-con-comida-desde-ciudad-de-mexico-t3735/
México;taxco-de-alarcon-l364;764283;Taxco Tour De La Ciudad De Un Dia;https://www.getyourguide.com/es-es/taxco-de-alarcon-l364/taxco-tour-de-la-ciudad-de-un-dia-t764283/
México;cancun-l150;767024;Cancun Cirque Du Soleil Joya Ticket De Entrada Y Traslado;https://www.getyourguide.com/es-es/cancun-l150/cancun-cirque-du-soleil-joya-ticket-de-entrada-y-traslado-t767024/
México;san-cristobal-de-las-casas-l2166;112333;Desde San Cristobal Tour Guiado Por Chamula Y Zinacantan;https://www.getyourguide.com/es-es/san-cristobal-de-las-casas-l2166/desde-san-cristobal-tour-guiado-por-chamula-y-zinacantan-t112333/
México;ciudad-de-mexico-l194;831064;Tour Fotografico De Ciudad De Mexico Con Un Fotografo Privado;https://www.getyourguide.com/es-es/ciudad-de-mexico-l194/tour-fotografico-de-ciudad-de-mexico-con-un-fotografo-privado-t831064/
México;puerto-vallarta-l265;394928;San Sebastian Del Oeste Aventuras En Vallarta;https://www.getyourguide.com/es-es/puerto-vallarta-l265/san-sebastian-del-oeste-aventuras-en-vallarta-t394928/
México;zacatlan-l143480;921064;Tour Guiado A Pie Por El Centro De Zacatlan;https://www.getyourguide.com/es-es/zacatlan-l143480/tour-guiado-a-pie-por-el-centro-de-zacatlan-t921064/
México;ciudad-de-mexico-l194;934179;Desde Cdmx Tour Privado A Tula Y Teotihuacan;https://www.getyourguide.com/es-es/ciudad-de-mexico-l194/desde-cdmx-tour-privado-a-tula-y-teotihuacan-t934179/
México;ciudad-de-mexico-l194;939637;Desde Cdmx Tour Al Atardecer A Teotihuacan;https://www.getyourguide.com/es-es/ciudad-de-mexico-l194/desde-cdmx-tour-al-atardecer-a-teotihuacan-t939637/
México;municipio-oaxaca-de-juarez-l681;979614;Explora La Sierra Norte Cultura Naturaleza Y Artesania;https://www.getyourguide.com/es-es/municipio-oaxaca-de-juarez-l681/explora-la-sierra-norte-cultura-naturaleza-y-artesania-t979614/
México;municipio-oaxaca-de-juarez-l681;525655;Desde Oaxaca Excursion Artesanal Y Gastronomica Del Dia De Muertos;https://www.getyourguide.com/es-es/municipio-oaxaca-de-juarez-l681/desde-oaxaca-excursion-artesanal-y-gastronomica-del-dia-de-muertos-t525655/
México;queretaro-l1170;1064724;Queretaro Descubre Su Historia De Mediante Un Tour Guiado Por La Ciudad;https://www.getyourguide.com/es-es/queretaro-l1170/queretaro-descubre-su-historia-de-mediante-un-tour-guiado-por-la-ciudad-t1064724/
México;tulum-l248;1074626;Tour En Italiano Por Tulum 5 Cenotes;https://www.getyourguide.com/es-es/tulum-l248/tour-en-italiano-por-tulum-5-cenotes-t1074626/
México;san-miguel-de-cozumel-l141611;1083401;Catamaran Privado En Cozumel El Cielo Y Santuario De Tortugas;https://www.getyourguide.com/es-es/san-miguel-de-cozumel-l141611/catamaran-privado-en-cozumel-el-cielo-y-santuario-de-tortugas-t1083401/
México;puerto-escondido-l32155;1087578;Puerto Escondido Paseo A Caballo Y Aguas Termales;https://www.getyourguide.com/es-es/puerto-escondido-l32155/puerto-escondido-paseo-a-caballo-y-aguas-termales-t1087578/
México;guadalajara-l677;597422;Recorrido Completo En La Ruta Del Tequila Desde Guadalajara;https://www.getyourguide.com/es-es/guadalajara-l677/recorrido-completo-en-la-ruta-del-tequila-desde-guadalajara-t597422/
México;ciudad-de-mexico-l194;1101665;Ciudad De Mexico Descubre San Angel En Un Ecobus Electrico;https://www.getyourguide.com/es-es/ciudad-de-mexico-l194/ciudad-de-mexico-descubre-san-angel-en-un-ecobus-electrico-t1101665/
México;zihuatanejo-l392;658586;Zihuatanejo Paseos A Caballo Y Kayak;https://www.getyourguide.com/es-es/zihuatanejo-l392/zihuatanejo-paseos-a-caballo-y-kayak-t658586/
México;puerto-vallarta-l265;666866;Puerto Vallarta Bioluminiscencia En El Parque Marino De Los Arcos;https://www.getyourguide.com/es-es/puerto-vallarta-l265/puerto-vallarta-bioluminiscencia-en-el-parque-marino-de-los-arcos-t666866/
México;la-paz-mexico-l2930;679506;La Paz Excursion De Snorkel A La Granja De Coral;https://www.getyourguide.com/es-es/la-paz-mexico-l2930/la-paz-excursion-de-snorkel-a-la-granja-de-coral-t679506/
México;ciudad-de-mexico-l194;1196545;Cdmx Pequena Degustacion De Chocolate Mexicano Con Gente Local;https://www.getyourguide.com/es-es/ciudad-de-mexico-l194/cdmx-pequena-degustacion-de-chocolate-mexicano-con-gente-local-t1196545/
México;nuevo-vallarta-l92762;794488;Puerto Vallarta Nada Y Practica Paddle Surf Con Delfines Salvajes;https://www.getyourguide.com/es-es/nuevo-vallarta-l92762/puerto-vallarta-nada-y-practica-paddle-surf-con-delfines-salvajes-t794488/
México;municipio-de-santiago-de-anaya-l219706;850814;Santiago De Anaya Hidalgo Tour Gastronomico Experiencia Entre Fogones;https://www.getyourguide.com/es-es/municipio-de-santiago-de-anaya-l219706/santiago-de-anaya-hidalgo-tour-gastronomico-experiencia-entre-fogones-t850814/
México;municipio-de-patzcuaro-l152029;1257816;Tour Expres Por Patzcuaro Y Paseo En Barco A Janitzio;https://www.getyourguide.com/es-es/municipio-de-patzcuaro-l152029/tour-expres-por-patzcuaro-y-paseo-en-barco-a-janitzio-t1257816/
México;ciudad-de-mexico-l194;931645;Desde Cdmx Tour Por Taxco Cuernavaca Y Mina Prehispanica;https://www.getyourguide.com/es-es/ciudad-de-mexico-l194/desde-cdmx-tour-por-taxco-cuernavaca-y-mina-prehispanica-t931645/
México;ciudad-de-mexico-l194;934124;Cdmx Fiesta En Trajinera Con Bebidas Musica Y Snacks Mexicanos;https://www.getyourguide.com/es-es/ciudad-de-mexico-l194/cdmx-fiesta-en-trajinera-con-bebidas-musica-y-snacks-mexicanos-t934124/
México;ciudad-de-mexico-l194;957458;Ciudad De Mexico Tour Con Todo Incluido En Barco Por Xochimilco;https://www.getyourguide.com/es-es/ciudad-de-mexico-l194/ciudad-de-mexico-tour-con-todo-incluido-en-barco-por-xochimilco-t957458/
México;ciudad-de-mexico-l194;1000628;Ciudad De Mexico Visita Exclusiva Al Palacio De Bellas Artes;https://www.getyourguide.com/es-es/ciudad-de-mexico-l194/ciudad-de-mexico-visita-exclusiva-al-palacio-de-bellas-artes-t1000628/
México;cancun-l150;435176;Desde Cancun Excursion A Ek Balam Y Cenote Con Comida Y Traslado;https://www.getyourguide.com/es-es/cancun-l150/desde-cancun-excursion-a-ek-balam-y-cenote-con-comida-y-traslado-t435176/
México;tulum-l248;1127866;Explora Un Cenote Y Una Laguna Paradisiaca;https://www.getyourguide.com/es-es/tulum-l248/explora-un-cenote-y-una-laguna-paradisiaca-t1127866/
México;municipio-oaxaca-de-juarez-l681;1135072;Oaxaca Tour Por Monte Alban Alebrijes Y San Bartolo;https://www.getyourguide.com/es-es/municipio-oaxaca-de-juarez-l681/oaxaca-tour-por-monte-alban-alebrijes-y-san-bartolo-t1135072/
México;ensenada-l545;1169106;Ensenada Tour De Comida Y Vino Con Degustaciones;https://www.getyourguide.com/es-es/ensenada-l545/ensenada-tour-de-comida-y-vino-con-degustaciones-t1169106/
México;ciudad-de-mexico-l194;1188070;Ticket De Entrada Al Museo Frida Kahlo;https://www.getyourguide.com/es-es/ciudad-de-mexico-l194/ticket-de-entrada-al-museo-frida-kahlo-t1188070/
México;santiago-nuevo-leon-l149358;1202626;Puerto Gringo Senderismo Avanzado En La Sierra De Santiago;https://www.getyourguide.com/es-es/santiago-nuevo-leon-l149358/puerto-gringo-senderismo-avanzado-en-la-sierra-de-santiago-t1202626/
México;monterrey-l679;593099;Tour Bioparque Traslados Ticket De Entrada Incluido;https://www.getyourguide.com/es-es/monterrey-l679/tour-bioparque-traslados-ticket-de-entrada-incluido-t593099/
México;ensenada-l545;618935;Excursion A Caballo Por El Canon Ecologico;https://www.getyourguide.com/es-es/ensenada-l545/excursion-a-caballo-por-el-canon-ecologico-t618935/
México;cabo-san-lucas-l306;675734;Cabo San Lucas Marisco En Abundancia;https://www.getyourguide.com/es-es/cabo-san-lucas-l306/cabo-san-lucas-marisco-en-abundancia-t675734/
México;playa-del-carmen-l308;772722;Playa Del Carmen Inmersion Epica En El Cenote Chac Mool;https://www.getyourguide.com/es-es/playa-del-carmen-l308/playa-del-carmen-inmersion-epica-en-el-cenote-chac-mool-t772722/
México;teuchitlan-l92834;792096;Tequila Y Guachimontones Excursion Privada De Dia Completo;https://www.getyourguide.com/es-es/teuchitlan-l92834/tequila-y-guachimontones-excursion-privada-de-dia-completo-t792096/
México;acapulco-de-juarez-l307;73664;Liberacion De Tortuguitas Paseo En Barco Por La Selva Comida Y Bebida;https://www.getyourguide.com/es-es/acapulco-de-juarez-l307/liberacion-de-tortuguitas-paseo-en-barco-por-la-selva-comida-y-bebida-t73664/
México;cabo-san-lucas-l306;126026;Cabo San Lucas Crucero Privado En Catamaran Para Hasta 12 Personas;https://www.getyourguide.com/es-es/cabo-san-lucas-l306/cabo-san-lucas-crucero-privado-en-catamaran-para-hasta-12-personas-t126026/
México;mismaloya-l190181;831347;Excursion De Esnorquel Y Playa De Yelapa Majahuitas;https://www.getyourguide.com/es-es/mismaloya-l190181/excursion-de-esnorquel-y-playa-de-yelapa-majahuitas-t831347/
México;cancun-l150;838697;Pvt Shuttle Royalton Splash Riviera Cancun A Aeropuerto Cun;https://www.getyourguide.com/es-es/cancun-l150/pvt-shuttle-royalton-splash-riviera-cancun-a-aeropuerto-cun-t838697/
México;puerto-escondido-l32155;843511;Puerto Escondido Paseo En Barco De Pesca Con Comida Buffet;https://www.getyourguide.com/es-es/puerto-escondido-l32155/puerto-escondido-paseo-en-barco-de-pesca-con-comida-buffet-t843511/
México;ciudad-de-mexico-l194;857696;Desde Cdmx Puebla Oaxaca Veracruz Chiapas Villahermosa 9 Dias;https://www.getyourguide.com/es-es/ciudad-de-mexico-l194/desde-cdmx-puebla-oaxaca-veracruz-chiapas-villahermosa-9-dias-t857696/
México;cancun-l150;871365;Traslado Privado De Hilton Cancun Al Aeropuerto Cun;https://www.getyourguide.com/es-es/cancun-l150/traslado-privado-de-hilton-cancun-al-aeropuerto-cun-t871365/
México;cancun-l150;409569;Desde Cancun Excursion Guiada Muyil Tulum Y Tradiciones Mayas;https://www.getyourguide.com/es-es/cancun-l150/desde-cancun-excursion-guiada-muyil-tulum-y-tradiciones-mayas-t409569/
México;ciudad-de-mexico-l194;923343;Clase De Salsa Y Noche De Fiesta En La Ciudad De Mexico;https://www.getyourguide.com/es-es/ciudad-de-mexico-l194/clase-de-salsa-y-noche-de-fiesta-en-la-ciudad-de-mexico-t923343/
México;puebla-l1471;930141;Puebla Tour Privado A La Carta Con Guia Y Chofer;https://www.getyourguide.com/es-es/puebla-l1471/puebla-tour-privado-a-la-carta-con-guia-y-chofer-t930141/
México;ciudad-de-mexico-l194;934329;Desde Cdmx Visita Privada Al Parque Natural De Las Estacas;https://www.getyourguide.com/es-es/ciudad-de-mexico-l194/desde-cdmx-visita-privada-al-parque-natural-de-las-estacas-t934329/
México;ciudad-de-mexico-l194;936921;Cdmx Tour Por Xochimilco Y Coyoacan Con Opcion A Museo Frida Kahlo;https://www.getyourguide.com/es-es/ciudad-de-mexico-l194/cdmx-tour-por-xochimilco-y-coyoacan-con-opcion-a-museo-frida-kahlo-t936921/
México;puerto-morelos-l112372;439156;Ruta De Los Cenotes Observacion De Aves;https://www.getyourguide.com/es-es/puerto-morelos-l112372/ruta-de-los-cenotes-observacion-de-aves-t439156/
México;playa-del-carmen-l308;949290;Riviera Maya Tulum Coba Cenote Playa Del Carmen Tour;https://www.getyourguide.com/es-es/playa-del-carmen-l308/riviera-maya-tulum-coba-cenote-playa-del-carmen-tour-t949290/
México;municipio-oaxaca-de-juarez-l681;972111;Desde La Ciudad De Oaxaca Experiencia De Buceo Libre En Puerto Escondido;https://www.getyourguide.com/es-es/municipio-oaxaca-de-juarez-l681/desde-la-ciudad-de-oaxaca-experiencia-de-buceo-libre-en-puerto-escondido-t972111/
México;ciudad-de-guanajuato-l2514;462672;Cuatrimotos Por Guanajuato;https://www.getyourguide.com/es-es/ciudad-de-guanajuato-l2514/cuatrimotos-por-guanajuato-t462672/
México;cabo-san-lucas-l306;466209;Corredores De Olas;https://www.getyourguide.com/es-es/cabo-san-lucas-l306/corredores-de-olas-t466209/
México;ciudad-de-mexico-l194;995174;Taller De Mixologia Ancestral Mexicana Con Vista Panoramica En Coyoacan;https://www.getyourguide.com/es-es/ciudad-de-mexico-l194/taller-de-mixologia-ancestral-mexicana-con-vista-panoramica-en-coyoacan-t995174/
México;san-miguel-de-cozumel-l141611;529406;Desde Cozumel Aventura En Catamaran Y Esnorquel En El Cielo;https://www.getyourguide.com/es-es/san-miguel-de-cozumel-l141611/desde-cozumel-aventura-en-catamaran-y-esnorquel-en-el-cielo-t529406/
México;merida-l1903;543471;Cocina Comida Yucateca Con Tu Mama De Merida Pdf Incluido;https://www.getyourguide.com/es-es/merida-l1903/cocina-comida-yucateca-con-tu-mama-de-merida-pdf-incluido-t543471/
México;santa-maria-huatulco-l781;1081776;Puesta De Sol En Embarcacion El Oceano De Huatulco;https://www.getyourguide.com/es-es/santa-maria-huatulco-l781/puesta-de-sol-en-embarcacion-el-oceano-de-huatulco-t1081776/
México;puebla-l1471;573589;Zoologico Africam Safari;https://www.getyourguide.com/es-es/puebla-l1471/zoologico-africam-safari-t573589/
México;queretaro-l1170;1102358;Queretaro Pena De Bernal Y Cavas De Freixenet;https://www.getyourguide.com/es-es/queretaro-l1170/queretaro-pena-de-bernal-y-cavas-de-freixenet-t1102358/
México;monterrey-l679;593077;Tour Cerro De La Silla Guia Traslados;https://www.getyourguide.com/es-es/monterrey-l679/tour-cerro-de-la-silla-guia-traslados-t593077/
México;puerto-vallarta-l265;629338;Puerto Vallarta Traslado Del Aeropuerto A Nuevo Vallarta Sur;https://www.getyourguide.com/es-es/puerto-vallarta-l265/puerto-vallarta-traslado-del-aeropuerto-a-nuevo-vallarta-sur-t629338/
México;punta-mita-l98853;634904;Transporte Privado Desde Aeropuerto De Pvr Punta Mita;https://www.getyourguide.com/es-es/punta-mita-l98853/transporte-privado-desde-aeropuerto-de-pvr-punta-mita-t634904/
México;crucecita-l166888;1138998;Rafting Nivel 1 En El Rio Copalita Desde Huatulco;https://www.getyourguide.com/es-es/crucecita-l166888/rafting-nivel-1-en-el-rio-copalita-desde-huatulco-t1138998/
México;monterrey-l679;658859;Monterrey Consigna En Barrio Antiguo;https://www.getyourguide.com/es-es/monterrey-l679/monterrey-consigna-en-barrio-antiguo-t658859/
México;monterrey-l679;690021;Picolicos Escalada En Roca Desciende En Rappel Los Emocionantes 50 Metros;https://www.getyourguide.com/es-es/monterrey-l679/picolicos-escalada-en-roca-desciende-en-rappel-los-emocionantes-50-metros-t690021/
México;playa-del-carmen-l308;703796;Playa Del Carmen Traslado En Furgoneta Privada A Akumal;https://www.getyourguide.com/es-es/playa-del-carmen-l308/playa-del-carmen-traslado-en-furgoneta-privada-a-akumal-t703796/
México;acapulco-de-juarez-l307;721997; Acapulco Espectaculo De Buceadores En Los Altos Acantilados Puesta De Soldiferentes Opciones;https://www.getyourguide.com/es-es/acapulco-de-juarez-l307/-acapulco-espectaculo-de-buceadores-en-los-altos-acantilados-puesta-de-soldiferentes-opciones-t721997/
México;valladolid-mexico-l101556;801823;Valladolid Chichen Itza 2 Cenotes Transporte Compartido;https://www.getyourguide.com/es-es/valladolid-mexico-l101556/valladolid-chichen-itza-2-cenotes-transporte-compartido-t801823/
México;hermosillo-l157195;855992;Playa El Cardonal Recorrido Y Actividad Sanboarding En Dunas Del Sahuimaro;https://www.getyourguide.com/es-es/hermosillo-l157195/playa-el-cardonal-recorrido-y-actividad-sanboarding-en-dunas-del-sahuimaro-t855992/
México;ciudad-de-mexico-l194;884433;Servicio De Masajes Transforma Tu Espacio En Un Spa De Lujo;https://www.getyourguide.com/es-es/ciudad-de-mexico-l194/servicio-de-masajes-transforma-tu-espacio-en-un-spa-de-lujo-t884433/
México;chihuahua-l950;919296;Chihuahua Chih Excursion En Rzr 4X4 Parque Ecologico Las Mesas;https://www.getyourguide.com/es-es/chihuahua-l950/chihuahua-chih-excursion-en-rzr-4x4-parque-ecologico-las-mesas-t919296/
México;ciudad-de-mexico-l194;2859;Ciudad De Mexico Tour De La Ciudad;https://www.getyourguide.com/es-es/ciudad-de-mexico-l194/ciudad-de-mexico-tour-de-la-ciudad-t2859/
México;puebla-l1471;34818;Tour Turistico Por Puebla En Tranvia De Dos Pisos;https://www.getyourguide.com/es-es/puebla-l1471/tour-turistico-por-puebla-en-tranvia-de-dos-pisos-t34818/
México;holbox-l189767;946233;Isla Holbox Nado Con Tiburon Ballena Todo Incluido;https://www.getyourguide.com/es-es/holbox-l189767/isla-holbox-nado-con-tiburon-ballena-todo-incluido-t946233/
México;municipio-oaxaca-de-juarez-l681;957184;Hierve El Agua Tour Guiado De Medio Dia Con Todo Incluido;https://www.getyourguide.com/es-es/municipio-oaxaca-de-juarez-l681/hierve-el-agua-tour-guiado-de-medio-dia-con-todo-incluido-t957184/
México;municipio-oaxaca-de-juarez-l681;1004282;Oaxaca Sesion Fotografica Con Bailarina Y Guia;https://www.getyourguide.com/es-es/municipio-oaxaca-de-juarez-l681/oaxaca-sesion-fotografica-con-bailarina-y-guia-t1004282/
México;ciudad-de-mexico-l194;1060940;Ciudad De Mexico Ticket De Acceso Al Acuario Michin;https://www.getyourguide.com/es-es/ciudad-de-mexico-l194/ciudad-de-mexico-ticket-de-acceso-al-acuario-michin-t1060940/
México;cancun-l150;404628;Cancun Aventura En Lancha Motora Por La Jungla Y Esnorquel;https://www.getyourguide.com/es-es/cancun-l150/cancun-aventura-en-lancha-motora-por-la-jungla-y-esnorquel-t404628/
México;santa-maria-huatulco-l781;1075834;Huatulco Monitoreo Nocturno De Tortugas Marinas Guiado Por Un Biologo;https://www.getyourguide.com/es-es/santa-maria-huatulco-l781/huatulco-monitoreo-nocturno-de-tortugas-marinas-guiado-por-un-biologo-t1075834/
México;puerto-morelos-l112372;1093742;Puerto Morelos Clase De Kitesurf Con Monitor;https://www.getyourguide.com/es-es/puerto-morelos-l112372/puerto-morelos-clase-de-kitesurf-con-monitor-t1093742/
México;tulum-l248;1135050;Tulum Tour Gastronomico Vegano Con Guia Local;https://www.getyourguide.com/es-es/tulum-l248/tulum-tour-gastronomico-vegano-con-guia-local-t1135050/
México;cancun-l150;492360;Servicio Privado En El Aeropuerto De Cancun Ida O Ida Y Vuelta;https://www.getyourguide.com/es-es/cancun-l150/servicio-privado-en-el-aeropuerto-de-cancun-ida-o-ida-y-vuelta-t492360/
México;san-jose-del-cabo-l967;550477;Avistamiento De Ballenas En San Jose Del Cabo;https://www.getyourguide.com/es-es/san-jose-del-cabo-l967/avistamiento-de-ballenas-en-san-jose-del-cabo-t550477/
México;izamal-l103674;1194656;Descubre Izamal Desde Tren Maya Teya Tradicion Y Artesanos Locales;https://www.getyourguide.com/es-es/izamal-l103674/descubre-izamal-desde-tren-maya-teya-tradicion-y-artesanos-locales-t1194656/
México;municipio-oaxaca-de-juarez-l681;570201;Oaxaca Transporte Compartido Del Centro Al Aeropuerto De Oaxaca;https://www.getyourguide.com/es-es/municipio-oaxaca-de-juarez-l681/oaxaca-transporte-compartido-del-centro-al-aeropuerto-de-oaxaca-t570201/
México;ocotlan-de-morelos-l166885;1210718;Ocotlan Y San Antonino Taller Manos Que Ven Y Arte Con La Flor Inmortal;https://www.getyourguide.com/es-es/ocotlan-de-morelos-l166885/ocotlan-y-san-antonino-taller-manos-que-ven-y-arte-con-la-flor-inmortal-t1210718/
México;merida-l1903;610740;Merida Yucatan Coche Privado Y Conductor Certificado;https://www.getyourguide.com/es-es/merida-l1903/merida-yucatan-coche-privado-y-conductor-certificado-t610740/
México;municipio-oaxaca-de-juarez-l681;622522;Oaxaca Visita En Grupo Reducido A Hierve El Agua Y La Destileria De Mezcal;https://www.getyourguide.com/es-es/municipio-oaxaca-de-juarez-l681/oaxaca-visita-en-grupo-reducido-a-hierve-el-agua-y-la-destileria-de-mezcal-t622522/
México;puerto-vallarta-l265;629243;Puerto Vallarta Traslado Al Aeropuerto Privado A Marina Vallarta;https://www.getyourguide.com/es-es/puerto-vallarta-l265/puerto-vallarta-traslado-al-aeropuerto-privado-a-marina-vallarta-t629243/
México;cancun-l150;640195;Museo Subacuatico Musa Buceo Para Principiantes;https://www.getyourguide.com/es-es/cancun-l150/museo-subacuatico-musa-buceo-para-principiantes-t640195/
México;municipio-oaxaca-de-juarez-l681;1241218;Excursion A Hierve El Agua Con Degustacion De Mezcal;https://www.getyourguide.com/es-es/municipio-oaxaca-de-juarez-l681/excursion-a-hierve-el-agua-con-degustacion-de-mezcal-t1241218/
México;san-jose-del-cabo-l967;663645;Aeropuerto De Los Cabos Transporte Vip A La Paz;https://www.getyourguide.com/es-es/san-jose-del-cabo-l967/aeropuerto-de-los-cabos-transporte-vip-a-la-paz-t663645/
México;tulum-l248;681752;Tulum Esnorquel En El Arrecife;https://www.getyourguide.com/es-es/tulum-l248/tulum-esnorquel-en-el-arrecife-t681752/
México;valladolid-mexico-l101556;757198;Chichen Itza Excursion A Una De Las Siete Maravillas Del Mundo;https://www.getyourguide.com/es-es/valladolid-mexico-l101556/chichen-itza-excursion-a-una-de-las-siete-maravillas-del-mundo-t757198/
México;valladolid-mexico-l101556;788262;Chichen Itza Tour Privado Lunch En Valladolid Cenote;https://www.getyourguide.com/es-es/valladolid-mexico-l101556/chichen-itza-tour-privado-lunch-en-valladolid-cenote-t788262/
México;mahahual-l168421;794251;Costa Maya Aventura En La Laguna Y El Fuerte De Bacalar;https://www.getyourguide.com/es-es/mahahual-l168421/costa-maya-aventura-en-la-laguna-y-el-fuerte-de-bacalar-t794251/
México;tulum-l248;150560;Tulum Excursion Guiada En Bicicleta Por Las Ruinas De Tulum Tacos Y Cenote;https://www.getyourguide.com/es-es/tulum-l248/tulum-excursion-guiada-en-bicicleta-por-las-ruinas-de-tulum-tacos-y-cenote-t150560/
México;cancun-l150;934240;Cancun Viaje En Barco Con Fondo Transparente Y Bebidas;https://www.getyourguide.com/es-es/cancun-l150/cancun-viaje-en-barco-con-fondo-transparente-y-bebidas-t934240/
México;playa-del-carmen-l308;977633;Desde Playa Del Carmen Parque Xcaret Todo Incluido;https://www.getyourguide.com/es-es/playa-del-carmen-l308/desde-playa-del-carmen-parque-xcaret-todo-incluido-t977633/
México;cancun-l150;982936;Visita Guiada Por Cancun Skywheel Letras Y Compras;https://www.getyourguide.com/es-es/cancun-l150/visita-guiada-por-cancun-skywheel-letras-y-compras-t982936/
México;san-jose-manialtepec-l131543;387902;Puerto Escondido Espectaculo Nocturno De Bioluminiscencia;https://www.getyourguide.com/es-es/san-jose-manialtepec-l131543/puerto-escondido-espectaculo-nocturno-de-bioluminiscencia-t387902/
México;cancun-l150;444146;Experiencias De Navegacion En Catamaran A Isla Mujeres Todo Incluido;https://www.getyourguide.com/es-es/cancun-l150/experiencias-de-navegacion-en-catamaran-a-isla-mujeres-todo-incluido-t444146/
México;ciudad-de-mexico-l194;1074784;Ciudad De Mexico Tour Privado Con Transporte A La Basilica De Guadalupe;https://www.getyourguide.com/es-es/ciudad-de-mexico-l194/ciudad-de-mexico-tour-privado-con-transporte-a-la-basilica-de-guadalupe-t1074784/
México;san-miguel-de-cozumel-l141611;480593;Fiesta Del Pescado Descalzo Cozumel;https://www.getyourguide.com/es-es/san-miguel-de-cozumel-l141611/fiesta-del-pescado-descalzo-cozumel-t480593/
México;playa-del-carmen-l308;622567;Traslados Al Aeropuerto De Cun De Ida Y Vuelta A Playa Del Carmen;https://www.getyourguide.com/es-es/playa-del-carmen-l308/traslados-al-aeropuerto-de-cun-de-ida-y-vuelta-a-playa-del-carmen-t622567/
México;santa-maria-huatulco-l781;631983;Huatulco Tour Del Cafe De Santa Maria Y Pluma Hidalgo;https://www.getyourguide.com/es-es/santa-maria-huatulco-l781/huatulco-tour-del-cafe-de-santa-maria-y-pluma-hidalgo-t631983/
México;mazatlan-l808;632456;Mazatlan Visita A La Fabrica De Mezcal Con Degustacion Y Comida;https://www.getyourguide.com/es-es/mazatlan-l808/mazatlan-visita-a-la-fabrica-de-mezcal-con-degustacion-y-comida-t632456/
México;playa-del-carmen-l308;1227090;Disfruta De Un Picnic De Lujo En La Playa En Playa Del Carmen;https://www.getyourguide.com/es-es/playa-del-carmen-l308/disfruta-de-un-picnic-de-lujo-en-la-playa-en-playa-del-carmen-t1227090/
México;cancun-l150;676149;Cancun 4 Horas De Alquiler De Yate Con Comida Y Bebida;https://www.getyourguide.com/es-es/cancun-l150/cancun-4-horas-de-alquiler-de-yate-con-comida-y-bebida-t676149/
México;puerto-vallarta-l265;683504;Puerto Vallarta Excursion Rzr Puente Jorullo;https://www.getyourguide.com/es-es/puerto-vallarta-l265/puerto-vallarta-excursion-rzr-puente-jorullo-t683504/
México;cancun-l150;1233567;Tour En Barco Transparente Por Cancun Con Una Foto Gratis Incluida;https://www.getyourguide.com/es-es/cancun-l150/tour-en-barco-transparente-por-cancun-con-una-foto-gratis-incluida-t1233567/
México;ensenada-l545;719080;Ensenada Excursion A Caballo Por Punta Banda;https://www.getyourguide.com/es-es/ensenada-l545/ensenada-excursion-a-caballo-por-punta-banda-t719080/
México;cabo-san-lucas-l306;739670;Cabo San Lucas Traslado A La Zona Diamante Ida Y Vuelta;https://www.getyourguide.com/es-es/cabo-san-lucas-l306/cabo-san-lucas-traslado-a-la-zona-diamante-ida-y-vuelta-t739670/
México;ensenada-l545;749278;Valle De Guadalupe Experiencia De Cata En La Terraza Del Vino El Cielo;https://www.getyourguide.com/es-es/ensenada-l545/valle-de-guadalupe-experiencia-de-cata-en-la-terraza-del-vino-el-cielo-t749278/
México;tulum-l248;1289282;Tulum Paquete Combinado Extremo En La Jungla Con Tirolina Acuatica Cenote Quad Y Rapel;https://www.getyourguide.com/es-es/tulum-l248/tulum-paquete-combinado-extremo-en-la-jungla-con-tirolina-acuatica-cenote-quad-y-rapel-t1289282/
México;la-paz-mexico-l2930;1325056;Isla Espiritu Santo Esnorquel Con Leones Marinos;https://www.getyourguide.com/es-es/la-paz-mexico-l2930/isla-espiritu-santo-esnorquel-con-leones-marinos-t1325056/
México;playa-del-carmen-l308;70765;Excursion Con Tiburon Ballena Riviera Maya;https://www.getyourguide.com/es-es/playa-del-carmen-l308/excursion-con-tiburon-ballena-riviera-maya-t70765/
México;cabo-san-lucas-l306;882253;Barco Con Fondo De Cristal En Cabo El Arco Vida Marina Y Vistas Panoramicas;https://www.getyourguide.com/es-es/cabo-san-lucas-l306/barco-con-fondo-de-cristal-en-cabo-el-arco-vida-marina-y-vistas-panoramicas-t882253/
México;cabo-san-lucas-l306;371231;Cabo San Lucas Excursion De Snorkel Con Barra Libre Y Aperitivos;https://www.getyourguide.com/es-es/cabo-san-lucas-l306/cabo-san-lucas-excursion-de-snorkel-con-barra-libre-y-aperitivos-t371231/
México;ciudad-de-mexico-l194;412238;Desde Ciudad De Mexico Excursion En Grupo Reducido A Las Cuevas De Tolantongo;https://www.getyourguide.com/es-es/ciudad-de-mexico-l194/desde-ciudad-de-mexico-excursion-en-grupo-reducido-a-las-cuevas-de-tolantongo-t412238/
México;municipio-de-patzcuaro-l152029;455122;Tour Del Dia De Muertos 2025 Patzcuaro Noviembre;https://www.getyourguide.com/es-es/municipio-de-patzcuaro-l152029/tour-del-dia-de-muertos-2025-patzcuaro-noviembre-t455122/
México;tulum-l248;1134878;Tulum Cena De 5 Platos Del Chef Degustacion De Sake Y Musica En Vivo;https://www.getyourguide.com/es-es/tulum-l248/tulum-cena-de-5-platos-del-chef-degustacion-de-sake-y-musica-en-vivo-t1134878/
México;ciudad-de-mexico-l194;498511;Ciudad De Mexico Tour Culinario Por Los Mercados Misticos De La Merced Y Sonora;https://www.getyourguide.com/es-es/ciudad-de-mexico-l194/ciudad-de-mexico-tour-culinario-por-los-mercados-misticos-de-la-merced-y-sonora-t498511/
México;ciudad-de-mexico-l194;1143506;Ciudad De Mexico Caminata En La Basilica De Guadalupe Con Museo Guadalupano;https://www.getyourguide.com/es-es/ciudad-de-mexico-l194/ciudad-de-mexico-caminata-en-la-basilica-de-guadalupe-con-museo-guadalupano-t1143506/
México;ciudad-de-mexico-l194;1150035;Ciudad De Mexico Un Tour A Pie Verdaderamente Historico;https://www.getyourguide.com/es-es/ciudad-de-mexico-l194/ciudad-de-mexico-un-tour-a-pie-verdaderamente-historico-t1150035/
México;santa-maria-huatulco-l781;1165946;Tour De Bahias En Huatulco Historias Y Snorkel En Playa Virgen;https://www.getyourguide.com/es-es/santa-maria-huatulco-l781/tour-de-bahias-en-huatulco-historias-y-snorkel-en-playa-virgen-t1165946/
México;cancun-l150;563707;Kayak Al Atardecer En Cancun;https://www.getyourguide.com/es-es/cancun-l150/kayak-al-atardecer-en-cancun-t563707/
México;san-miguel-de-allende-l2515;1187995;San Miguel De Allende Viaje Cultural A La Joya Colonial Tour Privado;https://www.getyourguide.com/es-es/san-miguel-de-allende-l2515/san-miguel-de-allende-viaje-cultural-a-la-joya-colonial-tour-privado-t1187995/
México;sayulita-l32371;594538;Sayulita Clases De Surf Para Principiantesintermedios Avanzados;https://www.getyourguide.com/es-es/sayulita-l32371/sayulita-clases-de-surf-para-principiantesintermedios-avanzados-t594538/
México;puerto-vallarta-l265;629262;Puerto Vallarta Traslado Privado Del Aeropuerto A La Zona Hotelera;https://www.getyourguide.com/es-es/puerto-vallarta-l265/puerto-vallarta-traslado-privado-del-aeropuerto-a-la-zona-hotelera-t629262/
México;ciudad-de-mexico-l194;1237283;Ciudad De Mexico Tour Por El Parque Popocatepetl Iztaccihuatl Y Cascada;https://www.getyourguide.com/es-es/ciudad-de-mexico-l194/ciudad-de-mexico-tour-por-el-parque-popocatepetl-iztaccihuatl-y-cascada-t1237283/
México;san-miguel-de-allende-l2515;644685;Descubre Y Explora San Miguel De Allende;https://www.getyourguide.com/es-es/san-miguel-de-allende-l2515/descubre-y-explora-san-miguel-de-allende-t644685/
México;cancun-l150;671019;Cancun 2 Inmersiones En Cenotes La Fosa Y Dos Ojos Buceadores Certificados;https://www.getyourguide.com/es-es/cancun-l150/cancun-2-inmersiones-en-cenotes-la-fosa-y-dos-ojos-buceadores-certificados-t671019/
México;municipio-tuxtla-gutierrez-l2527;691966;Aeropuerto De Tuxtla Gutierrez Traslado A Playa Miramar;https://www.getyourguide.com/es-es/municipio-tuxtla-gutierrez-l2527/aeropuerto-de-tuxtla-gutierrez-traslado-a-playa-miramar-t691966/
México;cabo-san-lucas-l306;694252;Increible Tour Privado A Balandra Y Todos Santos;https://www.getyourguide.com/es-es/cabo-san-lucas-l306/increible-tour-privado-a-balandra-y-todos-santos-t694252/
México;cancun-l150;1276585;Parque Cozumel Desde Cancun Y La Riviera Maya Buffet Y Barra Libre;https://www.getyourguide.com/es-es/cancun-l150/parque-cozumel-desde-cancun-y-la-riviera-maya-buffet-y-barra-libre-t1276585/
México;playa-del-carmen-l308;703804;Playa Del Carmen Traslado Privado En Furgoneta Al Aeropuerto De Cancun;https://www.getyourguide.com/es-es/playa-del-carmen-l308/playa-del-carmen-traslado-privado-en-furgoneta-al-aeropuerto-de-cancun-t703804/
México;tequisquiapan-l176257;723297;Tequisquiapan Tour De Aventura En Utv Con Guia;https://www.getyourguide.com/es-es/tequisquiapan-l176257/tequisquiapan-tour-de-aventura-en-utv-con-guia-t723297/
México;puerto-morelos-l112372;728367;Puerto Morelos Snorkel En Arrecife De Coral Con Transporte;https://www.getyourguide.com/es-es/puerto-morelos-l112372/puerto-morelos-snorkel-en-arrecife-de-coral-con-transporte-t728367/
México;boca-de-tomatlan-l165507;733576;Descubre Colomitos Una Aventura Escenica De 6 Horas De Senderismo;https://www.getyourguide.com/es-es/boca-de-tomatlan-l165507/descubre-colomitos-una-aventura-escenica-de-6-horas-de-senderismo-t733576/
México;puerto-vallarta-l265;1298648;Experiencia En Replica De Galeon Santa Maria En Puerto Vallarta Con Snorkel;https://www.getyourguide.com/es-es/puerto-vallarta-l265/experiencia-en-replica-de-galeon-santa-maria-en-puerto-vallarta-con-snorkel-t1298648/
México;ciudad-de-mexico-l194;778966;Cero A La Salsa Para Principiantes;https://www.getyourguide.com/es-es/ciudad-de-mexico-l194/cero-a-la-salsa-para-principiantes-t778966/
México;puerto-vallarta-l265;1324966;Vallarta Pueblo Cultural De Quimixto Y Experiencia Comunitaria;https://www.getyourguide.com/es-es/puerto-vallarta-l265/vallarta-pueblo-cultural-de-quimixto-y-experiencia-comunitaria-t1324966/
México;ciudad-de-mexico-l194;3685;Excursion A Cuernavaca Y Taxco Desde Ciudad De Mexico;https://www.getyourguide.com/es-es/ciudad-de-mexico-l194/excursion-a-cuernavaca-y-taxco-desde-ciudad-de-mexico-t3685/
México;cabo-san-lucas-l306;862785;Cabo San Lucas Tour Privado En Jeep A Todos Santos;https://www.getyourguide.com/es-es/cabo-san-lucas-l306/cabo-san-lucas-tour-privado-en-jeep-a-todos-santos-t862785/
México;ciudad-de-mexico-l194;936870;Desde Cdmx Puebla Cholula Y Tonantzintla Con Almuerzo Tipico Opcional;https://www.getyourguide.com/es-es/ciudad-de-mexico-l194/desde-cdmx-puebla-cholula-y-tonantzintla-con-almuerzo-tipico-opcional-t936870/
México;queretaro-l1170;939652;Tour Religioso La Ruta Del Peregrino;https://www.getyourguide.com/es-es/queretaro-l1170/tour-religioso-la-ruta-del-peregrino-t939652/
México;cancun-l150;404658;Cancun Recorrido Autoguiado En Lancha Rapida Por La Laguna Nichupte;https://www.getyourguide.com/es-es/cancun-l150/cancun-recorrido-autoguiado-en-lancha-rapida-por-la-laguna-nichupte-t404658/
México;puerto-vallarta-l265;1029098;Puerto Vallarta Aventura En Moto Acuatica Con Snorkel;https://www.getyourguide.com/es-es/puerto-vallarta-l265/puerto-vallarta-aventura-en-moto-acuatica-con-snorkel-t1029098/
México;san-jose-del-cabo-l967;454227;Excursion Magica A Todo Santos Con Rancho De Camellos Tequila Y Comida;https://www.getyourguide.com/es-es/san-jose-del-cabo-l967/excursion-magica-a-todo-santos-con-rancho-de-camellos-tequila-y-comida-t454227/
México;sayulita-l32371;467455;Sayulita Bicicleta De Montana Por La Selva;https://www.getyourguide.com/es-es/sayulita-l32371/sayulita-bicicleta-de-montana-por-la-selva-t467455/
México;cancun-l150;536023;Recorrido En Ciclomotor Electrico Por Cancun;https://www.getyourguide.com/es-es/cancun-l150/recorrido-en-ciclomotor-electrico-por-cancun-t536023/
México;ciudad-de-mexico-l194;1108573;Ciudad De Mexico Tour Desde El Parque De Chapultepec Hasta El Paseo De La Reforma;https://www.getyourguide.com/es-es/ciudad-de-mexico-l194/ciudad-de-mexico-tour-desde-el-parque-de-chapultepec-hasta-el-paseo-de-la-reforma-t1108573/
México;sayulita-l32371;562385;Sayulita Surf Al Atardecer Con Clase Incluida;https://www.getyourguide.com/es-es/sayulita-l32371/sayulita-surf-al-atardecer-con-clase-incluida-t562385/
México;bahia-de-santa-cruz-huatulco-l205317;1134557;Increible Tour Por Huatulco Para Viajeros De Crucero;https://www.getyourguide.com/es-es/bahia-de-santa-cruz-huatulco-l205317/increible-tour-por-huatulco-para-viajeros-de-crucero-t1134557/
México;merida-l1903;599204;Merida Hacienda Y Cenote Mucuyche Tour Guiado;https://www.getyourguide.com/es-es/merida-l1903/merida-hacienda-y-cenote-mucuyche-tour-guiado-t599204/
México;guadalajara-l677;1174695;Guadalajara Tour Gastronomico Tapatio Con Mas De 13 Degustaciones;https://www.getyourguide.com/es-es/guadalajara-l677/guadalajara-tour-gastronomico-tapatio-con-mas-de-13-degustaciones-t1174695/
México;queretaro-l1170;657504;Queretaro Recorrido Guiado En Tranvia Clasico;https://www.getyourguide.com/es-es/queretaro-l1170/queretaro-recorrido-guiado-en-tranvia-clasico-t657504/
México;puerto-vallarta-l265;707037;Puerto Vallarta Alquila Una Moto Acuatica;https://www.getyourguide.com/es-es/puerto-vallarta-l265/puerto-vallarta-alquila-una-moto-acuatica-t707037/
México;valle-de-bravo-l95795;1243981;Valle De Bravo Aventura En Parapente Con Fotos;https://www.getyourguide.com/es-es/valle-de-bravo-l95795/valle-de-bravo-aventura-en-parapente-con-fotos-t1243981/
México;municipio-de-cuernavaca-l2232;1249102;Cuernavaca Autentica Degustacion De Comida Mexicana Con Un Lugareno;https://www.getyourguide.com/es-es/municipio-de-cuernavaca-l2232/cuernavaca-autentica-degustacion-de-comida-mexicana-con-un-lugareno-t1249102/
México;ciudad-de-mexico-l194;750974;Ciudad De Mexico Senderismo Matutino En El Mirador Coconetla;https://www.getyourguide.com/es-es/ciudad-de-mexico-l194/ciudad-de-mexico-senderismo-matutino-en-el-mirador-coconetla-t750974/
México;homun-l190106;751100;Cenotes De Acanceh Y Santa Barbara;https://www.getyourguide.com/es-es/homun-l190106/cenotes-de-acanceh-y-santa-barbara-t751100/
México;tulum-l248;860372;Zona Arqueologica De Tulum Cenote Comida Y Traslado;https://www.getyourguide.com/es-es/tulum-l248/zona-arqueologica-de-tulum-cenote-comida-y-traslado-t860372/
México;cancun-l150;871444;Traslado Privado Aeropuerto Cun A Live Aqua Beach Cancun;https://www.getyourguide.com/es-es/cancun-l150/traslado-privado-aeropuerto-cun-a-live-aqua-beach-cancun-t871444/
México;tulum-l248;1305643;Tour A Las Ruinas De Muyil Y A Un Cenote;https://www.getyourguide.com/es-es/tulum-l248/tour-a-las-ruinas-de-muyil-y-a-un-cenote-t1305643/
México;uxmal-l114187;1326163;Desde Cancun Tour Privado De Uxmal Merida Y El Museo Del Cacao;https://www.getyourguide.com/es-es/uxmal-l114187/desde-cancun-tour-privado-de-uxmal-merida-y-el-museo-del-cacao-t1326163/
México;monterrey-l679;8175;Tour De 1 Dia A Las Grutas De Garcia Desde Monterrey;https://www.getyourguide.com/es-es/monterrey-l679/tour-de-1-dia-a-las-grutas-de-garcia-desde-monterrey-t8175/
México;playa-del-carmen-l308;1024519;Playa Del Carmen Tour A La Cueva Rio Secreto Con Bufe;https://www.getyourguide.com/es-es/playa-del-carmen-l308/playa-del-carmen-tour-a-la-cueva-rio-secreto-con-bufe-t1024519/
México;acapulco-de-juarez-l307;67748;Excursion En Tierra De 4 Horas A Acapulco;https://www.getyourguide.com/es-es/acapulco-de-juarez-l307/excursion-en-tierra-de-4-horas-a-acapulco-t67748/
México;nuevo-vallarta-l92762;295250;Puerto Vallarta Excursion En Velero De Lujo;https://www.getyourguide.com/es-es/nuevo-vallarta-l92762/puerto-vallarta-excursion-en-velero-de-lujo-t295250/
México;tulum-l248;390824;Desde Riviera Maya Ceremonia Temazcal Privada Y Bano En Cenote;https://www.getyourguide.com/es-es/tulum-l248/desde-riviera-maya-ceremonia-temazcal-privada-y-bano-en-cenote-t390824/
México;ciudad-de-mexico-l194;434435;Tour De Cata Y Experiencia De Cerveza Artesanal En Ciudad De Mexico;https://www.getyourguide.com/es-es/ciudad-de-mexico-l194/tour-de-cata-y-experiencia-de-cerveza-artesanal-en-ciudad-de-mexico-t434435/
México;ciudad-de-mexico-l194;1181281;Ciudad De Mexico Ruta De Senderismo Privada A La Cascada Con Recogida;https://www.getyourguide.com/es-es/ciudad-de-mexico-l194/ciudad-de-mexico-ruta-de-senderismo-privada-a-la-cascada-con-recogida-t1181281/
México;veracruz-l683;1193005;Veracruz Tour Nocturno En Autobus De Dos Pisos;https://www.getyourguide.com/es-es/veracruz-l683/veracruz-tour-nocturno-en-autobus-de-dos-pisos-t1193005/
México;cancun-l150;479183;Excursion En Yate Troyan Por Isla Mujeres Y Snorkel;https://www.getyourguide.com/es-es/cancun-l150/excursion-en-yate-troyan-por-isla-mujeres-y-snorkel-t479183/
México;ciudad-de-mexico-l194;1227187;Ciudad De Mexico Visita Guiada Al Palacio De Bellas Artes;https://www.getyourguide.com/es-es/ciudad-de-mexico-l194/ciudad-de-mexico-visita-guiada-al-palacio-de-bellas-artes-t1227187/
México;municipio-oaxaca-de-juarez-l681;616884;Oaxaca Recorrido A Pie Por La Ciudad De Oaxaca Mas Alla De La Superficie;https://www.getyourguide.com/es-es/municipio-oaxaca-de-juarez-l681/oaxaca-recorrido-a-pie-por-la-ciudad-de-oaxaca-mas-alla-de-la-superficie-t616884/
México;playa-del-carmen-l308;656667;Playa Del Carmen Buceo En El Cenote Dos Ojos;https://www.getyourguide.com/es-es/playa-del-carmen-l308/playa-del-carmen-buceo-en-el-cenote-dos-ojos-t656667/
México;monterrey-l679;660103;Monterrey Clase De Rapel En El Parque De La Huasteca;https://www.getyourguide.com/es-es/monterrey-l679/monterrey-clase-de-rapel-en-el-parque-de-la-huasteca-t660103/
México;puerto-vallarta-l265;683771;Puerto Vallarta Dune Buggy El Eden;https://www.getyourguide.com/es-es/puerto-vallarta-l265/puerto-vallarta-dune-buggy-el-eden-t683771/
México;acapulco-de-juarez-l307;722248; Acapulco Excursion A La Isla De La Roqueta Y Experiencia De Buceo;https://www.getyourguide.com/es-es/acapulco-de-juarez-l307/-acapulco-excursion-a-la-isla-de-la-roqueta-y-experiencia-de-buceo-t722248/
México;tequisquiapan-l176257;723367;Tequisquiapan Excursion En Utv A La Mina De Opalo Con Taller De Arte;https://www.getyourguide.com/es-es/tequisquiapan-l176257/tequisquiapan-excursion-en-utv-a-la-mina-de-opalo-con-taller-de-arte-t723367/
México;ciudad-de-mexico-l194;728080;Ciudad De Mexico Tequila Vs Mezcal En El Puesto De Un Mercado Exotico;https://www.getyourguide.com/es-es/ciudad-de-mexico-l194/ciudad-de-mexico-tequila-vs-mezcal-en-el-puesto-de-un-mercado-exotico-t728080/
México;puerto-escondido-l32155;817143;Puerto Escondido La Mejor Aventura Para Observar Delfines;https://www.getyourguide.com/es-es/puerto-escondido-l32155/puerto-escondido-la-mejor-aventura-para-observar-delfines-t817143/
México;ciudad-de-mexico-l194;364500;Desde Ciudad De Mexico Prismas Basalticos Y Excursion A Real Del Monte;https://www.getyourguide.com/es-es/ciudad-de-mexico-l194/desde-ciudad-de-mexico-prismas-basalticos-y-excursion-a-real-del-monte-t364500/
México;tulum-l248;849179;Tour Privado Akumal Tortugas Arrecife Corales Cenote Playa Almuerzo;https://www.getyourguide.com/es-es/tulum-l248/tour-privado-akumal-tortugas-arrecife-corales-cenote-playa-almuerzo-t849179/
México;nuevo-vallarta-l92762;408096;Puerto Vallarta Pase Para El Parque Acuatico Y Dolphin Royal Connection;https://www.getyourguide.com/es-es/nuevo-vallarta-l92762/puerto-vallarta-pase-para-el-parque-acuatico-y-dolphin-royal-connection-t408096/
México;ciudad-de-mexico-l194;926542;Ciudad De Mexico Ticket De Entrada Rapida Al Acuarium Inbursa;https://www.getyourguide.com/es-es/ciudad-de-mexico-l194/ciudad-de-mexico-ticket-de-entrada-rapida-al-acuarium-inbursa-t926542/
México;san-cristobal-de-las-casas-l2166;517320;Desde San Cristobal Excursion A San Juan Chamula Y Zinacantan;https://www.getyourguide.com/es-es/san-cristobal-de-las-casas-l2166/desde-san-cristobal-excursion-a-san-juan-chamula-y-zinacantan-t517320/
México;ciudad-de-mexico-l194;969540;Xochimilco Tour De Cultura Y Cocina Mexicana;https://www.getyourguide.com/es-es/ciudad-de-mexico-l194/xochimilco-tour-de-cultura-y-cocina-mexicana-t969540/
México;guadalajara-l677;538589;Conviertete En Un Autentico Charro Mexicano;https://www.getyourguide.com/es-es/guadalajara-l677/conviertete-en-un-autentico-charro-mexicano-t538589/
México;palenque-chiapas-l179804;549568;2 Dias Selva Lacandona Ciudad Perdida Y Ruinas De Bonampak;https://www.getyourguide.com/es-es/palenque-chiapas-l179804/2-dias-selva-lacandona-ciudad-perdida-y-ruinas-de-bonampak-t549568/
México;las-coloradas-l168323;1008593;Desde Valladolid Tour Flamingo Rio Lagartos Las Coloradas Cenotelunch;https://www.getyourguide.com/es-es/las-coloradas-l168323/desde-valladolid-tour-flamingo-rio-lagartos-las-coloradas-cenotelunch-t1008593/
México;ciudad-de-mexico-l194;1035572;Frida Kahlo Ticket De Entrada A La Casa Azul;https://www.getyourguide.com/es-es/ciudad-de-mexico-l194/frida-kahlo-ticket-de-entrada-a-la-casa-azul-t1035572/
México;chemuyil-l148270;616243;Recorre Los Cenotes Que Te Cambiaran La Vida;https://www.getyourguide.com/es-es/chemuyil-l148270/recorre-los-cenotes-que-te-cambiaran-la-vida-t616243/
México;la-paz-mexico-l2930;1088186;Todos Santos Caminata Guiada Y Atardecer En Playa Cerritos;https://www.getyourguide.com/es-es/la-paz-mexico-l2930/todos-santos-caminata-guiada-y-atardecer-en-playa-cerritos-t1088186/
México;bacalar-l95624;1107064;Costa Maya Tour Privado En Catamaran En La Laguna De 7 Colores Con Comida;https://www.getyourguide.com/es-es/bacalar-l95624/costa-maya-tour-privado-en-catamaran-en-la-laguna-de-7-colores-con-comida-t1107064/
México;las-coloradas-l168323;660204;Rio Lagartos Y Las Coloradas Ecosafari Flamingo Luxury;https://www.getyourguide.com/es-es/las-coloradas-l168323/rio-lagartos-y-las-coloradas-ecosafari-flamingo-luxury-t660204/
México;cancun-l150;714674;Cancun Tour En Autobus Turistico Con Paradas Libres Y Atracciones;https://www.getyourguide.com/es-es/cancun-l150/cancun-tour-en-autobus-turistico-con-paradas-libres-y-atracciones-t714674/
México;san-miguel-de-allende-l2515;1163963;Tour Gastronomico En San Miguel De Allende Tour Guiado A Pie;https://www.getyourguide.com/es-es/san-miguel-de-allende-l2515/tour-gastronomico-en-san-miguel-de-allende-tour-guiado-a-pie-t1163963/
México;acapulco-de-juarez-l307;723101; Acapulco Clase De Cocina Paseo En Barco Por La Laguna Y Experiencia Gastronomica;https://www.getyourguide.com/es-es/acapulco-de-juarez-l307/-acapulco-clase-de-cocina-paseo-en-barco-por-la-laguna-y-experiencia-gastronomica-t723101/
México;playa-del-carmen-l308;1170726;Playa Del Carmen Catamaran A Isla Mujeres Bebidas Y Discoteca;https://www.getyourguide.com/es-es/playa-del-carmen-l308/playa-del-carmen-catamaran-a-isla-mujeres-bebidas-y-discoteca-t1170726/
México;palenque-chiapas-l179804;751690;Desde Flores Guatemala Traslado A Palenque Chiapas Mexico;https://www.getyourguide.com/es-es/palenque-chiapas-l179804/desde-flores-guatemala-traslado-a-palenque-chiapas-mexico-t751690/
México;merida-l1903;1188704;Descubre Merida City Tour;https://www.getyourguide.com/es-es/merida-l1903/descubre-merida-city-tour-t1188704/
México;ciudad-de-mexico-l194;1213259;Ciudad De Mexico Taller De Tatuaje Basico En Condesa;https://www.getyourguide.com/es-es/ciudad-de-mexico-l194/ciudad-de-mexico-taller-de-tatuaje-basico-en-condesa-t1213259/
México;cancun-l150;851338;Traslado Privado Iberostar Seleccion Cancun A Aeropuerto Cun;https://www.getyourguide.com/es-es/cancun-l150/traslado-privado-iberostar-seleccion-cancun-a-aeropuerto-cun-t851338/
México;zihuatanejo-l392;852288;Ixtapa Zihuatanejo Excursion A Caballo;https://www.getyourguide.com/es-es/zihuatanejo-l392/ixtapa-zihuatanejo-excursion-a-caballo-t852288/
México;cabo-san-lucas-l306;1268755;Los Cabos Sl Tour En Velero Al Atardecer Con Snorkel Buffet Y Barra Libre;https://www.getyourguide.com/es-es/cabo-san-lucas-l306/los-cabos-sl-tour-en-velero-al-atardecer-con-snorkel-buffet-y-barra-libre-t1268755/
México;tulum-l248;917040;Tulum Vip Tour Privado Con Caverna;https://www.getyourguide.com/es-es/tulum-l248/tulum-vip-tour-privado-con-caverna-t917040/
México;bacalar-l95624;934745;Bacalar Ruinas De Calakmul Ruta Por La Selva Y Parada En La Cueva De Los Murcielagos;https://www.getyourguide.com/es-es/bacalar-l95624/bacalar-ruinas-de-calakmul-ruta-por-la-selva-y-parada-en-la-cueva-de-los-murcielagos-t934745/
México;guadalajara-l677;1318722;Guadalajara Nocturna Tour De Leyendas Fantasmas Y Misterios;https://www.getyourguide.com/es-es/guadalajara-l677/guadalajara-nocturna-tour-de-leyendas-fantasmas-y-misterios-t1318722/
México;tulum-l248;13851;Aventura De Medio Dia De Esnorquel Y Cenotes Subterraneos;https://www.getyourguide.com/es-es/tulum-l248/aventura-de-medio-dia-de-esnorquel-y-cenotes-subterraneos-t13851/
México;san-cristobal-de-las-casas-l2166;48779;Canon Del Sumidero Chiapa De Corzo Y Miradores;https://www.getyourguide.com/es-es/san-cristobal-de-las-casas-l2166/canon-del-sumidero-chiapa-de-corzo-y-miradores-t48779/
México;cabo-san-lucas-l306;259012;Cabo San Lucas Excursion De 25 Horas Para Avistar Ballenas;https://www.getyourguide.com/es-es/cabo-san-lucas-l306/cabo-san-lucas-excursion-de-25-horas-para-avistar-ballenas-t259012/
México;cancun-l150;284762;Coba Dia Completo De Actividades Aventura Y Comida;https://www.getyourguide.com/es-es/cancun-l150/coba-dia-completo-de-actividades-aventura-y-comida-t284762/
México;santa-maria-huatulco-l781;388150;Desde La Crucecita Paseo Privado En Barco Por Huatulco 7 O 5 Bahias;https://www.getyourguide.com/es-es/santa-maria-huatulco-l781/desde-la-crucecita-paseo-privado-en-barco-por-huatulco-7-o-5-bahias-t388150/
México;puerto-morelos-l112372;1191942;Riviera Maya Campamento De Aventura Privado Con Actividades;https://www.getyourguide.com/es-es/puerto-morelos-l112372/riviera-maya-campamento-de-aventura-privado-con-actividades-t1191942/
México;san-miguel-de-cozumel-l141611;469138;Oaxaca Taller De Pintura Alebrije En Barriecito;https://www.getyourguide.com/es-es/san-miguel-de-cozumel-l141611/oaxaca-taller-de-pintura-alebrije-en-barriecito-t469138/
México;cabo-san-lucas-l306;524039;Excursion Privada De Snorkel En Cabo San Lucas;https://www.getyourguide.com/es-es/cabo-san-lucas-l306/excursion-privada-de-snorkel-en-cabo-san-lucas-t524039/
México;san-jose-del-cabo-l967;528922;Excursion De Snorkel En San Jose Del Cabo;https://www.getyourguide.com/es-es/san-jose-del-cabo-l967/excursion-de-snorkel-en-san-jose-del-cabo-t528922/
México;merida-l1903;639272;Merida La Quinta Montes Molina Visita Guiada;https://www.getyourguide.com/es-es/merida-l1903/merida-la-quinta-montes-molina-visita-guiada-t639272/
México;puerto-vallarta-l265;787839;Puerto Vallarta Crucero Todo Incluido Snorkeling Playa Y Cascada;https://www.getyourguide.com/es-es/puerto-vallarta-l265/puerto-vallarta-crucero-todo-incluido-snorkeling-playa-y-cascada-t787839/
México;san-jose-del-cabo-l967;842713;San Jose Del Cabo Clase De Surf Con Transporte Privado;https://www.getyourguide.com/es-es/san-jose-del-cabo-l967/san-jose-del-cabo-clase-de-surf-con-transporte-privado-t842713/
México;puerto-vallarta-l265;258292;Puerto Vallarta Excursion Aventura Taco Nocturno;https://www.getyourguide.com/es-es/puerto-vallarta-l265/puerto-vallarta-excursion-aventura-taco-nocturno-t258292/
México;cabo-san-lucas-l306;340326;La Mejor Excursion En Quad De Cabo Desierto Playa Y Degustacion De Tequila;https://www.getyourguide.com/es-es/cabo-san-lucas-l306/la-mejor-excursion-en-quad-de-cabo-desierto-playa-y-degustacion-de-tequila-t340326/
México;mazatlan-l808;894734;Mazatlan Tour En Autobus De Dos Pisos Por La Ciudad Con Elevador Para Sillas De Ruedas;https://www.getyourguide.com/es-es/mazatlan-l808/mazatlan-tour-en-autobus-de-dos-pisos-por-la-ciudad-con-elevador-para-sillas-de-ruedas-t894734/
México;cancun-l150;932569;Desde Cancun Tour A Tulum Y Coba Con Visita A Cenote Y Almuerzo Buffet;https://www.getyourguide.com/es-es/cancun-l150/desde-cancun-tour-a-tulum-y-coba-con-visita-a-cenote-y-almuerzo-buffet-t932569/
México;mazatlan-l808;933100;Mazatlan Tour Guiado Por La Ciudad Con Espectaculo Cliff S Diver Y Almuerzo;https://www.getyourguide.com/es-es/mazatlan-l808/mazatlan-tour-guiado-por-la-ciudad-con-espectaculo-cliff-s-diver-y-almuerzo-t933100/
México;tulum-l248;451164;Tulum Recorrido Gastronomico Vegano A Pie;https://www.getyourguide.com/es-es/tulum-l248/tulum-recorrido-gastronomico-vegano-a-pie-t451164/
México;guadalajara-l677;475729;Guadalajara Visita Privada A Medida Con Guia Local;https://www.getyourguide.com/es-es/guadalajara-l677/guadalajara-visita-privada-a-medida-con-guia-local-t475729/
México;loreto-mexico-l1655;488024;Excursion A La Isla Danzante Y Snorkel Desde El Hotel Villa Del Palmar;https://www.getyourguide.com/es-es/loreto-mexico-l1655/excursion-a-la-isla-danzante-y-snorkel-desde-el-hotel-villa-del-palmar-t488024/
México;cancun-l150;604920;Tour Privado Snorkel E Isla Mujeres Para Grupos Y Familias;https://www.getyourguide.com/es-es/cancun-l150/tour-privado-snorkel-e-isla-mujeres-para-grupos-y-familias-t604920/
México;ciudad-de-mexico-l194;1085860;Ciudad De Mexico Tour A Pie Por El Campus De La Unam Con Guia;https://www.getyourguide.com/es-es/ciudad-de-mexico-l194/ciudad-de-mexico-tour-a-pie-por-el-campus-de-la-unam-con-guia-t1085860/
México;puerto-vallarta-l265;682768;Puerto Vallarta Rio Canopy Pase Puente Jorullo;https://www.getyourguide.com/es-es/puerto-vallarta-l265/puerto-vallarta-rio-canopy-pase-puente-jorullo-t682768/
México;san-cristobal-de-las-casas-l2166;691656;San Cristobal Tour Privado Misol Ha Palenque Y Agua Azuln;https://www.getyourguide.com/es-es/san-cristobal-de-las-casas-l2166/san-cristobal-tour-privado-misol-ha-palenque-y-agua-azuln-t691656/
México;municipio-tuxtla-gutierrez-l2527;691915;Aeropuerto De Tuxtla Gutierrez Traslado A Comitan;https://www.getyourguide.com/es-es/municipio-tuxtla-gutierrez-l2527/aeropuerto-de-tuxtla-gutierrez-traslado-a-comitan-t691915/
México;municipio-de-morelia-l103020;1142118;Tour Privado Por El Centro Historico De Morelia Para Toda La Familia;https://www.getyourguide.com/es-es/municipio-de-morelia-l103020/tour-privado-por-el-centro-historico-de-morelia-para-toda-la-familia-t1142118/
México;puerto-vallarta-l265;722212;Puerto Vallarta Amigos Experiencia De Masaje;https://www.getyourguide.com/es-es/puerto-vallarta-l265/puerto-vallarta-amigos-experiencia-de-masaje-t722212/
México;ciudad-de-mexico-l194;1225753;Ciudad De Mexico Puntos Destacados Y Joyas Ocultas Tour A Pie De 2 Horas;https://www.getyourguide.com/es-es/ciudad-de-mexico-l194/ciudad-de-mexico-puntos-destacados-y-joyas-ocultas-tour-a-pie-de-2-horas-t1225753/
México;san-miguel-de-cozumel-l141611;857577;Excursion En Tierra Tour En Buggy Por La Isla De Cozumel Y Visita A La Playa;https://www.getyourguide.com/es-es/san-miguel-de-cozumel-l141611/excursion-en-tierra-tour-en-buggy-por-la-isla-de-cozumel-y-visita-a-la-playa-t857577/
México;la-ventana-l193099;862538;Kitesurf Descubrimiento La Ventana;https://www.getyourguide.com/es-es/la-ventana-l193099/kitesurf-descubrimiento-la-ventana-t862538/
México;ciudad-de-mexico-l194;865084;Ciudad De Mexico Esoterica Misticismo Santeria Y Santa Muerte;https://www.getyourguide.com/es-es/ciudad-de-mexico-l194/ciudad-de-mexico-esoterica-misticismo-santeria-y-santa-muerte-t865084/
México;ciudad-de-mexico-l194;932635;Cdmx Recorrido Por Palacios Y Museos;https://www.getyourguide.com/es-es/ciudad-de-mexico-l194/cdmx-recorrido-por-palacios-y-museos-t932635/
México;izamal-l103674;1293845;Tour Cenotes Pueblo Izamal;https://www.getyourguide.com/es-es/izamal-l103674/tour-cenotes-pueblo-izamal-t1293845/
México;ciudad-de-mexico-l194;959972;Cdmx Recorrido Por Teotihuacan De Medio Dia;https://www.getyourguide.com/es-es/ciudad-de-mexico-l194/cdmx-recorrido-por-teotihuacan-de-medio-dia-t959972/
México;ciudad-de-mexico-l194;1001495;Tolantongo Y La Gloria Desde Cd De Mexico Experiencia Gastronomica Local;https://www.getyourguide.com/es-es/ciudad-de-mexico-l194/tolantongo-y-la-gloria-desde-cd-de-mexico-experiencia-gastronomica-local-t1001495/
México;municipio-oaxaca-de-juarez-l681;1063860;Oaxaca Cata De Mezcal A La Luz De Las Velas Con Agaves Silvestres;https://www.getyourguide.com/es-es/municipio-oaxaca-de-juarez-l681/oaxaca-cata-de-mezcal-a-la-luz-de-las-velas-con-agaves-silvestres-t1063860/
México;puerto-vallarta-l265;182270;Mexico Tour De La Ciudad De Puerto Vallarta;https://www.getyourguide.com/es-es/puerto-vallarta-l265/mexico-tour-de-la-ciudad-de-puerto-vallarta-t182270/
México;municipio-oaxaca-de-juarez-l681;1100119;Tour De Bares En Oaxaca Con Chupitos De Mezcal Y Musica En Vivo;https://www.getyourguide.com/es-es/municipio-oaxaca-de-juarez-l681/tour-de-bares-en-oaxaca-con-chupitos-de-mezcal-y-musica-en-vivo-t1100119/
México;san-jose-del-cabo-l967;399620;Los Cabos Tour De Medio Dia Por San Lucas Y San Jose;https://www.getyourguide.com/es-es/san-jose-del-cabo-l967/los-cabos-tour-de-medio-dia-por-san-lucas-y-san-jose-t399620/
México;puerto-vallarta-l265;407096;Puerto Vallarta Tirolina Puente Jorullo Y Tequila;https://www.getyourguide.com/es-es/puerto-vallarta-l265/puerto-vallarta-tirolina-puente-jorullo-y-tequila-t407096/
México;puerto-morelos-l112372;450508;Esnorquel En El Arrecife 3 Cenotes Increibles Y Comida Local;https://www.getyourguide.com/es-es/puerto-morelos-l112372/esnorquel-en-el-arrecife-3-cenotes-increibles-y-comida-local-t450508/
México;merida-l1903;454582;Chichen Itza E Izamal;https://www.getyourguide.com/es-es/merida-l1903/chichen-itza-e-izamal-t454582/
México;san-pedro-garza-garcia-l197889;1196691;Monterrey Cata De Vino;https://www.getyourguide.com/es-es/san-pedro-garza-garcia-l197889/monterrey-cata-de-vino-t1196691/
México;san-cristobal-de-las-casas-l2166;1211955;San Cristobal De Las Casas Excursion De 1 Dia A Hacer Escalada;https://www.getyourguide.com/es-es/san-cristobal-de-las-casas-l2166/san-cristobal-de-las-casas-excursion-de-1-dia-a-hacer-escalada-t1211955/
México;palenque-chiapas-l179804;519494;Desde Palenque Recorrido Por Las Cascadas De Roberto Barrios;https://www.getyourguide.com/es-es/palenque-chiapas-l179804/desde-palenque-recorrido-por-las-cascadas-de-roberto-barrios-t519494/
México;cancun-l150;539177;Aventura A Caballo Y En Quad Con Tirolinas Y Cenote;https://www.getyourguide.com/es-es/cancun-l150/aventura-a-caballo-y-en-quad-con-tirolinas-y-cenote-t539177/
México;queretaro-l1170;640644;Queretaro Ruta Independencia En Un Dia;https://www.getyourguide.com/es-es/queretaro-l1170/queretaro-ruta-independencia-en-un-dia-t640644/
México;municipio-oaxaca-de-juarez-l681;641650;Ciudad De Oaxaca Tour En Bicicleta Con Guia Profesional Taller De Arte;https://www.getyourguide.com/es-es/municipio-oaxaca-de-juarez-l681/ciudad-de-oaxaca-tour-en-bicicleta-con-guia-profesional-taller-de-arte-t641650/
México;municipio-oaxaca-de-juarez-l681;670641;Teotitlan Tlacochahuaya Y Mezcal Una Experiencia Inolvidable;https://www.getyourguide.com/es-es/municipio-oaxaca-de-juarez-l681/teotitlan-tlacochahuaya-y-mezcal-una-experiencia-inolvidable-t670641/
México;municipio-tuxtla-gutierrez-l2527;691809;Aeropuerto De Tuxtla Gutierrez Traslado A Palenque;https://www.getyourguide.com/es-es/municipio-tuxtla-gutierrez-l2527/aeropuerto-de-tuxtla-gutierrez-traslado-a-palenque-t691809/
México;bacalar-l95624;715013;Bacalar Navegacion Privada En Catamaran Entre Manglares;https://www.getyourguide.com/es-es/bacalar-l95624/bacalar-navegacion-privada-en-catamaran-entre-manglares-t715013/
México;el-sargento-l207567;723493;La Paz Safari Oceanico Encuentra Delfines Orcas Y Leones Marinos;https://www.getyourguide.com/es-es/el-sargento-l207567/la-paz-safari-oceanico-encuentra-delfines-orcas-y-leones-marinos-t723493/
México;playa-del-carmen-l308;778341;Playa Del Carmen Tour A Pie Con Vestido Volador Y Guia Local;https://www.getyourguide.com/es-es/playa-del-carmen-l308/playa-del-carmen-tour-a-pie-con-vestido-volador-y-guia-local-t778341/
México;san-miguel-de-cozumel-l141611;396287;Cozumel Taller De Chocolate En The Mayan Cacao Company;https://www.getyourguide.com/es-es/san-miguel-de-cozumel-l141611/cozumel-taller-de-chocolate-en-the-mayan-cacao-company-t396287/
México;yelapa-l201862;831318;Puerto Vallarta Tour Privado En Velero A Yelapa;https://www.getyourguide.com/es-es/yelapa-l201862/puerto-vallarta-tour-privado-en-velero-a-yelapa-t831318/
México;cancun-l150;836646;Transporte Privado Desde El Aeropuerto De Cun A Desire Riviera Maya;https://www.getyourguide.com/es-es/cancun-l150/transporte-privado-desde-el-aeropuerto-de-cun-a-desire-riviera-maya-t836646/
México;hermosillo-l157195;844460;Playa El Himalaya Recorrido Por La Playa Virgen De Agua Cristalina;https://www.getyourguide.com/es-es/hermosillo-l157195/playa-el-himalaya-recorrido-por-la-playa-virgen-de-agua-cristalina-t844460/
México;ciudad-de-mexico-l194;844651;Xochimilco Tour Isla De Las Munecas Games And Drinks;https://www.getyourguide.com/es-es/ciudad-de-mexico-l194/xochimilco-tour-isla-de-las-munecas-games-and-drinks-t844651/
México;akumal-l2807;862351;Akumal Explora El Santuario De Los Monos El Circuito Atv Y El Cenote;https://www.getyourguide.com/es-es/akumal-l2807/akumal-explora-el-santuario-de-los-monos-el-circuito-atv-y-el-cenote-t862351/
México;amatitan-l138358;901080;Aventura Privada A Tequila Y Al Castillo De Tequila;https://www.getyourguide.com/es-es/amatitan-l138358/aventura-privada-a-tequila-y-al-castillo-de-tequila-t901080/
México;puebla-l1471;927446;Puebla Tour Por El Valle De Las Catrinas De Atlixco Con Mezcal;https://www.getyourguide.com/es-es/puebla-l1471/puebla-tour-por-el-valle-de-las-catrinas-de-atlixco-con-mezcal-t927446/
México;cancun-l150;949448;Cancun Tour En Barco De Snorkel Con Equipo;https://www.getyourguide.com/es-es/cancun-l150/cancun-tour-en-barco-de-snorkel-con-equipo-t949448/
México;cancun-l150;1043951;Cancun Alquiler De Motos Acuaticas En La Costa;https://www.getyourguide.com/es-es/cancun-l150/cancun-alquiler-de-motos-acuaticas-en-la-costa-t1043951/
México;mazatlan-l808;1045914;Recorrido En Auto Y A Pie Por Mazatlan;https://www.getyourguide.com/es-es/mazatlan-l808/recorrido-en-auto-y-a-pie-por-mazatlan-t1045914/
México;ciudad-de-guanajuato-l2514;1048500;Desde Guanajuato Tour Privado De Un Dia A San Miguel;https://www.getyourguide.com/es-es/ciudad-de-guanajuato-l2514/desde-guanajuato-tour-privado-de-un-dia-a-san-miguel-t1048500/
México;santa-maria-huatulco-l781;1071582;Huatulco Aventura De Tirolesas Y Jardines Exoticos Y Visita Un Mirador;https://www.getyourguide.com/es-es/santa-maria-huatulco-l781/huatulco-aventura-de-tirolesas-y-jardines-exoticos-y-visita-un-mirador-t1071582/
México;ensenada-l545;1080403;Ensenada Tour Guiado En Bicicleta Electrica Por Los Lugares Mas Destacados De La Ciudad;https://www.getyourguide.com/es-es/ensenada-l545/ensenada-tour-guiado-en-bicicleta-electrica-por-los-lugares-mas-destacados-de-la-ciudad-t1080403/
México;monterrey-l679;689168;Nido De Aguiluchos Senderismo Rappel Y Fotos Impresionantes;https://www.getyourguide.com/es-es/monterrey-l679/nido-de-aguiluchos-senderismo-rappel-y-fotos-impresionantes-t689168/
México;cancun-l150;690969;Cancun 3 Cenotes Y 1 Excursion A La Laguna;https://www.getyourguide.com/es-es/cancun-l150/cancun-3-cenotes-y-1-excursion-a-la-laguna-t690969/
México;san-jose-del-cabo-l967;739723;San Jose Del Cabo Traslado Privado A Puerto Los Cabos;https://www.getyourguide.com/es-es/san-jose-del-cabo-l967/san-jose-del-cabo-traslado-privado-a-puerto-los-cabos-t739723/
México;bacalar-l95624;775179;Desde Bacalar Traslado Compartido De Ida A Caye Caulker;https://www.getyourguide.com/es-es/bacalar-l95624/desde-bacalar-traslado-compartido-de-ida-a-caye-caulker-t775179/
México;valladolid-mexico-l101556;802139;De Valladolid Chichen Itza Y 2 Cenotes Transporte Compartido;https://www.getyourguide.com/es-es/valladolid-mexico-l101556/de-valladolid-chichen-itza-y-2-cenotes-transporte-compartido-t802139/
México;leon-mexico-l155751;807865;Desde Leon Los Panales Excursion De Un Dia De Aventura Con Desayuno;https://www.getyourguide.com/es-es/leon-mexico-l155751/desde-leon-los-panales-excursion-de-un-dia-de-aventura-con-desayuno-t807865/
México;la-paz-mexico-l2930;1187348;La Paz Clase Privada De Salsa O Bachata;https://www.getyourguide.com/es-es/la-paz-mexico-l2930/la-paz-clase-privada-de-salsa-o-bachata-t1187348/
México;cancun-l150;855944;Aventura En Catamaran A Isla Mujeres Snorkel Comida Y Transporte Incluido;https://www.getyourguide.com/es-es/cancun-l150/aventura-en-catamaran-a-isla-mujeres-snorkel-comida-y-transporte-incluido-t855944/
México;mahahual-l168421;862610;Costa Maya Aventura De Snorkel En Barco Con Fotos;https://www.getyourguide.com/es-es/mahahual-l168421/costa-maya-aventura-de-snorkel-en-barco-con-fotos-t862610/
México;cancun-l150;871497;Transporte Privado Aeropuerto Cun A Moon Palace The Grand Cancun;https://www.getyourguide.com/es-es/cancun-l150/transporte-privado-aeropuerto-cun-a-moon-palace-the-grand-cancun-t871497/
México;guadalajara-l677;1216695;Ruta De Arte Y Visitas A Estudios En Guadalajara;https://www.getyourguide.com/es-es/guadalajara-l677/ruta-de-arte-y-visitas-a-estudios-en-guadalajara-t1216695/
México;merida-l1903;882476;Tour Historico Y Cultural En Merida Yucatan Mexico;https://www.getyourguide.com/es-es/merida-l1903/tour-historico-y-cultural-en-merida-yucatan-mexico-t882476/
México;monterrey-l679;1227063;Monterrey Entrada A Horno 3 Museo Interactivo Y Mirador Panoramico;https://www.getyourguide.com/es-es/monterrey-l679/monterrey-entrada-a-horno-3-museo-interactivo-y-mirador-panoramico-t1227063/
México;cancun-l150;895653;Cancuncosta Mujeres Privada Tour A Coba Por La Manana;https://www.getyourguide.com/es-es/cancun-l150/cancuncosta-mujeres-privada-tour-a-coba-por-la-manana-t895653/
México;ciudad-de-mexico-l194;931067;Cdmx Visita Guiada Al Museo De Antropologia;https://www.getyourguide.com/es-es/ciudad-de-mexico-l194/cdmx-visita-guiada-al-museo-de-antropologia-t931067/
México;ciudad-de-mexico-l194;994569;Ciudad De Mexico Walking Tour Centro Historico El Paso De La Cdmx ;https://www.getyourguide.com/es-es/ciudad-de-mexico-l194/ciudad-de-mexico-walking-tour-centro-historico-el-paso-de-la-cdmx--t994569/
México;ensenada-l545;1063625;Ensenada Tour De Tirolina Y Puente Colgante En Las Canadas;https://www.getyourguide.com/es-es/ensenada-l545/ensenada-tour-de-tirolina-y-puente-colgante-en-las-canadas-t1063625/
México;ensenada-l545;1063665;Ensenada Clase De Surf En Playa Hermosa Con Recogida En El Puerto;https://www.getyourguide.com/es-es/ensenada-l545/ensenada-clase-de-surf-en-playa-hermosa-con-recogida-en-el-puerto-t1063665/
México;cancun-l150;63338;Tour Privado De Chichen Itza;https://www.getyourguide.com/es-es/cancun-l150/tour-privado-de-chichen-itza-t63338/
México;acapulco-de-juarez-l307;67026;Cria De Tortugas Paseo En Barco Por La Laguna De Los 3 Palos Y Granja De Cocodrilos;https://www.getyourguide.com/es-es/acapulco-de-juarez-l307/cria-de-tortugas-paseo-en-barco-por-la-laguna-de-los-3-palos-y-granja-de-cocodrilos-t67026/
México;puerto-vallarta-l265;1083101;Puerto Vallarta Tour Privado A Las Playas De Colomitos Y Madagascar;https://www.getyourguide.com/es-es/puerto-vallarta-l265/puerto-vallarta-tour-privado-a-las-playas-de-colomitos-y-madagascar-t1083101/
México;playa-del-carmen-l308;1114633;Playa Del Carmen Tour A Bordo De Cozumel Con Almuerzo;https://www.getyourguide.com/es-es/playa-del-carmen-l308/playa-del-carmen-tour-a-bordo-de-cozumel-con-almuerzo-t1114633/
México;mazatlan-l808;327286;Mazatlan Experiencia Temazcal Con Comida Y Transporte;https://www.getyourguide.com/es-es/mazatlan-l808/mazatlan-experiencia-temazcal-con-comida-y-transporte-t327286/
México;municipio-oaxaca-de-juarez-l681;388323;Oaxaca Clase De Cocina Tradicional Oaxaquena Con Visita Al Mercado;https://www.getyourguide.com/es-es/municipio-oaxaca-de-juarez-l681/oaxaca-clase-de-cocina-tradicional-oaxaquena-con-visita-al-mercado-t388323/
México;zacatlan-l143480;1131715;Visita Guiada De Zacatlan;https://www.getyourguide.com/es-es/zacatlan-l143480/visita-guiada-de-zacatlan-t1131715/
México;cancun-l150;478267;Punta Cancun Nadar Con Delfines Harmony;https://www.getyourguide.com/es-es/cancun-l150/punta-cancun-nadar-con-delfines-harmony-t478267/
México;queretaro-l1170;503356;Tour A Pie Templos Y Conventos Zona Oeste;https://www.getyourguide.com/es-es/queretaro-l1170/tour-a-pie-templos-y-conventos-zona-oeste-t503356/
México;ciudad-de-mexico-l194;1227053;Tepito Tour De Tacos Chelas Y Vida Del Barrio Bravo;https://www.getyourguide.com/es-es/ciudad-de-mexico-l194/tepito-tour-de-tacos-chelas-y-vida-del-barrio-bravo-t1227053/
México;santa-maria-huatulco-l781;538272;Huatulcoexcursion A Ventanilla Zipolitemazunte Y Puerto Angel;https://www.getyourguide.com/es-es/santa-maria-huatulco-l781/huatulcoexcursion-a-ventanilla-zipolitemazunte-y-puerto-angel-t538272/
México;ciudad-de-coba-l209788;1256730;Ruinas De Coba Y Clase De Cocina Maya Autentica Tour Privado;https://www.getyourguide.com/es-es/ciudad-de-coba-l209788/ruinas-de-coba-y-clase-de-cocina-maya-autentica-tour-privado-t1256730/
México;municipio-de-patzcuaro-l152029;591928;Tour Del Dia De Los Muertos 2025 Janitzio Nov 2;https://www.getyourguide.com/es-es/municipio-de-patzcuaro-l152029/tour-del-dia-de-los-muertos-2025-janitzio-nov-2-t591928/
México;cabo-san-lucas-l306;1279910;Los Cabos Elige Entre Tour De Snokel O Tour Al Atardecer Con Cena Mexicana;https://www.getyourguide.com/es-es/cabo-san-lucas-l306/los-cabos-elige-entre-tour-de-snokel-o-tour-al-atardecer-con-cena-mexicana-t1279910/
México;puebla-l1471;610154;Degustacion A La Luz De La Luna Bajo El Cielo De Puebla;https://www.getyourguide.com/es-es/puebla-l1471/degustacion-a-la-luz-de-la-luna-bajo-el-cielo-de-puebla-t610154/
México;municipio-oaxaca-de-juarez-l681;1321266;Oaxaca Sesion De Fotos De Boda Falsa Y Atuendo Tradicional Oaxaqueno;https://www.getyourguide.com/es-es/municipio-oaxaca-de-juarez-l681/oaxaca-sesion-de-fotos-de-boda-falsa-y-atuendo-tradicional-oaxaqueno-t1321266/
México;queretaro-l1170;687121;Cocina Mexicana En Casa;https://www.getyourguide.com/es-es/queretaro-l1170/cocina-mexicana-en-casa-t687121/
México;municipio-tuxtla-gutierrez-l2527;691982;Aeropuerto De Tuxtla Gutierrez Traslado A Villahermosa;https://www.getyourguide.com/es-es/municipio-tuxtla-gutierrez-l2527/aeropuerto-de-tuxtla-gutierrez-traslado-a-villahermosa-t691982/
México;playa-del-carmen-l308;698820;Playa Del Carmen Pesca En Barco Privado Y Snorkel;https://www.getyourguide.com/es-es/playa-del-carmen-l308/playa-del-carmen-pesca-en-barco-privado-y-snorkel-t698820/
México;cabo-san-lucas-l306;707761;Cabo San Lucas Cena Al Atardecer En Un Barco Pirata;https://www.getyourguide.com/es-es/cabo-san-lucas-l306/cabo-san-lucas-cena-al-atardecer-en-un-barco-pirata-t707761/
México;ciudad-de-mexico-l194;115480;Excursion De Un Dia A Taxco Cuevas De Cacahuamilpa Y Cuernavaca;https://www.getyourguide.com/es-es/ciudad-de-mexico-l194/excursion-de-un-dia-a-taxco-cuevas-de-cacahuamilpa-y-cuernavaca-t115480/
México;cancun-l150;836600;Transporte Privado Desde Royalton Riviera Cancun Al Aeropuerto Cun;https://www.getyourguide.com/es-es/cancun-l150/transporte-privado-desde-royalton-riviera-cancun-al-aeropuerto-cun-t836600/
México;puerto-vallarta-l265;836908;Puerto Vallarta Paseo A Caballo Por Las Cascadas De La Montana;https://www.getyourguide.com/es-es/puerto-vallarta-l265/puerto-vallarta-paseo-a-caballo-por-las-cascadas-de-la-montana-t836908/
México;tulum-l248;855988;Tulum Excursion A Cenotes Con Snorkel Y Comida;https://www.getyourguide.com/es-es/tulum-l248/tulum-excursion-a-cenotes-con-snorkel-y-comida-t855988/
México;ciudad-de-mexico-l194;856828;Tour Privado A Pie Para Familias En La Ciudad De Mexico;https://www.getyourguide.com/es-es/ciudad-de-mexico-l194/tour-privado-a-pie-para-familias-en-la-ciudad-de-mexico-t856828/
México;ciudad-de-mexico-l194;872523;Desde Cdmx Queretaro Hidalgo Guanajuato Slp Zacatecas Guadalajara;https://www.getyourguide.com/es-es/ciudad-de-mexico-l194/desde-cdmx-queretaro-hidalgo-guanajuato-slp-zacatecas-guadalajara-t872523/
México;valle-de-bravo-l95795;495230;Valle De Bravo Cruce Del Rio;https://www.getyourguide.com/es-es/valle-de-bravo-l95795/valle-de-bravo-cruce-del-rio-t495230/
México;cancun-l150;529145;Excursion Combinada En Cancun Snorkel En 4 Arrecifes Y Paseo En Parasailing;https://www.getyourguide.com/es-es/cancun-l150/excursion-combinada-en-cancun-snorkel-en-4-arrecifes-y-paseo-en-parasailing-t529145/
México;merida-l1903;1092691;Merida Tour De Senderismo Espeleologia Y Observacion De Murcielagos En Yucatan;https://www.getyourguide.com/es-es/merida-l1903/merida-tour-de-senderismo-espeleologia-y-observacion-de-murcielagos-en-yucatan-t1092691/
México;cancun-l150;728292;Cancun Traslado Al Aeropuerto Privado En Sedan Y Minivan;https://www.getyourguide.com/es-es/cancun-l150/cancun-traslado-al-aeropuerto-privado-en-sedan-y-minivan-t728292/
México;puebla-l1471;827100;Dia De Muertos En Val Quirico;https://www.getyourguide.com/es-es/puebla-l1471/dia-de-muertos-en-val-quirico-t827100/
México;cancun-l150;843348;Traslado Privado Del Hyatt Zilara Cancun Al Aeropuerto Cun;https://www.getyourguide.com/es-es/cancun-l150/traslado-privado-del-hyatt-zilara-cancun-al-aeropuerto-cun-t843348/
México;la-paz-mexico-l2930;891673;Excursion En Kayak De Mar Safari Por Los Manglares;https://www.getyourguide.com/es-es/la-paz-mexico-l2930/excursion-en-kayak-de-mar-safari-por-los-manglares-t891673/
México;bacalar-l95624;1254720;Bacalar Tour Privado Por Las Ruinas De Calakmul Ruta De Senderismo Por La Selva Y Cueva De Los Murcielagos;https://www.getyourguide.com/es-es/bacalar-l95624/bacalar-tour-privado-por-las-ruinas-de-calakmul-ruta-de-senderismo-por-la-selva-y-cueva-de-los-murcielagos-t1254720/
México;sayulita-l32371;1060227;Puerto Vallarta Alquiler Privado Con Todo Incluido Chica Fun 5;https://www.getyourguide.com/es-es/sayulita-l32371/puerto-vallarta-alquiler-privado-con-todo-incluido-chica-fun-5-t1060227/
México;progreso-l95507;1075638;Progreso Cocoloba Club De Playa Vip Todo Incluido;https://www.getyourguide.com/es-es/progreso-l95507/progreso-cocoloba-club-de-playa-vip-todo-incluido-t1075638/
México;ciudad-de-mexico-l194;1091424;Cdmx Tour De Lucha Libre Mezcal Tequila Y Show En Vivo;https://www.getyourguide.com/es-es/ciudad-de-mexico-l194/cdmx-tour-de-lucha-libre-mezcal-tequila-y-show-en-vivo-t1091424/
México;san-miguel-de-allende-l2515;1174118;San Miguel De Allende Clase Y Degustacion De Panaderia Colonial Mexicana;https://www.getyourguide.com/es-es/san-miguel-de-allende-l2515/san-miguel-de-allende-clase-y-degustacion-de-panaderia-colonial-mexicana-t1174118/
México;san-cristobal-de-las-casas-l2166;406636;Encantos Naturales Lagos De Montebello Y Cascadas Del Chiflon;https://www.getyourguide.com/es-es/san-cristobal-de-las-casas-l2166/encantos-naturales-lagos-de-montebello-y-cascadas-del-chiflon-t406636/
México;puebla-l1471;1209178;Puebla Tour A Pie Por La Ciudad De Los Angeles Y El Monumento Patrimonio De La Humanidad;https://www.getyourguide.com/es-es/puebla-l1471/puebla-tour-a-pie-por-la-ciudad-de-los-angeles-y-el-monumento-patrimonio-de-la-humanidad-t1209178/
México;puebla-l1471;434837;Desde Puebla Pueblos Magicos De Zacatlan Y Chignahuapan;https://www.getyourguide.com/es-es/puebla-l1471/desde-puebla-pueblos-magicos-de-zacatlan-y-chignahuapan-t434837/
México;ciudad-de-mexico-l194;1243366;Cultura E Historia Queer De Ciudad De Mexico;https://www.getyourguide.com/es-es/ciudad-de-mexico-l194/cultura-e-historia-queer-de-ciudad-de-mexico-t1243366/
México;san-miguel-de-cozumel-l141611;529589;Cozumel Aventura De Snorkel En Barco Con Fondo De Cristal;https://www.getyourguide.com/es-es/san-miguel-de-cozumel-l141611/cozumel-aventura-de-snorkel-en-barco-con-fondo-de-cristal-t529589/
México;guadalajara-l677;535640;Visita Privada A Pie Por Guadalajara;https://www.getyourguide.com/es-es/guadalajara-l677/visita-privada-a-pie-por-guadalajara-t535640/
México;san-miguel-de-allende-l2515;557154;San Miguel De Allendemineral De Pozos Y Excursion A La Mina Abandonada;https://www.getyourguide.com/es-es/san-miguel-de-allende-l2515/san-miguel-de-allendemineral-de-pozos-y-excursion-a-la-mina-abandonada-t557154/
México;playa-del-carmen-l308;597418;Traslado Desde El Aeropuerto De Cancun A Cancun Y La Riviera Maya;https://www.getyourguide.com/es-es/playa-del-carmen-l308/traslado-desde-el-aeropuerto-de-cancun-a-cancun-y-la-riviera-maya-t597418/
México;san-cristobal-de-las-casas-l2166;601665;San Cristobal Excursion A La Selva Lacandona 4 Dias;https://www.getyourguide.com/es-es/san-cristobal-de-las-casas-l2166/san-cristobal-excursion-a-la-selva-lacandona-4-dias-t601665/
México;chapala-l94559;606873;De Guadalajara A La Laguna De Chapala Recorrido Divertido Y Cultural;https://www.getyourguide.com/es-es/chapala-l94559/de-guadalajara-a-la-laguna-de-chapala-recorrido-divertido-y-cultural-t606873/
México;cancun-l150;671162;Cancun El Mejor Tour De Comida Callejera Con Un Guia Local;https://www.getyourguide.com/es-es/cancun-l150/cancun-el-mejor-tour-de-comida-callejera-con-un-guia-local-t671162/
México;zihuatanejo-l392;676606;Zihuatanejo Exclusiva Aventura De Buceo Costero;https://www.getyourguide.com/es-es/zihuatanejo-l392/zihuatanejo-exclusiva-aventura-de-buceo-costero-t676606/
México;cabo-san-lucas-l306;691078;Cabo San Lucas Sunset Dinner;https://www.getyourguide.com/es-es/cabo-san-lucas-l306/cabo-san-lucas-sunset-dinner-t691078/
México;san-cristobal-de-las-casas-l2166;703346;San Cristobal Excursion De Un Dia A Las Cascadas De Las Nubes Con Entrada;https://www.getyourguide.com/es-es/san-cristobal-de-las-casas-l2166/san-cristobal-excursion-de-un-dia-a-las-cascadas-de-las-nubes-con-entrada-t703346/
México;san-jose-del-cabo-l967;747768;Avistamiento De Ballenas En San Jose Del Cabo;https://www.getyourguide.com/es-es/san-jose-del-cabo-l967/avistamiento-de-ballenas-en-san-jose-del-cabo-t747768/
México;las-coloradas-l168323;761168;Las Coloradas Y Ria Lagartos;https://www.getyourguide.com/es-es/las-coloradas-l168323/las-coloradas-y-ria-lagartos-t761168/
México;queretaro-l1170;779295;Experiencia En Simulador Dinamicos De Carreras Profesional En Queretaro;https://www.getyourguide.com/es-es/queretaro-l1170/experiencia-en-simulador-dinamicos-de-carreras-profesional-en-queretaro-t779295/
México;ciudad-de-mexico-l194;784106;Museo Nacional De Antropologia Un Viaje Al Pasado De Mexico English Lang;https://www.getyourguide.com/es-es/ciudad-de-mexico-l194/museo-nacional-de-antropologia-un-viaje-al-pasado-de-mexico-english-lang-t784106/
México;ciudad-de-mexico-l194;238317;Fiesta En Bici Con Neones;https://www.getyourguide.com/es-es/ciudad-de-mexico-l194/fiesta-en-bici-con-neones-t238317/
México;puerto-vallarta-l265;335466;Puerto Vallarta Tour De Avistamiento De Ballenas;https://www.getyourguide.com/es-es/puerto-vallarta-l265/puerto-vallarta-tour-de-avistamiento-de-ballenas-t335466/
México;ciudad-de-mexico-l194;839096;Experiencia Formula 1 En El Gran Premio De Ciudad De Mexico;https://www.getyourguide.com/es-es/ciudad-de-mexico-l194/experiencia-formula-1-en-el-gran-premio-de-ciudad-de-mexico-t839096/
México;mazatlan-l808;403723;Mazatlan Fabrica De Tequila Y Turismo Rural;https://www.getyourguide.com/es-es/mazatlan-l808/mazatlan-fabrica-de-tequila-y-turismo-rural-t403723/
México;cancun-l150;869116;Traslado Privado Aeropuerto Cun A Iberostar Seleccion;https://www.getyourguide.com/es-es/cancun-l150/traslado-privado-aeropuerto-cun-a-iberostar-seleccion-t869116/
México;cancun-l150;882009;Traslado Privado Villa Del Palmar Cancun A Aeropuerto Cun;https://www.getyourguide.com/es-es/cancun-l150/traslado-privado-villa-del-palmar-cancun-a-aeropuerto-cun-t882009/
México;ciudad-de-mexico-l194;884482;Ciudad De Mexico Hiking To La Malinche Private Day Tour;https://www.getyourguide.com/es-es/ciudad-de-mexico-l194/ciudad-de-mexico-hiking-to-la-malinche-private-day-tour-t884482/
México;bacalar-l95624;899659;Desde Ciudad De Mexico Tour 4 Dias Laguna De 7 Colores Bacalar Con Guia;https://www.getyourguide.com/es-es/bacalar-l95624/desde-ciudad-de-mexico-tour-4-dias-laguna-de-7-colores-bacalar-con-guia-t899659/
México;cancun-l150;477728;Cancun Entrada Al Acuario Interactivo;https://www.getyourguide.com/es-es/cancun-l150/cancun-entrada-al-acuario-interactivo-t477728/
México;municipio-oaxaca-de-juarez-l681;929599;Oaxaca Clase De Cocina Sin Menu Fijo Y Visita Al Mercado Local;https://www.getyourguide.com/es-es/municipio-oaxaca-de-juarez-l681/oaxaca-clase-de-cocina-sin-menu-fijo-y-visita-al-mercado-local-t929599/
México;ciudad-de-mexico-l194;965809;Musica Y Tequila En Xochimilco Visita Coyoacan Y Cu;https://www.getyourguide.com/es-es/ciudad-de-mexico-l194/musica-y-tequila-en-xochimilco-visita-coyoacan-y-cu-t965809/
México;cabo-san-lucas-l306;1001429;Cabo San Lucas Crucero Al Atardecer;https://www.getyourguide.com/es-es/cabo-san-lucas-l306/cabo-san-lucas-crucero-al-atardecer-t1001429/
México;pista-mexico-l167657;1021436;Desde Tulum Excursion A Chichen Itza Cenotes Y Valladolid;https://www.getyourguide.com/es-es/pista-mexico-l167657/desde-tulum-excursion-a-chichen-itza-cenotes-y-valladolid-t1021436/
México;tzimol-l182768;1026220;Circuito Chiapas Inolvidable De 5 Dias Y 4 Noches Tuxtla Villahermosa;https://www.getyourguide.com/es-es/tzimol-l182768/circuito-chiapas-inolvidable-de-5-dias-y-4-noches-tuxtla-villahermosa-t1026220/
México;akumal-l2807;1081431;Akumal Snorkel Con Fauna Marina Y Guia Experto;https://www.getyourguide.com/es-es/akumal-l2807/akumal-snorkel-con-fauna-marina-y-guia-experto-t1081431/
México;ensenada-l545;1089701;Ensenada Tour De La Ciudad En Un Ford Modelo T Con Margarita Y Vino;https://www.getyourguide.com/es-es/ensenada-l545/ensenada-tour-de-la-ciudad-en-un-ford-modelo-t-con-margarita-y-vino-t1089701/
México;cancun-l150;713124;Cancun Aeropuerto A Holbox Ferry Traslado Privado;https://www.getyourguide.com/es-es/cancun-l150/cancun-aeropuerto-a-holbox-ferry-traslado-privado-t713124/
México;cabo-san-lucas-l306;720643;Cabo San Lucas Actividad De Paintball 2 Personas;https://www.getyourguide.com/es-es/cabo-san-lucas-l306/cabo-san-lucas-actividad-de-paintball-2-personas-t720643/
México;chemuyil-l148270;1139891;Tulum Aguas Ancestrales Cuevas Cenotes Paseo Por La Selva Y Comida;https://www.getyourguide.com/es-es/chemuyil-l148270/tulum-aguas-ancestrales-cuevas-cenotes-paseo-por-la-selva-y-comida-t1139891/
México;municipio-de-teotihuacan-l165488;771896;Teotihuacan Es Mas Que Dos Grandes Piramides Es Toda Una Cultura;https://www.getyourguide.com/es-es/municipio-de-teotihuacan-l165488/teotihuacan-es-mas-que-dos-grandes-piramides-es-toda-una-cultura-t771896/
México;ensenada-l545;789904;Ensenada Excursion En Todoterreno;https://www.getyourguide.com/es-es/ensenada-l545/ensenada-excursion-en-todoterreno-t789904/
México;ciudad-de-mexico-l194;827183;Tour Street Art The Hidden Face Of Mexico City;https://www.getyourguide.com/es-es/ciudad-de-mexico-l194/tour-street-art-the-hidden-face-of-mexico-city-t827183/
México;ciudad-de-mexico-l194;1200333;Ciudad De Mexico Tour A Pie Por Roma Condesa;https://www.getyourguide.com/es-es/ciudad-de-mexico-l194/ciudad-de-mexico-tour-a-pie-por-roma-condesa-t1200333/
México;municipio-oaxaca-de-juarez-l681;869083;Recorrido A Pie Por Oaxaca Con Un Fotografo Local;https://www.getyourguide.com/es-es/municipio-oaxaca-de-juarez-l681/recorrido-a-pie-por-oaxaca-con-un-fotografo-local-t869083/
México;cabo-san-lucas-l306;884325;Los Cabos Experiencia De Deslumbramiento Por Las Estrellas;https://www.getyourguide.com/es-es/cabo-san-lucas-l306/los-cabos-experiencia-de-deslumbramiento-por-las-estrellas-t884325/
México;cabo-san-lucas-l306;1009274;Cabo San Lucas Safari De Mantarrayas;https://www.getyourguide.com/es-es/cabo-san-lucas-l306/cabo-san-lucas-safari-de-mantarrayas-t1009274/
México;puerto-morelos-l112372;3149;Riviera Maya Rio Secreto Tour Transporte Incluido;https://www.getyourguide.com/es-es/puerto-morelos-l112372/riviera-maya-rio-secreto-tour-transporte-incluido-t3149/
México;san-miguel-de-allende-l2515;1069788;Tour Wine Tasting Vinedo San Miguel San Miguel Experience;https://www.getyourguide.com/es-es/san-miguel-de-allende-l2515/tour-wine-tasting-vinedo-san-miguel-san-miguel-experience-t1069788/
México;tijuana-l546;282222;Ruta Del Vino Valle De Guadalupe Baja California;https://www.getyourguide.com/es-es/tijuana-l546/ruta-del-vino-valle-de-guadalupe-baja-california-t282222/
México;puerto-vallarta-l265;1113697;Puerto Vallarta Tour Por La Cascada El Salto Y El Puente Jorullo;https://www.getyourguide.com/es-es/puerto-vallarta-l265/puerto-vallarta-tour-por-la-cascada-el-salto-y-el-puente-jorullo-t1113697/
México;homun-l190106;658977;Progreso Aventura En Cenotes Santa Barbara Homun;https://www.getyourguide.com/es-es/homun-l190106/progreso-aventura-en-cenotes-santa-barbara-homun-t658977/
México;ciudad-de-mexico-l194;1314126;Ciudad De Mexico Lucha Libre Vip Junto Al Ring Tour A Pie Y Mezcal;https://www.getyourguide.com/es-es/ciudad-de-mexico-l194/ciudad-de-mexico-lucha-libre-vip-junto-al-ring-tour-a-pie-y-mezcal-t1314126/
México;municipio-oaxaca-de-juarez-l681;721777;Oaxaca La Experiencia Del Cacao Del Grano A Tu Taza;https://www.getyourguide.com/es-es/municipio-oaxaca-de-juarez-l681/oaxaca-la-experiencia-del-cacao-del-grano-a-tu-taza-t721777/
México;ciudad-de-mexico-l194;1321138;Frida Kahlo En Cdmx Experiencia En La Casa Azul Y Cafe De Especialidad;https://www.getyourguide.com/es-es/ciudad-de-mexico-l194/frida-kahlo-en-cdmx-experiencia-en-la-casa-azul-y-cafe-de-especialidad-t1321138/
México;mazatlan-l808;743066;Atv S Beachblast Y Tour De La Ciudad;https://www.getyourguide.com/es-es/mazatlan-l808/atv-s-beachblast-y-tour-de-la-ciudad-t743066/
México;merida-l1903;756243;Excursion De Un Dia A Motul Hacienda Xcambo Mina De Sal Rosa Y Progreso;https://www.getyourguide.com/es-es/merida-l1903/excursion-de-un-dia-a-motul-hacienda-xcambo-mina-de-sal-rosa-y-progreso-t756243/
México;ciudad-de-mexico-l194;28961;Ciudad De Mexico Taxco Y Cuernavaca Con Mina Prehispanica;https://www.getyourguide.com/es-es/ciudad-de-mexico-l194/ciudad-de-mexico-taxco-y-cuernavaca-con-mina-prehispanica-t28961/
México;municipio-oaxaca-de-juarez-l681;821949;Oaxaca Experiencia De Chocolate Y Bebidas Ancestrales;https://www.getyourguide.com/es-es/municipio-oaxaca-de-juarez-l681/oaxaca-experiencia-de-chocolate-y-bebidas-ancestrales-t821949/
México;ciudad-de-mexico-l194;153645;Val Quirico Y La Ciudad De Los Angeles Puebla Desde La Ciudad De Mexico;https://www.getyourguide.com/es-es/ciudad-de-mexico-l194/val-quirico-y-la-ciudad-de-los-angeles-puebla-desde-la-ciudad-de-mexico-t153645/
México;playa-del-carmen-l308;958380;Chichen Itza Todo Incluido Con Valladolid Y Cenote;https://www.getyourguide.com/es-es/playa-del-carmen-l308/chichen-itza-todo-incluido-con-valladolid-y-cenote-t958380/
México;merida-l1903;458061;Yucatan Chichen Itza Y Valladolid Visita Guiada Con Buffet;https://www.getyourguide.com/es-es/merida-l1903/yucatan-chichen-itza-y-valladolid-visita-guiada-con-buffet-t458061/
México;san-jose-del-cabo-l967;524472;San Jose Del Cabo Crucero Al Atardecer;https://www.getyourguide.com/es-es/san-jose-del-cabo-l967/san-jose-del-cabo-crucero-al-atardecer-t524472/
México;cabo-san-lucas-l306;526933;Crucero Al Atardecer Con Ballenas En Cabo San Lucas;https://www.getyourguide.com/es-es/cabo-san-lucas-l306/crucero-al-atardecer-con-ballenas-en-cabo-san-lucas-t526933/
México;ciudad-de-mexico-l194;1074356;Teotihuacan Vuelo Privado En Globo Con Traslado Opcional;https://www.getyourguide.com/es-es/ciudad-de-mexico-l194/teotihuacan-vuelo-privado-en-globo-con-traslado-opcional-t1074356/
México;ciudad-de-mexico-l194;1085823;Mx Biblioteca Vasconcelos Y Barrio De Santa Maria La Ribera;https://www.getyourguide.com/es-es/ciudad-de-mexico-l194/mx-biblioteca-vasconcelos-y-barrio-de-santa-maria-la-ribera-t1085823/
México;akumal-l2807;1092178;Akumal Entrada Al Parque Tsuuk Y Tour De Esnorquel Con Tortugas;https://www.getyourguide.com/es-es/akumal-l2807/akumal-entrada-al-parque-tsuuk-y-tour-de-esnorquel-con-tortugas-t1092178/
México;santa-maria-huatulco-l781;632064;Huatulco Tour Turistico Por Oaxaca;https://www.getyourguide.com/es-es/santa-maria-huatulco-l781/huatulco-tour-turistico-por-oaxaca-t632064/
México;guadalajara-l677;684851;Bar Barba Negra Con Espectaculo De Musica Rock En Directo;https://www.getyourguide.com/es-es/guadalajara-l677/bar-barba-negra-con-espectaculo-de-musica-rock-en-directo-t684851/
México;sayulita-l32371;1189643;Sayulita Pesca Deportiva En El Pacifico;https://www.getyourguide.com/es-es/sayulita-l32371/sayulita-pesca-deportiva-en-el-pacifico-t1189643/
México;municipio-oaxaca-de-juarez-l681;725997;Oaxaca Patrimonio Cultural E Historico;https://www.getyourguide.com/es-es/municipio-oaxaca-de-juarez-l681/oaxaca-patrimonio-cultural-e-historico-t725997/
México;acapulco-de-juarez-l307;742578;Acapulco Excursion Al Atardecer En El Yate Bonanza;https://www.getyourguide.com/es-es/acapulco-de-juarez-l307/acapulco-excursion-al-atardecer-en-el-yate-bonanza-t742578/
México;san-miguel-de-allende-l2515;763140;San Miguel De Allende Rastreando Huellas Antiguas;https://www.getyourguide.com/es-es/san-miguel-de-allende-l2515/san-miguel-de-allende-rastreando-huellas-antiguas-t763140/
México;cabo-san-lucas-l306;862015;Cabo San Lucas Tour Arco Claro En Barco;https://www.getyourguide.com/es-es/cabo-san-lucas-l306/cabo-san-lucas-tour-arco-claro-en-barco-t862015/
México;municipio-oaxaca-de-juarez-l681;1285968;Oaxaca Tour A Pie Fotografico Por Cantinas;https://www.getyourguide.com/es-es/municipio-oaxaca-de-juarez-l681/oaxaca-tour-a-pie-fotografico-por-cantinas-t1285968/
México;cancun-l150;957380;Desde Cancun Amanecer En Chichen Itza Con Almuerzo Buffet Opcional;https://www.getyourguide.com/es-es/cancun-l150/desde-cancun-amanecer-en-chichen-itza-con-almuerzo-buffet-opcional-t957380/
México;queretaro-l1170;980452;Desde La Ciudad De Mexico 3 Dias En San Miguel Y Guanajuato;https://www.getyourguide.com/es-es/queretaro-l1170/desde-la-ciudad-de-mexico-3-dias-en-san-miguel-y-guanajuato-t980452/
México;ciudad-de-mexico-l194;110209;Excursion De Dia Completo A Los Volcanes Desde La Ciudad De Mexico;https://www.getyourguide.com/es-es/ciudad-de-mexico-l194/excursion-de-dia-completo-a-los-volcanes-desde-la-ciudad-de-mexico-t110209/
México;san-cristobal-de-las-casas-l2166;112135;San Cristobal Canon Miradores Y Tour Por Chiapa De Corzo;https://www.getyourguide.com/es-es/san-cristobal-de-las-casas-l2166/san-cristobal-canon-miradores-y-tour-por-chiapa-de-corzo-t112135/
México;santa-maria-huatulco-l781;293155;Huatulco Experiencia Y Tour De Dia De Muertos;https://www.getyourguide.com/es-es/santa-maria-huatulco-l781/huatulco-experiencia-y-tour-de-dia-de-muertos-t293155/
México;cabo-san-lucas-l306;1083978;Yate Privado De 2 Cubiertas En Cabo San Lucas Con Bebidas;https://www.getyourguide.com/es-es/cabo-san-lucas-l306/yate-privado-de-2-cubiertas-en-cabo-san-lucas-con-bebidas-t1083978/
México;bacalar-l95624;1100920;Sesion De Sanacion Acuatica Janzu En Bacalar;https://www.getyourguide.com/es-es/bacalar-l95624/sesion-de-sanacion-acuatica-janzu-en-bacalar-t1100920/
México;nuevo-vallarta-l92762;395726;Ticket De Entrada Al Parque Aquaventuras;https://www.getyourguide.com/es-es/nuevo-vallarta-l92762/ticket-de-entrada-al-parque-aquaventuras-t395726/
México;queretaro-l1170;408944;Queretaro Leyendas Santiago De Queretaro El Tour;https://www.getyourguide.com/es-es/queretaro-l1170/queretaro-leyendas-santiago-de-queretaro-el-tour-t408944/
México;ciudad-de-mexico-l194;1121476;Lo Mas Destacado De La Cdmx En 4 Dias Frida Ruinas Y Comida Local;https://www.getyourguide.com/es-es/ciudad-de-mexico-l194/lo-mas-destacado-de-la-cdmx-en-4-dias-frida-ruinas-y-comida-local-t1121476/
México;chetumal-l153949;472291;Excursion Arqueologica Maya A Dzibanche Y Kohunlich Y Comida De 3 Platos;https://www.getyourguide.com/es-es/chetumal-l153949/excursion-arqueologica-maya-a-dzibanche-y-kohunlich-y-comida-de-3-platos-t472291/
México;cancun-l150;477763;Cancun Yate Privado Sea Ray Sundancer 60 Pies;https://www.getyourguide.com/es-es/cancun-l150/cancun-yate-privado-sea-ray-sundancer-60-pies-t477763/
México;ensenada-l545;1241059;Ensenada Visita Al Parque Ecologico Y Cultural Keki;https://www.getyourguide.com/es-es/ensenada-l545/ensenada-visita-al-parque-ecologico-y-cultural-keki-t1241059/
México;cabo-pulmo-l117915;1283868;Buceo En Cabo Pulmo Desde Cabo San Lucas;https://www.getyourguide.com/es-es/cabo-pulmo-l117915/buceo-en-cabo-pulmo-desde-cabo-san-lucas-t1283868/
México;playa-del-carmen-l308;704130;Playa Del Carmen Buceo Discovery No Certificado;https://www.getyourguide.com/es-es/playa-del-carmen-l308/playa-del-carmen-buceo-discovery-no-certificado-t704130/
México;cabo-san-lucas-l306;11850;Excursion Compartida De Snorkel Y Vela En Cabo San Lucas;https://www.getyourguide.com/es-es/cabo-san-lucas-l306/excursion-compartida-de-snorkel-y-vela-en-cabo-san-lucas-t11850/
México;municipio-oaxaca-de-juarez-l681;720918;Desde Oaxaca Experiencia En Monte Alban Y Textiles;https://www.getyourguide.com/es-es/municipio-oaxaca-de-juarez-l681/desde-oaxaca-experiencia-en-monte-alban-y-textiles-t720918/
México;guadalajara-l677;49539;Tour Del Tequila Desde Guadalajara;https://www.getyourguide.com/es-es/guadalajara-l677/tour-del-tequila-desde-guadalajara-t49539/
México;cancun-l150;69067;Desde Cancun Excursion En Catamaran A Isla Mujeres;https://www.getyourguide.com/es-es/cancun-l150/desde-cancun-excursion-en-catamaran-a-isla-mujeres-t69067/
México;acapulco-de-juarez-l307;116155;Visita Historica De Acapulco Y Espectacular Espectaculo De Buceadores De Acantilado;https://www.getyourguide.com/es-es/acapulco-de-juarez-l307/visita-historica-de-acapulco-y-espectacular-espectaculo-de-buceadores-de-acantilado-t116155/
México;ciudad-de-mexico-l194;794704;Ciudad De Mexico Tour Por El Museo Nacional De Antropologia Para Ninos;https://www.getyourguide.com/es-es/ciudad-de-mexico-l194/ciudad-de-mexico-tour-por-el-museo-nacional-de-antropologia-para-ninos-t794704/
México;puerto-vallarta-l265;295260;Desde Puerto Vallarta Yate De Lujo Y Excursion De Snorkel;https://www.getyourguide.com/es-es/puerto-vallarta-l265/desde-puerto-vallarta-yate-de-lujo-y-excursion-de-snorkel-t295260/
México;valladolid-mexico-l101556;826164;Cancun Chichen Itza Ek Balam Y Cenote Tour Privado;https://www.getyourguide.com/es-es/valladolid-mexico-l101556/cancun-chichen-itza-ek-balam-y-cenote-tour-privado-t826164/
México;municipio-tuxtla-gutierrez-l2527;838998;Tour Las Lagunas De Montebello Y Cascadas Del Chiflon;https://www.getyourguide.com/es-es/municipio-tuxtla-gutierrez-l2527/tour-las-lagunas-de-montebello-y-cascadas-del-chiflon-t838998/
México;san-miguel-de-cozumel-l141611;865435;Excursion En Tierra Tour En Buggy Por Punta Sur Y Visita A La Playa;https://www.getyourguide.com/es-es/san-miguel-de-cozumel-l141611/excursion-en-tierra-tour-en-buggy-por-punta-sur-y-visita-a-la-playa-t865435/
México;ciudad-de-mexico-l194;875859;Desde Cdmx Puebla Oaxaca Veracruz Chiapas Campeche Yucatan 13 Dias;https://www.getyourguide.com/es-es/ciudad-de-mexico-l194/desde-cdmx-puebla-oaxaca-veracruz-chiapas-campeche-yucatan-13-dias-t875859/
México;cancun-l150;427727;Desde Cancun Viaje Turistico En Barco De Cristal;https://www.getyourguide.com/es-es/cancun-l150/desde-cancun-viaje-turistico-en-barco-de-cristal-t427727/
México;cancun-l150;877846;Transporte Privado Aeropuerto Cun A The Royal Sands Resort;https://www.getyourguide.com/es-es/cancun-l150/transporte-privado-aeropuerto-cun-a-the-royal-sands-resort-t877846/
México;monterrey-l679;451062;Monterrey Explora El Canon De La Huasteca;https://www.getyourguide.com/es-es/monterrey-l679/monterrey-explora-el-canon-de-la-huasteca-t451062/
México;ciudad-de-mexico-l194;930994;Desde Cdmx Excursion De Un Dia A Puebla Cholula Y Tonantzintla;https://www.getyourguide.com/es-es/ciudad-de-mexico-l194/desde-cdmx-excursion-de-un-dia-a-puebla-cholula-y-tonantzintla-t930994/
México;san-miguel-de-cozumel-l141611;497853;Experiencia De Lucha Libre En Cozumel Paquete De Bienvenida;https://www.getyourguide.com/es-es/san-miguel-de-cozumel-l141611/experiencia-de-lucha-libre-en-cozumel-paquete-de-bienvenida-t497853/
México;puerto-vallarta-l265;1068823;Puerto Vallarta Tour A Pie Por Joyas Ocultas Con Atardecer;https://www.getyourguide.com/es-es/puerto-vallarta-l265/puerto-vallarta-tour-a-pie-por-joyas-ocultas-con-atardecer-t1068823/
México;san-miguel-de-cozumel-l141611;634401;Cozumel Tour Privado De Snorkel Con El Cielo Y Comida;https://www.getyourguide.com/es-es/san-miguel-de-cozumel-l141611/cozumel-tour-privado-de-snorkel-con-el-cielo-y-comida-t634401/
México;merida-l1903;669263;Traslado Privado De Aeropuerto A Hotel En Merida;https://www.getyourguide.com/es-es/merida-l1903/traslado-privado-de-aeropuerto-a-hotel-en-merida-t669263/
México;merida-l1903;1126310;Museo De Descubrimiento Musical De Merida;https://www.getyourguide.com/es-es/merida-l1903/museo-de-descubrimiento-musical-de-merida-t1126310/
México;puerto-morelos-l112372;676297;Puerto Morelos Excursion De Snorkel;https://www.getyourguide.com/es-es/puerto-morelos-l112372/puerto-morelos-excursion-de-snorkel-t676297/
México;municipio-tuxtla-gutierrez-l2527;691948;Aeropuerto De Tuxtla Gutierrez Traslado A Puerto Arista;https://www.getyourguide.com/es-es/municipio-tuxtla-gutierrez-l2527/aeropuerto-de-tuxtla-gutierrez-traslado-a-puerto-arista-t691948/
México;ciudad-de-mexico-l194;1149116;Ciudad De Mexico Choco Story Zocalo Taller De Chocolate;https://www.getyourguide.com/es-es/ciudad-de-mexico-l194/ciudad-de-mexico-choco-story-zocalo-taller-de-chocolate-t1149116/
México;santa-maria-huatulco-l781;730137;Huatulco Aventura De Pesca Deportiva En Yate O Barco Privado;https://www.getyourguide.com/es-es/santa-maria-huatulco-l781/huatulco-aventura-de-pesca-deportiva-en-yate-o-barco-privado-t730137/
México;cancun-l150;734839;Conductor Privado En Cancun;https://www.getyourguide.com/es-es/cancun-l150/conductor-privado-en-cancun-t734839/
México;ciudad-de-guanajuato-l2514;802211;San Miguel De Allende Tour And Archaeological Area Thermal Waters;https://www.getyourguide.com/es-es/ciudad-de-guanajuato-l2514/san-miguel-de-allende-tour-and-archaeological-area-thermal-waters-t802211/
México;san-miguel-de-allende-l2515;843315;San Miguel Tour De Chupitos De Tequila Y Taquerias;https://www.getyourguide.com/es-es/san-miguel-de-allende-l2515/san-miguel-tour-de-chupitos-de-tequila-y-taquerias-t843315/
México;cabo-san-lucas-l306;869399;Cabo San Lucas Excursion Rural A Las Termas De Santiago Y Santa Rita;https://www.getyourguide.com/es-es/cabo-san-lucas-l306/cabo-san-lucas-excursion-rural-a-las-termas-de-santiago-y-santa-rita-t869399/
México;playa-del-carmen-l308;903324;Cenotes Tankah Privado Vive La Experiencia De Un Lugar Unico Y Magico;https://www.getyourguide.com/es-es/playa-del-carmen-l308/cenotes-tankah-privado-vive-la-experiencia-de-un-lugar-unico-y-magico-t903324/
México;cabo-san-lucas-l306;910130;Descubre Cabo San Lucas Fabrica De Vidrio Transparente Y Tequila;https://www.getyourguide.com/es-es/cabo-san-lucas-l306/descubre-cabo-san-lucas-fabrica-de-vidrio-transparente-y-tequila-t910130/
México;valladolid-mexico-l101556;960899;Desde Valladolid Tour A Chichen Itza 2 Cenotes;https://www.getyourguide.com/es-es/valladolid-mexico-l101556/desde-valladolid-tour-a-chichen-itza-2-cenotes-t960899/
México;monterrey-l679;1294940;Monterrey Ruta De Senderismo Por Las Ruinas Del Antiguo Teleferico Del Cerro De La Silla;https://www.getyourguide.com/es-es/monterrey-l679/monterrey-ruta-de-senderismo-por-las-ruinas-del-antiguo-teleferico-del-cerro-de-la-silla-t1294940/
México;cabo-san-lucas-l306;1051866;Roca Del Pelicano Sumergete En La Experiencia Submarina De Snuba Con Un Guia;https://www.getyourguide.com/es-es/cabo-san-lucas-l306/roca-del-pelicano-sumergete-en-la-experiencia-submarina-de-snuba-con-un-guia-t1051866/
México;ciudad-de-mexico-l194;116686;Teotihuacan Tour Privado Con Arqueologo Y Recogida Del Hotel;https://www.getyourguide.com/es-es/ciudad-de-mexico-l194/teotihuacan-tour-privado-con-arqueologo-y-recogida-del-hotel-t116686/
México;brisas-de-zicatela-l204024;1099540;Puerto Escondido Tour Y Degustacion En Una Destileria De Mezcal;https://www.getyourguide.com/es-es/brisas-de-zicatela-l204024/puerto-escondido-tour-y-degustacion-en-una-destileria-de-mezcal-t1099540/
México;puerto-escondido-l32155;387809;Puerto Escondido Traslado Compartido De Ida Y Vuelta Al Aeropuerto;https://www.getyourguide.com/es-es/puerto-escondido-l32155/puerto-escondido-traslado-compartido-de-ida-y-vuelta-al-aeropuerto-t387809/
México;san-miguel-de-cozumel-l141611;407688;Cozumel Programa De Leones Marinos En El Parque De Aventuras De La Playa De Chankanaab;https://www.getyourguide.com/es-es/san-miguel-de-cozumel-l141611/cozumel-programa-de-leones-marinos-en-el-parque-de-aventuras-de-la-playa-de-chankanaab-t407688/
México;cabo-san-lucas-l306;426759;Los Cabos Tour En Bote Transparente;https://www.getyourguide.com/es-es/cabo-san-lucas-l306/los-cabos-tour-en-bote-transparente-t426759/
México;ensenada-l545;544348;Ensenada Alquiler Quads Side By Side Motos Todoterreno Y Mas;https://www.getyourguide.com/es-es/ensenada-l545/ensenada-alquiler-quads-side-by-side-motos-todoterreno-y-mas-t544348/
México;santa-maria-huatulco-l781;632042;Huatulco Tour Bahias De Huatulco;https://www.getyourguide.com/es-es/santa-maria-huatulco-l781/huatulco-tour-bahias-de-huatulco-t632042/
México;cabo-san-lucas-l306;662029;Cabo San Lucas Excursion En Sky Bikes Por La Playa Y El Desierto De Cabo;https://www.getyourguide.com/es-es/cabo-san-lucas-l306/cabo-san-lucas-excursion-en-sky-bikes-por-la-playa-y-el-desierto-de-cabo-t662029/
México;playa-del-carmen-l308;687768;Clase Privada De Salsa En Tulum Baila Mor;https://www.getyourguide.com/es-es/playa-del-carmen-l308/clase-privada-de-salsa-en-tulum-baila-mor-t687768/
México;san-cristobal-de-las-casas-l2166;1326409;Chiapas Paseo Por El Volcan Con Meditacion Cacao Y Musica;https://www.getyourguide.com/es-es/san-cristobal-de-las-casas-l2166/chiapas-paseo-por-el-volcan-con-meditacion-cacao-y-musica-t1326409/
México;puerto-vallarta-l265;750739;Puerto Vallarta Crucero Desayuno Comida Y Barra Libre A Bordo;https://www.getyourguide.com/es-es/puerto-vallarta-l265/puerto-vallarta-crucero-desayuno-comida-y-barra-libre-a-bordo-t750739/
México;ensenada-l545;756960;Ensenada Clase De Surf Paddle O Tabla En La Playa;https://www.getyourguide.com/es-es/ensenada-l545/ensenada-clase-de-surf-paddle-o-tabla-en-la-playa-t756960/
México;san-miguel-de-allende-l2515;832967;Transporte De La Cdmx A San Miguel De Allende;https://www.getyourguide.com/es-es/san-miguel-de-allende-l2515/transporte-de-la-cdmx-a-san-miguel-de-allende-t832967/
México;cancun-l150;837761;Traslado Privado Aeropuerto Cun A Margaritaville Riviera Cancun;https://www.getyourguide.com/es-es/cancun-l150/traslado-privado-aeropuerto-cun-a-margaritaville-riviera-cancun-t837761/
México;santa-maria-huatulco-l781;284727;Huatulco Tour En Barco Al Atardecer;https://www.getyourguide.com/es-es/santa-maria-huatulco-l781/huatulco-tour-en-barco-al-atardecer-t284727/
México;palenque-chiapas-l179804;882438;Shuttle Flores A Palenque;https://www.getyourguide.com/es-es/palenque-chiapas-l179804/shuttle-flores-a-palenque-t882438/
México;cancun-l150;409331;Cancun Encuentro Con Delfines En Isla Mujeres Con Buffet;https://www.getyourguide.com/es-es/cancun-l150/cancun-encuentro-con-delfines-en-isla-mujeres-con-buffet-t409331/
México;ciudad-de-mexico-l194;900587;Ciudad De Mexico Lo Mas Destacado Del Centro De La Ciudad Tour A Pie Privado;https://www.getyourguide.com/es-es/ciudad-de-mexico-l194/ciudad-de-mexico-lo-mas-destacado-del-centro-de-la-ciudad-tour-a-pie-privado-t900587/
México;puerto-vallarta-l265;422002;Experiencia Con Aguardientes De Agave;https://www.getyourguide.com/es-es/puerto-vallarta-l265/experiencia-con-aguardientes-de-agave-t422002/
México;cancun-l150;945115;Cancun Aventura En Lancha Rapida Por La Selva Y Snorkel;https://www.getyourguide.com/es-es/cancun-l150/cancun-aventura-en-lancha-rapida-por-la-selva-y-snorkel-t945115/
México;cancun-l150;958212;Desde Cancun Excursion De Un Dia A Chichen Itza Cenote Y Valladolid;https://www.getyourguide.com/es-es/cancun-l150/desde-cancun-excursion-de-un-dia-a-chichen-itza-cenote-y-valladolid-t958212/
México;merida-l1903;965768;Merida Tour Por El Mercado Con Degustaciones;https://www.getyourguide.com/es-es/merida-l1903/merida-tour-por-el-mercado-con-degustaciones-t965768/
México;cancun-l150;495592;Cancun Pase Sky Wheel Go;https://www.getyourguide.com/es-es/cancun-l150/cancun-pase-sky-wheel-go-t495592/
México;tulum-l248;522404;Ruinas De Tulum Con Guia Privado Para Amantes De La Historia;https://www.getyourguide.com/es-es/tulum-l248/ruinas-de-tulum-con-guia-privado-para-amantes-de-la-historia-t522404/
México;merida-l1903;522574;Visita Privada A Uxmal Y La Historia Del Choco;https://www.getyourguide.com/es-es/merida-l1903/visita-privada-a-uxmal-y-la-historia-del-choco-t522574/
México;cabo-san-lucas-l306;527598;Los Cabos Pase De Playa En Bahia Salvaje;https://www.getyourguide.com/es-es/cabo-san-lucas-l306/los-cabos-pase-de-playa-en-bahia-salvaje-t527598/
México;merida-l1903;531117;Excursion Privada Por Mayapan Y La Ciudad De Homun;https://www.getyourguide.com/es-es/merida-l1903/excursion-privada-por-mayapan-y-la-ciudad-de-homun-t531117/
México;san-miguel-de-allende-l2515;556698;San Miguel De Allende Paseo Privado;https://www.getyourguide.com/es-es/san-miguel-de-allende-l2515/san-miguel-de-allende-paseo-privado-t556698/
México;san-miguel-de-cozumel-l141611;634376;Cozumel La Mejor Experiencia De Parasailing Taquilla;https://www.getyourguide.com/es-es/san-miguel-de-cozumel-l141611/cozumel-la-mejor-experiencia-de-parasailing-taquilla-t634376/
México;cabo-san-lucas-l306;662079;Atv Automatico 4X4 Y Paseos A Caballo En Cabo Por Cactus Tours;https://www.getyourguide.com/es-es/cabo-san-lucas-l306/atv-automatico-4x4-y-paseos-a-caballo-en-cabo-por-cactus-tours-t662079/
México;puerto-morelos-l112372;663283;Puerto Morelos Buceo Nocturno En Ojo De Agua Para Buceadores Certificados;https://www.getyourguide.com/es-es/puerto-morelos-l112372/puerto-morelos-buceo-nocturno-en-ojo-de-agua-para-buceadores-certificados-t663283/
México;monterrey-l679;1154762;Monterrey Rapel Senderismo Y Minas En La Garganta Del Diablo;https://www.getyourguide.com/es-es/monterrey-l679/monterrey-rapel-senderismo-y-minas-en-la-garganta-del-diablo-t1154762/
México;santa-maria-huatulco-l781;730238;Huatulco Excursion A Las Cascadas Magicas;https://www.getyourguide.com/es-es/santa-maria-huatulco-l781/huatulco-excursion-a-las-cascadas-magicas-t730238/
México;playa-del-carmen-l308;770278;Ferry De Holbox A Playa Del Carmen Traslado Compartido Colectivo;https://www.getyourguide.com/es-es/playa-del-carmen-l308/ferry-de-holbox-a-playa-del-carmen-traslado-compartido-colectivo-t770278/
México;zihuatanejo-l392;852242;Ixtapa Zihuatanejo Playa Las Gatas;https://www.getyourguide.com/es-es/zihuatanejo-l392/ixtapa-zihuatanejo-playa-las-gatas-t852242/
México;cancun-l150;1260300;Cancun Tour De Lujo A Chichen Itza Con Cenote Y Resort;https://www.getyourguide.com/es-es/cancun-l150/cancun-tour-de-lujo-a-chichen-itza-con-cenote-y-resort-t1260300/
México;ciudad-de-mexico-l194;855989;Desde Cdmx Museo Diego Rivera Anahuacalli;https://www.getyourguide.com/es-es/ciudad-de-mexico-l194/desde-cdmx-museo-diego-rivera-anahuacalli-t855989/
México;municipio-oaxaca-de-juarez-l681;1286177;Oaxaca Recorrido De Cafeterias Librerias Y Arte;https://www.getyourguide.com/es-es/municipio-oaxaca-de-juarez-l681/oaxaca-recorrido-de-cafeterias-librerias-y-arte-t1286177/
México;ciudad-de-mexico-l194;1297252;Ciudad De Mexico Recorrido Guiado De Tacos Por 4 Regiones;https://www.getyourguide.com/es-es/ciudad-de-mexico-l194/ciudad-de-mexico-recorrido-guiado-de-tacos-por-4-regiones-t1297252/
México;boca-de-tomatlan-l165507;1298980;Sabor De Jalisco Tour A Taberna De Raicilla Desde Yelapa Con Degustacion;https://www.getyourguide.com/es-es/boca-de-tomatlan-l165507/sabor-de-jalisco-tour-a-taberna-de-raicilla-desde-yelapa-con-degustacion-t1298980/
México;cancun-l150;227875;Cancun Tour De Un Dia De Comida Callejera Y Arte Urbano Con Transporte;https://www.getyourguide.com/es-es/cancun-l150/cancun-tour-de-un-dia-de-comida-callejera-y-arte-urbano-con-transporte-t227875/
México;nuevo-vallarta-l92762;297150;Desde Puerto Y Nuevo Vallarta Excursion En Quad Escapada A Sayulita;https://www.getyourguide.com/es-es/nuevo-vallarta-l92762/desde-puerto-y-nuevo-vallarta-excursion-en-quad-escapada-a-sayulita-t297150/
México;cabo-san-lucas-l306;396210;Los Cabos Excursion Al Arco En Lancha Rapida Y Paseo En Camello Por La Playa;https://www.getyourguide.com/es-es/cabo-san-lucas-l306/los-cabos-excursion-al-arco-en-lancha-rapida-y-paseo-en-camello-por-la-playa-t396210/
México;puerto-vallarta-l265;402658;Vallarta Recorrido Gastronomico De 35 Horas Por El Pitillal;https://www.getyourguide.com/es-es/puerto-vallarta-l265/vallarta-recorrido-gastronomico-de-35-horas-por-el-pitillal-t402658/
México;san-cristobal-de-las-casas-l2166;457578;San Cristobal Agua Azul Misol Ha Y Zona Arqueologica De Palenque Espanol;https://www.getyourguide.com/es-es/san-cristobal-de-las-casas-l2166/san-cristobal-agua-azul-misol-ha-y-zona-arqueologica-de-palenque-espanol-t457578/
México;ciudad-de-mexico-l194;464266;Recorrido Por Los Mercados Mexicanos Con Mezcal Y Comida Tradicional;https://www.getyourguide.com/es-es/ciudad-de-mexico-l194/recorrido-por-los-mercados-mexicanos-con-mezcal-y-comida-tradicional-t464266/
México;cabo-san-lucas-l306;537817;Cabo San Lucas Paseo Por La Historia De Cabo;https://www.getyourguide.com/es-es/cabo-san-lucas-l306/cabo-san-lucas-paseo-por-la-historia-de-cabo-t537817/
México;zacatecas-l144180;608172;Zacatecas Recorrido Arqueologico Y Poetico;https://www.getyourguide.com/es-es/zacatecas-l144180/zacatecas-recorrido-arqueologico-y-poetico-t608172/
México;guadalajara-l677;1278164;Guadalajara Tour Por El Barrio De Analco Con Cena;https://www.getyourguide.com/es-es/guadalajara-l677/guadalajara-tour-por-el-barrio-de-analco-con-cena-t1278164/
México;playa-del-carmen-l308;664691;Playa Del Carmen Curso Divemaster;https://www.getyourguide.com/es-es/playa-del-carmen-l308/playa-del-carmen-curso-divemaster-t664691/
México;cancun-l150;703271;Excursion 4X1 Ruinas De Coba Y Tulum Cenote Y Playa Del Carmen;https://www.getyourguide.com/es-es/cancun-l150/excursion-4x1-ruinas-de-coba-y-tulum-cenote-y-playa-del-carmen-t703271/
México;puerto-vallarta-l265;182276;Puerto Vallarta Tour Guiado Por San Sebastian;https://www.getyourguide.com/es-es/puerto-vallarta-l265/puerto-vallarta-tour-guiado-por-san-sebastian-t182276/
México;leon-mexico-l155751;807824;Leon Visita A La Industria De La Piel Y El Calzado;https://www.getyourguide.com/es-es/leon-mexico-l155751/leon-visita-a-la-industria-de-la-piel-y-el-calzado-t807824/
México;puerto-vallarta-l265;841715;Puerto Vallarta Exploracion De Las Montanas En Bicicletas Electricas;https://www.getyourguide.com/es-es/puerto-vallarta-l265/puerto-vallarta-exploracion-de-las-montanas-en-bicicletas-electricas-t841715/
México;bacalar-l95624;855236;Navega 4Hr En El Spot Mas Secreto De Bacalar Incluye Club De Playa;https://www.getyourguide.com/es-es/bacalar-l95624/navega-4hr-en-el-spot-mas-secreto-de-bacalar-incluye-club-de-playa-t855236/
México;cancun-l150;421410;Cancun Sesiones Hip Hop Fiesta En Barco;https://www.getyourguide.com/es-es/cancun-l150/cancun-sesiones-hip-hop-fiesta-en-barco-t421410/
México;ciudad-de-mexico-l194;919816;Ciudad De Mexico Excursion Del Dia De Los Muertos;https://www.getyourguide.com/es-es/ciudad-de-mexico-l194/ciudad-de-mexico-excursion-del-dia-de-los-muertos-t919816/
México;playa-del-carmen-l308;928085;Valladolid Ruinas De Ek Balam Mercado Local Y Cenote Chichikan;https://www.getyourguide.com/es-es/playa-del-carmen-l308/valladolid-ruinas-de-ek-balam-mercado-local-y-cenote-chichikan-t928085/
México;san-pedro-cholula-l180643;976016;Tour De Puebla Y Cholula Desde Ciudad De Mexico Cultura Comida Y Maravillas Antiguas;https://www.getyourguide.com/es-es/san-pedro-cholula-l180643/tour-de-puebla-y-cholula-desde-ciudad-de-mexico-cultura-comida-y-maravillas-antiguas-t976016/
México;playa-del-carmen-l308;978292;Desde Riviera Maya Entrada Al Parque Xplor Dia Completo;https://www.getyourguide.com/es-es/playa-del-carmen-l308/desde-riviera-maya-entrada-al-parque-xplor-dia-completo-t978292/
México;bacalar-l95624;602049;Excursion En Stand Up Paddle Al Amanecer En Bacalar Con Desayuno;https://www.getyourguide.com/es-es/bacalar-l95624/excursion-en-stand-up-paddle-al-amanecer-en-bacalar-con-desayuno-t602049/
México;ciudad-de-mexico-l194;1045217;Ciudad De Mexico Tour Privado De Arte Y Cultura;https://www.getyourguide.com/es-es/ciudad-de-mexico-l194/ciudad-de-mexico-tour-privado-de-arte-y-cultura-t1045217/
México;municipio-oaxaca-de-juarez-l681;1091112;Oaxaca El Arte De La Muerte Tour A Pie;https://www.getyourguide.com/es-es/municipio-oaxaca-de-juarez-l681/oaxaca-el-arte-de-la-muerte-tour-a-pie-t1091112/
México;tulum-l248;637312;Riviera Maya Aventura En Quad Tirolina Y Snorkel;https://www.getyourguide.com/es-es/tulum-l248/riviera-maya-aventura-en-quad-tirolina-y-snorkel-t637312/
México;monterrey-l679;646059;Monterrey Ticket De Entrada A Kidzania;https://www.getyourguide.com/es-es/monterrey-l679/monterrey-ticket-de-entrada-a-kidzania-t646059/
México;municipio-oaxaca-de-juarez-l681;1144459;Paseo A Pie Por Oaxaca Centro;https://www.getyourguide.com/es-es/municipio-oaxaca-de-juarez-l681/paseo-a-pie-por-oaxaca-centro-t1144459/
México;guadalajara-l677;708278;Guadalajara Excursion Al Lago De Chapala Pueblo Magico De Ajijic;https://www.getyourguide.com/es-es/guadalajara-l677/guadalajara-excursion-al-lago-de-chapala-pueblo-magico-de-ajijic-t708278/
México;ciudad-de-mexico-l194;1154913;Coyoacan Frida Intima Experiencia De Cocineras Tradicionales;https://www.getyourguide.com/es-es/ciudad-de-mexico-l194/coyoacan-frida-intima-experiencia-de-cocineras-tradicionales-t1154913/
México;taxco-de-alarcon-l364;764006;Taxco Experiencia De Callejones Magicos Y Mitos Nocturnos;https://www.getyourguide.com/es-es/taxco-de-alarcon-l364/taxco-experiencia-de-callejones-magicos-y-mitos-nocturnos-t764006/
México;ensenada-l545;1189856;Ensenada Tour De Degustacion De Tacos De Pescado Con Recogida En El Puerto;https://www.getyourguide.com/es-es/ensenada-l545/ensenada-tour-de-degustacion-de-tacos-de-pescado-con-recogida-en-el-puerto-t1189856/
México;santiago-nuevo-leon-l149358;1201259;Los 7 Rapeles De Chipitin Aventura Extrema En La Sierra;https://www.getyourguide.com/es-es/santiago-nuevo-leon-l149358/los-7-rapeles-de-chipitin-aventura-extrema-en-la-sierra-t1201259/
México;san-jose-del-cabo-l967;820822;San Jose Del Cabo Crucero Privado Al Atardecer;https://www.getyourguide.com/es-es/san-jose-del-cabo-l967/san-jose-del-cabo-crucero-privado-al-atardecer-t820822/
México;ciudad-de-mexico-l194;828438;Ciudad De Mexico Tour Por Teleferico Espacios Culturales Y Comida Tipica;https://www.getyourguide.com/es-es/ciudad-de-mexico-l194/ciudad-de-mexico-tour-por-teleferico-espacios-culturales-y-comida-tipica-t828438/
México;santa-maria-del-tule-l135627;1232188;Limpia Tradicional Con Curandera Oaxaquena En E Valle De Tlacolula;https://www.getyourguide.com/es-es/santa-maria-del-tule-l135627/limpia-tradicional-con-curandera-oaxaquena-en-e-valle-de-tlacolula-t1232188/
México;tlaquepaque-l773;839112;Hornea Pan Dulce Y Tradicional Mexicano En Tlaquepaque;https://www.getyourguide.com/es-es/tlaquepaque-l773/hornea-pan-dulce-y-tradicional-mexicano-en-tlaquepaque-t839112/
México;todos-santos-l962;1282233;Desde Todos Santos Tour Por La Paz Y Playa Balandra;https://www.getyourguide.com/es-es/todos-santos-l962/desde-todos-santos-tour-por-la-paz-y-playa-balandra-t1282233/
México;cancun-l150;1308122;Cancun Medio Dia De Esnorquel Con Tiburones Ballena;https://www.getyourguide.com/es-es/cancun-l150/cancun-medio-dia-de-esnorquel-con-tiburones-ballena-t1308122/
México;ciudad-de-mexico-l194;1316377;Ciudad De Mexico Tour Guiado Por El Museo Nacional De Antropologia;https://www.getyourguide.com/es-es/ciudad-de-mexico-l194/ciudad-de-mexico-tour-guiado-por-el-museo-nacional-de-antropologia-t1316377/
México;ciudad-de-mexico-l194;1001275;Ciudad De Mexico Ticket De Entrada Al Museo Del Tequila Y Mezcal Con Degustaciones;https://www.getyourguide.com/es-es/ciudad-de-mexico-l194/ciudad-de-mexico-ticket-de-entrada-al-museo-del-tequila-y-mezcal-con-degustaciones-t1001275/
México;ciudad-de-mexico-l194;73254;Celebracion Del Dia De Muertos En Mixquic Desde Ciudad De Mexico;https://www.getyourguide.com/es-es/ciudad-de-mexico-l194/celebracion-del-dia-de-muertos-en-mixquic-desde-ciudad-de-mexico-t73254/
México;nuevo-vallarta-l92762;295320;Puerto Y Nuevo Vallarta Paseo De Lujo En Velero Al Atardecer;https://www.getyourguide.com/es-es/nuevo-vallarta-l92762/puerto-y-nuevo-vallarta-paseo-de-lujo-en-velero-al-atardecer-t295320/
México;homun-l190106;1113079;4 Cenotes Con Bicicleta Almuerzo Guia Y Juego Interactivo Desde Merida;https://www.getyourguide.com/es-es/homun-l190106/4-cenotes-con-bicicleta-almuerzo-guia-y-juego-interactivo-desde-merida-t1113079/
México;ciudad-de-mexico-l194;406468;Ciudad De Mexico Entrada Museo Mucho Del Chocolate;https://www.getyourguide.com/es-es/ciudad-de-mexico-l194/ciudad-de-mexico-entrada-museo-mucho-del-chocolate-t406468/
México;cancun-l150;440344;Laguna De Kaan Luum 2 Cenotes Comida Y Excursion Tradicion Maya;https://www.getyourguide.com/es-es/cancun-l150/laguna-de-kaan-luum-2-cenotes-comida-y-excursion-tradicion-maya-t440344/
México;puebla-l1471;440824;Desde Puebla Tour Privado De Talavera Y Visita A Cholula;https://www.getyourguide.com/es-es/puebla-l1471/desde-puebla-tour-privado-de-talavera-y-visita-a-cholula-t440824/
México;municipio-de-zapopan-l138373;1197585;Jalisco Escalada En Roca Guiada En El Diente En Zapopan Full Day;https://www.getyourguide.com/es-es/municipio-de-zapopan-l138373/jalisco-escalada-en-roca-guiada-en-el-diente-en-zapopan-full-day-t1197585/
México;cabo-san-lucas-l306;526836;Cabo San Lucas Combo En Quad Por El Desierto Y A Caballo Por La Playa;https://www.getyourguide.com/es-es/cabo-san-lucas-l306/cabo-san-lucas-combo-en-quad-por-el-desierto-y-a-caballo-por-la-playa-t526836/
México;cabo-san-lucas-l306;529116;Cabo Paseo En Camello Por La Playa;https://www.getyourguide.com/es-es/cabo-san-lucas-l306/cabo-paseo-en-camello-por-la-playa-t529116/
México;santa-maria-huatulco-l781;538406;Huatulco Experiencia Privada En Un Rancho De Cafe Y Frutas;https://www.getyourguide.com/es-es/santa-maria-huatulco-l781/huatulco-experiencia-privada-en-un-rancho-de-cafe-y-frutas-t538406/
México;san-miguel-de-cozumel-l141611;570988;Cozumelel Cielo Lancha Un Cautivador Crucero Por El Mar Caribe;https://www.getyourguide.com/es-es/san-miguel-de-cozumel-l141611/cozumelel-cielo-lancha-un-cautivador-crucero-por-el-mar-caribe-t570988/
México;cancun-l150;582941;Fiesta En La Playa Premium Coco Bongo;https://www.getyourguide.com/es-es/cancun-l150/fiesta-en-la-playa-premium-coco-bongo-t582941/
México;san-cristobal-de-las-casas-l2166;601573;San Cristobal De Las Casas Expedicion De 2 Dias Arco Del Tiempo;https://www.getyourguide.com/es-es/san-cristobal-de-las-casas-l2166/san-cristobal-de-las-casas-expedicion-de-2-dias-arco-del-tiempo-t601573/
México;san-jose-del-cabo-l967;676572;Aeropuerto De Los Cabos Transporte En Grupo A Todos Santos;https://www.getyourguide.com/es-es/san-jose-del-cabo-l967/aeropuerto-de-los-cabos-transporte-en-grupo-a-todos-santos-t676572/
México;monterrey-l679;1300322;Cueva De La Virgen Senderismo Por Un Barranco Escarpado Con 3 Descensos En Rapel;https://www.getyourguide.com/es-es/monterrey-l679/cueva-de-la-virgen-senderismo-por-un-barranco-escarpado-con-3-descensos-en-rapel-t1300322/
México;cancun-l150;729522;Cancun Experiencia En Triciclo Tour Guiado De 90 Min En La Zona Hotelera;https://www.getyourguide.com/es-es/cancun-l150/cancun-experiencia-en-triciclo-tour-guiado-de-90-min-en-la-zona-hotelera-t729522/
México;cancun-l150;757246;Cancun Traslado Privado De Lujo De Ida O Ida Y Vuelta;https://www.getyourguide.com/es-es/cancun-l150/cancun-traslado-privado-de-lujo-de-ida-o-ida-y-vuelta-t757246/
México;ciudad-de-mexico-l194;871666;Teotihuacan Vip Tour A Piramides Y Basilica De Guadalupe Zonas Turisticas;https://www.getyourguide.com/es-es/ciudad-de-mexico-l194/teotihuacan-vip-tour-a-piramides-y-basilica-de-guadalupe-zonas-turisticas-t871666/
México;cancun-l150;877690;Traslado Privado Aeropuerto Cun A Secrets The Vine Cancun;https://www.getyourguide.com/es-es/cancun-l150/traslado-privado-aeropuerto-cun-a-secrets-the-vine-cancun-t877690/
México;ciudad-de-mexico-l194;402068;Noche Mexicana Lucha Libre Tacos Y Tequila En Ciudad De Mexico;https://www.getyourguide.com/es-es/ciudad-de-mexico-l194/noche-mexicana-lucha-libre-tacos-y-tequila-en-ciudad-de-mexico-t402068/
México;cabo-san-lucas-l306;921676;Desde Los Cabos Excursion A San Jose Del Cabo Y Cabo San Lucas;https://www.getyourguide.com/es-es/cabo-san-lucas-l306/desde-los-cabos-excursion-a-san-jose-del-cabo-y-cabo-san-lucas-t921676/
México;cancun-l150;923213;Cancun Esnorquel En El Museo Submarino Y El Arrecife Manchones;https://www.getyourguide.com/es-es/cancun-l150/cancun-esnorquel-en-el-museo-submarino-y-el-arrecife-manchones-t923213/
México;merida-l1903;66306;Tour A Pie Por Las Cantinas De Merida;https://www.getyourguide.com/es-es/merida-l1903/tour-a-pie-por-las-cantinas-de-merida-t66306/
México;puerto-vallarta-l265;301138;Puerto Vallarta Excursion A Caballo Con Atv Y Tirolina;https://www.getyourguide.com/es-es/puerto-vallarta-l265/puerto-vallarta-excursion-a-caballo-con-atv-y-tirolina-t301138/
México;real-de-catorce-l98529;1174156;Real De Catorce Tour De 1 Dia Desde San Luis Potosi;https://www.getyourguide.com/es-es/real-de-catorce-l98529/real-de-catorce-tour-de-1-dia-desde-san-luis-potosi-t1174156/
México;playa-del-carmen-l308;435696;Desde Riviera Maya Excursion A Ek Balam Y Cenote Con Comida Y Recogida;https://www.getyourguide.com/es-es/playa-del-carmen-l308/desde-riviera-maya-excursion-a-ek-balam-y-cenote-con-comida-y-recogida-t435696/
México;tampico-l152725;1196380;Tampico Tour En Autobus Turistico Turibus;https://www.getyourguide.com/es-es/tampico-l152725/tampico-tour-en-autobus-turistico-turibus-t1196380/
México;puerto-escondido-l32155;1200042;Puerto Escondido Visita Al Mercado Playa Y Video Con Dron;https://www.getyourguide.com/es-es/puerto-escondido-l32155/puerto-escondido-visita-al-mercado-playa-y-video-con-dron-t1200042/
México;holbox-l189767;479170;Holbox Exclusivo Yalahau Punta Mosquito E Isla Pasion;https://www.getyourguide.com/es-es/holbox-l189767/holbox-exclusivo-yalahau-punta-mosquito-e-isla-pasion-t479170/
México;santa-maria-huatulco-l781;506854;Desde Huatulco Tour Del Cafe Y El Mezcal;https://www.getyourguide.com/es-es/santa-maria-huatulco-l781/desde-huatulco-tour-del-cafe-y-el-mezcal-t506854/
México;palenque-chiapas-l179804;520053;Desde Palenque Palenque Cascadas De Agua Azul Y Misol Ha;https://www.getyourguide.com/es-es/palenque-chiapas-l179804/desde-palenque-palenque-cascadas-de-agua-azul-y-misol-ha-t520053/
México;cancun-l150;541112;Cancun Cata De Tequila En Barco;https://www.getyourguide.com/es-es/cancun-l150/cancun-cata-de-tequila-en-barco-t541112/
México;la-paz-mexico-l2930;1298966;Tour En Jet Sky A Isla Tiburon E Isla Espiritu Santo Todo Incluido;https://www.getyourguide.com/es-es/la-paz-mexico-l2930/tour-en-jet-sky-a-isla-tiburon-e-isla-espiritu-santo-todo-incluido-t1298966/
México;ciudad-de-mexico-l194;1308312;Ciudad De Mexico Lucha Libre Y Tacos Con Transporte;https://www.getyourguide.com/es-es/ciudad-de-mexico-l194/ciudad-de-mexico-lucha-libre-y-tacos-con-transporte-t1308312/
México;ciudad-de-mexico-l194;1332486;Ciudad De Mexico Tour A Pie Por San Angel Con Degustacion De Mezcal;https://www.getyourguide.com/es-es/ciudad-de-mexico-l194/ciudad-de-mexico-tour-a-pie-por-san-angel-con-degustacion-de-mezcal-t1332486/
México;san-jose-del-cabo-l967;235237;Los Cabos El Arco Y La Playa Del Amante Kayak Snorkel;https://www.getyourguide.com/es-es/san-jose-del-cabo-l967/los-cabos-el-arco-y-la-playa-del-amante-kayak-snorkel-t235237/
México;cabo-san-lucas-l306;251207;Desde Cabo Snorkel Y Kayak En El Parque Marino De Cabo Pulmo;https://www.getyourguide.com/es-es/cabo-san-lucas-l306/desde-cabo-snorkel-y-kayak-en-el-parque-marino-de-cabo-pulmo-t251207/
México;puebla-l1471;383466;Desde Puebla Africam Safari Tour Privado Todo Incluido;https://www.getyourguide.com/es-es/puebla-l1471/desde-puebla-africam-safari-tour-privado-todo-incluido-t383466/
México;cabo-san-lucas-l306;793168;Los Cabos Fiesta En Crucero Al Atardecer Con Barra Libre;https://www.getyourguide.com/es-es/cabo-san-lucas-l306/los-cabos-fiesta-en-crucero-al-atardecer-con-barra-libre-t793168/
México;merida-l1903;834091;Merida Consigue Tu Coche Y Conductor Para Explorar Yucatan;https://www.getyourguide.com/es-es/merida-l1903/merida-consigue-tu-coche-y-conductor-para-explorar-yucatan-t834091/
México;ciudad-de-mexico-l194;424199;Ciudad De Mexico Excursion A La Hacienda De Los Morales Con Comida;https://www.getyourguide.com/es-es/ciudad-de-mexico-l194/ciudad-de-mexico-excursion-a-la-hacienda-de-los-morales-con-comida-t424199/
México;loreto-mexico-l1655;858906;Visita A La Mision De San Javier;https://www.getyourguide.com/es-es/loreto-mexico-l1655/visita-a-la-mision-de-san-javier-t858906/
México;ciudad-de-coba-l209788;897745;Coba Cenote Y Pueblo Maya Excursion Exclusiva 3 En 1;https://www.getyourguide.com/es-es/ciudad-de-coba-l209788/coba-cenote-y-pueblo-maya-excursion-exclusiva-3-en-1-t897745/
México;puerto-vallarta-l265;485390;Puerto Vallarta Liberacion De Tortugas Marinas Al Atardecer;https://www.getyourguide.com/es-es/puerto-vallarta-l265/puerto-vallarta-liberacion-de-tortugas-marinas-al-atardecer-t485390/
México;crucecita-l166888;540025;La Crucecita Tour Guiado Del Festival Del Dia De Muertos Lunes 2 De Noviembre;https://www.getyourguide.com/es-es/crucecita-l166888/la-crucecita-tour-guiado-del-festival-del-dia-de-muertos-lunes-2-de-noviembre-t540025/
México;cancun-l150;959237;Desde Cancun Tour Premium De Medio Dia En Catamaran Hacia Isla Mujeres;https://www.getyourguide.com/es-es/cancun-l150/desde-cancun-tour-premium-de-medio-dia-en-catamaran-hacia-isla-mujeres-t959237/
México;municipio-oaxaca-de-juarez-l681;588017;Oaxaca Tour Privado Exclusivo Por Yagul Patrimonio De La Unesco;https://www.getyourguide.com/es-es/municipio-oaxaca-de-juarez-l681/oaxaca-tour-privado-exclusivo-por-yagul-patrimonio-de-la-unesco-t588017/
México;ciudad-de-mexico-l194;1020924;Taller De Pintura Con Bebida Ciudad De Mexico;https://www.getyourguide.com/es-es/ciudad-de-mexico-l194/taller-de-pintura-con-bebida-ciudad-de-mexico-t1020924/
México;puerto-escondido-l32155;614436;Puerto Escondido Traslado A Huatulco;https://www.getyourguide.com/es-es/puerto-escondido-l32155/puerto-escondido-traslado-a-huatulco-t614436/
México;mahahual-l168421;625626;Practica Snorkel Con Peces Tropicales Arrecifes Y En Busca De Tortugas;https://www.getyourguide.com/es-es/mahahual-l168421/practica-snorkel-con-peces-tropicales-arrecifes-y-en-busca-de-tortugas-t625626/
México;puerto-vallarta-l265;683831;Puerto Vallarta Rzr Rancho Las Vegas;https://www.getyourguide.com/es-es/puerto-vallarta-l265/puerto-vallarta-rzr-rancho-las-vegas-t683831/
México;guadalajara-l677;793459;Guadalajara Alquiler De Bicicleta Por Dia;https://www.getyourguide.com/es-es/guadalajara-l677/guadalajara-alquiler-de-bicicleta-por-dia-t793459/
México;valladolid-mexico-l101556;1186555;Valladolid Like A Local Guided Food Tour With A Local Expert;https://www.getyourguide.com/es-es/valladolid-mexico-l101556/valladolid-like-a-local-guided-food-tour-with-a-local-expert-t1186555/
México;tijuana-l546;870631;Tijuana Tour A Pie Con Un Guia Local;https://www.getyourguide.com/es-es/tijuana-l546/tijuana-tour-a-pie-con-un-guia-local-t870631/
México;cabo-san-lucas-l306;892024;Catamaran Al Atardecer En Los Cabos Con Barra Libre Y Musica En Directo;https://www.getyourguide.com/es-es/cabo-san-lucas-l306/catamaran-al-atardecer-en-los-cabos-con-barra-libre-y-musica-en-directo-t892024/
México;ciudad-de-mexico-l194;933209;Comida Callejera De Cdmx Tour Por Mercados Locales;https://www.getyourguide.com/es-es/ciudad-de-mexico-l194/comida-callejera-de-cdmx-tour-por-mercados-locales-t933209/
México;merida-l1903;953710;Merida Clase De Cocina Yucateca Con Chef;https://www.getyourguide.com/es-es/merida-l1903/merida-clase-de-cocina-yucateca-con-chef-t953710/
México;cancun-l150;980056;Desde Cancun Combo Completo Al Parque Xcaret;https://www.getyourguide.com/es-es/cancun-l150/desde-cancun-combo-completo-al-parque-xcaret-t980056/
México;cabo-san-lucas-l306;1015336;Excursion En Yate Por Cabo A La Playa De Los Enamorados O Pelicano Tiempo Libre En La Playa;https://www.getyourguide.com/es-es/cabo-san-lucas-l306/excursion-en-yate-por-cabo-a-la-playa-de-los-enamorados-o-pelicano-tiempo-libre-en-la-playa-t1015336/
México;ciudad-de-mexico-l194;1021071;Ciudad De Mexico Mercado De Jamaica Experiencia Gastronomica Secreta;https://www.getyourguide.com/es-es/ciudad-de-mexico-l194/ciudad-de-mexico-mercado-de-jamaica-experiencia-gastronomica-secreta-t1021071/
México;puerto-morelos-l112372;1022883;Puerto Morelos Inmersion Con 2 Tanques En Un Parque Marino Protegido;https://www.getyourguide.com/es-es/puerto-morelos-l112372/puerto-morelos-inmersion-con-2-tanques-en-un-parque-marino-protegido-t1022883/
México;cancun-l150;1051914;Clases De Surf Y Snorkel De Medio Dia En Cancun Para Todas Las Edades 4 Horas;https://www.getyourguide.com/es-es/cancun-l150/clases-de-surf-y-snorkel-de-medio-dia-en-cancun-para-todas-las-edades-4-horas-t1051914/
México;bacalar-l95624;1322635;Bacalar Navegacion Al Amanecer En Grupo Reducido Con Cenotes Y Bano;https://www.getyourguide.com/es-es/bacalar-l95624/bacalar-navegacion-al-amanecer-en-grupo-reducido-con-cenotes-y-bano-t1322635/
México;ciudad-de-mexico-l194;1071997;Cronicas Del Centro Historias Vivas De La Ciudad De Mexico;https://www.getyourguide.com/es-es/ciudad-de-mexico-l194/cronicas-del-centro-historias-vivas-de-la-ciudad-de-mexico-t1071997/
México;ciudad-de-mexico-l194;1127243;Ciudad De Mexico Espectaculo De Lucha Libre Con Encuentro Vip;https://www.getyourguide.com/es-es/ciudad-de-mexico-l194/ciudad-de-mexico-espectaculo-de-lucha-libre-con-encuentro-vip-t1127243/
México;bacalar-l95624;277227;Excursion Privada En Velero Hobie Cat;https://www.getyourguide.com/es-es/bacalar-l95624/excursion-privada-en-velero-hobie-cat-t277227/
México;puerto-vallarta-l265;278012;Puerto Vallarta Jardin Botanico Destileria Y Tour Del Cafe;https://www.getyourguide.com/es-es/puerto-vallarta-l265/puerto-vallarta-jardin-botanico-destileria-y-tour-del-cafe-t278012/
México;nuevo-vallarta-l92762;327731;Puerto Vallarta Experiencia De Snorkel Y Club De Playa Con Comida;https://www.getyourguide.com/es-es/nuevo-vallarta-l92762/puerto-vallarta-experiencia-de-snorkel-y-club-de-playa-con-comida-t327731/
México;cabo-san-lucas-l306;399145;Cabo Combo De Atv Paseo En Camello Comida Mexicana Y Tequila;https://www.getyourguide.com/es-es/cabo-san-lucas-l306/cabo-combo-de-atv-paseo-en-camello-comida-mexicana-y-tequila-t399145/
México;bahia-de-santa-cruz-huatulco-l205317;1187439;Taller De Nieves Artesanales Huatulco;https://www.getyourguide.com/es-es/bahia-de-santa-cruz-huatulco-l205317/taller-de-nieves-artesanales-huatulco-t1187439/
México;ciudad-de-mexico-l194;1196668;Ciudad De Mexico Lectura Del Maiz Y Sesion De Tonalamatl;https://www.getyourguide.com/es-es/ciudad-de-mexico-l194/ciudad-de-mexico-lectura-del-maiz-y-sesion-de-tonalamatl-t1196668/
México;ciudad-de-mexico-l194;1204719;Coyoacan El Barrio De Frida Kahlo Arte E Historia;https://www.getyourguide.com/es-es/ciudad-de-mexico-l194/coyoacan-el-barrio-de-frida-kahlo-arte-e-historia-t1204719/
México;cancun-l150;676371;Cancun Tour En Yate De Lujo A Isla Mujeres Chef Gmbsr55Fun;https://www.getyourguide.com/es-es/cancun-l150/cancun-tour-en-yate-de-lujo-a-isla-mujeres-chef-gmbsr55fun-t676371/
México;cancun-l150;679048;Desde Cancun Experiencia De Buceo En El Cenote Taj Ma Ha;https://www.getyourguide.com/es-es/cancun-l150/desde-cancun-experiencia-de-buceo-en-el-cenote-taj-ma-ha-t679048/
México;puerto-vallarta-l265;692029;Islas Marieta Tour De Dia Completo Con Comidas Y Barra Libre;https://www.getyourguide.com/es-es/puerto-vallarta-l265/islas-marieta-tour-de-dia-completo-con-comidas-y-barra-libre-t692029/
México;puerto-morelos-l112372;703751;Puerto Morelos Traslado En Furgoneta Privada A Akumal;https://www.getyourguide.com/es-es/puerto-morelos-l112372/puerto-morelos-traslado-en-furgoneta-privada-a-akumal-t703751/
México;puerto-vallarta-l265;723637;Puerto Vallarta Avistamiento De Ballenas Y Buceo De 3 Horas;https://www.getyourguide.com/es-es/puerto-vallarta-l265/puerto-vallarta-avistamiento-de-ballenas-y-buceo-de-3-horas-t723637/
México;puerto-vallarta-l265;737374;Fabrica De Tequila Puerto Vallarta;https://www.getyourguide.com/es-es/puerto-vallarta-l265/fabrica-de-tequila-puerto-vallarta-t737374/
México;cabo-san-lucas-l306;744829;Viaje De Ida Desde El Aeropuerto Sjd Hoteles San Jose Del Cabo;https://www.getyourguide.com/es-es/cabo-san-lucas-l306/viaje-de-ida-desde-el-aeropuerto-sjd-hoteles-san-jose-del-cabo-t744829/
México;tulum-l248;836719;Tulum Locura Por La Cerveza Y El Marisco Mexicanos;https://www.getyourguide.com/es-es/tulum-l248/tulum-locura-por-la-cerveza-y-el-marisco-mexicanos-t836719/
México;ciudad-de-mexico-l194;877301;Ciudad De Mexico Excursion De Un Dia Al Santuario De La Mariposa Monarca;https://www.getyourguide.com/es-es/ciudad-de-mexico-l194/ciudad-de-mexico-excursion-de-un-dia-al-santuario-de-la-mariposa-monarca-t877301/
México;cancun-l150;460840;Tour De La Cerveza Artesanal Cancun Mexico;https://www.getyourguide.com/es-es/cancun-l150/tour-de-la-cerveza-artesanal-cancun-mexico-t460840/
México;san-miguel-de-cozumel-l141611;486936;Cozumel Aventura En Buggy Ruinas Tequila Y Playa;https://www.getyourguide.com/es-es/san-miguel-de-cozumel-l141611/cozumel-aventura-en-buggy-ruinas-tequila-y-playa-t486936/
México;cancun-l150;528499;Isla Mujeres Excursion De Snorkel En Los Arrecifes De Musa Y Manchones;https://www.getyourguide.com/es-es/cancun-l150/isla-mujeres-excursion-de-snorkel-en-los-arrecifes-de-musa-y-manchones-t528499/
México;puerto-aventuras-l964;939692;Tour En Catamaran Y Esnorquel Desde Puerto Aventuras;https://www.getyourguide.com/es-es/puerto-aventuras-l964/tour-en-catamaran-y-esnorquel-desde-puerto-aventuras-t939692/
México;cancun-l150;1007843;Cancun Excursion En Yate Privado De 8 Horas A Isla Mujeres;https://www.getyourguide.com/es-es/cancun-l150/cancun-excursion-en-yate-privado-de-8-horas-a-isla-mujeres-t1007843/
México;mahahual-l168421;613581;Excursion En Barco A La Laguna De Los Siete Colores De Bacalar Desde Costa Maya;https://www.getyourguide.com/es-es/mahahual-l168421/excursion-en-barco-a-la-laguna-de-los-siete-colores-de-bacalar-desde-costa-maya-t613581/
México;san-miguel-de-cozumel-l141611;617580;Cozumel Experiencia Completa En Cozumel;https://www.getyourguide.com/es-es/san-miguel-de-cozumel-l141611/cozumel-experiencia-completa-en-cozumel-t617580/
México;merida-l1903;659548;Los Secretos De Uxmal Cenote Y Comida Casera;https://www.getyourguide.com/es-es/merida-l1903/los-secretos-de-uxmal-cenote-y-comida-casera-t659548/
México;taxco-de-alarcon-l364;675377;Taxco Viaje Por Las Grutas De Cacahuamilpa;https://www.getyourguide.com/es-es/taxco-de-alarcon-l364/taxco-viaje-por-las-grutas-de-cacahuamilpa-t675377/
México;municipio-oaxaca-de-juarez-l681;676720;Degustacion De Cafes De Oaxaca;https://www.getyourguide.com/es-es/municipio-oaxaca-de-juarez-l681/degustacion-de-cafes-de-oaxaca-t676720/
México;tulum-l248;686530;Tulum Pesca En Alta Mar;https://www.getyourguide.com/es-es/tulum-l248/tulum-pesca-en-alta-mar-t686530/
México;municipio-oaxaca-de-juarez-l681;702061;Oaxaca Bike Tour De 1 Dia En La Culebra Las Salinas;https://www.getyourguide.com/es-es/municipio-oaxaca-de-juarez-l681/oaxaca-bike-tour-de-1-dia-en-la-culebra-las-salinas-t702061/
México;sisal-l191892;704437;Sisal Picnic Premium En Medio Del Mar Y Snorkel En Manantial;https://www.getyourguide.com/es-es/sisal-l191892/sisal-picnic-premium-en-medio-del-mar-y-snorkel-en-manantial-t704437/
México;ezequiel-montes-l217097;1191957;Queretaro Ruta Del Vino Y Pena De Bernal Tour Privado;https://www.getyourguide.com/es-es/ezequiel-montes-l217097/queretaro-ruta-del-vino-y-pena-de-bernal-tour-privado-t1191957/
México;monterrey-l679;1201277;Prepara Tacos Al Pastor Con Un Chef En Monterrey;https://www.getyourguide.com/es-es/monterrey-l679/prepara-tacos-al-pastor-con-un-chef-en-monterrey-t1201277/
México;cancun-l150;932537;Cancun Amanecer Exclusivo En Chichen Itza Con Guia Experto;https://www.getyourguide.com/es-es/cancun-l150/cancun-amanecer-exclusivo-en-chichen-itza-con-guia-experto-t932537/
México;san-jose-del-cabo-l967;938081;Los Cabos Tour Artistico Y Degustacion De Cerveza En San Jose Del Cabo;https://www.getyourguide.com/es-es/san-jose-del-cabo-l967/los-cabos-tour-artistico-y-degustacion-de-cerveza-en-san-jose-del-cabo-t938081/
México;ciudad-de-mexico-l194;958469;Teotihuacan Excursion De Un Dia Al Santuario De Guadalupe Y Tour Guiado Completo;https://www.getyourguide.com/es-es/ciudad-de-mexico-l194/teotihuacan-excursion-de-un-dia-al-santuario-de-guadalupe-y-tour-guiado-completo-t958469/
México;ciudad-de-mexico-l194;44866;Recorrido Gastronomico A Pie Por El Centro Historico De La Ciudad De Mexico;https://www.getyourguide.com/es-es/ciudad-de-mexico-l194/recorrido-gastronomico-a-pie-por-el-centro-historico-de-la-ciudad-de-mexico-t44866/
México;cancun-l150;67643;Rio Secreto Plus Excursion Clasica En Bicicleta Rappel Y Tirolinas;https://www.getyourguide.com/es-es/cancun-l150/rio-secreto-plus-excursion-clasica-en-bicicleta-rappel-y-tirolinas-t67643/
México;acapulco-de-juarez-l307;116176;Solo Para El Sol Tacos De Lucha Libre Y Cerveza Fiestamexicana;https://www.getyourguide.com/es-es/acapulco-de-juarez-l307/solo-para-el-sol-tacos-de-lucha-libre-y-cerveza-fiestamexicana-t116176/
México;playa-del-carmen-l308;1080955;Bienvenidos Playa Del Carmen Bano De Sonido Al Amanecer Con Cuencos De Bronce;https://www.getyourguide.com/es-es/playa-del-carmen-l308/bienvenidos-playa-del-carmen-bano-de-sonido-al-amanecer-con-cuencos-de-bronce-t1080955/
México;ciudad-de-mexico-l194;1093680;Ciudad De Mexico Tour Guiado En Bicicleta Por La Cultura Y Los Sabores Locales;https://www.getyourguide.com/es-es/ciudad-de-mexico-l194/ciudad-de-mexico-tour-guiado-en-bicicleta-por-la-cultura-y-los-sabores-locales-t1093680/
México;santa-maria-huatulco-l781;388315;La Crucecita Crucero Privado En Yate Por Huatulco Con Bebidas;https://www.getyourguide.com/es-es/santa-maria-huatulco-l781/la-crucecita-crucero-privado-en-yate-por-huatulco-con-bebidas-t388315/
México;ciudad-de-mexico-l194;1142195;Experiencia De Baile Para Amantes De La Salsa En Cdmx Ciudad De Mexico;https://www.getyourguide.com/es-es/ciudad-de-mexico-l194/experiencia-de-baile-para-amantes-de-la-salsa-en-cdmx-ciudad-de-mexico-t1142195/
México;san-miguel-de-cozumel-l141611;407633;Cozumel Nado Real Con Delfines E Interaccion Con Manaties;https://www.getyourguide.com/es-es/san-miguel-de-cozumel-l141611/cozumel-nado-real-con-delfines-e-interaccion-con-manaties-t407633/
México;ciudad-de-guanajuato-l2514;462861;Excursion Privada A Leon Desde Guanajuato;https://www.getyourguide.com/es-es/ciudad-de-guanajuato-l2514/excursion-privada-a-leon-desde-guanajuato-t462861/
México;municipio-oaxaca-de-juarez-l681;1238085;Ruta En Btt Por El Valle Central De Oaxaca Tule Mitla Y Hierve El Agua;https://www.getyourguide.com/es-es/municipio-oaxaca-de-juarez-l681/ruta-en-btt-por-el-valle-central-de-oaxaca-tule-mitla-y-hierve-el-agua-t1238085/
México;santa-maria-huatulco-l781;537631;Huatulco Servicio De Transporte Privado Adesde El Aeropuerto;https://www.getyourguide.com/es-es/santa-maria-huatulco-l781/huatulco-servicio-de-transporte-privado-adesde-el-aeropuerto-t537631/
México;merida-l1903;556038;Tour Privado Uxmal Safari En Land Rover Vintage Y Brunch Maya;https://www.getyourguide.com/es-es/merida-l1903/tour-privado-uxmal-safari-en-land-rover-vintage-y-brunch-maya-t556038/
México;palenque-chiapas-l179804;1316472;Caminata En La Selva Lacandona Con Guia Lacandon;https://www.getyourguide.com/es-es/palenque-chiapas-l179804/caminata-en-la-selva-lacandona-con-guia-lacandon-t1316472/
México;cancun-l150;679087;Desde Cancun La Fosa Y La Experiencia De Buceo En El Cenote Dos Ojos;https://www.getyourguide.com/es-es/cancun-l150/desde-cancun-la-fosa-y-la-experiencia-de-buceo-en-el-cenote-dos-ojos-t679087/
México;palenque-chiapas-l179804;740372;Palenque Rafting Y Aventura Por La Selva;https://www.getyourguide.com/es-es/palenque-chiapas-l179804/palenque-rafting-y-aventura-por-la-selva-t740372/
México;puerto-vallarta-l265;182279;Puero Vallarta Tour Por Las Playas De Sayulita Y San Pancho;https://www.getyourguide.com/es-es/puerto-vallarta-l265/puero-vallarta-tour-por-las-playas-de-sayulita-y-san-pancho-t182279/
México;ciudad-de-guanajuato-l2514;802220;Guanajuato Tour Vineyard Visit And Dolores Hidalgo Magical Town;https://www.getyourguide.com/es-es/ciudad-de-guanajuato-l2514/guanajuato-tour-vineyard-visit-and-dolores-hidalgo-magical-town-t802220/
México;tulum-l248;389035;Tulum Excursion Combinada A Las Ruinas De Tulum Y Al Parque De Aventuras En La Jungla;https://www.getyourguide.com/es-es/tulum-l248/tulum-excursion-combinada-a-las-ruinas-de-tulum-y-al-parque-de-aventuras-en-la-jungla-t389035/
México;cabo-san-lucas-l306;511643;Cabo San Lucas Paddleboarding Al Arco Y Snorkel;https://www.getyourguide.com/es-es/cabo-san-lucas-l306/cabo-san-lucas-paddleboarding-al-arco-y-snorkel-t511643/
México;san-miguel-de-cozumel-l141611;529381;Desde Cozumel Pase Oficial De Un Dia Para El Parque Chankanaab Y Snorkel;https://www.getyourguide.com/es-es/san-miguel-de-cozumel-l141611/desde-cozumel-pase-oficial-de-un-dia-para-el-parque-chankanaab-y-snorkel-t529381/
México;ciudad-de-guanajuato-l2514;1071824;Plomo Plata Y Plegarias La Ruta Minera De Valenciana En Guanajuato;https://www.getyourguide.com/es-es/ciudad-de-guanajuato-l2514/plomo-plata-y-plegarias-la-ruta-minera-de-valenciana-en-guanajuato-t1071824/
México;santa-maria-del-tule-l135627;653200;Desde Puerto Escondido Gataway A Oaxaca En Un Dia;https://www.getyourguide.com/es-es/santa-maria-del-tule-l135627/desde-puerto-escondido-gataway-a-oaxaca-en-un-dia-t653200/
México;playa-del-carmen-l308;672691;Isla Mujeres Dia Completo Catamaran Privado Con Snorkel;https://www.getyourguide.com/es-es/playa-del-carmen-l308/isla-mujeres-dia-completo-catamaran-privado-con-snorkel-t672691/
México;puerto-vallarta-l265;682243;Puerto Vallarta Excursion A San Sebastian Del Oeste;https://www.getyourguide.com/es-es/puerto-vallarta-l265/puerto-vallarta-excursion-a-san-sebastian-del-oeste-t682243/
México;puerto-vallarta-l265;702193;Puerto Vallarta Alquiler De Yate Privado Hasta 12 Invitados;https://www.getyourguide.com/es-es/puerto-vallarta-l265/puerto-vallarta-alquiler-de-yate-privado-hasta-12-invitados-t702193/
México;san-miguel-de-cozumel-l141611;729266;Cozumel Furgoneta Privada Tu Dia A Tu Manera;https://www.getyourguide.com/es-es/san-miguel-de-cozumel-l141611/cozumel-furgoneta-privada-tu-dia-a-tu-manera-t729266/
México;bacalar-l95624;753400;Bacalar Templos Mayas De Calakmul Y Paseo Por La Selva;https://www.getyourguide.com/es-es/bacalar-l95624/bacalar-templos-mayas-de-calakmul-y-paseo-por-la-selva-t753400/
México;ciudad-de-mexico-l194;762298;Dia De Muertos En Ciudad De Mexico Cena Y Fiesta Mexicana En Xochimilco;https://www.getyourguide.com/es-es/ciudad-de-mexico-l194/dia-de-muertos-en-ciudad-de-mexico-cena-y-fiesta-mexicana-en-xochimilco-t762298/
México;tulum-l248;1233266;Ticket De Entrada A La Experiencia De Arte En La Selva Atik;https://www.getyourguide.com/es-es/tulum-l248/ticket-de-entrada-a-la-experiencia-de-arte-en-la-selva-atik-t1233266/
México;playa-del-carmen-l308;835486;Desde Playa Del Carmen Traslado De Ida A Bacalarchetumal;https://www.getyourguide.com/es-es/playa-del-carmen-l308/desde-playa-del-carmen-traslado-de-ida-a-bacalarchetumal-t835486/
México;playa-del-carmen-l308;842615;Holbox Tour Isla Holbox Isla Pasion Y Punta Mosquito;https://www.getyourguide.com/es-es/playa-del-carmen-l308/holbox-tour-isla-holbox-isla-pasion-y-punta-mosquito-t842615/
México;holbox-l189767;865965;Tour A Holbox Con Comida Y Traslado Desde Cancun Playa Del Carmen Y Tulum;https://www.getyourguide.com/es-es/holbox-l189767/tour-a-holbox-con-comida-y-traslado-desde-cancun-playa-del-carmen-y-tulum-t865965/
México;tulum-l248;1312077;Tulum Kayak Y Observacion De Aves En Sian Ka An;https://www.getyourguide.com/es-es/tulum-l248/tulum-kayak-y-observacion-de-aves-en-sian-ka-an-t1312077/
México;cancun-l150;985397;Visita Guiada A Cancun Yacimiento Arqueologico De El Meco Cartas Y Compras;https://www.getyourguide.com/es-es/cancun-l150/visita-guiada-a-cancun-yacimiento-arqueologico-de-el-meco-cartas-y-compras-t985397/
México;ciudad-de-mexico-l194;991568;Private Historic Downtown Tour Best Rated;https://www.getyourguide.com/es-es/ciudad-de-mexico-l194/private-historic-downtown-tour-best-rated-t991568/
México;tulum-l248;997844;Tulum Rio Sagrado Y Ritual De Fuego En Un Rio Subterraneo Mistico;https://www.getyourguide.com/es-es/tulum-l248/tulum-rio-sagrado-y-ritual-de-fuego-en-un-rio-subterraneo-mistico-t997844/
México;tulum-l248;999552;Desde Playa Del Carmen O Tulum Experiencia Rio Sagrado;https://www.getyourguide.com/es-es/tulum-l248/desde-playa-del-carmen-o-tulum-experiencia-rio-sagrado-t999552/
México;ciudad-de-mexico-l194;1037082;Ciudad De Mexico Tour En Bicicleta Y Comida Callejera Por Roma Y Condesa;https://www.getyourguide.com/es-es/ciudad-de-mexico-l194/ciudad-de-mexico-tour-en-bicicleta-y-comida-callejera-por-roma-y-condesa-t1037082/
México;veracruz-l683;231012;Veracruz Experiencia En Kayak En La Isla De Los Sacrificios;https://www.getyourguide.com/es-es/veracruz-l683/veracruz-experiencia-en-kayak-en-la-isla-de-los-sacrificios-t231012/
México;ciudad-de-mexico-l194;1076508;Teotihuacan Vuelo Romantico En Globo Para Parejas;https://www.getyourguide.com/es-es/ciudad-de-mexico-l194/teotihuacan-vuelo-romantico-en-globo-para-parejas-t1076508/
México;cabo-san-lucas-l306;1142232;Experiencia De Baile Para Amantes De La Salsa En Cabo San Lucas;https://www.getyourguide.com/es-es/cabo-san-lucas-l306/experiencia-de-baile-para-amantes-de-la-salsa-en-cabo-san-lucas-t1142232/
México;monterrey-l679;452896;Desde Santiago Nl Excursion De Barranquismo Por El Canon De Matacanes Y Almuerzo;https://www.getyourguide.com/es-es/monterrey-l679/desde-santiago-nl-excursion-de-barranquismo-por-el-canon-de-matacanes-y-almuerzo-t452896/
México;valle-de-bravo-l95795;457339;Valle De Bravo Kayak;https://www.getyourguide.com/es-es/valle-de-bravo-l95795/valle-de-bravo-kayak-t457339/
México;puerto-vallarta-l265;1220027;Crea Arte Huichol En Un Estudio De Artesania En Puerto Vallarta;https://www.getyourguide.com/es-es/puerto-vallarta-l265/crea-arte-huichol-en-un-estudio-de-artesania-en-puerto-vallarta-t1220027/
México;merida-l1903;1228356;Merida Degustacion Yucateca Con Un Anfitrion Local;https://www.getyourguide.com/es-es/merida-l1903/merida-degustacion-yucateca-con-un-anfitrion-local-t1228356/
México;mazatlan-l808;567299;Gran Acuario Mazatlan;https://www.getyourguide.com/es-es/mazatlan-l808/gran-acuario-mazatlan-t567299/
México;mahahual-l168421;601969;Ruinas Mayas De Chacchoben Desde Costa Maya;https://www.getyourguide.com/es-es/mahahual-l168421/ruinas-mayas-de-chacchoben-desde-costa-maya-t601969/
México;palenque-chiapas-l179804;1270875;Zona Arqueologica De Palenque Recorrido Guiado Por Templos Mayas;https://www.getyourguide.com/es-es/palenque-chiapas-l179804/zona-arqueologica-de-palenque-recorrido-guiado-por-templos-mayas-t1270875/
México;zihuatanejo-l392;658524;Zihuatanejo Ixtapa Super Combo Tour;https://www.getyourguide.com/es-es/zihuatanejo-l392/zihuatanejo-ixtapa-super-combo-tour-t658524/
México;holbox-l189767;1295897;Holbox Viaje De Sanacion Sonora Frente Al Mar En Punta Cocos;https://www.getyourguide.com/es-es/holbox-l189767/holbox-viaje-de-sanacion-sonora-frente-al-mar-en-punta-cocos-t1295897/
México;ciudad-de-mexico-l194;1308999;;https://www.getyourguide.com/es-es/ciudad-de-mexico-l194/-t1308999/
México;bahia-de-santa-cruz-huatulco-l205317;689243;Cacao Cafe Y Tradiciones Huatulco;https://www.getyourguide.com/es-es/bahia-de-santa-cruz-huatulco-l205317/cacao-cafe-y-tradiciones-huatulco-t689243/
México;cabo-san-lucas-l306;1318812;Los Cabos Safari En Camello En Familia Al Atardecer Con Buffet;https://www.getyourguide.com/es-es/cabo-san-lucas-l306/los-cabos-safari-en-camello-en-familia-al-atardecer-con-buffet-t1318812/
México;acapulco-de-juarez-l307;722100; Acapulco Excursion De Senderismo Y Snorkel A La Isla De La Roqueta;https://www.getyourguide.com/es-es/acapulco-de-juarez-l307/-acapulco-excursion-de-senderismo-y-snorkel-a-la-isla-de-la-roqueta-t722100/
México;san-jose-del-cabo-l967;822956;San Jose Del Cabo Safari Oceanico;https://www.getyourguide.com/es-es/san-jose-del-cabo-l967/san-jose-del-cabo-safari-oceanico-t822956/
México;veracruz-l683;242082;Desde Veracruz Tour Catemaco Naturaleza Cascadas Y Monos;https://www.getyourguide.com/es-es/veracruz-l683/desde-veracruz-tour-catemaco-naturaleza-cascadas-y-monos-t242082/
México;sayulita-l32371;828193;Desde Sayulita Clase De Surf En La Lancha Con Transporte Incluido;https://www.getyourguide.com/es-es/sayulita-l32371/desde-sayulita-clase-de-surf-en-la-lancha-con-transporte-incluido-t828193/
México;puerto-escondido-l32155;935005;Puerto Escondido Tour En Barco Para Disfrutar El Atardecer;https://www.getyourguide.com/es-es/puerto-escondido-l32155/puerto-escondido-tour-en-barco-para-disfrutar-el-atardecer-t935005/
México;progreso-l95507;938345;Progreso Tour Privado De Lo Mas Destacado Con Conductor Profesional;https://www.getyourguide.com/es-es/progreso-l95507/progreso-tour-privado-de-lo-mas-destacado-con-conductor-profesional-t938345/
México;santa-maria-huatulco-l781;1071820;Desde Huatulco Jardin Exotico En Rancho Ecoturistico Y Visita Un Mirador;https://www.getyourguide.com/es-es/santa-maria-huatulco-l781/desde-huatulco-jardin-exotico-en-rancho-ecoturistico-y-visita-un-mirador-t1071820/
México;zacatecas-l144180;608699;Zacatecas Gira Teul Milenario;https://www.getyourguide.com/es-es/zacatecas-l144180/zacatecas-gira-teul-milenario-t608699/
México;merida-l1903;652139;Uxmal Visita Arqueologica Maya Visita A Una Hacienda Y Bano En Una Cueva;https://www.getyourguide.com/es-es/merida-l1903/uxmal-visita-arqueologica-maya-visita-a-una-hacienda-y-bano-en-una-cueva-t652139/
México;ciudad-valles-l157201;662871;Ciudad Valles Puente De Dios Y Las 7 Cascadas;https://www.getyourguide.com/es-es/ciudad-valles-l157201/ciudad-valles-puente-de-dios-y-las-7-cascadas-t662871/
México;municipio-oaxaca-de-juarez-l681;702065;Oaxaca Tour De 1 Dia En Bici Por La Culebra Cuevas Prehistoricas;https://www.getyourguide.com/es-es/municipio-oaxaca-de-juarez-l681/oaxaca-tour-de-1-dia-en-bici-por-la-culebra-cuevas-prehistoricas-t702065/
México;ciudad-de-mexico-l194;734136;Tour De Degustacion De Tacos Sabores De Ciudad De Mexico;https://www.getyourguide.com/es-es/ciudad-de-mexico-l194/tour-de-degustacion-de-tacos-sabores-de-ciudad-de-mexico-t734136/
México;acapulco-de-juarez-l307;742588;Acapulco Experiencia De Liberacion De Tortugas;https://www.getyourguide.com/es-es/acapulco-de-juarez-l307/acapulco-experiencia-de-liberacion-de-tortugas-t742588/
México;cancun-l150;772083;Aeropuerto De Cancun Traslados Privados Ferri Puerto Juarez;https://www.getyourguide.com/es-es/cancun-l150/aeropuerto-de-cancun-traslados-privados-ferri-puerto-juarez-t772083/
México;mismaloya-l190181;812780;Puerto Vallarta Experiencia Atv El Eden Y Tirolina;https://www.getyourguide.com/es-es/mismaloya-l190181/puerto-vallarta-experiencia-atv-el-eden-y-tirolina-t812780/
México;teotitlan-del-valle-l135632;1264909;Ruta Del Mezcal Y Sus Tradiciones Arbol Del Tule Teotitlan Y Destileria;https://www.getyourguide.com/es-es/teotitlan-del-valle-l135632/ruta-del-mezcal-y-sus-tradiciones-arbol-del-tule-teotitlan-y-destileria-t1264909/
México;cancun-l150;871505;Traslado Privado Moon Palace The Grand Cancun A Aeropuerto Cun;https://www.getyourguide.com/es-es/cancun-l150/traslado-privado-moon-palace-the-grand-cancun-a-aeropuerto-cun-t871505/
México;cancun-l150;879602;Traslado Privado Aeropuerto Cun A Wyndham Alltra Cancun;https://www.getyourguide.com/es-es/cancun-l150/traslado-privado-aeropuerto-cun-a-wyndham-alltra-cancun-t879602/
México;cabo-san-lucas-l306;15267;3 Horas De Stand Up Paddle Y Snorkel En Los Cabos;https://www.getyourguide.com/es-es/cabo-san-lucas-l306/3-horas-de-stand-up-paddle-y-snorkel-en-los-cabos-t15267/
México;ciudad-de-mexico-l194;999839;Ciudad De Mexico Clase De Salsa Y Tortillas Con Bebidas;https://www.getyourguide.com/es-es/ciudad-de-mexico-l194/ciudad-de-mexico-clase-de-salsa-y-tortillas-con-bebidas-t999839/
México;loreto-mexico-l1655;1003259;Loreto Baja California Mexico Crucero En Catamaran;https://www.getyourguide.com/es-es/loreto-mexico-l1655/loreto-baja-california-mexico-crucero-en-catamaran-t1003259/
México;teuchitlan-l92834;1067442;Guachimontones Y Teuchitlan Ruta Arqueologica;https://www.getyourguide.com/es-es/teuchitlan-l92834/guachimontones-y-teuchitlan-ruta-arqueologica-t1067442/
México;arteaga-l198183;1084741;Desde Monterrey Visitas Al Huertos Organicos;https://www.getyourguide.com/es-es/arteaga-l198183/desde-monterrey-visitas-al-huertos-organicos-t1084741/
México;ciudad-de-mexico-l194;1088010;Ciudad De Mexico Tour A Pie Por El Parque Chapultepec Y Los Museos;https://www.getyourguide.com/es-es/ciudad-de-mexico-l194/ciudad-de-mexico-tour-a-pie-por-el-parque-chapultepec-y-los-museos-t1088010/
México;cancun-l150;410786;Cancun Tour Privado De Chichen Itza Y Ruinas De Yaxunah Y Cenote;https://www.getyourguide.com/es-es/cancun-l150/cancun-tour-privado-de-chichen-itza-y-ruinas-de-yaxunah-y-cenote-t410786/
México;playa-del-carmen-l308;1118292;Playa Del Carmen Taller De Tablero De Vision Para Manifestar;https://www.getyourguide.com/es-es/playa-del-carmen-l308/playa-del-carmen-taller-de-tablero-de-vision-para-manifestar-t1118292/
México;mani-yucatan-l192720;1149004;Desde Merida Tour Por El Pueblo Magico De Mani Y Las Abejas Meliponas Con Almuerzo;https://www.getyourguide.com/es-es/mani-yucatan-l192720/desde-merida-tour-por-el-pueblo-magico-de-mani-y-las-abejas-meliponas-con-almuerzo-t1149004/
México;cancun-l150;1189732;Cancun Experiencia De Buceo Y Estancia;https://www.getyourguide.com/es-es/cancun-l150/cancun-experiencia-de-buceo-y-estancia-t1189732/
México;san-miguel-de-cozumel-l141611;1196302;Tour Cultural Por Cozumel Iglesias Y Mercado Artesanal;https://www.getyourguide.com/es-es/san-miguel-de-cozumel-l141611/tour-cultural-por-cozumel-iglesias-y-mercado-artesanal-t1196302/
México;ciudad-de-mexico-l194;1204821;Coyoacan Nocturno Tour De Leyendas Misterios E Historias De La Cdmx;https://www.getyourguide.com/es-es/ciudad-de-mexico-l194/coyoacan-nocturno-tour-de-leyendas-misterios-e-historias-de-la-cdmx-t1204821/
México;bacalar-l95624;521767;Desde Chetumalbacalar Traslado Privado A Tulum;https://www.getyourguide.com/es-es/bacalar-l95624/desde-chetumalbacalar-traslado-privado-a-tulum-t521767/
México;municipio-oaxaca-de-juarez-l681;1255373;Oaxaca Tour Por Teotitlan Del Valle Con Tejido Chocolate Y Velas;https://www.getyourguide.com/es-es/municipio-oaxaca-de-juarez-l681/oaxaca-tour-por-teotitlan-del-valle-con-tejido-chocolate-y-velas-t1255373/
México;zacatecas-l144180;608586;Zacatecas Tour Sombrerete De Pelicula;https://www.getyourguide.com/es-es/zacatecas-l144180/zacatecas-tour-sombrerete-de-pelicula-t608586/
México;cabo-san-lucas-l306;624485;Cabo Paseo En Camello Y Utv Por El Desierto;https://www.getyourguide.com/es-es/cabo-san-lucas-l306/cabo-paseo-en-camello-y-utv-por-el-desierto-t624485/
México;ciudad-de-mexico-l194;653321;Xochimilco Amanecer En Kayak En La Ciudad De Mexico;https://www.getyourguide.com/es-es/ciudad-de-mexico-l194/xochimilco-amanecer-en-kayak-en-la-ciudad-de-mexico-t653321/
México;monterrey-l679;665896;Monterrey Senderismo Con Mascotas En El Cerro Del Chupon;https://www.getyourguide.com/es-es/monterrey-l679/monterrey-senderismo-con-mascotas-en-el-cerro-del-chupon-t665896/
México;ciudad-de-mexico-l194;1316451;Ciudad De Mexico Museo De Arte Moderno Con Expertos En Arte;https://www.getyourguide.com/es-es/ciudad-de-mexico-l194/ciudad-de-mexico-museo-de-arte-moderno-con-expertos-en-arte-t1316451/
México;municipio-oaxaca-de-juarez-l681;702362;Oaxaca Tour De 1 Dia A Las Cascadas De Apoala;https://www.getyourguide.com/es-es/municipio-oaxaca-de-juarez-l681/oaxaca-tour-de-1-dia-a-las-cascadas-de-apoala-t702362/
México;villahermosa-l98274;738814;Villahermosa Visita Guiada Al Mercado Pino Suarez Con Almuerzo;https://www.getyourguide.com/es-es/villahermosa-l98274/villahermosa-visita-guiada-al-mercado-pino-suarez-con-almuerzo-t738814/
México;taxco-de-alarcon-l364;763983;Taxco Descubre Las Grutas De Cacahuamilpa;https://www.getyourguide.com/es-es/taxco-de-alarcon-l364/taxco-descubre-las-grutas-de-cacahuamilpa-t763983/
México;ciudad-de-mexico-l194;770917;Prueba Tacos Verdaderos En El Centro De La Ciudad;https://www.getyourguide.com/es-es/ciudad-de-mexico-l194/prueba-tacos-verdaderos-en-el-centro-de-la-ciudad-t770917/
México;chihuahua-l950;781213;Tour Cata De 3 Vinos;https://www.getyourguide.com/es-es/chihuahua-l950/tour-cata-de-3-vinos-t781213/
México;tulum-l248;310608;Tesoros Historicos De Tulum Tour Privado A Pie;https://www.getyourguide.com/es-es/tulum-l248/tesoros-historicos-de-tulum-tour-privado-a-pie-t310608/
México;cabo-san-lucas-l306;866247;Los Cabos Excursion En Kayak Con Fondo De Cristal Y Esnorquel En Dos Bahias;https://www.getyourguide.com/es-es/cabo-san-lucas-l306/los-cabos-excursion-en-kayak-con-fondo-de-cristal-y-esnorquel-en-dos-bahias-t866247/
México;tulum-l248;402935;Tulum Experiencia Privada De Snorkel Y Navegacion;https://www.getyourguide.com/es-es/tulum-l248/tulum-experiencia-privada-de-snorkel-y-navegacion-t402935/
México;cancun-l150;409767;Cancun Paquete De Celebridades Coco Bongo Beach Party;https://www.getyourguide.com/es-es/cancun-l150/cancun-paquete-de-celebridades-coco-bongo-beach-party-t409767/
México;playa-del-carmen-l308;884320;Clase Privada De Bachata Baila Mor;https://www.getyourguide.com/es-es/playa-del-carmen-l308/clase-privada-de-bachata-baila-mor-t884320/
México;puerto-vallarta-l265;885736;Puerto Vallarta Ciudad Tropical Y Aventura En Tirolina;https://www.getyourguide.com/es-es/puerto-vallarta-l265/puerto-vallarta-ciudad-tropical-y-aventura-en-tirolina-t885736/
México;tulum-l248;430286;Desde La Riviera Maya Excursion De Aventura A 3 Cenotes Con Comida;https://www.getyourguide.com/es-es/tulum-l248/desde-la-riviera-maya-excursion-de-aventura-a-3-cenotes-con-comida-t430286/
México;ciudad-de-guanajuato-l2514;457609;Tour Privado A Pie Por Las Terrazas De Guanajuato;https://www.getyourguide.com/es-es/ciudad-de-guanajuato-l2514/tour-privado-a-pie-por-las-terrazas-de-guanajuato-t457609/
México;cancun-l150;956832;Cancun Excursion En Catamaran A Isla Mujeres Con Barra Libre De Bebidas;https://www.getyourguide.com/es-es/cancun-l150/cancun-excursion-en-catamaran-a-isla-mujeres-con-barra-libre-de-bebidas-t956832/
México;municipio-de-teotihuacan-l165488;957505;Teotihuacan Paseo En Globo Con Desayuno;https://www.getyourguide.com/es-es/municipio-de-teotihuacan-l165488/teotihuacan-paseo-en-globo-con-desayuno-t957505/
México;playa-del-carmen-l308;478730;Riviera Maya Nadar Con Delfines Harmony;https://www.getyourguide.com/es-es/playa-del-carmen-l308/riviera-maya-nadar-con-delfines-harmony-t478730/
México;cancun-l150;977586;Desde Cancun Parque Xcaret Todo Incluido;https://www.getyourguide.com/es-es/cancun-l150/desde-cancun-parque-xcaret-todo-incluido-t977586/
México;las-coloradas-l168323;996504;Tulum Excursion De 1 Dia A Las Coloradas Y Rio Lagartos Con Almuerzo;https://www.getyourguide.com/es-es/las-coloradas-l168323/tulum-excursion-de-1-dia-a-las-coloradas-y-rio-lagartos-con-almuerzo-t996504/
México;tulum-l248;999589;Tulum Jaguar Park Y Discoteca De Playa Con Comida Y Bebidas;https://www.getyourguide.com/es-es/tulum-l248/tulum-jaguar-park-y-discoteca-de-playa-con-comida-y-bebidas-t999589/
México;monterrey-l679;592565;La Mejor Excursion A Chipinque Guia Traslado Ticket De Entrada;https://www.getyourguide.com/es-es/monterrey-l679/la-mejor-excursion-a-chipinque-guia-traslado-ticket-de-entrada-t592565/
México;hermosillo-l157195;611347;Dirige La Ruta Visita A Las Ruinas Y Degustacion En Mazatan;https://www.getyourguide.com/es-es/hermosillo-l157195/dirige-la-ruta-visita-a-las-ruinas-y-degustacion-en-mazatan-t611347/
México;ensenada-l545;1118131;Desde Ensenada Tour A La Bufadora En Baja California;https://www.getyourguide.com/es-es/ensenada-l545/desde-ensenada-tour-a-la-bufadora-en-baja-california-t1118131/
México;puerto-vallarta-l265;683673;Puerto Vallarta Aventura En La Jungla Atv;https://www.getyourguide.com/es-es/puerto-vallarta-l265/puerto-vallarta-aventura-en-la-jungla-atv-t683673/
México;playa-del-carmen-l308;690923;Playa Del Carmenexperiencia Con El Tiburon Ballena En El Mar Caribe;https://www.getyourguide.com/es-es/playa-del-carmen-l308/playa-del-carmenexperiencia-con-el-tiburon-ballena-en-el-mar-caribe-t690923/
México;bacalar-l95624;713708;Catamaran Por La Laguna De Bacalar Y Haz Nuevos Amigos;https://www.getyourguide.com/es-es/bacalar-l95624/catamaran-por-la-laguna-de-bacalar-y-haz-nuevos-amigos-t713708/
México;yelapa-l201862;1210725;Tour En Barco A Playa Yelapa Y Colimilla Aventura Y Fiesta En Un Dia;https://www.getyourguide.com/es-es/yelapa-l201862/tour-en-barco-a-playa-yelapa-y-colimilla-aventura-y-fiesta-en-un-dia-t1210725/
México;municipio-de-cuernavaca-l2232;1249069;Clase De Cocina En Cuernavaca 8 Recetas Y Bebidas Ilimitadas;https://www.getyourguide.com/es-es/municipio-de-cuernavaca-l2232/clase-de-cocina-en-cuernavaca-8-recetas-y-bebidas-ilimitadas-t1249069/
México;san-cristobal-de-las-casas-l2166;1249378;Traslado De San Cristobal A Palenque Cascadas Y Viaje Diurno;https://www.getyourguide.com/es-es/san-cristobal-de-las-casas-l2166/traslado-de-san-cristobal-a-palenque-cascadas-y-viaje-diurno-t1249378/
México;guadalajara-l677;1277889;Tequila Y Amatitan Tour Cultural Con Cueva Y Degustacion Directa De Barril;https://www.getyourguide.com/es-es/guadalajara-l677/tequila-y-amatitan-tour-cultural-con-cueva-y-degustacion-directa-de-barril-t1277889/
México;ciudad-de-mexico-l194;957554;Ciudad De Mexico Vuelo En Globo Teotihuacan Y Santuario De Guadalupe;https://www.getyourguide.com/es-es/ciudad-de-mexico-l194/ciudad-de-mexico-vuelo-en-globo-teotihuacan-y-santuario-de-guadalupe-t957554/
México;bacalar-l95624;981437;Top Experience Bacalar Tour And Premium Beach Club All Inclusive;https://www.getyourguide.com/es-es/bacalar-l95624/top-experience-bacalar-tour-and-premium-beach-club-all-inclusive-t981437/
México;playa-del-carmen-l308;1310643;Cozumel Esencial Mar Turquesa Snorkel Y Playa El Cielo;https://www.getyourguide.com/es-es/playa-del-carmen-l308/cozumel-esencial-mar-turquesa-snorkel-y-playa-el-cielo-t1310643/
México;la-paz-mexico-l2930;1001979;La Paz Aventura En Los Manglares Snorkel Y Degustacion De Mariscos;https://www.getyourguide.com/es-es/la-paz-mexico-l2930/la-paz-aventura-en-los-manglares-snorkel-y-degustacion-de-mariscos-t1001979/
México;playa-del-carmen-l308;4475;Excursion De Observacion De Aves;https://www.getyourguide.com/es-es/playa-del-carmen-l308/excursion-de-observacion-de-aves-t4475/
México;acapulco-de-juarez-l307;70097;Cabalgata Y Liberacion De Tortugas Bayby En Acapulco;https://www.getyourguide.com/es-es/acapulco-de-juarez-l307/cabalgata-y-liberacion-de-tortugas-bayby-en-acapulco-t70097/
México;municipio-tuxtla-gutierrez-l2527;96480;Tuxtla Gutierrez Cascadas Del Chiflon Excursion De Un Dia A Montebello;https://www.getyourguide.com/es-es/municipio-tuxtla-gutierrez-l2527/tuxtla-gutierrez-cascadas-del-chiflon-excursion-de-un-dia-a-montebello-t96480/
México;tulum-l248;244792;Desde Tulum Aventura En Cuatro Cenotes;https://www.getyourguide.com/es-es/tulum-l248/desde-tulum-aventura-en-cuatro-cenotes-t244792/
México;playa-del-carmen-l308;408848;Riviera Maya Paseos A Caballo En Rancho Bonanza;https://www.getyourguide.com/es-es/playa-del-carmen-l308/riviera-maya-paseos-a-caballo-en-rancho-bonanza-t408848/
México;ciudad-de-guanajuato-l2514;1171350;Guanajuato Tour Guiado En Grupo Con Momias Minas Y Tuneles;https://www.getyourguide.com/es-es/ciudad-de-guanajuato-l2514/guanajuato-tour-guiado-en-grupo-con-momias-minas-y-tuneles-t1171350/
México;ciudad-de-mexico-l194;450095;Ciudad De Mexico Visita Al Museo Del Tequila Y El Mezcal Con Degustacion;https://www.getyourguide.com/es-es/ciudad-de-mexico-l194/ciudad-de-mexico-visita-al-museo-del-tequila-y-el-mezcal-con-degustacion-t450095/
México;santiago-nuevo-leon-l149358;1201243;Matacanes Canonismo Extremo En La Sierra De Santiago;https://www.getyourguide.com/es-es/santiago-nuevo-leon-l149358/matacanes-canonismo-extremo-en-la-sierra-de-santiago-t1201243/
México;cancun-l150;474520;Cancun Acuario Interactivo Nado Con Delfines Premium;https://www.getyourguide.com/es-es/cancun-l150/cancun-acuario-interactivo-nado-con-delfines-premium-t474520/
México;municipio-tuxtla-gutierrez-l2527;517165;Desde Tuxtla Gutierrez Recorrido Por San Juan Chamula Y Zinacantan;https://www.getyourguide.com/es-es/municipio-tuxtla-gutierrez-l2527/desde-tuxtla-gutierrez-recorrido-por-san-juan-chamula-y-zinacantan-t517165/
México;san-cristobal-de-las-casas-l2166;518223;San Cristobal Canon Del Sumidero Chiapa De Corzo Y Miradores;https://www.getyourguide.com/es-es/san-cristobal-de-las-casas-l2166/san-cristobal-canon-del-sumidero-chiapa-de-corzo-y-miradores-t518223/
México;merida-l1903;518626;Desde Merida Excursion A Los Yacimientos Arqueologicos De Uxmal Y Kabah;https://www.getyourguide.com/es-es/merida-l1903/desde-merida-excursion-a-los-yacimientos-arqueologicos-de-uxmal-y-kabah-t518626/
México;palenque-chiapas-l179804;519373;Desde Palenque Cascadas Misol Ha Y Agua Azul;https://www.getyourguide.com/es-es/palenque-chiapas-l179804/desde-palenque-cascadas-misol-ha-y-agua-azul-t519373/
México;palenque-chiapas-l179804;524227;Desde Palenque Cascadas De Roberto Barrios;https://www.getyourguide.com/es-es/palenque-chiapas-l179804/desde-palenque-cascadas-de-roberto-barrios-t524227/
México;merida-l1903;537365;Merida Traslado Aeropuerto Hotel Aeropuerto;https://www.getyourguide.com/es-es/merida-l1903/merida-traslado-aeropuerto-hotel-aeropuerto-t537365/
México;progreso-l95507;581479;Progreso Pase De Un Dia Para Isla Columpios Y Pig Beach Club;https://www.getyourguide.com/es-es/progreso-l95507/progreso-pase-de-un-dia-para-isla-columpios-y-pig-beach-club-t581479/
México;holbox-l189767;626730;Holbox Tour En Barco A Punta Mosquitos Aves Y La Isla Pasion;https://www.getyourguide.com/es-es/holbox-l189767/holbox-tour-en-barco-a-punta-mosquitos-aves-y-la-isla-pasion-t626730/
México;municipio-oaxaca-de-juarez-l681;704071;Oaxaca Raices Oaxaquenas;https://www.getyourguide.com/es-es/municipio-oaxaca-de-juarez-l681/oaxaca-raices-oaxaquenas-t704071/
México;puerto-vallarta-l265;254192;Paseos A Caballo En Puerto Vallarta;https://www.getyourguide.com/es-es/puerto-vallarta-l265/paseos-a-caballo-en-puerto-vallarta-t254192/
México;rincon-de-guayabitos-l212934;787831;Pesca Marlin En Guayabitos;https://www.getyourguide.com/es-es/rincon-de-guayabitos-l212934/pesca-marlin-en-guayabitos-t787831/
México;cabo-san-lucas-l306;322113;Cabo San Lucas Crucero De 2 Horas Al Atardecer Con Comida Y Vino;https://www.getyourguide.com/es-es/cabo-san-lucas-l306/cabo-san-lucas-crucero-de-2-horas-al-atardecer-con-comida-y-vino-t322113/
México;ciudad-de-mexico-l194;398069;Ciudad De Mexico Excursion Guiada Al Volcan Con Comida;https://www.getyourguide.com/es-es/ciudad-de-mexico-l194/ciudad-de-mexico-excursion-guiada-al-volcan-con-comida-t398069/
México;playa-del-carmen-l308;398857;Playa Del Carmen Recorrido A Pie De 3 Horas Por La Gastronomia Local;https://www.getyourguide.com/es-es/playa-del-carmen-l308/playa-del-carmen-recorrido-a-pie-de-3-horas-por-la-gastronomia-local-t398857/
México;cancun-l150;419732;Cancun Aventura En Kayak Al Amanecer;https://www.getyourguide.com/es-es/cancun-l150/cancun-aventura-en-kayak-al-amanecer-t419732/
México;puerto-vallarta-l265;836888;Puerto Vallarta Aventura A Caballo En La Selva Tropical;https://www.getyourguide.com/es-es/puerto-vallarta-l265/puerto-vallarta-aventura-a-caballo-en-la-selva-tropical-t836888/
México;ciudad-de-mexico-l194;913088; Fiesta Flotante En Xochimilco Canales Tequila Y Tradicion ;https://www.getyourguide.com/es-es/ciudad-de-mexico-l194/-fiesta-flotante-en-xochimilco-canales-tequila-y-tradicion--t913088/
México;ensenada-l545;492466;Experiencia Lavanda Valle De Guadalupe Visita Guiada Al Campo;https://www.getyourguide.com/es-es/ensenada-l545/experiencia-lavanda-valle-de-guadalupe-visita-guiada-al-campo-t492466/
México;cancun-l150;1018536;Cancun Tacos Y Cerveza Con Espectaculo En Coco Bongo;https://www.getyourguide.com/es-es/cancun-l150/cancun-tacos-y-cerveza-con-espectaculo-en-coco-bongo-t1018536/
México;san-miguel-de-allende-l2515;596873;Cata De Aguardientes Mexicanos Experimenta La Esencia De La Tradicion;https://www.getyourguide.com/es-es/san-miguel-de-allende-l2515/cata-de-aguardientes-mexicanos-experimenta-la-esencia-de-la-tradicion-t596873/
México;san-miguel-de-allende-l2515;617075;Tour A Pie De La Puesta De Sol En San Miguel;https://www.getyourguide.com/es-es/san-miguel-de-allende-l2515/tour-a-pie-de-la-puesta-de-sol-en-san-miguel-t617075/
México;playa-del-carmen-l308;651609;Playa Del Carmen Vuelo Privado A Cozumel;https://www.getyourguide.com/es-es/playa-del-carmen-l308/playa-del-carmen-vuelo-privado-a-cozumel-t651609/
México;cancun-l150;697088;Juega En El Campo De Golf De Puerto Cancun Con Clubes;https://www.getyourguide.com/es-es/cancun-l150/juega-en-el-campo-de-golf-de-puerto-cancun-con-clubes-t697088/
México;guadalajara-l677;697611;Guadalajara 2 Horas De Tour A Pie Privado Por Los Lugares De Interes;https://www.getyourguide.com/es-es/guadalajara-l677/guadalajara-2-horas-de-tour-a-pie-privado-por-los-lugares-de-interes-t697611/
México;mahahual-l168421;1127166;Costa Maya Chacchoben Y Degustacion De Rodajas De Pina;https://www.getyourguide.com/es-es/mahahual-l168421/costa-maya-chacchoben-y-degustacion-de-rodajas-de-pina-t1127166/
México;naolinco-l109667;1135689;De Naolinco A Acatlan Senderismo Tradiciones Y Belleza Del Veracruz Rural;https://www.getyourguide.com/es-es/naolinco-l109667/de-naolinco-a-acatlan-senderismo-tradiciones-y-belleza-del-veracruz-rural-t1135689/
México;ciudad-de-mexico-l194;1191785;Metro La Raza Tour Museo De La Ciencia;https://www.getyourguide.com/es-es/ciudad-de-mexico-l194/metro-la-raza-tour-museo-de-la-ciencia-t1191785/
México;zihuatanejo-l392;852254;Ixtapa Zihuatanejo Recorrido Por La Laguna Escenica De Barra De Potosi;https://www.getyourguide.com/es-es/zihuatanejo-l392/ixtapa-zihuatanejo-recorrido-por-la-laguna-escenica-de-barra-de-potosi-t852254/
México;ciudad-de-mexico-l194;911992;Ciudad De Mexico Visita Guiada Al Museo Del Juguete Antiguo;https://www.getyourguide.com/es-es/ciudad-de-mexico-l194/ciudad-de-mexico-visita-guiada-al-museo-del-juguete-antiguo-t911992/
México;santa-maria-huatulco-l781;913393;Huatulco Excursion A La Playa Escondida Y Aventura De Snorkel;https://www.getyourguide.com/es-es/santa-maria-huatulco-l781/huatulco-excursion-a-la-playa-escondida-y-aventura-de-snorkel-t913393/
México;puerto-vallarta-l265;1289335;;https://www.getyourguide.com/es-es/puerto-vallarta-l265/-t1289335/
México;ciudad-de-mexico-l194;1304517;Taller De Tambor Artesanal En El Bosque Un Viaje De Regreso A Tus Raices;https://www.getyourguide.com/es-es/ciudad-de-mexico-l194/taller-de-tambor-artesanal-en-el-bosque-un-viaje-de-regreso-a-tus-raices-t1304517/
México;cancun-l150;1011523;Cancun Experiencia De Cata De Tequila Con Cocteleria;https://www.getyourguide.com/es-es/cancun-l150/cancun-experiencia-de-cata-de-tequila-con-cocteleria-t1011523/
México;san-miguel-de-allende-l2515;1081524;Desde Ciudad De Mexico Tour De Dia Completo A San Miguel De Allende;https://www.getyourguide.com/es-es/san-miguel-de-allende-l2515/desde-ciudad-de-mexico-tour-de-dia-completo-a-san-miguel-de-allende-t1081524/
México;tlalpujahua-l200077;1114557;Desde Queretaro Tlalpujahua Shopping Tour Navideno;https://www.getyourguide.com/es-es/tlalpujahua-l200077/desde-queretaro-tlalpujahua-shopping-tour-navideno-t1114557/
México;veracruz-l683;241877;Desde Veracruz Recorrido Por La Zona Arqueologica De Tajin Y Papantla;https://www.getyourguide.com/es-es/veracruz-l683/desde-veracruz-recorrido-por-la-zona-arqueologica-de-tajin-y-papantla-t241877/
México;puerto-escondido-l32155;315802;Desde Puerto Escondido Observacion De Aves En Barco;https://www.getyourguide.com/es-es/puerto-escondido-l32155/desde-puerto-escondido-observacion-de-aves-en-barco-t315802/
México;puebla-l1471;384757;Visita Privada Al Castillo De Chautla Granja De Lavanda Y Valquirico;https://www.getyourguide.com/es-es/puebla-l1471/visita-privada-al-castillo-de-chautla-granja-de-lavanda-y-valquirico-t384757/
México;frontera-corozal-l181969;395265;Desde Palenque Bonampak Y Yaxchilan;https://www.getyourguide.com/es-es/frontera-corozal-l181969/desde-palenque-bonampak-y-yaxchilan-t395265/
México;monterrey-l679;1201276;Santiago Paseo En Kayak Guiado En La Presa De La Boca;https://www.getyourguide.com/es-es/monterrey-l679/santiago-paseo-en-kayak-guiado-en-la-presa-de-la-boca-t1201276/
México;ciudad-de-mexico-l194;472250;Ciudad De Mexico Los Murales De Mexico Visita Semiprivada A Pie;https://www.getyourguide.com/es-es/ciudad-de-mexico-l194/ciudad-de-mexico-los-murales-de-mexico-visita-semiprivada-a-pie-t472250/
México;cabo-san-lucas-l306;523931;Safari De Vida Silvestre De Cabo;https://www.getyourguide.com/es-es/cabo-san-lucas-l306/safari-de-vida-silvestre-de-cabo-t523931/
México;santa-maria-huatulco-l781;538321;Huatulco Experiencia Privada De Liberacion De Tortugas;https://www.getyourguide.com/es-es/santa-maria-huatulco-l781/huatulco-experiencia-privada-de-liberacion-de-tortugas-t538321/
México;san-cristobal-de-las-casas-l2166;593997;San Cristobal Cuevas De Rancho Nuevo Y Excursion A Arcotete;https://www.getyourguide.com/es-es/san-cristobal-de-las-casas-l2166/san-cristobal-cuevas-de-rancho-nuevo-y-excursion-a-arcotete-t593997/
México;merida-l1903;548852;Tour Privado Al Amanecer En Land Rover Por Uxmal Con Desayuno Maya;https://www.getyourguide.com/es-es/merida-l1903/tour-privado-al-amanecer-en-land-rover-por-uxmal-con-desayuno-maya-t548852/
México;municipio-oaxaca-de-juarez-l681;568851;Tour Privado Mitla Hierve El Agua Y Mezcal Con Comida;https://www.getyourguide.com/es-es/municipio-oaxaca-de-juarez-l681/tour-privado-mitla-hierve-el-agua-y-mezcal-con-comida-t568851/
México;tulum-l248;624104;Tulum Experiencia De Pesca Deportiva Con Ceviche;https://www.getyourguide.com/es-es/tulum-l248/tulum-experiencia-de-pesca-deportiva-con-ceviche-t624104/
México;puerto-vallarta-l265;629363;Puerto Vallarta Traslado Del Aeropuerto A Bucerias Y Punta Mita;https://www.getyourguide.com/es-es/puerto-vallarta-l265/puerto-vallarta-traslado-del-aeropuerto-a-bucerias-y-punta-mita-t629363/
México;zacatecas-l144180;608196;Zacatecas Excursion Plateros Milagroso;https://www.getyourguide.com/es-es/zacatecas-l144180/zacatecas-excursion-plateros-milagroso-t608196/
México;la-paz-mexico-l2930;658724;La Paz Excursion Con Leones Marinos Y Mega Paddleboard En Balandra;https://www.getyourguide.com/es-es/la-paz-mexico-l2930/la-paz-excursion-con-leones-marinos-y-mega-paddleboard-en-balandra-t658724/
México;cancun-l150;672857;Traslado Aeropuerto De Cancun A Playa Del Carmen;https://www.getyourguide.com/es-es/cancun-l150/traslado-aeropuerto-de-cancun-a-playa-del-carmen-t672857/
México;zihuatanejo-l1474;678505;Ixtapa Tour En Barco Por Las 7 Islas;https://www.getyourguide.com/es-es/zihuatanejo-l1474/ixtapa-tour-en-barco-por-las-7-islas-t678505/
México;municipio-oaxaca-de-juarez-l681;641647;Monte Alban Y Atzompa Paseo En Bicicleta De Montana Por Los Senderos Locales;https://www.getyourguide.com/es-es/municipio-oaxaca-de-juarez-l681/monte-alban-y-atzompa-paseo-en-bicicleta-de-montana-por-los-senderos-locales-t641647/
México;san-cristobal-de-las-casas-l2166;703353;San Cristobal Excursion De 3 Dias A Las Guacamayas Y Las Nubes;https://www.getyourguide.com/es-es/san-cristobal-de-las-casas-l2166/san-cristobal-excursion-de-3-dias-a-las-guacamayas-y-las-nubes-t703353/
México;cancun-l150;678827;Cancun Inmersiones En Pecios Y Arrecifes;https://www.getyourguide.com/es-es/cancun-l150/cancun-inmersiones-en-pecios-y-arrecifes-t678827/
México;ensenada-l545;756301;Ensenada Excursion De Aventura En Quad Y Tirolina;https://www.getyourguide.com/es-es/ensenada-l545/ensenada-excursion-de-aventura-en-quad-y-tirolina-t756301/
México;tequisquiapan-l176257;723391;Tequisquiapan Aventura En Utv Al Lago Grulla Con Guia;https://www.getyourguide.com/es-es/tequisquiapan-l176257/tequisquiapan-aventura-en-utv-al-lago-grulla-con-guia-t723391/
México;la-paz-mexico-l2930;734401;La Paz Traslado Al Aeropuerto Premium;https://www.getyourguide.com/es-es/la-paz-mexico-l2930/la-paz-traslado-al-aeropuerto-premium-t734401/
México;mazatlan-l808;786870;Mazatlan Casco Antiguo Y Zona Dorada;https://www.getyourguide.com/es-es/mazatlan-l808/mazatlan-casco-antiguo-y-zona-dorada-t786870/
México;rincon-de-guayabitos-l212934;787828;Renta Yet Sky Moto Acuatica Guayabitos;https://www.getyourguide.com/es-es/rincon-de-guayabitos-l212934/renta-yet-sky-moto-acuatica-guayabitos-t787828/
México;guadalajara-l677;759870;Guadalajara Visita Gastronomica Y Arquitectonica Privada;https://www.getyourguide.com/es-es/guadalajara-l677/guadalajara-visita-gastronomica-y-arquitectonica-privada-t759870/
México;holbox-l189767;815153;Desde Holbox Sunsea Sunset Kayak;https://www.getyourguide.com/es-es/holbox-l189767/desde-holbox-sunsea-sunset-kayak-t815153/
México;playa-del-carmen-l308;767398;Desde Chiquila Traslado Compartido De Ida A Playa Del Carmen;https://www.getyourguide.com/es-es/playa-del-carmen-l308/desde-chiquila-traslado-compartido-de-ida-a-playa-del-carmen-t767398/
México;puerto-morelos-l112372;799255;Puerto Morelos Actividad Guiada De Snorkel;https://www.getyourguide.com/es-es/puerto-morelos-l112372/puerto-morelos-actividad-guiada-de-snorkel-t799255/
México;cancun-l150;878319;Transporte Privado Aeropuerto De Cancun Hacia Cancun Zona Hoteleracentro;https://www.getyourguide.com/es-es/cancun-l150/transporte-privado-aeropuerto-de-cancun-hacia-cancun-zona-hoteleracentro-t878319/
México;cancun-l150;947527;4 Horas De Comida Yucateca En Cancun Come Y Bebe Mientras Cocinas;https://www.getyourguide.com/es-es/cancun-l150/4-horas-de-comida-yucateca-en-cancun-come-y-bebe-mientras-cocinas-t947527/
México;ciudad-de-mexico-l194;959129;Desde Cdmx Sobrevuela Teotihuacan En Globo;https://www.getyourguide.com/es-es/ciudad-de-mexico-l194/desde-cdmx-sobrevuela-teotihuacan-en-globo-t959129/
México;sayulita-l32371;930526;Sayulita Degustacion De Tequila;https://www.getyourguide.com/es-es/sayulita-l32371/sayulita-degustacion-de-tequila-t930526/
México;playa-del-carmen-l308;978511;Desde Playa Del Carmen Parque Xel Ha Todo Incluido;https://www.getyourguide.com/es-es/playa-del-carmen-l308/desde-playa-del-carmen-parque-xel-ha-todo-incluido-t978511/
México;manzanillo-l1473;979554;Tour Por La Ciudad De Manzanillo Los Mejores Atractivos Turisticos;https://www.getyourguide.com/es-es/manzanillo-l1473/tour-por-la-ciudad-de-manzanillo-los-mejores-atractivos-turisticos-t979554/
México;tecoh-l149739;1069394;Visita Guiada In Situ A Chichen Itza Con Un Experto Local Certificado;https://www.getyourguide.com/es-es/tecoh-l149739/visita-guiada-in-situ-a-chichen-itza-con-un-experto-local-certificado-t1069394/
México;ciudad-de-mexico-l194;1054568;Ciudad De Mexico Clase De Yoga En El Parque Chapultepec Con Bano De Sonido;https://www.getyourguide.com/es-es/ciudad-de-mexico-l194/ciudad-de-mexico-clase-de-yoga-en-el-parque-chapultepec-con-bano-de-sonido-t1054568/
México;tulum-l248;1093344;Tulum Haz Esnorquel En Los Cenotes Y Rios Subterraneos;https://www.getyourguide.com/es-es/tulum-l248/tulum-haz-esnorquel-en-los-cenotes-y-rios-subterraneos-t1093344/
México;merida-l1903;1135059;Visita Bacalar Un Dia Entero Con Barco Desde Merida;https://www.getyourguide.com/es-es/merida-l1903/visita-bacalar-un-dia-entero-con-barco-desde-merida-t1135059/
México;crucecita-l166888;1178799;Pinta Tu Alebrije En Huatulco;https://www.getyourguide.com/es-es/crucecita-l166888/pinta-tu-alebrije-en-huatulco-t1178799/
México;monterrey-l679;1160143;Senderismo Y Visita A Una Cascada Dentro De La Ciudad La Estanzuela;https://www.getyourguide.com/es-es/monterrey-l679/senderismo-y-visita-a-una-cascada-dentro-de-la-ciudad-la-estanzuela-t1160143/
México;la-paz-mexico-l2930;1188876;Excursion De 1 Dia Tiburones Ballena La Paz Y Todos Santos;https://www.getyourguide.com/es-es/la-paz-mexico-l2930/excursion-de-1-dia-tiburones-ballena-la-paz-y-todos-santos-t1188876/
México;tulum-l248;1268257;Desde Tulum Tour De Cenotes Con Ceremonia Maya Y Almuerzo Tipo Buffet;https://www.getyourguide.com/es-es/tulum-l248/desde-tulum-tour-de-cenotes-con-ceremonia-maya-y-almuerzo-tipo-buffet-t1268257/
México;ocosingo-l192445;1270679;Palenque Yaxchilan Y Bonampak Con Paseo En Lancha Y Comidas;https://www.getyourguide.com/es-es/ocosingo-l192445/palenque-yaxchilan-y-bonampak-con-paseo-en-lancha-y-comidas-t1270679/
México;ciudad-de-mexico-l194;1302465;Cdmx Libreria Central Tour Con Profesor De La Unam;https://www.getyourguide.com/es-es/ciudad-de-mexico-l194/cdmx-libreria-central-tour-con-profesor-de-la-unam-t1302465/
México;ciudad-de-mexico-l194;1284994;Castillo De Chapultepec Y Museo De Antropologia Con Guia Experto;https://www.getyourguide.com/es-es/ciudad-de-mexico-l194/castillo-de-chapultepec-y-museo-de-antropologia-con-guia-experto-t1284994/
México;izamal-l103674;1326407;Excursion De 1 Dia A Ek Balam Izamal Y Un Cenote;https://www.getyourguide.com/es-es/izamal-l103674/excursion-de-1-dia-a-ek-balam-izamal-y-un-cenote-t1326407/
México;municipio-tuxtla-gutierrez-l2527;115635;Desde Apto Tuxtla Canon Chiapa Y Traslado A San Cris;https://www.getyourguide.com/es-es/municipio-tuxtla-gutierrez-l2527/desde-apto-tuxtla-canon-chiapa-y-traslado-a-san-cris-t115635/
México;ciudad-de-mexico-l194;220743;Ciudad De Mexico Tour Gastronomico Por El Centro Historico Con 7 Degustaciones Y Plato Secreto;https://www.getyourguide.com/es-es/ciudad-de-mexico-l194/ciudad-de-mexico-tour-gastronomico-por-el-centro-historico-con-7-degustaciones-y-plato-secreto-t220743/
México;puebla-l1471;291370;Desde Puebla Senderismo En El Iztaccihuatl Todo Incluido;https://www.getyourguide.com/es-es/puebla-l1471/desde-puebla-senderismo-en-el-iztaccihuatl-todo-incluido-t291370/
México;mazatlan-l808;323438;Combo De Cabalgata Y Temazcal Con Comida Y Mezcal;https://www.getyourguide.com/es-es/mazatlan-l808/combo-de-cabalgata-y-temazcal-con-comida-y-mezcal-t323438/
México;ciudad-de-mexico-l194;386428;Ciudad De Mexico Clase De Cocina De Tacos Callejeros Y Recorrido Por El Mercado;https://www.getyourguide.com/es-es/ciudad-de-mexico-l194/ciudad-de-mexico-clase-de-cocina-de-tacos-callejeros-y-recorrido-por-el-mercado-t386428/
México;san-pedro-cholula-l180643;434836;Desde Puebla Cholula Y Atlixco Pueblos Magicos De Puebla;https://www.getyourguide.com/es-es/san-pedro-cholula-l180643/desde-puebla-cholula-y-atlixco-pueblos-magicos-de-puebla-t434836/
México;bacalar-l95624;443254;Tour Privado De 3 Horas En Catamaran Hobie Rapido Divertido Y Lleno De Salpicaduras;https://www.getyourguide.com/es-es/bacalar-l95624/tour-privado-de-3-horas-en-catamaran-hobie-rapido-divertido-y-lleno-de-salpicaduras-t443254/
México;puerto-vallarta-l265;461400;Puerto Vallarta Crucero Al Atardecer Con Aperitivos Y Barra Libre;https://www.getyourguide.com/es-es/puerto-vallarta-l265/puerto-vallarta-crucero-al-atardecer-con-aperitivos-y-barra-libre-t461400/
México;crucecita-l166888;461773;Descubre Huatulco Playa Sabores Y Mas;https://www.getyourguide.com/es-es/crucecita-l166888/descubre-huatulco-playa-sabores-y-mas-t461773/
México;valle-de-bravo-l95795;511471;Valle De Bravo Aventura De Senderismo Por El Bosque;https://www.getyourguide.com/es-es/valle-de-bravo-l95795/valle-de-bravo-aventura-de-senderismo-por-el-bosque-t511471/
México;la-cruz-de-huanacaxtle-l94044;469316;Avistamiento De Ballenas Actividades Acuaticas Experiencia Todo Incluido;https://www.getyourguide.com/es-es/la-cruz-de-huanacaxtle-l94044/avistamiento-de-ballenas-actividades-acuaticas-experiencia-todo-incluido-t469316/
México;ciudad-de-mexico-l194;524001;Ciudad De Mexico 19 Recorridos En Bicicleta Por Lo Mas Destacado De La Ciudad;https://www.getyourguide.com/es-es/ciudad-de-mexico-l194/ciudad-de-mexico-19-recorridos-en-bicicleta-por-lo-mas-destacado-de-la-ciudad-t524001/
México;santa-maria-huatulco-l781;507530;Desde Huatulco Excursion En Quad Por La Selva Y El Rio;https://www.getyourguide.com/es-es/santa-maria-huatulco-l781/desde-huatulco-excursion-en-quad-por-la-selva-y-el-rio-t507530/
México;tijuana-l546;545091;Desde Tijuana Tour De La Ciudad De Ensenada Y Langosta;https://www.getyourguide.com/es-es/tijuana-l546/desde-tijuana-tour-de-la-ciudad-de-ensenada-y-langosta-t545091/
México;cabo-san-lucas-l306;550688;Viaje Por La Bahia Y El Arco De Cabo San Lucas;https://www.getyourguide.com/es-es/cabo-san-lucas-l306/viaje-por-la-bahia-y-el-arco-de-cabo-san-lucas-t550688/
México;cancun-l150;533597;Cancun Traslado Al Aeropuerto Desdehacia El Centro En Autobus;https://www.getyourguide.com/es-es/cancun-l150/cancun-traslado-al-aeropuerto-desdehacia-el-centro-en-autobus-t533597/
México;san-miguel-de-allende-l2515;563151;Tour A Pie Historico Y Cultural De San Miguel De Allende;https://www.getyourguide.com/es-es/san-miguel-de-allende-l2515/tour-a-pie-historico-y-cultural-de-san-miguel-de-allende-t563151/
México;puerto-escondido-l32155;645445;Avistamiento De Delfines Y Ballenas En Puerto Escondido;https://www.getyourguide.com/es-es/puerto-escondido-l32155/avistamiento-de-delfines-y-ballenas-en-puerto-escondido-t645445/
México;cancun-l150;679127;Desde Cancun Experiencia De Buceo En Cozumel En Barco Rapido;https://www.getyourguide.com/es-es/cancun-l150/desde-cancun-experiencia-de-buceo-en-cozumel-en-barco-rapido-t679127/
México;puerto-escondido-l32155;661138;Puerto Experiencia De Pesca Marlin Pez Vela Atun O Dorado;https://www.getyourguide.com/es-es/puerto-escondido-l32155/puerto-experiencia-de-pesca-marlin-pez-vela-atun-o-dorado-t661138/
México;bacalar-l95624;710956;Bacalar Cenotes Renta De Kayak Por 3 Horas Con Equipo De Snorkel;https://www.getyourguide.com/es-es/bacalar-l95624/bacalar-cenotes-renta-de-kayak-por-3-horas-con-equipo-de-snorkel-t710956/
México;tulum-l248;737348;Tulum Excursion De Snorkel En El Arrecife;https://www.getyourguide.com/es-es/tulum-l248/tulum-excursion-de-snorkel-en-el-arrecife-t737348/
México;puerto-vallarta-l265;754487;Puerto Vallarta Tour Al Paraiso De Marietas Almuerzo Y Barra Libre;https://www.getyourguide.com/es-es/puerto-vallarta-l265/puerto-vallarta-tour-al-paraiso-de-marietas-almuerzo-y-barra-libre-t754487/
México;progreso-l95507;753252;Cozumel Tour Privado Al Atardecer;https://www.getyourguide.com/es-es/progreso-l95507/cozumel-tour-privado-al-atardecer-t753252/
México;valladolid-mexico-l101556;799337;Valladolid Chichen Itza And 2 Cenotes Shared Day Trip;https://www.getyourguide.com/es-es/valladolid-mexico-l101556/valladolid-chichen-itza-and-2-cenotes-shared-day-trip-t799337/
México;ciudad-de-mexico-l194;802185;Mexico Fiesta En Barco En Xochimilco Con Chupitos De Tequila;https://www.getyourguide.com/es-es/ciudad-de-mexico-l194/mexico-fiesta-en-barco-en-xochimilco-con-chupitos-de-tequila-t802185/
México;cabo-san-lucas-l306;826233;Los Cabos Conoce El Arco En El Iconico Tour En Lancha Transparente;https://www.getyourguide.com/es-es/cabo-san-lucas-l306/los-cabos-conoce-el-arco-en-el-iconico-tour-en-lancha-transparente-t826233/
México;cancun-l150;870416;Traslado Privado Del Aeropuerto Cun Al Krystal Grand Cancun;https://www.getyourguide.com/es-es/cancun-l150/traslado-privado-del-aeropuerto-cun-al-krystal-grand-cancun-t870416/
México;cancun-l150;881970;Traslado Privado La Amada Residences Luxury Al Aeropuerto Cun;https://www.getyourguide.com/es-es/cancun-l150/traslado-privado-la-amada-residences-luxury-al-aeropuerto-cun-t881970/
México;san-miguel-de-allende-l2515;1077879;San Miguel De Allende Tour En Cuatrimoto Por El Centro Historico;https://www.getyourguide.com/es-es/san-miguel-de-allende-l2515/san-miguel-de-allende-tour-en-cuatrimoto-por-el-centro-historico-t1077879/
México;las-coloradas-l168323;1079191;Rio Lagartos Las Coloradas Cocodrilos Flamencos Y Agua Rosa;https://www.getyourguide.com/es-es/las-coloradas-l168323/rio-lagartos-las-coloradas-cocodrilos-flamencos-y-agua-rosa-t1079191/
México;ciudad-de-mexico-l194;1094995;Ciudad De Mexico Excursion De Un Dia A Tula Tlatelolco Y Tenayuca;https://www.getyourguide.com/es-es/ciudad-de-mexico-l194/ciudad-de-mexico-excursion-de-un-dia-a-tula-tlatelolco-y-tenayuca-t1094995/
México;cabo-san-lucas-l306;1102426;Los Cabos Moldeando Y Degustando Tour Alfareria Y Degustacion De Tequila;https://www.getyourguide.com/es-es/cabo-san-lucas-l306/los-cabos-moldeando-y-degustando-tour-alfareria-y-degustacion-de-tequila-t1102426/
México;ciudad-de-mexico-l194;1141089;Experiencia Gastronomica En El Centro Historico De Ciudad De Mexico;https://www.getyourguide.com/es-es/ciudad-de-mexico-l194/experiencia-gastronomica-en-el-centro-historico-de-ciudad-de-mexico-t1141089/
México;merida-l1903;1147611;La Mejor Experiencia De Baile Latino En Merida Con Bebida De Bienvenida;https://www.getyourguide.com/es-es/merida-l1903/la-mejor-experiencia-de-baile-latino-en-merida-con-bebida-de-bienvenida-t1147611/
México;ciudad-de-mexico-l194;1179521;Ciudad De Mexico Experiencia Vr En Grupo Para 4 Personas;https://www.getyourguide.com/es-es/ciudad-de-mexico-l194/ciudad-de-mexico-experiencia-vr-en-grupo-para-4-personas-t1179521/
México;ciudad-de-mexico-l194;1211400;Ciudad De Mexico Excursion De 1 Dia A La Piramide De Tepozteco Y Un Pueblo Magico;https://www.getyourguide.com/es-es/ciudad-de-mexico-l194/ciudad-de-mexico-excursion-de-1-dia-a-la-piramide-de-tepozteco-y-un-pueblo-magico-t1211400/
México;monterrey-l679;1300316;Chipitin 7 Rapeles Barranquismo A Traves De Una Cascada De 100 Metros;https://www.getyourguide.com/es-es/monterrey-l679/chipitin-7-rapeles-barranquismo-a-traves-de-una-cascada-de-100-metros-t1300316/
México;cabo-san-lucas-l306;1309377;Los Cabos Paseo En Al Arco Privado De Lujo;https://www.getyourguide.com/es-es/cabo-san-lucas-l306/los-cabos-paseo-en-al-arco-privado-de-lujo-t1309377/
México;municipio-oaxaca-de-juarez-l681;278307;Oaxaca Visita Arqueologica Guiada A Monte Alban;https://www.getyourguide.com/es-es/municipio-oaxaca-de-juarez-l681/oaxaca-visita-arqueologica-guiada-a-monte-alban-t278307/
México;puerto-vallarta-l265;118957;Recorrido En Tirolina Por Nogalito;https://www.getyourguide.com/es-es/puerto-vallarta-l265/recorrido-en-tirolina-por-nogalito-t118957/
México;ciudad-de-mexico-l194;178185;Ciudad De Mexico Art Naco Murales Y Arte Urbano En Bicicleta;https://www.getyourguide.com/es-es/ciudad-de-mexico-l194/ciudad-de-mexico-art-naco-murales-y-arte-urbano-en-bicicleta-t178185/
México;queretaro-l1170;417064;Queretaro City Tour En Un Vehiculo Ford T Clasico;https://www.getyourguide.com/es-es/queretaro-l1170/queretaro-city-tour-en-un-vehiculo-ford-t-clasico-t417064/
México;cancun-l150;362455;Cancun Inmersion En Pecio Y Arrecife;https://www.getyourguide.com/es-es/cancun-l150/cancun-inmersion-en-pecio-y-arrecife-t362455/
México;puebla-l1471;429468;Puebla Tour De La Cerveza Artesanal De Cholula En Tranvia;https://www.getyourguide.com/es-es/puebla-l1471/puebla-tour-de-la-cerveza-artesanal-de-cholula-en-tranvia-t429468/
México;cabo-san-lucas-l306;398868;Los Cabos Cena Crucero Al Atardecer Con Transporte;https://www.getyourguide.com/es-es/cabo-san-lucas-l306/los-cabos-cena-crucero-al-atardecer-con-transporte-t398868/
México;guadalajara-l677;404195;Desde Guadalajara Tour Por La Ciudad De Tequila Y Cantarito;https://www.getyourguide.com/es-es/guadalajara-l677/desde-guadalajara-tour-por-la-ciudad-de-tequila-y-cantarito-t404195/
México;ciudad-de-guanajuato-l2514;462890;Tour Privado A La Tequilera Corralejo Y La Zona De Las Piramides;https://www.getyourguide.com/es-es/ciudad-de-guanajuato-l2514/tour-privado-a-la-tequilera-corralejo-y-la-zona-de-las-piramides-t462890/
México;ciudad-de-mexico-l194;463402;Desde Cdmx Parque Natural De Las Estacas;https://www.getyourguide.com/es-es/ciudad-de-mexico-l194/desde-cdmx-parque-natural-de-las-estacas-t463402/
México;playa-del-carmen-l308;550104;Playa Del Carmen Excursion Con El Tiburon Ballena;https://www.getyourguide.com/es-es/playa-del-carmen-l308/playa-del-carmen-excursion-con-el-tiburon-ballena-t550104/
México;valle-de-bravo-l95795;468576;Valle De Bravo Rappel Sobre Un Mirador;https://www.getyourguide.com/es-es/valle-de-bravo-l95795/valle-de-bravo-rappel-sobre-un-mirador-t468576/
México;queretaro-l1170;599890;Aeropuerto De Queretaro A San Miguel Allende Gto;https://www.getyourguide.com/es-es/queretaro-l1170/aeropuerto-de-queretaro-a-san-miguel-allende-gto-t599890/
México;aquismon-l199590;663907;Aventura Acuatica Cascada De Tamul Y Cenote Cueva Del Agua;https://www.getyourguide.com/es-es/aquismon-l199590/aventura-acuatica-cascada-de-tamul-y-cenote-cueva-del-agua-t663907/
México;hermosillo-l157195;611271;Isla Tiburon Recorrido Por La Isla Mas Grande De Mexico;https://www.getyourguide.com/es-es/hermosillo-l157195/isla-tiburon-recorrido-por-la-isla-mas-grande-de-mexico-t611271/
México;ciudad-de-mexico-l194;712431;Ciudad De Mexico Experiencia De Masaje Relajante O Descontracturante;https://www.getyourguide.com/es-es/ciudad-de-mexico-l194/ciudad-de-mexico-experiencia-de-masaje-relajante-o-descontracturante-t712431/
México;cabo-san-lucas-l306;719251;Cabo San Lucas Paintball Para 2 Personas;https://www.getyourguide.com/es-es/cabo-san-lucas-l306/cabo-san-lucas-paintball-para-2-personas-t719251/
México;bacalar-l95624;724539;Bacalar Visita Guiada Al Fuerte San Felipe Con Vistas A La Laguna;https://www.getyourguide.com/es-es/bacalar-l95624/bacalar-visita-guiada-al-fuerte-san-felipe-con-vistas-a-la-laguna-t724539/
México;ciudad-de-guanajuato-l2514;725943;Guanajuato Visita Guiada Privada De Cultura E Historia Excursion De Un Dia;https://www.getyourguide.com/es-es/ciudad-de-guanajuato-l2514/guanajuato-visita-guiada-privada-de-cultura-e-historia-excursion-de-un-dia-t725943/
México;merida-l1903;727262;Merida El Recorrido En E Bike Con Historia Y Cultura;https://www.getyourguide.com/es-es/merida-l1903/merida-el-recorrido-en-e-bike-con-historia-y-cultura-t727262/
México;cancun-l150;671670;Visita Guiada Compras Y Degustacion En Cancun;https://www.getyourguide.com/es-es/cancun-l150/visita-guiada-compras-y-degustacion-en-cancun-t671670/
México;san-miguel-de-cozumel-l141611;792857;Desde Cozumel Buceo En Chankanaab Cozumel;https://www.getyourguide.com/es-es/san-miguel-de-cozumel-l141611/desde-cozumel-buceo-en-chankanaab-cozumel-t792857/
México;puerto-vallarta-l265;694803;Puerto Vallarta Experiencia Taco Tour;https://www.getyourguide.com/es-es/puerto-vallarta-l265/puerto-vallarta-experiencia-taco-tour-t694803/
México;cabo-san-lucas-l306;734349;Los Cabos Traslados Al Aeropuerto Premium;https://www.getyourguide.com/es-es/cabo-san-lucas-l306/los-cabos-traslados-al-aeropuerto-premium-t734349/
México;holbox-l189767;871649;Explora Isla Holbox Vip 4 Puntos Guacamole;https://www.getyourguide.com/es-es/holbox-l189767/explora-isla-holbox-vip-4-puntos-guacamole-t871649/
México;cancun-l150;845463;Traslado Privado De Cun A Crown Paradise Club Cancun;https://www.getyourguide.com/es-es/cancun-l150/traslado-privado-de-cun-a-crown-paradise-club-cancun-t845463/
México;ciudad-de-mexico-l194;933533;Cdmx Fiesta En Trajinera Por Xochimilco Con Snacks Musica Y Bebidas;https://www.getyourguide.com/es-es/ciudad-de-mexico-l194/cdmx-fiesta-en-trajinera-por-xochimilco-con-snacks-musica-y-bebidas-t933533/
México;puerto-vallarta-l265;847466;Puerto Vallarta Crucero En Catamaran Con Snorkel Y Comida;https://www.getyourguide.com/es-es/puerto-vallarta-l265/puerto-vallarta-crucero-en-catamaran-con-snorkel-y-comida-t847466/
México;ciudad-de-mexico-l194;900597;Ciudad De Mexico Historia De Los Judios Visita Guiada Privada A Pie;https://www.getyourguide.com/es-es/ciudad-de-mexico-l194/ciudad-de-mexico-historia-de-los-judios-visita-guiada-privada-a-pie-t900597/
México;abala-l216546;1053667;Desde Merida Descubre Los Cenotes Mayas Y El Espiritu Del Agua;https://www.getyourguide.com/es-es/abala-l216546/desde-merida-descubre-los-cenotes-mayas-y-el-espiritu-del-agua-t1053667/
México;amealco-l193392;1106200;Amealco Ruta De Las Munecas Lele;https://www.getyourguide.com/es-es/amealco-l193392/amealco-ruta-de-las-munecas-lele-t1106200/
México;ciudad-de-mexico-l194;1124720;Cdmx Entrada Al Museo Frida Kahlo Y Al Museo Anahuacalli;https://www.getyourguide.com/es-es/ciudad-de-mexico-l194/cdmx-entrada-al-museo-frida-kahlo-y-al-museo-anahuacalli-t1124720/
México;playa-del-carmen-l308;1173885;Desde Playa Del Carmen Catamaran Con Bebidas Snorkel Y Almuerzo Opcional;https://www.getyourguide.com/es-es/playa-del-carmen-l308/desde-playa-del-carmen-catamaran-con-bebidas-snorkel-y-almuerzo-opcional-t1173885/
México;cancun-l150;1156642;Sesion De Fotos Privada Con Un Fotografo En Cancun;https://www.getyourguide.com/es-es/cancun-l150/sesion-de-fotos-privada-con-un-fotografo-en-cancun-t1156642/
México;ciudad-de-mexico-l194;1194817;Tepito Desde Dentro Tianguis Comida Callejera Y Vida Cotidiana;https://www.getyourguide.com/es-es/ciudad-de-mexico-l194/tepito-desde-dentro-tianguis-comida-callejera-y-vida-cotidiana-t1194817/
México;akumal-l2807;1245364;Riviera Maya Encuentro Con Tortugas En Akumal Fotos;https://www.getyourguide.com/es-es/akumal-l2807/riviera-maya-encuentro-con-tortugas-en-akumal-fotos-t1245364/
México;ciudad-de-mexico-l194;1226017;Ciudad De Mexico Tour Exclusivo Al Museo Leon Trotsky;https://www.getyourguide.com/es-es/ciudad-de-mexico-l194/ciudad-de-mexico-tour-exclusivo-al-museo-leon-trotsky-t1226017/
México;puebla-l1471;1232265;Recorrido Privado A Pie Por La Ciudad De Puebla;https://www.getyourguide.com/es-es/puebla-l1471/recorrido-privado-a-pie-por-la-ciudad-de-puebla-t1232265/
México;tulum-l248;1256205;Tulum Aventura Por 4 Cenotes Sagrados Rapel Y Ceremonia Maya;https://www.getyourguide.com/es-es/tulum-l248/tulum-aventura-por-4-cenotes-sagrados-rapel-y-ceremonia-maya-t1256205/
México;akumal-l2807;1267467;Akumal Paseo Por Una Cueva De 5 000 Anos Y Bano En Un Cenote Sagrado;https://www.getyourguide.com/es-es/akumal-l2807/akumal-paseo-por-una-cueva-de-5-000-anos-y-bano-en-un-cenote-sagrado-t1267467/
México;ciudad-de-mexico-l194;1323937;Cdmx Tour Casa Museo Leon Trotsky En Coyoacan Con Profesor;https://www.getyourguide.com/es-es/ciudad-de-mexico-l194/cdmx-tour-casa-museo-leon-trotsky-en-coyoacan-con-profesor-t1323937/
México;loreto-mexico-l1655;278097;Desde Loreto Excursion A Caballo Por El Desierto De Baja California;https://www.getyourguide.com/es-es/loreto-mexico-l1655/desde-loreto-excursion-a-caballo-por-el-desierto-de-baja-california-t278097/
México;sayulita-l32371;430193;Clase De Surf En La Playa De Sayulita;https://www.getyourguide.com/es-es/sayulita-l32371/clase-de-surf-en-la-playa-de-sayulita-t430193/
México;cancun-l150;443936;Fiesta En Catamaran A Isla Mujeres Con Snorkel Buffet Y Bar;https://www.getyourguide.com/es-es/cancun-l150/fiesta-en-catamaran-a-isla-mujeres-con-snorkel-buffet-y-bar-t443936/
México;valle-de-bravo-l95795;455011;Valle De Bravo Esqui;https://www.getyourguide.com/es-es/valle-de-bravo-l95795/valle-de-bravo-esqui-t455011/
México;municipio-de-morelia-l103020;455141;Morelia Recorrido Por El Centro De La Ciudad;https://www.getyourguide.com/es-es/municipio-de-morelia-l103020/morelia-recorrido-por-el-centro-de-la-ciudad-t455141/
México;la-cruz-de-huanacaxtle-l94044;461417;Tour En Barco A Las Islas Marietas Snorkel Kayak Playa Nopalera;https://www.getyourguide.com/es-es/la-cruz-de-huanacaxtle-l94044/tour-en-barco-a-las-islas-marietas-snorkel-kayak-playa-nopalera-t461417/
México;ensenada-l545;483073;Degustacion De 5 Vinos Con Visita Guiada En La Bodega Valle De Guadalupe;https://www.getyourguide.com/es-es/ensenada-l545/degustacion-de-5-vinos-con-visita-guiada-en-la-bodega-valle-de-guadalupe-t483073/
México;mahahual-l168421;528659;Mahahual Laguna De Siete Colores De Bacalar Y Experiencia Maya;https://www.getyourguide.com/es-es/mahahual-l168421/mahahual-laguna-de-siete-colores-de-bacalar-y-experiencia-maya-t528659/
México;bacalar-l95624;495932;Paseo En Velero Por La Laguna De Los Siete Colores En Bacalar;https://www.getyourguide.com/es-es/bacalar-l95624/paseo-en-velero-por-la-laguna-de-los-siete-colores-en-bacalar-t495932/
México;tulum-l248;592778;Excursion De Un Dia Playa Privada En Tulum;https://www.getyourguide.com/es-es/tulum-l248/excursion-de-un-dia-playa-privada-en-tulum-t592778/
México;la-paz-mexico-l2930;630561;La Paz Excursion De Un Dia A Las Playas De Balandra Y Tecolote Con Comida;https://www.getyourguide.com/es-es/la-paz-mexico-l2930/la-paz-excursion-de-un-dia-a-las-playas-de-balandra-y-tecolote-con-comida-t630561/
México;ciudad-de-mexico-l194;606652;Paseo Cultural Centro Historico Y Lugares Destacados De Ciudad De Mexico;https://www.getyourguide.com/es-es/ciudad-de-mexico-l194/paseo-cultural-centro-historico-y-lugares-destacados-de-ciudad-de-mexico-t606652/
México;ciudad-valles-l157201;659077;Cascadas De Micos Y El Aguacate Tour En La Naturaleza;https://www.getyourguide.com/es-es/ciudad-valles-l157201/cascadas-de-micos-y-el-aguacate-tour-en-la-naturaleza-t659077/
México;monterrey-l679;665913;Monterrey Disfruta De Un Refrescante Bano Cruzando El Cerro Agujerado;https://www.getyourguide.com/es-es/monterrey-l679/monterrey-disfruta-de-un-refrescante-bano-cruzando-el-cerro-agujerado-t665913/
México;ciudad-de-mexico-l194;670249;Mexico El Mejor Tour De Comida Callejera Con Un Guia Local;https://www.getyourguide.com/es-es/ciudad-de-mexico-l194/mexico-el-mejor-tour-de-comida-callejera-con-un-guia-local-t670249/
México;zihuatanejo-l392;658562;Zihuatanejo Paseos A Caballo En La Playa;https://www.getyourguide.com/es-es/zihuatanejo-l392/zihuatanejo-paseos-a-caballo-en-la-playa-t658562/
México;municipio-oaxaca-de-juarez-l681;725559;Tierras Altas De Juarez Experiencia Ecoturistica Y Taller;https://www.getyourguide.com/es-es/municipio-oaxaca-de-juarez-l681/tierras-altas-de-juarez-experiencia-ecoturistica-y-taller-t725559/
México;santa-maria-huatulco-l781;730212;Huatulco Tour De La Ciudad Por Los Miradores Panoramicos Y Los Sectores;https://www.getyourguide.com/es-es/santa-maria-huatulco-l781/huatulco-tour-de-la-ciudad-por-los-miradores-panoramicos-y-los-sectores-t730212/
México;san-cristobal-de-las-casas-l2166;690398;Chiapas Aventura De Barranquismo En La Cueva Del Chorreadero;https://www.getyourguide.com/es-es/san-cristobal-de-las-casas-l2166/chiapas-aventura-de-barranquismo-en-la-cueva-del-chorreadero-t690398/
México;puerto-vallarta-l265;746511;Puerto Vallarta Tour A Pie Al Mirador De Cristal Jorullo;https://www.getyourguide.com/es-es/puerto-vallarta-l265/puerto-vallarta-tour-a-pie-al-mirador-de-cristal-jorullo-t746511/
México;san-miguel-de-allende-l2515;757257;San Miguel De Allende Menu De 3 O 5 Platos Y Maridaje De Vinos;https://www.getyourguide.com/es-es/san-miguel-de-allende-l2515/san-miguel-de-allende-menu-de-3-o-5-platos-y-maridaje-de-vinos-t757257/
México;mazatlan-l808;747774;Mazatlan Tirolesa En Huanacoa Tour Del Tequila Y Degustacion;https://www.getyourguide.com/es-es/mazatlan-l808/mazatlan-tirolesa-en-huanacoa-tour-del-tequila-y-degustacion-t747774/
México;puerto-escondido-l32155;811875;Baby Sea Turtles Release In Puerto Escondido;https://www.getyourguide.com/es-es/puerto-escondido-l32155/baby-sea-turtles-release-in-puerto-escondido-t811875/
México;acapulco-de-juarez-l307;768868;Acapulco Excursion Al Yacimiento Arqueologico;https://www.getyourguide.com/es-es/acapulco-de-juarez-l307/acapulco-excursion-al-yacimiento-arqueologico-t768868/
México;puerto-vallarta-l265;793364;Puerto Vallarta Catamaran A Arcos Colomitos Y Animas;https://www.getyourguide.com/es-es/puerto-vallarta-l265/puerto-vallarta-catamaran-a-arcos-colomitos-y-animas-t793364/
México;cancun-l150;805435;Cancun Traslado Privado Del Aeropuerto De Cun A La Ciudad De Cancun;https://www.getyourguide.com/es-es/cancun-l150/cancun-traslado-privado-del-aeropuerto-de-cun-a-la-ciudad-de-cancun-t805435/
México;ciudad-de-mexico-l194;856763;Tour Guiado A Pie Por El Centro Historico De La Ciudad De Mexico;https://www.getyourguide.com/es-es/ciudad-de-mexico-l194/tour-guiado-a-pie-por-el-centro-historico-de-la-ciudad-de-mexico-t856763/
México;cancun-l150;836925;Transporte Privado Del Aeropuerto Cun A Secrets Riviera Cancun;https://www.getyourguide.com/es-es/cancun-l150/transporte-privado-del-aeropuerto-cun-a-secrets-riviera-cancun-t836925/
México;puerto-vallarta-l265;839971;Puerto Vallarta El Jardin Botanico De Vallarta Por Mar O Tierra;https://www.getyourguide.com/es-es/puerto-vallarta-l265/puerto-vallarta-el-jardin-botanico-de-vallarta-por-mar-o-tierra-t839971/
México;puebla-l1471;964112;Puebla Hop On Hop Off City Tour Y Rueda De Observacion;https://www.getyourguide.com/es-es/puebla-l1471/puebla-hop-on-hop-off-city-tour-y-rueda-de-observacion-t964112/
México;cancun-l150;1116605;Cancun Tour En Barco Y Carrito De Golf Por La Isla De Holbox Con Almuerzo;https://www.getyourguide.com/es-es/cancun-l150/cancun-tour-en-barco-y-carrito-de-golf-por-la-isla-de-holbox-con-almuerzo-t1116605/
México;tapachula-l205118;1119172;Experiencia Botanica En Argovia Flores Sendero Y Degustacion;https://www.getyourguide.com/es-es/tapachula-l205118/experiencia-botanica-en-argovia-flores-sendero-y-degustacion-t1119172/
México;san-miguel-de-cozumel-l141611;1122645;Cozumel Un Dia De Emociones En La Costa Con Kayak Paddle Y Esnorquel;https://www.getyourguide.com/es-es/san-miguel-de-cozumel-l141611/cozumel-un-dia-de-emociones-en-la-costa-con-kayak-paddle-y-esnorquel-t1122645/
México;cancun-l150;1142247;Experiencia De Baile Para Amantes De La Salsa En Cancun;https://www.getyourguide.com/es-es/cancun-l150/experiencia-de-baile-para-amantes-de-la-salsa-en-cancun-t1142247/
México;santa-maria-huatulco-l781;1147810;Huatulco Tour En Kayak Y Esnorquel En La Entrega;https://www.getyourguide.com/es-es/santa-maria-huatulco-l781/huatulco-tour-en-kayak-y-esnorquel-en-la-entrega-t1147810/
México;merida-l1903;1226918;Parque Kampepen Cenote Alberca Tirolesa En Merida Con Almuerzo;https://www.getyourguide.com/es-es/merida-l1903/parque-kampepen-cenote-alberca-tirolesa-en-merida-con-almuerzo-t1226918/
México;puebla-l1471;1250787;Puebla Taco Tour Taconmadre;https://www.getyourguide.com/es-es/puebla-l1471/puebla-taco-tour-taconmadre-t1250787/
México;merida-l1903;1268787;Tour Isla Columpios;https://www.getyourguide.com/es-es/merida-l1903/tour-isla-columpios-t1268787/
México;cancun-l150;1321032;Cancun Aventura En Moto Acuatica Con Paseo Opcional En Tabla Y Flotador;https://www.getyourguide.com/es-es/cancun-l150/cancun-aventura-en-moto-acuatica-con-paseo-opcional-en-tabla-y-flotador-t1321032/
México;cabo-san-lucas-l306;98448;Cabo San Lucas Tour Privado En Catamaran Hasta 6 Personas;https://www.getyourguide.com/es-es/cabo-san-lucas-l306/cabo-san-lucas-tour-privado-en-catamaran-hasta-6-personas-t98448/
México;puerto-vallarta-l265;318798;Puerto Vallarta Aventura Extrema En Tirolina;https://www.getyourguide.com/es-es/puerto-vallarta-l265/puerto-vallarta-aventura-extrema-en-tirolina-t318798/
México;ciudad-de-mexico-l194;386420;Ciudad De Mexico Clase De Cocina De Salsas Mexicanas Y Visita Al Mercado;https://www.getyourguide.com/es-es/ciudad-de-mexico-l194/ciudad-de-mexico-clase-de-cocina-de-salsas-mexicanas-y-visita-al-mercado-t386420/
México;puebla-l1471;384863;Desde Puebla Cholula Y Atlixco Tour Privado Todo Incluido;https://www.getyourguide.com/es-es/puebla-l1471/desde-puebla-cholula-y-atlixco-tour-privado-todo-incluido-t384863/
México;san-cristobal-de-las-casas-l2166;394814;Excursion De Un Dia Al Canon Del Sumidero Y Chiapa De Corzo;https://www.getyourguide.com/es-es/san-cristobal-de-las-casas-l2166/excursion-de-un-dia-al-canon-del-sumidero-y-chiapa-de-corzo-t394814/
México;puerto-escondido-l32155;409591;Oaxaca Traslado Privado De Ida A Puerto Escondido;https://www.getyourguide.com/es-es/puerto-escondido-l32155/oaxaca-traslado-privado-de-ida-a-puerto-escondido-t409591/
México;san-jose-del-cabo-l967;431883;San Jose Del Cabo Una Experiencia De Sabor Degustacion De Margaritas;https://www.getyourguide.com/es-es/san-jose-del-cabo-l967/san-jose-del-cabo-una-experiencia-de-sabor-degustacion-de-margaritas-t431883/
México;palenque-chiapas-l179804;434652;Palenque Excursion De Un Dia A Agua Azul Misol Ha Y Ruinas De Palenque;https://www.getyourguide.com/es-es/palenque-chiapas-l179804/palenque-excursion-de-un-dia-a-agua-azul-misol-ha-y-ruinas-de-palenque-t434652/
México;bacalar-l95624;443665;Bacalar Alquiler De Kayak De Dia Completo;https://www.getyourguide.com/es-es/bacalar-l95624/bacalar-alquiler-de-kayak-de-dia-completo-t443665/
México;tulum-l248;522292;Visita Guiada Privada A Cuevas Y Cenotes Abiertos Con Almuerzo;https://www.getyourguide.com/es-es/tulum-l248/visita-guiada-privada-a-cuevas-y-cenotes-abiertos-con-almuerzo-t522292/
México;cabo-san-lucas-l306;531181;Experiencia De Avistamiento De Ballenas;https://www.getyourguide.com/es-es/cabo-san-lucas-l306/experiencia-de-avistamiento-de-ballenas-t531181/
México;san-jose-del-cabo-l967;563820;Los Cabos Servicio Privado De Transporte De Ida Al Aeropuerto;https://www.getyourguide.com/es-es/san-jose-del-cabo-l967/los-cabos-servicio-privado-de-transporte-de-ida-al-aeropuerto-t563820/
México;san-miguel-de-cozumel-l141611;573559;Cozumel Tour De La Ciudad A Cielo Abierto Y Escapada A La Playa;https://www.getyourguide.com/es-es/san-miguel-de-cozumel-l141611/cozumel-tour-de-la-ciudad-a-cielo-abierto-y-escapada-a-la-playa-t573559/
México;holbox-l189767;595853;Holbox Experiencia De Cata De Tequila En Tequila O Clock;https://www.getyourguide.com/es-es/holbox-l189767/holbox-experiencia-de-cata-de-tequila-en-tequila-o-clock-t595853/
México;puerto-morelos-l112372;591920;Excursion Panoramica En Helicoptero Por La Riviera Maya;https://www.getyourguide.com/es-es/puerto-morelos-l112372/excursion-panoramica-en-helicoptero-por-la-riviera-maya-t591920/
México;cancun-l150;603713;Contratar Fotografo Sesion De Fotos Profesional Cancun;https://www.getyourguide.com/es-es/cancun-l150/contratar-fotografo-sesion-de-fotos-profesional-cancun-t603713/
México;cancun-l150;619238;Desde Tulum Excursion De Un Dia A Rio Lagartos Y Las Coloradas;https://www.getyourguide.com/es-es/cancun-l150/desde-tulum-excursion-de-un-dia-a-rio-lagartos-y-las-coloradas-t619238/
México;puerto-vallarta-l265;629352;Puerto Vallarta Traslado Del Aeropuerto A Nuevo Vallarta Norte;https://www.getyourguide.com/es-es/puerto-vallarta-l265/puerto-vallarta-traslado-del-aeropuerto-a-nuevo-vallarta-norte-t629352/
México;la-paz-mexico-l2930;655733;Desde La Paz Excursion A La Isla Del Espiritu Santo;https://www.getyourguide.com/es-es/la-paz-mexico-l2930/desde-la-paz-excursion-a-la-isla-del-espiritu-santo-t655733/
México;san-jose-del-cabo-l967;683918;Servicio Privado De Aeropuerto Csl Sjd Ida Y Vuelta;https://www.getyourguide.com/es-es/san-jose-del-cabo-l967/servicio-privado-de-aeropuerto-csl-sjd-ida-y-vuelta-t683918/
México;puerto-vallarta-l265;684618;Puerto Vallarta Experiencia Parasailing;https://www.getyourguide.com/es-es/puerto-vallarta-l265/puerto-vallarta-experiencia-parasailing-t684618/
México;cabo-san-lucas-l306;707872;Cabo San Lucas Inmersion En La Reserva Marina;https://www.getyourguide.com/es-es/cabo-san-lucas-l306/cabo-san-lucas-inmersion-en-la-reserva-marina-t707872/
México;puerto-vallarta-l265;688073;Puerto Vallarta Aventura A Caballo A La Cueva Del Tigre;https://www.getyourguide.com/es-es/puerto-vallarta-l265/puerto-vallarta-aventura-a-caballo-a-la-cueva-del-tigre-t688073/
México;san-jose-del-cabo-l967;737440;Desde El Aeropuerto Internacional De Los Cabos Cabo San Lucas;https://www.getyourguide.com/es-es/san-jose-del-cabo-l967/desde-el-aeropuerto-internacional-de-los-cabos-cabo-san-lucas-t737440/
México;cabo-san-lucas-l306;739518;Cabo San Lucas Aeropuerto Ciudad De Cabo San Lucas;https://www.getyourguide.com/es-es/cabo-san-lucas-l306/cabo-san-lucas-aeropuerto-ciudad-de-cabo-san-lucas-t739518/
México;bacalar-l95624;704291;Traslado Privado A La Laguna De Bacalar Servicio Para Cruceros;https://www.getyourguide.com/es-es/bacalar-l95624/traslado-privado-a-la-laguna-de-bacalar-servicio-para-cruceros-t704291/
México;acapulco-de-juarez-l307;722070; Acapulco3 Paseos En Barco Por La Laguna De Palosexperiencia En El Criadero De Cocodrilos;https://www.getyourguide.com/es-es/acapulco-de-juarez-l307/-acapulco3-paseos-en-barco-por-la-laguna-de-palosexperiencia-en-el-criadero-de-cocodrilos-t722070/
México;cabo-san-lucas-l306;737506;Desde Cabo San Lucas La Paz Ida Y Vuelta;https://www.getyourguide.com/es-es/cabo-san-lucas-l306/desde-cabo-san-lucas-la-paz-ida-y-vuelta-t737506/
México;ciudad-de-mexico-l194;770501;Ciudad De Mexico Cuentos Gay;https://www.getyourguide.com/es-es/ciudad-de-mexico-l194/ciudad-de-mexico-cuentos-gay-t770501/
México;puerto-escondido-l32155;816397;Puerto Escondido Cabalgata A Las Aguas Termales De Atotonilco;https://www.getyourguide.com/es-es/puerto-escondido-l32155/puerto-escondido-cabalgata-a-las-aguas-termales-de-atotonilco-t816397/
México;municipio-oaxaca-de-juarez-l681;804509;Oaxaca Manantiales Naturales De Hierve El Agua Y Recorrido Cultural;https://www.getyourguide.com/es-es/municipio-oaxaca-de-juarez-l681/oaxaca-manantiales-naturales-de-hierve-el-agua-y-recorrido-cultural-t804509/
México;zihuatanejo-l392;852227;Ixtapa Zihuatanejo Excursion De Un Dia A La Isla De Ixtapa Con Comida;https://www.getyourguide.com/es-es/zihuatanejo-l392/ixtapa-zihuatanejo-excursion-de-un-dia-a-la-isla-de-ixtapa-con-comida-t852227/
México;cancun-l150;873243;Traslado Privado Hotel Nyx Cancun A Aeropuerto Cun;https://www.getyourguide.com/es-es/cancun-l150/traslado-privado-hotel-nyx-cancun-a-aeropuerto-cun-t873243/
México;ciudad-de-mexico-l194;876157;Cdmx Clases De Mixologia Y Cocteleria Clasica En Un Bar De Polanco;https://www.getyourguide.com/es-es/ciudad-de-mexico-l194/cdmx-clases-de-mixologia-y-cocteleria-clasica-en-un-bar-de-polanco-t876157/
México;municipio-oaxaca-de-juarez-l681;882014;Hierve El Agua Mitla Arbol Del Tule Tapetes Destileria De Mezcal Tour;https://www.getyourguide.com/es-es/municipio-oaxaca-de-juarez-l681/hierve-el-agua-mitla-arbol-del-tule-tapetes-destileria-de-mezcal-tour-t882014/
México;teotitlan-del-valle-l135632;911351;Oaxaca Autentico Recorrido Cultural Con Tejido Y Gastronomia;https://www.getyourguide.com/es-es/teotitlan-del-valle-l135632/oaxaca-autentico-recorrido-cultural-con-tejido-y-gastronomia-t911351/
México;ciudad-de-mexico-l194;902638;Ciudad De Mexico Tour Guiado Por La Basilica De Nuestra Senora De Guadalupe;https://www.getyourguide.com/es-es/ciudad-de-mexico-l194/ciudad-de-mexico-tour-guiado-por-la-basilica-de-nuestra-senora-de-guadalupe-t902638/
México;ciudad-de-mexico-l194;936844;Ciudad De Mexico Recorrido Por El Museo De Antropologia;https://www.getyourguide.com/es-es/ciudad-de-mexico-l194/ciudad-de-mexico-recorrido-por-el-museo-de-antropologia-t936844/
México;guadalajara-l677;1063802;Guadalajara Recorrido En Tranvia Por Tlaquepaque Pintura De Azulejos Y Bebidas;https://www.getyourguide.com/es-es/guadalajara-l677/guadalajara-recorrido-en-tranvia-por-tlaquepaque-pintura-de-azulejos-y-bebidas-t1063802/
México;ciudad-de-mexico-l194;1068496;Photoshoot Cdmx Portraits Sesion De Fotos En Ciudad De Mexico;https://www.getyourguide.com/es-es/ciudad-de-mexico-l194/photoshoot-cdmx-portraits-sesion-de-fotos-en-ciudad-de-mexico-t1068496/
México;bacalar-l95624;1087369;Sunrise Trip On The River The Rapids Of Bacalar;https://www.getyourguide.com/es-es/bacalar-l95624/sunrise-trip-on-the-river-the-rapids-of-bacalar-t1087369/
México;cancun-l150;1151894;Paseo En Catamaran Con Snorkel Barra Libre Y Almuerzo Desde Isla Mujeres;https://www.getyourguide.com/es-es/cancun-l150/paseo-en-catamaran-con-snorkel-barra-libre-y-almuerzo-desde-isla-mujeres-t1151894/
México;palenque-chiapas-l179804;1152110;Palenque Ceremonia Del Cacao Con Musica Y Baile;https://www.getyourguide.com/es-es/palenque-chiapas-l179804/palenque-ceremonia-del-cacao-con-musica-y-baile-t1152110/
México;puerto-vallarta-l265;1227011;Elevate Por Los Aires Experiencia De Parasailing En Puerto Vallarta;https://www.getyourguide.com/es-es/puerto-vallarta-l265/elevate-por-los-aires-experiencia-de-parasailing-en-puerto-vallarta-t1227011/
México;monterrey-l679;1300320;Pozo Del Gavilan Rapel En El Cenote Turquesa De Galeana;https://www.getyourguide.com/es-es/monterrey-l679/pozo-del-gavilan-rapel-en-el-cenote-turquesa-de-galeana-t1300320/
México;cabo-san-lucas-l306;1312080;Los Cabos Excursion Matutina De Snorkel Experiencia Sin Multitudes;https://www.getyourguide.com/es-es/cabo-san-lucas-l306/los-cabos-excursion-matutina-de-snorkel-experiencia-sin-multitudes-t1312080/
México;ciudad-de-mexico-l194;1313287;Cdmx Tour De Coyoacan;https://www.getyourguide.com/es-es/ciudad-de-mexico-l194/cdmx-tour-de-coyoacan-t1313287/
México;loreto-mexico-l1655;278962;Desde Loreto Crucero En Catamaran Al Atardecer Con Aperitivos Y Barra Libre;https://www.getyourguide.com/es-es/loreto-mexico-l1655/desde-loreto-crucero-en-catamaran-al-atardecer-con-aperitivos-y-barra-libre-t278962/
México;puerto-vallarta-l265;297130;Puerto Vallarta Safari Fotografico De Avistamiento De Ballenas;https://www.getyourguide.com/es-es/puerto-vallarta-l265/puerto-vallarta-safari-fotografico-de-avistamiento-de-ballenas-t297130/
México;san-cristobal-de-las-casas-l2166;394786;Desde San Cristobal Tour A Pie Por La Ciudad;https://www.getyourguide.com/es-es/san-cristobal-de-las-casas-l2166/desde-san-cristobal-tour-a-pie-por-la-ciudad-t394786/
México;puerto-vallarta-l265;400039;Puerto Vallarta Autobus Turistico Con Paradas Libres;https://www.getyourguide.com/es-es/puerto-vallarta-l265/puerto-vallarta-autobus-turistico-con-paradas-libres-t400039/
México;municipio-oaxaca-de-juarez-l681;439657;Clase De Cocina Tradicional Oaxaquena;https://www.getyourguide.com/es-es/municipio-oaxaca-de-juarez-l681/clase-de-cocina-tradicional-oaxaquena-t439657/
México;ciudad-de-mexico-l194;434448;Ciudad De Mexico Acceso Al Espectaculo De Lucha Libre Y Recorrido En Autobus De Dos Pisos;https://www.getyourguide.com/es-es/ciudad-de-mexico-l194/ciudad-de-mexico-acceso-al-espectaculo-de-lucha-libre-y-recorrido-en-autobus-de-dos-pisos-t434448/
México;cancun-l150;436732;Cancun Excursion En Autobus Hop On Hop Off Con Viaje Submarino;https://www.getyourguide.com/es-es/cancun-l150/cancun-excursion-en-autobus-hop-on-hop-off-con-viaje-submarino-t436732/
México;playa-del-carmen-l308;439251;Playa Maroma Pase De Un Dia En Maroma Beach Club Y Traslado;https://www.getyourguide.com/es-es/playa-del-carmen-l308/playa-maroma-pase-de-un-dia-en-maroma-beach-club-y-traslado-t439251/
México;puerto-vallarta-l265;469363;Super Panga Charter Todo Incluido;https://www.getyourguide.com/es-es/puerto-vallarta-l265/super-panga-charter-todo-incluido-t469363/
México;cancun-l150;520272;Tacos Nocturnos Y Marquesitas Con Un Nativo De Cancun;https://www.getyourguide.com/es-es/cancun-l150/tacos-nocturnos-y-marquesitas-con-un-nativo-de-cancun-t520272/
México;ensenada-l545;492477;Picnic Y Bebidas En Los Campos De Lavanda De Aires De Lavanda;https://www.getyourguide.com/es-es/ensenada-l545/picnic-y-bebidas-en-los-campos-de-lavanda-de-aires-de-lavanda-t492477/
México;cancun-l150;495686;Ruinas De Tulum Y Cenote Visita Guiada Privada;https://www.getyourguide.com/es-es/cancun-l150/ruinas-de-tulum-y-cenote-visita-guiada-privada-t495686/
México;cabo-san-lucas-l306;551152;Cabo San Lucas Excursion En Quad Al Pueblo De Candelaria;https://www.getyourguide.com/es-es/cabo-san-lucas-l306/cabo-san-lucas-excursion-en-quad-al-pueblo-de-candelaria-t551152/
México;loreto-mexico-l1655;528723;Desde Loreto Isla Coronado Leones Marinos Y Excursion De Snorkel;https://www.getyourguide.com/es-es/loreto-mexico-l1655/desde-loreto-isla-coronado-leones-marinos-y-excursion-de-snorkel-t528723/
México;mahahual-l168421;529856;Mahahual Esnorquel En El Gran Arrecife Maya;https://www.getyourguide.com/es-es/mahahual-l168421/mahahual-esnorquel-en-el-gran-arrecife-maya-t529856/
México;ciudad-de-mexico-l194;530946;Ciudad De Mexico Tour De Tacos Y Mezcal;https://www.getyourguide.com/es-es/ciudad-de-mexico-l194/ciudad-de-mexico-tour-de-tacos-y-mezcal-t530946/
México;merida-l1903;547222;Tour Privado Izamal Ruinas Y Taller De Artesania Maya;https://www.getyourguide.com/es-es/merida-l1903/tour-privado-izamal-ruinas-y-taller-de-artesania-maya-t547222/
México;la-paz-mexico-l2930;612898;Esnorquel Con Tiburon Ballena En La Paz;https://www.getyourguide.com/es-es/la-paz-mexico-l2930/esnorquel-con-tiburon-ballena-en-la-paz-t612898/
México;cancun-l150;628879;Atvs Tirolinas Y Paseos A Caballo Cancun Y Playa Del Carmen;https://www.getyourguide.com/es-es/cancun-l150/atvs-tirolinas-y-paseos-a-caballo-cancun-y-playa-del-carmen-t628879/
México;san-cristobal-de-las-casas-l2166;597665;San Cristobal Centro Ecoturistico Las Nubes Aventura;https://www.getyourguide.com/es-es/san-cristobal-de-las-casas-l2166/san-cristobal-centro-ecoturistico-las-nubes-aventura-t597665/
México;lagos-de-moreno-l154683;663127;Visita Y Cata De Vinos En Vinicola Tierra De Luz;https://www.getyourguide.com/es-es/lagos-de-moreno-l154683/visita-y-cata-de-vinos-en-vinicola-tierra-de-luz-t663127/
México;cancun-l150;676307;Playa Mujeres Alquiler De Yate Privado 4 Horas Sr55H4 Gmbsr55Fun;https://www.getyourguide.com/es-es/cancun-l150/playa-mujeres-alquiler-de-yate-privado-4-horas-sr55h4-gmbsr55fun-t676307/
México;cancun-l150;679449;Desde Cancun Museo Subacuatico De Snorkel;https://www.getyourguide.com/es-es/cancun-l150/desde-cancun-museo-subacuatico-de-snorkel-t679449/
México;ensenada-l545;719086;Ensenada Excursion A Caballo En Playa Hermosa;https://www.getyourguide.com/es-es/ensenada-l545/ensenada-excursion-a-caballo-en-playa-hermosa-t719086/
México;playa-del-carmen-l308;675317;Playa Del Carmen Clase Privada De Salsabachata;https://www.getyourguide.com/es-es/playa-del-carmen-l308/playa-del-carmen-clase-privada-de-salsabachata-t675317/
México;cancun-l150;684451;Traslado Aeropuerto De Cancun A Cancun Centro;https://www.getyourguide.com/es-es/cancun-l150/traslado-aeropuerto-de-cancun-a-cancun-centro-t684451/
México;san-cristobal-de-las-casas-l2166;690417;San Cristobal De Las Casas Hiking To Indigenous Communities;https://www.getyourguide.com/es-es/san-cristobal-de-las-casas-l2166/san-cristobal-de-las-casas-hiking-to-indigenous-communities-t690417/
México;cabo-san-lucas-l306;739678;Cabo San Lucas Traslado Privado Al Aeropuerto;https://www.getyourguide.com/es-es/cabo-san-lucas-l306/cabo-san-lucas-traslado-privado-al-aeropuerto-t739678/
México;ensenada-l545;718911;Ensenada Ruta Del Vino Del Valle De Guadalupe Tour Privado;https://www.getyourguide.com/es-es/ensenada-l545/ensenada-ruta-del-vino-del-valle-de-guadalupe-tour-privado-t718911/
México;playa-del-carmen-l308;771627;Aeropuerto De Cancun Traslados Privados Desdehacia Playa Del Carmen;https://www.getyourguide.com/es-es/playa-del-carmen-l308/aeropuerto-de-cancun-traslados-privados-desdehacia-playa-del-carmen-t771627/
México;municipio-oaxaca-de-juarez-l681;789573;Desde Oaxaca Legado Zapoteca Lambityeco Yagul Y Dainzu En Un Solo Tour;https://www.getyourguide.com/es-es/municipio-oaxaca-de-juarez-l681/desde-oaxaca-legado-zapoteca-lambityeco-yagul-y-dainzu-en-un-solo-tour-t789573/
México;san-miguel-de-allende-l2515;861929;Dia De Spa En Tu Hotel Masaje Y Facial 120 Min;https://www.getyourguide.com/es-es/san-miguel-de-allende-l2515/dia-de-spa-en-tu-hotel-masaje-y-facial-120-min-t861929/
México;teotitlan-del-valle-l135632;867226;Desde Teotitlan Del Valle Clase De Cocina Tradicional;https://www.getyourguide.com/es-es/teotitlan-del-valle-l135632/desde-teotitlan-del-valle-clase-de-cocina-tradicional-t867226/
México;cancun-l150;835310;Transporte Privado Del Aeropuerto Cun Al Hard Rock Cancun;https://www.getyourguide.com/es-es/cancun-l150/transporte-privado-del-aeropuerto-cun-al-hard-rock-cancun-t835310/
México;cancun-l150;877686;Traslado Privado Seadust Cancun Family Resort Al Aeropuerto Cun;https://www.getyourguide.com/es-es/cancun-l150/traslado-privado-seadust-cancun-family-resort-al-aeropuerto-cun-t877686/
México;cabo-san-lucas-l306;891494;Crucero En Catamaran Por Cabo Arco Snorkel Barra Libre Y Aperitivos;https://www.getyourguide.com/es-es/cabo-san-lucas-l306/crucero-en-catamaran-por-cabo-arco-snorkel-barra-libre-y-aperitivos-t891494/
México;todos-santos-l962;910736;La Paz Excursion De Un Dia A La Increible Playa De Balandra O Tecolote;https://www.getyourguide.com/es-es/todos-santos-l962/la-paz-excursion-de-un-dia-a-la-increible-playa-de-balandra-o-tecolote-t910736/
México;ciudad-de-mexico-l194;933949;Ciudad De Mexico Visita A Un Mercado Vegano Y Vegetariano Con Clase De Cocina;https://www.getyourguide.com/es-es/ciudad-de-mexico-l194/ciudad-de-mexico-visita-a-un-mercado-vegano-y-vegetariano-con-clase-de-cocina-t933949/
México;tulum-l248;882924;Excursion Exclusiva 3 En 1 A Tulum Cenote Y Pueblo Maya;https://www.getyourguide.com/es-es/tulum-l248/excursion-exclusiva-3-en-1-a-tulum-cenote-y-pueblo-maya-t882924/
México;ciudad-de-mexico-l194;938509;Cdmx Tour De Comida Exotica Y Mercados;https://www.getyourguide.com/es-es/ciudad-de-mexico-l194/cdmx-tour-de-comida-exotica-y-mercados-t938509/
México;muinicipio-de-tequila-l777;957159;Tour En Fabrica De Tequila La Aguirrena Con Degustacion En Tequila Jalisco;https://www.getyourguide.com/es-es/muinicipio-de-tequila-l777/tour-en-fabrica-de-tequila-la-aguirrena-con-degustacion-en-tequila-jalisco-t957159/
México;cancun-l150;959351;Desde Cancun Disfruta En Un Catamaran Por Islas Mujeres Con Comida Buffet;https://www.getyourguide.com/es-es/cancun-l150/desde-cancun-disfruta-en-un-catamaran-por-islas-mujeres-con-comida-buffet-t959351/
México;ciudad-de-mexico-l194;978000;Basilica De Guadalupe Misa Y Caminata En Cerro Del Tepeyac;https://www.getyourguide.com/es-es/ciudad-de-mexico-l194/basilica-de-guadalupe-misa-y-caminata-en-cerro-del-tepeyac-t978000/
México;ciudad-de-mexico-l194;1056069;Ciudad De Mexico Tour En Barco Con Guia Experto Almuerzo Y Bebidas;https://www.getyourguide.com/es-es/ciudad-de-mexico-l194/ciudad-de-mexico-tour-en-barco-con-guia-experto-almuerzo-y-bebidas-t1056069/
México;cabo-san-lucas-l306;1137697;Los Cabos Tour En Quad Camello Caballo Y Bici Con Tequila;https://www.getyourguide.com/es-es/cabo-san-lucas-l306/los-cabos-tour-en-quad-camello-caballo-y-bici-con-tequila-t1137697/
México;bacalar-l95624;1099780;Bacalar Paseo En Velero Por La Laguna De Los 7 Colores Con Snacks Y Bebidas;https://www.getyourguide.com/es-es/bacalar-l95624/bacalar-paseo-en-velero-por-la-laguna-de-los-7-colores-con-snacks-y-bebidas-t1099780/
México;akumal-l2807;1173857;Desde Riviera Maya Paseo En Catamaran Con Barra Libre Snorkel Y Almuerzo;https://www.getyourguide.com/es-es/akumal-l2807/desde-riviera-maya-paseo-en-catamaran-con-barra-libre-snorkel-y-almuerzo-t1173857/
México;ciudad-de-mexico-l194;1198859;Roma Condesa Food Tour De Alta Gastronomia Y Restaurantes Reconocidos;https://www.getyourguide.com/es-es/ciudad-de-mexico-l194/roma-condesa-food-tour-de-alta-gastronomia-y-restaurantes-reconocidos-t1198859/
México;ciudad-de-mexico-l194;1247971;Cdmx Noche Mexicana Con Mariachi En Garibaldi;https://www.getyourguide.com/es-es/ciudad-de-mexico-l194/cdmx-noche-mexicana-con-mariachi-en-garibaldi-t1247971/
México;ciudad-de-mexico-l194;1307156;Spanish Survival Experience Mexico City;https://www.getyourguide.com/es-es/ciudad-de-mexico-l194/spanish-survival-experience-mexico-city-t1307156/
México;zihuatanejo-l392;1300162;Tour De Bicicleta En Ixtapa Zihuatanejo;https://www.getyourguide.com/es-es/zihuatanejo-l392/tour-de-bicicleta-en-ixtapa-zihuatanejo-t1300162/
México;municipio-de-teotihuacan-l165488;34858;Ciudad De Mexico Tour Con Acceso Anticipado A Teotihuacan Y Almuerzo Opcional;https://www.getyourguide.com/es-es/municipio-de-teotihuacan-l165488/ciudad-de-mexico-tour-con-acceso-anticipado-a-teotihuacan-y-almuerzo-opcional-t34858/
México;atlixco-l157268;1321026;Cabalgata En Puebla;https://www.getyourguide.com/es-es/atlixco-l157268/cabalgata-en-puebla-t1321026/
México;cabo-san-lucas-l306;18180;Los Cabos Aventura En Quad Todoterreno Cruza El Puente De Madera;https://www.getyourguide.com/es-es/cabo-san-lucas-l306/los-cabos-aventura-en-quad-todoterreno-cruza-el-puente-de-madera-t18180/
México;cancun-l150;362485;Cancun Museo Subacuatico Y Buceo En Arrecife;https://www.getyourguide.com/es-es/cancun-l150/cancun-museo-subacuatico-y-buceo-en-arrecife-t362485/
México;migrino-l163242;404961;Cabo Camel Safari Adventure Con Tacos;https://www.getyourguide.com/es-es/migrino-l163242/cabo-camel-safari-adventure-con-tacos-t404961/
México;ciudad-de-mexico-l194;384504;Ciudad De Mexico Tour Guiado Del Dia De Muertos;https://www.getyourguide.com/es-es/ciudad-de-mexico-l194/ciudad-de-mexico-tour-guiado-del-dia-de-muertos-t384504/
México;playa-del-carmen-l308;437359;Playa Del Carmen Excursion Guiada De Observacion De Aves;https://www.getyourguide.com/es-es/playa-del-carmen-l308/playa-del-carmen-excursion-guiada-de-observacion-de-aves-t437359/
México;municipio-oaxaca-de-juarez-l681;491954;Oaxaca Tour De Dia Completo Guiado Por La Ruta De Hierve El Agua;https://www.getyourguide.com/es-es/municipio-oaxaca-de-juarez-l681/oaxaca-tour-de-dia-completo-guiado-por-la-ruta-de-hierve-el-agua-t491954/
México;valle-de-bravo-l95795;498944;Valle De Bravo Excursion En Quad;https://www.getyourguide.com/es-es/valle-de-bravo-l95795/valle-de-bravo-excursion-en-quad-t498944/
México;cancun-l150;478225;Punta Cancun Nada Con Delfines Interax;https://www.getyourguide.com/es-es/cancun-l150/punta-cancun-nada-con-delfines-interax-t478225/
México;cancun-l150;478717;Yate Privado De Lujo Flybridge De 46 Pies En Cancun;https://www.getyourguide.com/es-es/cancun-l150/yate-privado-de-lujo-flybridge-de-46-pies-en-cancun-t478717/
México;palenque-chiapas-l179804;516439;Desde Palenque Ruinas Y Cascadas De Misol Ha Y Agua Azul;https://www.getyourguide.com/es-es/palenque-chiapas-l179804/desde-palenque-ruinas-y-cascadas-de-misol-ha-y-agua-azul-t516439/
México;monterrey-l679;592512;El Mejor Tour De La Ciudad De Monterrey Guia Traslados Ticket De Entrada;https://www.getyourguide.com/es-es/monterrey-l679/el-mejor-tour-de-la-ciudad-de-monterrey-guia-traslados-ticket-de-entrada-t592512/
México;ciudad-valles-l157201;662759;Visita Guiada Jardin De Esculturas Edward James Y Sotano De Huahuas;https://www.getyourguide.com/es-es/ciudad-valles-l157201/visita-guiada-jardin-de-esculturas-edward-james-y-sotano-de-huahuas-t662759/
México;las-coloradas-l168323;660110;Rio Lagartos Y Las Coloradas Ecosafari Flamingo Clasico;https://www.getyourguide.com/es-es/las-coloradas-l168323/rio-lagartos-y-las-coloradas-ecosafari-flamingo-clasico-t660110/
México;guadalajara-l677;685790;Guadalajara Ticket De Entrada Para Barba Negra;https://www.getyourguide.com/es-es/guadalajara-l677/guadalajara-ticket-de-entrada-para-barba-negra-t685790/
México;san-miguel-de-cozumel-l141611;677916;Cozumel Experiencia De Buceo Submarino Con Casco Seatrek;https://www.getyourguide.com/es-es/san-miguel-de-cozumel-l141611/cozumel-experiencia-de-buceo-submarino-con-casco-seatrek-t677916/
México;puerto-vallarta-l265;704903;Puerto Vallarta Avistamiento De Ballenas Con Guia;https://www.getyourguide.com/es-es/puerto-vallarta-l265/puerto-vallarta-avistamiento-de-ballenas-con-guia-t704903/
México;puerto-vallarta-l265;688059;Puerto Vallarta Beach Boy Los Arcos Animas Y Quimixto;https://www.getyourguide.com/es-es/puerto-vallarta-l265/puerto-vallarta-beach-boy-los-arcos-animas-y-quimixto-t688059/
México;cancun-l150;703685;Cancun Traslado Privado En Furgoneta A Chiquila Holbox;https://www.getyourguide.com/es-es/cancun-l150/cancun-traslado-privado-en-furgoneta-a-chiquila-holbox-t703685/
México;cancun-l150;728253;Cancun Traslado Privado Adesde El Aeropuerto;https://www.getyourguide.com/es-es/cancun-l150/cancun-traslado-privado-adesde-el-aeropuerto-t728253/
México;cabo-san-lucas-l306;750090;Cabo San Lucas Paseo En Camello Por La Playa;https://www.getyourguide.com/es-es/cabo-san-lucas-l306/cabo-san-lucas-paseo-en-camello-por-la-playa-t750090/
México;ensenada-l545;756877;Ensenada Paseos A Caballo Por Los Vinedos;https://www.getyourguide.com/es-es/ensenada-l545/ensenada-paseos-a-caballo-por-los-vinedos-t756877/
México;ensenada-l545;778443;Ensenada Tour De La Ciudad Y Paseo A Caballo Por La Playa;https://www.getyourguide.com/es-es/ensenada-l545/ensenada-tour-de-la-ciudad-y-paseo-a-caballo-por-la-playa-t778443/
México;merida-l1903;790947;Merida Cenotes Hacienda Mucuyche Y Uxmal;https://www.getyourguide.com/es-es/merida-l1903/merida-cenotes-hacienda-mucuyche-y-uxmal-t790947/
México;merida-l1903;779917;Merida Privado 3X1 Chichen Itza Ek Balam Y Cenote;https://www.getyourguide.com/es-es/merida-l1903/merida-privado-3x1-chichen-itza-ek-balam-y-cenote-t779917/
México;puerto-vallarta-l265;780661;Puerto Vallarta Puente Jorullo Rzr Cascada Tour Del Tequila;https://www.getyourguide.com/es-es/puerto-vallarta-l265/puerto-vallarta-puente-jorullo-rzr-cascada-tour-del-tequila-t780661/
México;cancun-l150;822068;Aeropuerto De Cancun Traslados Privados Desdehacia Puerto Morelos;https://www.getyourguide.com/es-es/cancun-l150/aeropuerto-de-cancun-traslados-privados-desdehacia-puerto-morelos-t822068/
México;cancun-l150;838732;Traslado Privado Breathless Cancun Soul Resort Al Aeropuerto Cun;https://www.getyourguide.com/es-es/cancun-l150/traslado-privado-breathless-cancun-soul-resort-al-aeropuerto-cun-t838732/
México;ciudad-de-mexico-l194;837822;Ciudad De Mexico Tour A Pie Guiado Por Lo Mas Historico De La Ciudad;https://www.getyourguide.com/es-es/ciudad-de-mexico-l194/ciudad-de-mexico-tour-a-pie-guiado-por-lo-mas-historico-de-la-ciudad-t837822/
México;ciudad-de-mexico-l194;847246;Ciudad De Mexico K Beauty Spa Zynn Tratamientos;https://www.getyourguide.com/es-es/ciudad-de-mexico-l194/ciudad-de-mexico-k-beauty-spa-zynn-tratamientos-t847246/
México;guadalajara-l677;863977;De Guadalajara A Chapala Y Ajijic Tour En Motocicleta;https://www.getyourguide.com/es-es/guadalajara-l677/de-guadalajara-a-chapala-y-ajijic-tour-en-motocicleta-t863977/
México;ciudad-de-mexico-l194;902809;Ciudad De Mexico Recorrido A Pie Por El Centro Historico Y Bellas Artes;https://www.getyourguide.com/es-es/ciudad-de-mexico-l194/ciudad-de-mexico-recorrido-a-pie-por-el-centro-historico-y-bellas-artes-t902809/
México;ciudad-de-mexico-l194;957539;Teotihuacan Paseo En Globo Aerostatico Con Desayuno Y Transporte;https://www.getyourguide.com/es-es/ciudad-de-mexico-l194/teotihuacan-paseo-en-globo-aerostatico-con-desayuno-y-transporte-t957539/
México;cabo-san-lucas-l306;1009280;Cabo San Lucas Bucea En El Parque Marino De Cabo San Lucas;https://www.getyourguide.com/es-es/cabo-san-lucas-l306/cabo-san-lucas-bucea-en-el-parque-marino-de-cabo-san-lucas-t1009280/
México;playa-del-carmen-l308;1088104;Playa Del Carmen Experiencia Gourmet Con Tequila Y Mezcal;https://www.getyourguide.com/es-es/playa-del-carmen-l308/playa-del-carmen-experiencia-gourmet-con-tequila-y-mezcal-t1088104/
México;santa-maria-huatulco-l781;1098289;Huatulco Tour Del Lunes Por El Mercado De Pochutla;https://www.getyourguide.com/es-es/santa-maria-huatulco-l781/huatulco-tour-del-lunes-por-el-mercado-de-pochutla-t1098289/
México;ciudad-de-mexico-l194;1133658;Ciudad De Mexico Tour En Telefericocalle De Los Musicos Nortenos Y Taco;https://www.getyourguide.com/es-es/ciudad-de-mexico-l194/ciudad-de-mexico-tour-en-telefericocalle-de-los-musicos-nortenos-y-taco-t1133658/
México;ciudad-de-mexico-l194;1310056;Tour Guiado Por El Castillo De Chapultepec Con Entrada;https://www.getyourguide.com/es-es/ciudad-de-mexico-l194/tour-guiado-por-el-castillo-de-chapultepec-con-entrada-t1310056/
México;guadalajara-l677;49543;Guadalajara Y Tlaquepaque;https://www.getyourguide.com/es-es/guadalajara-l677/guadalajara-y-tlaquepaque-t49543/
México;ciudad-de-mexico-l194;58106;Ciudad De Mexico Castillo De Chapultepec Y Museo De Antropologia;https://www.getyourguide.com/es-es/ciudad-de-mexico-l194/ciudad-de-mexico-castillo-de-chapultepec-y-museo-de-antropologia-t58106/
México;cabo-san-lucas-l306;421405;Cabo San Lucas Fiesta Hip Hop En Barco Con Bebidas Ilimitadas;https://www.getyourguide.com/es-es/cabo-san-lucas-l306/cabo-san-lucas-fiesta-hip-hop-en-barco-con-bebidas-ilimitadas-t421405/
México;progreso-l95507;416230;Progreso Viaje Turistico Con Ruinas Mayas Y Escapada A La Playa;https://www.getyourguide.com/es-es/progreso-l95507/progreso-viaje-turistico-con-ruinas-mayas-y-escapada-a-la-playa-t416230/
México;puebla-l1471;434354;Desde Puebla Senderismo Iztaccihuatl Romantico Para Parejas;https://www.getyourguide.com/es-es/puebla-l1471/desde-puebla-senderismo-iztaccihuatl-romantico-para-parejas-t434354/
México;puerto-morelos-l112372;478659;Puerto Morelos Nade Con Delfines Primax;https://www.getyourguide.com/es-es/puerto-morelos-l112372/puerto-morelos-nade-con-delfines-primax-t478659/
México;ciudad-de-mexico-l194;530979;Ciudad De Mexico Cata De Mezcal;https://www.getyourguide.com/es-es/ciudad-de-mexico-l194/ciudad-de-mexico-cata-de-mezcal-t530979/
México;municipio-oaxaca-de-juarez-l681;586782;Oaxaca Excursion A Tlacochahuaya Mezcal Y Teotitlan Del Valle;https://www.getyourguide.com/es-es/municipio-oaxaca-de-juarez-l681/oaxaca-excursion-a-tlacochahuaya-mezcal-y-teotitlan-del-valle-t586782/
México;puerto-vallarta-l265;652242;Excursion En Catamaran Al Atardecer;https://www.getyourguide.com/es-es/puerto-vallarta-l265/excursion-en-catamaran-al-atardecer-t652242/
México;puerto-morelos-l112372;646003;Puerto Morelos Esnorquel En El Parque Nacional De Arrecifes;https://www.getyourguide.com/es-es/puerto-morelos-l112372/puerto-morelos-esnorquel-en-el-parque-nacional-de-arrecifes-t646003/
México;la-paz-mexico-l2930;658682;La Paz Aventura Nadando Con El Tiburon Ballena Con Un Biologo Marino;https://www.getyourguide.com/es-es/la-paz-mexico-l2930/la-paz-aventura-nadando-con-el-tiburon-ballena-con-un-biologo-marino-t658682/
México;cabo-san-lucas-l306;677437;Bachelorette Party Boat Pole Dance Barco Charter Privado;https://www.getyourguide.com/es-es/cabo-san-lucas-l306/bachelorette-party-boat-pole-dance-barco-charter-privado-t677437/
México;puerto-vallarta-l265;682794;Puerto Vallarta Puente Jorullo Atv Canopy Aventura Mulas;https://www.getyourguide.com/es-es/puerto-vallarta-l265/puerto-vallarta-puente-jorullo-atv-canopy-aventura-mulas-t682794/
México;puebla-l1471;691116;Desde Cdmx Puebla Oaxaca Chiapas Palenque Tabasco 7 Dias;https://www.getyourguide.com/es-es/puebla-l1471/desde-cdmx-puebla-oaxaca-chiapas-palenque-tabasco-7-dias-t691116/
México;santiago-apoala-l166485;725437;Santiago Apoala Excursion Paraiso De La Montana;https://www.getyourguide.com/es-es/santiago-apoala-l166485/santiago-apoala-excursion-paraiso-de-la-montana-t725437/
México;guadalajara-l677;784064;Guadalajara Visita Privada A Pie Con Un Guia Local;https://www.getyourguide.com/es-es/guadalajara-l677/guadalajara-visita-privada-a-pie-con-un-guia-local-t784064/
México;cancun-l150;793135;Isla Mujeres Conexion Real Con Delfines Y Buffet Desde Cancun;https://www.getyourguide.com/es-es/cancun-l150/isla-mujeres-conexion-real-con-delfines-y-buffet-desde-cancun-t793135/
México;mahahual-l168421;794194;Costa Maya Tour Guiado Por Las Ruinas Mayas De Chacchoben;https://www.getyourguide.com/es-es/mahahual-l168421/costa-maya-tour-guiado-por-las-ruinas-mayas-de-chacchoben-t794194/
México;municipio-de-chiapa-de-corzo-l217039;835393;Tour Canon Del Sumidero Chiapa De Corzo Y Miradores;https://www.getyourguide.com/es-es/municipio-de-chiapa-de-corzo-l217039/tour-canon-del-sumidero-chiapa-de-corzo-y-miradores-t835393/
México;san-miguel-de-allende-l2515;859640;Dia De Spa En Tu Hotel Masaje Y Facial 90 Min;https://www.getyourguide.com/es-es/san-miguel-de-allende-l2515/dia-de-spa-en-tu-hotel-masaje-y-facial-90-min-t859640/
México;cancun-l150;871502;Traslado Privado Moon Palace Nizuc Cancun A Aeropuerto Cun;https://www.getyourguide.com/es-es/cancun-l150/traslado-privado-moon-palace-nizuc-cancun-a-aeropuerto-cun-t871502/
México;tulum-l248;877626;Tulum Excursion En Kayak Por La Reserva De La Biosfera De Sian Ka An;https://www.getyourguide.com/es-es/tulum-l248/tulum-excursion-en-kayak-por-la-reserva-de-la-biosfera-de-sian-ka-an-t877626/
México;ciudad-de-mexico-l194;887316;Teotihuacan Basilica De Guadalupe Tour Privado Con Comida;https://www.getyourguide.com/es-es/ciudad-de-mexico-l194/teotihuacan-basilica-de-guadalupe-tour-privado-con-comida-t887316/
México;palenque-chiapas-l179804;901989;Visita Guiada A Pie En La Selva De Palenque Parque Nacional Palenque;https://www.getyourguide.com/es-es/palenque-chiapas-l179804/visita-guiada-a-pie-en-la-selva-de-palenque-parque-nacional-palenque-t901989/
México;ciudad-de-mexico-l194;933205;Cdmx Visita El Museo De Antropologia Y Templo Mayor Opcion A Teotihuacan;https://www.getyourguide.com/es-es/ciudad-de-mexico-l194/cdmx-visita-el-museo-de-antropologia-y-templo-mayor-opcion-a-teotihuacan-t933205/
México;ciudad-de-mexico-l194;930992;Desde Cdmx Tour De Un Dia Por La Ciudad Colonial San Miguel De Allende;https://www.getyourguide.com/es-es/ciudad-de-mexico-l194/desde-cdmx-tour-de-un-dia-por-la-ciudad-colonial-san-miguel-de-allende-t930992/
México;ciudad-de-mexico-l194;933296;Excursion Exclusiva A Pena De Bernal Y Vinedos Freixenet Desde Cdmx;https://www.getyourguide.com/es-es/ciudad-de-mexico-l194/excursion-exclusiva-a-pena-de-bernal-y-vinedos-freixenet-desde-cdmx-t933296/
México;ciudad-de-mexico-l194;959858;Cdmx Visita Teotihuacan Con Acceso Anticipado;https://www.getyourguide.com/es-es/ciudad-de-mexico-l194/cdmx-visita-teotihuacan-con-acceso-anticipado-t959858/
México;puerto-vallarta-l265;1001282;Cirque Du Soleil Ludo Nuevo Vallarta;https://www.getyourguide.com/es-es/puerto-vallarta-l265/cirque-du-soleil-ludo-nuevo-vallarta-t1001282/
México;ciudad-de-mexico-l194;1058698;Acceso Al Museo Frida Kahlo Con Guia Digital;https://www.getyourguide.com/es-es/ciudad-de-mexico-l194/acceso-al-museo-frida-kahlo-con-guia-digital-t1058698/
México;bacalar-l95624;1088215;Curso Privado De Vela En La Laguna Bacalar;https://www.getyourguide.com/es-es/bacalar-l95624/curso-privado-de-vela-en-la-laguna-bacalar-t1088215/
México;guadalajara-l677;1089445;Guadalajara Arquitectura De Luis Barragan Y Comida Callejera;https://www.getyourguide.com/es-es/guadalajara-l677/guadalajara-arquitectura-de-luis-barragan-y-comida-callejera-t1089445/
México;cabo-san-lucas-l306;1114580;Cabo San Lucas Tour Privado En Velero Con Barra Libre;https://www.getyourguide.com/es-es/cabo-san-lucas-l306/cabo-san-lucas-tour-privado-en-velero-con-barra-libre-t1114580/
México;palenque-chiapas-l179804;1141538;Palenque Visita Guiada A La Zona Arqueologica;https://www.getyourguide.com/es-es/palenque-chiapas-l179804/palenque-visita-guiada-a-la-zona-arqueologica-t1141538/
México;merida-l1903;1174482;Merida Tour Gastronomico Al Atardecer Con Mas De 15 Degustaciones;https://www.getyourguide.com/es-es/merida-l1903/merida-tour-gastronomico-al-atardecer-con-mas-de-15-degustaciones-t1174482/
México;ciudad-de-mexico-l194;1181331;Ciudad De Mexico Tour Privado De Senderismo Por La Laguna De Nahuala;https://www.getyourguide.com/es-es/ciudad-de-mexico-l194/ciudad-de-mexico-tour-privado-de-senderismo-por-la-laguna-de-nahuala-t1181331/
México;rio-lagartos-l146496;1201416;Rio Lagartos Tour De Cocodrilos Con Guia Local;https://www.getyourguide.com/es-es/rio-lagartos-l146496/rio-lagartos-tour-de-cocodrilos-con-guia-local-t1201416/
México;puerto-vallarta-l265;1237193;Puerto Vallarta Tour Gastronomico Guiado Con 8 Degustaciones;https://www.getyourguide.com/es-es/puerto-vallarta-l265/puerto-vallarta-tour-gastronomico-guiado-con-8-degustaciones-t1237193/
México;puerto-morelos-l112372;1302295;Puerto Morelos Tacos Chupitos De Tequila Y Tour Por La Playa;https://www.getyourguide.com/es-es/puerto-morelos-l112372/puerto-morelos-tacos-chupitos-de-tequila-y-tour-por-la-playa-t1302295/
México;akumal-l2807;1305701;Tour Por El Santuario De Tortugas De Akumal Y Aventura En El Parque De Tankah Con Almuerzo;https://www.getyourguide.com/es-es/akumal-l2807/tour-por-el-santuario-de-tortugas-de-akumal-y-aventura-en-el-parque-de-tankah-con-almuerzo-t1305701/
México;cabo-san-lucas-l306;131958;Los Cabos La Ultima Aventura En Utvs Cruza El Puente De Madera;https://www.getyourguide.com/es-es/cabo-san-lucas-l306/los-cabos-la-ultima-aventura-en-utvs-cruza-el-puente-de-madera-t131958/
México;municipio-oaxaca-de-juarez-l681;279057;Oaxaca Tour Guiado Por La Ciudad A Pie;https://www.getyourguide.com/es-es/municipio-oaxaca-de-juarez-l681/oaxaca-tour-guiado-por-la-ciudad-a-pie-t279057/
México;san-miguel-de-allende-l2515;279067;San Miguel Tour Gastronomico Nocturno;https://www.getyourguide.com/es-es/san-miguel-de-allende-l2515/san-miguel-tour-gastronomico-nocturno-t279067/
México;puerto-vallarta-l265;277637;Desde Puerto Vallarta San Sebastian Del Oeste Con Comida;https://www.getyourguide.com/es-es/puerto-vallarta-l265/desde-puerto-vallarta-san-sebastian-del-oeste-con-comida-t277637/
México;mazatlan-l808;390481;Mazatlan Paseo Por El Mercado Pino Suarez Con Degustaciones;https://www.getyourguide.com/es-es/mazatlan-l808/mazatlan-paseo-por-el-mercado-pino-suarez-con-degustaciones-t390481/
México;bacalar-l95624;399578;Bacalar Tour Privado En Bote Con Bebidas Y Refrigerios;https://www.getyourguide.com/es-es/bacalar-l95624/bacalar-tour-privado-en-bote-con-bebidas-y-refrigerios-t399578/
México;cancun-l150;412828;Cancun Y Playa Del Carmen Billete De Ida Y Vuelta En Ferry Para 2 Islas;https://www.getyourguide.com/es-es/cancun-l150/cancun-y-playa-del-carmen-billete-de-ida-y-vuelta-en-ferry-para-2-islas-t412828/
México;puerto-vallarta-l265;422000;Catas De Tequila En El Tasting Room;https://www.getyourguide.com/es-es/puerto-vallarta-l265/catas-de-tequila-en-el-tasting-room-t422000/
México;cancun-l150;428799;Desde Cancun Viaje De Esnorquel En Lancha Motora Punta Nizuc;https://www.getyourguide.com/es-es/cancun-l150/desde-cancun-viaje-de-esnorquel-en-lancha-motora-punta-nizuc-t428799/
México;merida-l1903;455250;Noches De Kukulkan;https://www.getyourguide.com/es-es/merida-l1903/noches-de-kukulkan-t455250/
México;puerto-vallarta-l265;493013;Puerto Vallarta Excursion De Dia Completo A 6 Playas Escondidas Y Snorkel;https://www.getyourguide.com/es-es/puerto-vallarta-l265/puerto-vallarta-excursion-de-dia-completo-a-6-playas-escondidas-y-snorkel-t493013/
México;san-cristobal-de-las-casas-l2166;517290;Desde San Cristobal Excursion Al Chiflon Y Lagos De Montebello;https://www.getyourguide.com/es-es/san-cristobal-de-las-casas-l2166/desde-san-cristobal-excursion-al-chiflon-y-lagos-de-montebello-t517290/
México;cancun-l150;523331;Desde Cancun Excursion De Un Dia A Chichen Itza;https://www.getyourguide.com/es-es/cancun-l150/desde-cancun-excursion-de-un-dia-a-chichen-itza-t523331/
México;cancun-l150;562672;Desde Cancun Chichen Itza Cenote Y Valladolid Tour Privado;https://www.getyourguide.com/es-es/cancun-l150/desde-cancun-chichen-itza-cenote-y-valladolid-tour-privado-t562672/
México;mahahual-l168421;604838;Mahahual Excursion A Las Ruinas Mayas De Chacchoben Y A La Laguna De Los Siete Colores;https://www.getyourguide.com/es-es/mahahual-l168421/mahahual-excursion-a-las-ruinas-mayas-de-chacchoben-y-a-la-laguna-de-los-siete-colores-t604838/
México;cabo-san-lucas-l306;608931;Cabo San Lucas Aventura En Utv Por El Pueblo De Candelaria;https://www.getyourguide.com/es-es/cabo-san-lucas-l306/cabo-san-lucas-aventura-en-utv-por-el-pueblo-de-candelaria-t608931/
México;tulum-l248;674061;Tulum Buceo En Arrecife Con 2 Tanques;https://www.getyourguide.com/es-es/tulum-l248/tulum-buceo-en-arrecife-con-2-tanques-t674061/
México;valladolid-mexico-l101556;685107;Valladolid Rio Lagartos Las Coloradas Ek Balam Y Cenote;https://www.getyourguide.com/es-es/valladolid-mexico-l101556/valladolid-rio-lagartos-las-coloradas-ek-balam-y-cenote-t685107/
México;ciudad-de-guanajuato-l2514;725685;Guanajuato Amplio Tour Publico;https://www.getyourguide.com/es-es/ciudad-de-guanajuato-l2514/guanajuato-amplio-tour-publico-t725685/
México;puerto-morelos-l112372;750999;Rider Tour;https://www.getyourguide.com/es-es/puerto-morelos-l112372/rider-tour-t750999/
México;cabo-san-lucas-l306;737470;Cabo San Lucas Servicio Chauffeur;https://www.getyourguide.com/es-es/cabo-san-lucas-l306/cabo-san-lucas-servicio-chauffeur-t737470/
México;cabo-san-lucas-l306;754383;Encuentro En Los Cabos;https://www.getyourguide.com/es-es/cabo-san-lucas-l306/encuentro-en-los-cabos-t754383/
México;tulum-l248;843407;Noche Mistica Maya Xibalba Kaan;https://www.getyourguide.com/es-es/tulum-l248/noche-mistica-maya-xibalba-kaan-t843407/
México;mahahual-l168421;854899;Mahahual Tour En Barco De Snorkel;https://www.getyourguide.com/es-es/mahahual-l168421/mahahual-tour-en-barco-de-snorkel-t854899/
México;mahahual-l168421;865813;Top Experience Bacalar Chacchoben Todo Incluido Desde Costa Maya;https://www.getyourguide.com/es-es/mahahual-l168421/top-experience-bacalar-chacchoben-todo-incluido-desde-costa-maya-t865813/
México;ciudad-de-mexico-l194;879090;Amanecer En Las Alturas Pico Del Aguila Ciudad De Mexico;https://www.getyourguide.com/es-es/ciudad-de-mexico-l194/amanecer-en-las-alturas-pico-del-aguila-ciudad-de-mexico-t879090/
México;ciudad-de-mexico-l194;933508;Cdmx Vida Nocturna Mexicana Con Chupitos Y Lucha Libre;https://www.getyourguide.com/es-es/ciudad-de-mexico-l194/cdmx-vida-nocturna-mexicana-con-chupitos-y-lucha-libre-t933508/
México;ciudad-de-mexico-l194;956836;Ciudad De Mexico Clase De Cocina Mexicana Autentica;https://www.getyourguide.com/es-es/ciudad-de-mexico-l194/ciudad-de-mexico-clase-de-cocina-mexicana-autentica-t956836/
México;valle-de-bravo-l95795;943384;Valle De Bravo Vuela En Parapente Con Instructor Y Disfruta Las Vistas;https://www.getyourguide.com/es-es/valle-de-bravo-l95795/valle-de-bravo-vuela-en-parapente-con-instructor-y-disfruta-las-vistas-t943384/
México;playa-del-carmen-l308;978306;Desde Playa Del Carmen Entrada Al Parque Xplor Dia Completo;https://www.getyourguide.com/es-es/playa-del-carmen-l308/desde-playa-del-carmen-entrada-al-parque-xplor-dia-completo-t978306/
México;cancun-l150;978231;Desde Cancun Entrada Al Parque Xplor Dia Completo;https://www.getyourguide.com/es-es/cancun-l150/desde-cancun-entrada-al-parque-xplor-dia-completo-t978231/
México;sisal-l191892;1005909;Sisal Yucatan Snorkel En Manantial Selvatico Y Exploracion De Manglares;https://www.getyourguide.com/es-es/sisal-l191892/sisal-yucatan-snorkel-en-manantial-selvatico-y-exploracion-de-manglares-t1005909/
México;ciudad-de-mexico-l194;1051753;Cdmx Prueba El Cafe Mexicano Con Un Juez Nacional;https://www.getyourguide.com/es-es/ciudad-de-mexico-l194/cdmx-prueba-el-cafe-mexicano-con-un-juez-nacional-t1051753/
México;municipio-de-teotihuacan-l165488;1088560;Teotihuacan Vuelo Exclusivo En Globo Solo Para Ti Y Tu Pareja;https://www.getyourguide.com/es-es/municipio-de-teotihuacan-l165488/teotihuacan-vuelo-exclusivo-en-globo-solo-para-ti-y-tu-pareja-t1088560/
México;nuevo-vallarta-l92762;1056004;Puerto Vallarta Lujosa Mega Yate Limusina Del Mar 2;https://www.getyourguide.com/es-es/nuevo-vallarta-l92762/puerto-vallarta-lujosa-mega-yate-limusina-del-mar-2-t1056004/
México;ciudad-de-mexico-l194;1138850;Sesion De Sabores De Ciudad De Mexico Descubre 34 Sabores Unicos;https://www.getyourguide.com/es-es/ciudad-de-mexico-l194/sesion-de-sabores-de-ciudad-de-mexico-descubre-34-sabores-unicos-t1138850/
México;san-miguel-de-cozumel-l141611;1143119;Cozumel Tour En Buggy Con Tacos Tequila Y Playa;https://www.getyourguide.com/es-es/san-miguel-de-cozumel-l141611/cozumel-tour-en-buggy-con-tacos-tequila-y-playa-t1143119/
México;ciudad-de-mexico-l194;1145419;La Roma Y La Romita Recorrido En Tuk Tuk;https://www.getyourguide.com/es-es/ciudad-de-mexico-l194/la-roma-y-la-romita-recorrido-en-tuk-tuk-t1145419/
México;dzibanche-l209662;1181014;Costa Maya Tour Exclusivo Por Las Ruinas De Dzibanche;https://www.getyourguide.com/es-es/dzibanche-l209662/costa-maya-tour-exclusivo-por-las-ruinas-de-dzibanche-t1181014/
México;ciudad-de-mexico-l194;1196717;Ciudad De Mexico Ceremonia Del Temazcal Y Del Rape;https://www.getyourguide.com/es-es/ciudad-de-mexico-l194/ciudad-de-mexico-ceremonia-del-temazcal-y-del-rape-t1196717/
México;san-pedro-garza-garcia-l197889;1200015;Mitras Hike Intermedio Con Vistas Panoramicas De Monterrey;https://www.getyourguide.com/es-es/san-pedro-garza-garcia-l197889/mitras-hike-intermedio-con-vistas-panoramicas-de-monterrey-t1200015/
México;municipio-oaxaca-de-juarez-l681;1203582;Oaxaca Sesion De Sanacion Con Bano De Sonido;https://www.getyourguide.com/es-es/municipio-oaxaca-de-juarez-l681/oaxaca-sesion-de-sanacion-con-bano-de-sonido-t1203582/
México;puerto-vallarta-l265;1289297;Puerto Vallarta Experiencia Con Cata De Tequila Tacos Y Churros;https://www.getyourguide.com/es-es/puerto-vallarta-l265/puerto-vallarta-experiencia-con-cata-de-tequila-tacos-y-churros-t1289297/
México;san-bartolo-coyotepec-l135622;1319721; Monte Alban Y Pueblos Artesanos Experiencia Privada Personalizada ;https://www.getyourguide.com/es-es/san-bartolo-coyotepec-l135622/-monte-alban-y-pueblos-artesanos-experiencia-privada-personalizada--t1319721/
México;tulum-l248;13848;Excursion En Barco Y Aventura De Snorkel En Sian Kaan;https://www.getyourguide.com/es-es/tulum-l248/excursion-en-barco-y-aventura-de-snorkel-en-sian-kaan-t13848/
México;san-miguel-de-allende-l2515;258397;San Miguel De Allende Tour De Tacos Y Tequilas;https://www.getyourguide.com/es-es/san-miguel-de-allende-l2515/san-miguel-de-allende-tour-de-tacos-y-tequilas-t258397/
México;cabo-san-lucas-l306;398976;Cabo San Lucas Unico Recorrido En Barco Claro Hasta El Fin De La Tierra;https://www.getyourguide.com/es-es/cabo-san-lucas-l306/cabo-san-lucas-unico-recorrido-en-barco-claro-hasta-el-fin-de-la-tierra-t398976/
México;ciudad-de-mexico-l194;409964;Ciudad De Mexico Recorrido A Pie Por La Ciudad De Noche;https://www.getyourguide.com/es-es/ciudad-de-mexico-l194/ciudad-de-mexico-recorrido-a-pie-por-la-ciudad-de-noche-t409964/
México;san-miguel-de-allende-l2515;420657;San Miguel De Allende Aventura En Tirolesa Y Puente Colgante;https://www.getyourguide.com/es-es/san-miguel-de-allende-l2515/san-miguel-de-allende-aventura-en-tirolesa-y-puente-colgante-t420657/
México;merida-l1903;426186;Desde Merida Chichen Itza Izamal Y Cenote Con Almuerzo Buffet;https://www.getyourguide.com/es-es/merida-l1903/desde-merida-chichen-itza-izamal-y-cenote-con-almuerzo-buffet-t426186/
México;cancun-l150;358240;Cancun Experiencia Parasailing Para Dos;https://www.getyourguide.com/es-es/cancun-l150/cancun-experiencia-parasailing-para-dos-t358240/
México;campeche-l2516;460689;Desde Campeche Excursion Al Encuentro Con Delfines En Isla Aguada;https://www.getyourguide.com/es-es/campeche-l2516/desde-campeche-excursion-al-encuentro-con-delfines-en-isla-aguada-t460689/
México;merida-l1903;555995;Merida Recorrido Por Las Murallas Los Fuertes Y La Cultura De Campeche;https://www.getyourguide.com/es-es/merida-l1903/merida-recorrido-por-las-murallas-los-fuertes-y-la-cultura-de-campeche-t555995/
México;monterrey-l679;592466;El Mejor Tour A Grutas De Garcia Teleferico Ticket De Entrada;https://www.getyourguide.com/es-es/monterrey-l679/el-mejor-tour-a-grutas-de-garcia-teleferico-ticket-de-entrada-t592466/
México;monterrey-l679;592548;Tour En Atv Cuatrimotos Guia Traslados;https://www.getyourguide.com/es-es/monterrey-l679/tour-en-atv-cuatrimotos-guia-traslados-t592548/
México;ciudad-de-mexico-l194;543332;Tour De Bares En Cdmx Tour De Bares Con Juegos De Fiesta;https://www.getyourguide.com/es-es/ciudad-de-mexico-l194/tour-de-bares-en-cdmx-tour-de-bares-con-juegos-de-fiesta-t543332/
México;ciudad-de-mexico-l194;569458;Bazar De Antiguedades De La Lagunilla;https://www.getyourguide.com/es-es/ciudad-de-mexico-l194/bazar-de-antiguedades-de-la-lagunilla-t569458/
México;cancun-l150;679369;Cancun Curso De Buceo En Aguas Abiertas En Cancun Isla Mujeres;https://www.getyourguide.com/es-es/cancun-l150/cancun-curso-de-buceo-en-aguas-abiertas-en-cancun-isla-mujeres-t679369/
México;cancun-l150;703682;Cancun Traslado Privado En Furgoneta A Valladolid;https://www.getyourguide.com/es-es/cancun-l150/cancun-traslado-privado-en-furgoneta-a-valladolid-t703682/
México;san-miguel-de-cozumel-l141611;680103;Aventura En Todoterreno En Cozumel A La Caverna De Jade;https://www.getyourguide.com/es-es/san-miguel-de-cozumel-l141611/aventura-en-todoterreno-en-cozumel-a-la-caverna-de-jade-t680103/
México;cancun-l150;745397;Aeropuerto Cancun Traslados Privados A Hotel Playa Del Carmen 32 Millas;https://www.getyourguide.com/es-es/cancun-l150/aeropuerto-cancun-traslados-privados-a-hotel-playa-del-carmen-32-millas-t745397/
México;cancun-l150;778053;Juega En El Campo De Golf Iberostar Cancun Con Clubes;https://www.getyourguide.com/es-es/cancun-l150/juega-en-el-campo-de-golf-iberostar-cancun-con-clubes-t778053/
México;puerto-vallarta-l265;732325;Marina Vallarta Excursion De Esnorquel A Yelapa Y Majahuitas;https://www.getyourguide.com/es-es/puerto-vallarta-l265/marina-vallarta-excursion-de-esnorquel-a-yelapa-y-majahuitas-t732325/
México;ciudad-de-mexico-l194;786656;Tour De Cafe De Especialidad;https://www.getyourguide.com/es-es/ciudad-de-mexico-l194/tour-de-cafe-de-especialidad-t786656/
México;ciudad-de-guanajuato-l2514;802192;Guanajuato Independence Route Group Tour;https://www.getyourguide.com/es-es/ciudad-de-guanajuato-l2514/guanajuato-independence-route-group-tour-t802192/
México;cabo-san-lucas-l306;829283;Viaje De Ida Desde El Aeropuerto Sjd A Los Hoteles De Cabo San Lucas;https://www.getyourguide.com/es-es/cabo-san-lucas-l306/viaje-de-ida-desde-el-aeropuerto-sjd-a-los-hoteles-de-cabo-san-lucas-t829283/
México;puerto-vallarta-l265;849739;Puerto Vallarta Crucero Pirata Con Cena Espectaculo Y Barra Libre;https://www.getyourguide.com/es-es/puerto-vallarta-l265/puerto-vallarta-crucero-pirata-con-cena-espectaculo-y-barra-libre-t849739/
México;cabo-san-lucas-l306;866224;Los Cabos Excursion En Kayak Con Fondo De Cristal Y Esnorquel En El Arco;https://www.getyourguide.com/es-es/cabo-san-lucas-l306/los-cabos-excursion-en-kayak-con-fondo-de-cristal-y-esnorquel-en-el-arco-t866224/
México;cancun-l150;901191;Cancun Clase De Elaboracion Artesanal De Tortillas Tradicionales Mexicanas;https://www.getyourguide.com/es-es/cancun-l150/cancun-clase-de-elaboracion-artesanal-de-tortillas-tradicionales-mexicanas-t901191/
México;playa-del-carmen-l308;947671;Playa Del Carmen Clase De Cocina Yucateca Con El Chef Luis;https://www.getyourguide.com/es-es/playa-del-carmen-l308/playa-del-carmen-clase-de-cocina-yucateca-con-el-chef-luis-t947671/
México;ciudad-de-mexico-l194;916913;Xochimilco Mezcal Party Culture Flavor And Fun;https://www.getyourguide.com/es-es/ciudad-de-mexico-l194/xochimilco-mezcal-party-culture-flavor-and-fun-t916913/
México;ciudad-de-mexico-l194;941179;Cdmx Tour Por El Dia De Muertos Con Guia Local Y Mariachis;https://www.getyourguide.com/es-es/ciudad-de-mexico-l194/cdmx-tour-por-el-dia-de-muertos-con-guia-local-y-mariachis-t941179/
México;santa-maria-huatulco-l781;1076193;Huatulco Encuentro Con Delfines Guiado Por Un Biologo Marino;https://www.getyourguide.com/es-es/santa-maria-huatulco-l781/huatulco-encuentro-con-delfines-guiado-por-un-biologo-marino-t1076193/
México;ciudad-de-mexico-l194;1079245;Ciudad De Mexico Tour Privado A Pie Para Toda La Familia;https://www.getyourguide.com/es-es/ciudad-de-mexico-l194/ciudad-de-mexico-tour-privado-a-pie-para-toda-la-familia-t1079245/
México;akumal-l2807;1092137;Akumal Tour De Snorkel Con Tortugas En Un Paraiso Natural;https://www.getyourguide.com/es-es/akumal-l2807/akumal-tour-de-snorkel-con-tortugas-en-un-paraiso-natural-t1092137/
México;tulum-l248;1117095;Tulum Tour Guiado Por La Zona Arqueologica Con Acceso A La Playa;https://www.getyourguide.com/es-es/tulum-l248/tulum-tour-guiado-por-la-zona-arqueologica-con-acceso-a-la-playa-t1117095/
México;guadalajara-l677;1181933;Nevado De Colima Tour Guiado A La Cumbre;https://www.getyourguide.com/es-es/guadalajara-l677/nevado-de-colima-tour-guiado-a-la-cumbre-t1181933/
México;teotitlan-del-valle-l135632;1180080;Atardecer En El Picacho Teotitlan Del Valle Caminata Y Vistas Panoramicas;https://www.getyourguide.com/es-es/teotitlan-del-valle-l135632/atardecer-en-el-picacho-teotitlan-del-valle-caminata-y-vistas-panoramicas-t1180080/
México;ciudad-de-mexico-l194;1208499;Ciudad De Mexico El Mejor Tour Guiado De La Ciudad;https://www.getyourguide.com/es-es/ciudad-de-mexico-l194/ciudad-de-mexico-el-mejor-tour-guiado-de-la-ciudad-t1208499/
México;santa-maria-huatulco-l781;500607;Desde Huatulco Experiencia De Montar A Caballo En La Playa;https://www.getyourguide.com/es-es/santa-maria-huatulco-l781/desde-huatulco-experiencia-de-montar-a-caballo-en-la-playa-t500607/
México;rio-lagartos-l146496;1230279;Para Amantes De La Naturaleza Tour En Barco De Dia Completo Por El Rio Lagartos Con Almuerzo;https://www.getyourguide.com/es-es/rio-lagartos-l146496/para-amantes-de-la-naturaleza-tour-en-barco-de-dia-completo-por-el-rio-lagartos-con-almuerzo-t1230279/
México;santa-maria-del-tule-l135627;1232182;Clase De Danza Oaxaquena En El Tule;https://www.getyourguide.com/es-es/santa-maria-del-tule-l135627/clase-de-danza-oaxaquena-en-el-tule-t1232182/
México;bahia-de-santa-cruz-huatulco-l205317;1237344;Kayak Al Amanecer En Chacahua;https://www.getyourguide.com/es-es/bahia-de-santa-cruz-huatulco-l205317/kayak-al-amanecer-en-chacahua-t1237344/
México;tulum-l248;558864;Tulum Transporte Privado A La Isla De Holbox;https://www.getyourguide.com/es-es/tulum-l248/tulum-transporte-privado-a-la-isla-de-holbox-t558864/
México;progreso-l95507;599124;Desde Merida Isla Columpios;https://www.getyourguide.com/es-es/progreso-l95507/desde-merida-isla-columpios-t599124/
México;monterrey-l679;1300317;Meseta De Chipinque Vistas Panoramicas Sendero Forestal Y Casa Almazan;https://www.getyourguide.com/es-es/monterrey-l679/meseta-de-chipinque-vistas-panoramicas-sendero-forestal-y-casa-almazan-t1300317/
México;municipio-oaxaca-de-juarez-l681;1305756;Oaxaca Experiencia De Elaboracion De Chocolate Para Ninos;https://www.getyourguide.com/es-es/municipio-oaxaca-de-juarez-l681/oaxaca-experiencia-de-elaboracion-de-chocolate-para-ninos-t1305756/
México;mahahual-l168421;700334;Tour Privado A La Laguna De Bacalar Desde Costa Maya Todo Incluido;https://www.getyourguide.com/es-es/mahahual-l168421/tour-privado-a-la-laguna-de-bacalar-desde-costa-maya-todo-incluido-t700334/
México;acapulco-de-juarez-l307;730448;Acapulco Sunday S Wrestling Experience Tacos Tequila;https://www.getyourguide.com/es-es/acapulco-de-juarez-l307/acapulco-sunday-s-wrestling-experience-tacos-tequila-t730448/
México;san-jose-del-cabo-l967;737535;Aeropuerto Internacional De Los Cabos Traslado Corredor Turistico;https://www.getyourguide.com/es-es/san-jose-del-cabo-l967/aeropuerto-internacional-de-los-cabos-traslado-corredor-turistico-t737535/
México;puerto-vallarta-l265;746657;Puerto Vallarta Paseos A Caballo Pase Puente Jorullo;https://www.getyourguide.com/es-es/puerto-vallarta-l265/puerto-vallarta-paseos-a-caballo-pase-puente-jorullo-t746657/
México;san-nicolas-oxtotipac-l210918;769419;Teotihuacan Entrada Al Parque Reino Animal Aventura Y Naturaleza;https://www.getyourguide.com/es-es/san-nicolas-oxtotipac-l210918/teotihuacan-entrada-al-parque-reino-animal-aventura-y-naturaleza-t769419/
México;ciudad-de-mexico-l194;831119;Ciudad De Mexico Experiencia De Baile De Salsa;https://www.getyourguide.com/es-es/ciudad-de-mexico-l194/ciudad-de-mexico-experiencia-de-baile-de-salsa-t831119/
México;bacalar-l95624;843284;Dzibanche Y Cenote Azul Bacalar;https://www.getyourguide.com/es-es/bacalar-l95624/dzibanche-y-cenote-azul-bacalar-t843284/
México;san-jose-del-cabo-l967;398007;Paseo Artistico De Los Jueves En San Jose Del Cabo;https://www.getyourguide.com/es-es/san-jose-del-cabo-l967/paseo-artistico-de-los-jueves-en-san-jose-del-cabo-t398007/
México;tulum-l248;398758;Tulum Tour De 3 Horas De Degustacion De Comida Local;https://www.getyourguide.com/es-es/tulum-l248/tulum-tour-de-3-horas-de-degustacion-de-comida-local-t398758/
México;tulum-l248;865980;Tulum Traslado Al Aeropuerto Privado A Los Hoteles De La Riviera Maya;https://www.getyourguide.com/es-es/tulum-l248/tulum-traslado-al-aeropuerto-privado-a-los-hoteles-de-la-riviera-maya-t865980/
México;cancun-l150;414347;Desde Cancun Excursion De Un Dia A Rio Lagartos Y Las Coloradas Y Almuerzo;https://www.getyourguide.com/es-es/cancun-l150/desde-cancun-excursion-de-un-dia-a-rio-lagartos-y-las-coloradas-y-almuerzo-t414347/
México;san-jose-del-cabo-l967;912715;Los Cabos Excursion A San Jose Del Cabo Y Cabo San Lucas;https://www.getyourguide.com/es-es/san-jose-del-cabo-l967/los-cabos-excursion-a-san-jose-del-cabo-y-cabo-san-lucas-t912715/
México;valle-de-bravo-l95795;943403;Valle De Bravo Vuelo Ala Delta;https://www.getyourguide.com/es-es/valle-de-bravo-l95795/valle-de-bravo-vuelo-ala-delta-t943403/
México;tulum-l248;956740;Tulum Tour Guiado A Chichen Itza Con Servicio De Recogida Del Hotel Incluida;https://www.getyourguide.com/es-es/tulum-l248/tulum-tour-guiado-a-chichen-itza-con-servicio-de-recogida-del-hotel-incluida-t956740/
México;palenque-chiapas-l179804;981240;Desde Tuxtla Gutierrez Tour De 4 Dias A Palenque Y Chiapas;https://www.getyourguide.com/es-es/palenque-chiapas-l179804/desde-tuxtla-gutierrez-tour-de-4-dias-a-palenque-y-chiapas-t981240/
México;cabo-san-lucas-l306;1051892;Bahia La Empacadora Experiencia De Paseo Submarino Con Sea Trek;https://www.getyourguide.com/es-es/cabo-san-lucas-l306/bahia-la-empacadora-experiencia-de-paseo-submarino-con-sea-trek-t1051892/
México;san-pedro-cholula-l180643;641375;Recorre Atlixco Y Cholula En Un Solo Dia;https://www.getyourguide.com/es-es/san-pedro-cholula-l180643/recorre-atlixco-y-cholula-en-un-solo-dia-t641375/
México;cancun-l150;653876;Vuelo Panoramico A La Zona Hotelera De Cancun E Isla Mujeres;https://www.getyourguide.com/es-es/cancun-l150/vuelo-panoramico-a-la-zona-hotelera-de-cancun-e-isla-mujeres-t653876/
México;ciudad-de-mexico-l194;1114582;Tour A Pie Por Edificios Historicos Y Murales De Cdmx;https://www.getyourguide.com/es-es/ciudad-de-mexico-l194/tour-a-pie-por-edificios-historicos-y-murales-de-cdmx-t1114582/
México;ciudad-de-mexico-l194;674297;Magia Xochimilco Tequila Mezcal Y Diversion;https://www.getyourguide.com/es-es/ciudad-de-mexico-l194/magia-xochimilco-tequila-mezcal-y-diversion-t674297/
México;cabo-san-lucas-l306;698108;Cabo Tour En Yate Al Atardecer Por El Arco Cena Y Bebidas 18 Personas;https://www.getyourguide.com/es-es/cabo-san-lucas-l306/cabo-tour-en-yate-al-atardecer-por-el-arco-cena-y-bebidas-18-personas-t698108/
México;puerto-vallarta-l265;722083;Puerto Vallarta Reflexologia Podal Y Masaje De Piernas Cansadas;https://www.getyourguide.com/es-es/puerto-vallarta-l265/puerto-vallarta-reflexologia-podal-y-masaje-de-piernas-cansadas-t722083/
México;san-jose-del-cabo-l967;737522;Aeropuerto Internacional De Los Cabos Traslado San Jose Del Cabo;https://www.getyourguide.com/es-es/san-jose-del-cabo-l967/aeropuerto-internacional-de-los-cabos-traslado-san-jose-del-cabo-t737522/
México;san-miguel-de-allende-l2515;751177;Recorrido Compartido Por Guanajuato Desde San Miguel De Allende;https://www.getyourguide.com/es-es/san-miguel-de-allende-l2515/recorrido-compartido-por-guanajuato-desde-san-miguel-de-allende-t751177/
México;ensenada-l545;755881;Ensenada Tour Privado Al Geiser La Bufadora;https://www.getyourguide.com/es-es/ensenada-l545/ensenada-tour-privado-al-geiser-la-bufadora-t755881/
México;ensenada-l545;756916;Ensenada Paseos A Caballo En Playa Hermosa;https://www.getyourguide.com/es-es/ensenada-l545/ensenada-paseos-a-caballo-en-playa-hermosa-t756916/
México;ciudad-de-mexico-l194;799309;Ciudad De Mexico Excursion De Un Dia A Frida Kahlo Coyoacan Y Xochimilco;https://www.getyourguide.com/es-es/ciudad-de-mexico-l194/ciudad-de-mexico-excursion-de-un-dia-a-frida-kahlo-coyoacan-y-xochimilco-t799309/
México;tepoztlan-l148412;1189332;Tepoztlan Tour Privado Con Guia Local Servicio De Recogida;https://www.getyourguide.com/es-es/tepoztlan-l148412/tepoztlan-tour-privado-con-guia-local-servicio-de-recogida-t1189332/
México;san-miguel-de-cozumel-l141611;1196431;Cozumel Experiencia Privada De Esnorquel En La Discoteca De Playa Skyreef;https://www.getyourguide.com/es-es/san-miguel-de-cozumel-l141611/cozumel-experiencia-privada-de-esnorquel-en-la-discoteca-de-playa-skyreef-t1196431/
México;cancun-l150;847546;Traslado Privado Del Aeropuerto Cun Al Hyatt Ziva Cancun;https://www.getyourguide.com/es-es/cancun-l150/traslado-privado-del-aeropuerto-cun-al-hyatt-ziva-cancun-t847546/
México;cancun-l150;871392;Traslado Privado Desde El Aeropuerto De Cun A Le Blanc Spa Resort;https://www.getyourguide.com/es-es/cancun-l150/traslado-privado-desde-el-aeropuerto-de-cun-a-le-blanc-spa-resort-t871392/
México;cancun-l150;877777;Transporte Privado Del Aeropuerto De Cun Al Temptation Cancun Resort;https://www.getyourguide.com/es-es/cancun-l150/transporte-privado-del-aeropuerto-de-cun-al-temptation-cancun-resort-t877777/
México;cancun-l150;881049;Traslado Privado Finest Playa Mujeres A Aeropuerto Cun;https://www.getyourguide.com/es-es/cancun-l150/traslado-privado-finest-playa-mujeres-a-aeropuerto-cun-t881049/
México;playa-del-carmen-l308;1308295;Tour De Nado Con Tiburon Ballena Y Holbox Grupo Pequeno;https://www.getyourguide.com/es-es/playa-del-carmen-l308/tour-de-nado-con-tiburon-ballena-y-holbox-grupo-pequeno-t1308295/
México;ciudad-de-guanajuato-l2514;1042015;Desde Guanajuato Minas Y Fincas Abandonadas Mineral De Pozos;https://www.getyourguide.com/es-es/ciudad-de-guanajuato-l2514/desde-guanajuato-minas-y-fincas-abandonadas-mineral-de-pozos-t1042015/
México;ciudad-de-mexico-l194;1049495;Tour De Compras Vintage Con Desayuno En Cdmx;https://www.getyourguide.com/es-es/ciudad-de-mexico-l194/tour-de-compras-vintage-con-desayuno-en-cdmx-t1049495/
México;santiago-matatlan-l197034;1080392;Tour Mezcal Agave Y Pulque En Oaxaca;https://www.getyourguide.com/es-es/santiago-matatlan-l197034/tour-mezcal-agave-y-pulque-en-oaxaca-t1080392/
México;uxmal-l114187;410696;Uxmal Visita Privada A Las Plantaciones En Un Land Rover Antiguo;https://www.getyourguide.com/es-es/uxmal-l114187/uxmal-visita-privada-a-las-plantaciones-en-un-land-rover-antiguo-t410696/
México;ciudad-de-mexico-l194;1194758;Tour De Arte Urbano En Tepito;https://www.getyourguide.com/es-es/ciudad-de-mexico-l194/tour-de-arte-urbano-en-tepito-t1194758/
México;bacalar-l95624;511777;Paseo En Velero Por La Laguna De Los Siete Colores De Bacalar;https://www.getyourguide.com/es-es/bacalar-l95624/paseo-en-velero-por-la-laguna-de-los-siete-colores-de-bacalar-t511777/
México;monterrey-l679;1196423;Monterrey Cata De Mezcal;https://www.getyourguide.com/es-es/monterrey-l679/monterrey-cata-de-mezcal-t1196423/
México;cancun-l150;523747;Cancun Excursion En Yate Por Isla Mujeres;https://www.getyourguide.com/es-es/cancun-l150/cancun-excursion-en-yate-por-isla-mujeres-t523747/
México;zihuatanejo-l392;1228401;Tour Completo De Ixtapa Zihuatanejo Y Avistamiento De Iguanas Y Cocodrilos;https://www.getyourguide.com/es-es/zihuatanejo-l392/tour-completo-de-ixtapa-zihuatanejo-y-avistamiento-de-iguanas-y-cocodrilos-t1228401/
México;cabo-san-lucas-l306;608970;Cabo San Lucas Increible Aventura En Camello En La Playa;https://www.getyourguide.com/es-es/cabo-san-lucas-l306/cabo-san-lucas-increible-aventura-en-camello-en-la-playa-t608970/
México;papantla-de-olarte-l109597;1288647;Veracruz Ticket De Entrada A La Zona Arqueologida El Tajin;https://www.getyourguide.com/es-es/papantla-de-olarte-l109597/veracruz-ticket-de-entrada-a-la-zona-arqueologida-el-tajin-t1288647/
México;playa-del-carmen-l308;1290353;Playa Del Carmen Tour En Bicicleta De Montana Por La Selva Con Cenote;https://www.getyourguide.com/es-es/playa-del-carmen-l308/playa-del-carmen-tour-en-bicicleta-de-montana-por-la-selva-con-cenote-t1290353/
México;cabo-san-lucas-l306;675721;Cabo San Lucas Cabo Foodie Grand Tour;https://www.getyourguide.com/es-es/cabo-san-lucas-l306/cabo-san-lucas-cabo-foodie-grand-tour-t675721/
México;puerto-vallarta-l265;682781;Puerto Vallarta Super Combo Aventura Rzr Canopy Mulas;https://www.getyourguide.com/es-es/puerto-vallarta-l265/puerto-vallarta-super-combo-aventura-rzr-canopy-mulas-t682781/
México;xilitla-l207535;743059;Excursion De 2 Dias Puente De Dios Y Xilitla Desde San Luis Potosi;https://www.getyourguide.com/es-es/xilitla-l207535/excursion-de-2-dias-puente-de-dios-y-xilitla-desde-san-luis-potosi-t743059/
México;puerto-escondido-l32155;806841;Puerto Escondido Paseos A Caballo Por El Campo;https://www.getyourguide.com/es-es/puerto-escondido-l32155/puerto-escondido-paseos-a-caballo-por-el-campo-t806841/
México;cancun-l150;837626;Transporte Privado Desde Zoetry Paraiso Al Aeropuerto Cun;https://www.getyourguide.com/es-es/cancun-l150/transporte-privado-desde-zoetry-paraiso-al-aeropuerto-cun-t837626/
México;cancun-l150;879564;Traslado Privado The Westin Lagunamar Ocean Al Aeropuerto Cun;https://www.getyourguide.com/es-es/cancun-l150/traslado-privado-the-westin-lagunamar-ocean-al-aeropuerto-cun-t879564/
México;puerto-vallarta-l265;280282;Desde Puerto Vallarta Guadalajara Tequila Y Tlaquepaque;https://www.getyourguide.com/es-es/puerto-vallarta-l265/desde-puerto-vallarta-guadalajara-tequila-y-tlaquepaque-t280282/
México;mazatlan-l808;324008;Atv Tour De La Ciudad Con Comida Y Degustacion De Mezcal;https://www.getyourguide.com/es-es/mazatlan-l808/atv-tour-de-la-ciudad-con-comida-y-degustacion-de-mezcal-t324008/
México;zacatlan-l143480;385100;Puebla Excursion Privada De Un Dia Al Valle De Los Pilares Y Zacatlan;https://www.getyourguide.com/es-es/zacatlan-l143480/puebla-excursion-privada-de-un-dia-al-valle-de-los-pilares-y-zacatlan-t385100/
México;zacatlan-l143480;942722;Puebla Tour Zacatlan Y Chignahuapan;https://www.getyourguide.com/es-es/zacatlan-l143480/puebla-tour-zacatlan-y-chignahuapan-t942722/
México;puerto-vallarta-l265;416983;Puerto Vallarta Recorrido Turistico En Bicicleta Electrica Y Recorrido Por La Montana;https://www.getyourguide.com/es-es/puerto-vallarta-l265/puerto-vallarta-recorrido-turistico-en-bicicleta-electrica-y-recorrido-por-la-montana-t416983/
México;acapulco-de-juarez-l307;437103;Excursion En Tierra De 6 Horas Con Recogida En La Terminal De Cruceros;https://www.getyourguide.com/es-es/acapulco-de-juarez-l307/excursion-en-tierra-de-6-horas-con-recogida-en-la-terminal-de-cruceros-t437103/
México;atlixco-l157268;1034216;Puebla El Magico Atlixco El Volcan El Jardin Unico Y El Laberinto De Plantas;https://www.getyourguide.com/es-es/atlixco-l157268/puebla-el-magico-atlixco-el-volcan-el-jardin-unico-y-el-laberinto-de-plantas-t1034216/
México;san-miguel-de-cozumel-l141611;518115;Desde Cozumel Buceo Con Doble Tanque Para Buceadores Certificados;https://www.getyourguide.com/es-es/san-miguel-de-cozumel-l141611/desde-cozumel-buceo-con-doble-tanque-para-buceadores-certificados-t518115/
México;cancun-l150;532914;Cancun Experiencia Privada De 3 Horas En Autobus De Fiesta;https://www.getyourguide.com/es-es/cancun-l150/cancun-experiencia-privada-de-3-horas-en-autobus-de-fiesta-t532914/
México;merida-l1903;542425;Tour Privado Chichen Itza Cenote Y Pueblo Magico De Valladolid;https://www.getyourguide.com/es-es/merida-l1903/tour-privado-chichen-itza-cenote-y-pueblo-magico-de-valladolid-t542425/
México;ciudad-de-mexico-l194;1132637;Ciudad De Mexico Taller De Pintura De Alebrijes Con Churros;https://www.getyourguide.com/es-es/ciudad-de-mexico-l194/ciudad-de-mexico-taller-de-pintura-de-alebrijes-con-churros-t1132637/
México;cabo-san-lucas-l306;1136617;Cabo San Lucas Tour De La Ciudad Con Paseo En Barco Y Tequila;https://www.getyourguide.com/es-es/cabo-san-lucas-l306/cabo-san-lucas-tour-de-la-ciudad-con-paseo-en-barco-y-tequila-t1136617/
México;merida-l1903;1168997;Tour Historico Y Cultural En Paseo De Montejo;https://www.getyourguide.com/es-es/merida-l1903/tour-historico-y-cultural-en-paseo-de-montejo-t1168997/
México;zihuatanejo-l392;658547;Ixtapa Zihuatanejo Paseo En Kayak Por Barra De Potosi;https://www.getyourguide.com/es-es/zihuatanejo-l392/ixtapa-zihuatanejo-paseo-en-kayak-por-barra-de-potosi-t658547/
México;cancun-l150;675065;Cancun Clase Grupal De Salsabachata;https://www.getyourguide.com/es-es/cancun-l150/cancun-clase-grupal-de-salsabachata-t675065/
México;zihuatanejo-l1474;678448;Ixtapa Curso Discover Diver;https://www.getyourguide.com/es-es/zihuatanejo-l1474/ixtapa-curso-discover-diver-t678448/
México;ensenada-l545;756974;Ensenada Aventura En Montana En Quad;https://www.getyourguide.com/es-es/ensenada-l545/ensenada-aventura-en-montana-en-quad-t756974/
México;cancun-l150;877769;Transporte Privado Sunset Marina Resort Yacht Al Aeropuerto De Cun;https://www.getyourguide.com/es-es/cancun-l150/transporte-privado-sunset-marina-resort-yacht-al-aeropuerto-de-cun-t877769/
México;cancun-l150;881040;Traslado Privado Aeropuerto Cun A Finest Playa Mujeres;https://www.getyourguide.com/es-es/cancun-l150/traslado-privado-aeropuerto-cun-a-finest-playa-mujeres-t881040/
México;merida-l1903;1313389;;https://www.getyourguide.com/es-es/merida-l1903/-t1313389/
México;ciudad-de-mexico-l194;933282;Ciudad De Mexico Tour A La Basilica De Nuestra Senora De Guadalupe;https://www.getyourguide.com/es-es/ciudad-de-mexico-l194/ciudad-de-mexico-tour-a-la-basilica-de-nuestra-senora-de-guadalupe-t933282/
México;ciudad-de-mexico-l194;388543;Ciudad De Mexico Tour A Pie Por La Arquitectura Mexicana De Los Anos 60 Y 70;https://www.getyourguide.com/es-es/ciudad-de-mexico-l194/ciudad-de-mexico-tour-a-pie-por-la-arquitectura-mexicana-de-los-anos-60-y-70-t388543/
México;puerto-morelos-l112372;399301;Riviera Maya Tour Interactivo Del Zoologico Croco Cun;https://www.getyourguide.com/es-es/puerto-morelos-l112372/riviera-maya-tour-interactivo-del-zoologico-croco-cun-t399301/
México;mazatlan-l808;1084915;Sabores De Mexico Experiencia Practica De Cocina En Mazatlan;https://www.getyourguide.com/es-es/mazatlan-l808/sabores-de-mexico-experiencia-practica-de-cocina-en-mazatlan-t1084915/
México;ciudad-de-mexico-l194;1089541;Ciudad De Mexico Tour Por El Mercado De San Juan Con Degustaciones Gastronomicas;https://www.getyourguide.com/es-es/ciudad-de-mexico-l194/ciudad-de-mexico-tour-por-el-mercado-de-san-juan-con-degustaciones-gastronomicas-t1089541/
México;municipio-oaxaca-de-juarez-l681;1146333;Manantial Sagrado Y Cocina Tradicional En Llano Grande;https://www.getyourguide.com/es-es/municipio-oaxaca-de-juarez-l681/manantial-sagrado-y-cocina-tradicional-en-llano-grande-t1146333/
México;ciudad-de-mexico-l194;495703;Ciudad De Mexico Historia De Su Gastronomia E Influencias;https://www.getyourguide.com/es-es/ciudad-de-mexico-l194/ciudad-de-mexico-historia-de-su-gastronomia-e-influencias-t495703/
México;palenque-chiapas-l179804;520292;Desde Palenque Ruinas Y Cascadas De Palenque Roberto Barrios;https://www.getyourguide.com/es-es/palenque-chiapas-l179804/desde-palenque-ruinas-y-cascadas-de-palenque-roberto-barrios-t520292/
México;tulum-l248;522840;Tour Privado A Chichen Itza Meson Del Marques Y Valladolid;https://www.getyourguide.com/es-es/tulum-l248/tour-privado-a-chichen-itza-meson-del-marques-y-valladolid-t522840/
México;ciudad-de-mexico-l194;548291;Muchos Moles Clase Y Festin De Cocina De Mole Multivarietal;https://www.getyourguide.com/es-es/ciudad-de-mexico-l194/muchos-moles-clase-y-festin-de-cocina-de-mole-multivarietal-t548291/
México;cabo-san-lucas-l306;550534;Cabo San Lucas Excursion En Utv Playa Y Desierto;https://www.getyourguide.com/es-es/cabo-san-lucas-l306/cabo-san-lucas-excursion-en-utv-playa-y-desierto-t550534/
México;mahahual-l168421;606572;Costa Maya Ebikes Alquiler;https://www.getyourguide.com/es-es/mahahual-l168421/costa-maya-ebikes-alquiler-t606572/
México;queretaro-l1170;608973;Queretaro Viaje A Bernal Y Tequisquiapan Con Vino Y Queso;https://www.getyourguide.com/es-es/queretaro-l1170/queretaro-viaje-a-bernal-y-tequisquiapan-con-vino-y-queso-t608973/
México;valle-de-bravo-l95795;655639;Valle De Bravo Alquiler De Barcos De Esqui;https://www.getyourguide.com/es-es/valle-de-bravo-l95795/valle-de-bravo-alquiler-de-barcos-de-esqui-t655639/
México;playa-del-carmen-l308;656693;Playa Del Carmen Buceo En Cenotes La Fosa Y Dos Ojos;https://www.getyourguide.com/es-es/playa-del-carmen-l308/playa-del-carmen-buceo-en-cenotes-la-fosa-y-dos-ojos-t656693/
México;cancun-l150;684377;Traslado Aeropuerto A Zona Hotelera De Cancun;https://www.getyourguide.com/es-es/cancun-l150/traslado-aeropuerto-a-zona-hotelera-de-cancun-t684377/
México;palenque-chiapas-l179804;684945;Recorridos Por San Basilio De Palenque Espectaculo De Danza Comida Y Recogida;https://www.getyourguide.com/es-es/palenque-chiapas-l179804/recorridos-por-san-basilio-de-palenque-espectaculo-de-danza-comida-y-recogida-t684945/
México;boca-de-tomatlan-l165507;695356;Puerto Vallarta Ruta De Senderismo Por Playas Ocultas Y Aventura En El Dosel;https://www.getyourguide.com/es-es/boca-de-tomatlan-l165507/puerto-vallarta-ruta-de-senderismo-por-playas-ocultas-y-aventura-en-el-dosel-t695356/
México;mahahual-l168421;704113;Tour En Barco Por Las Ruinas De Chacchoben Y La Laguna De Bacalar Desde Costamaya;https://www.getyourguide.com/es-es/mahahual-l168421/tour-en-barco-por-las-ruinas-de-chacchoben-y-la-laguna-de-bacalar-desde-costamaya-t704113/
México;acapulco-de-juarez-l307;743968;Acapulco Experiencia De Pesca Privada;https://www.getyourguide.com/es-es/acapulco-de-juarez-l307/acapulco-experiencia-de-pesca-privada-t743968/
México;teuchitlan-l92834;1313304;Valles De Tequila Piramides Volcanes Y Destileria;https://www.getyourguide.com/es-es/teuchitlan-l92834/valles-de-tequila-piramides-volcanes-y-destileria-t1313304/
México;mahahual-l168421;794227;Descanso En La Playa De Costa Maya Con Todo Incluido Y Barra Libre;https://www.getyourguide.com/es-es/mahahual-l168421/descanso-en-la-playa-de-costa-maya-con-todo-incluido-y-barra-libre-t794227/
México;ciudad-de-mexico-l194;819667;Ciudad De Mexico Casa Del Dia De Muertos Y Taller De Manualidades;https://www.getyourguide.com/es-es/ciudad-de-mexico-l194/ciudad-de-mexico-casa-del-dia-de-muertos-y-taller-de-manualidades-t819667/
México;cancun-l150;838577;Transporte Privado Del Aeropuerto Cun A Haven Riviera Cancun;https://www.getyourguide.com/es-es/cancun-l150/transporte-privado-del-aeropuerto-cun-a-haven-riviera-cancun-t838577/
México;san-miguel-de-cozumel-l141611;856660;Excursion En Tierra Saborea Cozumel Con Tacos Cerveza Y Mezcal;https://www.getyourguide.com/es-es/san-miguel-de-cozumel-l141611/excursion-en-tierra-saborea-cozumel-con-tacos-cerveza-y-mezcal-t856660/
México;cancun-l150;870389;Transporte Privado Del Hotel Krystal Cancun Al Aeropuerto Cun;https://www.getyourguide.com/es-es/cancun-l150/transporte-privado-del-hotel-krystal-cancun-al-aeropuerto-cun-t870389/
México;santa-maria-huatulco-l781;388319;Desde Huatulco Liberacion De Tortugas Y Plancton Bioluminiscente;https://www.getyourguide.com/es-es/santa-maria-huatulco-l781/desde-huatulco-liberacion-de-tortugas-y-plancton-bioluminiscente-t388319/
México;cancun-l150;395970;Desde Cancun Entrada Al Parque Arrecifal Garrafon Con Ferry De Ida Y Vuelta;https://www.getyourguide.com/es-es/cancun-l150/desde-cancun-entrada-al-parque-arrecifal-garrafon-con-ferry-de-ida-y-vuelta-t395970/
México;cabo-san-lucas-l306;398327;Cabo San Lucas Combo Paseo En Camello Y Aventura En Utv Todoterreno;https://www.getyourguide.com/es-es/cabo-san-lucas-l306/cabo-san-lucas-combo-paseo-en-camello-y-aventura-en-utv-todoterreno-t398327/
México;playa-del-carmen-l308;928098;Desde Cancun O La Riviera Maya Excursion De Un Dia A Coba Y Rio Secreto;https://www.getyourguide.com/es-es/playa-del-carmen-l308/desde-cancun-o-la-riviera-maya-excursion-de-un-dia-a-coba-y-rio-secreto-t928098/
México;tulum-l248;946789;Tulum Aventura En Ruinas Y Cenote;https://www.getyourguide.com/es-es/tulum-l248/tulum-aventura-en-ruinas-y-cenote-t946789/
México;akumal-l2807;1035114;Tour Platino A Tulum Con Tortugas En Akumal Y Cenote Nohoch;https://www.getyourguide.com/es-es/akumal-l2807/tour-platino-a-tulum-con-tortugas-en-akumal-y-cenote-nohoch-t1035114/
México;monterrey-l679;1045087;Tour A La Famosa Cascada Cola De Caballo Y El Pueblo Magico De Santiago Nl;https://www.getyourguide.com/es-es/monterrey-l679/tour-a-la-famosa-cascada-cola-de-caballo-y-el-pueblo-magico-de-santiago-nl-t1045087/
México;cabo-san-lucas-l306;552957;Cabo San Lucas Cabalgata En Migrino Con Traslados;https://www.getyourguide.com/es-es/cabo-san-lucas-l306/cabo-san-lucas-cabalgata-en-migrino-con-traslados-t552957/
México;pomuch-l241365;1127128;Campeche Mayan Journey Through Bones And Cochinita;https://www.getyourguide.com/es-es/pomuch-l241365/campeche-mayan-journey-through-bones-and-cochinita-t1127128/
México;tulum-l248;600898;Tulum 2 Horas De Snorkel En Dos Puntos Del Arrecife De Tulum;https://www.getyourguide.com/es-es/tulum-l248/tulum-2-horas-de-snorkel-en-dos-puntos-del-arrecife-de-tulum-t600898/
México;ciudad-de-mexico-l194;1139777;Ciudad De Mexico Excursion Privada De 1 Dia A Valle De Bravo;https://www.getyourguide.com/es-es/ciudad-de-mexico-l194/ciudad-de-mexico-excursion-privada-de-1-dia-a-valle-de-bravo-t1139777/
México;puerto-aventuras-l964;1175650;Tulum Expedicion Exclusiva A 4 Cenotes Grupo Pequeno Y Almuerzo;https://www.getyourguide.com/es-es/puerto-aventuras-l964/tulum-expedicion-exclusiva-a-4-cenotes-grupo-pequeno-y-almuerzo-t1175650/
México;merida-l1903;654322;Oxkintok Antiguo Puuc Becal Jipi Japa Artesano Cenote;https://www.getyourguide.com/es-es/merida-l1903/oxkintok-antiguo-puuc-becal-jipi-japa-artesano-cenote-t654322/
México;bacalar-l95624;1194125;Bacalar Calakmul Palenque With A Unique Stop In The Heart Of The Sabana;https://www.getyourguide.com/es-es/bacalar-l95624/bacalar-calakmul-palenque-with-a-unique-stop-in-the-heart-of-the-sabana-t1194125/
México;holbox-l189767;722195;Holbox Curso De Descubrimiento De Clases De Kitesurf 2 Horas;https://www.getyourguide.com/es-es/holbox-l189767/holbox-curso-de-descubrimiento-de-clases-de-kitesurf-2-horas-t722195/
México;santa-maria-del-tule-l135627;1246715;Oaxaca Pan Tradicional De Tlacolula Hierve El Agua Y Mezcal;https://www.getyourguide.com/es-es/santa-maria-del-tule-l135627/oaxaca-pan-tradicional-de-tlacolula-hierve-el-agua-y-mezcal-t1246715/
México;municipio-oaxaca-de-juarez-l681;780792;Oaxaca Zapotec Roots Mezcal And Textiles Tour;https://www.getyourguide.com/es-es/municipio-oaxaca-de-juarez-l681/oaxaca-zapotec-roots-mezcal-and-textiles-tour-t780792/
México;ensenada-l545;789957;Ensenada Excursion En Quad Por La Montana;https://www.getyourguide.com/es-es/ensenada-l545/ensenada-excursion-en-quad-por-la-montana-t789957/
México;muinicipio-de-tequila-l777;852695;Desde Guadalajara A Tequila Y Teuchitlan Tour En Motocicleta;https://www.getyourguide.com/es-es/muinicipio-de-tequila-l777/desde-guadalajara-a-tequila-y-teuchitlan-tour-en-motocicleta-t852695/
México;ciudad-de-mexico-l194;1298688;Cdmx Tour De Las Casas De Frida Kahlo Coyoacan Y Altavista;https://www.getyourguide.com/es-es/ciudad-de-mexico-l194/cdmx-tour-de-las-casas-de-frida-kahlo-coyoacan-y-altavista-t1298688/
México;ciudad-de-mexico-l194;3697;Garibaldi De Noche Ciudad De Mexico;https://www.getyourguide.com/es-es/ciudad-de-mexico-l194/garibaldi-de-noche-ciudad-de-mexico-t3697/
México;queretaro-l1170;894597;Queretaro Recorrido En Bicicleta Tandem Con Paradas En Cafeterias Y Museos;https://www.getyourguide.com/es-es/queretaro-l1170/queretaro-recorrido-en-bicicleta-tandem-con-paradas-en-cafeterias-y-museos-t894597/
México;puebla-l1471;933777;Desde Puebla Tour Privado Sagrado En Cacaxtla Y Xochitecatl;https://www.getyourguide.com/es-es/puebla-l1471/desde-puebla-tour-privado-sagrado-en-cacaxtla-y-xochitecatl-t933777/
México;ciudad-de-mexico-l194;958491;Xochimilco Fiesta En Trajinera Snacks Mexicanos Bebida Y Musica;https://www.getyourguide.com/es-es/ciudad-de-mexico-l194/xochimilco-fiesta-en-trajinera-snacks-mexicanos-bebida-y-musica-t958491/
México;loreto-mexico-l1655;278252;Desde Loreto Caminata Guiada De Pintura Rupestre De Canipole;https://www.getyourguide.com/es-es/loreto-mexico-l1655/desde-loreto-caminata-guiada-de-pintura-rupestre-de-canipole-t278252/
México;mazatlan-l808;1008492;Mazatlan Aventura En Tirolina Y Tour Por Una Destileria Con Recogida;https://www.getyourguide.com/es-es/mazatlan-l808/mazatlan-aventura-en-tirolina-y-tour-por-una-destileria-con-recogida-t1008492/
México;municipio-oaxaca-de-juarez-l681;1012829;Oaxaca Descubre Los Secretos De Monte Alban;https://www.getyourguide.com/es-es/municipio-oaxaca-de-juarez-l681/oaxaca-descubre-los-secretos-de-monte-alban-t1012829/
México;san-miguel-de-allende-l2515;361695;San Miguel Visita Al Yacimiento Arqueologico De Canada De La Virgen;https://www.getyourguide.com/es-es/san-miguel-de-allende-l2515/san-miguel-visita-al-yacimiento-arqueologico-de-canada-de-la-virgen-t361695/
México;puerto-vallarta-l265;1060194;Explora Puerto Vallarta Y El Parque Del Eden;https://www.getyourguide.com/es-es/puerto-vallarta-l265/explora-puerto-vallarta-y-el-parque-del-eden-t1060194/
México;bacalar-l95624;1093176;Bacalar Tour De Tirolesas Kan Kin;https://www.getyourguide.com/es-es/bacalar-l95624/bacalar-tour-de-tirolesas-kan-kin-t1093176/
México;merida-l1903;1134345;Tour A La Hacienda Mucuyche 2 Cenotes Y Oxkintok Desde Merida;https://www.getyourguide.com/es-es/merida-l1903/tour-a-la-hacienda-mucuyche-2-cenotes-y-oxkintok-desde-merida-t1134345/
México;ciudad-de-mexico-l194;530966;Ciudad De Mexico Clase De Cocina Premium;https://www.getyourguide.com/es-es/ciudad-de-mexico-l194/ciudad-de-mexico-clase-de-cocina-premium-t530966/
México;santa-maria-del-tule-l135627;571558;Excursion De 6 Horas En Bicicleta Desde Oaxaca Hasta El Arbol Del Tule;https://www.getyourguide.com/es-es/santa-maria-del-tule-l135627/excursion-de-6-horas-en-bicicleta-desde-oaxaca-hasta-el-arbol-del-tule-t571558/
México;san-cristobal-de-las-casas-l2166;597689;San Cristobal Aventura Subterranea En El Chorreadero;https://www.getyourguide.com/es-es/san-cristobal-de-las-casas-l2166/san-cristobal-aventura-subterranea-en-el-chorreadero-t597689/
México;mahahual-l168421;601968;Costa Maya Excursion A Las Ruinas De Chacchoben Laguna De Los 7 Colores;https://www.getyourguide.com/es-es/mahahual-l168421/costa-maya-excursion-a-las-ruinas-de-chacchoben-laguna-de-los-7-colores-t601968/
México;municipio-oaxaca-de-juarez-l681;1238835;Oaxaca Cata De Licores Y Cocteles De Agave;https://www.getyourguide.com/es-es/municipio-oaxaca-de-juarez-l681/oaxaca-cata-de-licores-y-cocteles-de-agave-t1238835/
México;manzanillo-l1473;678432;Zihuatanejo Esnorquel En Manzanillo Y Las Gatas;https://www.getyourguide.com/es-es/manzanillo-l1473/zihuatanejo-esnorquel-en-manzanillo-y-las-gatas-t678432/
México;cancun-l150;684485;Traslado Aeropuerto De Cancun A Puerto Aventuras;https://www.getyourguide.com/es-es/cancun-l150/traslado-aeropuerto-de-cancun-a-puerto-aventuras-t684485/
México;cabo-san-lucas-l306;690030;Cabo San Lucas Tour En Barco Clear;https://www.getyourguide.com/es-es/cabo-san-lucas-l306/cabo-san-lucas-tour-en-barco-clear-t690030/
México;akumal-l2807;703636;Akumal Traslado En Furgoneta Privada A Chiquila Holbox;https://www.getyourguide.com/es-es/akumal-l2807/akumal-traslado-en-furgoneta-privada-a-chiquila-holbox-t703636/
México;tulum-l248;703732;Tulum Traslado Privado En Furgoneta A Bacalar;https://www.getyourguide.com/es-es/tulum-l248/tulum-traslado-privado-en-furgoneta-a-bacalar-t703732/
México;puerto-vallarta-l265;711640;Puerto Vallarta Excursion A Caballo Por Las Cascadas De La Montana;https://www.getyourguide.com/es-es/puerto-vallarta-l265/puerto-vallarta-excursion-a-caballo-por-las-cascadas-de-la-montana-t711640/
México;cabo-san-lucas-l306;740829;Viaje De Ida Desde El Aeropuerto Sjd Corredor Turistico;https://www.getyourguide.com/es-es/cabo-san-lucas-l306/viaje-de-ida-desde-el-aeropuerto-sjd-corredor-turistico-t740829/
México;zihuatanejo-l1474;777621;Ixtapa Petatlan Y Museo Del Coco;https://www.getyourguide.com/es-es/zihuatanejo-l1474/ixtapa-petatlan-y-museo-del-coco-t777621/
México;playa-del-carmen-l308;12633;Aventura Maya 3 Lugares Diferentes Para Hacer Snorkel En Un Dia;https://www.getyourguide.com/es-es/playa-del-carmen-l308/aventura-maya-3-lugares-diferentes-para-hacer-snorkel-en-un-dia-t12633/
México;veracruz-l683;248457;Desde Veracruz Visita A La Prision De San Juan De Ulua;https://www.getyourguide.com/es-es/veracruz-l683/desde-veracruz-visita-a-la-prision-de-san-juan-de-ulua-t248457/
México;san-jose-del-cabo-l967;928263;San Jose Del Cabo Cata De Mezcal;https://www.getyourguide.com/es-es/san-jose-del-cabo-l967/san-jose-del-cabo-cata-de-mezcal-t928263/
México;ciudad-de-mexico-l194;957484;Ciudad De Mexico Fiesta En Trajinera Por Xochimilco Mariachis Y Bebidas;https://www.getyourguide.com/es-es/ciudad-de-mexico-l194/ciudad-de-mexico-fiesta-en-trajinera-por-xochimilco-mariachis-y-bebidas-t957484/
México;playa-del-carmen-l308;958354;Chichen Itza Tour Guiado Con Valladolid Y Cenote Chichikan;https://www.getyourguide.com/es-es/playa-del-carmen-l308/chichen-itza-tour-guiado-con-valladolid-y-cenote-chichikan-t958354/
México;ciudad-de-mexico-l194;964209;Barrio Judio De La Ciudad De Mexico Tour Privado;https://www.getyourguide.com/es-es/ciudad-de-mexico-l194/barrio-judio-de-la-ciudad-de-mexico-tour-privado-t964209/
México;santa-maria-huatulco-l781;472283;Desde Huatulcotour De Liberacion De Tortugas Y Bioluminiscencia;https://www.getyourguide.com/es-es/santa-maria-huatulco-l781/desde-huatulcotour-de-liberacion-de-tortugas-y-bioluminiscencia-t472283/
México;cabo-san-lucas-l306;482692;Crucero Por El Arco Famoso De Los Cabos Visita De La Ciudad Y Almuerzo;https://www.getyourguide.com/es-es/cabo-san-lucas-l306/crucero-por-el-arco-famoso-de-los-cabos-visita-de-la-ciudad-y-almuerzo-t482692/
México;ciudad-de-mexico-l194;1059927;Piramides De Teotihuacan Tour Guiado Con Ticket De Acceso Incluido;https://www.getyourguide.com/es-es/ciudad-de-mexico-l194/piramides-de-teotihuacan-tour-guiado-con-ticket-de-acceso-incluido-t1059927/
México;tulum-l248;501130;Desde Tulum Cenote Riviera Maya Y Excursion De Snorkel;https://www.getyourguide.com/es-es/tulum-l248/desde-tulum-cenote-riviera-maya-y-excursion-de-snorkel-t501130/
México;ciudad-de-mexico-l194;527188;Ciudad De Mexico Tour Privado Chapultepec El Castillo Magico;https://www.getyourguide.com/es-es/ciudad-de-mexico-l194/ciudad-de-mexico-tour-privado-chapultepec-el-castillo-magico-t527188/
México;zihuatanejo-l392;649422;Esnorquel En La Isla De Ixtapa;https://www.getyourguide.com/es-es/zihuatanejo-l392/esnorquel-en-la-isla-de-ixtapa-t649422/
México;la-paz-mexico-l2930;678571;La Paz Experiencia En La Granja De Perlas;https://www.getyourguide.com/es-es/la-paz-mexico-l2930/la-paz-experiencia-en-la-granja-de-perlas-t678571/
México;municipio-tuxtla-gutierrez-l2527;691954;Aeropuerto De Tuxtla Gutierrez Traslado A Playa Paraiso;https://www.getyourguide.com/es-es/municipio-tuxtla-gutierrez-l2527/aeropuerto-de-tuxtla-gutierrez-traslado-a-playa-paraiso-t691954/
México;cabo-san-lucas-l306;697103;El Arco Ballenas Y Snorkel En Cabo Comida Y Bebidas 1 18 Pax;https://www.getyourguide.com/es-es/cabo-san-lucas-l306/el-arco-ballenas-y-snorkel-en-cabo-comida-y-bebidas-1-18-pax-t697103/
México;bacalar-l95624;711059;Bacalar Navega Con Un Catamaran Hobie Cat;https://www.getyourguide.com/es-es/bacalar-l95624/bacalar-navega-con-un-catamaran-hobie-cat-t711059/
México;municipio-oaxaca-de-juarez-l681;742789;Oaxaca Tour Privado Esencia De Oaxaca;https://www.getyourguide.com/es-es/municipio-oaxaca-de-juarez-l681/oaxaca-tour-privado-esencia-de-oaxaca-t742789/
México;cancun-l150;742845;Entradas Coco Bongo Beach;https://www.getyourguide.com/es-es/cancun-l150/entradas-coco-bongo-beach-t742845/
México;ciudad-de-mexico-l194;1253740;Cdmx En Bici Mejores Tacos Mezcal Y Chocolate;https://www.getyourguide.com/es-es/ciudad-de-mexico-l194/cdmx-en-bici-mejores-tacos-mezcal-y-chocolate-t1253740/
México;cancun-l150;806973;Cena Romantica En Bovinos Steakhouse;https://www.getyourguide.com/es-es/cancun-l150/cena-romantica-en-bovinos-steakhouse-t806973/
México;mismaloya-l190181;822825;Puerto Vallarta Aventura Rzr Y Diversion En Tirolina En El Eden;https://www.getyourguide.com/es-es/mismaloya-l190181/puerto-vallarta-aventura-rzr-y-diversion-en-tirolina-en-el-eden-t822825/
México;acapulco-de-juarez-l307;825276;Traslado Privado Al Aeropuerto De Aca Al Centro De Acapulco;https://www.getyourguide.com/es-es/acapulco-de-juarez-l307/traslado-privado-al-aeropuerto-de-aca-al-centro-de-acapulco-t825276/
México;cabo-san-lucas-l306;833030;Cabo San Lucas Combo Atvcabalgata Con Traslado;https://www.getyourguide.com/es-es/cabo-san-lucas-l306/cabo-san-lucas-combo-atvcabalgata-con-traslado-t833030/
México;cabo-san-lucas-l306;836027;Cabo San Lucas Crucero De Snorkel Con Comida Y Barra Libre;https://www.getyourguide.com/es-es/cabo-san-lucas-l306/cabo-san-lucas-crucero-de-snorkel-con-comida-y-barra-libre-t836027/
México;guadalajara-l677;1290716;Viaje Al Pueblo De Tequila Y Centro De Guadalajara Desde Ciudad De Mexico;https://www.getyourguide.com/es-es/guadalajara-l677/viaje-al-pueblo-de-tequila-y-centro-de-guadalajara-desde-ciudad-de-mexico-t1290716/
México;cancun-l150;877855;Traslado Privado The Royal Sands Resort Al Aeropuerto Cun;https://www.getyourguide.com/es-es/cancun-l150/traslado-privado-the-royal-sands-resort-al-aeropuerto-cun-t877855/
México;tulum-l248;13850;Desde La Riviera Maya Tour A Las Ruinas Mayas Y La Reserva De Sian Kaan;https://www.getyourguide.com/es-es/tulum-l248/desde-la-riviera-maya-tour-a-las-ruinas-mayas-y-la-reserva-de-sian-kaan-t13850/
México;san-cristobal-de-las-casas-l2166;33759;Agua Azul Misol Ha Y Ruinas De Palenque San Cristobal;https://www.getyourguide.com/es-es/san-cristobal-de-las-casas-l2166/agua-azul-misol-ha-y-ruinas-de-palenque-san-cristobal-t33759/
México;campeche-l2516;908178;Tour De Naturaleza Ex Haciendas Sitios Arqueologicos En Campeche;https://www.getyourguide.com/es-es/campeche-l2516/tour-de-naturaleza-ex-haciendas-sitios-arqueologicos-en-campeche-t908178/
México;valladolid-mexico-l101556;959184;Desde Tulum Explora Chichen Itza Un Cenote Y Valladolid;https://www.getyourguide.com/es-es/valladolid-mexico-l101556/desde-tulum-explora-chichen-itza-un-cenote-y-valladolid-t959184/
México;ciudad-de-mexico-l194;979636;Disfruta Del Ballet Folclorico En El Palacio De Bellas Artes;https://www.getyourguide.com/es-es/ciudad-de-mexico-l194/disfruta-del-ballet-folclorico-en-el-palacio-de-bellas-artes-t979636/
México;merida-l1903;1058479;Merida Experiencia Culinaria Del Dia De Los Muertos;https://www.getyourguide.com/es-es/merida-l1903/merida-experiencia-culinaria-del-dia-de-los-muertos-t1058479/
México;puerto-vallarta-l265;407148;Puerto Vallarta Excursion En Tirolina Por El Rio Canopy Con Paseo En Mula;https://www.getyourguide.com/es-es/puerto-vallarta-l265/puerto-vallarta-excursion-en-tirolina-por-el-rio-canopy-con-paseo-en-mula-t407148/
México;san-jose-del-cabo-l967;432190;San Jose Del Cabo Clase De Cocina Con Margaritas Y Mezcal;https://www.getyourguide.com/es-es/san-jose-del-cabo-l967/san-jose-del-cabo-clase-de-cocina-con-margaritas-y-mezcal-t432190/
México;tulum-l248;1093310;Tulum Tour Gastronomico Por El Centro De La Ciudad Con Guia Local;https://www.getyourguide.com/es-es/tulum-l248/tulum-tour-gastronomico-por-el-centro-de-la-ciudad-con-guia-local-t1093310/
México;merida-l1903;472254;Merida Puerto De Progreso Y Excursion A Las Ruinas Mayas De Xcambo;https://www.getyourguide.com/es-es/merida-l1903/merida-puerto-de-progreso-y-excursion-a-las-ruinas-mayas-de-xcambo-t472254/
México;valladolid-mexico-l101556;1145449;Cena Privada Dentro Del Cenote;https://www.getyourguide.com/es-es/valladolid-mexico-l101556/cena-privada-dentro-del-cenote-t1145449/
México;playa-del-carmen-l308;498416;Traslado Del Aeropuerto De Cancun A Playa Del Carmen Solo Ida;https://www.getyourguide.com/es-es/playa-del-carmen-l308/traslado-del-aeropuerto-de-cancun-a-playa-del-carmen-solo-ida-t498416/
México;cancun-l150;562712;Cancun Tulum Y Sac Actun Tour Privado;https://www.getyourguide.com/es-es/cancun-l150/cancun-tulum-y-sac-actun-tour-privado-t562712/
México;santo-tomas-jalieza-l203426;1220221;Oaxaca Tour Premium Monte Alban Y Maestros Artesanos;https://www.getyourguide.com/es-es/santo-tomas-jalieza-l203426/oaxaca-tour-premium-monte-alban-y-maestros-artesanos-t1220221/
México;tzimol-l182768;1234694;Chiapas Paquete De 6 Dias Y 5 Noches Tuxtla Tuxtla;https://www.getyourguide.com/es-es/tzimol-l182768/chiapas-paquete-de-6-dias-y-5-noches-tuxtla-tuxtla-t1234694/
México;guadalajara-l677;644915;Aventura Familiar En Guadalajara Tour A Pie Privado;https://www.getyourguide.com/es-es/guadalajara-l677/aventura-familiar-en-guadalajara-tour-a-pie-privado-t644915/
México;queretaro-l1170;670521;Queretaro Gira Adios Mama Carlota;https://www.getyourguide.com/es-es/queretaro-l1170/queretaro-gira-adios-mama-carlota-t670521/
México;cancun-l150;692015;Cancun Tour En Barco Transparente Con Refrescos;https://www.getyourguide.com/es-es/cancun-l150/cancun-tour-en-barco-transparente-con-refrescos-t692015/
México;palenque-chiapas-l179804;694542;Palenque Excursion A La Zona Arqueologica De Yaxchilan Y Bonampak;https://www.getyourguide.com/es-es/palenque-chiapas-l179804/palenque-excursion-a-la-zona-arqueologica-de-yaxchilan-y-bonampak-t694542/
México;ciudad-de-mexico-l194;720997;Ciudad De Mexico Tour A Pie Del Centro Historico Privado;https://www.getyourguide.com/es-es/ciudad-de-mexico-l194/ciudad-de-mexico-tour-a-pie-del-centro-historico-privado-t720997/
México;playa-del-carmen-l308;733606;Cancun Tour Por La Ciudad Y Los Tacos De Puerto Morelos;https://www.getyourguide.com/es-es/playa-del-carmen-l308/cancun-tour-por-la-ciudad-y-los-tacos-de-puerto-morelos-t733606/
México;ciudad-de-coba-l209788;757249;Coba Aventura Naturaleza Y Patrimonio Maya;https://www.getyourguide.com/es-es/ciudad-de-coba-l209788/coba-aventura-naturaleza-y-patrimonio-maya-t757249/
México;puebla-l1471;781637;Experiencia Culinaria Puebla Clase De Cocina;https://www.getyourguide.com/es-es/puebla-l1471/experiencia-culinaria-puebla-clase-de-cocina-t781637/
México;ciudad-de-mexico-l194;792938;Ciudad De Mexico Tour A Pie Por El Centro Historico Con Murales;https://www.getyourguide.com/es-es/ciudad-de-mexico-l194/ciudad-de-mexico-tour-a-pie-por-el-centro-historico-con-murales-t792938/
México;valladolid-mexico-l101556;794378;De Valladolid Rio Lagartos Las Coloradas Cenote Colectivo Turistico;https://www.getyourguide.com/es-es/valladolid-mexico-l101556/de-valladolid-rio-lagartos-las-coloradas-cenote-colectivo-turistico-t794378/
México;veracruz-l683;8199;Tour De La Ciudad De Veracruz Y San Juan De Ulua Desde Veracruz;https://www.getyourguide.com/es-es/veracruz-l683/tour-de-la-ciudad-de-veracruz-y-san-juan-de-ulua-desde-veracruz-t8199/
México;puerto-vallarta-l265;841840;Puerto Vallarta Aventura En Tirolina En Los Veranos;https://www.getyourguide.com/es-es/puerto-vallarta-l265/puerto-vallarta-aventura-en-tirolina-en-los-veranos-t841840/
México;cabo-san-lucas-l306;856706;Bocados De Baja La Experiencia Gastronomica De Cabo San Lucas;https://www.getyourguide.com/es-es/cabo-san-lucas-l306/bocados-de-baja-la-experiencia-gastronomica-de-cabo-san-lucas-t856706/
México;cancun-l150;934303;Cancun O Merida Celebracion De Dia De Muertos Con Buffet De Tacos;https://www.getyourguide.com/es-es/cancun-l150/cancun-o-merida-celebracion-de-dia-de-muertos-con-buffet-de-tacos-t934303/
México;ciudad-de-mexico-l194;959095;Cdmx Paseo En Globo Sobrevolando Teotihuacan Con Transporte Incluido;https://www.getyourguide.com/es-es/ciudad-de-mexico-l194/cdmx-paseo-en-globo-sobrevolando-teotihuacan-con-transporte-incluido-t959095/
México;puebla-l1471;385020;Desde Puebla Cholula Y Museo Barroco Tour Privado De Un Dia;https://www.getyourguide.com/es-es/puebla-l1471/desde-puebla-cholula-y-museo-barroco-tour-privado-de-un-dia-t385020/
México;cancun-l150;1051845;Aventura De Snorkel Para Todas Las Edades En Cancun 25 Horas;https://www.getyourguide.com/es-es/cancun-l150/aventura-de-snorkel-para-todas-las-edades-en-cancun-25-horas-t1051845/
México;ciudad-de-mexico-l194;464296;Mexico No Es Solo Tacos Bicicletas Y Comida;https://www.getyourguide.com/es-es/ciudad-de-mexico-l194/mexico-no-es-solo-tacos-bicicletas-y-comida-t464296/
México;cancun-l150;519270;Transporte Privado Del Aeropuerto De Cancun A Playa Del Carmen;https://www.getyourguide.com/es-es/cancun-l150/transporte-privado-del-aeropuerto-de-cancun-a-playa-del-carmen-t519270/
México;merida-l1903;1113049;Merida Uxmal Choco Story Museum Cenote Con Lunch Y Juego En Linea;https://www.getyourguide.com/es-es/merida-l1903/merida-uxmal-choco-story-museum-cenote-con-lunch-y-juego-en-linea-t1113049/
México;ciudad-de-mexico-l194;1151187;Degustacion Guiada De Frutas Tropicales Mexicanas En Ciudad De Mexico;https://www.getyourguide.com/es-es/ciudad-de-mexico-l194/degustacion-guiada-de-frutas-tropicales-mexicanas-en-ciudad-de-mexico-t1151187/
México;municipio-oaxaca-de-juarez-l681;616151;Desdeoaxaca Traslado A Puerto Escondido;https://www.getyourguide.com/es-es/municipio-oaxaca-de-juarez-l681/desdeoaxaca-traslado-a-puerto-escondido-t616151/
México;ciudad-de-mexico-l194;648041;Consigna En Ciudad De Mexico Taquillas Para Maletas Y Bolsos;https://www.getyourguide.com/es-es/ciudad-de-mexico-l194/consigna-en-ciudad-de-mexico-taquillas-para-maletas-y-bolsos-t648041/
México;zihuatanejo-l1474;1203741;Liberacion De Tourtugas Observacion De Cocodrilos En Ixtapa Zihuatanejo;https://www.getyourguide.com/es-es/zihuatanejo-l1474/liberacion-de-tourtugas-observacion-de-cocodrilos-en-ixtapa-zihuatanejo-t1203741/
México;playa-del-carmen-l308;727182;Transporte Privado A Playa Del Carmen;https://www.getyourguide.com/es-es/playa-del-carmen-l308/transporte-privado-a-playa-del-carmen-t727182/
México;san-jose-del-cabo-l967;764750;San Jose Del Cabo Esnorquel Privado;https://www.getyourguide.com/es-es/san-jose-del-cabo-l967/san-jose-del-cabo-esnorquel-privado-t764750/
México;puerto-vallarta-l265;860287;Puerto Vallarta Tierra De Piratas Excursion De Un Dia;https://www.getyourguide.com/es-es/puerto-vallarta-l265/puerto-vallarta-tierra-de-piratas-excursion-de-un-dia-t860287/
México;cancun-l150;873164;Traslado Privado Moon Palace Sunrise Cancun A Aeropuerto Cun;https://www.getyourguide.com/es-es/cancun-l150/traslado-privado-moon-palace-sunrise-cancun-a-aeropuerto-cun-t873164/
México;ciudad-de-mexico-l194;882303;Desde Cdmx Michoacan Morelia Guanajuato Queretaro Morelos Guerrero;https://www.getyourguide.com/es-es/ciudad-de-mexico-l194/desde-cdmx-michoacan-morelia-guanajuato-queretaro-morelos-guerrero-t882303/
México;cabo-san-lucas-l306;41108;Cabo San Lucas Crucero En Yate De Lujo;https://www.getyourguide.com/es-es/cabo-san-lucas-l306/cabo-san-lucas-crucero-en-yate-de-lujo-t41108/
México;ciudad-de-mexico-l194;911309;Ciudad De Mexico Amanecer En Globo Privado En Teotihuacan;https://www.getyourguide.com/es-es/ciudad-de-mexico-l194/ciudad-de-mexico-amanecer-en-globo-privado-en-teotihuacan-t911309/
México;municipio-tuxtla-gutierrez-l2527;96426;Excursion De Un Dia Al Parque Nacional Del Sumidero Desde Tuxtla Gutierrez;https://www.getyourguide.com/es-es/municipio-tuxtla-gutierrez-l2527/excursion-de-un-dia-al-parque-nacional-del-sumidero-desde-tuxtla-gutierrez-t96426/
México;akumal-l2807;974182;Cancun Ruinas De Tulum Tortugas De Akumal Cenote Y Cuevas;https://www.getyourguide.com/es-es/akumal-l2807/cancun-ruinas-de-tulum-tortugas-de-akumal-cenote-y-cuevas-t974182/
México;sisal-l191892;1006450;Sisal Yucatan Flamingo Safari Tour Manglares;https://www.getyourguide.com/es-es/sisal-l191892/sisal-yucatan-flamingo-safari-tour-manglares-t1006450/
México;puerto-escondido-l32155;303128;Puerto Escondido Ecoturismo Cocodrilos Y Tortugas De La Costa De Oaxaca;https://www.getyourguide.com/es-es/puerto-escondido-l32155/puerto-escondido-ecoturismo-cocodrilos-y-tortugas-de-la-costa-de-oaxaca-t303128/
México;merida-l1903;1021005;Merida Recorrido Playesco Y Restaurante Con Vista Al Mar Con Un Guia Local;https://www.getyourguide.com/es-es/merida-l1903/merida-recorrido-playesco-y-restaurante-con-vista-al-mar-con-un-guia-local-t1021005/
México;ensenada-l545;389579;Ensenada Excursion Al Geiser La Bufadora;https://www.getyourguide.com/es-es/ensenada-l545/ensenada-excursion-al-geiser-la-bufadora-t389579/
México;ciudad-de-mexico-l194;409221;Ciudad De Mexico Tour De La Ciudad En Bici Electrica Con Paradas Para Tacos;https://www.getyourguide.com/es-es/ciudad-de-mexico-l194/ciudad-de-mexico-tour-de-la-ciudad-en-bici-electrica-con-paradas-para-tacos-t409221/
México;veracruz-l683;429170;Veracruz Fortaleza De San Juan De Ulua Billete Sin Colas;https://www.getyourguide.com/es-es/veracruz-l683/veracruz-fortaleza-de-san-juan-de-ulua-billete-sin-colas-t429170/
México;puerto-escondido-l32155;438770;Puerto Escondido Laguna De Manialtepec En Kayak;https://www.getyourguide.com/es-es/puerto-escondido-l32155/puerto-escondido-laguna-de-manialtepec-en-kayak-t438770/
México;ciudad-de-mexico-l194;1094650;Ciudad De Mexico Caminata Guiada En El Bosque De Los Dinamos;https://www.getyourguide.com/es-es/ciudad-de-mexico-l194/ciudad-de-mexico-caminata-guiada-en-el-bosque-de-los-dinamos-t1094650/
México;campeche-l2516;458040;Campeche Recorrido Guiado A Pie Por El Centro Historico De La Ciudad;https://www.getyourguide.com/es-es/campeche-l2516/campeche-recorrido-guiado-a-pie-por-el-centro-historico-de-la-ciudad-t458040/
México;ciudad-de-mexico-l194;519772;Coyoacan Y Xochimilco Descubre Un Oasis En Ciudad De Mexico;https://www.getyourguide.com/es-es/ciudad-de-mexico-l194/coyoacan-y-xochimilco-descubre-un-oasis-en-ciudad-de-mexico-t519772/
México;cancun-l150;573975;Cancun Acceso Garantizado A La Sala Vip Del Aeropuerto;https://www.getyourguide.com/es-es/cancun-l150/cancun-acceso-garantizado-a-la-sala-vip-del-aeropuerto-t573975/
México;zacatecas-l144180;608725;Zacatecas Campo Real Vinicola;https://www.getyourguide.com/es-es/zacatecas-l144180/zacatecas-campo-real-vinicola-t608725/
México;puerto-vallarta-l265;683714;Puerto Vallarta Aventura En Barco Pirata;https://www.getyourguide.com/es-es/puerto-vallarta-l265/puerto-vallarta-aventura-en-barco-pirata-t683714/
México;playa-del-carmen-l308;690859;Cancun Aventura Cultural En Coba Y Pueblo Maya;https://www.getyourguide.com/es-es/playa-del-carmen-l308/cancun-aventura-cultural-en-coba-y-pueblo-maya-t690859/
México;acapulco-de-juarez-l307;721938; Acapulco Paseo En Barco Por La Laguna De Coyuca Y Tour De Liberacion De Tortuguitas;https://www.getyourguide.com/es-es/acapulco-de-juarez-l307/-acapulco-paseo-en-barco-por-la-laguna-de-coyuca-y-tour-de-liberacion-de-tortuguitas-t721938/
México;puerto-morelos-l112372;730531;Cancun Increible Excursion A Caballo Cenote Tirolina Y Atv;https://www.getyourguide.com/es-es/puerto-morelos-l112372/cancun-increible-excursion-a-caballo-cenote-tirolina-y-atv-t730531/
México;san-cristobal-de-las-casas-l2166;740492;San Cristobal Tour Del Cafe En Las Montanas De Chiapas;https://www.getyourguide.com/es-es/san-cristobal-de-las-casas-l2166/san-cristobal-tour-del-cafe-en-las-montanas-de-chiapas-t740492/
México;guadalajara-l677;744073;Desde Guadalajara Excursion De Un Dia Al Encantador Lago De Chapala Y Ajijic;https://www.getyourguide.com/es-es/guadalajara-l677/desde-guadalajara-excursion-de-un-dia-al-encantador-lago-de-chapala-y-ajijic-t744073/
México;ensenada-l545;756843;Ensenada Kayak En La Bufadora;https://www.getyourguide.com/es-es/ensenada-l545/ensenada-kayak-en-la-bufadora-t756843/
México;cabo-san-lucas-l306;822972;Cabo San Lucas Paseos A Caballo En La Playa;https://www.getyourguide.com/es-es/cabo-san-lucas-l306/cabo-san-lucas-paseos-a-caballo-en-la-playa-t822972/
México;la-paz-mexico-l2930;827170;La Paz Paseo En Barco A La Isla Espiritu Santo Y Balandra;https://www.getyourguide.com/es-es/la-paz-mexico-l2930/la-paz-paseo-en-barco-a-la-isla-espiritu-santo-y-balandra-t827170/
México;bacalar-l95624;838959;Bacalar Mayan Temples Kohunlich Blue Cenote;https://www.getyourguide.com/es-es/bacalar-l95624/bacalar-mayan-temples-kohunlich-blue-cenote-t838959/
México;ciudad-de-mexico-l194;844376;Ciudad De Mexico Clase De Cocina Con Chef Y Visita Al Mercado;https://www.getyourguide.com/es-es/ciudad-de-mexico-l194/ciudad-de-mexico-clase-de-cocina-con-chef-y-visita-al-mercado-t844376/
México;monterrey-l679;955146;Monterrey Senderismo Con Rapel A El Nido De Los Aguiluchos;https://www.getyourguide.com/es-es/monterrey-l679/monterrey-senderismo-con-rapel-a-el-nido-de-los-aguiluchos-t955146/
México;cabo-san-lucas-l306;1003310;Tour Paseo Tradicional Al Arco De Cabo San Lucas;https://www.getyourguide.com/es-es/cabo-san-lucas-l306/tour-paseo-tradicional-al-arco-de-cabo-san-lucas-t1003310/
México;crucecita-l166888;461044;4X1 Ventanilla Zipolite Mazunte Y Puerto Angel;https://www.getyourguide.com/es-es/crucecita-l166888/4x1-ventanilla-zipolite-mazunte-y-puerto-angel-t461044/
México;la-cruz-de-huanacaxtle-l94044;469290;Puerto Vallarta Alquiler De Yates Privados Con Toboganes Acuaticos;https://www.getyourguide.com/es-es/la-cruz-de-huanacaxtle-l94044/puerto-vallarta-alquiler-de-yates-privados-con-toboganes-acuaticos-t469290/
México;municipio-oaxaca-de-juarez-l681;1079237;Oaxaca Tour Privado A Pie Para Toda La Familia;https://www.getyourguide.com/es-es/municipio-oaxaca-de-juarez-l681/oaxaca-tour-privado-a-pie-para-toda-la-familia-t1079237/
México;mazatlan-l808;1080824;Mazatlan Lo Mas Destacado De La Ciudad Compras Tequila Y Club De Playa;https://www.getyourguide.com/es-es/mazatlan-l808/mazatlan-lo-mas-destacado-de-la-ciudad-compras-tequila-y-club-de-playa-t1080824/
México;valladolid-mexico-l101556;1082435;Valladolid Clase De Cocina Tradicional Con Acceso A Cenote;https://www.getyourguide.com/es-es/valladolid-mexico-l101556/valladolid-clase-de-cocina-tradicional-con-acceso-a-cenote-t1082435/
México;san-miguel-de-allende-l2515;1122670;Queretaro Tour Independencia;https://www.getyourguide.com/es-es/san-miguel-de-allende-l2515/queretaro-tour-independencia-t1122670/
México;san-miguel-de-cozumel-l141611;613682;Snorkel Y Cata De Taquila;https://www.getyourguide.com/es-es/san-miguel-de-cozumel-l141611/snorkel-y-cata-de-taquila-t613682/
México;tulum-l248;1192687;Tulum Ruta De Bares Autentica Con Bebidas Y Musica En Vivo;https://www.getyourguide.com/es-es/tulum-l248/tulum-ruta-de-bares-autentica-con-bebidas-y-musica-en-vivo-t1192687/
México;cancun-l150;636076;Crucero Catamaran A Isla Mujeres Y Almuerzo Buffet;https://www.getyourguide.com/es-es/cancun-l150/crucero-catamaran-a-isla-mujeres-y-almuerzo-buffet-t636076/
México;amatitan-l138358;639391;Tour Tequila Loreta Traveltour;https://www.getyourguide.com/es-es/amatitan-l138358/tour-tequila-loreta-traveltour-t639391/
México;ciudad-de-mexico-l194;655300;Tour De La Ciudad De Mexico En Bici Y Pasaporte Gastronomico;https://www.getyourguide.com/es-es/ciudad-de-mexico-l194/tour-de-la-ciudad-de-mexico-en-bici-y-pasaporte-gastronomico-t655300/
México;playa-del-carmen-l308;676264;Playa Del Carmen Sesion De Videografia Fotografica Con Drones;https://www.getyourguide.com/es-es/playa-del-carmen-l308/playa-del-carmen-sesion-de-videografia-fotografica-con-drones-t676264/
México;teotitlan-del-valle-l135632;1237397;El Dia De Muertos Ciudad De Oaxaca Yagul Mitla Y San Antonino 4 Dias;https://www.getyourguide.com/es-es/teotitlan-del-valle-l135632/el-dia-de-muertos-ciudad-de-oaxaca-yagul-mitla-y-san-antonino-4-dias-t1237397/
México;puerto-morelos-l112372;750019;Air Water Tour;https://www.getyourguide.com/es-es/puerto-morelos-l112372/air-water-tour-t750019/
México;santa-maria-huatulco-l781;822796;Huatulco Cafe Pluma Hidalgo Origen Y Esencia;https://www.getyourguide.com/es-es/santa-maria-huatulco-l781/huatulco-cafe-pluma-hidalgo-origen-y-esencia-t822796/
México;puerto-vallarta-l265;1320935;Puerto Vallarta Tour En Quad Al Mirador De Cristal Del Punto Jorullo;https://www.getyourguide.com/es-es/puerto-vallarta-l265/puerto-vallarta-tour-en-quad-al-mirador-de-cristal-del-punto-jorullo-t1320935/
México;cabo-san-lucas-l306;12665;Cabo San Lucas Excursion De Dia Completo A Pie Por El Canon Del Zorro;https://www.getyourguide.com/es-es/cabo-san-lucas-l306/cabo-san-lucas-excursion-de-dia-completo-a-pie-por-el-canon-del-zorro-t12665/
México;zihuatanejo-l1474;38434;Dia De Playa En La Isla De Las Gatas;https://www.getyourguide.com/es-es/zihuatanejo-l1474/dia-de-playa-en-la-isla-de-las-gatas-t38434/
México;cancun-l150;166628;Cancun Experiencia De 2 Horas En Lancha Rapida;https://www.getyourguide.com/es-es/cancun-l150/cancun-experiencia-de-2-horas-en-lancha-rapida-t166628/
México;puerto-escondido-l32155;301428;Puerto Escondido Liberacion De Tortugas Y Plancton Bioluminiscente;https://www.getyourguide.com/es-es/puerto-escondido-l32155/puerto-escondido-liberacion-de-tortugas-y-plancton-bioluminiscente-t301428/
México;ciudad-de-mexico-l194;943591;Cdmx Frida Kahlo Diario Poemas Y Obsesiones;https://www.getyourguide.com/es-es/ciudad-de-mexico-l194/cdmx-frida-kahlo-diario-poemas-y-obsesiones-t943591/
México;cabo-san-lucas-l306;334011;Cabo San Lucas Crucero De 4 Horas De Snorkel Con Barra Libre;https://www.getyourguide.com/es-es/cabo-san-lucas-l306/cabo-san-lucas-crucero-de-4-horas-de-snorkel-con-barra-libre-t334011/
México;ciudad-de-mexico-l194;959898;Cdmx Vuela Sobre Las Impresionantes Piramides De Teotihuacan En Globo;https://www.getyourguide.com/es-es/ciudad-de-mexico-l194/cdmx-vuela-sobre-las-impresionantes-piramides-de-teotihuacan-en-globo-t959898/
México;ciudad-de-mexico-l194;450870;Desde Ciudad De Mexico Piramides De Teotihuacan Y Santuario De Guadalupe;https://www.getyourguide.com/es-es/ciudad-de-mexico-l194/desde-ciudad-de-mexico-piramides-de-teotihuacan-y-santuario-de-guadalupe-t450870/
México;cancun-l150;456462;Paseo En Bote Transparente Cancun;https://www.getyourguide.com/es-es/cancun-l150/paseo-en-bote-transparente-cancun-t456462/
México;ensenada-l545;483241;Cata Sensorial De Vinos Con Chocolates En Rondo Del Valle;https://www.getyourguide.com/es-es/ensenada-l545/cata-sensorial-de-vinos-con-chocolates-en-rondo-del-valle-t483241/
México;tulum-l248;501245;Desde Tulum Excursion De Un Dia A Sian Ka An;https://www.getyourguide.com/es-es/tulum-l248/desde-tulum-excursion-de-un-dia-a-sian-ka-an-t501245/
México;ciudad-de-mexico-l194;1084837;Ciudad De Mexico Tour Guiado A Pie Por El Patrimonio Judio;https://www.getyourguide.com/es-es/ciudad-de-mexico-l194/ciudad-de-mexico-tour-guiado-a-pie-por-el-patrimonio-judio-t1084837/
México;san-miguel-de-cozumel-l141611;535212;Desde Cozumel Charter Privado De Snorkel Al Cielo Y Cielito;https://www.getyourguide.com/es-es/san-miguel-de-cozumel-l141611/desde-cozumel-charter-privado-de-snorkel-al-cielo-y-cielito-t535212/
México;ciudad-de-mexico-l194;1106880;Ciudad De Mexico Tour En Bici Por El Parque De Chapultepec;https://www.getyourguide.com/es-es/ciudad-de-mexico-l194/ciudad-de-mexico-tour-en-bici-por-el-parque-de-chapultepec-t1106880/
México;cabo-san-lucas-l306;1137897;Cabo San Lucas Tour De Surf De Remo Con Desayuno;https://www.getyourguide.com/es-es/cabo-san-lucas-l306/cabo-san-lucas-tour-de-surf-de-remo-con-desayuno-t1137897/
México;municipio-oaxaca-de-juarez-l681;672947;Oaxaca Excursion A Ocotlan;https://www.getyourguide.com/es-es/municipio-oaxaca-de-juarez-l681/oaxaca-excursion-a-ocotlan-t672947/
México;municipio-oaxaca-de-juarez-l681;1192997;Oaxaca Tour Gastronomico Tradicional A Pie Con Bebidas Ancestrales;https://www.getyourguide.com/es-es/municipio-oaxaca-de-juarez-l681/oaxaca-tour-gastronomico-tradicional-a-pie-con-bebidas-ancestrales-t1192997/
México;puerto-morelos-l112372;703760;Puerto Morelos Traslado Privado En Furgoneta A Chiquila Holbox;https://www.getyourguide.com/es-es/puerto-morelos-l112372/puerto-morelos-traslado-privado-en-furgoneta-a-chiquila-holbox-t703760/
México;cabo-san-lucas-l306;712963;Excursion De Un Dia A La Playa De Chileno;https://www.getyourguide.com/es-es/cabo-san-lucas-l306/excursion-de-un-dia-a-la-playa-de-chileno-t712963/
México;guadalajara-l677;749927;Aventura De Senderismo Hasta Un Lugar Secreto Para Nadar;https://www.getyourguide.com/es-es/guadalajara-l677/aventura-de-senderismo-hasta-un-lugar-secreto-para-nadar-t749927/
México;municipio-oaxaca-de-juarez-l681;787206;Tour Grupos Pequenos Hierve El Agua Mezcal Teotitlan Mitla Y Tule;https://www.getyourguide.com/es-es/municipio-oaxaca-de-juarez-l681/tour-grupos-pequenos-hierve-el-agua-mezcal-teotitlan-mitla-y-tule-t787206/
México;cancun-l150;875728;Transporte Privado Del Aeropuerto Cun Al Renaissance Cancun Resort;https://www.getyourguide.com/es-es/cancun-l150/transporte-privado-del-aeropuerto-cun-al-renaissance-cancun-resort-t875728/
México;todos-santos-l962;881129;Descubre Todos Santos Un Viaje Privado Por La Cultura;https://www.getyourguide.com/es-es/todos-santos-l962/descubre-todos-santos-un-viaje-privado-por-la-cultura-t881129/
México;cancun-l150;937789;Pase Go City Cancun Las Mejores Atracciones Incluyendo Chichen Itza;https://www.getyourguide.com/es-es/cancun-l150/pase-go-city-cancun-las-mejores-atracciones-incluyendo-chichen-itza-t937789/
México;cancun-l150;196394;Cancun Y Riviera Maya Combo Atv Tirolina Y Cenote;https://www.getyourguide.com/es-es/cancun-l150/cancun-y-riviera-maya-combo-atv-tirolina-y-cenote-t196394/
México;playa-del-carmen-l308;360850;Riviera Maya Excursion Matinal De Observacion De Aves Y Ruinas De Muyil;https://www.getyourguide.com/es-es/playa-del-carmen-l308/riviera-maya-excursion-matinal-de-observacion-de-aves-y-ruinas-de-muyil-t360850/
México;municipio-oaxaca-de-juarez-l681;400851;Oaxaca Clase De Cocina Vegetariana Con Visita Al Mercado;https://www.getyourguide.com/es-es/municipio-oaxaca-de-juarez-l681/oaxaca-clase-de-cocina-vegetariana-con-visita-al-mercado-t400851/
México;ciudad-de-mexico-l194;422303;Ciudad De Mexico Acuario Inbursa Opcional Traslado De Ida Y Vuelta;https://www.getyourguide.com/es-es/ciudad-de-mexico-l194/ciudad-de-mexico-acuario-inbursa-opcional-traslado-de-ida-y-vuelta-t422303/
México;ciudad-de-mexico-l194;434229;Ciudad De Mexico Recorrido En Autobus Turibus Hop On Hop Off Con Audioguia;https://www.getyourguide.com/es-es/ciudad-de-mexico-l194/ciudad-de-mexico-recorrido-en-autobus-turibus-hop-on-hop-off-con-audioguia-t434229/
México;san-miguel-de-cozumel-l141611;1140061;Cozumel Tour En Buggy Experiencia Maya En Otoch Y Barco Transparente;https://www.getyourguide.com/es-es/san-miguel-de-cozumel-l141611/cozumel-tour-en-buggy-experiencia-maya-en-otoch-y-barco-transparente-t1140061/
México;ciudad-de-mexico-l194;1250832;Ciudad De Mexico Tour De Comida Callejera Con Taco Con Estrella Michelin;https://www.getyourguide.com/es-es/ciudad-de-mexico-l194/ciudad-de-mexico-tour-de-comida-callejera-con-taco-con-estrella-michelin-t1250832/
México;muinicipio-de-tequila-l777;559834;De Guadalajara A Cuervo La Fabrica De Tequila Mas Grande Del Mundo;https://www.getyourguide.com/es-es/muinicipio-de-tequila-l777/de-guadalajara-a-cuervo-la-fabrica-de-tequila-mas-grande-del-mundo-t559834/
México;municipio-oaxaca-de-juarez-l681;1238033;Tour De Enduro En Mtb Por Oaxaca Pistas De Ixtepeji Grupo Pequeno;https://www.getyourguide.com/es-es/municipio-oaxaca-de-juarez-l681/tour-de-enduro-en-mtb-por-oaxaca-pistas-de-ixtepeji-grupo-pequeno-t1238033/
México;tulum-l248;599822;Tulum Consigna De Equipajes;https://www.getyourguide.com/es-es/tulum-l248/tulum-consigna-de-equipajes-t599822/
México;san-miguel-de-cozumel-l141611;634326;Cozumel Pase De Un Dia Al Club De Playa San Francisco;https://www.getyourguide.com/es-es/san-miguel-de-cozumel-l141611/cozumel-pase-de-un-dia-al-club-de-playa-san-francisco-t634326/
México;municipio-tuxtla-gutierrez-l2527;652150;Circuito Tuchtlan Chiapas;https://www.getyourguide.com/es-es/municipio-tuxtla-gutierrez-l2527/circuito-tuchtlan-chiapas-t652150/
México;cancun-l150;679470;Desde Cancun Tulum Cenote Y Nado Con Tortugas En Akumal;https://www.getyourguide.com/es-es/cancun-l150/desde-cancun-tulum-cenote-y-nado-con-tortugas-en-akumal-t679470/
México;holbox-l189767;720533;Holbox Excursion En Kayak Al Atardecer En Los Manglares;https://www.getyourguide.com/es-es/holbox-l189767/holbox-excursion-en-kayak-al-atardecer-en-los-manglares-t720533/
México;tequisquiapan-l176257;723345;Tequisquiapan Aventura En Utv Con Bodega Y Degustacion De Quesos;https://www.getyourguide.com/es-es/tequisquiapan-l176257/tequisquiapan-aventura-en-utv-con-bodega-y-degustacion-de-quesos-t723345/
México;puerto-escondido-l32155;311228;Puerto Escondido Tour En Barco Entre Delfines Y Tortugas;https://www.getyourguide.com/es-es/puerto-escondido-l32155/puerto-escondido-tour-en-barco-entre-delfines-y-tortugas-t311228/
México;cancun-l150;454912;Cancun Clase De Buceo Discover Diving By Padi;https://www.getyourguide.com/es-es/cancun-l150/cancun-clase-de-buceo-discover-diving-by-padi-t454912/
México;municipio-de-morelia-l103020;455059;Morelia Recorrido Por Tzintzuntzan Patzcuaro Y Santa Clara Del Cobre;https://www.getyourguide.com/es-es/municipio-de-morelia-l103020/morelia-recorrido-por-tzintzuntzan-patzcuaro-y-santa-clara-del-cobre-t455059/
México;merida-l1903;458286;Yucatan Excursion De Un Dia A Uxmal Y Hacienda Mucuyche;https://www.getyourguide.com/es-es/merida-l1903/yucatan-excursion-de-un-dia-a-uxmal-y-hacienda-mucuyche-t458286/
México;cancun-l150;836668;Transporte Privado Desde El Aeropuerto Cun A Dreams Natura Resort;https://www.getyourguide.com/es-es/cancun-l150/transporte-privado-desde-el-aeropuerto-cun-a-dreams-natura-resort-t836668/
México;cancun-l150;476712;Cancun Acuario Interactivo Interax;https://www.getyourguide.com/es-es/cancun-l150/cancun-acuario-interactivo-interax-t476712/
México;cancun-l150;839922;Traslado Privado Del Aeropuerto De Cun A Dreams Vista Cancun;https://www.getyourguide.com/es-es/cancun-l150/traslado-privado-del-aeropuerto-de-cun-a-dreams-vista-cancun-t839922/
México;ciudad-de-mexico-l194;844278;Desde Cdmx Puebla Oaxaca Veracruz Chiapas 8 Dias;https://www.getyourguide.com/es-es/ciudad-de-mexico-l194/desde-cdmx-puebla-oaxaca-veracruz-chiapas-8-dias-t844278/
México;ciudad-de-mexico-l194;395644;Ciudad De Mexico Paseo Por El Centro Historico;https://www.getyourguide.com/es-es/ciudad-de-mexico-l194/ciudad-de-mexico-paseo-por-el-centro-historico-t395644/
México;ciudad-de-mexico-l194;869455;Xochimilco Paseo En Kayak Y Observacion De Ajolote;https://www.getyourguide.com/es-es/ciudad-de-mexico-l194/xochimilco-paseo-en-kayak-y-observacion-de-ajolote-t869455/
México;monterrey-l679;592481;Pase Combinado De Un Dia Cola De Caballo Grutas De Garcia;https://www.getyourguide.com/es-es/monterrey-l679/pase-combinado-de-un-dia-cola-de-caballo-grutas-de-garcia-t592481/
México;cancun-l150;454581;Cancun Buceo Para Certificados En Musa Arrecife;https://www.getyourguide.com/es-es/cancun-l150/cancun-buceo-para-certificados-en-musa-arrecife-t454581/
México;chapala-l94559;996434;Desde Guadalajara Tour Privado De Dia Completo A Chapala Y Ajijic;https://www.getyourguide.com/es-es/chapala-l94559/desde-guadalajara-tour-privado-de-dia-completo-a-chapala-y-ajijic-t996434/
México;cabo-san-lucas-l306;664350;Bahia De Cabo San Lucas Alquiler Guiado De Motos Acuaticas 30 Minutos;https://www.getyourguide.com/es-es/cabo-san-lucas-l306/bahia-de-cabo-san-lucas-alquiler-guiado-de-motos-acuaticas-30-minutos-t664350/
México;merida-l1903;525579;Chichen Itza Y Cenote Tour Privado;https://www.getyourguide.com/es-es/merida-l1903/chichen-itza-y-cenote-tour-privado-t525579/
México;puerto-vallarta-l265;680981;Puerto Vallarta El Depredador Del Mar;https://www.getyourguide.com/es-es/puerto-vallarta-l265/puerto-vallarta-el-depredador-del-mar-t680981/
México;la-ventana-l193099;728210;Safari Oceanico Leones Marinos Mobulas Delfines Orcas Ballenas;https://www.getyourguide.com/es-es/la-ventana-l193099/safari-oceanico-leones-marinos-mobulas-delfines-orcas-ballenas-t728210/
México;villahermosa-l98274;738815;Ciudad De Mexico Villahermosa Tabasco Un Viaje Escenico;https://www.getyourguide.com/es-es/villahermosa-l98274/ciudad-de-mexico-villahermosa-tabasco-un-viaje-escenico-t738815/
México;puerto-morelos-l112372;758634;Puerto Morelos Tour De Compras Y Cenote Kin Ha;https://www.getyourguide.com/es-es/puerto-morelos-l112372/puerto-morelos-tour-de-compras-y-cenote-kin-ha-t758634/
México;santa-maria-huatulco-l781;785341;Ecoturismo Huatulco Explora La Ventanilla Mazunte Y Zipolite;https://www.getyourguide.com/es-es/santa-maria-huatulco-l781/ecoturismo-huatulco-explora-la-ventanilla-mazunte-y-zipolite-t785341/
México;uxmal-l114187;1089437;Tour Uxmal Cenote Y Comida Tipica Saliendo Desde Merida;https://www.getyourguide.com/es-es/uxmal-l114187/tour-uxmal-cenote-y-comida-tipica-saliendo-desde-merida-t1089437/
México;san-jose-del-cabo-l967;656290;Crucero Al Atardecer En San Jose Del Cabo;https://www.getyourguide.com/es-es/san-jose-del-cabo-l967/crucero-al-atardecer-en-san-jose-del-cabo-t656290/
México;ciudad-de-mexico-l194;847606;Diego Rivera En El Museo Vivo Del Muralismo;https://www.getyourguide.com/es-es/ciudad-de-mexico-l194/diego-rivera-en-el-museo-vivo-del-muralismo-t847606/
México;puerto-vallarta-l265;682843;Puerto Vallarta Excursion De Senderismo Al Mirador De Cristal Jorullo;https://www.getyourguide.com/es-es/puerto-vallarta-l265/puerto-vallarta-excursion-de-senderismo-al-mirador-de-cristal-jorullo-t682843/
México;zihuatanejo-l392;852302;Ixtapa Zihuatanejo Excursion De Un Dia A Los Pueblos De Michoacan Con Desayuno;https://www.getyourguide.com/es-es/zihuatanejo-l392/ixtapa-zihuatanejo-excursion-de-un-dia-a-los-pueblos-de-michoacan-con-desayuno-t852302/
México;monterrey-l679;690879;Tour A Matacanes La Ruta De Barranquismo Mas Famosa De Monterrey;https://www.getyourguide.com/es-es/monterrey-l679/tour-a-matacanes-la-ruta-de-barranquismo-mas-famosa-de-monterrey-t690879/
México;valladolid-mexico-l101556;1141779;Valladolid Tour A Pie Privado Para Toda La Familia;https://www.getyourguide.com/es-es/valladolid-mexico-l101556/valladolid-tour-a-pie-privado-para-toda-la-familia-t1141779/
México;municipio-oaxaca-de-juarez-l681;707883; Las Nieves Monte Alban Arrazola Cuilapam 6H Bike Tour;https://www.getyourguide.com/es-es/municipio-oaxaca-de-juarez-l681/-las-nieves-monte-alban-arrazola-cuilapam-6h-bike-tour-t707883/
México;ensenada-l545;719095;Ensenada Canopy Y Atv Tour En Las Canadas;https://www.getyourguide.com/es-es/ensenada-l545/ensenada-canopy-y-atv-tour-en-las-canadas-t719095/
México;ciudad-de-mexico-l194;728000;Ciudad De Mexico Come Y Explora Los Mercados Locales;https://www.getyourguide.com/es-es/ciudad-de-mexico-l194/ciudad-de-mexico-come-y-explora-los-mercados-locales-t728000/
México;playa-del-carmen-l308;1163411;Jungala Aqua Experience Experiencia Completa;https://www.getyourguide.com/es-es/playa-del-carmen-l308/jungala-aqua-experience-experiencia-completa-t1163411/
México;mazatlan-l808;896559;Mazatlan Aventura En Tirolina Por Los Faroles;https://www.getyourguide.com/es-es/mazatlan-l808/mazatlan-aventura-en-tirolina-por-los-faroles-t896559/
México;tulum-l248;906942;Tulum Ruta De Bares Social Conoce A Otros Viajeros Gana Premios;https://www.getyourguide.com/es-es/tulum-l248/tulum-ruta-de-bares-social-conoce-a-otros-viajeros-gana-premios-t906942/
México;guadalajara-l677;790628;Guadalajara Tour En Bicicleta Por La Ciudad Visitando Lugares De Interes;https://www.getyourguide.com/es-es/guadalajara-l677/guadalajara-tour-en-bicicleta-por-la-ciudad-visitando-lugares-de-interes-t790628/
México;playa-del-carmen-l308;1017309;Playa Del Carmen Tour Sensorial Por La Memoria Culinaria De Mexico;https://www.getyourguide.com/es-es/playa-del-carmen-l308/playa-del-carmen-tour-sensorial-por-la-memoria-culinaria-de-mexico-t1017309/
México;puerto-vallarta-l265;878203;Tour Privado Desde Puerto Vallarta A San Sebastian Del Oeste;https://www.getyourguide.com/es-es/puerto-vallarta-l265/tour-privado-desde-puerto-vallarta-a-san-sebastian-del-oeste-t878203/
México;ciudad-de-mexico-l194;947659;Ciudad De Mexico Barco En Xochimilco Con Guacamole Y Bebidas Premium;https://www.getyourguide.com/es-es/ciudad-de-mexico-l194/ciudad-de-mexico-barco-en-xochimilco-con-guacamole-y-bebidas-premium-t947659/
México;ciudad-de-mexico-l194;959947;Cdmx Sobrevuela Teotihuacan En Globo Con Traslados Y Desayuno Incluido;https://www.getyourguide.com/es-es/ciudad-de-mexico-l194/cdmx-sobrevuela-teotihuacan-en-globo-con-traslados-y-desayuno-incluido-t959947/
México;ciudad-de-mexico-l194;70927;Super Comboteotihuacan Xochimilco Santuario De Guadalupe;https://www.getyourguide.com/es-es/ciudad-de-mexico-l194/super-comboteotihuacan-xochimilco-santuario-de-guadalupe-t70927/
México;puerto-morelos-l112372;1173887;Desde Costa Mujeres Catamaran Con Bebidas Snorkel Y Almuerzo;https://www.getyourguide.com/es-es/puerto-morelos-l112372/desde-costa-mujeres-catamaran-con-bebidas-snorkel-y-almuerzo-t1173887/
México;municipio-oaxaca-de-juarez-l681;1192031;Oaxaca Descubre La Historia Y La Cultura Del Mezcal Con Una Cata;https://www.getyourguide.com/es-es/municipio-oaxaca-de-juarez-l681/oaxaca-descubre-la-historia-y-la-cultura-del-mezcal-con-una-cata-t1192031/
México;valladolid-mexico-l101556;1194667;Visita Dia De Muertos En Cenote Desde Merida;https://www.getyourguide.com/es-es/valladolid-mexico-l101556/visita-dia-de-muertos-en-cenote-desde-merida-t1194667/
México;ciudad-de-mexico-l194;1072573;Tour Teleferico Panteon Y Carcamo De Chapultepec Cdmx;https://www.getyourguide.com/es-es/ciudad-de-mexico-l194/tour-teleferico-panteon-y-carcamo-de-chapultepec-cdmx-t1072573/
México;san-miguel-de-cozumel-l141611;1122694;Cozumel Snorkeling Playa El Cielo Wdrinks Ceviche More;https://www.getyourguide.com/es-es/san-miguel-de-cozumel-l141611/cozumel-snorkeling-playa-el-cielo-wdrinks-ceviche-more-t1122694/
México;mahahual-l168421;460845;Descubre El Buceo Experiencia En El Arrecife De Mahahual;https://www.getyourguide.com/es-es/mahahual-l168421/descubre-el-buceo-experiencia-en-el-arrecife-de-mahahual-t460845/
México;ciudad-de-mexico-l194;1281227;Ciudad De Mexico Tour En Bicicleta Con Cata De Cerveza Y Aperitivos;https://www.getyourguide.com/es-es/ciudad-de-mexico-l194/ciudad-de-mexico-tour-en-bicicleta-con-cata-de-cerveza-y-aperitivos-t1281227/
México;akumal-l2807;1281280;Akumal Nado Con Tortugas Esnorquel En La Laguna De Yal Ku Y Almuerzo;https://www.getyourguide.com/es-es/akumal-l2807/akumal-nado-con-tortugas-esnorquel-en-la-laguna-de-yal-ku-y-almuerzo-t1281280/
México;queretaro-l1170;484989;Tour Completo Queretaro Sierra Gorda;https://www.getyourguide.com/es-es/queretaro-l1170/tour-completo-queretaro-sierra-gorda-t484989/
México;san-miguel-de-cozumel-l141611;1196399;Ruta En Buggy Por Lugares Fotogenicos De Cozumel;https://www.getyourguide.com/es-es/san-miguel-de-cozumel-l141611/ruta-en-buggy-por-lugares-fotogenicos-de-cozumel-t1196399/
México;municipio-oaxaca-de-juarez-l681;1209158;Oaxaca Cultura Viva Y Saberes Locales;https://www.getyourguide.com/es-es/municipio-oaxaca-de-juarez-l681/oaxaca-cultura-viva-y-saberes-locales-t1209158/
México;playa-del-carmen-l308;1238716;Playa Del Carmen Entre Bastidores Tour Cultural En Aleman;https://www.getyourguide.com/es-es/playa-del-carmen-l308/playa-del-carmen-entre-bastidores-tour-cultural-en-aleman-t1238716/
México;cabo-san-lucas-l306;271487;Experiencia De Snorkel En El Parque Nacional Marino De Cabo Pulmo;https://www.getyourguide.com/es-es/cabo-san-lucas-l306/experiencia-de-snorkel-en-el-parque-nacional-marino-de-cabo-pulmo-t271487/
México;puerto-vallarta-l265;711240;La Mejor Pesca Deportiva;https://www.getyourguide.com/es-es/puerto-vallarta-l265/la-mejor-pesca-deportiva-t711240/
México;xoxocotlan-oaxaca-l180917;1293924;Oaxaca Tour Del Dia De Muertos Y Del Cementerio 31 De Octubre;https://www.getyourguide.com/es-es/xoxocotlan-oaxaca-l180917/oaxaca-tour-del-dia-de-muertos-y-del-cementerio-31-de-octubre-t1293924/
México;sinanche-l146311;731211;Visita Al Colmenar Visita A Las Abejas Tambien Al Yacimiento Arqueologico Y Al Estanque Salino;https://www.getyourguide.com/es-es/sinanche-l146311/visita-al-colmenar-visita-a-las-abejas-tambien-al-yacimiento-arqueologico-y-al-estanque-salino-t731211/
México;cabo-san-lucas-l306;733697;Desde Cabo San Lucas Servicio De Traslado;https://www.getyourguide.com/es-es/cabo-san-lucas-l306/desde-cabo-san-lucas-servicio-de-traslado-t733697/
México;tulum-l248;405980;Riviera Maya Ruinas De Coba Y Chichen Itza Con Bano En Cenote;https://www.getyourguide.com/es-es/tulum-l248/riviera-maya-ruinas-de-coba-y-chichen-itza-con-bano-en-cenote-t405980/
México;loreto-mexico-l1655;419149;Loreto Tour De La Santa Casa De La Virgen Maria;https://www.getyourguide.com/es-es/loreto-mexico-l1655/loreto-tour-de-la-santa-casa-de-la-virgen-maria-t419149/
México;progreso-l95507;824961;Progreso Pasea Por La Ciudad Y Saborea La Gastronomia Local;https://www.getyourguide.com/es-es/progreso-l95507/progreso-pasea-por-la-ciudad-y-saborea-la-gastronomia-local-t824961/
México;nuevo-vallarta-l92762;461676;Surf En El Norte De La Bahia;https://www.getyourguide.com/es-es/nuevo-vallarta-l92762/surf-en-el-norte-de-la-bahia-t461676/
México;tulum-l248;500979;Secretos Del Mezcal Y Tentaciones De Chocolate Un Asunto De Degustacion;https://www.getyourguide.com/es-es/tulum-l248/secretos-del-mezcal-y-tentaciones-de-chocolate-un-asunto-de-degustacion-t500979/
México;mahahual-l168421;528610;Mahahual Experiencia De Escapada A La Playa Con Todo Incluido En La Costa Maya;https://www.getyourguide.com/es-es/mahahual-l168421/mahahual-experiencia-de-escapada-a-la-playa-con-todo-incluido-en-la-costa-maya-t528610/
México;tlaquepaque-l773;537439;Descubre El Pueblo Magico De Tlaquepaque;https://www.getyourguide.com/es-es/tlaquepaque-l773/descubre-el-pueblo-magico-de-tlaquepaque-t537439/
México;municipio-oaxaca-de-juarez-l681;587980;Oaxaca Recorrido De Exploracion Del Geoparque;https://www.getyourguide.com/es-es/municipio-oaxaca-de-juarez-l681/oaxaca-recorrido-de-exploracion-del-geoparque-t587980/
México;puerto-vallarta-l265;614338;Puerto Vallarta Y Nayarit Clases De Surf;https://www.getyourguide.com/es-es/puerto-vallarta-l265/puerto-vallarta-y-nayarit-clases-de-surf-t614338/
México;ensenada-l545;443668;Tour Privado En El Valle De Guadalupe;https://www.getyourguide.com/es-es/ensenada-l545/tour-privado-en-el-valle-de-guadalupe-t443668/
México;las-coloradas-l168323;660265;Rio Lagartos Y Las Coloradas Experiencia Natural;https://www.getyourguide.com/es-es/las-coloradas-l168323/rio-lagartos-y-las-coloradas-experiencia-natural-t660265/
México;merida-l1903;1045245;Merida Clase De Cocina Sabores De Yucatan Y Visita Al Mercado;https://www.getyourguide.com/es-es/merida-l1903/merida-clase-de-cocina-sabores-de-yucatan-y-visita-al-mercado-t1045245/
México;ciudad-de-mexico-l194;683247;Tour Privado A Pie Por El Centro Historico De La Ciudad De Mexico;https://www.getyourguide.com/es-es/ciudad-de-mexico-l194/tour-privado-a-pie-por-el-centro-historico-de-la-ciudad-de-mexico-t683247/
México;las-coloradas-l168323;476270;Las Coloradas Excursion Safari Lagos Rosas;https://www.getyourguide.com/es-es/las-coloradas-l168323/las-coloradas-excursion-safari-lagos-rosas-t476270/
México;veracruz-l683;498827;Veracruz Tour De La Ciudad Y Atracciones;https://www.getyourguide.com/es-es/veracruz-l683/veracruz-tour-de-la-ciudad-y-atracciones-t498827/
México;ciudad-de-mexico-l194;509673;Visita Al Mercado Clase De Cocina Y Banquete Mexicano De Tres Platos;https://www.getyourguide.com/es-es/ciudad-de-mexico-l194/visita-al-mercado-clase-de-cocina-y-banquete-mexicano-de-tres-platos-t509673/
México;santa-maria-huatulco-l781;730126;Huatulco Aventura De Snorkel;https://www.getyourguide.com/es-es/santa-maria-huatulco-l781/huatulco-aventura-de-snorkel-t730126/
México;cabo-san-lucas-l306;737206;Los Cabos Increible Tour Privado A Balandra;https://www.getyourguide.com/es-es/cabo-san-lucas-l306/los-cabos-increible-tour-privado-a-balandra-t737206/
México;municipio-oaxaca-de-juarez-l681;529430;Tour Oaxaca Antigua Monte Alban Alebrijes Y Artesanias;https://www.getyourguide.com/es-es/municipio-oaxaca-de-juarez-l681/tour-oaxaca-antigua-monte-alban-alebrijes-y-artesanias-t529430/
México;tulum-l248;1123609;Tulum Clase De Sushi Vegano Con Almuerzo O Cena;https://www.getyourguide.com/es-es/tulum-l248/tulum-clase-de-sushi-vegano-con-almuerzo-o-cena-t1123609/
México;playa-del-carmen-l308;792288;Desde Holbox Traslado Compartido De Ida A Playa Del Carmen;https://www.getyourguide.com/es-es/playa-del-carmen-l308/desde-holbox-traslado-compartido-de-ida-a-playa-del-carmen-t792288/
México;cancun-l150;572617;Charter De Pesca Privado 31 Pies Para Un Maximo De 6 Personas;https://www.getyourguide.com/es-es/cancun-l150/charter-de-pesca-privado-31-pies-para-un-maximo-de-6-personas-t572617/
México;cabo-san-lucas-l306;794019;Los Cabos Tour De Avistamiento De Ballenas En Catamaran;https://www.getyourguide.com/es-es/cabo-san-lucas-l306/los-cabos-tour-de-avistamiento-de-ballenas-en-catamaran-t794019/
México;san-miguel-de-allende-l2515;804682;San Miguel De Allende Ruta Del Vino Del Valle De La Independencia;https://www.getyourguide.com/es-es/san-miguel-de-allende-l2515/san-miguel-de-allende-ruta-del-vino-del-valle-de-la-independencia-t804682/
México;san-cristobal-de-las-casas-l2166;593928;San Cristobal Cascadas De Chiflon Y Lagos De Montebello;https://www.getyourguide.com/es-es/san-cristobal-de-las-casas-l2166/san-cristobal-cascadas-de-chiflon-y-lagos-de-montebello-t593928/
México;ciudad-de-mexico-l194;809219;From Mexico City Horseback Riding Mexico;https://www.getyourguide.com/es-es/ciudad-de-mexico-l194/from-mexico-city-horseback-riding-mexico-t809219/
México;mahahual-l168421;601967;Aventura En Quad Con Barra Libre En La Costa Maya;https://www.getyourguide.com/es-es/mahahual-l168421/aventura-en-quad-con-barra-libre-en-la-costa-maya-t601967/
México;cabo-san-lucas-l306;1137658;Cabo San Lucas Crucero Pirata Con Esnorquel Buffet Y Bebidas;https://www.getyourguide.com/es-es/cabo-san-lucas-l306/cabo-san-lucas-crucero-pirata-con-esnorquel-buffet-y-bebidas-t1137658/
México;nuevo-vallarta-l92762;682098;Puerto Vallarta Descubrimiento De Leones Marinos En El Parque Aquaventuras;https://www.getyourguide.com/es-es/nuevo-vallarta-l92762/puerto-vallarta-descubrimiento-de-leones-marinos-en-el-parque-aquaventuras-t682098/
México;cancun-l150;710680;Cancuntraslado Hotel Cun Aeropuerto Cancun;https://www.getyourguide.com/es-es/cancun-l150/cancuntraslado-hotel-cun-aeropuerto-cancun-t710680/
México;ciudad-de-mexico-l194;1228692;Sabor A Calle Aventura De Comida Callejera En La Ciudad De Mexico;https://www.getyourguide.com/es-es/ciudad-de-mexico-l194/sabor-a-calle-aventura-de-comida-callejera-en-la-ciudad-de-mexico-t1228692/
México;zihuatanejo-l392;777524;Zihuatanejo Excursion Arqueologica A Xihuacan Con Visita Al Museo;https://www.getyourguide.com/es-es/zihuatanejo-l392/zihuatanejo-excursion-arqueologica-a-xihuacan-con-visita-al-museo-t777524/
México;puerto-vallarta-l265;805676;Puerto Vallarta Traslado Privado Del Aeropuerto Pvr Al Centro De La Ciudad;https://www.getyourguide.com/es-es/puerto-vallarta-l265/puerto-vallarta-traslado-privado-del-aeropuerto-pvr-al-centro-de-la-ciudad-t805676/
México;akumal-l2807;834365;Akumal Santuario De Los Monos Atv Cenote Y Excursion De Esnorquel A Yalku;https://www.getyourguide.com/es-es/akumal-l2807/akumal-santuario-de-los-monos-atv-cenote-y-excursion-de-esnorquel-a-yalku-t834365/
México;ciudad-de-mexico-l194;858548;Tour Privado De Dia Completo A Puebla Desde La Ciudad De Mexico;https://www.getyourguide.com/es-es/ciudad-de-mexico-l194/tour-privado-de-dia-completo-a-puebla-desde-la-ciudad-de-mexico-t858548/
México;cancun-l150;880969;Transporte Privado Aeropuerto Cun A Dreams Playa Mujeres Golf Spa;https://www.getyourguide.com/es-es/cancun-l150/transporte-privado-aeropuerto-cun-a-dreams-playa-mujeres-golf-spa-t880969/
México;cancun-l150;895602;Experiencia Privada Todo Incluido A Chichen Itza Con Cenote Desde Cancun;https://www.getyourguide.com/es-es/cancun-l150/experiencia-privada-todo-incluido-a-chichen-itza-con-cenote-desde-cancun-t895602/
México;ciudad-de-mexico-l194;1091374;Cdmx Velada Mexicana Lucha Libre Y Tequila;https://www.getyourguide.com/es-es/ciudad-de-mexico-l194/cdmx-velada-mexicana-lucha-libre-y-tequila-t1091374/
México;municipio-oaxaca-de-juarez-l681;1106948;Oaxaca Ruta De Senderismo Por La Sierra Norte Con Almuerzo;https://www.getyourguide.com/es-es/municipio-oaxaca-de-juarez-l681/oaxaca-ruta-de-senderismo-por-la-sierra-norte-con-almuerzo-t1106948/
México;merida-l1903;923383;Recorrido Cultural En El Centro Historico De Merida;https://www.getyourguide.com/es-es/merida-l1903/recorrido-cultural-en-el-centro-historico-de-merida-t923383/
México;ciudad-de-mexico-l194;927883;Ciudad De Mexico Tour A Teotihuacan Tlatelolco Y Guadalupe;https://www.getyourguide.com/es-es/ciudad-de-mexico-l194/ciudad-de-mexico-tour-a-teotihuacan-tlatelolco-y-guadalupe-t927883/
México;corral-del-risco-l236660;947882;Islas Marietas Safari;https://www.getyourguide.com/es-es/corral-del-risco-l236660/islas-marietas-safari-t947882/
México;ciudad-de-mexico-l194;965047;Tour Guiado Barrio De Coyoacan Y Museo Leon Trotsky;https://www.getyourguide.com/es-es/ciudad-de-mexico-l194/tour-guiado-barrio-de-coyoacan-y-museo-leon-trotsky-t965047/
México;san-jose-del-cabo-l967;77467;Aeropuerto De Los Cabos Sjd Traslado Privado En Minivan De Lujo;https://www.getyourguide.com/es-es/san-jose-del-cabo-l967/aeropuerto-de-los-cabos-sjd-traslado-privado-en-minivan-de-lujo-t77467/
México;cabo-san-lucas-l306;207672;Cabo San Lucas Experiencia De Snorkel Comida Y Vela;https://www.getyourguide.com/es-es/cabo-san-lucas-l306/cabo-san-lucas-experiencia-de-snorkel-comida-y-vela-t207672/
México;san-miguel-de-allende-l2515;257557;San Miguel Tour A Pie Por Los Monumentos Y Almuerzo;https://www.getyourguide.com/es-es/san-miguel-de-allende-l2515/san-miguel-tour-a-pie-por-los-monumentos-y-almuerzo-t257557/
México;teotitlan-del-valle-l135632;1180044;Tour Zapoteco De Dia Completo En Teotitlan Del Valle Y El Picacho;https://www.getyourguide.com/es-es/teotitlan-del-valle-l135632/tour-zapoteco-de-dia-completo-en-teotitlan-del-valle-y-el-picacho-t1180044/
México;puebla-l1471;384773;Lucha Libre Experiencia De Lucha Libre En Puebla;https://www.getyourguide.com/es-es/puebla-l1471/lucha-libre-experiencia-de-lucha-libre-en-puebla-t384773/
México;playa-del-carmen-l308;404868;Playa Del Carmen Experiencia En La Discoteca Coco Bongo;https://www.getyourguide.com/es-es/playa-del-carmen-l308/playa-del-carmen-experiencia-en-la-discoteca-coco-bongo-t404868/
México;cancun-l150;433988;Cancun Billete De Autobus Turistico Hop On Hop Off;https://www.getyourguide.com/es-es/cancun-l150/cancun-billete-de-autobus-turistico-hop-on-hop-off-t433988/
México;guadalajara-l677;436203;Recorrido Por El Centro De Guadalajara Y Tlaquepaque;https://www.getyourguide.com/es-es/guadalajara-l677/recorrido-por-el-centro-de-guadalajara-y-tlaquepaque-t436203/
México;municipio-oaxaca-de-juarez-l681;1124265;Oaxaca Clase De Cocina Con Un Chef Local;https://www.getyourguide.com/es-es/municipio-oaxaca-de-juarez-l681/oaxaca-clase-de-cocina-con-un-chef-local-t1124265/
México;merida-l1903;1132693;Desde Merida Excursion De 1 Dia A Campeche Con Paseo Por El Malecon;https://www.getyourguide.com/es-es/merida-l1903/desde-merida-excursion-de-1-dia-a-campeche-con-paseo-por-el-malecon-t1132693/
México;campeche-l2516;460444;Desde Campeche Ruta Arqueologica Uxmal Y Becal;https://www.getyourguide.com/es-es/campeche-l2516/desde-campeche-ruta-arqueologica-uxmal-y-becal-t460444/
México;tulum-l248;1144420;Tulum Stand Up Paddle Board Tour;https://www.getyourguide.com/es-es/tulum-l248/tulum-stand-up-paddle-board-tour-t1144420/
México;tulum-l248;1194567;Tulum Tour De Arte Urbano Y Galerias;https://www.getyourguide.com/es-es/tulum-l248/tulum-tour-de-arte-urbano-y-galerias-t1194567/
México;cancun-l150;562695;Cancun Tour Privado Por Las Ruinas De Coba Y Tulum;https://www.getyourguide.com/es-es/cancun-l150/cancun-tour-privado-por-las-ruinas-de-coba-y-tulum-t562695/
México;cancun-l150;562808;Cancun Excursion A Las Ruinas De Tulum Y Snorkel Con Tortugas Marinas;https://www.getyourguide.com/es-es/cancun-l150/cancun-excursion-a-las-ruinas-de-tulum-y-snorkel-con-tortugas-marinas-t562808/
México;cabo-san-lucas-l306;12034;Excursion A La Bahia De Cabo San Lucas Y Vela Al Atardecer En El Pacifico;https://www.getyourguide.com/es-es/cabo-san-lucas-l306/excursion-a-la-bahia-de-cabo-san-lucas-y-vela-al-atardecer-en-el-pacifico-t12034/
México;san-cristobal-de-las-casas-l2166;33732;Canon Del Sumidero Y Chiapa De Corzo San Cristobal;https://www.getyourguide.com/es-es/san-cristobal-de-las-casas-l2166/canon-del-sumidero-y-chiapa-de-corzo-san-cristobal-t33732/
México;puerto-vallarta-l265;1241797;Puerto Vallarta Taller De Elaboracion De Salsas Con Degustacion;https://www.getyourguide.com/es-es/puerto-vallarta-l265/puerto-vallarta-taller-de-elaboracion-de-salsas-con-degustacion-t1241797/
México;punta-sam-l189511;676332;Cancun Catamaran Privado De Lujo A Isla Mujeres;https://www.getyourguide.com/es-es/punta-sam-l189511/cancun-catamaran-privado-de-lujo-a-isla-mujeres-t676332/
México;municipio-oaxaca-de-juarez-l681;704168;Oaxaca La Culebra Hierve El Agua Tour De 1 Dia;https://www.getyourguide.com/es-es/municipio-oaxaca-de-juarez-l681/oaxaca-la-culebra-hierve-el-agua-tour-de-1-dia-t704168/
México;cancun-l150;219552;Cancun Pase Todo Terreno Con Transporte;https://www.getyourguide.com/es-es/cancun-l150/cancun-pase-todo-terreno-con-transporte-t219552/
México;veracruz-l683;745894;Veracruz Aventura De Snorkel En La Isla De En Medio;https://www.getyourguide.com/es-es/veracruz-l683/veracruz-aventura-de-snorkel-en-la-isla-de-en-medio-t745894/
México;cabo-san-lucas-l306;304643;Avistamiento De Ballenas En Los Cabos Tripulacion Femenina Y Fotos Gratis;https://www.getyourguide.com/es-es/cabo-san-lucas-l306/avistamiento-de-ballenas-en-los-cabos-tripulacion-femenina-y-fotos-gratis-t304643/
México;puerto-escondido-l32155;308788;Puerto Escondido Excursion A Caballo Al Atardecer;https://www.getyourguide.com/es-es/puerto-escondido-l32155/puerto-escondido-excursion-a-caballo-al-atardecer-t308788/
México;cancun-l150;769437;Cancun Velada Romantica En Galeon Con Cena Y Barra Libre;https://www.getyourguide.com/es-es/cancun-l150/cancun-velada-romantica-en-galeon-con-cena-y-barra-libre-t769437/
México;queretaro-l1170;779350;Experiencia En Simulador Dinamicos De Carreras Profesional En Queretaro;https://www.getyourguide.com/es-es/queretaro-l1170/experiencia-en-simulador-dinamicos-de-carreras-profesional-en-queretaro-t779350/
México;leon-mexico-l155751;797064;Leon Visita Guiada Por El Centro De La Ciudad Con Degustacion De Nieve De Garrafa;https://www.getyourguide.com/es-es/leon-mexico-l155751/leon-visita-guiada-por-el-centro-de-la-ciudad-con-degustacion-de-nieve-de-garrafa-t797064/
México;tulum-l248;405787;Sitio Arqueologico De Tulum Entrada Sin Colas;https://www.getyourguide.com/es-es/tulum-l248/sitio-arqueologico-de-tulum-entrada-sin-colas-t405787/
México;palenque-chiapas-l179804;803981;Palenque Eco Tour A Caballo Con Comida;https://www.getyourguide.com/es-es/palenque-chiapas-l179804/palenque-eco-tour-a-caballo-con-comida-t803981/
México;puerto-aventuras-l964;408780;Isla Mujeres Interaccion Con Leones Marinos Y Manaties Con Bufe;https://www.getyourguide.com/es-es/puerto-aventuras-l964/isla-mujeres-interaccion-con-leones-marinos-y-manaties-con-bufe-t408780/
México;ciudad-de-mexico-l194;3739;Paseo En Barco Por El Canal Azteca De Xochimilco Y Coyoacan Desde Ciudad De Mexico;https://www.getyourguide.com/es-es/ciudad-de-mexico-l194/paseo-en-barco-por-el-canal-azteca-de-xochimilco-y-coyoacan-desde-ciudad-de-mexico-t3739/
México;guadalajara-l677;850766;Ruta Del Tequila Premium Con Cata Profesional;https://www.getyourguide.com/es-es/guadalajara-l677/ruta-del-tequila-premium-con-cata-profesional-t850766/
México;ciudad-de-mexico-l194;473019;Ciudad De Mexico Explora El Barrio De Tepito Con Un Lugareno;https://www.getyourguide.com/es-es/ciudad-de-mexico-l194/ciudad-de-mexico-explora-el-barrio-de-tepito-con-un-lugareno-t473019/
México;ciudad-de-mexico-l194;884984;Mexico City Hiking Tour A Desierto De Los Leones;https://www.getyourguide.com/es-es/ciudad-de-mexico-l194/mexico-city-hiking-tour-a-desierto-de-los-leones-t884984/
México;ciudad-de-mexico-l194;188307;Las Maravillas De Queretaro Tour Privado Desde Ciudad De Mexico;https://www.getyourguide.com/es-es/ciudad-de-mexico-l194/las-maravillas-de-queretaro-tour-privado-desde-ciudad-de-mexico-t188307/
México;merida-l1903;512823;Merida Paseo En Bicicleta Por El Bulevar Montejo Y El Centro Historico;https://www.getyourguide.com/es-es/merida-l1903/merida-paseo-en-bicicleta-por-el-bulevar-montejo-y-el-centro-historico-t512823/
México;la-paz-mexico-l2930;528760;Desde La Paz Combo Tiburones Ballena Leones Marinos Y Playa Balandra;https://www.getyourguide.com/es-es/la-paz-mexico-l2930/desde-la-paz-combo-tiburones-ballena-leones-marinos-y-playa-balandra-t528760/
México;puebla-l1471;303693;Desde Puebla Zacatlan Y Chignahuapan Tour Privado De Dia Completo;https://www.getyourguide.com/es-es/puebla-l1471/desde-puebla-zacatlan-y-chignahuapan-tour-privado-de-dia-completo-t303693/
México;puerto-vallarta-l265;416826;Puerto Vallarta Excursion De Medio Dia En Lancha Rapida Con Snorkel;https://www.getyourguide.com/es-es/puerto-vallarta-l265/puerto-vallarta-excursion-de-medio-dia-en-lancha-rapida-con-snorkel-t416826/
México;ciudad-de-mexico-l194;1001219;Cmdx Tour Exclusivo El Legado De Luis Barragan En Casa Pedregal;https://www.getyourguide.com/es-es/ciudad-de-mexico-l194/cmdx-tour-exclusivo-el-legado-de-luis-barragan-en-casa-pedregal-t1001219/
México;cancun-l150;446957;Tour Cancun Clear Bout;https://www.getyourguide.com/es-es/cancun-l150/tour-cancun-clear-bout-t446957/
México;cabo-san-lucas-l306;662072;Combo De Utv De Playa Y Paseos A Caballo En Cabo Por Cactus Tours;https://www.getyourguide.com/es-es/cabo-san-lucas-l306/combo-de-utv-de-playa-y-paseos-a-caballo-en-cabo-por-cactus-tours-t662072/
México;cancun-l150;684422;Traslado Aeropuerto De Cancun A Tulum;https://www.getyourguide.com/es-es/cancun-l150/traslado-aeropuerto-de-cancun-a-tulum-t684422/
México;ciudad-de-mexico-l194;1084646;Ciudad De Mexico Visita Al Santuario De La Mariposa Monarca Con Traslado;https://www.getyourguide.com/es-es/ciudad-de-mexico-l194/ciudad-de-mexico-visita-al-santuario-de-la-mariposa-monarca-con-traslado-t1084646/
México;ciudad-de-mexico-l194;702294;Ciudad De Mexico Aventura De Comida Callejera Vegana Y Vegetariana;https://www.getyourguide.com/es-es/ciudad-de-mexico-l194/ciudad-de-mexico-aventura-de-comida-callejera-vegana-y-vegetariana-t702294/
México;tijuana-l546;544424;Desde Tijuana Recorrido Por Las Bodegas Compartidas Del Valle De Guadalupe;https://www.getyourguide.com/es-es/tijuana-l546/desde-tijuana-recorrido-por-las-bodegas-compartidas-del-valle-de-guadalupe-t544424/
México;tulum-l248;723594;Servicio De Furgoneta De Ida Y Vuelta Al Aeropuerto;https://www.getyourguide.com/es-es/tulum-l248/servicio-de-furgoneta-de-ida-y-vuelta-al-aeropuerto-t723594/
México;ciudad-de-mexico-l194;559036;Ciudad De Mexico Tour Gastronomico Comida Casera Mi Casa Es Tu Casa;https://www.getyourguide.com/es-es/ciudad-de-mexico-l194/ciudad-de-mexico-tour-gastronomico-comida-casera-mi-casa-es-tu-casa-t559036/
México;monterrey-l679;593229;Tour Parras De La Fuente Guia Traslados Ticket De Entrada;https://www.getyourguide.com/es-es/monterrey-l679/tour-parras-de-la-fuente-guia-traslados-ticket-de-entrada-t593229/
México;ciudad-de-guanajuato-l2514;1178658;Cuatrimotos Al Atardecer Por Guanajuato;https://www.getyourguide.com/es-es/ciudad-de-guanajuato-l2514/cuatrimotos-al-atardecer-por-guanajuato-t1178658/
México;queretaro-l1170;823430;Queretaro Valle De La Independencia Tour De Vino Por Guanajuato;https://www.getyourguide.com/es-es/queretaro-l1170/queretaro-valle-de-la-independencia-tour-de-vino-por-guanajuato-t823430/
México;san-miguel-de-cozumel-l141611;1194825;Tour Cultural Y Natural Por Cozumel Con Cenote Y Discoteca;https://www.getyourguide.com/es-es/san-miguel-de-cozumel-l141611/tour-cultural-y-natural-por-cozumel-con-cenote-y-discoteca-t1194825/
México;la-paz-mexico-l2930;637448;La Paz Aventura En Yate De Lujo Con Paddleboard;https://www.getyourguide.com/es-es/la-paz-mexico-l2930/la-paz-aventura-en-yate-de-lujo-con-paddleboard-t637448/
México;san-miguel-de-cozumel-l141611;849376;Recorrido Turistico En Buggy Por La Isla De Cozumel Chankanaab;https://www.getyourguide.com/es-es/san-miguel-de-cozumel-l141611/recorrido-turistico-en-buggy-por-la-isla-de-cozumel-chankanaab-t849376/
México;zihuatanejo-l392;852270;Ixtapa Zihuatanejo Recorrido Arqueologico Soledad De Maciel;https://www.getyourguide.com/es-es/zihuatanejo-l392/ixtapa-zihuatanejo-recorrido-arqueologico-soledad-de-maciel-t852270/
México;ciudad-de-mexico-l194;655220;Xochimilco Para Ninos Y Familias;https://www.getyourguide.com/es-es/ciudad-de-mexico-l194/xochimilco-para-ninos-y-familias-t655220/
México;san-miguel-de-allende-l2515;882205;Dia De Spa En Tu Hotel Masaje Y Reflexologia 120 Min;https://www.getyourguide.com/es-es/san-miguel-de-allende-l2515/dia-de-spa-en-tu-hotel-masaje-y-reflexologia-120-min-t882205/
México;cabo-san-lucas-l306;721163;Cabo San Lucas Yate Privado 1 Hora Crucero Expres Destacado;https://www.getyourguide.com/es-es/cabo-san-lucas-l306/cabo-san-lucas-yate-privado-1-hora-crucero-expres-destacado-t721163/
México;la-paz-mexico-l2930;722342;La Paz Excursion De Un Dia A Todos Santos;https://www.getyourguide.com/es-es/la-paz-mexico-l2930/la-paz-excursion-de-un-dia-a-todos-santos-t722342/
México;cancun-l150;919466;Cancun Vuelo En Helicoptero Por La Zona Hotelera;https://www.getyourguide.com/es-es/cancun-l150/cancun-vuelo-en-helicoptero-por-la-zona-hotelera-t919466/
México;ciudad-de-mexico-l194;957881;Coyoacan Historia Y Vida De Un Barrio Magico;https://www.getyourguide.com/es-es/ciudad-de-mexico-l194/coyoacan-historia-y-vida-de-un-barrio-magico-t957881/
México;valladolid-mexico-l101556;803367;De Valladolid Ek Balam 2 Cenotes Comida;https://www.getyourguide.com/es-es/valladolid-mexico-l101556/de-valladolid-ek-balam-2-cenotes-comida-t803367/
México;ciudad-de-mexico-l194;1019423;Ciudad De Mexico Tour A Pie Por Los Barrios De Roma Y Condesa;https://www.getyourguide.com/es-es/ciudad-de-mexico-l194/ciudad-de-mexico-tour-a-pie-por-los-barrios-de-roma-y-condesa-t1019423/
México;mazatlan-l808;850654;Mazatlan Shekinah Beach Club;https://www.getyourguide.com/es-es/mazatlan-l808/mazatlan-shekinah-beach-club-t850654/
México;cancun-l150;882337;Cancun Catamaran Privado Con Barra Libre Y Opcion De Snorkel;https://www.getyourguide.com/es-es/cancun-l150/cancun-catamaran-privado-con-barra-libre-y-opcion-de-snorkel-t882337/
México;cabo-san-lucas-l306;914394;Cabo San Lucastour En Lancha Alrededor De La Peninsula Y Estancia En Playa;https://www.getyourguide.com/es-es/cabo-san-lucas-l306/cabo-san-lucastour-en-lancha-alrededor-de-la-peninsula-y-estancia-en-playa-t914394/
México;holbox-l189767;994689;Tour En Italiano En Holbox;https://www.getyourguide.com/es-es/holbox-l189767/tour-en-italiano-en-holbox-t994689/
México;ciudad-de-mexico-l194;1001735;Maridaje De Helados Con Mezcal Y Licores De Agave En Ciudad De Mexico;https://www.getyourguide.com/es-es/ciudad-de-mexico-l194/maridaje-de-helados-con-mezcal-y-licores-de-agave-en-ciudad-de-mexico-t1001735/
México;teotitlan-del-valle-l135632;1227024;Tour Senderismo Y Chapuzon En Hierve El Agua Teotitlan Y Mezcal;https://www.getyourguide.com/es-es/teotitlan-del-valle-l135632/tour-senderismo-y-chapuzon-en-hierve-el-agua-teotitlan-y-mezcal-t1227024/
México;ciudad-de-mexico-l194;1089532;Ciudad De Mexico Tour Por El Mercado De Coyoacan Con Degustaciones Gastronomicas;https://www.getyourguide.com/es-es/ciudad-de-mexico-l194/ciudad-de-mexico-tour-por-el-mercado-de-coyoacan-con-degustaciones-gastronomicas-t1089532/
México;san-bartolo-coyotepec-l135622;1102360;Oaxacafull Day Tour Monte Alban Mezcal Ancestral Alebrijes Y Barro Negro;https://www.getyourguide.com/es-es/san-bartolo-coyotepec-l135622/oaxacafull-day-tour-monte-alban-mezcal-ancestral-alebrijes-y-barro-negro-t1102360/
México;ciudad-de-mexico-l194;1120141;Ciudad De Mexico Tour De Tacos Espeluznantes Por Roma Condesa Y Juarez;https://www.getyourguide.com/es-es/ciudad-de-mexico-l194/ciudad-de-mexico-tour-de-tacos-espeluznantes-por-roma-condesa-y-juarez-t1120141/
México;guadalajara-l677;535271;Visita A La Arquitectura Y Cerveceria De Guadalajara;https://www.getyourguide.com/es-es/guadalajara-l677/visita-a-la-arquitectura-y-cerveceria-de-guadalajara-t535271/
México;santa-maria-huatulco-l781;538211;Huatulco Excursion Privada A Las Magicas Cascadas De Copalitilla;https://www.getyourguide.com/es-es/santa-maria-huatulco-l781/huatulco-excursion-privada-a-las-magicas-cascadas-de-copalitilla-t538211/
México;ciudad-de-mexico-l194;590534;Ciudad De Mexico Recorrido Por La Arquitectura Del Centro Historico;https://www.getyourguide.com/es-es/ciudad-de-mexico-l194/ciudad-de-mexico-recorrido-por-la-arquitectura-del-centro-historico-t590534/
México;holbox-l189767;1160824;Holbox Tour De Busqueda Y Nado Con El Pez Mas Grande Del Mundo;https://www.getyourguide.com/es-es/holbox-l189767/holbox-tour-de-busqueda-y-nado-con-el-pez-mas-grande-del-mundo-t1160824/
México;brisas-de-zicatela-l204024;1316589;Clases De Surf En Puerto Escondido;https://www.getyourguide.com/es-es/brisas-de-zicatela-l204024/clases-de-surf-en-puerto-escondido-t1316589/
México;bacalar-l95624;635921;Bacalar Excursion De Un Dia A Las Ruinas De Calakmul Con Parada En La Selva;https://www.getyourguide.com/es-es/bacalar-l95624/bacalar-excursion-de-un-dia-a-las-ruinas-de-calakmul-con-parada-en-la-selva-t635921/
México;queretaro-l1170;670488;Queretaro Recorrido En Vehiculo Electrico Por El Centro Historico;https://www.getyourguide.com/es-es/queretaro-l1170/queretaro-recorrido-en-vehiculo-electrico-por-el-centro-historico-t670488/
México;san-jose-del-cabo-l967;676497;Aeropuerto De Los Cabos Transporte Vip A Todos Santos;https://www.getyourguide.com/es-es/san-jose-del-cabo-l967/aeropuerto-de-los-cabos-transporte-vip-a-todos-santos-t676497/
México;san-cristobal-de-las-casas-l2166;694006;Chiapas San Juan Chamula Zinacantan;https://www.getyourguide.com/es-es/san-cristobal-de-las-casas-l2166/chiapas-san-juan-chamula-zinacantan-t694006/
México;ciudad-de-mexico-l194;70939;Museo De Antropologia De La Ciudad De Mexico Con Transporte;https://www.getyourguide.com/es-es/ciudad-de-mexico-l194/museo-de-antropologia-de-la-ciudad-de-mexico-con-transporte-t70939/
México;guadalajara-l677;714925;Guadalajara Tour Del Tequila Premium Con Catas Y Maridajes;https://www.getyourguide.com/es-es/guadalajara-l677/guadalajara-tour-del-tequila-premium-con-catas-y-maridajes-t714925/
México;san-luis-potosi-l266901;738177;Tour De La Ciudad En El Centro De San Luis Potosi;https://www.getyourguide.com/es-es/san-luis-potosi-l266901/tour-de-la-ciudad-en-el-centro-de-san-luis-potosi-t738177/
México;cabo-san-lucas-l306;207642;Cabo San Lucas Excursion De Avistamiento De Ballenas Con Comida;https://www.getyourguide.com/es-es/cabo-san-lucas-l306/cabo-san-lucas-excursion-de-avistamiento-de-ballenas-con-comida-t207642/
México;cabo-san-lucas-l306;215475;Cabo San Lucas Desayuno Crucero De Avistamiento De Ballenas;https://www.getyourguide.com/es-es/cabo-san-lucas-l306/cabo-san-lucas-desayuno-crucero-de-avistamiento-de-ballenas-t215475/
México;bacalar-l95624;1249605;Bacalar Yoga Junto A La Laguna Con Desayuno Y Alquiler De Kayak;https://www.getyourguide.com/es-es/bacalar-l95624/bacalar-yoga-junto-a-la-laguna-con-desayuno-y-alquiler-de-kayak-t1249605/
México;taxco-de-alarcon-l364;763955;Taxco El Maravilloso Recorrido De Las Mil Cascadas;https://www.getyourguide.com/es-es/taxco-de-alarcon-l364/taxco-el-maravilloso-recorrido-de-las-mil-cascadas-t763955/
México;taxco-de-alarcon-l364;764270;Taxco Recorrido Por El Poligono De Beneficio Minero Del Siglo Xvi;https://www.getyourguide.com/es-es/taxco-de-alarcon-l364/taxco-recorrido-por-el-poligono-de-beneficio-minero-del-siglo-xvi-t764270/
México;ciudad-de-mexico-l194;310448;Ciudad De Mexico Visita Al Museo De Antropologia Con Historiador;https://www.getyourguide.com/es-es/ciudad-de-mexico-l194/ciudad-de-mexico-visita-al-museo-de-antropologia-con-historiador-t310448/
México;tulum-l248;1264633;;https://www.getyourguide.com/es-es/tulum-l248/-t1264633/
México;cabo-san-lucas-l306;809956;Los Cabos Tour Al Arco En Lancha Transparente;https://www.getyourguide.com/es-es/cabo-san-lucas-l306/los-cabos-tour-al-arco-en-lancha-transparente-t809956/
México;cancun-l150;836582;Transporte Privado Del Aeropuerto Cun Al Royalton Riviera Cancun;https://www.getyourguide.com/es-es/cancun-l150/transporte-privado-del-aeropuerto-cun-al-royalton-riviera-cancun-t836582/
México;cancun-l150;858649;Descubre La Magia Maya Tulum Coba Cenote Playa Del Carmen;https://www.getyourguide.com/es-es/cancun-l150/descubre-la-magia-maya-tulum-coba-cenote-playa-del-carmen-t858649/
México;puerto-escondido-l32155;448622;Puerto Escondido Tour En Barco Para Ver Delfines Y Vida Marina;https://www.getyourguide.com/es-es/puerto-escondido-l32155/puerto-escondido-tour-en-barco-para-ver-delfines-y-vida-marina-t448622/
México;valle-de-bravo-l95795;474043;Valle De Bravo Noche Magica En El Bosque;https://www.getyourguide.com/es-es/valle-de-bravo-l95795/valle-de-bravo-noche-magica-en-el-bosque-t474043/
México;tulum-l248;936390;Tulum Zona Arqueologica Y Parque El Jaguar Con Traslado Y Comida;https://www.getyourguide.com/es-es/tulum-l248/tulum-zona-arqueologica-y-parque-el-jaguar-con-traslado-y-comida-t936390/
México;ciudad-de-mexico-l194;957756;Desde Ciudad De Mexico Excursion De Un Dia A Las Termas De Tolantongo Con Guia;https://www.getyourguide.com/es-es/ciudad-de-mexico-l194/desde-ciudad-de-mexico-excursion-de-un-dia-a-las-termas-de-tolantongo-con-guia-t957756/
México;ciudad-de-mexico-l194;958569;Desde Cdmx Excursion A Las Cuevas De Tolantongo;https://www.getyourguide.com/es-es/ciudad-de-mexico-l194/desde-cdmx-excursion-a-las-cuevas-de-tolantongo-t958569/
México;ciudad-de-mexico-l194;526549;Visita Instagram Ciudad De Mexico Los Lugares Mas Famosos;https://www.getyourguide.com/es-es/ciudad-de-mexico-l194/visita-instagram-ciudad-de-mexico-los-lugares-mas-famosos-t526549/
México;holbox-l189767;527479;Holbox Busca Y Nada Con Tiburones Ballena Todo Incluido;https://www.getyourguide.com/es-es/holbox-l189767/holbox-busca-y-nada-con-tiburones-ballena-todo-incluido-t527479/
México;progreso-l95507;600912;Progreso Clases De Kitesurf;https://www.getyourguide.com/es-es/progreso-l95507/progreso-clases-de-kitesurf-t600912/
México;ciudad-de-mexico-l194;602856;Tlatelolco Y Mercado De La Lagunilla Visita A Pie Ciudad De Mexico;https://www.getyourguide.com/es-es/ciudad-de-mexico-l194/tlatelolco-y-mercado-de-la-lagunilla-visita-a-pie-ciudad-de-mexico-t602856/
México;puerto-vallarta-l265;403317;Puerta Vallarta Tour Gastronomico Para Los Amantes De Los Mariscos;https://www.getyourguide.com/es-es/puerto-vallarta-l265/puerta-vallarta-tour-gastronomico-para-los-amantes-de-los-mariscos-t403317/
México;municipio-oaxaca-de-juarez-l681;1087483;Monte Alban Tour En Bicicleta Arqueologia Alebrijes E Historia;https://www.getyourguide.com/es-es/municipio-oaxaca-de-juarez-l681/monte-alban-tour-en-bicicleta-arqueologia-alebrijes-e-historia-t1087483/
México;puebla-l1471;434802;Puebla Hop On Hop Off City Tour Y Acuario Michin;https://www.getyourguide.com/es-es/puebla-l1471/puebla-hop-on-hop-off-city-tour-y-acuario-michin-t434802/
México;zihuatanejo-l392;645828;Zihuatanejo Guerrero Experiencia De Liberacion De Tortugas;https://www.getyourguide.com/es-es/zihuatanejo-l392/zihuatanejo-guerrero-experiencia-de-liberacion-de-tortugas-t645828/
México;mazatlan-l808;450951;Mazatlan Degustacion De Tacos Como Un Lugareno Y Visitas Turisticas;https://www.getyourguide.com/es-es/mazatlan-l808/mazatlan-degustacion-de-tacos-como-un-lugareno-y-visitas-turisticas-t450951/
México;cancun-l150;690957;Cancun Nada Con Tiburones Ballena;https://www.getyourguide.com/es-es/cancun-l150/cancun-nada-con-tiburones-ballena-t690957/
México;ciudad-de-mexico-l194;690995;Ciudad De Mexico Torre Latinoamericana Admision Por Mirador;https://www.getyourguide.com/es-es/ciudad-de-mexico-l194/ciudad-de-mexico-torre-latinoamericana-admision-por-mirador-t690995/
México;akumal-l2807;1159178;Akumal Tour De Snorkel Y Avistamiento De Tortugas;https://www.getyourguide.com/es-es/akumal-l2807/akumal-tour-de-snorkel-y-avistamiento-de-tortugas-t1159178/
México;holbox-l189767;722216;Holbox Curso Privado De Kitesurf 3 Horas;https://www.getyourguide.com/es-es/holbox-l189767/holbox-curso-privado-de-kitesurf-3-horas-t722216/
México;valle-de-bravo-l95795;496301;Valle De Bravo Ruta En Bicicleta De Montana;https://www.getyourguide.com/es-es/valle-de-bravo-l95795/valle-de-bravo-ruta-en-bicicleta-de-montana-t496301/
México;zihuatanejo-l1474;725430;Ixtapa Paseo A Caballo Por Playa Larga;https://www.getyourguide.com/es-es/zihuatanejo-l1474/ixtapa-paseo-a-caballo-por-playa-larga-t725430/
México;mahahual-l168421;746859;Bacalar La Mejor Vista De La Selva Maya Esta En Ichkabal;https://www.getyourguide.com/es-es/mahahual-l168421/bacalar-la-mejor-vista-de-la-selva-maya-esta-en-ichkabal-t746859/
México;ciudad-de-mexico-l194;1191067;Inmersion Exclusiva En Galerias De Arte De Roma Y Condesa Cdmx;https://www.getyourguide.com/es-es/ciudad-de-mexico-l194/inmersion-exclusiva-en-galerias-de-arte-de-roma-y-condesa-cdmx-t1191067/
México;puerto-vallarta-l265;778068;Puerto Vallart Traslado Al Aeropuerto Privado;https://www.getyourguide.com/es-es/puerto-vallarta-l265/puerto-vallart-traslado-al-aeropuerto-privado-t778068/
México;merida-l1903;555958;Tour Privado A Las Ruinas De Uxmal Mas La Hacienda Mucuyche Y Los Cenotes;https://www.getyourguide.com/es-es/merida-l1903/tour-privado-a-las-ruinas-de-uxmal-mas-la-hacienda-mucuyche-y-los-cenotes-t555958/
México;bacalar-l95624;1214217;Bacalar Amanecer En Paddleboard Sup Con Desayuno Flotante Y Fotos Gopro;https://www.getyourguide.com/es-es/bacalar-l95624/bacalar-amanecer-en-paddleboard-sup-con-desayuno-flotante-y-fotos-gopro-t1214217/
México;mazatlan-l808;802917;Mazatlan Express Servicio De Traslado Privado Al Aeropuerto;https://www.getyourguide.com/es-es/mazatlan-l808/mazatlan-express-servicio-de-traslado-privado-al-aeropuerto-t802917/
México;playa-del-carmen-l308;655815;Buceo En Playa Del Carmen Certificacion Padi Open Water;https://www.getyourguide.com/es-es/playa-del-carmen-l308/buceo-en-playa-del-carmen-certificacion-padi-open-water-t655815/
México;san-miguel-de-cozumel-l141611;656928;Excursion De Snorkel En Cozumel;https://www.getyourguide.com/es-es/san-miguel-de-cozumel-l141611/excursion-de-snorkel-en-cozumel-t656928/
México;ciudad-de-mexico-l194;688677;Ciudad De Mexico Ticket De Entrada Sin Colas Al Castillo De Chapultepec;https://www.getyourguide.com/es-es/ciudad-de-mexico-l194/ciudad-de-mexico-ticket-de-entrada-sin-colas-al-castillo-de-chapultepec-t688677/
México;cabo-san-lucas-l306;883091;Tour Privado En Yate Por Cabo El Arco Los Leones Marinos Y La Playa Panoramica;https://www.getyourguide.com/es-es/cabo-san-lucas-l306/tour-privado-en-yate-por-cabo-el-arco-los-leones-marinos-y-la-playa-panoramica-t883091/
México;tulum-l248;699336;Tulum Excursion En Velero;https://www.getyourguide.com/es-es/tulum-l248/tulum-excursion-en-velero-t699336/
México;taxco-de-alarcon-l364;764241;Taxco Experiencia En El Jardin Del Cafe Ecologico;https://www.getyourguide.com/es-es/taxco-de-alarcon-l364/taxco-experiencia-en-el-jardin-del-cafe-ecologico-t764241/
México;dolores-hidalgo-l193947;769093;Dolores Hidalgo Un Viaje Por Dolores Hidalgo;https://www.getyourguide.com/es-es/dolores-hidalgo-l193947/dolores-hidalgo-un-viaje-por-dolores-hidalgo-t769093/
México;tulum-l248;977976;Sesion De Fotos En Tulum Fotografo Profesional Privado;https://www.getyourguide.com/es-es/tulum-l248/sesion-de-fotos-en-tulum-fotografo-profesional-privado-t977976/
México;ciudad-de-coba-l209788;989410;Desde Riviera Maya Observacion De Aves Guiada En Coba;https://www.getyourguide.com/es-es/ciudad-de-coba-l209788/desde-riviera-maya-observacion-de-aves-guiada-en-coba-t989410/
México;puerto-vallarta-l265;12476;Puerto Vallarta Canopy Tour Con Tirolina Y Paseo En Lancha Rapida;https://www.getyourguide.com/es-es/puerto-vallarta-l265/puerto-vallarta-canopy-tour-con-tirolina-y-paseo-en-lancha-rapida-t12476/
México;cancun-l150;834991;Desde Cancun Traslado De Ida A Bacalarchetumal;https://www.getyourguide.com/es-es/cancun-l150/desde-cancun-traslado-de-ida-a-bacalarchetumal-t834991/
México;municipio-oaxaca-de-juarez-l681;857974;Day Of The Dead In Oaxaca Cultural Tour With Zapotec Guide Nov 1 To 3;https://www.getyourguide.com/es-es/municipio-oaxaca-de-juarez-l681/day-of-the-dead-in-oaxaca-cultural-tour-with-zapotec-guide-nov-1-to-3-t857974/
México;cancun-l150;208725;Cancun Tour Guiado Por La Ciudad Con Compras En Autobus De Dos Pisos;https://www.getyourguide.com/es-es/cancun-l150/cancun-tour-guiado-por-la-ciudad-con-compras-en-autobus-de-dos-pisos-t208725/
México;san-jose-del-cabo-l967;1051774;Picnic De Lujo Frente Al Mar En Los Cabos;https://www.getyourguide.com/es-es/san-jose-del-cabo-l967/picnic-de-lujo-frente-al-mar-en-los-cabos-t1051774/
México;cancun-l150;869518;Traslado Privado Del Aeropuerto Cun Al Grand Park Royal Cancun;https://www.getyourguide.com/es-es/cancun-l150/traslado-privado-del-aeropuerto-cun-al-grand-park-royal-cancun-t869518/
México;san-jose-del-cabo-l967;874705;Transporte Aeropuerto Hotel Aeropuerto;https://www.getyourguide.com/es-es/san-jose-del-cabo-l967/transporte-aeropuerto-hotel-aeropuerto-t874705/
México;cancun-l150;876834;Transporte Privado Del Aeropuerto Cun Al Dreams Sapphire Resort Spa;https://www.getyourguide.com/es-es/cancun-l150/transporte-privado-del-aeropuerto-cun-al-dreams-sapphire-resort-spa-t876834/
México;san-miguel-de-cozumel-l141611;396266;Cozumel Taller De Margaritas De Chocolate Con Receta Maya;https://www.getyourguide.com/es-es/san-miguel-de-cozumel-l141611/cozumel-taller-de-margaritas-de-chocolate-con-receta-maya-t396266/
México;crucecita-l166888;420659;La Crucecita Limpieza De Playa Y Recorrido Con Bebidas Y Frutas;https://www.getyourguide.com/es-es/crucecita-l166888/la-crucecita-limpieza-de-playa-y-recorrido-con-bebidas-y-frutas-t420659/
México;cancun-l150;429647;Cancun Aventura En La Selva Con Lancha Rapida Y Snorkel;https://www.getyourguide.com/es-es/cancun-l150/cancun-aventura-en-la-selva-con-lancha-rapida-y-snorkel-t429647/
México;teotitlan-del-valle-l135632;1129624;Desde Oaxaca Ruta Guiada En Bici De Montana A Teotitlan Del Valle;https://www.getyourguide.com/es-es/teotitlan-del-valle-l135632/desde-oaxaca-ruta-guiada-en-bici-de-montana-a-teotitlan-del-valle-t1129624/
México;ciudad-de-mexico-l194;957730;Ciudad De Mexico Excursion De Un Dia A Las Cuevas De Tolantongo;https://www.getyourguide.com/es-es/ciudad-de-mexico-l194/ciudad-de-mexico-excursion-de-un-dia-a-las-cuevas-de-tolantongo-t957730/
México;santa-maria-huatulco-l781;1138909;Atardecer En Huatulco Y Maridaje Mezcal Y Tlayuda;https://www.getyourguide.com/es-es/santa-maria-huatulco-l781/atardecer-en-huatulco-y-maridaje-mezcal-y-tlayuda-t1138909/
México;ciudad-de-mexico-l194;980469;Desde La Ciudad De Mexico 6 Dias Tour Por Las Ciudades Coloniales;https://www.getyourguide.com/es-es/ciudad-de-mexico-l194/desde-la-ciudad-de-mexico-6-dias-tour-por-las-ciudades-coloniales-t980469/
México;cancun-l150;480187;Cancun Emocionante Aventura En Segway Para Todas Las Edades;https://www.getyourguide.com/es-es/cancun-l150/cancun-emocionante-aventura-en-segway-para-todas-las-edades-t480187/
México;uxmal-l114187;1196552;Merida Visita Ruta Pucc Uxmal Kabah Labna Y Xlpak;https://www.getyourguide.com/es-es/uxmal-l114187/merida-visita-ruta-pucc-uxmal-kabah-labna-y-xlpak-t1196552/
México;cancun-l150;1214234;Mandala Discoteca Cancun Entrada Con Bebidas Ilimitadas;https://www.getyourguide.com/es-es/cancun-l150/mandala-discoteca-cancun-entrada-con-bebidas-ilimitadas-t1214234/
México;tijuana-l546;1301479;San Diego Tour Culinario Y Cultural Por Tijuana;https://www.getyourguide.com/es-es/tijuana-l546/san-diego-tour-culinario-y-cultural-por-tijuana-t1301479/
México;tulum-l248;672866;Tulum Tour De Dia Completo En Quad Por Las Ruinas De Coba Y La Selva;https://www.getyourguide.com/es-es/tulum-l248/tulum-tour-de-dia-completo-en-quad-por-las-ruinas-de-coba-y-la-selva-t672866/
México;sayulita-l32371;1189714;Tour En Rzr Todo Terreno En Sayulita;https://www.getyourguide.com/es-es/sayulita-l32371/tour-en-rzr-todo-terreno-en-sayulita-t1189714/
México;cabo-san-lucas-l306;1305635;Cabo San Lucas Paseo En Barco Al Atardecer Con Mariachi En Directo Baile Y Barra Libre;https://www.getyourguide.com/es-es/cabo-san-lucas-l306/cabo-san-lucas-paseo-en-barco-al-atardecer-con-mariachi-en-directo-baile-y-barra-libre-t1305635/
México;puerto-vallarta-l265;719829;Puerto Vallarta Aventura En Parasailing;https://www.getyourguide.com/es-es/puerto-vallarta-l265/puerto-vallarta-aventura-en-parasailing-t719829/
México;guadalajara-l677;8039;Tour De La Ciudad De Guadalajara Y Tlaquepaque;https://www.getyourguide.com/es-es/guadalajara-l677/tour-de-la-ciudad-de-guadalajara-y-tlaquepaque-t8039/
México;ciudad-de-mexico-l194;62837;Pueblos Magicos Excursion De Un Dia A Real Del Monte Huasca Y Prismas;https://www.getyourguide.com/es-es/ciudad-de-mexico-l194/pueblos-magicos-excursion-de-un-dia-a-real-del-monte-huasca-y-prismas-t62837/
México;puerto-vallarta-l265;277592;Ciudad De Puerto Vallarta Visita A La Fabrica De Tequila Y Cafe;https://www.getyourguide.com/es-es/puerto-vallarta-l265/ciudad-de-puerto-vallarta-visita-a-la-fabrica-de-tequila-y-cafe-t277592/
México;playa-del-carmen-l308;405975;Cancun Tulum Y Coba Con Cenote Exploracion De Cuevas Y Almuerzo;https://www.getyourguide.com/es-es/playa-del-carmen-l308/cancun-tulum-y-coba-con-cenote-exploracion-de-cuevas-y-almuerzo-t405975/
México;uxmal-l114187;410757;Uxmal Expedicion En Un Land Rover Clasico A Los Cenotes De Uxmal;https://www.getyourguide.com/es-es/uxmal-l114187/uxmal-expedicion-en-un-land-rover-clasico-a-los-cenotes-de-uxmal-t410757/
México;cabo-san-lucas-l306;15268;Tour De Medio Dia Guiado De Snorkel En Los Cabos;https://www.getyourguide.com/es-es/cabo-san-lucas-l306/tour-de-medio-dia-guiado-de-snorkel-en-los-cabos-t15268/
México;cancun-l150;978199;Desde Riviera Maya Parque Xcaret Plus La Experiencia Completa;https://www.getyourguide.com/es-es/cancun-l150/desde-riviera-maya-parque-xcaret-plus-la-experiencia-completa-t978199/
México;guadalajara-l677;303193;Desde Guadalajara Piramides Y Tequila Jose Cuervo;https://www.getyourguide.com/es-es/guadalajara-l677/desde-guadalajara-piramides-y-tequila-jose-cuervo-t303193/
México;san-jose-del-cabo-l967;526261;Avistamiento De Ballenas Al Atardecer En San Jose Del Cabo;https://www.getyourguide.com/es-es/san-jose-del-cabo-l967/avistamiento-de-ballenas-al-atardecer-en-san-jose-del-cabo-t526261/
México;municipio-oaxaca-de-juarez-l681;1087568;Puerto Escondido Mezcal Cafe Y Fabrica De Telares De Pedal;https://www.getyourguide.com/es-es/municipio-oaxaca-de-juarez-l681/puerto-escondido-mezcal-cafe-y-fabrica-de-telares-de-pedal-t1087568/
México;mazamitla-l98331;608476;Castillo Tequila Historia De Lujo Y Cata Sensorial Premium;https://www.getyourguide.com/es-es/mazamitla-l98331/castillo-tequila-historia-de-lujo-y-cata-sensorial-premium-t608476/
México;municipio-oaxaca-de-juarez-l681;1103296;Oaxaca Primer Dia En Oaxaca Pasea Con Tu Guia Personal;https://www.getyourguide.com/es-es/municipio-oaxaca-de-juarez-l681/oaxaca-primer-dia-en-oaxaca-pasea-con-tu-guia-personal-t1103296/
México;ensenada-l545;629004;Ensenada Una Emocionante Aventura Familiar De Tirolinas;https://www.getyourguide.com/es-es/ensenada-l545/ensenada-una-emocionante-aventura-familiar-de-tirolinas-t629004/
México;zihuatanejo-l392;658510;Zihuatanejo Ixtapa Tour De La Ciudad;https://www.getyourguide.com/es-es/zihuatanejo-l392/zihuatanejo-ixtapa-tour-de-la-ciudad-t658510/
México;cabo-san-lucas-l306;675700;Cabo San Lucas Excursion Safari Del Taco;https://www.getyourguide.com/es-es/cabo-san-lucas-l306/cabo-san-lucas-excursion-safari-del-taco-t675700/
México;cancun-l150;676265;Cancun Sesion De Videografia Fotografica Con Drones;https://www.getyourguide.com/es-es/cancun-l150/cancun-sesion-de-videografia-fotografica-con-drones-t676265/
México;puerto-vallarta-l265;684539;Puerto Vallarta Rio Rzr Canopy;https://www.getyourguide.com/es-es/puerto-vallarta-l265/puerto-vallarta-rio-rzr-canopy-t684539/
México;ciudad-de-mexico-l194;521254;Cdmx Tour Privado Al Castillo De Chapultepec Y Al Museo De Antropologia;https://www.getyourguide.com/es-es/ciudad-de-mexico-l194/cdmx-tour-privado-al-castillo-de-chapultepec-y-al-museo-de-antropologia-t521254/
México;san-cristobal-de-las-casas-l2166;726940;Altos De Chiapas Recorrido Por Rituales Y Tradiciones Ancestrales;https://www.getyourguide.com/es-es/san-cristobal-de-las-casas-l2166/altos-de-chiapas-recorrido-por-rituales-y-tradiciones-ancestrales-t726940/
México;ensenada-l545;759400;Ensenada Excursion En Quad A La Bufadora;https://www.getyourguide.com/es-es/ensenada-l545/ensenada-excursion-en-quad-a-la-bufadora-t759400/
México;ciudad-de-mexico-l194;768274;Museo De Antropologia Y Chapultepec Visita Guiada;https://www.getyourguide.com/es-es/ciudad-de-mexico-l194/museo-de-antropologia-y-chapultepec-visita-guiada-t768274/
México;cancun-l150;690867;Cancun Increible Fiesta En Catamaranbar Abierto Solo Adultos;https://www.getyourguide.com/es-es/cancun-l150/cancun-increible-fiesta-en-catamaranbar-abierto-solo-adultos-t690867/
México;akumal-l2807;703616;Akumal Traslado En Furgoneta Privada A Puerto Morelos;https://www.getyourguide.com/es-es/akumal-l2807/akumal-traslado-en-furgoneta-privada-a-puerto-morelos-t703616/
México;san-miguel-de-cozumel-l141611;725743;Cozumel Chankanaab Ticket Y Transporte De Ida Y Vuelta;https://www.getyourguide.com/es-es/san-miguel-de-cozumel-l141611/cozumel-chankanaab-ticket-y-transporte-de-ida-y-vuelta-t725743/
México;lacan-tun-l181968;1270834;Desde Palenque Yaxchilan Bonampak Y Selva Lacandona 2 Dias Con Cabana;https://www.getyourguide.com/es-es/lacan-tun-l181968/desde-palenque-yaxchilan-bonampak-y-selva-lacandona-2-dias-con-cabana-t1270834/
México;cancun-l150;739240;Cancun Tour Turistico A Pie Con Guia Local;https://www.getyourguide.com/es-es/cancun-l150/cancun-tour-turistico-a-pie-con-guia-local-t739240/
México;san-miguel-de-allende-l2515;943354;San Miguel De Allende Entrada Al Museo De La Esquina;https://www.getyourguide.com/es-es/san-miguel-de-allende-l2515/san-miguel-de-allende-entrada-al-museo-de-la-esquina-t943354/
México;ciudad-de-mexico-l194;999782;Xochimilco Santuario Del Ajolote Axolotl;https://www.getyourguide.com/es-es/ciudad-de-mexico-l194/xochimilco-santuario-del-ajolote-axolotl-t999782/
México;municipio-oaxaca-de-juarez-l681;1012650;Oaxca City Walking Tour Con Degustacion De Productos Locales;https://www.getyourguide.com/es-es/municipio-oaxaca-de-juarez-l681/oaxca-city-walking-tour-con-degustacion-de-productos-locales-t1012650/
México;playa-del-carmen-l308;1018149;Desde Cancun Entradas Al Parque Xplor Fuego Nocturno;https://www.getyourguide.com/es-es/playa-del-carmen-l308/desde-cancun-entradas-al-parque-xplor-fuego-nocturno-t1018149/
México;tulum-l248;849903;Tulum Tour Privado 2 Cenotes Sac Actun Rio Subterraneo Mas Largo Del Mundo;https://www.getyourguide.com/es-es/tulum-l248/tulum-tour-privado-2-cenotes-sac-actun-rio-subterraneo-mas-largo-del-mundo-t849903/
México;el-cedral-l194729;872263;Excursion En Tierra Excursion En Jeep Al Parque Punta Sur Con Almuerzo;https://www.getyourguide.com/es-es/el-cedral-l194729/excursion-en-tierra-excursion-en-jeep-al-parque-punta-sur-con-almuerzo-t872263/
México;san-miguel-de-cozumel-l141611;874522;Excursion En Tierra Jeep Ruinas Mayas Atv Y Club De Playa;https://www.getyourguide.com/es-es/san-miguel-de-cozumel-l141611/excursion-en-tierra-jeep-ruinas-mayas-atv-y-club-de-playa-t874522/
México;valladolid-mexico-l101556;890814;Explorador Privado De Yucatan Ruinas Cenotes Y Pueblos Coloniales;https://www.getyourguide.com/es-es/valladolid-mexico-l101556/explorador-privado-de-yucatan-ruinas-cenotes-y-pueblos-coloniales-t890814/
México;municipio-oaxaca-de-juarez-l681;1093120;Tour Privado A Pie Por Oaxaca Con Degustacion De Mezcal;https://www.getyourguide.com/es-es/municipio-oaxaca-de-juarez-l681/tour-privado-a-pie-por-oaxaca-con-degustacion-de-mezcal-t1093120/
México;veracruz-l683;249877;Veracruz Excursion De 8 Atracciones Con Acuario Y Museos;https://www.getyourguide.com/es-es/veracruz-l683/veracruz-excursion-de-8-atracciones-con-acuario-y-museos-t249877/
México;ciudad-de-mexico-l194;931740;Cdmx Visita Al Castillo De Chapultepec Y Al Museo De Antropologia;https://www.getyourguide.com/es-es/ciudad-de-mexico-l194/cdmx-visita-al-castillo-de-chapultepec-y-al-museo-de-antropologia-t931740/
México;municipio-de-teotihuacan-l165488;933343;Teotihuacan Desde Cdmx Con Acceso Manana O Tarde En Un Tour Completo;https://www.getyourguide.com/es-es/municipio-de-teotihuacan-l165488/teotihuacan-desde-cdmx-con-acceso-manana-o-tarde-en-un-tour-completo-t933343/
México;mahahual-l168421;1131147;Tour Privado Desde Puerto Costa Maya Ruinas De Chacchoben Y Discoteca;https://www.getyourguide.com/es-es/mahahual-l168421/tour-privado-desde-puerto-costa-maya-ruinas-de-chacchoben-y-discoteca-t1131147/
México;teotitlan-del-valle-l135632;1139848;Ruta Gastronomica En Servicio Privado Desde Cd De Oaxaca;https://www.getyourguide.com/es-es/teotitlan-del-valle-l135632/ruta-gastronomica-en-servicio-privado-desde-cd-de-oaxaca-t1139848/
México;zacatlan-l143480;1139899;Zacatlan Y Chignahuapan Tour Artesanal Cata De Vinos Y Fabrica De Esferas;https://www.getyourguide.com/es-es/zacatlan-l143480/zacatlan-y-chignahuapan-tour-artesanal-cata-de-vinos-y-fabrica-de-esferas-t1139899/
México;progreso-l95507;980352;Desde Merida Tour Maya Dzibilchaltun Y Playa Progreso;https://www.getyourguide.com/es-es/progreso-l95507/desde-merida-tour-maya-dzibilchaltun-y-playa-progreso-t980352/
México;san-cristobal-de-las-casas-l2166;393501;San Cristobalpalenqueagua Azuly Misol Ha Guia En Espanol;https://www.getyourguide.com/es-es/san-cristobal-de-las-casas-l2166/san-cristobalpalenqueagua-azuly-misol-ha-guia-en-espanol-t393501/
México;cabo-san-lucas-l306;401123;Los Cabos Carta Privada En Catamaran Y Snorkel;https://www.getyourguide.com/es-es/cabo-san-lucas-l306/los-cabos-carta-privada-en-catamaran-y-snorkel-t401123/
México;celestun-l98208;1154813;Celestun Experiencia De Ecoherencia Con Un Biologo De Campo;https://www.getyourguide.com/es-es/celestun-l98208/celestun-experiencia-de-ecoherencia-con-un-biologo-de-campo-t1154813/
México;merida-l1903;1018687;Que Es El Dia De Los Muertos Merida Tour Por El Cementerio;https://www.getyourguide.com/es-es/merida-l1903/que-es-el-dia-de-los-muertos-merida-tour-por-el-cementerio-t1018687/
México;bacalar-l95624;1172808;Bacalar Templos Mayas Y Tour En Barco;https://www.getyourguide.com/es-es/bacalar-l95624/bacalar-templos-mayas-y-tour-en-barco-t1172808/
México;campeche-l2516;460651;Desde Campeche Tour Privado De 3 Dias Por La Selva Maya Con Media Pension;https://www.getyourguide.com/es-es/campeche-l2516/desde-campeche-tour-privado-de-3-dias-por-la-selva-maya-con-media-pension-t460651/
México;ensenada-l545;1096581;Valle De Guadalupe Mexico Bc Tours Guiados De Cuatrimoto Y Motocicletas;https://www.getyourguide.com/es-es/ensenada-l545/valle-de-guadalupe-mexico-bc-tours-guiados-de-cuatrimoto-y-motocicletas-t1096581/
México;ciudad-de-mexico-l194;1228414;Ciudad De Mexico Teleferico Bosque Y Tour En Bici Por El Centro;https://www.getyourguide.com/es-es/ciudad-de-mexico-l194/ciudad-de-mexico-teleferico-bosque-y-tour-en-bici-por-el-centro-t1228414/
México;tulum-l248;1230385;;https://www.getyourguide.com/es-es/tulum-l248/-t1230385/
México;cabo-san-lucas-l306;558908;Cabo Excursion Individual En Quad Por La Playa Y El Desierto Con Cata De Tequila;https://www.getyourguide.com/es-es/cabo-san-lucas-l306/cabo-excursion-individual-en-quad-por-la-playa-y-el-desierto-con-cata-de-tequila-t558908/
México;cabo-san-lucas-l306;1259366;;https://www.getyourguide.com/es-es/cabo-san-lucas-l306/-t1259366/
México;guadalajara-l677;1282457;Experiencia De Cata En Casa En Guadalajara La Mesa Familiar De Jalisco;https://www.getyourguide.com/es-es/guadalajara-l677/experiencia-de-cata-en-casa-en-guadalajara-la-mesa-familiar-de-jalisco-t1282457/
México;puerto-vallarta-l265;687986;Puerto Vallarta Excursion A Yelapa Y Majahuitas;https://www.getyourguide.com/es-es/puerto-vallarta-l265/puerto-vallarta-excursion-a-yelapa-y-majahuitas-t687986/
México;nuevo-vallarta-l92762;714913;Puerto Vallarta Clases De Surf Principiantes E Intermedios;https://www.getyourguide.com/es-es/nuevo-vallarta-l92762/puerto-vallarta-clases-de-surf-principiantes-e-intermedios-t714913/
México;municipio-oaxaca-de-juarez-l681;719142;Oaxaca Hierve El Agua Mitla Mezcal Y Campos De Maguey ;https://www.getyourguide.com/es-es/municipio-oaxaca-de-juarez-l681/oaxaca-hierve-el-agua-mitla-mezcal-y-campos-de-maguey--t719142/
México;playa-del-carmen-l308;37315;Admision Solo A Rio Secreto;https://www.getyourguide.com/es-es/playa-del-carmen-l308/admision-solo-a-rio-secreto-t37315/
México;cancun-l150;733586;Cancun Tour De Snorkel En El Arrecife De Puerto Morelos Y Almuerzo Junto Al Mar;https://www.getyourguide.com/es-es/cancun-l150/cancun-tour-de-snorkel-en-el-arrecife-de-puerto-morelos-y-almuerzo-junto-al-mar-t733586/
México;ciudad-de-mexico-l194;1240956;Ciudad De Mexico Sesion De Fotos Privada Para Parejas;https://www.getyourguide.com/es-es/ciudad-de-mexico-l194/ciudad-de-mexico-sesion-de-fotos-privada-para-parejas-t1240956/
México;puerto-vallarta-l265;743956;Puerto Vallarta Isla Marietas Desayuno Almuerzo Barra Libre;https://www.getyourguide.com/es-es/puerto-vallarta-l265/puerto-vallarta-isla-marietas-desayuno-almuerzo-barra-libre-t743956/
México;cabo-san-lucas-l306;243717;Cabo San Lucas Crucero Pirata Con Busqueda Del Tesoro Y Snorkel;https://www.getyourguide.com/es-es/cabo-san-lucas-l306/cabo-san-lucas-crucero-pirata-con-busqueda-del-tesoro-y-snorkel-t243717/
México;ciudad-de-mexico-l194;798950;Ciudad De Mexico Excursion A La Basilica Y Las Piramides De Teotihuacan;https://www.getyourguide.com/es-es/ciudad-de-mexico-l194/ciudad-de-mexico-excursion-a-la-basilica-y-las-piramides-de-teotihuacan-t798950/
México;cabo-san-lucas-l306;824062;Puerto Vallarta Paseo A Caballo En El Eden;https://www.getyourguide.com/es-es/cabo-san-lucas-l306/puerto-vallarta-paseo-a-caballo-en-el-eden-t824062/
México;municipio-oaxaca-de-juarez-l681;850744;Desde Oaxaca Mitla Mistica Viaje Al Corazon Zapoteco;https://www.getyourguide.com/es-es/municipio-oaxaca-de-juarez-l681/desde-oaxaca-mitla-mistica-viaje-al-corazon-zapoteco-t850744/
México;tulum-l248;857797;Cenotes Tulumakumal 4 Cenotes En Comunidad Maya Y Snorkel Con Tortugas;https://www.getyourguide.com/es-es/tulum-l248/cenotes-tulumakumal-4-cenotes-en-comunidad-maya-y-snorkel-con-tortugas-t857797/
México;valle-de-bravo-l95795;454986;Valle De Bravo Velero;https://www.getyourguide.com/es-es/valle-de-bravo-l95795/valle-de-bravo-velero-t454986/
México;amecameca-l155083;922606;Conquista La Cumbre Del Volcan Iztaccihuatl;https://www.getyourguide.com/es-es/amecameca-l155083/conquista-la-cumbre-del-volcan-iztaccihuatl-t922606/
México;puerto-vallarta-l265;242517;Puerto Vallarta Experiencia En El Refugio De La Playa De Las Caletas;https://www.getyourguide.com/es-es/puerto-vallarta-l265/puerto-vallarta-experiencia-en-el-refugio-de-la-playa-de-las-caletas-t242517/
México;ciudad-de-mexico-l194;934372;Mexico City Guia Privado Por El Castillo De Chapultepec;https://www.getyourguide.com/es-es/ciudad-de-mexico-l194/mexico-city-guia-privado-por-el-castillo-de-chapultepec-t934372/
México;mazatlan-l808;509242;Rutas Del Sabor De Mazatlan Tour Gastronomico;https://www.getyourguide.com/es-es/mazatlan-l808/rutas-del-sabor-de-mazatlan-tour-gastronomico-t509242/
México;muinicipio-de-tequila-l777;320803;Guadalajara Cabalgata Por La Ruta Del Tequila Con Degustaciones;https://www.getyourguide.com/es-es/muinicipio-de-tequila-l777/guadalajara-cabalgata-por-la-ruta-del-tequila-con-degustaciones-t320803/
México;tulum-l248;522250;Exploracion De Las Ruinas De Tulum Bano En El Gran Cenote Y Tacos;https://www.getyourguide.com/es-es/tulum-l248/exploracion-de-las-ruinas-de-tulum-bano-en-el-gran-cenote-y-tacos-t522250/
México;playa-del-carmen-l308;975492;Entradas Al Parque Xplor Fuego Una Aventura Nocturna;https://www.getyourguide.com/es-es/playa-del-carmen-l308/entradas-al-parque-xplor-fuego-una-aventura-nocturna-t975492/
México;cancun-l150;400628;Cancun Nadar Con Los Tiburones Ballena Y Playa Norte;https://www.getyourguide.com/es-es/cancun-l150/cancun-nadar-con-los-tiburones-ballena-y-playa-norte-t400628/
México;bacalar-l95624;562365;Tour En Barco Por La Laguna De Bacalar Con Barra Libre Y Aperitivo;https://www.getyourguide.com/es-es/bacalar-l95624/tour-en-barco-por-la-laguna-de-bacalar-con-barra-libre-y-aperitivo-t562365/
México;ciudad-de-mexico-l194;1007632;Tepoztlan Excursion De Un Dia Con Ceremonia Temazcal Desde La Ciudad De Mexico;https://www.getyourguide.com/es-es/ciudad-de-mexico-l194/tepoztlan-excursion-de-un-dia-con-ceremonia-temazcal-desde-la-ciudad-de-mexico-t1007632/
México;ciudad-de-mexico-l194;1017876;Ciudad De Mexico Walking Tour Chapultepec Museos De Los Heroes Al Origen ;https://www.getyourguide.com/es-es/ciudad-de-mexico-l194/ciudad-de-mexico-walking-tour-chapultepec-museos-de-los-heroes-al-origen--t1017876/
México;ciudad-de-mexico-l194;601379;Tour A Pie Por El Centro Historico De Ciudad De Mexico;https://www.getyourguide.com/es-es/ciudad-de-mexico-l194/tour-a-pie-por-el-centro-historico-de-ciudad-de-mexico-t601379/
México;crucecita-l166888;1071069;Desde Huatulco Excursion Ecologica Cocodrilos Y Tortugas;https://www.getyourguide.com/es-es/crucecita-l166888/desde-huatulco-excursion-ecologica-cocodrilos-y-tortugas-t1071069/
México;merida-l1903;493403;Merida Hacienda Sotuta De Peon C Cenote Y Excursion A Henequen;https://www.getyourguide.com/es-es/merida-l1903/merida-hacienda-sotuta-de-peon-c-cenote-y-excursion-a-henequen-t493403/
México;municipio-oaxaca-de-juarez-l681;691513;Exploring The Magical Architecture Of Oaxaca;https://www.getyourguide.com/es-es/municipio-oaxaca-de-juarez-l681/exploring-the-magical-architecture-of-oaxaca-t691513/
México;ensenada-l545;719013;Ensenada Las Canadas Campamento Canopy Tour Con Tirolinas;https://www.getyourguide.com/es-es/ensenada-l545/ensenada-las-canadas-campamento-canopy-tour-con-tirolinas-t719013/
México;puerto-vallarta-l265;787835;Renta De Moto Acuatica Puerto Vallarta;https://www.getyourguide.com/es-es/puerto-vallarta-l265/renta-de-moto-acuatica-puerto-vallarta-t787835/
México;puerto-morelos-l112372;597424;Experiencia En Cuatrimoto Tirolesa Y Nado En Cenote En La Selva;https://www.getyourguide.com/es-es/puerto-morelos-l112372/experiencia-en-cuatrimoto-tirolesa-y-nado-en-cenote-en-la-selva-t597424/
México;bacalar-l95624;829836;Bacalar Al Amanecer Aventura En Kayak Con Desayuno Y Fotos;https://www.getyourguide.com/es-es/bacalar-l95624/bacalar-al-amanecer-aventura-en-kayak-con-desayuno-y-fotos-t829836/
México;el-cedral-l194729;677240;Cozumel Formacion De Profesores De Yoga Kundalini De 200 Horas Y 10 Dias De Duracion;https://www.getyourguide.com/es-es/el-cedral-l194729/cozumel-formacion-de-profesores-de-yoga-kundalini-de-200-horas-y-10-dias-de-duracion-t677240/
México;san-miguel-de-cozumel-l141611;853849;Cozumel Excursion A Los Bares De La Isla Con Comida;https://www.getyourguide.com/es-es/san-miguel-de-cozumel-l141611/cozumel-excursion-a-los-bares-de-la-isla-con-comida-t853849/
México;cancun-l150;679160;Cancun Buceo En Cozumel Para Principiantes;https://www.getyourguide.com/es-es/cancun-l150/cancun-buceo-en-cozumel-para-principiantes-t679160/
México;san-miguel-de-cozumel-l141611;858679;Cozumel Transparent Boat Tour With Snorkeling And 2 Beers Clear Boat;https://www.getyourguide.com/es-es/san-miguel-de-cozumel-l141611/cozumel-transparent-boat-tour-with-snorkeling-and-2-beers-clear-boat-t858679/
México;cabo-san-lucas-l306;870551;Los Cabos Combo Rzr Equitacion Y Cata De Tequila;https://www.getyourguide.com/es-es/cabo-san-lucas-l306/los-cabos-combo-rzr-equitacion-y-cata-de-tequila-t870551/
México;tulum-l248;703725;Tulum Traslado Privado En Furgoneta A Chiquila Holbox;https://www.getyourguide.com/es-es/tulum-l248/tulum-traslado-privado-en-furgoneta-a-chiquila-holbox-t703725/
México;tulum-l248;725405;Clase De Helado En Tulum;https://www.getyourguide.com/es-es/tulum-l248/clase-de-helado-en-tulum-t725405/
México;santiago-nuevo-leon-l149358;1230069;A Tan Solo 40 Minutos De Monterreynl Ibo Combo Aventura 3D;https://www.getyourguide.com/es-es/santiago-nuevo-leon-l149358/a-tan-solo-40-minutos-de-monterreynl-ibo-combo-aventura-3d-t1230069/
México;tulum-l248;890806;Crepusculo En Tulum Rastreo De Hookahs Y Azoteas;https://www.getyourguide.com/es-es/tulum-l248/crepusculo-en-tulum-rastreo-de-hookahs-y-azoteas-t890806/
México;merida-l1903;909442;Desde Merida Playa Manglar Y Algo Mas;https://www.getyourguide.com/es-es/merida-l1903/desde-merida-playa-manglar-y-algo-mas-t909442/
México;rio-lagartos-l146496;919461;Rio Lagartos Tour Y Gastronomia;https://www.getyourguide.com/es-es/rio-lagartos-l146496/rio-lagartos-tour-y-gastronomia-t919461/
México;zihuatanejo-l392;781110;Ixtapa Zihuatanejo Experiencia De Pesca Y Cocina;https://www.getyourguide.com/es-es/zihuatanejo-l392/ixtapa-zihuatanejo-experiencia-de-pesca-y-cocina-t781110/
México;cancun-l150;838623;Transporte Privado Del Aeropuerto De Cun Al Hyatt Ziva Riviera Cancun;https://www.getyourguide.com/es-es/cancun-l150/transporte-privado-del-aeropuerto-de-cun-al-hyatt-ziva-riviera-cancun-t838623/
México;san-pedro-cholula-l180643;1293002;Cholula Tour De Senderismo Guiado Al Cerro De Zapotecas Historia Y Vistas;https://www.getyourguide.com/es-es/san-pedro-cholula-l180643/cholula-tour-de-senderismo-guiado-al-cerro-de-zapotecas-historia-y-vistas-t1293002/
México;cancun-l150;879556;Transporte Privado Aeropuerto Cun A The Westin Lagunamar Ocean;https://www.getyourguide.com/es-es/cancun-l150/transporte-privado-aeropuerto-cun-a-the-westin-lagunamar-ocean-t879556/
México;cancun-l150;881986;Traslado Privado Aeropuerto Cun A Secrets Playa Mujeres;https://www.getyourguide.com/es-es/cancun-l150/traslado-privado-aeropuerto-cun-a-secrets-playa-mujeres-t881986/
México;puebla-l1471;1069277;Puebla Senderismo Impresionantes Volcanes Izta Popo Transporte Y Almuerzo;https://www.getyourguide.com/es-es/puebla-l1471/puebla-senderismo-impresionantes-volcanes-izta-popo-transporte-y-almuerzo-t1069277/
México;santa-maria-huatulco-l781;938324;Huatulco Tour Privado Siete Bahias Ht;https://www.getyourguide.com/es-es/santa-maria-huatulco-l781/huatulco-tour-privado-siete-bahias-ht-t938324/
México;acapulco-de-juarez-l307;67730;Excursion De 4 Horas A La Bahia De Acapulco Para Hacer Snorkel Con Comida;https://www.getyourguide.com/es-es/acapulco-de-juarez-l307/excursion-de-4-horas-a-la-bahia-de-acapulco-para-hacer-snorkel-con-comida-t67730/
México;tulum-l248;159647;Sendero De Los Cenotes;https://www.getyourguide.com/es-es/tulum-l248/sendero-de-los-cenotes-t159647/
México;tulum-l248;1024648;Tulum Ceremonia Del Temazcal Bano En Un Cenote Y Cena;https://www.getyourguide.com/es-es/tulum-l248/tulum-ceremonia-del-temazcal-bano-en-un-cenote-y-cena-t1024648/
México;punta-allen-l185508;1200102;Reserva De Sian Ka An Safari Y Esnorquel;https://www.getyourguide.com/es-es/punta-allen-l185508/reserva-de-sian-ka-an-safari-y-esnorquel-t1200102/
México;mazatlan-l808;1077462;Aventura De Paracaidas En Mazatlan;https://www.getyourguide.com/es-es/mazatlan-l808/aventura-de-paracaidas-en-mazatlan-t1077462/
México;san-miguel-de-cozumel-l141611;407693;Cozumel Encuentro Con Manaties Entrada A Chankanaab Y Bufe;https://www.getyourguide.com/es-es/san-miguel-de-cozumel-l141611/cozumel-encuentro-con-manaties-entrada-a-chankanaab-y-bufe-t407693/
México;cancun-l150;409393;Cancun Conexion Con Delfines Y Buffet En Una Discoteca De Playa;https://www.getyourguide.com/es-es/cancun-l150/cancun-conexion-con-delfines-y-buffet-en-una-discoteca-de-playa-t409393/
México;rio-lagartos-l146496;420872;Rio Lagartos Tour Por Los Manglares Y Bano Maya Spa Natural;https://www.getyourguide.com/es-es/rio-lagartos-l146496/rio-lagartos-tour-por-los-manglares-y-bano-maya-spa-natural-t420872/
México;bacalar-l95624;1227155;Bacalar Tour En Barco Por La Laguna Con Barra Libre Y Recogida;https://www.getyourguide.com/es-es/bacalar-l95624/bacalar-tour-en-barco-por-la-laguna-con-barra-libre-y-recogida-t1227155/
México;naolinco-l109667;1232657;Naolinco Visita Guiada Del Centro Historico Con Guia Local;https://www.getyourguide.com/es-es/naolinco-l109667/naolinco-visita-guiada-del-centro-historico-con-guia-local-t1232657/
México;cancun-l150;1109241;Cancun Tour En Quad Compartido Tirolina Y Cenote Con Almuerzo;https://www.getyourguide.com/es-es/cancun-l150/cancun-tour-en-quad-compartido-tirolina-y-cenote-con-almuerzo-t1109241/
México;municipio-oaxaca-de-juarez-l681;1113046;Oaxaca Tour Por Monte Alban Con Desayuno En El Mercado De Abastos;https://www.getyourguide.com/es-es/municipio-oaxaca-de-juarez-l681/oaxaca-tour-por-monte-alban-con-desayuno-en-el-mercado-de-abastos-t1113046/
México;bacalar-l95624;443630;Bacalar Tour En Barco Ponton De 3 H Con Club De Playa Kayaks;https://www.getyourguide.com/es-es/bacalar-l95624/bacalar-tour-en-barco-ponton-de-3-h-con-club-de-playa-kayaks-t443630/
México;merida-l1903;1133630;Merida Tour En Barco Por Los Manglares De Celestun Con Almuerzo;https://www.getyourguide.com/es-es/merida-l1903/merida-tour-en-barco-por-los-manglares-de-celestun-con-almuerzo-t1133630/
México;puerto-vallarta-l265;1289236;Tour De Tirolesas En Puerto Vallarta Con Paseo En Mula O Rzr Tu Elige;https://www.getyourguide.com/es-es/puerto-vallarta-l265/tour-de-tirolesas-en-puerto-vallarta-con-paseo-en-mula-o-rzr-tu-elige-t1289236/
México;ciudad-de-mexico-l194;527183;Excursion A Los Platos Famosos De Ciudad De Mexico Privada Y Todo Incluido;https://www.getyourguide.com/es-es/ciudad-de-mexico-l194/excursion-a-los-platos-famosos-de-ciudad-de-mexico-privada-y-todo-incluido-t527183/
México;guadalajara-l677;537427;Pubs Y Fiesta Mexicana;https://www.getyourguide.com/es-es/guadalajara-l677/pubs-y-fiesta-mexicana-t537427/
México;santa-maria-del-tule-l135627;1222962;Hierve El Agua De Noche Legado Zapoteco Astronomico Del Valle De Tlacolula;https://www.getyourguide.com/es-es/santa-maria-del-tule-l135627/hierve-el-agua-de-noche-legado-zapoteco-astronomico-del-valle-de-tlacolula-t1222962/
México;san-miguel-de-allende-l2515;586345;San Miguel De Allende Tour A Pie Por El Arte;https://www.getyourguide.com/es-es/san-miguel-de-allende-l2515/san-miguel-de-allende-tour-a-pie-por-el-arte-t586345/
México;san-miguel-de-allende-l2515;1238778;San Miguel De Allende Cena Progresiva De 5 Platos Del Chef;https://www.getyourguide.com/es-es/san-miguel-de-allende-l2515/san-miguel-de-allende-cena-progresiva-de-5-platos-del-chef-t1238778/
México;cancun-l150;637351;Cancun Isla Holbox Plus Excursion Punta Mosquito Con Comida;https://www.getyourguide.com/es-es/cancun-l150/cancun-isla-holbox-plus-excursion-punta-mosquito-con-comida-t637351/
México;municipio-oaxaca-de-juarez-l681;1264823;Oaxaca Tour Gastronomico Guiado Con Un Cocinero Local Y Expertos En Gastronomia;https://www.getyourguide.com/es-es/municipio-oaxaca-de-juarez-l681/oaxaca-tour-gastronomico-guiado-con-un-cocinero-local-y-expertos-en-gastronomia-t1264823/
México;playa-del-carmen-l308;663722;Cozumel Aventura De Snorkel;https://www.getyourguide.com/es-es/playa-del-carmen-l308/cozumel-aventura-de-snorkel-t663722/
México;santa-maria-huatulco-l781;238277;Huatulco Tour En Barco Por Las Bahias Con Snorkel Y Servicio De Recogida Del Hotel;https://www.getyourguide.com/es-es/santa-maria-huatulco-l781/huatulco-tour-en-barco-por-las-bahias-con-snorkel-y-servicio-de-recogida-del-hotel-t238277/
México;puerto-vallarta-l265;692060;Puerto Vallarta Jungla Atv O Aventura Razer;https://www.getyourguide.com/es-es/puerto-vallarta-l265/puerto-vallarta-jungla-atv-o-aventura-razer-t692060/
México;san-miguel-de-allende-l2515;385637;San Miguel Romantica Cabalgata Nocturna Con Cena;https://www.getyourguide.com/es-es/san-miguel-de-allende-l2515/san-miguel-romantica-cabalgata-nocturna-con-cena-t385637/
México;cancun-l150;397185;Cancun Buceo Para Principiantes 2 Inmersiones;https://www.getyourguide.com/es-es/cancun-l150/cancun-buceo-para-principiantes-2-inmersiones-t397185/
México;ciudad-de-mexico-l194;763581;Ciudad De Mexico Presencia Judia;https://www.getyourguide.com/es-es/ciudad-de-mexico-l194/ciudad-de-mexico-presencia-judia-t763581/
México;zihuatanejo-l392;781083;Zihuatanejo Excursion A Caballo Con Playa Larga;https://www.getyourguide.com/es-es/zihuatanejo-l392/zihuatanejo-excursion-a-caballo-con-playa-larga-t781083/
México;cabo-san-lucas-l306;263657;Crucero De Lujo En Yate Con Cena Al Atardecer;https://www.getyourguide.com/es-es/cabo-san-lucas-l306/crucero-de-lujo-en-yate-con-cena-al-atardecer-t263657/
México;puerto-vallarta-l265;841222;Puerto Vallarta Aventura En E Bike Por El Centro Y La Montana;https://www.getyourguide.com/es-es/puerto-vallarta-l265/puerto-vallarta-aventura-en-e-bike-por-el-centro-y-la-montana-t841222/
México;municipio-oaxaca-de-juarez-l681;400853;Oaxaca Cata De Mezcal Con Experto;https://www.getyourguide.com/es-es/municipio-oaxaca-de-juarez-l681/oaxaca-cata-de-mezcal-con-experto-t400853/
México;cancun-l150;403234;Riviera Maya Aventura Atv Jungle Trail Y Club De Playa;https://www.getyourguide.com/es-es/cancun-l150/riviera-maya-aventura-atv-jungle-trail-y-club-de-playa-t403234/
México;san-jose-del-cabo-l967;432102;Cabo San Lucas Clase De Cocina A La Parrilla Y Degustacion De Tequilamezcal;https://www.getyourguide.com/es-es/san-jose-del-cabo-l967/cabo-san-lucas-clase-de-cocina-a-la-parrilla-y-degustacion-de-tequilamezcal-t432102/
México;santa-maria-del-tule-l135627;957929;Desde Oaxaca Tour Guiado En Bicicleta De Montana Arbol De Tule Y Lago Medio Dia;https://www.getyourguide.com/es-es/santa-maria-del-tule-l135627/desde-oaxaca-tour-guiado-en-bicicleta-de-montana-arbol-de-tule-y-lago-medio-dia-t957929/
México;cabo-san-lucas-l306;483330;Pase De Un Dia A La Playa De Los Cabos;https://www.getyourguide.com/es-es/cabo-san-lucas-l306/pase-de-un-dia-a-la-playa-de-los-cabos-t483330/
México;ensenada-l545;483793;Cata Privada En Bodegas Valle De Guadalupe;https://www.getyourguide.com/es-es/ensenada-l545/cata-privada-en-bodegas-valle-de-guadalupe-t483793/
México;puerto-morelos-l112372;1024559;Puerto Morelos Tour De Buceo En Arrecifes Y Pecios;https://www.getyourguide.com/es-es/puerto-morelos-l112372/puerto-morelos-tour-de-buceo-en-arrecifes-y-pecios-t1024559/
México;cancun-l150;671765;Isla Mujeres Musa Y El Arrecife Manchones Snorkel;https://www.getyourguide.com/es-es/cancun-l150/isla-mujeres-musa-y-el-arrecife-manchones-snorkel-t671765/
México;puerto-morelos-l112372;675308;Puerto Morelos Clase Grupal De Salsabachata;https://www.getyourguide.com/es-es/puerto-morelos-l112372/puerto-morelos-clase-grupal-de-salsabachata-t675308/
México;san-miguel-de-cozumel-l141611;691952;Cozumel Excursion De Snorkel A El Cielo Palancar Y Colombia;https://www.getyourguide.com/es-es/san-miguel-de-cozumel-l141611/cozumel-excursion-de-snorkel-a-el-cielo-palancar-y-colombia-t691952/
México;cancun-l150;703677;Cancun Traslado Privado En Furgoneta Al Aeropuerto De Cancun;https://www.getyourguide.com/es-es/cancun-l150/cancun-traslado-privado-en-furgoneta-al-aeropuerto-de-cancun-t703677/
México;ensenada-l545;1074037;Atv Tour La Bufadora Flea Market Tour;https://www.getyourguide.com/es-es/ensenada-l545/atv-tour-la-bufadora-flea-market-tour-t1074037/
México;tulum-l248;529208;Tulum Reserva De Sian Kaan Y Excursion A Las Ruinas Mayas De Muyil;https://www.getyourguide.com/es-es/tulum-l248/tulum-reserva-de-sian-kaan-y-excursion-a-las-ruinas-mayas-de-muyil-t529208/
México;municipio-oaxaca-de-juarez-l681;537492;El Viaje Del Mezcal;https://www.getyourguide.com/es-es/municipio-oaxaca-de-juarez-l681/el-viaje-del-mezcal-t537492/
México;monterrey-l679;1132606;Ruta De Senderismo Guiada A La Cumbre Del Pico Norte En El Cerro De La Silla Monterrey;https://www.getyourguide.com/es-es/monterrey-l679/ruta-de-senderismo-guiada-a-la-cumbre-del-pico-norte-en-el-cerro-de-la-silla-monterrey-t1132606/
México;tequisquiapan-l176257;640458;Queretaro Tour De Queso Y Vino En Un Dia;https://www.getyourguide.com/es-es/tequisquiapan-l176257/queretaro-tour-de-queso-y-vino-en-un-dia-t640458/
México;el-arrocito-l218682;836786;Huatulco Zapotec Animas Nighttime Experience Of The Day Of The Dead;https://www.getyourguide.com/es-es/el-arrocito-l218682/huatulco-zapotec-animas-nighttime-experience-of-the-day-of-the-dead-t836786/
México;cabo-san-lucas-l306;657882;La Paz Tour De Dia Completo A Balandra Y Todos Santos;https://www.getyourguide.com/es-es/cabo-san-lucas-l306/la-paz-tour-de-dia-completo-a-balandra-y-todos-santos-t657882/
México;hermosillo-l157195;844534;Hiking Ruta Del Novillo Explora Entre La Naturaleza De Sonora;https://www.getyourguide.com/es-es/hermosillo-l157195/hiking-ruta-del-novillo-explora-entre-la-naturaleza-de-sonora-t844534/
México;san-miguel-de-cozumel-l141611;663415;Puerto Morelos Buceo Para Principiantes 2 Inmersiones;https://www.getyourguide.com/es-es/san-miguel-de-cozumel-l141611/puerto-morelos-buceo-para-principiantes-2-inmersiones-t663415/
México;cancun-l150;1174387;Cancun Tour Gastronomico De Comida Callejera Con Mas De 15 Degustaciones;https://www.getyourguide.com/es-es/cancun-l150/cancun-tour-gastronomico-de-comida-callejera-con-mas-de-15-degustaciones-t1174387/
México;municipio-tuxtla-gutierrez-l2527;691907;Aeropuerto De Tuxtla Gutierrez Traslado A Chiapa De Corzo;https://www.getyourguide.com/es-es/municipio-tuxtla-gutierrez-l2527/aeropuerto-de-tuxtla-gutierrez-traslado-a-chiapa-de-corzo-t691907/
México;ciudad-de-mexico-l194;735518;Mexico Tour Privado Personalizado Con Guia Local;https://www.getyourguide.com/es-es/ciudad-de-mexico-l194/mexico-tour-privado-personalizado-con-guia-local-t735518/
México;guadalajara-l677;885043;Guadalajara Divertido Recorrido En Bicicleta Electrica;https://www.getyourguide.com/es-es/guadalajara-l677/guadalajara-divertido-recorrido-en-bicicleta-electrica-t885043/
México;monterrey-l679;1230047;Full Experience 4X4 A La Majestuosa Cascada Chipitin De Santiago 6 Horas;https://www.getyourguide.com/es-es/monterrey-l679/full-experience-4x4-a-la-majestuosa-cascada-chipitin-de-santiago-6-horas-t1230047/
México;municipio-tuxtla-gutierrez-l2527;785953;Tuxtla Tour Canon Del Sumidero San Juan Chamula Y Zinacantan;https://www.getyourguide.com/es-es/municipio-tuxtla-gutierrez-l2527/tuxtla-tour-canon-del-sumidero-san-juan-chamula-y-zinacantan-t785953/
México;municipio-oaxaca-de-juarez-l681;804458;Oaxaca Visita A La Zona Arqueologica De Monte Alban;https://www.getyourguide.com/es-es/municipio-oaxaca-de-juarez-l681/oaxaca-visita-a-la-zona-arqueologica-de-monte-alban-t804458/
México;ciudad-de-mexico-l194;959269;Cdmx Coyoacan Unam Xochimilco Y Opcional Museo Frida Kahlo;https://www.getyourguide.com/es-es/ciudad-de-mexico-l194/cdmx-coyoacan-unam-xochimilco-y-opcional-museo-frida-kahlo-t959269/
México;veracruz-l683;979647;Desde Veracruz Tour Tlacotalpan Y Alvarado;https://www.getyourguide.com/es-es/veracruz-l683/desde-veracruz-tour-tlacotalpan-y-alvarado-t979647/
México;municipio-de-teotihuacan-l165488;1035545;Piramides De Teotihuacan Ticket De Entrada Sin Colas;https://www.getyourguide.com/es-es/municipio-de-teotihuacan-l165488/piramides-de-teotihuacan-ticket-de-entrada-sin-colas-t1035545/
México;cancun-l150;879610;Traslado Privado Aeropuerto Cun A Wyndham Grand Cancun;https://www.getyourguide.com/es-es/cancun-l150/traslado-privado-aeropuerto-cun-a-wyndham-grand-cancun-t879610/
México;cancun-l150;879613;Traslado Privado Wyndham Grand Cancun Al Aeropuerto Cun;https://www.getyourguide.com/es-es/cancun-l150/traslado-privado-wyndham-grand-cancun-al-aeropuerto-cun-t879613/
México;chapala-l94559;1301483;Viaje Al Corazon De Jalisco Lago De Chapala;https://www.getyourguide.com/es-es/chapala-l94559/viaje-al-corazon-de-jalisco-lago-de-chapala-t1301483/
México;zihuatanejo-l1474;925863;Ixtapa Aventura En Tirolina Y Esnorquel Con Almuerzo;https://www.getyourguide.com/es-es/zihuatanejo-l1474/ixtapa-aventura-en-tirolina-y-esnorquel-con-almuerzo-t925863/
México;cancun-l150;936963;Desde Cancun Tour Privado Por Chichen Itza Valladolid Y Cenote;https://www.getyourguide.com/es-es/cancun-l150/desde-cancun-tour-privado-por-chichen-itza-valladolid-y-cenote-t936963/
México;ciudad-de-mexico-l194;8127;Excursion De Un Dia A Dzibilchaltun Y Progreso Desde Merida;https://www.getyourguide.com/es-es/ciudad-de-mexico-l194/excursion-de-un-dia-a-dzibilchaltun-y-progreso-desde-merida-t8127/
México;municipio-oaxaca-de-juarez-l681;1108438;Oaxaca Cuevas De Mitla Mercado De Tlacolula Y Textiles;https://www.getyourguide.com/es-es/municipio-oaxaca-de-juarez-l681/oaxaca-cuevas-de-mitla-mercado-de-tlacolula-y-textiles-t1108438/
México;san-jose-del-cabo-l967;1016861;San Jose Del Cabo Tour Nocturno Por El Arte Los Jueves;https://www.getyourguide.com/es-es/san-jose-del-cabo-l967/san-jose-del-cabo-tour-nocturno-por-el-arte-los-jueves-t1016861/
México;cancun-l150;341891;Cancun Excursion En Kayak Por La Laguna Nichupte;https://www.getyourguide.com/es-es/cancun-l150/cancun-excursion-en-kayak-por-la-laguna-nichupte-t341891/
México;san-sebastian-del-oeste-l131733;1189968;San Sebastian Del Oeste Excursion Privada Desde Puerto Vallarta;https://www.getyourguide.com/es-es/san-sebastian-del-oeste-l131733/san-sebastian-del-oeste-excursion-privada-desde-puerto-vallarta-t1189968/
México;cabo-san-lucas-l306;1107325;Los Cabos Aventura De Esnorquel En Las Bahias De Santa Maria Y Chileno;https://www.getyourguide.com/es-es/cabo-san-lucas-l306/los-cabos-aventura-de-esnorquel-en-las-bahias-de-santa-maria-y-chileno-t1107325/
México;municipio-oaxaca-de-juarez-l681;1214939;Oaxaca Sustainable Mezcal Tour At An Award Winning Family Distillery;https://www.getyourguide.com/es-es/municipio-oaxaca-de-juarez-l681/oaxaca-sustainable-mezcal-tour-at-an-award-winning-family-distillery-t1214939/
México;tonala-l775;1119305;Tour A Pie Por La Ciudad Artesanal De Tonala;https://www.getyourguide.com/es-es/tonala-l775/tour-a-pie-por-la-ciudad-artesanal-de-tonala-t1119305/
México;puerto-vallarta-l265;1124575;Puerto Vallarta Tour En Moto Acuatica Avistamiento De Ballenas Y Buffet;https://www.getyourguide.com/es-es/puerto-vallarta-l265/puerto-vallarta-tour-en-moto-acuatica-avistamiento-de-ballenas-y-buffet-t1124575/
México;ciudad-de-mexico-l194;467570;Ciudad De Mexico Visita Privada Personalizada Con Un Guia Local;https://www.getyourguide.com/es-es/ciudad-de-mexico-l194/ciudad-de-mexico-visita-privada-personalizada-con-un-guia-local-t467570/
México;valle-de-bravo-l95795;470580;Valle De Bravo Paseo En Velero Por El Lago;https://www.getyourguide.com/es-es/valle-de-bravo-l95795/valle-de-bravo-paseo-en-velero-por-el-lago-t470580/
México;san-miguel-de-cozumel-l141611;1245017;Tour Por Cozumel Cenote Playa De Chen Rio Y Discoteca;https://www.getyourguide.com/es-es/san-miguel-de-cozumel-l141611/tour-por-cozumel-cenote-playa-de-chen-rio-y-discoteca-t1245017/
México;holbox-l189767;527519;Holbox Excursion Guiada En Kayak Por La Bioluminiscencia;https://www.getyourguide.com/es-es/holbox-l189767/holbox-excursion-guiada-en-kayak-por-la-bioluminiscencia-t527519/
México;mahahual-l168421;528597;Mahahual Excursion A La Ciudad Maya De Chacchoben Y A La Laguna De Bacalar;https://www.getyourguide.com/es-es/mahahual-l168421/mahahual-excursion-a-la-ciudad-maya-de-chacchoben-y-a-la-laguna-de-bacalar-t528597/
México;cancun-l150;1291856;Cancun Taller De Elaboracion De Salsas Mexicanas Con Quesadillas;https://www.getyourguide.com/es-es/cancun-l150/cancun-taller-de-elaboracion-de-salsas-mexicanas-con-quesadillas-t1291856/
México;akumal-l2807;567284;Desde Riviera Excursion A Tulum Cenote Y Nado De Tortugas En Akumal;https://www.getyourguide.com/es-es/akumal-l2807/desde-riviera-excursion-a-tulum-cenote-y-nado-de-tortugas-en-akumal-t567284/
México;tulum-l248;609774;Tulum Xpress Parque Del Jaguar;https://www.getyourguide.com/es-es/tulum-l248/tulum-xpress-parque-del-jaguar-t609774/
México;santa-maria-huatulco-l781;58112;Huatulco Cascadas Y Plantacion De Cafe;https://www.getyourguide.com/es-es/santa-maria-huatulco-l781/huatulco-cascadas-y-plantacion-de-cafe-t58112/
México;ciudad-de-mexico-l194;683306;Tour Vip A Teotihuacan Y El Santuario De Guadalupe Un Viaje En El Tiempo;https://www.getyourguide.com/es-es/ciudad-de-mexico-l194/tour-vip-a-teotihuacan-y-el-santuario-de-guadalupe-un-viaje-en-el-tiempo-t683306/
México;playa-del-carmen-l308;690789;Playa Del Carmen 3 Cenotes Y 1 Laguna;https://www.getyourguide.com/es-es/playa-del-carmen-l308/playa-del-carmen-3-cenotes-y-1-laguna-t690789/
México;acapulco-de-juarez-l307;721855; Acapulco Tour De La Ciudad De 6 Horas Liberacion De Tortugas Espectaculo De Altos Buceadores;https://www.getyourguide.com/es-es/acapulco-de-juarez-l307/-acapulco-tour-de-la-ciudad-de-6-horas-liberacion-de-tortugas-espectaculo-de-altos-buceadores-t721855/
México;cabo-san-lucas-l306;737196;Increible Tour Privado Al Pueblo Magico De Todos Santos;https://www.getyourguide.com/es-es/cabo-san-lucas-l306/increible-tour-privado-al-pueblo-magico-de-todos-santos-t737196/
México;cancun-l150;772060;Aeropuerto De Cancun Traslados Privados Desdehacia Costa Mujeres;https://www.getyourguide.com/es-es/cancun-l150/aeropuerto-de-cancun-traslados-privados-desdehacia-costa-mujeres-t772060/
México;puerto-morelos-l112372;819443;Puerto Morelos Excursion Guiada De Snorkel Con Equipo Y Tasas;https://www.getyourguide.com/es-es/puerto-morelos-l112372/puerto-morelos-excursion-guiada-de-snorkel-con-equipo-y-tasas-t819443/
México;acapulco-de-juarez-l307;67001;Tour De La Ciudad De Acapulco De 4 Horas Con Buceadores;https://www.getyourguide.com/es-es/acapulco-de-juarez-l307/tour-de-la-ciudad-de-acapulco-de-4-horas-con-buceadores-t67001/
México;chignahuapan-l143473;831173;Desde Puebla Zacatlan Y Chignahuapan Tour Privado;https://www.getyourguide.com/es-es/chignahuapan-l143473/desde-puebla-zacatlan-y-chignahuapan-tour-privado-t831173/
México;ciudad-de-mexico-l194;286990;Escalada Guiada Al Iztaccihuatl;https://www.getyourguide.com/es-es/ciudad-de-mexico-l194/escalada-guiada-al-iztaccihuatl-t286990/
México;la-paz-mexico-l2930;528699;La Paz Tour De Sandboard Al Atardecer En Las Dunas De La Paz;https://www.getyourguide.com/es-es/la-paz-mexico-l2930/la-paz-tour-de-sandboard-al-atardecer-en-las-dunas-de-la-paz-t528699/
México;puerto-escondido-l32155;947632;Pub Crawl Puerto Escondido;https://www.getyourguide.com/es-es/puerto-escondido-l32155/pub-crawl-puerto-escondido-t947632/
México;ciudad-de-mexico-l194;959363;Cdmx Visita Temprana A Teotihuacan Con Almuerzo Buffet Opcional;https://www.getyourguide.com/es-es/ciudad-de-mexico-l194/cdmx-visita-temprana-a-teotihuacan-con-almuerzo-buffet-opcional-t959363/
México;mismaloya-l190181;959755;Excursion En Barco Al Atardecer Y Bioluminiscencia En Las Islas De Los Arcos;https://www.getyourguide.com/es-es/mismaloya-l190181/excursion-en-barco-al-atardecer-y-bioluminiscencia-en-las-islas-de-los-arcos-t959755/
México;ciudad-de-mexico-l194;959915;Desde Cdmx Expedicion Con Acceso Anticipado A Teotihuacan;https://www.getyourguide.com/es-es/ciudad-de-mexico-l194/desde-cdmx-expedicion-con-acceso-anticipado-a-teotihuacan-t959915/
México;municipio-oaxaca-de-juarez-l681;995238;Oaxaca Taller De Alfareria Artesanal Con Desayuno Y Brunch;https://www.getyourguide.com/es-es/municipio-oaxaca-de-juarez-l681/oaxaca-taller-de-alfareria-artesanal-con-desayuno-y-brunch-t995238/
México;campeche-l2516;459266;Campeche Recorrido Nocturno Por La Ciudad;https://www.getyourguide.com/es-es/campeche-l2516/campeche-recorrido-nocturno-por-la-ciudad-t459266/
México;puerto-vallarta-l265;635583;Puerto Vallarta Senderismo A Fuentes Termales Secretas En La Montana;https://www.getyourguide.com/es-es/puerto-vallarta-l265/puerto-vallarta-senderismo-a-fuentes-termales-secretas-en-la-montana-t635583/
México;puebla-l1471;467936;Desde Puebla Vive Las Luciernagas;https://www.getyourguide.com/es-es/puebla-l1471/desde-puebla-vive-las-luciernagas-t467936/
México;ciudad-de-mexico-l194;1035983;Desde Cdmx Santuario De Las Luciernagas En Tlaxcala Camping Todo Incluido;https://www.getyourguide.com/es-es/ciudad-de-mexico-l194/desde-cdmx-santuario-de-las-luciernagas-en-tlaxcala-camping-todo-incluido-t1035983/
México;cancun-l150;671036;Cancun 2 Inmersiones En Cenotes Ki Ha Zapote Buzos Certificados;https://www.getyourguide.com/es-es/cancun-l150/cancun-2-inmersiones-en-cenotes-ki-ha-zapote-buzos-certificados-t671036/
México;cancun-l150;672708;Cancun Catamaran Privado De Medio Dia Para 35 Personas;https://www.getyourguide.com/es-es/cancun-l150/cancun-catamaran-privado-de-medio-dia-para-35-personas-t672708/
México;mahahual-l168421;516746;Mahahual Excursion De Snorkel En La Laguna De Arrecife;https://www.getyourguide.com/es-es/mahahual-l168421/mahahual-excursion-de-snorkel-en-la-laguna-de-arrecife-t516746/
México;puerto-vallarta-l265;1068763;Puerto Vallarta Clase De Salsa Y Noche De Baile Local;https://www.getyourguide.com/es-es/puerto-vallarta-l265/puerto-vallarta-clase-de-salsa-y-noche-de-baile-local-t1068763/
México;villahermosa-l98274;691748;Aeropuerto De Villahermosa Traslado Zona Arqueologica De Palenque;https://www.getyourguide.com/es-es/villahermosa-l98274/aeropuerto-de-villahermosa-traslado-zona-arqueologica-de-palenque-t691748/
México;puerto-vallarta-l265;528921;Vallarta Excursion En Barco Y Snorkel A Las 5 Islas De Los Arcos;https://www.getyourguide.com/es-es/puerto-vallarta-l265/vallarta-excursion-en-barco-y-snorkel-a-las-5-islas-de-los-arcos-t528921/
México;palenque-chiapas-l179804;530286;Desde Palenque Zona Arqueologica Calakmul;https://www.getyourguide.com/es-es/palenque-chiapas-l179804/desde-palenque-zona-arqueologica-calakmul-t530286/
México;cabo-san-lucas-l306;609145;Cabo San Lucas Aventura A Caballo;https://www.getyourguide.com/es-es/cabo-san-lucas-l306/cabo-san-lucas-aventura-a-caballo-t609145/
México;puerto-penasco-l200883;849814;Puerto Penasco Tour A Pie Por El Malecon;https://www.getyourguide.com/es-es/puerto-penasco-l200883/puerto-penasco-tour-a-pie-por-el-malecon-t849814/
México;el-arenal-jalisco-l216730;1198121;Paseo A Caballo Entre Agaves Y Tequila En El Arenal Jalisco;https://www.getyourguide.com/es-es/el-arenal-jalisco-l216730/paseo-a-caballo-entre-agaves-y-tequila-en-el-arenal-jalisco-t1198121/
México;guadalajara-l677;861862;Desde Guadalajara Excursion Chapala Ajijic;https://www.getyourguide.com/es-es/guadalajara-l677/desde-guadalajara-excursion-chapala-ajijic-t861862/
México;cabo-san-lucas-l306;675318;Los Cabos Clase Grupal De Salsabachata;https://www.getyourguide.com/es-es/cabo-san-lucas-l306/los-cabos-clase-grupal-de-salsabachata-t675318/
México;municipio-de-zapopan-l138373;675863;Zapopan Ritual Hidrotermal;https://www.getyourguide.com/es-es/municipio-de-zapopan-l138373/zapopan-ritual-hidrotermal-t675863/
México;puerto-vallarta-l265;742162;Puerto Vallarta Majahuitas Y Yelapa Tour Privado;https://www.getyourguide.com/es-es/puerto-vallarta-l265/puerto-vallarta-majahuitas-y-yelapa-tour-privado-t742162/
México;veracruz-l683;1253765;Teocelo Ruta Miel Y Cana Apiario Cascada Y Destilado De Cana;https://www.getyourguide.com/es-es/veracruz-l683/teocelo-ruta-miel-y-cana-apiario-cascada-y-destilado-de-cana-t1253765/
México;puerto-vallarta-l265;778196;Pvr Traslado Aeropuerto Punta Mita;https://www.getyourguide.com/es-es/puerto-vallarta-l265/pvr-traslado-aeropuerto-punta-mita-t778196/
México;playa-del-carmen-l308;997822;Cancun Tour De 1 Dia A Tulum Coba Playa Del Carmen Y Cenote;https://www.getyourguide.com/es-es/playa-del-carmen-l308/cancun-tour-de-1-dia-a-tulum-coba-playa-del-carmen-y-cenote-t997822/
México;zihuatanejo-l392;852279;Ixtapa Zihuatanejo Aventura En Quad Por La Montana La Playa Y La Selva;https://www.getyourguide.com/es-es/zihuatanejo-l392/ixtapa-zihuatanejo-aventura-en-quad-por-la-montana-la-playa-y-la-selva-t852279/
México;nuevo-vallarta-l92762;1060169;Chica Alquiler De Yate Privado Con Todo Incluido Y Toboganes Acuaticos;https://www.getyourguide.com/es-es/nuevo-vallarta-l92762/chica-alquiler-de-yate-privado-con-todo-incluido-y-toboganes-acuaticos-t1060169/
México;tulum-l248;1080886;Tulum Jaguar Park Day Pass Snorkel Lunch At Beach Explore Around;https://www.getyourguide.com/es-es/tulum-l248/tulum-jaguar-park-day-pass-snorkel-lunch-at-beach-explore-around-t1080886/
México;municipio-oaxaca-de-juarez-l681;1107778;Senderismo En El Parque Nacional Benito Juarez;https://www.getyourguide.com/es-es/municipio-oaxaca-de-juarez-l681/senderismo-en-el-parque-nacional-benito-juarez-t1107778/
México;cancun-l150;152304;Fiesta En Barco En Cancun Para Adultos;https://www.getyourguide.com/es-es/cancun-l150/fiesta-en-barco-en-cancun-para-adultos-t152304/
México;cancun-l150;1116612;Puerto Morelos Tour De Dos Cenotes Con Comida Incluida;https://www.getyourguide.com/es-es/cancun-l150/puerto-morelos-tour-de-dos-cenotes-con-comida-incluida-t1116612/
México;mazatlan-l808;402412;Mazatlan Acuario De La Ciudad Acceso Premium Y Recorrido Turistico;https://www.getyourguide.com/es-es/mazatlan-l808/mazatlan-acuario-de-la-ciudad-acceso-premium-y-recorrido-turistico-t402412/
México;ciudad-de-mexico-l194;1181103;Ciudad De Mexico Tour Privado De Senderismo Por El Canon De Nexpayantla;https://www.getyourguide.com/es-es/ciudad-de-mexico-l194/ciudad-de-mexico-tour-privado-de-senderismo-por-el-canon-de-nexpayantla-t1181103/
México;san-jose-del-cabo-l967;469223;Los Cabos Catamaran Privado Para Atardecer;https://www.getyourguide.com/es-es/san-jose-del-cabo-l967/los-cabos-catamaran-privado-para-atardecer-t469223/
México;cancun-l150;477717;Cancun Acuario Interactivo Nadar Con Delfines Splash;https://www.getyourguide.com/es-es/cancun-l150/cancun-acuario-interactivo-nadar-con-delfines-splash-t477717/
México;valladolid-mexico-l101556;1146218;Valladolid Experiencia Privada En Cenote Para Ocasion Especial;https://www.getyourguide.com/es-es/valladolid-mexico-l101556/valladolid-experiencia-privada-en-cenote-para-ocasion-especial-t1146218/
México;holbox-l189767;531088;Cabo Catoche Snorkel Y Pesca;https://www.getyourguide.com/es-es/holbox-l189767/cabo-catoche-snorkel-y-pesca-t531088/
México;la-paz-mexico-l2930;612189;Avistamiento De Ballenas En La Paz Encuentro Con Ballenas Grises;https://www.getyourguide.com/es-es/la-paz-mexico-l2930/avistamiento-de-ballenas-en-la-paz-encuentro-con-ballenas-grises-t612189/
México;ciudad-de-mexico-l194;627887;Xochimilco Sereno Una Tranquila Escapada Cultural De Las Multitudes;https://www.getyourguide.com/es-es/ciudad-de-mexico-l194/xochimilco-sereno-una-tranquila-escapada-cultural-de-las-multitudes-t627887/
México;puerto-escondido-l32155;1301425;Tour De Bares Social En Puerto Escondido Conoce Gente Y Haz Amigos;https://www.getyourguide.com/es-es/puerto-escondido-l32155/tour-de-bares-social-en-puerto-escondido-conoce-gente-y-haz-amigos-t1301425/
México;holbox-l189767;663974;Ferry De Holbox Al Aeropuerto De Cancun Traslado Compartido;https://www.getyourguide.com/es-es/holbox-l189767/ferry-de-holbox-al-aeropuerto-de-cancun-traslado-compartido-t663974/
México;progreso-l95507;684693;Progreso Club De Playa De Chichi;https://www.getyourguide.com/es-es/progreso-l95507/progreso-club-de-playa-de-chichi-t684693/
México;tulum-l248;1236370;Riviera Maya Tour Privado Con Tortugas Marinas Visita 2 Cenotes Buffet;https://www.getyourguide.com/es-es/tulum-l248/riviera-maya-tour-privado-con-tortugas-marinas-visita-2-cenotes-buffet-t1236370/
México;puerto-vallarta-l265;687937;Puerto Vallarta Excursion Safari En Moto Acuatica;https://www.getyourguide.com/es-es/puerto-vallarta-l265/puerto-vallarta-excursion-safari-en-moto-acuatica-t687937/
México;mahahual-l168421;700379;Ruinas De Chacchoben Y Laguna De Bacalar Transporte Privado;https://www.getyourguide.com/es-es/mahahual-l168421/ruinas-de-chacchoben-y-laguna-de-bacalar-transporte-privado-t700379/
México;akumal-l2807;1243830;Haz Snorkel Con Tortugas En Akumal;https://www.getyourguide.com/es-es/akumal-l2807/haz-snorkel-con-tortugas-en-akumal-t1243830/
México;acapulco-de-juarez-l307;722045; Acapulco Tour De La Ciudad Historica Con Visita Al Mercado Y Comida;https://www.getyourguide.com/es-es/acapulco-de-juarez-l307/-acapulco-tour-de-la-ciudad-historica-con-visita-al-mercado-y-comida-t722045/
México;puerto-vallarta-l265;764607;Puerto Vallarta Aventura En La Isla Marietas Comida Y Barra Libre;https://www.getyourguide.com/es-es/puerto-vallarta-l265/puerto-vallarta-aventura-en-la-isla-marietas-comida-y-barra-libre-t764607/
México;ciudad-de-mexico-l194;223722;Ciudad De Mexico Tour En Autobus Turistico Con Paradas Libres De Dia Completo;https://www.getyourguide.com/es-es/ciudad-de-mexico-l194/ciudad-de-mexico-tour-en-autobus-turistico-con-paradas-libres-de-dia-completo-t223722/
México;santa-maria-huatulco-l781;256642;Tour De La Ciudad De Huatulco;https://www.getyourguide.com/es-es/santa-maria-huatulco-l781/tour-de-la-ciudad-de-huatulco-t256642/
México;cancun-l150;823457;Tour Nocturno A Pie Por El Centro De Cancun;https://www.getyourguide.com/es-es/cancun-l150/tour-nocturno-a-pie-por-el-centro-de-cancun-t823457/
México;municipio-oaxaca-de-juarez-l681;844592;Mexico Clase De Elaboracion De Salsa En Un Mercado Con Un Chef;https://www.getyourguide.com/es-es/municipio-oaxaca-de-juarez-l681/mexico-clase-de-elaboracion-de-salsa-en-un-mercado-con-un-chef-t844592/
México;cabo-san-lucas-l306;20519;Los Cabos Paseo En Camello Por El Canon Y Emocionantes Toboganes De Agua;https://www.getyourguide.com/es-es/cabo-san-lucas-l306/los-cabos-paseo-en-camello-por-el-canon-y-emocionantes-toboganes-de-agua-t20519/
México;puerto-escondido-l32155;863017;Clases De Cocina En Puerto Escondido Aprende A Cocinar Mole De Oaxaca;https://www.getyourguide.com/es-es/puerto-escondido-l32155/clases-de-cocina-en-puerto-escondido-aprende-a-cocinar-mole-de-oaxaca-t863017/
México;municipio-oaxaca-de-juarez-l681;880259;Tour De Talleres De Arte Y Chocolaterias En Oaxaca;https://www.getyourguide.com/es-es/municipio-oaxaca-de-juarez-l681/tour-de-talleres-de-arte-y-chocolaterias-en-oaxaca-t880259/
México;ciudad-de-mexico-l194;434289;Ciudad De Mexico Tour Privado En Bicicleta Por El Parque De Chapultepec;https://www.getyourguide.com/es-es/ciudad-de-mexico-l194/ciudad-de-mexico-tour-privado-en-bicicleta-por-el-parque-de-chapultepec-t434289/
México;veracruz-l683;434951;Veracruz Recorrido En Autobus De Dos Pisos Con Subidas Y Bajadas;https://www.getyourguide.com/es-es/veracruz-l683/veracruz-recorrido-en-autobus-de-dos-pisos-con-subidas-y-bajadas-t434951/
México;ciudad-de-mexico-l194;926354;Cdmx Globo Aerostatico En Teotihuacan Con Desayuno;https://www.getyourguide.com/es-es/ciudad-de-mexico-l194/cdmx-globo-aerostatico-en-teotihuacan-con-desayuno-t926354/
México;ciudad-de-mexico-l194;933222;Desde Cdmx Tour De 2 Dias Por Puebla Taxco Y La Mina Prehispanica;https://www.getyourguide.com/es-es/ciudad-de-mexico-l194/desde-cdmx-tour-de-2-dias-por-puebla-taxco-y-la-mina-prehispanica-t933222/
México;muinicipio-de-tequila-l777;278057;Tequila Jalisco Y Toriles De Puerto Vallarta;https://www.getyourguide.com/es-es/muinicipio-de-tequila-l777/tequila-jalisco-y-toriles-de-puerto-vallarta-t278057/
México;cancun-l150;313488;Cancun Tour De Degustacion De Tacos Y Cerveza Local;https://www.getyourguide.com/es-es/cancun-l150/cancun-tour-de-degustacion-de-tacos-y-cerveza-local-t313488/
México;playa-del-carmen-l308;399029;Playa Del Carmen Recorrido A Pie Por La Comida Vegana;https://www.getyourguide.com/es-es/playa-del-carmen-l308/playa-del-carmen-recorrido-a-pie-por-la-comida-vegana-t399029/
México;playa-del-carmen-l308;569278;Tulum Buceo En El Cenote Dos Ojos Experiencia Dive Machine;https://www.getyourguide.com/es-es/playa-del-carmen-l308/tulum-buceo-en-el-cenote-dos-ojos-experiencia-dive-machine-t569278/
México;mazamitla-l98331;598364;Tour A Mazamitla Desde Guadalajara Con Visita A Mundo Aventura;https://www.getyourguide.com/es-es/mazamitla-l98331/tour-a-mazamitla-desde-guadalajara-con-visita-a-mundo-aventura-t598364/
México;ciudad-de-mexico-l194;1038111;Ciudad De Mexico Tour Privado De Quesos Y Vinos A Queretaro;https://www.getyourguide.com/es-es/ciudad-de-mexico-l194/ciudad-de-mexico-tour-privado-de-quesos-y-vinos-a-queretaro-t1038111/
México;puerto-vallarta-l265;1065422;Puerto Vallarta Degustacion De Bebidas De Agave Y Maridaje De Comida;https://www.getyourguide.com/es-es/puerto-vallarta-l265/puerto-vallarta-degustacion-de-bebidas-de-agave-y-maridaje-de-comida-t1065422/
México;puerto-vallarta-l265;629292;Puerto Vallarta Traslado Aeropuerto Zona Sur Y Mismaloya;https://www.getyourguide.com/es-es/puerto-vallarta-l265/puerto-vallarta-traslado-aeropuerto-zona-sur-y-mismaloya-t629292/
México;mismaloya-l190181;460057;Mismaloya Los Arcos Aguas Bioluminiscentes Excursion En Kayak Y Cuevas;https://www.getyourguide.com/es-es/mismaloya-l190181/mismaloya-los-arcos-aguas-bioluminiscentes-excursion-en-kayak-y-cuevas-t460057/
México;san-pablo-villa-de-mitla-l207531;1092298;Oaxaca Tour Privado A Mitla Con Degustacion De Chocolate En Coche;https://www.getyourguide.com/es-es/san-pablo-villa-de-mitla-l207531/oaxaca-tour-privado-a-mitla-con-degustacion-de-chocolate-en-coche-t1092298/
México;merida-l1903;490306;Merida Temazcal Cenote Y Masaje;https://www.getyourguide.com/es-es/merida-l1903/merida-temazcal-cenote-y-masaje-t490306/
México;puebla-l1471;677708;Puebla Experiencia De Lucha;https://www.getyourguide.com/es-es/puebla-l1471/puebla-experiencia-de-lucha-t677708/
México;mahahual-l168421;525133;Costa Maya Inmersion Divertida Con Dos Tanques Para Buceadores Certificados;https://www.getyourguide.com/es-es/mahahual-l168421/costa-maya-inmersion-divertida-con-dos-tanques-para-buceadores-certificados-t525133/
México;tulum-l248;1124425;Tulum Taller De Ceramica En Lola S Pots;https://www.getyourguide.com/es-es/tulum-l248/tulum-taller-de-ceramica-en-lola-s-pots-t1124425/
México;cabo-san-lucas-l306;526830;Cabo San Lucas Playa Del Migrino Y Tour En Atv Por El Desierto;https://www.getyourguide.com/es-es/cabo-san-lucas-l306/cabo-san-lucas-playa-del-migrino-y-tour-en-atv-por-el-desierto-t526830/
México;playa-del-carmen-l308;532627;Playa Del Carmen Clase De Cocina Autentica Mexicana De Isa;https://www.getyourguide.com/es-es/playa-del-carmen-l308/playa-del-carmen-clase-de-cocina-autentica-mexicana-de-isa-t532627/
México;tequisquiapan-l176257;723380;Tequisquiapan Recorrido En Utv Con Cata De Vinos Y Maridaje De Quesos;https://www.getyourguide.com/es-es/tequisquiapan-l176257/tequisquiapan-recorrido-en-utv-con-cata-de-vinos-y-maridaje-de-quesos-t723380/
México;cabo-san-lucas-l306;739591;Viaje De Ida Desde El Aeropuerto Sjd Hoteles San Jose Del Cabo;https://www.getyourguide.com/es-es/cabo-san-lucas-l306/viaje-de-ida-desde-el-aeropuerto-sjd-hoteles-san-jose-del-cabo-t739591/
México;guadalajara-l677;557777;Excursion A Guadalajara Y Espectaculo De Concurso De Charreria;https://www.getyourguide.com/es-es/guadalajara-l677/excursion-a-guadalajara-y-espectaculo-de-concurso-de-charreria-t557777/
México;valladolid-mexico-l101556;1163857;Ruta De Cenotes En Furgoneta Clasica Por Valladolid;https://www.getyourguide.com/es-es/valladolid-mexico-l101556/ruta-de-cenotes-en-furgoneta-clasica-por-valladolid-t1163857/
México;puerto-morelos-l112372;1179241;Desde Puerto Morelos Paseo En Catamaran Con Barra Libre Snorkel Y Comida;https://www.getyourguide.com/es-es/puerto-morelos-l112372/desde-puerto-morelos-paseo-en-catamaran-con-barra-libre-snorkel-y-comida-t1179241/
México;puerto-vallarta-l265;816276;Puerto Vallarta Cabalgata Cascada El Salto;https://www.getyourguide.com/es-es/puerto-vallarta-l265/puerto-vallarta-cabalgata-cascada-el-salto-t816276/
México;palenque-chiapas-l179804;821993;Palenque Traslado A La Estacion Tren Maya;https://www.getyourguide.com/es-es/palenque-chiapas-l179804/palenque-traslado-a-la-estacion-tren-maya-t821993/
México;holbox-l189767;1202851;Experiencia De Bioluminiscencia En Holbox;https://www.getyourguide.com/es-es/holbox-l189767/experiencia-de-bioluminiscencia-en-holbox-t1202851/
México;tulum-l248;672680;Tulum Desayuno Flotante En El Nido Amarillo Pase De Un Dia;https://www.getyourguide.com/es-es/tulum-l248/tulum-desayuno-flotante-en-el-nido-amarillo-pase-de-un-dia-t672680/
México;municipio-oaxaca-de-juarez-l681;850806;Desde Oaxaca Monte Alban Un Viaje A La Cuna De Los Zapotecas;https://www.getyourguide.com/es-es/municipio-oaxaca-de-juarez-l681/desde-oaxaca-monte-alban-un-viaje-a-la-cuna-de-los-zapotecas-t850806/
México;san-jose-del-cabo-l967;676581;Aeropuerto De Los Cabos Transporte En Grupo A San Jose Del Cabo;https://www.getyourguide.com/es-es/san-jose-del-cabo-l967/aeropuerto-de-los-cabos-transporte-en-grupo-a-san-jose-del-cabo-t676581/
México;san-jose-del-cabo-l967;694954;Aeropuerto De Los Cabos Traslado A San Jose Del Cabo;https://www.getyourguide.com/es-es/san-jose-del-cabo-l967/aeropuerto-de-los-cabos-traslado-a-san-jose-del-cabo-t694954/
México;ensenada-l545;1236099;Aventura En Bici Electrica Por Las Montanas De Baja California;https://www.getyourguide.com/es-es/ensenada-l545/aventura-en-bici-electrica-por-las-montanas-de-baja-california-t1236099/
México;cancun-l150;703688;Cancun Traslado Privado En Furgoneta A Merida;https://www.getyourguide.com/es-es/cancun-l150/cancun-traslado-privado-en-furgoneta-a-merida-t703688/
México;akumal-l2807;1243828;Riviera Maya Tour Privado Con Tortugas Marinas En Su Habitat Y Transporte;https://www.getyourguide.com/es-es/akumal-l2807/riviera-maya-tour-privado-con-tortugas-marinas-en-su-habitat-y-transporte-t1243828/
México;puerto-vallarta-l265;876129;Puerto Vallarta Aventura En Tirolesa El Eden;https://www.getyourguide.com/es-es/puerto-vallarta-l265/puerto-vallarta-aventura-en-tirolesa-el-eden-t876129/
México;palenque-chiapas-l179804;740482;Palenque Laguna De Catazaja Tour En Barco Por El Santuario De Los Manaties;https://www.getyourguide.com/es-es/palenque-chiapas-l179804/palenque-laguna-de-catazaja-tour-en-barco-por-el-santuario-de-los-manaties-t740482/
México;puerto-morelos-l112372;750987;Xtreme Tour;https://www.getyourguide.com/es-es/puerto-morelos-l112372/xtreme-tour-t750987/
México;san-miguel-de-allende-l2515;757224;San Miguel De Allende Visita A Vinedos Locales Y Cata De Vinos;https://www.getyourguide.com/es-es/san-miguel-de-allende-l2515/san-miguel-de-allende-visita-a-vinedos-locales-y-cata-de-vinos-t757224/
México;san-miguel-de-allende-l2515;757235;San Miguel De Allende Clase De Cocina Mexicana Mole Y Salsas;https://www.getyourguide.com/es-es/san-miguel-de-allende-l2515/san-miguel-de-allende-clase-de-cocina-mexicana-mole-y-salsas-t757235/
México;valladolid-mexico-l101556;785482;Desde Valladolid Chichen Itza Ek Balam Cenote Transporte Privado;https://www.getyourguide.com/es-es/valladolid-mexico-l101556/desde-valladolid-chichen-itza-ek-balam-cenote-transporte-privado-t785482/
México;cancun-l150;945128;Cancun Aventura En Lancha Rapida En La Laguna Nichupte;https://www.getyourguide.com/es-es/cancun-l150/cancun-aventura-en-lancha-rapida-en-la-laguna-nichupte-t945128/
México;silao-de-la-victoria-l98304;807943;Desde El Aeropuerto De Guanajuato Traslado Privado A San Miguel;https://www.getyourguide.com/es-es/silao-de-la-victoria-l98304/desde-el-aeropuerto-de-guanajuato-traslado-privado-a-san-miguel-t807943/
México;progreso-l95507;1292982;Excursion De 1 Dia A Isla Columpios El Corchito Y Progreso;https://www.getyourguide.com/es-es/progreso-l95507/excursion-de-1-dia-a-isla-columpios-el-corchito-y-progreso-t1292982/
México;ciudad-de-mexico-l194;1303784;Religion Comida Sociedad El Mejor Tour Cultural Por Ciudad De Mexico;https://www.getyourguide.com/es-es/ciudad-de-mexico-l194/religion-comida-sociedad-el-mejor-tour-cultural-por-ciudad-de-mexico-t1303784/
México;puerto-vallarta-l265;1309238;Puerto Vallarta Encuentro Con Delfines Y Aquaventuras Park;https://www.getyourguide.com/es-es/puerto-vallarta-l265/puerto-vallarta-encuentro-con-delfines-y-aquaventuras-park-t1309238/
México;cancun-l150;975755;Desde Cancun Parque Xel Ha Todo Incluido;https://www.getyourguide.com/es-es/cancun-l150/desde-cancun-parque-xel-ha-todo-incluido-t975755/
México;cancun-l150;840031;Traslado Privado Del Club Med Cancun Al Aeropuerto Cun;https://www.getyourguide.com/es-es/cancun-l150/traslado-privado-del-club-med-cancun-al-aeropuerto-cun-t840031/
México;merida-l1903;1325126;Tour Fotografico Maya De Tony Desvelando Merida;https://www.getyourguide.com/es-es/merida-l1903/tour-fotografico-maya-de-tony-desvelando-merida-t1325126/
México;cancun-l150;54147;Cancun Limousine Transporte Aeropuerto;https://www.getyourguide.com/es-es/cancun-l150/cancun-limousine-transporte-aeropuerto-t54147/
México;huasca-de-ocampo-l136142;934238;Desde Cdmx Vive La Magia De Los Pueblos Mineros Y Prismas Basalticos;https://www.getyourguide.com/es-es/huasca-de-ocampo-l136142/desde-cdmx-vive-la-magia-de-los-pueblos-mineros-y-prismas-basalticos-t934238/
México;municipio-oaxaca-de-juarez-l681;957155;Oaxaca Monte Alban Taller Alebrije Y Alfareria Negra;https://www.getyourguide.com/es-es/municipio-oaxaca-de-juarez-l681/oaxaca-monte-alban-taller-alebrije-y-alfareria-negra-t957155/
México;cancun-l150;957362;Cancun Tour De Medio Dia En Catamaran Premium Por Isla Mujeres;https://www.getyourguide.com/es-es/cancun-l150/cancun-tour-de-medio-dia-en-catamaran-premium-por-isla-mujeres-t957362/
México;municipio-oaxaca-de-juarez-l681;958968;Desde Oaxaca Excursion De Dia Completo A La Sierra Norte Y Pueblo Indigena;https://www.getyourguide.com/es-es/municipio-oaxaca-de-juarez-l681/desde-oaxaca-excursion-de-dia-completo-a-la-sierra-norte-y-pueblo-indigena-t958968/
México;loreto-mexico-l1655;278937;Desde Loreto Crucero Con Snorkel Y Comida En La Isla Coronado;https://www.getyourguide.com/es-es/loreto-mexico-l1655/desde-loreto-crucero-con-snorkel-y-comida-en-la-isla-coronado-t278937/
México;bacalar-l95624;966967;Sesion Fotografica Privada En Bacalar Con Camara Y Dron;https://www.getyourguide.com/es-es/bacalar-l95624/sesion-fotografica-privada-en-bacalar-con-camara-y-dron-t966967/
México;ciudad-de-mexico-l194;980570;Ciudad De Mexico Tour Por El Museo Frida Kahlo;https://www.getyourguide.com/es-es/ciudad-de-mexico-l194/ciudad-de-mexico-tour-por-el-museo-frida-kahlo-t980570/
México;ciudad-de-guanajuato-l2514;1111873;Tour Privado De Un Dia Por Guanajuato Desde San Miguel;https://www.getyourguide.com/es-es/ciudad-de-guanajuato-l2514/tour-privado-de-un-dia-por-guanajuato-desde-san-miguel-t1111873/
México;cabo-san-lucas-l306;1137033;Cabo San Lucas Tour En Barco Completamente Transparente Con Guia;https://www.getyourguide.com/es-es/cabo-san-lucas-l306/cabo-san-lucas-tour-en-barco-completamente-transparente-con-guia-t1137033/
México;monterrey-l679;1074033;Tour Bahia Escondida En Santiago Pueblo Magico Un Dia De Relax Y Aventura;https://www.getyourguide.com/es-es/monterrey-l679/tour-bahia-escondida-en-santiago-pueblo-magico-un-dia-de-relax-y-aventura-t1074033/
México;campeche-l2516;460705;Desde Campeche Recorrido Por El Rio Mamantel;https://www.getyourguide.com/es-es/campeche-l2516/desde-campeche-recorrido-por-el-rio-mamantel-t460705/
México;puerto-vallarta-l265;1179988;Puerto Vallarta Show Drag Queen Exclusivo Para Grupos;https://www.getyourguide.com/es-es/puerto-vallarta-l265/puerto-vallarta-show-drag-queen-exclusivo-para-grupos-t1179988/
México;san-jose-del-cabo-l967;1093184;San Jose Del Cabo Expedicion De Snorkel Con Guia;https://www.getyourguide.com/es-es/san-jose-del-cabo-l967/san-jose-del-cabo-expedicion-de-snorkel-con-guia-t1093184/
México;municipio-oaxaca-de-juarez-l681;480772;Tour A Pie Por Monte Alban;https://www.getyourguide.com/es-es/municipio-oaxaca-de-juarez-l681/tour-a-pie-por-monte-alban-t480772/
México;ciudad-de-mexico-l194;1107849;Cdmx Clase De Cocina Pan De Muerto Y Chocolate Experiencia Cultural;https://www.getyourguide.com/es-es/ciudad-de-mexico-l194/cdmx-clase-de-cocina-pan-de-muerto-y-chocolate-experiencia-cultural-t1107849/
México;ciudad-de-mexico-l194;1115300;Chapultepec Visita Desde Las Alturas;https://www.getyourguide.com/es-es/ciudad-de-mexico-l194/chapultepec-visita-desde-las-alturas-t1115300/
México;playa-del-carmen-l308;509057;Atv Playa Del Carmen Y Exploracion De Las Cuevas Secretas;https://www.getyourguide.com/es-es/playa-del-carmen-l308/atv-playa-del-carmen-y-exploracion-de-las-cuevas-secretas-t509057/
México;palenque-chiapas-l179804;1153938;Bird Watching In Nearby Savanah Of Palenque;https://www.getyourguide.com/es-es/palenque-chiapas-l179804/bird-watching-in-nearby-savanah-of-palenque-t1153938/
México;monterrey-l679;1156975;Monterrey O Culto Tour De Mercado Mistico Y Cantinas Con Bebidas;https://www.getyourguide.com/es-es/monterrey-l679/monterrey-o-culto-tour-de-mercado-mistico-y-cantinas-con-bebidas-t1156975/
México;cancun-l150;562740;Cancun Ek Balam Y Valladolid Tour Privado;https://www.getyourguide.com/es-es/cancun-l150/cancun-ek-balam-y-valladolid-tour-privado-t562740/
México;puerto-vallarta-l265;620728;Puerto Vallarta Aventura Combinada De Quad Y Tirolina;https://www.getyourguide.com/es-es/puerto-vallarta-l265/puerto-vallarta-aventura-combinada-de-quad-y-tirolina-t620728/
México;tulum-l248;636112;Tulum Excursion De Un Dia A La Laguna Y Cenote De Bacalar;https://www.getyourguide.com/es-es/tulum-l248/tulum-excursion-de-un-dia-a-la-laguna-y-cenote-de-bacalar-t636112/
México;ciudad-de-mexico-l194;663027;Soumaya La Grandeza Del Arte Mexicano Y Occidental;https://www.getyourguide.com/es-es/ciudad-de-mexico-l194/soumaya-la-grandeza-del-arte-mexicano-y-occidental-t663027/
México;ciudad-de-mexico-l194;669342;Gira Poetica Cdmx;https://www.getyourguide.com/es-es/ciudad-de-mexico-l194/gira-poetica-cdmx-t669342/
México;santa-maria-del-tule-l135627;1234576;Sesion De Fotos En El Valle De Oaxaca Con Fotografa Profesional;https://www.getyourguide.com/es-es/santa-maria-del-tule-l135627/sesion-de-fotos-en-el-valle-de-oaxaca-con-fotografa-profesional-t1234576/
México;puerto-vallarta-l265;682441;Puerto Vallarta Tour Privado Senderismo Cascada De Quimixto;https://www.getyourguide.com/es-es/puerto-vallarta-l265/puerto-vallarta-tour-privado-senderismo-cascada-de-quimixto-t682441/
México;ciudad-de-mexico-l194;69626;Tour De Tlaxcala Y El Santuario De Las Luciernagas;https://www.getyourguide.com/es-es/ciudad-de-mexico-l194/tour-de-tlaxcala-y-el-santuario-de-las-luciernagas-t69626/
México;acapulco-de-juarez-l307;768814;Acapulco Tour Guiado Por Acapulco;https://www.getyourguide.com/es-es/acapulco-de-juarez-l307/acapulco-tour-guiado-por-acapulco-t768814/
México;puerto-vallarta-l265;98844;360 Tour De La Ciudad De Puerto Vallarta;https://www.getyourguide.com/es-es/puerto-vallarta-l265/360-tour-de-la-ciudad-de-puerto-vallarta-t98844/
México;guadalajara-l677;1307129;Guadalajara Tour Con Cata De Bebidas De Agave Y Aperitivo;https://www.getyourguide.com/es-es/guadalajara-l677/guadalajara-tour-con-cata-de-bebidas-de-agave-y-aperitivo-t1307129/
México;puerto-escondido-l32155;309288;Puerto Escondido Crucero En Barco Y Visita Al Mercado;https://www.getyourguide.com/es-es/puerto-escondido-l32155/puerto-escondido-crucero-en-barco-y-visita-al-mercado-t309288/
México;playa-del-carmen-l308;866632;Tour A Chichen Itza Con Comida Y Traslado Desde Playa Tulum Y Cancun;https://www.getyourguide.com/es-es/playa-del-carmen-l308/tour-a-chichen-itza-con-comida-y-traslado-desde-playa-tulum-y-cancun-t866632/
México;guadalajara-l677;397666;Desde Guadalajara Tour Del Tequila Cata Y Comida;https://www.getyourguide.com/es-es/guadalajara-l677/desde-guadalajara-tour-del-tequila-cata-y-comida-t397666/
México;cancun-l150;905761;Tour Aventura Extrema Selvatica En Cancun;https://www.getyourguide.com/es-es/cancun-l150/tour-aventura-extrema-selvatica-en-cancun-t905761/
México;zihuatanejo-l1474;1165919;Ixtapa Surf Experience For Beginners And Families;https://www.getyourguide.com/es-es/zihuatanejo-l1474/ixtapa-surf-experience-for-beginners-and-families-t1165919/
México;tzimol-l182768;1025493;Chiapas Paquete De 3 Dias Y 2 Noches;https://www.getyourguide.com/es-es/tzimol-l182768/chiapas-paquete-de-3-dias-y-2-noches-t1025493/
México;ciudad-de-mexico-l194;1030530;Cdmx Tour Exclusivo Por El Castillo De Chapultepec Acceso Fuera De Horas;https://www.getyourguide.com/es-es/ciudad-de-mexico-l194/cdmx-tour-exclusivo-por-el-castillo-de-chapultepec-acceso-fuera-de-horas-t1030530/
México;cabo-san-lucas-l306;523177;Cabo San Lucas Tour Al Arco En Barco Fondo De Cristal;https://www.getyourguide.com/es-es/cabo-san-lucas-l306/cabo-san-lucas-tour-al-arco-en-barco-fondo-de-cristal-t523177/
México;san-miguel-de-allende-l2515;544376;Recorrido A Pie Por San Miguel De Allende;https://www.getyourguide.com/es-es/san-miguel-de-allende-l2515/recorrido-a-pie-por-san-miguel-de-allende-t544376/
México;queretaro-l1170;1246747;Queretaro Degustacion De Mezcales Artesanales Y Ancestrales Sjr;https://www.getyourguide.com/es-es/queretaro-l1170/queretaro-degustacion-de-mezcales-artesanales-y-ancestrales-sjr-t1246747/
México;puerto-escondido-l32155;570743;Puerto Escondido Traslado Privado A Oaxaca Nueva Via Alta;https://www.getyourguide.com/es-es/puerto-escondido-l32155/puerto-escondido-traslado-privado-a-oaxaca-nueva-via-alta-t570743/
México;ciudad-de-mexico-l194;588424;Heroinas Y Villanas En La Fundacion De La Nueva Espana;https://www.getyourguide.com/es-es/ciudad-de-mexico-l194/heroinas-y-villanas-en-la-fundacion-de-la-nueva-espana-t588424/
México;san-cristobal-de-las-casas-l2166;597634;San Cristobal Sima De Las Cotorras Y Cascada El Aguacero;https://www.getyourguide.com/es-es/san-cristobal-de-las-casas-l2166/san-cristobal-sima-de-las-cotorras-y-cascada-el-aguacero-t597634/
México;ciudad-de-mexico-l194;1107821;Cabalga Con Charros Mexicanos Una Aventura Vaquera En La Ciudad De Mexico;https://www.getyourguide.com/es-es/ciudad-de-mexico-l194/cabalga-con-charros-mexicanos-una-aventura-vaquera-en-la-ciudad-de-mexico-t1107821/
México;playa-del-carmen-l308;1281358;Playa Del Carmen Buceo En Los Cenotes De Kukulcan Y Hermanito;https://www.getyourguide.com/es-es/playa-del-carmen-l308/playa-del-carmen-buceo-en-los-cenotes-de-kukulcan-y-hermanito-t1281358/
México;holbox-l189767;626749;Holbox Excursion De Esnorquel Pesca Y Ceviche;https://www.getyourguide.com/es-es/holbox-l189767/holbox-excursion-de-esnorquel-pesca-y-ceviche-t626749/
México;cancun-l150;1126319;Cancun Tour Por La Selva Maya En Lancha Motora Con Aperitivos;https://www.getyourguide.com/es-es/cancun-l150/cancun-tour-por-la-selva-maya-en-lancha-motora-con-aperitivos-t1126319/
México;cancun-l150;637285;Traslado Privado Desde Merida A Cancun Y Chichen Itza Cun Mid;https://www.getyourguide.com/es-es/cancun-l150/traslado-privado-desde-merida-a-cancun-y-chichen-itza-cun-mid-t637285/
México;cancun-l150;679451;Desde Cancun Snorkel Con Tiburones Ballena;https://www.getyourguide.com/es-es/cancun-l150/desde-cancun-snorkel-con-tiburones-ballena-t679451/
México;ciudad-de-mexico-l194;1181222;Ciudad De Mexico Tour Privado De Senderismo A La Cascada Diamante;https://www.getyourguide.com/es-es/ciudad-de-mexico-l194/ciudad-de-mexico-tour-privado-de-senderismo-a-la-cascada-diamante-t1181222/
México;ciudad-de-mexico-l194;1181253;Ciudad De Mexico Tour Privado De Senderismo A Las Cascadas De Mipulco;https://www.getyourguide.com/es-es/ciudad-de-mexico-l194/ciudad-de-mexico-tour-privado-de-senderismo-a-las-cascadas-de-mipulco-t1181253/
México;municipio-oaxaca-de-juarez-l681;1196454;Oaxaca Hierve El Agua El Tule Mitla Y Degustacion De Mezcal;https://www.getyourguide.com/es-es/municipio-oaxaca-de-juarez-l681/oaxaca-hierve-el-agua-el-tule-mitla-y-degustacion-de-mezcal-t1196454/
México;zihuatanejo-l392;777588;Zihuatanejo Excursion De Esnorquel Y Kayak A La Playa De Las Gatas;https://www.getyourguide.com/es-es/zihuatanejo-l392/zihuatanejo-excursion-de-esnorquel-y-kayak-a-la-playa-de-las-gatas-t777588/
México;playa-del-carmen-l308;1254669;Playa Del Carmen Buceo En El Famoso Cenote Dos Ojos 2 Inmersiones;https://www.getyourguide.com/es-es/playa-del-carmen-l308/playa-del-carmen-buceo-en-el-famoso-cenote-dos-ojos-2-inmersiones-t1254669/
México;ciudad-de-mexico-l194;1261968;Practica Tu Espanol Con Una Mexicana En Granito Cafe Condesa Cdmx;https://www.getyourguide.com/es-es/ciudad-de-mexico-l194/practica-tu-espanol-con-una-mexicana-en-granito-cafe-condesa-cdmx-t1261968/
México;zihuatanejo-l392;1268775;Kayak Al Amanecer Avistamiento De Ballenas En Un Dia;https://www.getyourguide.com/es-es/zihuatanejo-l392/kayak-al-amanecer-avistamiento-de-ballenas-en-un-dia-t1268775/
México;cancun-l150;857960;Chichen Itza Valladolid Cenote Xcajum;https://www.getyourguide.com/es-es/cancun-l150/chichen-itza-valladolid-cenote-xcajum-t857960/
México;ciudad-de-mexico-l194;1288923;Cdmx Entrada Al Acuario Inbursa Vida Marina Y Realidad Virtual Opcional;https://www.getyourguide.com/es-es/ciudad-de-mexico-l194/cdmx-entrada-al-acuario-inbursa-vida-marina-y-realidad-virtual-opcional-t1288923/
México;ciudad-de-mexico-l194;879218;Tour De Bares En Ciudad De Mexico Una Noche Chilanga De Verdad;https://www.getyourguide.com/es-es/ciudad-de-mexico-l194/tour-de-bares-en-ciudad-de-mexico-una-noche-chilanga-de-verdad-t879218/
México;cancun-l150;436576;Desde Cancun Tour Guiado De Degustacion De Tacos En Puerto Morelos;https://www.getyourguide.com/es-es/cancun-l150/desde-cancun-tour-guiado-de-degustacion-de-tacos-en-puerto-morelos-t436576/
México;cancun-l150;455791;Cancun Paseo A Isla Holbox;https://www.getyourguide.com/es-es/cancun-l150/cancun-paseo-a-isla-holbox-t455791/
México;cancun-l150;471970;Excursion En Barco Claro En Cancun;https://www.getyourguide.com/es-es/cancun-l150/excursion-en-barco-claro-en-cancun-t471970/
México;la-paz-mexico-l2930;475201;Cabo San Lucas Playa De Balandra Y Tour De La Ciudad;https://www.getyourguide.com/es-es/la-paz-mexico-l2930/cabo-san-lucas-playa-de-balandra-y-tour-de-la-ciudad-t475201/
México;tapachula-l205118;997189;Tapachula Tour Por El Cafe Las Flores Y El Legado De Argovia;https://www.getyourguide.com/es-es/tapachula-l205118/tapachula-tour-por-el-cafe-las-flores-y-el-legado-de-argovia-t997189/
México;mahahual-l168421;587247;Costa Maya Experiencia Beach Club Masaje Relajante;https://www.getyourguide.com/es-es/mahahual-l168421/costa-maya-experiencia-beach-club-masaje-relajante-t587247/
México;ciudad-de-mexico-l194;1038122;Ciudad De Mexico Tour De Dia Completo A Puebla Y Cholula;https://www.getyourguide.com/es-es/ciudad-de-mexico-l194/ciudad-de-mexico-tour-de-dia-completo-a-puebla-y-cholula-t1038122/
México;ciudad-de-mexico-l194;1040996;Visita A Los Murales Del Palacio De Bellas Artes Ciudad De Mexico;https://www.getyourguide.com/es-es/ciudad-de-mexico-l194/visita-a-los-murales-del-palacio-de-bellas-artes-ciudad-de-mexico-t1040996/
México;san-miguel-de-allende-l2515;257547;San Miguel Tour Gastronomico Por El Centro De La Ciudad;https://www.getyourguide.com/es-es/san-miguel-de-allende-l2515/san-miguel-tour-gastronomico-por-el-centro-de-la-ciudad-t257547/
México;bacalar-l95624;1063910;Bacalar Excursion En Ponton Colectivo El Primer Hotel Ojo De Agua;https://www.getyourguide.com/es-es/bacalar-l95624/bacalar-excursion-en-ponton-colectivo-el-primer-hotel-ojo-de-agua-t1063910/
México;municipio-oaxaca-de-juarez-l681;315232;Oaxaca Experiencia Cultural Y Recorrido Por Ocotlan De Morelos;https://www.getyourguide.com/es-es/municipio-oaxaca-de-juarez-l681/oaxaca-experiencia-cultural-y-recorrido-por-ocotlan-de-morelos-t315232/
México;holbox-l189767;626779;Holbox Excursion Al Tiburon Ballena Y La Isla Catoche Con Snorkel;https://www.getyourguide.com/es-es/holbox-l189767/holbox-excursion-al-tiburon-ballena-y-la-isla-catoche-con-snorkel-t626779/
México;tulum-l248;1090292;Tulum Ven A La Luz Templo Cenote Y Tour Por El Centro De La Ciudad;https://www.getyourguide.com/es-es/tulum-l248/tulum-ven-a-la-luz-templo-cenote-y-tour-por-el-centro-de-la-ciudad-t1090292/
México;ciudad-de-mexico-l194;1092231;Ciudad De Mexico Tour A Pie Por La Ciudad Con Mezcal Y Espectaculo De Lucha Libre;https://www.getyourguide.com/es-es/ciudad-de-mexico-l194/ciudad-de-mexico-tour-a-pie-por-la-ciudad-con-mezcal-y-espectaculo-de-lucha-libre-t1092231/
México;cabo-san-lucas-l306;661904;Combo De Atv En La Playa Y Paseo En Camello En Cabo By Cactus Tours Park;https://www.getyourguide.com/es-es/cabo-san-lucas-l306/combo-de-atv-en-la-playa-y-paseo-en-camello-en-cabo-by-cactus-tours-park-t661904/
México;playa-del-carmen-l308;691291;Riviera Maya Excursion De Un Dia A Isla Contoy E Isla Mujeres;https://www.getyourguide.com/es-es/playa-del-carmen-l308/riviera-maya-excursion-de-un-dia-a-isla-contoy-e-isla-mujeres-t691291/
México;cabo-san-lucas-l306;440913;Los Cabos Degustacion De Tacos Y Tequila;https://www.getyourguide.com/es-es/cabo-san-lucas-l306/los-cabos-degustacion-de-tacos-y-tequila-t440913/
México;guadalajara-l677;697758;Guadalajara 3 Horas De Tour A Pie Privado De Lo Mas Destacado;https://www.getyourguide.com/es-es/guadalajara-l677/guadalajara-3-horas-de-tour-a-pie-privado-de-lo-mas-destacado-t697758/
México;ciudad-de-mexico-l194;702289;Ciudad De Mexico Historia Y Vida Moderna En La Capital;https://www.getyourguide.com/es-es/ciudad-de-mexico-l194/ciudad-de-mexico-historia-y-vida-moderna-en-la-capital-t702289/
México;puerto-morelos-l112372;703740;Puerto Morelos Traslado Privado En Furgoneta A Cancun;https://www.getyourguide.com/es-es/puerto-morelos-l112372/puerto-morelos-traslado-privado-en-furgoneta-a-cancun-t703740/
México;puerto-vallarta-l265;707156;Puerto Vallarta Experiencia Privada De Parasailing;https://www.getyourguide.com/es-es/puerto-vallarta-l265/puerto-vallarta-experiencia-privada-de-parasailing-t707156/
México;ciudad-de-guanajuato-l2514;460185;Ciudad De Guanajuato Senderismo En La Bufa;https://www.getyourguide.com/es-es/ciudad-de-guanajuato-l2514/ciudad-de-guanajuato-senderismo-en-la-bufa-t460185/
México;cabo-san-lucas-l306;729329;Puesta De Sol En Todos Santos;https://www.getyourguide.com/es-es/cabo-san-lucas-l306/puesta-de-sol-en-todos-santos-t729329/
México;municipio-tuxtla-gutierrez-l2527;734750;Tuxtla Gutierrez Tour 5 Miradores Del Canon Del Sumidero;https://www.getyourguide.com/es-es/municipio-tuxtla-gutierrez-l2527/tuxtla-gutierrez-tour-5-miradores-del-canon-del-sumidero-t734750/
México;valladolid-mexico-l101556;769563;Desde Valladolid Chichen Itza 2 Cenotes Transporte Privado;https://www.getyourguide.com/es-es/valladolid-mexico-l101556/desde-valladolid-chichen-itza-2-cenotes-transporte-privado-t769563/
México;puerto-vallarta-l265;783022;Puerto Vallarta Expedicion Fluvial Tirolina Tour Del Tequila;https://www.getyourguide.com/es-es/puerto-vallarta-l265/puerto-vallarta-expedicion-fluvial-tirolina-tour-del-tequila-t783022/
México;queretaro-l1170;530388;Desde Queretaro Grutas De Tolantongo;https://www.getyourguide.com/es-es/queretaro-l1170/desde-queretaro-grutas-de-tolantongo-t530388/
México;cabo-san-lucas-l306;562315;La Paz Balandra Y Todos Santos Desde Cabo Y San Jose;https://www.getyourguide.com/es-es/cabo-san-lucas-l306/la-paz-balandra-y-todos-santos-desde-cabo-y-san-jose-t562315/
México;puerto-vallarta-l265;605519;Cityfuntastic Enamorate De Puerto Vallarta;https://www.getyourguide.com/es-es/puerto-vallarta-l265/cityfuntastic-enamorate-de-puerto-vallarta-t605519/
México;puerto-vallarta-l265;635494;Puerto Vallarta Liberacion De Tortugas Y Visita Al Campamento Tortuguero;https://www.getyourguide.com/es-es/puerto-vallarta-l265/puerto-vallarta-liberacion-de-tortugas-y-visita-al-campamento-tortuguero-t635494/
México;cancun-l150;880958;Traslado Privado Amado Playa Mujeres Al Aeropuerto Cun;https://www.getyourguide.com/es-es/cancun-l150/traslado-privado-amado-playa-mujeres-al-aeropuerto-cun-t880958/
México;tulum-l248;1264827;Tulum Tour Por Las Ruinas De Coba Un Cenote Y Un Pueblo Maya Con Almuerzo;https://www.getyourguide.com/es-es/tulum-l248/tulum-tour-por-las-ruinas-de-coba-un-cenote-y-un-pueblo-maya-con-almuerzo-t1264827/
México;puerto-vallarta-l265;683867;Puerto Vallarta Rzr Rio Cuale;https://www.getyourguide.com/es-es/puerto-vallarta-l265/puerto-vallarta-rzr-rio-cuale-t683867/
México;ciudad-de-mexico-l194;1287688;Cdmx Ticket De Acceso Rapido A Teotihuacan;https://www.getyourguide.com/es-es/ciudad-de-mexico-l194/cdmx-ticket-de-acceso-rapido-a-teotihuacan-t1287688/
México;acapulco-de-juarez-l307;722094; Acapulco Experiencia De Descanso En La Playa Con Snorkel Y Comida;https://www.getyourguide.com/es-es/acapulco-de-juarez-l307/-acapulco-experiencia-de-descanso-en-la-playa-con-snorkel-y-comida-t722094/
México;cabo-san-lucas-l306;740808;Increible Aventura En Cabo Y Snorkel;https://www.getyourguide.com/es-es/cabo-san-lucas-l306/increible-aventura-en-cabo-y-snorkel-t740808/
México;ciudad-de-mexico-l194;953841;Cdmx Terapia De Naturaleza Sesion Guiada;https://www.getyourguide.com/es-es/ciudad-de-mexico-l194/cdmx-terapia-de-naturaleza-sesion-guiada-t953841/
México;santa-maria-del-tule-l135627;1310008;Experiencia Privada A Hierve El Agua Con Guia Local;https://www.getyourguide.com/es-es/santa-maria-del-tule-l135627/experiencia-privada-a-hierve-el-agua-con-guia-local-t1310008/
México;cancun-l150;57136;Observacion Privada De Aves En Cancun;https://www.getyourguide.com/es-es/cancun-l150/observacion-privada-de-aves-en-cancun-t57136/
México;ciudad-de-mexico-l194;900609;Ciudad De Mexico Museo Nacional De Antropologia Tour Privado;https://www.getyourguide.com/es-es/ciudad-de-mexico-l194/ciudad-de-mexico-museo-nacional-de-antropologia-tour-privado-t900609/
México;valladolid-mexico-l101556;930687;Tulum Tour Privado 3 Cenotes Suytun Oxman Saamal Con Almuerzo;https://www.getyourguide.com/es-es/valladolid-mexico-l101556/tulum-tour-privado-3-cenotes-suytun-oxman-saamal-con-almuerzo-t930687/
México;ciudad-de-mexico-l194;932644;Desde La Cdmx Trekking Al Volcan Iztaccihuatl Acompanado De Un Alpinista;https://www.getyourguide.com/es-es/ciudad-de-mexico-l194/desde-la-cdmx-trekking-al-volcan-iztaccihuatl-acompanado-de-un-alpinista-t932644/
México;merida-l1903;1145290;Merida Tour A Pie Sobre La Cocina Yucateca Con Cena;https://www.getyourguide.com/es-es/merida-l1903/merida-tour-a-pie-sobre-la-cocina-yucateca-con-cena-t1145290/
México;ciudad-de-mexico-l194;952932;Xochimilco Tour En Bote Tradicional Cultura Y Diversion;https://www.getyourguide.com/es-es/ciudad-de-mexico-l194/xochimilco-tour-en-bote-tradicional-cultura-y-diversion-t952932/
México;ciudad-de-mexico-l194;433804;Ciudad De Mexico Recorrido A Pie Por Palacios Y Edificios Historicos;https://www.getyourguide.com/es-es/ciudad-de-mexico-l194/ciudad-de-mexico-recorrido-a-pie-por-palacios-y-edificios-historicos-t433804/
México;ciudad-de-mexico-l194;959256;Desde Cdmx Tour Guiado A Teotihuacan Y Guadalupe;https://www.getyourguide.com/es-es/ciudad-de-mexico-l194/desde-cdmx-tour-guiado-a-teotihuacan-y-guadalupe-t959256/
México;san-miguel-de-allende-l2515;1021196;Viaje De San Miguel A Los Frescos Sagrados De Atotonilco;https://www.getyourguide.com/es-es/san-miguel-de-allende-l2515/viaje-de-san-miguel-a-los-frescos-sagrados-de-atotonilco-t1021196/
México;ciudad-de-mexico-l194;1038169;Ciudad De Mexico Taller De Elaboracion De Churros Y Ganache De Chocolate;https://www.getyourguide.com/es-es/ciudad-de-mexico-l194/ciudad-de-mexico-taller-de-elaboracion-de-churros-y-ganache-de-chocolate-t1038169/
México;tulum-l248;522681;Tour A Las Ruinas De Coba Y Refrescante Bano En El Cenote Xux Ha Con Almuerzo;https://www.getyourguide.com/es-es/tulum-l248/tour-a-las-ruinas-de-coba-y-refrescante-bano-en-el-cenote-xux-ha-con-almuerzo-t522681/
México;guadalajara-l677;1232108;Conociendo El Tequila Con Un Maestro Tequilero Local Con Una Clase Y Cata;https://www.getyourguide.com/es-es/guadalajara-l677/conociendo-el-tequila-con-un-maestro-tequilero-local-con-una-clase-y-cata-t1232108/
México;akumal-l2807;1084409;Akumal Nada Junto A Tortugas En Un Paraiso Natural;https://www.getyourguide.com/es-es/akumal-l2807/akumal-nada-junto-a-tortugas-en-un-paraiso-natural-t1084409/
México;puebla-l1471;1085302;Puebla Tour Privado Por Los Mercados Callejeros La Experiencia Mexicana;https://www.getyourguide.com/es-es/puebla-l1471/puebla-tour-privado-por-los-mercados-callejeros-la-experiencia-mexicana-t1085302/
México;san-miguel-de-allende-l2515;1106128;Ruta De San Miguel De Allende;https://www.getyourguide.com/es-es/san-miguel-de-allende-l2515/ruta-de-san-miguel-de-allende-t1106128/
México;san-cristobal-de-las-casas-l2166;601647;Desde San Cristobal O Palenque Excursion De 3 Dias A La Selva Lacandona;https://www.getyourguide.com/es-es/san-cristobal-de-las-casas-l2166/desde-san-cristobal-o-palenque-excursion-de-3-dias-a-la-selva-lacandona-t601647/
México;san-miguel-de-cozumel-l141611;1113688;Cozumel En Quad Visita El Cenote Y La Cueva;https://www.getyourguide.com/es-es/san-miguel-de-cozumel-l141611/cozumel-en-quad-visita-el-cenote-y-la-cueva-t1113688/
México;abala-l216546;1147185;Merida Uxmal Y Hacienda Mucuyche Experiencia De Elite;https://www.getyourguide.com/es-es/abala-l216546/merida-uxmal-y-hacienda-mucuyche-experiencia-de-elite-t1147185/
México;valle-de-bravo-l95795;655685;Valle De Bravo Experiencia De Alquiler De Kayak Y Paddle Board;https://www.getyourguide.com/es-es/valle-de-bravo-l95795/valle-de-bravo-experiencia-de-alquiler-de-kayak-y-paddle-board-t655685/
México;cancun-l150;663546;Cancun 2 Inmersiones Pecio C55 O C58 Y Arrecife Buceadores Certificados;https://www.getyourguide.com/es-es/cancun-l150/cancun-2-inmersiones-pecio-c55-o-c58-y-arrecife-buceadores-certificados-t663546/
México;ciudad-de-mexico-l194;1155870;Ciudad De Mexico Haz Tu Propia Decoracion De Macrame Al Estilo Mexicano;https://www.getyourguide.com/es-es/ciudad-de-mexico-l194/ciudad-de-mexico-haz-tu-propia-decoracion-de-macrame-al-estilo-mexicano-t1155870/
México;tulum-l248;1327067;Sesion De Fotos Profesional Privada En Tulum;https://www.getyourguide.com/es-es/tulum-l248/sesion-de-fotos-profesional-privada-en-tulum-t1327067/
México;acapulco-de-juarez-l307;768840;Acapulco Excursion A La Laguna;https://www.getyourguide.com/es-es/acapulco-de-juarez-l307/acapulco-excursion-a-la-laguna-t768840/
México;san-miguel-de-allende-l2515;769045;Atotonilco Explora El Rico Patrimonio Arquitectonico;https://www.getyourguide.com/es-es/san-miguel-de-allende-l2515/atotonilco-explora-el-rico-patrimonio-arquitectonico-t769045/
México;ciudad-de-mexico-l194;1201180;Taller De Elaboracion De Churros Y Chocolate En Ciudad De Mexico;https://www.getyourguide.com/es-es/ciudad-de-mexico-l194/taller-de-elaboracion-de-churros-y-chocolate-en-ciudad-de-mexico-t1201180/
México;acapulco-de-juarez-l307;781029;Acapulco Paseos A Caballo Campamento Tortuguero Y Excursion Con Cocodrilos;https://www.getyourguide.com/es-es/acapulco-de-juarez-l307/acapulco-paseos-a-caballo-campamento-tortuguero-y-excursion-con-cocodrilos-t781029/
México;leon-mexico-l155751;797099;Leon Visita A Los Vinedos De Tierra De Luz Con Cata De Vinos;https://www.getyourguide.com/es-es/leon-mexico-l155751/leon-visita-a-los-vinedos-de-tierra-de-luz-con-cata-de-vinos-t797099/
México;cancun-l150;799581;Cancun Catamaran Isla Mujeres Con Buffet Bebidas Y Snorkel;https://www.getyourguide.com/es-es/cancun-l150/cancun-catamaran-isla-mujeres-con-buffet-bebidas-y-snorkel-t799581/
México;ciudad-de-mexico-l194;833065;Cdmx Garibaldi Copa Show;https://www.getyourguide.com/es-es/ciudad-de-mexico-l194/cdmx-garibaldi-copa-show-t833065/
México;cancun-l150;397851;Cancun Catamaran Isla Mujeres Con Almuerzo Buffet Y Barra Libre;https://www.getyourguide.com/es-es/cancun-l150/cancun-catamaran-isla-mujeres-con-almuerzo-buffet-y-barra-libre-t397851/
México;crucecita-l166888;943517;Huatulco Tour Guiado Por La Ciudad De Mexico Con Degustacion De Tacos Y Bebidas;https://www.getyourguide.com/es-es/crucecita-l166888/huatulco-tour-guiado-por-la-ciudad-de-mexico-con-degustacion-de-tacos-y-bebidas-t943517/
México;merida-l1903;458057;Cenotes De Santa Barbara;https://www.getyourguide.com/es-es/merida-l1903/cenotes-de-santa-barbara-t458057/
México;san-miguel-de-cozumel-l141611;1004350;Cozumel Paseo En Quad Tour En Buggy Y Visita A La Caverna De Jade;https://www.getyourguide.com/es-es/san-miguel-de-cozumel-l141611/cozumel-paseo-en-quad-tour-en-buggy-y-visita-a-la-caverna-de-jade-t1004350/
México;cancun-l150;501339;Cancun Cata De Tequila En El Restaurante Faro;https://www.getyourguide.com/es-es/cancun-l150/cancun-cata-de-tequila-en-el-restaurante-faro-t501339/
México;san-cristobal-de-las-casas-l2166;529343;Desde San Cristobal Agua Azul Misol Ha Y Palenque;https://www.getyourguide.com/es-es/san-cristobal-de-las-casas-l2166/desde-san-cristobal-agua-azul-misol-ha-y-palenque-t529343/
México;mahahual-l168421;529704;Costa Maya Experiencia Beach Club Masaje Relajante;https://www.getyourguide.com/es-es/mahahual-l168421/costa-maya-experiencia-beach-club-masaje-relajante-t529704/
México;ciudad-de-mexico-l194;561714;Coyocan Mercado Y Clase De Cocina;https://www.getyourguide.com/es-es/ciudad-de-mexico-l194/coyocan-mercado-y-clase-de-cocina-t561714/
México;san-cristobal-de-las-casas-l2166;597686;San Cristobal De Las Casas Aventura En Las 3 Cascadas Tzimoleras;https://www.getyourguide.com/es-es/san-cristobal-de-las-casas-l2166/san-cristobal-de-las-casas-aventura-en-las-3-cascadas-tzimoleras-t597686/
México;ciudad-de-mexico-l194;601732;Ticket De Entrada Al Acuario De Inbursa Con Opcion De Rv;https://www.getyourguide.com/es-es/ciudad-de-mexico-l194/ticket-de-entrada-al-acuario-de-inbursa-con-opcion-de-rv-t601732/
México;tulum-l248;389065;Desde Tulum Observacion De Aves Y Paseo Guiado Por Sian Ka An Y Muyil;https://www.getyourguide.com/es-es/tulum-l248/desde-tulum-observacion-de-aves-y-paseo-guiado-por-sian-ka-an-y-muyil-t389065/
México;ciudad-de-coba-l209788;1141558;Coba Tour A Pie Guiado Por Las Ruinas Con Ticket De Entrada;https://www.getyourguide.com/es-es/ciudad-de-coba-l209788/coba-tour-a-pie-guiado-por-las-ruinas-con-ticket-de-entrada-t1141558/
México;ciudad-de-mexico-l194;1151148;Cdmx Tour En Tuk Tuk De Condesa Hipodromo;https://www.getyourguide.com/es-es/ciudad-de-mexico-l194/cdmx-tour-en-tuk-tuk-de-condesa-hipodromo-t1151148/
México;ciudad-de-mexico-l194;1181318;Ciudad De Mexico Tour Privado De Senderismo A La Cascada De Hueyapan;https://www.getyourguide.com/es-es/ciudad-de-mexico-l194/ciudad-de-mexico-tour-privado-de-senderismo-a-la-cascada-de-hueyapan-t1181318/
México;puerto-vallarta-l265;742780;Puerto Vallarta Vela Al Atardecer;https://www.getyourguide.com/es-es/puerto-vallarta-l265/puerto-vallarta-vela-al-atardecer-t742780/
México;merida-l1903;750107;Uxmal Museo De Historia Chocoana Y Cenote;https://www.getyourguide.com/es-es/merida-l1903/uxmal-museo-de-historia-chocoana-y-cenote-t750107/
México;puerto-vallarta-l265;750840;Puerto Vallarta Yelapa Majahuitas Comida Barra Libre A Bordo;https://www.getyourguide.com/es-es/puerto-vallarta-l265/puerto-vallarta-yelapa-majahuitas-comida-barra-libre-a-bordo-t750840/
México;ciudad-de-mexico-l194;832910;La Llorona Espectaculo En Vivo En Los Canales De Xochimilco;https://www.getyourguide.com/es-es/ciudad-de-mexico-l194/la-llorona-espectaculo-en-vivo-en-los-canales-de-xochimilco-t832910/
México;muinicipio-de-tequila-l777;565174;Experiencia Tequila Artesanal En Suv Privado De Lujo Local;https://www.getyourguide.com/es-es/muinicipio-de-tequila-l777/experiencia-tequila-artesanal-en-suv-privado-de-lujo-local-t565174/
México;palenque-chiapas-l179804;601591;Palenque Yaxchilan Y Bonampak Tour De 1 Dia;https://www.getyourguide.com/es-es/palenque-chiapas-l179804/palenque-yaxchilan-y-bonampak-tour-de-1-dia-t601591/
México;ciudad-de-mexico-l194;869504;Xochimilco Paseo En Kayak Al Amanecer Con Desayuno;https://www.getyourguide.com/es-es/ciudad-de-mexico-l194/xochimilco-paseo-en-kayak-al-amanecer-con-desayuno-t869504/
México;ensenada-l545;629024;Ensenada Paseo A Caballo Por La Playa;https://www.getyourguide.com/es-es/ensenada-l545/ensenada-paseo-a-caballo-por-la-playa-t629024/
México;cancun-l150;875646;Traslado Privado Aeropuerto Cun A Park Royal Beach Cancun;https://www.getyourguide.com/es-es/cancun-l150/traslado-privado-aeropuerto-cun-a-park-royal-beach-cancun-t875646/
México;muinicipio-de-tequila-l777;901063;Aventura Privada Al Tequila Y La Destileria El Cascahuin;https://www.getyourguide.com/es-es/muinicipio-de-tequila-l777/aventura-privada-al-tequila-y-la-destileria-el-cascahuin-t901063/
México;rio-lagartos-l146496;651294;Tour Flamencos Rio Lagartos Yucatan 2 Horas;https://www.getyourguide.com/es-es/rio-lagartos-l146496/tour-flamencos-rio-lagartos-yucatan-2-horas-t651294/
México;cancun-l150;652029;Transportacion Privada A La Zona Hotelera De Cancun;https://www.getyourguide.com/es-es/cancun-l150/transportacion-privada-a-la-zona-hotelera-de-cancun-t652029/
México;ciudad-de-mexico-l194;696822;Cdmx Vuelo En Globo A Teotihuacan Con Excursion Opcional A Las Piramides;https://www.getyourguide.com/es-es/ciudad-de-mexico-l194/cdmx-vuelo-en-globo-a-teotihuacan-con-excursion-opcional-a-las-piramides-t696822/
México;cancun-l150;975760;Desde Cancun Entrada Al Parque Xoximilco Todo Incluido;https://www.getyourguide.com/es-es/cancun-l150/desde-cancun-entrada-al-parque-xoximilco-todo-incluido-t975760/
México;valladolid-mexico-l101556;175263;Excursion A Las Abejas Mayas Y Degustacion De Miel;https://www.getyourguide.com/es-es/valladolid-mexico-l101556/excursion-a-las-abejas-mayas-y-degustacion-de-miel-t175263/
México;nuevo-vallarta-l92762;316952;Punta De Mitasayulita Excursion A Caballo;https://www.getyourguide.com/es-es/nuevo-vallarta-l92762/punta-de-mitasayulita-excursion-a-caballo-t316952/
México;san-miguel-de-cozumel-l141611;793116;Cozumel Experiencia De Cocina Y Baile De Salsa Y Salsa;https://www.getyourguide.com/es-es/san-miguel-de-cozumel-l141611/cozumel-experiencia-de-cocina-y-baile-de-salsa-y-salsa-t793116/
México;ciudad-de-mexico-l194;821587;Ciudad De Mexico Tour Del Mezcal Y Los Tacos All You Can Eat En Polanco;https://www.getyourguide.com/es-es/ciudad-de-mexico-l194/ciudad-de-mexico-tour-del-mezcal-y-los-tacos-all-you-can-eat-en-polanco-t821587/
México;cabo-san-lucas-l306;428669;Aventura En Parasailing En Cabo San Lucas;https://www.getyourguide.com/es-es/cabo-san-lucas-l306/aventura-en-parasailing-en-cabo-san-lucas-t428669/
México;la-paz-mexico-l2930;429760;La Paz Crucero Privado En Yate A Playa Balandra Con Bano;https://www.getyourguide.com/es-es/la-paz-mexico-l2930/la-paz-crucero-privado-en-yate-a-playa-balandra-con-bano-t429760/
México;cancun-l150;437492;Cancun Excursion Guiada De Observacion De Aves;https://www.getyourguide.com/es-es/cancun-l150/cancun-excursion-guiada-de-observacion-de-aves-t437492/
México;san-miguel-de-cozumel-l141611;853214;Excursion En Tierra En Cozumel Caverna De Jade En Quad Y Degustacion De Tequila;https://www.getyourguide.com/es-es/san-miguel-de-cozumel-l141611/excursion-en-tierra-en-cozumel-caverna-de-jade-en-quad-y-degustacion-de-tequila-t853214/
México;cabo-san-lucas-l306;537768;Los Cabos Taco De Nopal Azteca Clase De Cocina De La Granja A La Mesa;https://www.getyourguide.com/es-es/cabo-san-lucas-l306/los-cabos-taco-de-nopal-azteca-clase-de-cocina-de-la-granja-a-la-mesa-t537768/
México;puerto-vallarta-l265;957949;Tour Guiado Vallarta En Un Dia;https://www.getyourguide.com/es-es/puerto-vallarta-l265/tour-guiado-vallarta-en-un-dia-t957949/
México;playa-del-carmen-l308;978371;Desde Playa Del Carmen Entradas Al Parque Nocturno Xplor Fuego;https://www.getyourguide.com/es-es/playa-del-carmen-l308/desde-playa-del-carmen-entradas-al-parque-nocturno-xplor-fuego-t978371/
México;cancun-l150;561697;Aeropuerto De Cancun Traslado Al Aeropuerto De Ida O Ida Y Vuelta;https://www.getyourguide.com/es-es/cancun-l150/aeropuerto-de-cancun-traslado-al-aeropuerto-de-ida-o-ida-y-vuelta-t561697/
México;municipio-de-chamula-l190539;988476;Tour A Caballo En El Bosque Y Visita San Juan Chamula;https://www.getyourguide.com/es-es/municipio-de-chamula-l190539/tour-a-caballo-en-el-bosque-y-visita-san-juan-chamula-t988476/
México;ciudad-de-mexico-l194;1215399;Tour Privado Basilica De Guadalupe Y Catedral Metropolitana De Ciudad Mx;https://www.getyourguide.com/es-es/ciudad-de-mexico-l194/tour-privado-basilica-de-guadalupe-y-catedral-metropolitana-de-ciudad-mx-t1215399/
México;teotitlan-del-valle-l135632;1024702;Oaxaca Tour Guiado A Monte Alban Arbol Del Tule Y Teotitlan;https://www.getyourguide.com/es-es/teotitlan-del-valle-l135632/oaxaca-tour-guiado-a-monte-alban-arbol-del-tule-y-teotitlan-t1024702/
México;quimixto-l204902;1051835;Puerto Vallarta Snorkel En Los Arcos Y Crucero En Las Animas;https://www.getyourguide.com/es-es/quimixto-l204902/puerto-vallarta-snorkel-en-los-arcos-y-crucero-en-las-animas-t1051835/
México;ciudad-de-mexico-l194;1246540;Ciudad De Mexico Bellas Artes Y Parque Con Tirolina Y Carrusel;https://www.getyourguide.com/es-es/ciudad-de-mexico-l194/ciudad-de-mexico-bellas-artes-y-parque-con-tirolina-y-carrusel-t1246540/
México;la-paz-mexico-l2930;1068948;Desde La Playa Tour Por Los Vinedos Con Cata Y Parada En Todos Santos;https://www.getyourguide.com/es-es/la-paz-mexico-l2930/desde-la-playa-tour-por-los-vinedos-con-cata-y-parada-en-todos-santos-t1068948/
México;playa-del-carmen-l308;1274093;Buceo Submarino Cenotes El Eden Y Chikin Ha 2 Inmersiones;https://www.getyourguide.com/es-es/playa-del-carmen-l308/buceo-submarino-cenotes-el-eden-y-chikin-ha-2-inmersiones-t1274093/
México;cancun-l150;690830;Crucero Nocturno En Barco Pirata Por Cancun Con Cena De Pollo Y Espectaculo;https://www.getyourguide.com/es-es/cancun-l150/crucero-nocturno-en-barco-pirata-por-cancun-con-cena-de-pollo-y-espectaculo-t690830/
México;ciudad-de-mexico-l194;696054;Copia De Consigna En Ciudad De Mexico Taquillas Para Maletas Y Bolsos;https://www.getyourguide.com/es-es/ciudad-de-mexico-l194/copia-de-consigna-en-ciudad-de-mexico-taquillas-para-maletas-y-bolsos-t696054/
México;ciudad-de-mexico-l194;1114647;Ciudad De Mexico Tour Por Coyoacan Museo Frida Kahlo Y Desayuno;https://www.getyourguide.com/es-es/ciudad-de-mexico-l194/ciudad-de-mexico-tour-por-coyoacan-museo-frida-kahlo-y-desayuno-t1114647/
México;puerto-morelos-l112372;729391;Cancun Emocionante Aventura En Quad Tirolinas Y Bano En Cenote;https://www.getyourguide.com/es-es/puerto-morelos-l112372/cancun-emocionante-aventura-en-quad-tirolinas-y-bano-en-cenote-t729391/
México;mismaloya-l190181;1316251;Puerto Vallarta Los Arcos Colomillas Y Cascada De Quimixto;https://www.getyourguide.com/es-es/mismaloya-l190181/puerto-vallarta-los-arcos-colomillas-y-cascada-de-quimixto-t1316251/
México;campeche-l2516;1316435;Campeche Ceremonia Del Cacao Y Comida Corazon Abierto Mesa Abierta;https://www.getyourguide.com/es-es/campeche-l2516/campeche-ceremonia-del-cacao-y-comida-corazon-abierto-mesa-abierta-t1316435/
México;ciudad-de-mexico-l194;1156790;Ciudad De Mexico Tour De Frida Kahlo Xochimilco Y Coyoacan;https://www.getyourguide.com/es-es/ciudad-de-mexico-l194/ciudad-de-mexico-tour-de-frida-kahlo-xochimilco-y-coyoacan-t1156790/
México;tulum-l248;787599;Transporte Privado Del Aeropuerto De Tulum A La Zona Hotelera De Tulum;https://www.getyourguide.com/es-es/tulum-l248/transporte-privado-del-aeropuerto-de-tulum-a-la-zona-hotelera-de-tulum-t787599/
México;ciudad-de-mexico-l194;1158324;Ciudad De Mexico Museos Del Agave Degustaciones Y Tour Nocturno De Mariachis;https://www.getyourguide.com/es-es/ciudad-de-mexico-l194/ciudad-de-mexico-museos-del-agave-degustaciones-y-tour-nocturno-de-mariachis-t1158324/
México;cancun-l150;793995;Cancun Atv Tirolinas Y Aventura En El Cenote;https://www.getyourguide.com/es-es/cancun-l150/cancun-atv-tirolinas-y-aventura-en-el-cenote-t793995/
México;leon-mexico-l155751;800345;Desde Leon Recorrido Por Las Fabricas De Cuero Calzado Y Sombreros;https://www.getyourguide.com/es-es/leon-mexico-l155751/desde-leon-recorrido-por-las-fabricas-de-cuero-calzado-y-sombreros-t800345/
México;merida-l1903;820827;Merida Chichen Itza Cenote En Una Comunidad Maya E Izamal;https://www.getyourguide.com/es-es/merida-l1903/merida-chichen-itza-cenote-en-una-comunidad-maya-e-izamal-t820827/
México;ciudad-de-mexico-l194;1189700;Ciudad De Mexico Tour En Segway Por Polanco Y El Parque De Chapultepec;https://www.getyourguide.com/es-es/ciudad-de-mexico-l194/ciudad-de-mexico-tour-en-segway-por-polanco-y-el-parque-de-chapultepec-t1189700/
México;ciudad-de-mexico-l194;845007;La Verdadera Ciudad De Mexico Bajo La Piel De Cdmx;https://www.getyourguide.com/es-es/ciudad-de-mexico-l194/la-verdadera-ciudad-de-mexico-bajo-la-piel-de-cdmx-t845007/
México;ciudad-de-mexico-l194;1227999;Ciudad De Mexico Tour En Teleferico Y Patinaje Sobre Hielo;https://www.getyourguide.com/es-es/ciudad-de-mexico-l194/ciudad-de-mexico-tour-en-teleferico-y-patinaje-sobre-hielo-t1227999/
México;guadalajara-l677;403766;Desde Guadalajara Ruta Del Tequila Con Degustacion;https://www.getyourguide.com/es-es/guadalajara-l677/desde-guadalajara-ruta-del-tequila-con-degustacion-t403766/
México;san-miguel-de-allende-l2515;424187;San Miguel Excursion De Aventura En Quad Compartida Y Tirolina;https://www.getyourguide.com/es-es/san-miguel-de-allende-l2515/san-miguel-excursion-de-aventura-en-quad-compartida-y-tirolina-t424187/
México;papantla-de-olarte-l109597;429164;Veracruz Entrada Sin Colas Al Sitio Arqueologico El Tajin;https://www.getyourguide.com/es-es/papantla-de-olarte-l109597/veracruz-entrada-sin-colas-al-sitio-arqueologico-el-tajin-t429164/
México;cancun-l150;1016217;Cancun Acceso A La Sala Vip Del Aeropuerto Internacional De Cancun;https://www.getyourguide.com/es-es/cancun-l150/cancun-acceso-a-la-sala-vip-del-aeropuerto-internacional-de-cancun-t1016217/
México;municipio-de-cuernavaca-l2232;1066029;Desde Cdmx Tour Privado Por Cuernavaca Taxco Y Mina Prehispanica De Taxco;https://www.getyourguide.com/es-es/municipio-de-cuernavaca-l2232/desde-cdmx-tour-privado-por-cuernavaca-taxco-y-mina-prehispanica-de-taxco-t1066029/
México;santa-maria-huatulco-l781;553656;Huatulco Leccion De Surf Con Instructor De Surf Todos Los Niveles;https://www.getyourguide.com/es-es/santa-maria-huatulco-l781/huatulco-leccion-de-surf-con-instructor-de-surf-todos-los-niveles-t553656/
México;ciudad-de-mexico-l194;1092198;Ciudad De Mexico Experiencia De Lucha Libre Mexicana Y Degustacion De Mezcal;https://www.getyourguide.com/es-es/ciudad-de-mexico-l194/ciudad-de-mexico-experiencia-de-lucha-libre-mexicana-y-degustacion-de-mezcal-t1092198/
México;la-paz-mexico-l2930;1116476;La Paz Cruisers Tour De Cervezas Artesanales Con Degustacion Y Ceviche;https://www.getyourguide.com/es-es/la-paz-mexico-l2930/la-paz-cruisers-tour-de-cervezas-artesanales-con-degustacion-y-ceviche-t1116476/
México;mahahual-l168421;1130485;Desde Costa Maya Ruinas Mayas Y Parada En El Mercado De Frutas;https://www.getyourguide.com/es-es/mahahual-l168421/desde-costa-maya-ruinas-mayas-y-parada-en-el-mercado-de-frutas-t1130485/
México;ciudad-de-mexico-l194;1141787;Ciudad De Mexico Tour Privado Sobre Identidad Historia Y Tradiciones;https://www.getyourguide.com/es-es/ciudad-de-mexico-l194/ciudad-de-mexico-tour-privado-sobre-identidad-historia-y-tradiciones-t1141787/
México;cancun-l150;657123;Navegacion Al Atardecer A Isla Mujeres Con Traslado A Cancun;https://www.getyourguide.com/es-es/cancun-l150/navegacion-al-atardecer-a-isla-mujeres-con-traslado-a-cancun-t657123/
México;cabo-san-lucas-l306;685710;Los Cabos Crucero Y Espectaculo Al Atardecer En Barco Pirata Con Cena;https://www.getyourguide.com/es-es/cabo-san-lucas-l306/los-cabos-crucero-y-espectaculo-al-atardecer-en-barco-pirata-con-cena-t685710/
México;playa-del-carmen-l308;706795;Playa Del Carmen Buceo En Cenotes Para Buceadores Certificados;https://www.getyourguide.com/es-es/playa-del-carmen-l308/playa-del-carmen-buceo-en-cenotes-para-buceadores-certificados-t706795/
México;playa-del-carmen-l308;411785;Riviera Maya Aventura En Las Cuevas Del Ecoparque Kantun Chi;https://www.getyourguide.com/es-es/playa-del-carmen-l308/riviera-maya-aventura-en-las-cuevas-del-ecoparque-kantun-chi-t411785/
México;cancun-l150;422014;Cancun Experiencia Privada De Sesion De Fotos En La Playa Escenica;https://www.getyourguide.com/es-es/cancun-l150/cancun-experiencia-privada-de-sesion-de-fotos-en-la-playa-escenica-t422014/
México;zihuatanejo-l1474;777534;Ixtapa Excursion De Snorkel A La Isla De Ixtapa;https://www.getyourguide.com/es-es/zihuatanejo-l1474/ixtapa-excursion-de-snorkel-a-la-isla-de-ixtapa-t777534/
México;ensenada-l545;801763;Ensenada Senderos Ocultos De Baja California Paseo A Caballo Con Vista Al Mar;https://www.getyourguide.com/es-es/ensenada-l545/ensenada-senderos-ocultos-de-baja-california-paseo-a-caballo-con-vista-al-mar-t801763/
México;municipio-oaxaca-de-juarez-l681;826072;Hierve El Agua Medio Dia;https://www.getyourguide.com/es-es/municipio-oaxaca-de-juarez-l681/hierve-el-agua-medio-dia-t826072/
México;cancun-l150;880929;Traslado Privado Atelier Playa Mujeres A Aeropuerto Cun;https://www.getyourguide.com/es-es/cancun-l150/traslado-privado-atelier-playa-mujeres-a-aeropuerto-cun-t880929/
México;municipio-de-teotihuacan-l165488;911989;Ciudad De Mexico Visita A Teotihuacan Brunch Y Xochimilco;https://www.getyourguide.com/es-es/municipio-de-teotihuacan-l165488/ciudad-de-mexico-visita-a-teotihuacan-brunch-y-xochimilco-t911989/
México;puerto-vallarta-l265;629270;Puerto Vallarta Traslado Del Aeropuerto Al Centro Y Zona Romantica;https://www.getyourguide.com/es-es/puerto-vallarta-l265/puerto-vallarta-traslado-del-aeropuerto-al-centro-y-zona-romantica-t629270/
México;puerto-morelos-l112372;676325;Puerto Morelos Esnorquel En Cenotes;https://www.getyourguide.com/es-es/puerto-morelos-l112372/puerto-morelos-esnorquel-en-cenotes-t676325/
México;playa-del-carmen-l308;703812;Playa Del Carmen Traslado Privado En Furgoneta A Chiquila Holbox;https://www.getyourguide.com/es-es/playa-del-carmen-l308/playa-del-carmen-traslado-privado-en-furgoneta-a-chiquila-holbox-t703812/
México;cabo-san-lucas-l306;96600;Cabo San Lucas Excursion Privada En Catamaran Con Snorkel;https://www.getyourguide.com/es-es/cabo-san-lucas-l306/cabo-san-lucas-excursion-privada-en-catamaran-con-snorkel-t96600/
México;san-jose-del-cabo-l967;730057;Traslado Privado De Ida Al Aeropuerto Al Complejo Turistico De San Jose Del Cabo;https://www.getyourguide.com/es-es/san-jose-del-cabo-l967/traslado-privado-de-ida-al-aeropuerto-al-complejo-turistico-de-san-jose-del-cabo-t730057/
México;ciudad-de-mexico-l194;748587;Ciudad De Mexico Museo Frida Kahlo Y Tour Gastronomico Y De Tacos De Coyoacan;https://www.getyourguide.com/es-es/ciudad-de-mexico-l194/ciudad-de-mexico-museo-frida-kahlo-y-tour-gastronomico-y-de-tacos-de-coyoacan-t748587/
México;cabo-san-lucas-l306;214872;Cabo San Lucas Excursion De Snorkel;https://www.getyourguide.com/es-es/cabo-san-lucas-l306/cabo-san-lucas-excursion-de-snorkel-t214872/
México;ciudad-de-mexico-l194;1136976;Desde Ciudad De Mexico Excursion Privada De 1 Dia A Tula Y Queretaro;https://www.getyourguide.com/es-es/ciudad-de-mexico-l194/desde-ciudad-de-mexico-excursion-privada-de-1-dia-a-tula-y-queretaro-t1136976/
México;villa-de-garcia-l197882;867557;Tour Cultural Grutas De Garcia;https://www.getyourguide.com/es-es/villa-de-garcia-l197882/tour-cultural-grutas-de-garcia-t867557/
México;progreso-l95507;1190999;Progreso Tour Gastronomico Yucateco Con Guia Local;https://www.getyourguide.com/es-es/progreso-l95507/progreso-tour-gastronomico-yucateco-con-guia-local-t1190999/
México;ciudad-de-mexico-l194;936967;Cdmx Excursion Privada En Bicicleta Por El Bosque De Chapultepec;https://www.getyourguide.com/es-es/ciudad-de-mexico-l194/cdmx-excursion-privada-en-bicicleta-por-el-bosque-de-chapultepec-t936967/
México;playa-del-carmen-l308;958304;Playa Del Carmen Chichen Itza Valladolid Cenote Y Buffet;https://www.getyourguide.com/es-es/playa-del-carmen-l308/playa-del-carmen-chichen-itza-valladolid-cenote-y-buffet-t958304/
México;tulum-l248;1233048;Cenotes Casa Tortuga Pase De 4 Cenotes;https://www.getyourguide.com/es-es/tulum-l248/cenotes-casa-tortuga-pase-de-4-cenotes-t1233048/
México;ciudad-de-mexico-l194;527275;Excursion Privada A Tepoztlan Ciudad De Mexico Explora Las Ruinas Antiguas;https://www.getyourguide.com/es-es/ciudad-de-mexico-l194/excursion-privada-a-tepoztlan-ciudad-de-mexico-explora-las-ruinas-antiguas-t527275/
México;teuchitlan-l92834;1274213;Guachimontones Tour Arqueologico Y Cata De Tequila;https://www.getyourguide.com/es-es/teuchitlan-l92834/guachimontones-tour-arqueologico-y-cata-de-tequila-t1274213/
México;santa-maria-huatulco-l781;1073856;Huatulco Snorkel Al Amanecer En Playa La Entrega;https://www.getyourguide.com/es-es/santa-maria-huatulco-l781/huatulco-snorkel-al-amanecer-en-playa-la-entrega-t1073856/
México;cancun-l150;1074774;Tour En Italiano Del Tiburon Ballena En Cancun;https://www.getyourguide.com/es-es/cancun-l150/tour-en-italiano-del-tiburon-ballena-en-cancun-t1074774/
México;cancun-l150;635233;Aeropuerto De Cancun A Hotel De Cancun Traslado Privado;https://www.getyourguide.com/es-es/cancun-l150/aeropuerto-de-cancun-a-hotel-de-cancun-traslado-privado-t635233/
México;guadalajara-l677;646050;Guadalajara Ticket De Entrada A Kidzania;https://www.getyourguide.com/es-es/guadalajara-l677/guadalajara-ticket-de-entrada-a-kidzania-t646050/
México;cancun-l150;649633;Exclusivo Tour Privado En Yate Por Isla Mujeres Y Cancun;https://www.getyourguide.com/es-es/cancun-l150/exclusivo-tour-privado-en-yate-por-isla-mujeres-y-cancun-t649633/
México;ciudad-de-mexico-l194;650202;Teotihuacan Gran Recorrido Expres;https://www.getyourguide.com/es-es/ciudad-de-mexico-l194/teotihuacan-gran-recorrido-expres-t650202/
México;cancun-l150;762624;Playa Del Carmen Traslado De Ida Compartido Al Aeropuerto De Cancun;https://www.getyourguide.com/es-es/cancun-l150/playa-del-carmen-traslado-de-ida-compartido-al-aeropuerto-de-cancun-t762624/
México;puerto-vallarta-l265;787838;Animas Colomitos Snorkeling Todo Incluido;https://www.getyourguide.com/es-es/puerto-vallarta-l265/animas-colomitos-snorkeling-todo-incluido-t787838/
México;san-miguel-de-allende-l2515;795410;San Miguel Allende Recorrido A Un Vinedo De La Ruta Del Vino De Guanajuato;https://www.getyourguide.com/es-es/san-miguel-de-allende-l2515/san-miguel-allende-recorrido-a-un-vinedo-de-la-ruta-del-vino-de-guanajuato-t795410/
México;zihuatanejo-l392;1216167;Ixtapa Zihuatanejo Snorkel Combo Tour 2 En 1 Privado Con Comida Snorkel;https://www.getyourguide.com/es-es/zihuatanejo-l392/ixtapa-zihuatanejo-snorkel-combo-tour-2-en-1-privado-con-comida-snorkel-t1216167/
México;ciudad-de-mexico-l194;382289;Ciudad De Mexico Autentica Clase De Cocina Mexicana Y Recorrido Por El Mercado;https://www.getyourguide.com/es-es/ciudad-de-mexico-l194/ciudad-de-mexico-autentica-clase-de-cocina-mexicana-y-recorrido-por-el-mercado-t382289/
México;guadalajara-l677;385358;Guadalajara Recorrido Cultural Charro Y Charreada Mexicana;https://www.getyourguide.com/es-es/guadalajara-l677/guadalajara-recorrido-cultural-charro-y-charreada-mexicana-t385358/
México;ciudad-de-mexico-l194;388967;Ciudad De Mexico Tour A Pie Guiado Por Juarez Roma Y Condesa;https://www.getyourguide.com/es-es/ciudad-de-mexico-l194/ciudad-de-mexico-tour-a-pie-guiado-por-juarez-roma-y-condesa-t388967/
México;mahahual-l168421;857262;Costa Maya Yaya Beach Break Barra Libre Y Cabana Vip Opcional;https://www.getyourguide.com/es-es/mahahual-l168421/costa-maya-yaya-beach-break-barra-libre-y-cabana-vip-opcional-t857262/
México;merida-l1903;435256;Chichen Pueblos Magicos Izamal Valladolid Y Cenote;https://www.getyourguide.com/es-es/merida-l1903/chichen-pueblos-magicos-izamal-valladolid-y-cenote-t435256/
México;cancun-l150;880988;Traslado Privado Dreams Playa Mujeres Golf Spa Al Aeropuerto Cun;https://www.getyourguide.com/es-es/cancun-l150/traslado-privado-dreams-playa-mujeres-golf-spa-al-aeropuerto-cun-t880988/
México;capulalpam-de-mendez-l207615;1275302;Oaxaca Sierra Juarez Naturaleza Cultura Zapoteca Y Medicina Tradicional;https://www.getyourguide.com/es-es/capulalpam-de-mendez-l207615/oaxaca-sierra-juarez-naturaleza-cultura-zapoteca-y-medicina-tradicional-t1275302/
México;san-cristobal-de-las-casas-l2166;458025;San Cristobalguia De Amatenango Chiflon Y Montebello;https://www.getyourguide.com/es-es/san-cristobal-de-las-casas-l2166/san-cristobalguia-de-amatenango-chiflon-y-montebello-t458025/
México;ciudad-de-mexico-l194;927850;Cdmx Tour Por Teotihuacan Tlatelolco Y Guadalupe;https://www.getyourguide.com/es-es/ciudad-de-mexico-l194/cdmx-tour-por-teotihuacan-tlatelolco-y-guadalupe-t927850/
México;ciudad-de-mexico-l194;957425;Ciudad De Mexico Xochimilco Coyoacan Y Frida Kahlo Con Almuerzo;https://www.getyourguide.com/es-es/ciudad-de-mexico-l194/ciudad-de-mexico-xochimilco-coyoacan-y-frida-kahlo-con-almuerzo-t957425/
México;ciudad-de-mexico-l194;958459;Ciudad De Mexico Teotihuacan Tlatelolco Y Basilica De Guadalupe;https://www.getyourguide.com/es-es/ciudad-de-mexico-l194/ciudad-de-mexico-teotihuacan-tlatelolco-y-basilica-de-guadalupe-t958459/
México;ciudad-de-mexico-l194;959212;Desde Cdmx Tour De 1 Dia Por La Basilica De Guadalupe Y Teotihuacan;https://www.getyourguide.com/es-es/ciudad-de-mexico-l194/desde-cdmx-tour-de-1-dia-por-la-basilica-de-guadalupe-y-teotihuacan-t959212/
México;playa-del-carmen-l308;515182;Exclusiva Expedicion De Naturaleza De Dia Completo En Sian Ka An;https://www.getyourguide.com/es-es/playa-del-carmen-l308/exclusiva-expedicion-de-naturaleza-de-dia-completo-en-sian-ka-an-t515182/
México;cabo-san-lucas-l306;527423;Cabo San Lucas Excursion Para Principiantes En Quad Por La Playa Y El Desierto De Migrino;https://www.getyourguide.com/es-es/cabo-san-lucas-l306/cabo-san-lucas-excursion-para-principiantes-en-quad-por-la-playa-y-el-desierto-de-migrino-t527423/
México;lacan-tun-l181968;529439;Desde Palenque Rafting Caminata En Selva Y Bonampak;https://www.getyourguide.com/es-es/lacan-tun-l181968/desde-palenque-rafting-caminata-en-selva-y-bonampak-t529439/
México;municipio-oaxaca-de-juarez-l681;8191;Tour Por Monte Alban Desde Oaxaca;https://www.getyourguide.com/es-es/municipio-oaxaca-de-juarez-l681/tour-por-monte-alban-desde-oaxaca-t8191/
México;holbox-l189767;553300;Holbox Excursion A Las Tres Islas;https://www.getyourguide.com/es-es/holbox-l189767/holbox-excursion-a-las-tres-islas-t553300/
México;puebla-l1471;556815;Volcan Iztaccihuatl Popo Excursion De Senderismo De Dia Completo;https://www.getyourguide.com/es-es/puebla-l1471/volcan-iztaccihuatl-popo-excursion-de-senderismo-de-dia-completo-t556815/
México;ciudad-de-mexico-l194;577590;Museo Nacional De Antropologia Visita Destacada Privada;https://www.getyourguide.com/es-es/ciudad-de-mexico-l194/museo-nacional-de-antropologia-visita-destacada-privada-t577590/
México;municipio-oaxaca-de-juarez-l681;587083;Oaxaca Cata De Mezcal Ancestral En El Valle De Ocotlan;https://www.getyourguide.com/es-es/municipio-oaxaca-de-juarez-l681/oaxaca-cata-de-mezcal-ancestral-en-el-valle-de-ocotlan-t587083/
México;zihuatanejo-l392;658438;Zihuatanejo Ixtapa Excursion Al Campo;https://www.getyourguide.com/es-es/zihuatanejo-l392/zihuatanejo-ixtapa-excursion-al-campo-t658438/
México;puerto-morelos-l112372;676192;Puerto Morelos Sesion De Videografia Fotografica Con Drones;https://www.getyourguide.com/es-es/puerto-morelos-l112372/puerto-morelos-sesion-de-videografia-fotografica-con-drones-t676192/
México;ciudad-de-mexico-l194;1099099;Ciudad De Mexico Tour Por Taxco Cuernavaca Y Los Criptojudios;https://www.getyourguide.com/es-es/ciudad-de-mexico-l194/ciudad-de-mexico-tour-por-taxco-cuernavaca-y-los-criptojudios-t1099099/
México;san-miguel-de-cozumel-l141611;677867;Cozumel Snuba Cozumel Aventura Submarina;https://www.getyourguide.com/es-es/san-miguel-de-cozumel-l141611/cozumel-snuba-cozumel-aventura-submarina-t677867/
México;puerto-vallarta-l265;682457;Puerto Vallarta Yelapa Colimilla Cascada Tour Privado;https://www.getyourguide.com/es-es/puerto-vallarta-l265/puerto-vallarta-yelapa-colimilla-cascada-tour-privado-t682457/
México;huamantla-l201416;385920;Desde Puebla Globo Aerostatico Con Desayuno En Huamantla;https://www.getyourguide.com/es-es/huamantla-l201416/desde-puebla-globo-aerostatico-con-desayuno-en-huamantla-t385920/
México;palenque-chiapas-l179804;694576;Palenque Recorrido Por La Cascada De Roberto Barrios;https://www.getyourguide.com/es-es/palenque-chiapas-l179804/palenque-recorrido-por-la-cascada-de-roberto-barrios-t694576/
México;cancun-l150;703661;Cancun Traslado En Furgoneta Privada A Playa Del Carmen;https://www.getyourguide.com/es-es/cancun-l150/cancun-traslado-en-furgoneta-privada-a-playa-del-carmen-t703661/
México;puerto-vallarta-l265;706984;Yelapa Crucero En Catamaran Con Comida Y Barra Libre;https://www.getyourguide.com/es-es/puerto-vallarta-l265/yelapa-crucero-en-catamaran-con-comida-y-barra-libre-t706984/
México;cabo-san-lucas-l306;399932;Cabo San Lucas Snorkel Y Excursion En Barco Con Barra Libre;https://www.getyourguide.com/es-es/cabo-san-lucas-l306/cabo-san-lucas-snorkel-y-excursion-en-barco-con-barra-libre-t399932/
México;cancun-l150;404040;Cancun Experiencia En La Discoteca Coco Bongo;https://www.getyourguide.com/es-es/cancun-l150/cancun-experiencia-en-la-discoteca-coco-bongo-t404040/
México;municipio-oaxaca-de-juarez-l681;714632;Oaxaca Mezcal Voces Barrilbus;https://www.getyourguide.com/es-es/municipio-oaxaca-de-juarez-l681/oaxaca-mezcal-voces-barrilbus-t714632/
México;santa-maria-huatulco-l781;722010;Huatulco Tour En Barco Por Las 7 Bahias Con Snorkel Y Comida;https://www.getyourguide.com/es-es/santa-maria-huatulco-l781/huatulco-tour-en-barco-por-las-7-bahias-con-snorkel-y-comida-t722010/
México;merida-l1903;728436;Chichen Itza Izamal Cenote;https://www.getyourguide.com/es-es/merida-l1903/chichen-itza-izamal-cenote-t728436/
México;ensenada-l545;749248;Ensenada Cata De Vino Y Chocolate En La Cava;https://www.getyourguide.com/es-es/ensenada-l545/ensenada-cata-de-vino-y-chocolate-en-la-cava-t749248/
México;cancun-l150;427726;Cancun Aventura En Los Cenotes Con Tirolinas Y Tablas De Paddle Surf;https://www.getyourguide.com/es-es/cancun-l150/cancun-aventura-en-los-cenotes-con-tirolinas-y-tablas-de-paddle-surf-t427726/
México;tulum-l248;1183571;Tulum Degustacion De Cafe Mexicano Y Chocolate Fino;https://www.getyourguide.com/es-es/tulum-l248/tulum-degustacion-de-cafe-mexicano-y-chocolate-fino-t1183571/
México;bacalar-l95624;496384;Tour De Medio Dia A Las Ruinas Mayas De Becan Desde Bacalar O Chetumal;https://www.getyourguide.com/es-es/bacalar-l95624/tour-de-medio-dia-a-las-ruinas-mayas-de-becan-desde-bacalar-o-chetumal-t496384/
México;puerto-vallarta-l265;840803;Puerto Vallarta Tour De Aventura En Bicicletas Electricas Y Tacos;https://www.getyourguide.com/es-es/puerto-vallarta-l265/puerto-vallarta-tour-de-aventura-en-bicicletas-electricas-y-tacos-t840803/
México;ciudad-de-mexico-l194;527216;Excursion A Las Artes Ocultas De Ciudad De Mexico Privada Y Todo Incluido;https://www.getyourguide.com/es-es/ciudad-de-mexico-l194/excursion-a-las-artes-ocultas-de-ciudad-de-mexico-privada-y-todo-incluido-t527216/
México;san-miguel-de-allende-l2515;533975;Transportacion Aeropuerto De Queretaro A San Miguel De Allende;https://www.getyourguide.com/es-es/san-miguel-de-allende-l2515/transportacion-aeropuerto-de-queretaro-a-san-miguel-de-allende-t533975/
México;santa-maria-huatulco-l781;538346;Huatulco Experiencia Privada En Una Fabrica De Mezcal;https://www.getyourguide.com/es-es/santa-maria-huatulco-l781/huatulco-experiencia-privada-en-una-fabrica-de-mezcal-t538346/
México;ciudad-de-mexico-l194;882452;Museo De Antropologia;https://www.getyourguide.com/es-es/ciudad-de-mexico-l194/museo-de-antropologia-t882452/
México;ciudad-de-mexico-l194;1266216;Ciudad De Mexico Taller De Pintura De Alebrijes Con Un Artesano Local;https://www.getyourguide.com/es-es/ciudad-de-mexico-l194/ciudad-de-mexico-taller-de-pintura-de-alebrijes-con-un-artesano-local-t1266216/
México;veracruz-l683;890513;Desde Veracruz Excursion De Un Dia A Xalapa Y Coatepec;https://www.getyourguide.com/es-es/veracruz-l683/desde-veracruz-excursion-de-un-dia-a-xalapa-y-coatepec-t890513/
México;rio-lagartos-l146496;911818;Yucatan Tour En Barco Por La Reserva De La Biosfera Rio Lagartos;https://www.getyourguide.com/es-es/rio-lagartos-l146496/yucatan-tour-en-barco-por-la-reserva-de-la-biosfera-rio-lagartos-t911818/
México;puerto-vallarta-l265;629314;Puerto Vallarta Traslado Privado Del Aeropuerto A Boca De Tomatlan;https://www.getyourguide.com/es-es/puerto-vallarta-l265/puerto-vallarta-traslado-privado-del-aeropuerto-a-boca-de-tomatlan-t629314/
México;puerto-escondido-l32155;645963;Puerto Escondido Tratamiento Temazcal Completo;https://www.getyourguide.com/es-es/puerto-escondido-l32155/puerto-escondido-tratamiento-temazcal-completo-t645963/
México;ciudad-de-mexico-l194;957622;Ciudad De Mexico Tour De Medio Dia Por La Manana A Teotihuacan Con Almuerzo;https://www.getyourguide.com/es-es/ciudad-de-mexico-l194/ciudad-de-mexico-tour-de-medio-dia-por-la-manana-a-teotihuacan-con-almuerzo-t957622/
México;ciudad-de-mexico-l194;661997;Muralismo Mexicano Con Un Verdadero Amante Del Arte;https://www.getyourguide.com/es-es/ciudad-de-mexico-l194/muralismo-mexicano-con-un-verdadero-amante-del-arte-t661997/
México;cancun-l150;671087;Desde Cancun 2 Inmersiones En El Cenote Dos Ojos Para Buceadores Certificados;https://www.getyourguide.com/es-es/cancun-l150/desde-cancun-2-inmersiones-en-el-cenote-dos-ojos-para-buceadores-certificados-t671087/
México;tulum-l248;671649;Riviera Maya Tour Por Los Antiguos Canales Mayas De La Reserva De Sian Ka An;https://www.getyourguide.com/es-es/tulum-l248/riviera-maya-tour-por-los-antiguos-canales-mayas-de-la-reserva-de-sian-ka-an-t671649/
México;valladolid-mexico-l101556;685066;Valladolid Chichen Itza Y 2 Cenotes Tour Compartido;https://www.getyourguide.com/es-es/valladolid-mexico-l101556/valladolid-chichen-itza-y-2-cenotes-tour-compartido-t685066/
México;cancun-l150;694925;Cancun Centro A Holbox Transbordador Compartido;https://www.getyourguide.com/es-es/cancun-l150/cancun-centro-a-holbox-transbordador-compartido-t694925/
México;acapulco-de-juarez-l307;742604;Acapulco Tour En Barco Con Fondo De Cristal A La Isla De La Roqueta;https://www.getyourguide.com/es-es/acapulco-de-juarez-l307/acapulco-tour-en-barco-con-fondo-de-cristal-a-la-isla-de-la-roqueta-t742604/
México;cancun-l150;743974;Cancun Merida Transporte Privado;https://www.getyourguide.com/es-es/cancun-l150/cancun-merida-transporte-privado-t743974/
México;cancun-l150;772073;Aeropuerto De Cancun Traslados Privados Desdehacia Akumal Half Moon;https://www.getyourguide.com/es-es/cancun-l150/aeropuerto-de-cancun-traslados-privados-desdehacia-akumal-half-moon-t772073/
México;san-jose-del-cabo-l967;821853;San Jose Del Cabo Experiencia De Avistamiento De Ballenas;https://www.getyourguide.com/es-es/san-jose-del-cabo-l967/san-jose-del-cabo-experiencia-de-avistamiento-de-ballenas-t821853/
México;ciudad-de-mexico-l194;202252;Ciudad De Mexico Experiencia Historica En Bicicleta Por Chapultepec Y Reforma;https://www.getyourguide.com/es-es/ciudad-de-mexico-l194/ciudad-de-mexico-experiencia-historica-en-bicicleta-por-chapultepec-y-reforma-t202252/
México;cancun-l150;230237;Cancun Clase De Cocina Y Visita Al Mercado Con Transporte;https://www.getyourguide.com/es-es/cancun-l150/cancun-clase-de-cocina-y-visita-al-mercado-con-transporte-t230237/
México;santa-maria-huatulco-l781;1097478;Huatulco Celebracion Del Dia De Muertos Con Cena;https://www.getyourguide.com/es-es/santa-maria-huatulco-l781/huatulco-celebracion-del-dia-de-muertos-con-cena-t1097478/
México;ciudad-de-mexico-l194;1133082;Tour A Pie Cdmx Mezcales Pulques Y Tequilas En El Centro Historico;https://www.getyourguide.com/es-es/ciudad-de-mexico-l194/tour-a-pie-cdmx-mezcales-pulques-y-tequilas-en-el-centro-historico-t1133082/
México;cancun-l150;397315;Cancun Buceo Para Buzos Certificados En 2 Locaciones;https://www.getyourguide.com/es-es/cancun-l150/cancun-buceo-para-buzos-certificados-en-2-locaciones-t397315/
México;mismaloya-l190181;911957;Mismaloya Esnorquel Salto De Acantilados Y Excursion A La Playa;https://www.getyourguide.com/es-es/mismaloya-l190181/mismaloya-esnorquel-salto-de-acantilados-y-excursion-a-la-playa-t911957/
México;ciudad-de-mexico-l194;933576;Cdmx Espectaculo De Flamenco En Vivo Y Cena;https://www.getyourguide.com/es-es/ciudad-de-mexico-l194/cdmx-espectaculo-de-flamenco-en-vivo-y-cena-t933576/
México;ciudad-de-mexico-l194;420887;Ciudad De Mexico Historia En Los Muros Tour A Pie Por Los Murales Mexicanos;https://www.getyourguide.com/es-es/ciudad-de-mexico-l194/ciudad-de-mexico-historia-en-los-muros-tour-a-pie-por-los-murales-mexicanos-t420887/
México;monterrey-l679;451073;San Pedro Grutas De Garcia Y Tour De La Ciudad Con Teleferico;https://www.getyourguide.com/es-es/monterrey-l679/san-pedro-grutas-de-garcia-y-tour-de-la-ciudad-con-teleferico-t451073/
México;ciudad-de-mexico-l194;1196700;Mis Pulquerias Favoritas Bebe Como Un Dios Mexicano Cdmx;https://www.getyourguide.com/es-es/ciudad-de-mexico-l194/mis-pulquerias-favoritas-bebe-como-un-dios-mexicano-cdmx-t1196700/
México;merida-l1903;462452;Ruta A Pie Por Merida;https://www.getyourguide.com/es-es/merida-l1903/ruta-a-pie-por-merida-t462452/
México;santa-maria-huatulco-l781;468414;Desde Huatulco Cascadas Magicas Con Entrada;https://www.getyourguide.com/es-es/santa-maria-huatulco-l781/desde-huatulco-cascadas-magicas-con-entrada-t468414/
México;merida-l1903;474554;Traslado Privado Al Aeropuerto De Merida;https://www.getyourguide.com/es-es/merida-l1903/traslado-privado-al-aeropuerto-de-merida-t474554/
México;sayulita-l32371;1060961;Puerto Vallarta Barco Privado Con Toboganes Y Todo Incluido;https://www.getyourguide.com/es-es/sayulita-l32371/puerto-vallarta-barco-privado-con-toboganes-y-todo-incluido-t1060961/
México;rio-lagartos-l146496;1241370;Aventura Guiada En Kayak Por Los Manglares Y La Fauna De Ria Lagartos;https://www.getyourguide.com/es-es/rio-lagartos-l146496/aventura-guiada-en-kayak-por-los-manglares-y-la-fauna-de-ria-lagartos-t1241370/
México;tulum-l248;529559;Tulum Bucea En Los Cenotes Misticos;https://www.getyourguide.com/es-es/tulum-l248/tulum-bucea-en-los-cenotes-misticos-t529559/
México;teuchitlan-l92834;535150;Tour Privado A Tequilaguachimontones;https://www.getyourguide.com/es-es/teuchitlan-l92834/tour-privado-a-tequilaguachimontones-t535150/
México;ciudad-de-mexico-l194;1084748;Lo Mejor De Roma Sur Food Crawl En La Ciudad De Mexico;https://www.getyourguide.com/es-es/ciudad-de-mexico-l194/lo-mejor-de-roma-sur-food-crawl-en-la-ciudad-de-mexico-t1084748/
México;queretaro-l1170;1110365;Queretaro Tour De Queso Y Vino En Ingles;https://www.getyourguide.com/es-es/queretaro-l1170/queretaro-tour-de-queso-y-vino-en-ingles-t1110365/
México;guaymas-l153986;609758;Sonora Recorrido Por La Playa Y Mirador De San Carlos;https://www.getyourguide.com/es-es/guaymas-l153986/sonora-recorrido-por-la-playa-y-mirador-de-san-carlos-t609758/
México;ciudad-de-mexico-l194;646039;Ciudad De Mexico Kidzania Cuicuilco Ticket De Entrada;https://www.getyourguide.com/es-es/ciudad-de-mexico-l194/ciudad-de-mexico-kidzania-cuicuilco-ticket-de-entrada-t646039/
México;cabo-san-lucas-l306;662025;Playa Utv Y Paseo En Camello Combo En Cabo By Cactus Tours Park;https://www.getyourguide.com/es-es/cabo-san-lucas-l306/playa-utv-y-paseo-en-camello-combo-en-cabo-by-cactus-tours-park-t662025/
México;akumal-l2807;1172299;Akumal Nada Con Tortugas Y En Corales Con Sesion Fotografica De Recuerdos;https://www.getyourguide.com/es-es/akumal-l2807/akumal-nada-con-tortugas-y-en-corales-con-sesion-fotografica-de-recuerdos-t1172299/
México;playa-del-carmen-l308;703799;Playa Del Carmen Traslado En Furgoneta Privada A Tulum;https://www.getyourguide.com/es-es/playa-del-carmen-l308/playa-del-carmen-traslado-en-furgoneta-privada-a-tulum-t703799/
México;ciudad-de-mexico-l194;728034;Ciudad De Mexico Clase De Acroyoga En El Parque De Chapultepec;https://www.getyourguide.com/es-es/ciudad-de-mexico-l194/ciudad-de-mexico-clase-de-acroyoga-en-el-parque-de-chapultepec-t728034/
México;municipio-oaxaca-de-juarez-l681;742138;Oaxaca Monte Alban Hierve El Agua Mezcal Y Teotitlan;https://www.getyourguide.com/es-es/municipio-oaxaca-de-juarez-l681/oaxaca-monte-alban-hierve-el-agua-mezcal-y-teotitlan-t742138/
México;playa-del-carmen-l308;102719;Experiencia Atv Xtreme Y Tirolina;https://www.getyourguide.com/es-es/playa-del-carmen-l308/experiencia-atv-xtreme-y-tirolina-t102719/
México;municipio-oaxaca-de-juarez-l681;757507;Oaxaca Prueba El Mole Y Los Autenticos Sabores Mexicanos;https://www.getyourguide.com/es-es/municipio-oaxaca-de-juarez-l681/oaxaca-prueba-el-mole-y-los-autenticos-sabores-mexicanos-t757507/
México;ciudad-de-mexico-l194;1240068;Cdmx Lucha Libre Cena En Garibaldi Y Museo Del Tequila;https://www.getyourguide.com/es-es/ciudad-de-mexico-l194/cdmx-lucha-libre-cena-en-garibaldi-y-museo-del-tequila-t1240068/
México;mismaloya-l190181;1243979;Puerto Vallarta Aves Del Paraiso Tropical;https://www.getyourguide.com/es-es/mismaloya-l190181/puerto-vallarta-aves-del-paraiso-tropical-t1243979/
México;cancun-l150;429155;Cancun Museo Maya Y Sitio De San Miguelito;https://www.getyourguide.com/es-es/cancun-l150/cancun-museo-maya-y-sitio-de-san-miguelito-t429155/
México;guadalajara-l677;1280102;Cabalgata En Fabrica Tequilera En Los Altos De Jalisco;https://www.getyourguide.com/es-es/guadalajara-l677/cabalgata-en-fabrica-tequilera-en-los-altos-de-jalisco-t1280102/
México;puerto-vallarta-l265;870749;Puerto Vallarta Avistamiento De Ballenas En Catamaran;https://www.getyourguide.com/es-es/puerto-vallarta-l265/puerto-vallarta-avistamiento-de-ballenas-en-catamaran-t870749/
México;cancun-l150;879566;Transporte Privado Del Aeropuerto De Cun A The Westin Resort Spa;https://www.getyourguide.com/es-es/cancun-l150/transporte-privado-del-aeropuerto-de-cun-a-the-westin-resort-spa-t879566/
México;cabo-san-lucas-l306;886401;Crucero En Catamaran Por Cabo San Lucas Esnorquel O Aventura Al Atardecer;https://www.getyourguide.com/es-es/cabo-san-lucas-l306/crucero-en-catamaran-por-cabo-san-lucas-esnorquel-o-aventura-al-atardecer-t886401/
México;san-miguel-de-cozumel-l141611;474492;Cozumel Excursion En Barco Con Fondo De Cristal;https://www.getyourguide.com/es-es/san-miguel-de-cozumel-l141611/cozumel-excursion-en-barco-con-fondo-de-cristal-t474492/
México;san-miguel-de-allende-l2515;954497;Tour Culinario San Miguel Bocado A Bocado;https://www.getyourguide.com/es-es/san-miguel-de-allende-l2515/tour-culinario-san-miguel-bocado-a-bocado-t954497/
México;ciudad-de-mexico-l194;959289;Desde Cdmx Excursion Privada A Teotihuacan;https://www.getyourguide.com/es-es/ciudad-de-mexico-l194/desde-cdmx-excursion-privada-a-teotihuacan-t959289/
México;cabo-san-lucas-l306;15563;Snorkel Y Aventura Marina En Cabo San Lucas;https://www.getyourguide.com/es-es/cabo-san-lucas-l306/snorkel-y-aventura-marina-en-cabo-san-lucas-t15563/
México;cancun-l150;504294;Traslado De Ida Del Aeropuerto De Cancun A Tulum;https://www.getyourguide.com/es-es/cancun-l150/traslado-de-ida-del-aeropuerto-de-cancun-a-tulum-t504294/
México;santa-maria-huatulco-l781;507466;Desde Huatulco Excursion Al Pueblo Magico De Juquila;https://www.getyourguide.com/es-es/santa-maria-huatulco-l781/desde-huatulco-excursion-al-pueblo-magico-de-juquila-t507466/
México;puerto-angel-l193335;537680;Puerto Angel Transporte Privado Desdehacia El Aeropuerto;https://www.getyourguide.com/es-es/puerto-angel-l193335/puerto-angel-transporte-privado-desdehacia-el-aeropuerto-t537680/
México;puebla-l1471;1034333;Puebla Y Cholula Barroco Piramides E Iglesias;https://www.getyourguide.com/es-es/puebla-l1471/puebla-y-cholula-barroco-piramides-e-iglesias-t1034333/
México;ciudad-de-mexico-l194;1045774;Ciudad De Mexico Tour A Pie En El Centro Una Vista Del Pasado Al Presente;https://www.getyourguide.com/es-es/ciudad-de-mexico-l194/ciudad-de-mexico-tour-a-pie-en-el-centro-una-vista-del-pasado-al-presente-t1045774/
México;ciudad-de-mexico-l194;1072593;Tour Templo Mayor Y Vr Experience Tenochtitlan;https://www.getyourguide.com/es-es/ciudad-de-mexico-l194/tour-templo-mayor-y-vr-experience-tenochtitlan-t1072593/
México;puebla-l1471;383309;Puebla Experiencia Privada De Un Dia En La Cumbre De La Malinche;https://www.getyourguide.com/es-es/puebla-l1471/puebla-experiencia-privada-de-un-dia-en-la-cumbre-de-la-malinche-t383309/
México;monterrey-l679;386465;Desde Monterrey Parapente Sierra De Santiago Con Recogida;https://www.getyourguide.com/es-es/monterrey-l679/desde-monterrey-parapente-sierra-de-santiago-con-recogida-t386465/
México;san-miguel-de-cozumel-l141611;398425;Cozumel Clase De Cocina Privada En Una Cocina Familiar;https://www.getyourguide.com/es-es/san-miguel-de-cozumel-l141611/cozumel-clase-de-cocina-privada-en-una-cocina-familiar-t398425/
México;municipio-oaxaca-de-juarez-l681;400055;Oaxaca Taller De Mixologia Con Mezcal Ecologico;https://www.getyourguide.com/es-es/municipio-oaxaca-de-juarez-l681/oaxaca-taller-de-mixologia-con-mezcal-ecologico-t400055/
México;zihuatanejo-l392;678324;Zihuatanejo Inmersion A La Luz De La Luna En Las Gatas;https://www.getyourguide.com/es-es/zihuatanejo-l392/zihuatanejo-inmersion-a-la-luz-de-la-luna-en-las-gatas-t678324/
México;villahermosa-l98274;691737;Villahermosa Airport Private Transfer To Tuxtla Gutierrez;https://www.getyourguide.com/es-es/villahermosa-l98274/villahermosa-airport-private-transfer-to-tuxtla-gutierrez-t691737/
México;municipio-oaxaca-de-juarez-l681;723320;Excursion De 2 Dias Al Canon De Apoala Charcas Y Cascadas;https://www.getyourguide.com/es-es/municipio-oaxaca-de-juarez-l681/excursion-de-2-dias-al-canon-de-apoala-charcas-y-cascadas-t723320/
México;cancun-l150;456721;Cancun Snorkel En Musa Y Arrecife Manchones;https://www.getyourguide.com/es-es/cancun-l150/cancun-snorkel-en-musa-y-arrecife-manchones-t456721/
México;santa-maria-huatulco-l781;1170392;Tour De Bahias En Huatulco Historias Y Snorkel En Playa Virgen;https://www.getyourguide.com/es-es/santa-maria-huatulco-l781/tour-de-bahias-en-huatulco-historias-y-snorkel-en-playa-virgen-t1170392/
México;tulum-l248;760992;Riviera Maya Tour De 1 Dia A 5 Cenotes Magicos;https://www.getyourguide.com/es-es/tulum-l248/riviera-maya-tour-de-1-dia-a-5-cenotes-magicos-t760992/
México;municipio-oaxaca-de-juarez-l681;770620;Arte Callejero Con Un Artista;https://www.getyourguide.com/es-es/municipio-oaxaca-de-juarez-l681/arte-callejero-con-un-artista-t770620/
México;municipio-oaxaca-de-juarez-l681;494208;Desde Oaxaca Visita Guiada Artesania Y Gastronomia;https://www.getyourguide.com/es-es/municipio-oaxaca-de-juarez-l681/desde-oaxaca-visita-guiada-artesania-y-gastronomia-t494208/
México;cancun-l150;521618;Desde Cancun Combo De 2 Dias Chichen Itza E Isla Mujeres;https://www.getyourguide.com/es-es/cancun-l150/desde-cancun-combo-de-2-dias-chichen-itza-e-isla-mujeres-t521618/
México;ciudad-de-mexico-l194;526613;Excursion A Teotihuacan En Ciudad De Mexico Privada Y Todo Incluido;https://www.getyourguide.com/es-es/ciudad-de-mexico-l194/excursion-a-teotihuacan-en-ciudad-de-mexico-privada-y-todo-incluido-t526613/
México;cancun-l150;531668;Cancun Lujo Y Elegancia A Bordo;https://www.getyourguide.com/es-es/cancun-l150/cancun-lujo-y-elegancia-a-bordo-t531668/
México;guadalajara-l677;1246092;Guadalajara Tour A Pie Por El Centro Historico Y Murales De Orozco;https://www.getyourguide.com/es-es/guadalajara-l677/guadalajara-tour-a-pie-por-el-centro-historico-y-murales-de-orozco-t1246092/
México;ciudad-de-mexico-l194;851505;Desde Cdmx Queretaro Guanajuato San Luis Potosi Zacatecas Guadalajara;https://www.getyourguide.com/es-es/ciudad-de-mexico-l194/desde-cdmx-queretaro-guanajuato-san-luis-potosi-zacatecas-guadalajara-t851505/
México;la-paz-mexico-l2930;872625; De La Paz A Los Cabos Un Viaje A Tu Ritmo ;https://www.getyourguide.com/es-es/la-paz-mexico-l2930/-de-la-paz-a-los-cabos-un-viaje-a-tu-ritmo--t872625/
México;boca-de-tomatlan-l165507;629885;Puerto Vallarta Excursion A La Cascada De Quimixto Y Tour En Barco;https://www.getyourguide.com/es-es/boca-de-tomatlan-l165507/puerto-vallarta-excursion-a-la-cascada-de-quimixto-y-tour-en-barco-t629885/
México;cabo-san-lucas-l306;1279881;Cabo San Lucas Arco Snorkel En Roca Pelicano Almuerzo Y Bebida En La Playa;https://www.getyourguide.com/es-es/cabo-san-lucas-l306/cabo-san-lucas-arco-snorkel-en-roca-pelicano-almuerzo-y-bebida-en-la-playa-t1279881/
México;ciudad-de-mexico-l194;649226;Ciudad De Mexico Ticket De Entrada Mystika Inmersivo;https://www.getyourguide.com/es-es/ciudad-de-mexico-l194/ciudad-de-mexico-ticket-de-entrada-mystika-inmersivo-t649226/
México;san-jose-del-cabo-l967;671865;Hotel Viaje Aeropuertohotel Aeropuerto;https://www.getyourguide.com/es-es/san-jose-del-cabo-l967/hotel-viaje-aeropuertohotel-aeropuerto-t671865/
México;puerto-vallarta-l265;681114;Puerto Vallarta Canopy Los Veranos Con Paseo En Lancha Rapida;https://www.getyourguide.com/es-es/puerto-vallarta-l265/puerto-vallarta-canopy-los-veranos-con-paseo-en-lancha-rapida-t681114/
México;tecoh-l149739;934106;Chichen Itza Tour Con Guia Experto;https://www.getyourguide.com/es-es/tecoh-l149739/chichen-itza-tour-con-guia-experto-t934106/
México;playa-del-carmen-l308;940491;Playa Del Carmen Social Pubcrawl Conoce A Otros Viajeros;https://www.getyourguide.com/es-es/playa-del-carmen-l308/playa-del-carmen-social-pubcrawl-conoce-a-otros-viajeros-t940491/
México;ciudad-de-mexico-l194;712029;Tour A Pie Centro Historico Ciudad De Mexico ;https://www.getyourguide.com/es-es/ciudad-de-mexico-l194/tour-a-pie-centro-historico-ciudad-de-mexico--t712029/
México;palenque-chiapas-l179804;740507;Paenque Excursion De 2 Dias A Metzabok Y Naha;https://www.getyourguide.com/es-es/palenque-chiapas-l179804/paenque-excursion-de-2-dias-a-metzabok-y-naha-t740507/
México;cancun-l150;14173;Cancun Crucero De Un Dia Completo A Isla Mujeres Con Baile;https://www.getyourguide.com/es-es/cancun-l150/cancun-crucero-de-un-dia-completo-a-isla-mujeres-con-baile-t14173/
México;temoaya-l208709;757518;Excursion De Un Dia Al Centro Ceremonial Otomi;https://www.getyourguide.com/es-es/temoaya-l208709/excursion-de-un-dia-al-centro-ceremonial-otomi-t757518/
México;ciudad-de-mexico-l194;28963;Ciudad De Mexico Tour A Puebla Cholula Y Tonantzintla Con Almuerzo;https://www.getyourguide.com/es-es/ciudad-de-mexico-l194/ciudad-de-mexico-tour-a-puebla-cholula-y-tonantzintla-con-almuerzo-t28963/
México;aguascalientes-l101538;1018519;Aguascalientes Con Ojos De Arquitectura Arte Historia Y Cafe;https://www.getyourguide.com/es-es/aguascalientes-l101538/aguascalientes-con-ojos-de-arquitectura-arte-historia-y-cafe-t1018519/
México;tulum-l248;1026225;Tulum Tour Al Cenote Dos Ojos Y Al Cenote Manati;https://www.getyourguide.com/es-es/tulum-l248/tulum-tour-al-cenote-dos-ojos-y-al-cenote-manati-t1026225/
México;puerto-morelos-l112372;800689;Puerto Morelos Aventura En Quad Por La Selva Tirolinas Y Cenote;https://www.getyourguide.com/es-es/puerto-morelos-l112372/puerto-morelos-aventura-en-quad-por-la-selva-tirolinas-y-cenote-t800689/
México;valladolid-mexico-l101556;1081830;Temazcal Y Cenote En Valladolid;https://www.getyourguide.com/es-es/valladolid-mexico-l101556/temazcal-y-cenote-en-valladolid-t1081830/
México;ciudad-de-mexico-l194;846456;Tour Privado Del Dia De Muertos En La Ciudad De Mexico;https://www.getyourguide.com/es-es/ciudad-de-mexico-l194/tour-privado-del-dia-de-muertos-en-la-ciudad-de-mexico-t846456/
México;santa-maria-huatulco-l781;329636;Aeropuerto De Huatulco Traslado Compartido De Ida Y Vuelta A Tu Hotel;https://www.getyourguide.com/es-es/santa-maria-huatulco-l781/aeropuerto-de-huatulco-traslado-compartido-de-ida-y-vuelta-a-tu-hotel-t329636/
México;cancun-l150;865039;Cancun Traslado Privado O Compartido Desde El Aeropuerto;https://www.getyourguide.com/es-es/cancun-l150/cancun-traslado-privado-o-compartido-desde-el-aeropuerto-t865039/
México;tulum-l248;865940;Cancun Central Comodo Transporte Adesde Tulum;https://www.getyourguide.com/es-es/tulum-l248/cancun-central-comodo-transporte-adesde-tulum-t865940/
México;mismaloya-l190181;869575;Puerto Vallarta Depredador Atv Y Tour Del Tequila;https://www.getyourguide.com/es-es/mismaloya-l190181/puerto-vallarta-depredador-atv-y-tour-del-tequila-t869575/
México;cabo-san-lucas-l306;410068;Cabo San Lucas Crucero En Barco Con Fondo De Cristal Y Cata De Tequila;https://www.getyourguide.com/es-es/cabo-san-lucas-l306/cabo-san-lucas-crucero-en-barco-con-fondo-de-cristal-y-cata-de-tequila-t410068/
México;muinicipio-de-tequila-l777;901213;Guadalajara Experiencia De Tequila En Casa Sauza;https://www.getyourguide.com/es-es/muinicipio-de-tequila-l777/guadalajara-experiencia-de-tequila-en-casa-sauza-t901213/
México;san-miguel-de-allende-l2515;1148372;San Miguel De Allende Tour Por Estudios De Arte Con Guia;https://www.getyourguide.com/es-es/san-miguel-de-allende-l2515/san-miguel-de-allende-tour-por-estudios-de-arte-con-guia-t1148372/
México;cancun-l150;953723;Jungala Aqua Experience;https://www.getyourguide.com/es-es/cancun-l150/jungala-aqua-experience-t953723/
México;merida-l1903;458048;Dzibichaltun Corchito Y Progreso;https://www.getyourguide.com/es-es/merida-l1903/dzibichaltun-corchito-y-progreso-t458048/
México;valle-de-bravo-l95795;460092;Valle De Bravo City Tour De Medio Dia Con Transportacion;https://www.getyourguide.com/es-es/valle-de-bravo-l95795/valle-de-bravo-city-tour-de-medio-dia-con-transportacion-t460092/
México;ciudad-de-mexico-l194;460600;Mexico Coyoacan Y Xochimilco Autobus Vw Barco Y Brunch Familia;https://www.getyourguide.com/es-es/ciudad-de-mexico-l194/mexico-coyoacan-y-xochimilco-autobus-vw-barco-y-brunch-familia-t460600/
México;celestun-l98208;1197872;Tour En Barco Por La Reserva De La Biosfera De Celestun Y Almuerzo;https://www.getyourguide.com/es-es/celestun-l98208/tour-en-barco-por-la-reserva-de-la-biosfera-de-celestun-y-almuerzo-t1197872/
México;playa-del-carmen-l308;985468;Taller De Bebidas Y Aperitivos Mexicanos En Playa Del Carmen;https://www.getyourguide.com/es-es/playa-del-carmen-l308/taller-de-bebidas-y-aperitivos-mexicanos-en-playa-del-carmen-t985468/
México;ciudad-de-mexico-l194;1069110;Ciudad De Mexico Tour Guiado Al Templo Mayor;https://www.getyourguide.com/es-es/ciudad-de-mexico-l194/ciudad-de-mexico-tour-guiado-al-templo-mayor-t1069110/
México;playa-del-carmen-l308;1274149;Playa Del Carmen Cenotes Carwash Y Buceo En Dreamgate;https://www.getyourguide.com/es-es/playa-del-carmen-l308/playa-del-carmen-cenotes-carwash-y-buceo-en-dreamgate-t1274149/
México;puerto-escondido-l32155;697175;Comida Y Mezcal;https://www.getyourguide.com/es-es/puerto-escondido-l32155/comida-y-mezcal-t697175/
México;bacalar-l95624;704256;Velero Privado 3 Horas Todo Incluido;https://www.getyourguide.com/es-es/bacalar-l95624/velero-privado-3-horas-todo-incluido-t704256/
México;tulum-l248;1177465;Tulum Visita Guiada A 4 Cenotes De Casa Tortuga Con Tiempo Libre;https://www.getyourguide.com/es-es/tulum-l248/tulum-visita-guiada-a-4-cenotes-de-casa-tortuga-con-tiempo-libre-t1177465/
México;puerto-vallarta-l265;43715;Aventura De Adrenalina Al Aire Libre En Puerto Vallarta;https://www.getyourguide.com/es-es/puerto-vallarta-l265/aventura-de-adrenalina-al-aire-libre-en-puerto-vallarta-t43715/
México;palenque-chiapas-l179804;1203854;Campeche Tour De 2 Dias A Palenque Sabancuy Y Palizada;https://www.getyourguide.com/es-es/palenque-chiapas-l179804/campeche-tour-de-2-dias-a-palenque-sabancuy-y-palizada-t1203854/
México;guadalajara-l677;809259;Guadalajara Gdl Aeropuerto Al Centrohoteles Traslado Privado;https://www.getyourguide.com/es-es/guadalajara-l677/guadalajara-gdl-aeropuerto-al-centrohoteles-traslado-privado-t809259/
México;cancun-l150;284542;Cancun Tour Guiado Con Acceso Temprano A Chichen Itza;https://www.getyourguide.com/es-es/cancun-l150/cancun-tour-guiado-con-acceso-temprano-a-chichen-itza-t284542/
México;ciudad-de-mexico-l194;857917;Ciudad De Mexico Visita A La Casa Estudio Frida Kahlo Diego Rivera;https://www.getyourguide.com/es-es/ciudad-de-mexico-l194/ciudad-de-mexico-visita-a-la-casa-estudio-frida-kahlo-diego-rivera-t857917/
México;cancun-l150;870371;Transporte Privado Del Aeropuerto Cun Al Hotel Krystal Cancun;https://www.getyourguide.com/es-es/cancun-l150/transporte-privado-del-aeropuerto-cun-al-hotel-krystal-cancun-t870371/
México;ciudad-de-mexico-l194;876068;Quetzalapan Chignahuapan Conoce La Fabrica De Esferas Y Sus Alrededores;https://www.getyourguide.com/es-es/ciudad-de-mexico-l194/quetzalapan-chignahuapan-conoce-la-fabrica-de-esferas-y-sus-alrededores-t876068/
México;ciudad-de-mexico-l194;1282763;Una Noche Bajo Las Estrellas Que No Olvidaras En Tolantongo Desde Ciudad Mx;https://www.getyourguide.com/es-es/ciudad-de-mexico-l194/una-noche-bajo-las-estrellas-que-no-olvidaras-en-tolantongo-desde-ciudad-mx-t1282763/
México;cabo-san-lucas-l306;421412;Cabo San Lucas Fiesta En Barco Solo Para Adultos Con Bebidas;https://www.getyourguide.com/es-es/cabo-san-lucas-l306/cabo-san-lucas-fiesta-en-barco-solo-para-adultos-con-bebidas-t421412/
México;bacalar-l95624;443752;Laguna Grill 4 Horas En Barco Privado Con Barbacoa A Bordo Y Bebidas;https://www.getyourguide.com/es-es/bacalar-l95624/laguna-grill-4-horas-en-barco-privado-con-barbacoa-a-bordo-y-bebidas-t443752/
México;bacalar-l95624;985540;Bacalar Clase De Yoga Desayuno En La Laguna De Los 7 Colores;https://www.getyourguide.com/es-es/bacalar-l95624/bacalar-clase-de-yoga-desayuno-en-la-laguna-de-los-7-colores-t985540/
México;tulum-l248;1003193;Tulum Ruins Snorkel At Reef And Cenote;https://www.getyourguide.com/es-es/tulum-l248/tulum-ruins-snorkel-at-reef-and-cenote-t1003193/
México;cabo-san-lucas-l306;22419;Crucero De 2 Horas Cabo Sunset Fajita;https://www.getyourguide.com/es-es/cabo-san-lucas-l306/crucero-de-2-horas-cabo-sunset-fajita-t22419/
México;cabo-san-lucas-l306;1038940;Cabo San Lucas Aventura De Pesca En El Phantom I Un Luhrs Cruiser De 9 Metros;https://www.getyourguide.com/es-es/cabo-san-lucas-l306/cabo-san-lucas-aventura-de-pesca-en-el-phantom-i-un-luhrs-cruiser-de-9-metros-t1038940/
México;ciudad-de-mexico-l194;548260;Tamales 101 Clase De Cocina Y Festin De Tamales Multivariados;https://www.getyourguide.com/es-es/ciudad-de-mexico-l194/tamales-101-clase-de-cocina-y-festin-de-tamales-multivariados-t548260/
México;acapulco-de-juarez-l307;116173;Acapulco Cabalgata Y Ceremonia De Liberacion De Tortuguitas;https://www.getyourguide.com/es-es/acapulco-de-juarez-l307/acapulco-cabalgata-y-ceremonia-de-liberacion-de-tortuguitas-t116173/
México;merida-l1903;556059;Tour Privado A Los Cenotes De Mucuyche Y Santa Barbara En Un Dia;https://www.getyourguide.com/es-es/merida-l1903/tour-privado-a-los-cenotes-de-mucuyche-y-santa-barbara-en-un-dia-t556059/
México;mahahual-l168421;581992;Costa Maya Clase De Cocina Degustacion De Margaritas Y Mezcal;https://www.getyourguide.com/es-es/mahahual-l168421/costa-maya-clase-de-cocina-degustacion-de-margaritas-y-mezcal-t581992/
México;municipio-oaxaca-de-juarez-l681;280342;Oaxaca El Arbol Del Tule Pueblo De Teotitlan Y Tour Del Mezcal;https://www.getyourguide.com/es-es/municipio-oaxaca-de-juarez-l681/oaxaca-el-arbol-del-tule-pueblo-de-teotitlan-y-tour-del-mezcal-t280342/
México;mahahual-l168421;609635;Excursion En Barco A Las Ruinas Mayas De Chacchoben Y La Laguna De Bacalar;https://www.getyourguide.com/es-es/mahahual-l168421/excursion-en-barco-a-las-ruinas-mayas-de-chacchoben-y-la-laguna-de-bacalar-t609635/
México;la-paz-mexico-l2930;609738;La Paz Excursion A La Isla Espiritu Santo;https://www.getyourguide.com/es-es/la-paz-mexico-l2930/la-paz-excursion-a-la-isla-espiritu-santo-t609738/
México;puerto-vallarta-l265;612161;Puerto Vallarta Aventura Rzr Con Cata De Tequila;https://www.getyourguide.com/es-es/puerto-vallarta-l265/puerto-vallarta-aventura-rzr-con-cata-de-tequila-t612161/
México;cabo-san-lucas-l306;334026;Cabo San Lucas Fiesta En Crucero Al Atardecer Con Barra Libre;https://www.getyourguide.com/es-es/cabo-san-lucas-l306/cabo-san-lucas-fiesta-en-crucero-al-atardecer-con-barra-libre-t334026/
México;san-miguel-de-allende-l2515;386009;San Miguel De Allende Aventura De Un Dia Completo En Un Rancho;https://www.getyourguide.com/es-es/san-miguel-de-allende-l2515/san-miguel-de-allende-aventura-de-un-dia-completo-en-un-rancho-t386009/
México;santa-maria-del-tule-l135627;1132678;Oaxaca Hierve El Agua Mitla Arbol Del Tule Mezcal;https://www.getyourguide.com/es-es/santa-maria-del-tule-l135627/oaxaca-hierve-el-agua-mitla-arbol-del-tule-mezcal-t1132678/
México;san-miguel-de-cozumel-l141611;407740;Cozumel Entrada General Al Parque Chankanaab;https://www.getyourguide.com/es-es/san-miguel-de-cozumel-l141611/cozumel-entrada-general-al-parque-chankanaab-t407740/
México;ciudad-de-mexico-l194;425721;Ciudad De Mexico Entrada Al Museo Frida Kahlo Con Guia Digital;https://www.getyourguide.com/es-es/ciudad-de-mexico-l194/ciudad-de-mexico-entrada-al-museo-frida-kahlo-con-guia-digital-t425721/
México;palenque-chiapas-l179804;432157;Palenque Viaje De 2 Dias A La Selva Lacandona Yaxchilan Y Bonampak;https://www.getyourguide.com/es-es/palenque-chiapas-l179804/palenque-viaje-de-2-dias-a-la-selva-lacandona-yaxchilan-y-bonampak-t432157/
México;mahahual-l168421;701182;Tour En Barco Por La Laguna De Bacalar Desde Costa Maya;https://www.getyourguide.com/es-es/mahahual-l168421/tour-en-barco-por-la-laguna-de-bacalar-desde-costa-maya-t701182/
México;guadalajara-l677;1180073;Guadalajara Tour Del Tequila Con Visita A Destileria Y Degustacion;https://www.getyourguide.com/es-es/guadalajara-l677/guadalajara-tour-del-tequila-con-visita-a-destileria-y-degustacion-t1180073/
México;puerto-vallarta-l265;732161;Puerto Vallarta Aventura De Pesca Privada Superpanga De 30 Pies;https://www.getyourguide.com/es-es/puerto-vallarta-l265/puerto-vallarta-aventura-de-pesca-privada-superpanga-de-30-pies-t732161/
México;san-jose-del-cabo-l967;734409;San Jose Del Cabo Traslado Al Aeropuerto Premium;https://www.getyourguide.com/es-es/san-jose-del-cabo-l967/san-jose-del-cabo-traslado-al-aeropuerto-premium-t734409/
México;palenque-chiapas-l179804;1187395;Palenque Waterfalls Buffalo Birdwatching A Soulful Immersion;https://www.getyourguide.com/es-es/palenque-chiapas-l179804/palenque-waterfalls-buffalo-birdwatching-a-soulful-immersion-t1187395/
México;puerto-vallarta-l265;784061;Puerto Vallarta Esnorquel En Los Arcos Las Animas Y Quimixto;https://www.getyourguide.com/es-es/puerto-vallarta-l265/puerto-vallarta-esnorquel-en-los-arcos-las-animas-y-quimixto-t784061/
México;san-miguel-de-cozumel-l141611;804661;Cozumel Estrellas De Mar Rayas Y Esnorquel En El Cielo;https://www.getyourguide.com/es-es/san-miguel-de-cozumel-l141611/cozumel-estrellas-de-mar-rayas-y-esnorquel-en-el-cielo-t804661/
México;cabo-pulmo-l117915;556798;Buceo En El Parque Nacional Marino De Cabo Pulmo;https://www.getyourguide.com/es-es/cabo-pulmo-l117915/buceo-en-el-parque-nacional-marino-de-cabo-pulmo-t556798/
México;holbox-l189767;871938;Magico Amanecer En Isla Holbox Vip Cafe Desayuno Ligero;https://www.getyourguide.com/es-es/holbox-l189767/magico-amanecer-en-isla-holbox-vip-cafe-desayuno-ligero-t871938/
México;palenque-chiapas-l179804;601632;Palenque Excursion De 2 Dias A Yaxchilan Y Bonampak;https://www.getyourguide.com/es-es/palenque-chiapas-l179804/palenque-excursion-de-2-dias-a-yaxchilan-y-bonampak-t601632/
México;municipio-de-morelia-l103020;885738;Patzcuaro Tradicional;https://www.getyourguide.com/es-es/municipio-de-morelia-l103020/patzcuaro-tradicional-t885738/
México;municipio-oaxaca-de-juarez-l681;613679;Oaxaca Tour Gastronomico Por Los Mercados De Abastos;https://www.getyourguide.com/es-es/municipio-oaxaca-de-juarez-l681/oaxaca-tour-gastronomico-por-los-mercados-de-abastos-t613679/
México;cancun-l150;1292492;Desde Cancun Escapate Al Caribe Con La Entrada Al Parque Garrafon;https://www.getyourguide.com/es-es/cancun-l150/desde-cancun-escapate-al-caribe-con-la-entrada-al-parque-garrafon-t1292492/
México;palenque-chiapas-l179804;1298666;Visita Agua Azul Y Misol Ha Con Almuerzo Incluido;https://www.getyourguide.com/es-es/palenque-chiapas-l179804/visita-agua-azul-y-misol-ha-con-almuerzo-incluido-t1298666/
México;puerto-escondido-l32155;653767;Desde Oaxaca Un Dia En Puerto Escondido;https://www.getyourguide.com/es-es/puerto-escondido-l32155/desde-oaxaca-un-dia-en-puerto-escondido-t653767/
México;valle-de-bravo-l95795;655703;Valle De Bravo Experiencia De Alquiler De Yates Vip De 33 Pies;https://www.getyourguide.com/es-es/valle-de-bravo-l95795/valle-de-bravo-experiencia-de-alquiler-de-yates-vip-de-33-pies-t655703/
México;tulum-l248;703716;Tulum Traslado Privado En Furgoneta Al Aeropuerto De Cancun;https://www.getyourguide.com/es-es/tulum-l248/tulum-traslado-privado-en-furgoneta-al-aeropuerto-de-cancun-t703716/
México;ciudad-de-mexico-l194;957580;Ciudad De Mexico Piramides De Teotihuacan Visita Guiada De Acceso Anticipado;https://www.getyourguide.com/es-es/ciudad-de-mexico-l194/ciudad-de-mexico-piramides-de-teotihuacan-visita-guiada-de-acceso-anticipado-t957580/
México;cancun-l150;4165;Cancun Nada Con Tiburones Ballena;https://www.getyourguide.com/es-es/cancun-l150/cancun-nada-con-tiburones-ballena-t4165/
México;cabo-san-lucas-l306;719168;Cabo San Lucas Actividad De Paintball;https://www.getyourguide.com/es-es/cabo-san-lucas-l306/cabo-san-lucas-actividad-de-paintball-t719168/
México;cancun-l150;758481;Aeropuerto De Cancun Traslados Privados Desdehacia La Zona Hotelera De Cancun;https://www.getyourguide.com/es-es/cancun-l150/aeropuerto-de-cancun-traslados-privados-desdehacia-la-zona-hotelera-de-cancun-t758481/
México;guadalajara-l677;49541;Lago De Chapala Y Ajijic;https://www.getyourguide.com/es-es/guadalajara-l677/lago-de-chapala-y-ajijic-t49541/
México;municipio-oaxaca-de-juarez-l681;1014451;Oaxaca Descubre Monte Alban Y Los Mercados De Oaxaca;https://www.getyourguide.com/es-es/municipio-oaxaca-de-juarez-l681/oaxaca-descubre-monte-alban-y-los-mercados-de-oaxaca-t1014451/
México;cancun-l150;782808;Arrecife De Akumal Y Nado Con Tortugas;https://www.getyourguide.com/es-es/cancun-l150/arrecife-de-akumal-y-nado-con-tortugas-t782808/
México;puerto-nuevo-l160279;1024779;Tour Por Puerto Nuevo Y Valle De Guadalupe Con Comida Y Vino;https://www.getyourguide.com/es-es/puerto-nuevo-l160279/tour-por-puerto-nuevo-y-valle-de-guadalupe-con-comida-y-vino-t1024779/
México;ciudad-de-guanajuato-l2514;797562;Guanajuato Casona Tia Aura Casa Misteriosa Llena De Historia;https://www.getyourguide.com/es-es/ciudad-de-guanajuato-l2514/guanajuato-casona-tia-aura-casa-misteriosa-llena-de-historia-t797562/
México;acapulco-de-juarez-l307;128666;Tour Todo Incluido Acapulco 6 Horas;https://www.getyourguide.com/es-es/acapulco-de-juarez-l307/tour-todo-incluido-acapulco-6-horas-t128666/
México;municipio-oaxaca-de-juarez-l681;1058477;Oaxaca Tour Guiado En Bicicleta Al Arbol Mas Grande Del Mundo;https://www.getyourguide.com/es-es/municipio-oaxaca-de-juarez-l681/oaxaca-tour-guiado-en-bicicleta-al-arbol-mas-grande-del-mundo-t1058477/
México;cabo-san-lucas-l306;271507;Parque Marino De Cabo Pulmo Excursion De Buceo;https://www.getyourguide.com/es-es/cabo-san-lucas-l306/parque-marino-de-cabo-pulmo-excursion-de-buceo-t271507/
México;cancun-l150;274887;El Primer Recorrido Por La Jungla En Cancun;https://www.getyourguide.com/es-es/cancun-l150/el-primer-recorrido-por-la-jungla-en-cancun-t274887/
México;ciudad-de-mexico-l194;282682;Ciudad De Mexico Tour A Pie Por Las Historias Del Castillo De Chapultepec;https://www.getyourguide.com/es-es/ciudad-de-mexico-l194/ciudad-de-mexico-tour-a-pie-por-las-historias-del-castillo-de-chapultepec-t282682/
México;municipio-oaxaca-de-juarez-l681;312753;Desde Oaxaca Visita A La Ciudad Mitla Y La Fabrica De Mezcal;https://www.getyourguide.com/es-es/municipio-oaxaca-de-juarez-l681/desde-oaxaca-visita-a-la-ciudad-mitla-y-la-fabrica-de-mezcal-t312753/
México;akumal-l2807;851651;Riviera Maya Tour Ruinas De Tulum Nado Con Tortugas Cenotes Y Almuerzo;https://www.getyourguide.com/es-es/akumal-l2807/riviera-maya-tour-ruinas-de-tulum-nado-con-tortugas-cenotes-y-almuerzo-t851651/
México;tulum-l248;859648;Aeropuerto De Tulum Traslado Privado De Ida O Ida Y Vuelta;https://www.getyourguide.com/es-es/tulum-l248/aeropuerto-de-tulum-traslado-privado-de-ida-o-ida-y-vuelta-t859648/
México;playa-del-carmen-l308;862971;Cancun Ticket De Entrada Para Joya Del Cirque Du Soleil;https://www.getyourguide.com/es-es/playa-del-carmen-l308/cancun-ticket-de-entrada-para-joya-del-cirque-du-soleil-t862971/
México;teotitlan-del-valle-l135632;1097538;Oaxaca Traditional Mole Cooking Class With Market Visit;https://www.getyourguide.com/es-es/teotitlan-del-valle-l135632/oaxaca-traditional-mole-cooking-class-with-market-visit-t1097538/
México;cancun-l150;881031;Traslado Privado Excelencia Playa Mujeres A Aeropuerto Cun;https://www.getyourguide.com/es-es/cancun-l150/traslado-privado-excelencia-playa-mujeres-a-aeropuerto-cun-t881031/
México;municipio-oaxaca-de-juarez-l681;1115500;Oaxaca Tour A Pie Con Guia Local Culturas Prehispanicas Y Patrimonio;https://www.getyourguide.com/es-es/municipio-oaxaca-de-juarez-l681/oaxaca-tour-a-pie-con-guia-local-culturas-prehispanicas-y-patrimonio-t1115500/
México;tulum-l248;1134840;Tulum Clase De Cocina Crudivora De Origen Vegetal;https://www.getyourguide.com/es-es/tulum-l248/tulum-clase-de-cocina-crudivora-de-origen-vegetal-t1134840/
México;san-cristobal-de-las-casas-l2166;457850;San Cristobal Canon Del Sumidero Miradores Guia En Ingles;https://www.getyourguide.com/es-es/san-cristobal-de-las-casas-l2166/san-cristobal-canon-del-sumidero-miradores-guia-en-ingles-t457850/
México;tulum-l248;958041;Tulum Jungle Park Atv Tirolina Y Aventura En El Cenote;https://www.getyourguide.com/es-es/tulum-l248/tulum-jungle-park-atv-tirolina-y-aventura-en-el-cenote-t958041/
México;tulum-l248;522732;Ek Balam Cenotes Y Ruinas De Tulum Bano Y Almuerzo Privados;https://www.getyourguide.com/es-es/tulum-l248/ek-balam-cenotes-y-ruinas-de-tulum-bano-y-almuerzo-privados-t522732/
México;ciudad-de-mexico-l194;1189790;Ciudad De Mexico Tour En Segway Por El Paseo De La Reforma;https://www.getyourguide.com/es-es/ciudad-de-mexico-l194/ciudad-de-mexico-tour-en-segway-por-el-paseo-de-la-reforma-t1189790/
México;ciudad-de-mexico-l194;1034389;Ciudad De Mexico Tour Guiado De Bebidas Ancestrales;https://www.getyourguide.com/es-es/ciudad-de-mexico-l194/ciudad-de-mexico-tour-guiado-de-bebidas-ancestrales-t1034389/
México;guadalajara-l677;530699;Guadalajara Paseo Por La Cultura La Arquitectura Y El Mercado;https://www.getyourguide.com/es-es/guadalajara-l677/guadalajara-paseo-por-la-cultura-la-arquitectura-y-el-mercado-t530699/
México;monterrey-l679;1046810;Monterrey City Tour De Noche En Monterrey;https://www.getyourguide.com/es-es/monterrey-l679/monterrey-city-tour-de-noche-en-monterrey-t1046810/
México;ciudad-de-mexico-l194;642310;Xochimilco Comida Y Paseo En Trajinera Con Mujeres Locales;https://www.getyourguide.com/es-es/ciudad-de-mexico-l194/xochimilco-comida-y-paseo-en-trajinera-con-mujeres-locales-t642310/
México;municipio-oaxaca-de-juarez-l681;723429;Oaxaca Recorrido Por Monte Alban Cuilapam Y Pueblos Artesanos;https://www.getyourguide.com/es-es/municipio-oaxaca-de-juarez-l681/oaxaca-recorrido-por-monte-alban-cuilapam-y-pueblos-artesanos-t723429/
México;ciudad-de-mexico-l194;728054;Ciudad De Mexico Degustacion De Mezcal Y Pulque En El Puesto Del Mercado Exotico;https://www.getyourguide.com/es-es/ciudad-de-mexico-l194/ciudad-de-mexico-degustacion-de-mezcal-y-pulque-en-el-puesto-del-mercado-exotico-t728054/
México;puerto-vallarta-l265;733920;Puerto Vallarta Rio Cuale Sierra Madre Atv Tour Tequila;https://www.getyourguide.com/es-es/puerto-vallarta-l265/puerto-vallarta-rio-cuale-sierra-madre-atv-tour-tequila-t733920/
México;ciudad-de-mexico-l194;887360;Ciudad De Mexico Fiesta En Barco En Xochimilco Con Bebidas Ilimitadas;https://www.getyourguide.com/es-es/ciudad-de-mexico-l194/ciudad-de-mexico-fiesta-en-barco-en-xochimilco-con-bebidas-ilimitadas-t887360/
México;puerto-vallarta-l265;402393;Puerto Vallarta Taller De 2 Horas Sobre Trufas De Chocolate;https://www.getyourguide.com/es-es/puerto-vallarta-l265/puerto-vallarta-taller-de-2-horas-sobre-trufas-de-chocolate-t402393/
México;guadalajara-l677;997930;Tour Privado De Medio Dia Por Zapopan;https://www.getyourguide.com/es-es/guadalajara-l677/tour-privado-de-medio-dia-por-zapopan-t997930/
México;ciudad-de-mexico-l194;1038142;Ciudad De Mexico Tour De Dia Completo A Taxco Y Cuernavaca;https://www.getyourguide.com/es-es/ciudad-de-mexico-l194/ciudad-de-mexico-tour-de-dia-completo-a-taxco-y-cuernavaca-t1038142/
México;palenque-chiapas-l179804;520032;Desde Palenque Excursion A Yaxchilan Y Bonampak;https://www.getyourguide.com/es-es/palenque-chiapas-l179804/desde-palenque-excursion-a-yaxchilan-y-bonampak-t520032/
México;ciudad-de-mexico-l194;1091041;Ciudad De Mexico Tour A Pie Musical Por La Colonia Roma;https://www.getyourguide.com/es-es/ciudad-de-mexico-l194/ciudad-de-mexico-tour-a-pie-musical-por-la-colonia-roma-t1091041/
México;sayulita-l32371;1114456;Puerto Vallarta Tour Privado De 1 Dia A Sayulita Y San Pancho;https://www.getyourguide.com/es-es/sayulita-l32371/puerto-vallarta-tour-privado-de-1-dia-a-sayulita-y-san-pancho-t1114456/
México;progreso-l95507;1138890;Merida Tour De Observacion De Aves En La Selva Y La Costa;https://www.getyourguide.com/es-es/progreso-l95507/merida-tour-de-observacion-de-aves-en-la-selva-y-la-costa-t1138890/
México;cancun-l150;692729;Excursion En Catamaran Por Isla Mujeres;https://www.getyourguide.com/es-es/cancun-l150/excursion-en-catamaran-por-isla-mujeres-t692729/
México;puerto-vallarta-l265;701725;Desde Puerto Vallarta San Sebastian Del Oeste Tour Guiado;https://www.getyourguide.com/es-es/puerto-vallarta-l265/desde-puerto-vallarta-san-sebastian-del-oeste-tour-guiado-t701725/
México;cancun-l150;732595;Cancun Aventura En Triciclo Tour Guiado De 90 Min En La Zona Hotelera;https://www.getyourguide.com/es-es/cancun-l150/cancun-aventura-en-triciclo-tour-guiado-de-90-min-en-la-zona-hotelera-t732595/
México;tolantongo-l201864;1170310;Desde Guanajuato Tour Privado Guiado A Las Cuevas De Tolantongo;https://www.getyourguide.com/es-es/tolantongo-l201864/desde-guanajuato-tour-privado-guiado-a-las-cuevas-de-tolantongo-t1170310/
México;municipio-oaxaca-de-juarez-l681;883409;Caminos Del Condoy Hierve El Agua Mitla Mezcal;https://www.getyourguide.com/es-es/municipio-oaxaca-de-juarez-l681/caminos-del-condoy-hierve-el-agua-mitla-mezcal-t883409/
México;ciudad-de-mexico-l194;1310487;Ciudad De Mexico Baila Y Diviertete Con Tus Amigos;https://www.getyourguide.com/es-es/ciudad-de-mexico-l194/ciudad-de-mexico-baila-y-diviertete-con-tus-amigos-t1310487/
México;puerto-morelos-l112372;1023510;Puerto Morelos Experiencia De Buceo Con Equipo E Instructor;https://www.getyourguide.com/es-es/puerto-morelos-l112372/puerto-morelos-experiencia-de-buceo-con-equipo-e-instructor-t1023510/
México;loreto-mexico-l1655;278007;Loreto Tour De Avistamiento De Ballena Gris En Lopez Mateos;https://www.getyourguide.com/es-es/loreto-mexico-l1655/loreto-tour-de-avistamiento-de-ballena-gris-en-lopez-mateos-t278007/
México;cabo-san-lucas-l306;391967;Safari En Moto De Agua Tour Guiado Por El Mar De Cortes;https://www.getyourguide.com/es-es/cabo-san-lucas-l306/safari-en-moto-de-agua-tour-guiado-por-el-mar-de-cortes-t391967/
México;merida-l1903;1217829;Merida En Patinete Electrico Paseo De Montejo Y Parque La Plancha;https://www.getyourguide.com/es-es/merida-l1903/merida-en-patinete-electrico-paseo-de-montejo-y-parque-la-plancha-t1217829/
México;tzimol-l182768;1234500;Chiapas Paquete De 4 Dias Y 3 Noches Tuxtla Villahermosa;https://www.getyourguide.com/es-es/tzimol-l182768/chiapas-paquete-de-4-dias-y-3-noches-tuxtla-villahermosa-t1234500/
México;playa-del-carmen-l308;1254662;Playa Del Carmen Tours De Buceo En Casa Cenote Y En El Cenote Angelita;https://www.getyourguide.com/es-es/playa-del-carmen-l308/playa-del-carmen-tours-de-buceo-en-casa-cenote-y-en-el-cenote-angelita-t1254662/
México;san-martin-tilcajete-l135617;398765;Oaxaca Taller Pinta Tu Propio Alebrije;https://www.getyourguide.com/es-es/san-martin-tilcajete-l135617/oaxaca-taller-pinta-tu-propio-alebrije-t398765/
México;puebla-l1471;434824;Parque Safari Puebla Africam Vive Una Aventura Inolvidable;https://www.getyourguide.com/es-es/puebla-l1471/parque-safari-puebla-africam-vive-una-aventura-inolvidable-t434824/
México;san-miguel-de-cozumel-l141611;532519;Cozumel Clase De Cocina Con Josefina;https://www.getyourguide.com/es-es/san-miguel-de-cozumel-l141611/cozumel-clase-de-cocina-con-josefina-t532519/
México;municipio-oaxaca-de-juarez-l681;588035;Oaxaca Experiencia Ancestral Del Mezcal;https://www.getyourguide.com/es-es/municipio-oaxaca-de-juarez-l681/oaxaca-experiencia-ancestral-del-mezcal-t588035/
México;monterrey-l679;593215;Tour Museo Del Desierto Traslados Ticket De Entrada Incluido;https://www.getyourguide.com/es-es/monterrey-l679/tour-museo-del-desierto-traslados-ticket-de-entrada-incluido-t593215/
México;queretaro-l1170;606853;Desde Queretaro San Miguel De Allende Dolores Y Atotonilco;https://www.getyourguide.com/es-es/queretaro-l1170/desde-queretaro-san-miguel-de-allende-dolores-y-atotonilco-t606853/
México;cancun-l150;709697;Cancun Cenotes El Retono Entrada Con Transporte Comida Y Tour Guiado;https://www.getyourguide.com/es-es/cancun-l150/cancun-cenotes-el-retono-entrada-con-transporte-comida-y-tour-guiado-t709697/
México;ciudad-de-mexico-l194;737384;Amanecer En Xochimilco;https://www.getyourguide.com/es-es/ciudad-de-mexico-l194/amanecer-en-xochimilco-t737384/
México;tulum-l248;756662;Tulum Aventura En Cuatrimotos Tirolinas Y Cenotes;https://www.getyourguide.com/es-es/tulum-l248/tulum-aventura-en-cuatrimotos-tirolinas-y-cenotes-t756662/
México;veracruz-l683;762225;Tours En Stand Up Paddle Kayak En Veracruz;https://www.getyourguide.com/es-es/veracruz-l683/tours-en-stand-up-paddle-kayak-en-veracruz-t762225/
México;valladolid-mexico-l101556;883802;Tour De Dia Completo A Las Ruinas Mayas De Ek Balam Y A La Valladolid Colonial;https://www.getyourguide.com/es-es/valladolid-mexico-l101556/tour-de-dia-completo-a-las-ruinas-mayas-de-ek-balam-y-a-la-valladolid-colonial-t883802/
México;mazatlan-l808;892186;Mazatlan Observatorio 1873 Experiencia Cultural Y De Naturaleza;https://www.getyourguide.com/es-es/mazatlan-l808/mazatlan-observatorio-1873-experiencia-cultural-y-de-naturaleza-t892186/
México;ciudad-de-mexico-l194;959178;Desde Cdmx Recorrido Por Teotihuacan Y Basilica De Guadalupe;https://www.getyourguide.com/es-es/ciudad-de-mexico-l194/desde-cdmx-recorrido-por-teotihuacan-y-basilica-de-guadalupe-t959178/
México;ciudad-de-mexico-l194;1034808;Tesoros De La Cdmx Palacios Y Museos;https://www.getyourguide.com/es-es/ciudad-de-mexico-l194/tesoros-de-la-cdmx-palacios-y-museos-t1034808/
México;santa-maria-huatulco-l781;388219;Desde Huatulco Excursion De Un Dia A La Playa Nudista De Zipolite;https://www.getyourguide.com/es-es/santa-maria-huatulco-l781/desde-huatulco-excursion-de-un-dia-a-la-playa-nudista-de-zipolite-t388219/
México;merida-l1903;435285;Uxmal Planetario Hacienda Sotuta De Peon Cenote Comida;https://www.getyourguide.com/es-es/merida-l1903/uxmal-planetario-hacienda-sotuta-de-peon-cenote-comida-t435285/
México;municipio-de-morelia-l103020;455348;Desde Morelia Excursion A Patzcuaro Y Janitzio;https://www.getyourguide.com/es-es/municipio-de-morelia-l103020/desde-morelia-excursion-a-patzcuaro-y-janitzio-t455348/
México;merida-l1903;555975;Tour Privado Kabah Y Uxmal Mas Experiencia De Taller Maya;https://www.getyourguide.com/es-es/merida-l1903/tour-privado-kabah-y-uxmal-mas-experiencia-de-taller-maya-t555975/
México;cancun-l150;643765;Cancun Excursion A Chichen Itza Cenote Con Comida;https://www.getyourguide.com/es-es/cancun-l150/cancun-excursion-a-chichen-itza-cenote-con-comida-t643765/
México;cabo-san-lucas-l306;739698;Los Cabos Traslado Privado Al Aeropuerto;https://www.getyourguide.com/es-es/cabo-san-lucas-l306/los-cabos-traslado-privado-al-aeropuerto-t739698/
México;cabo-san-lucas-l306;740365;Los Cabos Traslado Privado Al Aeropuerto;https://www.getyourguide.com/es-es/cabo-san-lucas-l306/los-cabos-traslado-privado-al-aeropuerto-t740365/
México;merida-l1903;756256;Desde Merida Isla Columpios Y Progreso;https://www.getyourguide.com/es-es/merida-l1903/desde-merida-isla-columpios-y-progreso-t756256/
México;playa-del-carmen-l308;792260;Desde Playa Del Carmen Traslado Privado De Ida A Holbox;https://www.getyourguide.com/es-es/playa-del-carmen-l308/desde-playa-del-carmen-traslado-privado-de-ida-a-holbox-t792260/
México;ciudad-de-mexico-l194;854689;Conoce La Iconica Basilica De Guadalupe En Ciudad De Mexico;https://www.getyourguide.com/es-es/ciudad-de-mexico-l194/conoce-la-iconica-basilica-de-guadalupe-en-ciudad-de-mexico-t854689/
México;cancun-l150;874725;Traslado Privado Aeropuerto Cun A Oleo Cancun Playa;https://www.getyourguide.com/es-es/cancun-l150/traslado-privado-aeropuerto-cun-a-oleo-cancun-playa-t874725/
México;progreso-l95507;1099596;Ritual Del Cacao Maya Con Brunch De Autor En Progreso;https://www.getyourguide.com/es-es/progreso-l95507/ritual-del-cacao-maya-con-brunch-de-autor-en-progreso-t1099596/
México;tulum-l248;1280013;Tulum Snorkel Con Tortugas Y Mantarrayas En Playa Santa Fe;https://www.getyourguide.com/es-es/tulum-l248/tulum-snorkel-con-tortugas-y-mantarrayas-en-playa-santa-fe-t1280013/
México;mazatlan-l808;390061;Mazatlan Rancho Privado Con Kayak Bicicleta Playa Y Tequila;https://www.getyourguide.com/es-es/mazatlan-l808/mazatlan-rancho-privado-con-kayak-bicicleta-playa-y-tequila-t390061/
México;cancun-l150;395986;Cancun Paseo Subsee Explorer;https://www.getyourguide.com/es-es/cancun-l150/cancun-paseo-subsee-explorer-t395986/
México;mazatlan-l808;397763;Mazatlan Autobus De Dos Pisos Buceo En Acantilados Y Paseo A Pie;https://www.getyourguide.com/es-es/mazatlan-l808/mazatlan-autobus-de-dos-pisos-buceo-en-acantilados-y-paseo-a-pie-t397763/
México;municipio-tuxtla-gutierrez-l2527;457812;Tuxtla Gutierrez Canon Del Sumidero Miradores Guia En Ingles;https://www.getyourguide.com/es-es/municipio-tuxtla-gutierrez-l2527/tuxtla-gutierrez-canon-del-sumidero-miradores-guia-en-ingles-t457812/
México;cancun-l150;478216;Costa Mujeres Nada Con Delfines;https://www.getyourguide.com/es-es/cancun-l150/costa-mujeres-nada-con-delfines-t478216/
México;ciudad-de-mexico-l194;483901;Paseo Por El Campus De La Unam Patrimonio De La Humanidad De La Unesco;https://www.getyourguide.com/es-es/ciudad-de-mexico-l194/paseo-por-el-campus-de-la-unam-patrimonio-de-la-humanidad-de-la-unesco-t483901/
México;mahahual-l168421;528654;Mahahual Ciudad Maya Chacchoben Y Experiencia Maya;https://www.getyourguide.com/es-es/mahahual-l168421/mahahual-ciudad-maya-chacchoben-y-experiencia-maya-t528654/
México;cancun-l150;550079;Excursion Al Tiburon Ballena En Cancun;https://www.getyourguide.com/es-es/cancun-l150/excursion-al-tiburon-ballena-en-cancun-t550079/
México;punta-mita-l98853;623678;Puerto Vallarta Clases De Surf;https://www.getyourguide.com/es-es/punta-mita-l98853/puerto-vallarta-clases-de-surf-t623678/
México;tulum-l248;636074;Rappel Tirolina En La Selva Visita Tulum Cenote Snorkel;https://www.getyourguide.com/es-es/tulum-l248/rappel-tirolina-en-la-selva-visita-tulum-cenote-snorkel-t636074/
México;queretaro-l1170;638354;Queretaro San Miguel Vinicola En Un Dia;https://www.getyourguide.com/es-es/queretaro-l1170/queretaro-san-miguel-vinicola-en-un-dia-t638354/
México;mahahual-l168421;700356;Tour Privado Ruinas Mayas De Chacchoben Y Barco A La Laguna De Bacalar;https://www.getyourguide.com/es-es/mahahual-l168421/tour-privado-ruinas-mayas-de-chacchoben-y-barco-a-la-laguna-de-bacalar-t700356/
México;puerto-vallarta-l265;836748;Puerto Vallarta Aventura En El Puente Jorullo En Atvrzr;https://www.getyourguide.com/es-es/puerto-vallarta-l265/puerto-vallarta-aventura-en-el-puente-jorullo-en-atvrzr-t836748/
México;santa-maria-huatulco-l781;943565;Desde Huatulco Cascadas Y Experiencia Cafetera Con Comida;https://www.getyourguide.com/es-es/santa-maria-huatulco-l781/desde-huatulco-cascadas-y-experiencia-cafetera-con-comida-t943565/
México;ciudad-de-mexico-l194;959921;Cdmx Disfruta Las Piramides De Teotihuacan Y De La Basilica De Guadalupe;https://www.getyourguide.com/es-es/ciudad-de-mexico-l194/cdmx-disfruta-las-piramides-de-teotihuacan-y-de-la-basilica-de-guadalupe-t959921/
México;cancun-l150;1039013;Cancun Combo Tour Three Cenotes Lunch Tequila Transfer;https://www.getyourguide.com/es-es/cancun-l150/cancun-combo-tour-three-cenotes-lunch-tequila-transfer-t1039013/
México;ensenada-l545;1117097;Ensenada Visita Turistica Con Recogida En El Puerto;https://www.getyourguide.com/es-es/ensenada-l545/ensenada-visita-turistica-con-recogida-en-el-puerto-t1117097/
México;puerto-vallarta-l265;1143357;Puerto Vallarta Tour En Quad Paseo En Barco Y Cascada;https://www.getyourguide.com/es-es/puerto-vallarta-l265/puerto-vallarta-tour-en-quad-paseo-en-barco-y-cascada-t1143357/
México;valladolid-mexico-l101556;1217869;Valladolid Tour De Cenotes Con Almuerzo Buffet Y Camion Vintage;https://www.getyourguide.com/es-es/valladolid-mexico-l101556/valladolid-tour-de-cenotes-con-almuerzo-buffet-y-camion-vintage-t1217869/
México;puerto-escondido-l32155;1264679;Come Como Un Lugareno En Puerto Escondido Con The Lost Taco;https://www.getyourguide.com/es-es/puerto-escondido-l32155/come-como-un-lugareno-en-puerto-escondido-con-the-lost-taco-t1264679/
México;ciudad-de-mexico-l194;1318694;Xochimilco Kayak Al Amanecer Desayuno Y Ajolotes;https://www.getyourguide.com/es-es/ciudad-de-mexico-l194/xochimilco-kayak-al-amanecer-desayuno-y-ajolotes-t1318694/
México;merida-l1903;457549;Becal Y Campeche Un Dia;https://www.getyourguide.com/es-es/merida-l1903/becal-y-campeche-un-dia-t457549/
México;cancun-l150;476325;Cata De Tequila Clase Magistral;https://www.getyourguide.com/es-es/cancun-l150/cata-de-tequila-clase-magistral-t476325/
México;cancun-l150;477754;Punta Cancun Nade Con Delfines Primax;https://www.getyourguide.com/es-es/cancun-l150/punta-cancun-nade-con-delfines-primax-t477754/
México;santa-maria-huatulco-l781;536982;Huatulco La Experiencia De Las Cascadas Magicas;https://www.getyourguide.com/es-es/santa-maria-huatulco-l781/huatulco-la-experiencia-de-las-cascadas-magicas-t536982/
México;tulum-l248;569168;Prueba El Buceo En Tulum Con Dive Machine;https://www.getyourguide.com/es-es/tulum-l248/prueba-el-buceo-en-tulum-con-dive-machine-t569168/
México;playa-del-carmen-l308;633831;Playa Del Carmen Clase De Cocina Mexicana;https://www.getyourguide.com/es-es/playa-del-carmen-l308/playa-del-carmen-clase-de-cocina-mexicana-t633831/
México;guadalajara-l677;635946;Visita Exuberantes Manantiales Y Cascadas Cerca De Guadalajara;https://www.getyourguide.com/es-es/guadalajara-l677/visita-exuberantes-manantiales-y-cascadas-cerca-de-guadalajara-t635946/
México;mismaloya-l190181;690176;Mismaloya Jalisco Paseo A Caballo Por Rancho Manolo;https://www.getyourguide.com/es-es/mismaloya-l190181/mismaloya-jalisco-paseo-a-caballo-por-rancho-manolo-t690176/
México;cancun-l150;732635;Cancun Aventura En Segway Tour Guiado De 90 Min En La Zona Hotelera;https://www.getyourguide.com/es-es/cancun-l150/cancun-aventura-en-segway-tour-guiado-de-90-min-en-la-zona-hotelera-t732635/
México;puerto-vallarta-l265;744217;Puerto Vallarta Tirolesa Pase Al Puente Jorullo Paseo En Mula;https://www.getyourguide.com/es-es/puerto-vallarta-l265/puerto-vallarta-tirolesa-pase-al-puente-jorullo-paseo-en-mula-t744217/
México;la-paz-mexico-l2930;776199;La Paz Excursion De Snorkel A La Isla Del Espiritu Santo Con Almuerzo;https://www.getyourguide.com/es-es/la-paz-mexico-l2930/la-paz-excursion-de-snorkel-a-la-isla-del-espiritu-santo-con-almuerzo-t776199/
México;municipio-oaxaca-de-juarez-l681;813044;Entre Flores Y Velas Un Recorrido Por Los Panteones De Oaxaca;https://www.getyourguide.com/es-es/municipio-oaxaca-de-juarez-l681/entre-flores-y-velas-un-recorrido-por-los-panteones-de-oaxaca-t813044/
México;guadalajara-l677;854241;Tour A Pie Por El Centro De Guadalajara;https://www.getyourguide.com/es-es/guadalajara-l677/tour-a-pie-por-el-centro-de-guadalajara-t854241/
México;cancun-l150;934199;Cancun Expedicion Selvatica Con Paseo En Lancha Rapida Y Snorkel;https://www.getyourguide.com/es-es/cancun-l150/cancun-expedicion-selvatica-con-paseo-en-lancha-rapida-y-snorkel-t934199/
México;tulum-l248;946810;Tulum Excursion De Exploracion De Cenotes Con Comida Y Esnorquel;https://www.getyourguide.com/es-es/tulum-l248/tulum-excursion-de-exploracion-de-cenotes-con-comida-y-esnorquel-t946810/
México;cancun-l150;956736;Desde Cancun Chichen Itza Cenote Valladolid Y Tequila;https://www.getyourguide.com/es-es/cancun-l150/desde-cancun-chichen-itza-cenote-valladolid-y-tequila-t956736/
México;ciudad-de-coba-l209788;958549;Desde Riviera Maya Tour Por Chichen Itza Con Cenote Y Almuerzo Buffet;https://www.getyourguide.com/es-es/ciudad-de-coba-l209788/desde-riviera-maya-tour-por-chichen-itza-con-cenote-y-almuerzo-buffet-t958549/
México;ciudad-de-mexico-l194;1038919;Ciudad De Mexico Tranvia Mexico Los Puntos Iconicos Y Sus Leyendas;https://www.getyourguide.com/es-es/ciudad-de-mexico-l194/ciudad-de-mexico-tranvia-mexico-los-puntos-iconicos-y-sus-leyendas-t1038919/
México;monterrey-l679;1174183;Monterrey Tour De Senderismo La Rayita En El Parque La Huasteca;https://www.getyourguide.com/es-es/monterrey-l679/monterrey-tour-de-senderismo-la-rayita-en-el-parque-la-huasteca-t1174183/
México;ciudad-de-mexico-l194;1198846;Ciudad De Mexico Tour De Comida Callejera Y Mercado De Frutas Exoticas;https://www.getyourguide.com/es-es/ciudad-de-mexico-l194/ciudad-de-mexico-tour-de-comida-callejera-y-mercado-de-frutas-exoticas-t1198846/
México;merida-l1903;399088;Merida Ruta Gastronomica A Pie De 3 Horas;https://www.getyourguide.com/es-es/merida-l1903/merida-ruta-gastronomica-a-pie-de-3-horas-t399088/
México;san-miguel-de-cozumel-l141611;527693;Desde Cozumel Tour En Barco Invisible Con Esnorquel;https://www.getyourguide.com/es-es/san-miguel-de-cozumel-l141611/desde-cozumel-tour-en-barco-invisible-con-esnorquel-t527693/
México;sayulita-l32371;544276;Excursion De Un Dia A San Pancho Y Sayulita;https://www.getyourguide.com/es-es/sayulita-l32371/excursion-de-un-dia-a-san-pancho-y-sayulita-t544276/
México;salina-cruz-l193340;555328;Alquiler De Tablas De Surf Equipamiento Para Todos Los Niveles;https://www.getyourguide.com/es-es/salina-cruz-l193340/alquiler-de-tablas-de-surf-equipamiento-para-todos-los-niveles-t555328/
México;san-miguel-de-allende-l2515;556711;San Miguel De Allende Dolores Hidalgo Tour Privado;https://www.getyourguide.com/es-es/san-miguel-de-allende-l2515/san-miguel-de-allende-dolores-hidalgo-tour-privado-t556711/
México;cabo-san-lucas-l306;595153;Avistamiento De Ballenas Cabo Aventura Zodiac Con Ballenas Fotos Gratis;https://www.getyourguide.com/es-es/cabo-san-lucas-l306/avistamiento-de-ballenas-cabo-aventura-zodiac-con-ballenas-fotos-gratis-t595153/
México;guadalajara-l677;681587;Disfruta De Un Exclusivo Tour Del Tequila Con Un Maestro Tequilero;https://www.getyourguide.com/es-es/guadalajara-l677/disfruta-de-un-exclusivo-tour-del-tequila-con-un-maestro-tequilero-t681587/
México;cancun-l150;684420;Traslado Aeropuerto De Cancun A Akumal;https://www.getyourguide.com/es-es/cancun-l150/traslado-aeropuerto-de-cancun-a-akumal-t684420/
México;cancun-l150;832727;Cancun Catamaran Isla Mujeres Espectaculo Coco Bongo;https://www.getyourguide.com/es-es/cancun-l150/cancun-catamaran-isla-mujeres-espectaculo-coco-bongo-t832727/
México;cancun-l150;843086;Traslado Privado De Coral Level Iberostar Cancun A Cun;https://www.getyourguide.com/es-es/cancun-l150/traslado-privado-de-coral-level-iberostar-cancun-a-cun-t843086/
México;loreto-mexico-l1655;858913;Observacion De Ballenas Grises En Bahia Mag Desde Loreto;https://www.getyourguide.com/es-es/loreto-mexico-l1655/observacion-de-ballenas-grises-en-bahia-mag-desde-loreto-t858913/
México;cancun-l150;874580;Traslado Privado Aeropuerto Cun A Occidental Costa Cancun;https://www.getyourguide.com/es-es/cancun-l150/traslado-privado-aeropuerto-cun-a-occidental-costa-cancun-t874580/
México;puerto-vallarta-l265;1134319;Puerto Vallarta Tirolesas En La Selva Y Montanas En Parque Edenva;https://www.getyourguide.com/es-es/puerto-vallarta-l265/puerto-vallarta-tirolesas-en-la-selva-y-montanas-en-parque-edenva-t1134319/
México;amatitan-l138358;1177169;Ruta Del Tequila Cata Y Cantaritos Desde Guadalajara;https://www.getyourguide.com/es-es/amatitan-l138358/ruta-del-tequila-cata-y-cantaritos-desde-guadalajara-t1177169/
México;ciudad-de-mexico-l194;1181305;Ciudad De Mexico Tour Privado De Senderismo Por Las Lagunas De Nexcolango;https://www.getyourguide.com/es-es/ciudad-de-mexico-l194/ciudad-de-mexico-tour-privado-de-senderismo-por-las-lagunas-de-nexcolango-t1181305/
México;ciudad-de-mexico-l194;1250758;Walking Tour Mexico City Downtown;https://www.getyourguide.com/es-es/ciudad-de-mexico-l194/walking-tour-mexico-city-downtown-t1250758/
México;san-miguel-de-cozumel-l141611;1312092;La Experiencia De Pesca Suprema En Cozumel;https://www.getyourguide.com/es-es/san-miguel-de-cozumel-l141611/la-experiencia-de-pesca-suprema-en-cozumel-t1312092/
México;merida-l1903;1317380;Merida Tour A Pie Privado Con Un Guia Local;https://www.getyourguide.com/es-es/merida-l1903/merida-tour-a-pie-privado-con-un-guia-local-t1317380/
México;bacalar-l95624;249302;Stand Up Paddle Al Amanecer En Bacalar Una Experiencia Unica;https://www.getyourguide.com/es-es/bacalar-l95624/stand-up-paddle-al-amanecer-en-bacalar-una-experiencia-unica-t249302/
México;puebla-l1471;341491;Desde Puebla Atlixco Y Atlimeyaya Tour Privado Todo Incluido;https://www.getyourguide.com/es-es/puebla-l1471/desde-puebla-atlixco-y-atlimeyaya-tour-privado-todo-incluido-t341491/
México;san-miguel-de-allende-l2515;374109;San Miguel De Allende Paseo A Caballo Por Cantinas;https://www.getyourguide.com/es-es/san-miguel-de-allende-l2515/san-miguel-de-allende-paseo-a-caballo-por-cantinas-t374109/
México;cabo-san-lucas-l306;511480;Cabo San Lucas Kayak Al Arco Playa De Los Enamorados Y Snorkel;https://www.getyourguide.com/es-es/cabo-san-lucas-l306/cabo-san-lucas-kayak-al-arco-playa-de-los-enamorados-y-snorkel-t511480/
México;ciudad-de-mexico-l194;513807;Excursion Privada En Helicoptero Por Ciudad De Mexico;https://www.getyourguide.com/es-es/ciudad-de-mexico-l194/excursion-privada-en-helicoptero-por-ciudad-de-mexico-t513807/
México;cancun-l150;562625;Cancun Ruinas De Tulum Y Cuevas De Kantun Chi;https://www.getyourguide.com/es-es/cancun-l150/cancun-ruinas-de-tulum-y-cuevas-de-kantun-chi-t562625/
México;zihuatanejo-l392;658534;Ixtapa Zihuatanejo Excursion En Kayak Y Snorkel;https://www.getyourguide.com/es-es/zihuatanejo-l392/ixtapa-zihuatanejo-excursion-en-kayak-y-snorkel-t658534/
México;acapulco-de-juarez-l307;775163;Acapulco Tour En Barco Con Fiesta Al Atardecer Y Barra Libre;https://www.getyourguide.com/es-es/acapulco-de-juarez-l307/acapulco-tour-en-barco-con-fiesta-al-atardecer-y-barra-libre-t775163/
México;bacalar-l95624;798524;Costa Maya Excursion En Velero Por La Laguna De Bacalar;https://www.getyourguide.com/es-es/bacalar-l95624/costa-maya-excursion-en-velero-por-la-laguna-de-bacalar-t798524/
México;puerto-escondido-l32155;812877;Mazunte Ventanilla Y Zipolite Ecotour;https://www.getyourguide.com/es-es/puerto-escondido-l32155/mazunte-ventanilla-y-zipolite-ecotour-t812877/
México;cabo-san-lucas-l306;891755;Cabo San Lucas Experiencia Fotografica Profesional;https://www.getyourguide.com/es-es/cabo-san-lucas-l306/cabo-san-lucas-experiencia-fotografica-profesional-t891755/
México;muinicipio-de-tequila-l777;901099;Aventura Privada A Tequila Y Tequila El Tequileno;https://www.getyourguide.com/es-es/muinicipio-de-tequila-l777/aventura-privada-a-tequila-y-tequila-el-tequileno-t901099/
México;cabo-san-lucas-l306;1038946;Excursion De Pesca Privada En Cabo En El Phantom Ii Crucero Luhrs De 36 Pies;https://www.getyourguide.com/es-es/cabo-san-lucas-l306/excursion-de-pesca-privada-en-cabo-en-el-phantom-ii-crucero-luhrs-de-36-pies-t1038946/
México;tulum-l248;1177057;Tulum Sesion De Fotos En La Escultura Ven A La Luz;https://www.getyourguide.com/es-es/tulum-l248/tulum-sesion-de-fotos-en-la-escultura-ven-a-la-luz-t1177057/
México;ciudad-de-mexico-l194;1196670;Degustacion De Mezcal Artesanal Sabores Unicos En Cdmx;https://www.getyourguide.com/es-es/ciudad-de-mexico-l194/degustacion-de-mezcal-artesanal-sabores-unicos-en-cdmx-t1196670/
México;monterrey-l679;1227000;Monterrey Tour En Lancha Por Paseo Santa Lucia;https://www.getyourguide.com/es-es/monterrey-l679/monterrey-tour-en-lancha-por-paseo-santa-lucia-t1227000/
México;ciudad-de-mexico-l194;1316767;Tour De Todo El Dia Todo Incluido Por Guadalajara Mexico;https://www.getyourguide.com/es-es/ciudad-de-mexico-l194/tour-de-todo-el-dia-todo-incluido-por-guadalajara-mexico-t1316767/
México;villa-zempoala-l212806;8201;Excursion A Antigua Y Cempoala Desde Veracruz;https://www.getyourguide.com/es-es/villa-zempoala-l212806/excursion-a-antigua-y-cempoala-desde-veracruz-t8201/
México;ciudad-de-mexico-l194;35543;Ciudad De Mexico Tour Gastronomico A Pie Por La Roma Norte;https://www.getyourguide.com/es-es/ciudad-de-mexico-l194/ciudad-de-mexico-tour-gastronomico-a-pie-por-la-roma-norte-t35543/
México;cabo-san-lucas-l306;321768;Cabo San Lucas Crucero Al Atardecer Cabo Mar Sabores De Mexico;https://www.getyourguide.com/es-es/cabo-san-lucas-l306/cabo-san-lucas-crucero-al-atardecer-cabo-mar-sabores-de-mexico-t321768/
México;municipio-oaxaca-de-juarez-l681;439028;Visita Hierve El Agua Al Mediodia;https://www.getyourguide.com/es-es/municipio-oaxaca-de-juarez-l681/visita-hierve-el-agua-al-mediodia-t439028/
México;santa-maria-huatulco-l781;507019;Huatulcoliberacion De Tortugaspaseos A Caballo Y Bioluminiscencia;https://www.getyourguide.com/es-es/santa-maria-huatulco-l781/huatulcoliberacion-de-tortugaspaseos-a-caballo-y-bioluminiscencia-t507019/
México;playa-del-carmen-l308;663903;Playa Del Carmen Excursion De Buceo En El Oceano;https://www.getyourguide.com/es-es/playa-del-carmen-l308/playa-del-carmen-excursion-de-buceo-en-el-oceano-t663903/
México;guadalajara-l677;693167;Guadalajara Tour Nocturno Guiado Por Tlaquepaque Con Servicio De Recogida Del Hotel;https://www.getyourguide.com/es-es/guadalajara-l677/guadalajara-tour-nocturno-guiado-por-tlaquepaque-con-servicio-de-recogida-del-hotel-t693167/
México;municipio-oaxaca-de-juarez-l681;702113;Oaxaca Ruta De Las Artesanias De San Martin Tilcajete Jalieza Y Ocotlan;https://www.getyourguide.com/es-es/municipio-oaxaca-de-juarez-l681/oaxaca-ruta-de-las-artesanias-de-san-martin-tilcajete-jalieza-y-ocotlan-t702113/
México;puerto-vallarta-l265;723496;Puerto Vallarta El Mejor Tour De Tacos En Versalles;https://www.getyourguide.com/es-es/puerto-vallarta-l265/puerto-vallarta-el-mejor-tour-de-tacos-en-versalles-t723496/
México;cabo-san-lucas-l306;793187;Los Cabos Crucero Jazz Vino En Catamaran Al Atardecer;https://www.getyourguide.com/es-es/cabo-san-lucas-l306/los-cabos-crucero-jazz-vino-en-catamaran-al-atardecer-t793187/
México;cancun-l150;931746;Cancun Al Completo Ruinas De Chichen Izta Cenote Y Valladolid;https://www.getyourguide.com/es-es/cancun-l150/cancun-al-completo-ruinas-de-chichen-izta-cenote-y-valladolid-t931746/
México;municipio-oaxaca-de-juarez-l681;1027232;Oaxaca Taller De Elaboracion De Chocolate Con Degustacion;https://www.getyourguide.com/es-es/municipio-oaxaca-de-juarez-l681/oaxaca-taller-de-elaboracion-de-chocolate-con-degustacion-t1027232/
México;ciudad-de-mexico-l194;1203572;Ciudad De Mexico Tour Cultural Con Museos Y Biblioteca;https://www.getyourguide.com/es-es/ciudad-de-mexico-l194/ciudad-de-mexico-tour-cultural-con-museos-y-biblioteca-t1203572/
México;valladolid-mexico-l101556;1241054;Puntos Destacados De Valladolid Y Degustacion De Mezcal;https://www.getyourguide.com/es-es/valladolid-mexico-l101556/puntos-destacados-de-valladolid-y-degustacion-de-mezcal-t1241054/
México;san-pedro-garza-garcia-l197889;1300321;La Eme Ruta De Senderismo Iconica A La Cima De La Sierra Con Vistas De 360Deg;https://www.getyourguide.com/es-es/san-pedro-garza-garcia-l197889/la-eme-ruta-de-senderismo-iconica-a-la-cima-de-la-sierra-con-vistas-de-360deg-t1300321/
México;ciudad-de-mexico-l194;117297;Ciudad De Mexico Clase De Cocina Mexicana De 3 Horas;https://www.getyourguide.com/es-es/ciudad-de-mexico-l194/ciudad-de-mexico-clase-de-cocina-mexicana-de-3-horas-t117297/
México;mazatlan-l808;390217;Mazatlan Tour Gastronomico Por El Barrio En Un Taxi Tradicional;https://www.getyourguide.com/es-es/mazatlan-l808/mazatlan-tour-gastronomico-por-el-barrio-en-un-taxi-tradicional-t390217/
México;cancun-l150;405314;Cancun Tour En La Jungla Y Aventura En Lancha Rapida;https://www.getyourguide.com/es-es/cancun-l150/cancun-tour-en-la-jungla-y-aventura-en-lancha-rapida-t405314/
México;cabo-san-lucas-l306;420799;Desde Cabo San Lucas Playa De Los Enamorados Y Paseo En Barco El Arco;https://www.getyourguide.com/es-es/cabo-san-lucas-l306/desde-cabo-san-lucas-playa-de-los-enamorados-y-paseo-en-barco-el-arco-t420799/
México;valle-de-bravo-l95795;514929;Parapente Valle De Bravo Gofly;https://www.getyourguide.com/es-es/valle-de-bravo-l95795/parapente-valle-de-bravo-gofly-t514929/
México;ciudad-de-mexico-l194;633078;Ciudad De Mexico Entrada Six Flags Tour Con Paradas Libres Por La Ciudad;https://www.getyourguide.com/es-es/ciudad-de-mexico-l194/ciudad-de-mexico-entrada-six-flags-tour-con-paradas-libres-por-la-ciudad-t633078/
México;san-jose-del-cabo-l967;676580;Aeropuerto De Los Cabos Transporte En Grupo A Cabo San Lucas;https://www.getyourguide.com/es-es/san-jose-del-cabo-l967/aeropuerto-de-los-cabos-transporte-en-grupo-a-cabo-san-lucas-t676580/
México;el-cedral-l194729;677222;Cozumel Atv A La Caverna De Jade Tequila Y Escapada A La Playa;https://www.getyourguide.com/es-es/el-cedral-l194729/cozumel-atv-a-la-caverna-de-jade-tequila-y-escapada-a-la-playa-t677222/
México;puerto-vallarta-l265;695620;Puerto Vallarta Traslado Al Aeropuerto A Sayulita Y San Pancho;https://www.getyourguide.com/es-es/puerto-vallarta-l265/puerto-vallarta-traslado-al-aeropuerto-a-sayulita-y-san-pancho-t695620/
México;municipio-oaxaca-de-juarez-l681;745484;Bicicleta De Montana En Oaxaca;https://www.getyourguide.com/es-es/municipio-oaxaca-de-juarez-l681/bicicleta-de-montana-en-oaxaca-t745484/
México;taxco-de-alarcon-l364;764021;Taxco Visita Un Taller De Orfebreria Taxquena;https://www.getyourguide.com/es-es/taxco-de-alarcon-l364/taxco-visita-un-taller-de-orfebreria-taxquena-t764021/
México;san-miguel-de-allende-l2515;843604;San Miguel De Allende 90 Minutos De Masaje De Tejido Profundo;https://www.getyourguide.com/es-es/san-miguel-de-allende-l2515/san-miguel-de-allende-90-minutos-de-masaje-de-tejido-profundo-t843604/
México;veracruz-l683;890499;Desde Veracruz Excursion A La Antigua Y San Juan De Ulua;https://www.getyourguide.com/es-es/veracruz-l683/desde-veracruz-excursion-a-la-antigua-y-san-juan-de-ulua-t890499/
México;villa-zempoala-l212806;915082;Desde Veracruz Tour Quiahuixtlan Cempoala Y La Antigua La Ruta De Cortes;https://www.getyourguide.com/es-es/villa-zempoala-l212806/desde-veracruz-tour-quiahuixtlan-cempoala-y-la-antigua-la-ruta-de-cortes-t915082/
México;playa-del-carmen-l308;958343;Riviera Maya Chichen Itza Valladolid Y Nado En Cenotes;https://www.getyourguide.com/es-es/playa-del-carmen-l308/riviera-maya-chichen-itza-valladolid-y-nado-en-cenotes-t958343/
México;ciudad-de-mexico-l194;960170;Cdmx Visita Temprana A Teotihuacan;https://www.getyourguide.com/es-es/ciudad-de-mexico-l194/cdmx-visita-temprana-a-teotihuacan-t960170/
México;cancun-l150;978186;Desde Cancun Parque Xcaret Plus La Experiencia Completa;https://www.getyourguide.com/es-es/cancun-l150/desde-cancun-parque-xcaret-plus-la-experiencia-completa-t978186/
México;cancun-l150;1003099;Cancun Experiencia Guiada De Cata De Cerveza Artesanal;https://www.getyourguide.com/es-es/cancun-l150/cancun-experiencia-guiada-de-cata-de-cerveza-artesanal-t1003099/
México;akumal-l2807;1084451;Akumal Aventura De Snorkel Con Tortugas Y Vida Marina;https://www.getyourguide.com/es-es/akumal-l2807/akumal-aventura-de-snorkel-con-tortugas-y-vida-marina-t1084451/
México;ciudad-de-mexico-l194;1227045;Ciudad De Mexico Tour Nocturno En Plaza Garibaldi Walking Tour Cultural;https://www.getyourguide.com/es-es/ciudad-de-mexico-l194/ciudad-de-mexico-tour-nocturno-en-plaza-garibaldi-walking-tour-cultural-t1227045/
México;akumal-l2807;1260690;Akumal Nado Con Tortugas Y Picnic En La Playa;https://www.getyourguide.com/es-es/akumal-l2807/akumal-nado-con-tortugas-y-picnic-en-la-playa-t1260690/
México;ciudad-de-mexico-l194;1280092;Tequila Cata Historia Y Experiencia Inmersiva En Cdmx;https://www.getyourguide.com/es-es/ciudad-de-mexico-l194/tequila-cata-historia-y-experiencia-inmersiva-en-cdmx-t1280092/
México;ciudad-de-mexico-l194;3733;Tour De La Ciudad De Mexico Y Visita Al Museo De Antropologia;https://www.getyourguide.com/es-es/ciudad-de-mexico-l194/tour-de-la-ciudad-de-mexico-y-visita-al-museo-de-antropologia-t3733/
México;puebla-l1471;290040;Desde Puebla Piramide De Cholula E Iglesias Todo Incluido;https://www.getyourguide.com/es-es/puebla-l1471/desde-puebla-piramide-de-cholula-e-iglesias-todo-incluido-t290040/
México;sayulita-l32371;430177;Desde Sayulita Clase Privada De Surf En La Playa De La Lancha;https://www.getyourguide.com/es-es/sayulita-l32371/desde-sayulita-clase-privada-de-surf-en-la-playa-de-la-lancha-t430177/
México;ciudad-de-mexico-l194;527329;Excursion Privada A Taxco El Pueblo Escondido;https://www.getyourguide.com/es-es/ciudad-de-mexico-l194/excursion-privada-a-taxco-el-pueblo-escondido-t527329/
México;holbox-l189767;527512;Holbox Excursion En Kayak Al Amanecer Por Los Manglares;https://www.getyourguide.com/es-es/holbox-l189767/holbox-excursion-en-kayak-al-amanecer-por-los-manglares-t527512/
México;monterrey-l679;593203;Tour Arteaga Coahuila Guia Traslados Ticket De Entrada;https://www.getyourguide.com/es-es/monterrey-l679/tour-arteaga-coahuila-guia-traslados-ticket-de-entrada-t593203/
México;municipio-oaxaca-de-juarez-l681;617339;Oaxaca Monte Alban Alebrijes Y Talleres De Barro Negro;https://www.getyourguide.com/es-es/municipio-oaxaca-de-juarez-l681/oaxaca-monte-alban-alebrijes-y-talleres-de-barro-negro-t617339/
México;tulum-l248;628200;Tour De Tacos En Tulum;https://www.getyourguide.com/es-es/tulum-l248/tour-de-tacos-en-tulum-t628200/
México;cabo-san-lucas-l306;655799;Los Cabos Parasailing En Lancha Rapida;https://www.getyourguide.com/es-es/cabo-san-lucas-l306/los-cabos-parasailing-en-lancha-rapida-t655799/
México;cancun-l150;703668;Cancun Traslado En Furgoneta Privada A Akumal;https://www.getyourguide.com/es-es/cancun-l150/cancun-traslado-en-furgoneta-privada-a-akumal-t703668/
México;ensenada-l545;759373;Ensenada Tour De Cata De Vinos Del Valle De Guadalupe;https://www.getyourguide.com/es-es/ensenada-l545/ensenada-tour-de-cata-de-vinos-del-valle-de-guadalupe-t759373/
México;cancun-l150;761115;Traslado Al Aeropuerto Aeropuerto De Cancun A Hoteles De Cancun;https://www.getyourguide.com/es-es/cancun-l150/traslado-al-aeropuerto-aeropuerto-de-cancun-a-hoteles-de-cancun-t761115/
México;ciudad-de-coba-l209788;865904;Excursion Arqueologica Privada A Tulum Y Coba Con Cenote Desde Cancun;https://www.getyourguide.com/es-es/ciudad-de-coba-l209788/excursion-arqueologica-privada-a-tulum-y-coba-con-cenote-desde-cancun-t865904/
México;municipio-oaxaca-de-juarez-l681;871533;Exalta Tu Belleza Portando Un Traje Tipico De Oaxaca Sesion De Fotos;https://www.getyourguide.com/es-es/municipio-oaxaca-de-juarez-l681/exalta-tu-belleza-portando-un-traje-tipico-de-oaxaca-sesion-de-fotos-t871533/
México;cancun-l150;1050639;25 Horas De Clases Privadas De Surf Y Snorkel Para Todas Las Edades;https://www.getyourguide.com/es-es/cancun-l150/25-horas-de-clases-privadas-de-surf-y-snorkel-para-todas-las-edades-t1050639/
México;santa-maria-huatulco-l781;1098154;Huatulco Paseo En Yate Al Atardecer Con Bebidas;https://www.getyourguide.com/es-es/santa-maria-huatulco-l781/huatulco-paseo-en-yate-al-atardecer-con-bebidas-t1098154/
México;ciudad-de-mexico-l194;1101741;Ciudad De Mexico Tour Privado Personalizable Con Guia Y Vehiculo;https://www.getyourguide.com/es-es/ciudad-de-mexico-l194/ciudad-de-mexico-tour-privado-personalizable-con-guia-y-vehiculo-t1101741/
