pais;ciudad_id;tour_id;titulo_referencia;url
Perú;chivay-l129313;698654;Arequipa fullday colca canyon lunch;https://www.getyourguide.com/chivay-l129313/arequipa-fullday-colca-canyon-lunch-transfer-to-puno-t698654/
Perú;puerto-maldonado-l2146;408213;From puerto maldonado 4 day excursion wildlifesearch;https://www.getyourguide.com/puerto-maldonado-l2146/from-puerto-maldonado-4-day-excursion-wildlifesearch-t408213/
Perú;puerto-maldonado-l2146;822791;Monkey island amazon adventure;https://www.getyourguide.com/puerto-maldonado-l2146/monkey-island-amazon-adventure-t822791/
Perú;chivay-l129313;831974;From arequipa colca valley 2 days ending in puno;https://www.getyourguide.com/chivay-l129313/from-arequipa-colca-valley-2-days-ending-in-puno-t831974/
Perú;iquitos-l32156;833885;Yagua 3d2n program;https://www.getyourguide.com/iquitos-l32156/yagua-3d2n-program-t833885/
Perú;lima-l39;838851;Lima shore excursion from;https://www.getyourguide.com/lima-l39/lima-shore-excursion-from-the-port-of-callao-for-cruises-t838851/
Perú;urubamba-l164518;845396;Cusco magic package;https://www.getyourguide.com/urubamba-l164518/cusco-magic-package-to-machu-picchu-6d5n-2-star-hotel-t845396/
Perú;urubamba-l164518;853445;Inca jungle 4 days3 nights;https://www.getyourguide.com/urubamba-l164518/inca-jungle-4-days3-nights-t853445/
Perú;lima-l39;557729;Lima cemetery of;https://www.getyourguide.com/lima-l39/lima-cemetery-of-terror-presbitero-maestro-night-tour-t557729/
Perú;paracas-l32470;884413;Full day;https://www.getyourguide.com/paracas-l32470/full-day-tour-to-huacachina-and-paracas-t884413/
Perú;lima-l39;885845;From lima 13 day;https://www.getyourguide.com/lima-l39/from-lima-13-day-tour-to-machu-picchu-and-uyuni-salt-flats-t885845/
Perú;lima-l39;587165;Hiking lomas de lachay in lima;https://www.getyourguide.com/lima-l39/hiking-lomas-de-lachay-in-lima-t587165/
Perú;trujillo-l2870;894848;Trujillohuanchaco;https://www.getyourguide.com/trujillo-l2870/trujillohuanchaco-trujillo-classic-2-days-1-night-t894848/
Perú;aguas-calientes-l91472;636609;Direct bus from cusco;https://www.getyourguide.com/aguas-calientes-l91472/direct-bus-from-cusco-to-puerto-maldonado-t636609/
Perú;puno-l32157;657365;Titicaca lake isla del sol catamaran;https://www.getyourguide.com/puno-l32157/titicaca-lake-isla-del-sol-catamaran-tour-t657365/
Perú;paracas-l32470;695259;Paracas drive atv and buggy in paracas reserve;https://www.getyourguide.com/paracas-l32470/paracas-drive-atv-and-buggy-in-paracas-reserve-t695259/
Perú;puno-l32157;704321;Frompuno uros and amantani islands full day;https://www.getyourguide.com/puno-l32157/frompuno-uros-and-amantani-islands-full-day-tour-with-lunch-t704321/
Perú;huaraz-l360;793144;Huaraz rocotuyoc lagoon laguna helada hiking huaraz;https://www.getyourguide.com/huaraz-l360/huaraz-rocotuyoc-lagoon-laguna-helada-hiking-huaraz-t793144/
Perú;chivay-l129313;816367;Excursion;https://www.getyourguide.com/chivay-l129313/excursion-to-the-colca-canyon-with-breakfast-and-lunch-t816367/
Perú;chivay-l129313;829853;From puno colca valley;https://www.getyourguide.com/chivay-l129313/from-puno-colca-valley-tour-2d-with-transfer-to-arequipa-t829853/
Perú;iquitos-l32156;832821;From iquitos excursion;https://www.getyourguide.com/iquitos-l32156/from-iquitos-excursion-to-the-monkey-island-full-day-t832821/
Perú;ica-l1608;837905;From huacachina sandboarding in;https://www.getyourguide.com/ica-l1608/from-huacachina-sandboarding-in-the-ica-desert-at-sunset-t837905/
Perú;piura-l156022;845522;From piura excursion;https://www.getyourguide.com/piura-l156022/from-piura-excursion-to-mancora-swimming-with-turtles-t845522/
Perú;arequipa-l2859;1143379;Arequipa climbing and city walking;https://www.getyourguide.com/arequipa-l2859/arequipa-climbing-and-city-walking-tour-t1143379/
Perú;arequipa-l2859;852341;Colca canyon plus 2 days;https://www.getyourguide.com/arequipa-l2859/colca-canyon-plus-2-days-t852341/
Perú;paracas-l32470;854289;From lima paracas and huacachina day;https://www.getyourguide.com/paracas-l32470/from-lima-paracas-and-huacachina-day-trip-with-transfers-t854289/
Perú;paracas-l32470;861833;From lima ballestas islands huacachina and wine;https://www.getyourguide.com/paracas-l32470/from-lima-ballestas-islands-huacachina-and-wine-tour-t861833/
Perú;lima-l39;862960;Lima city;https://www.getyourguide.com/lima-l39/lima-city-tour-in-the-city-of-kings-t862960/
Perú;chivay-l129313;875687;From arequipa colca canyon and puno bus;https://www.getyourguide.com/chivay-l129313/from-arequipa-colca-canyon-and-puno-bus-tour-t875687/
Perú;lima-l39;959488;Lima guided;https://www.getyourguide.com/lima-l39/lima-guided-tour-of-museo-larco-t959488/
Perú;lima-l39;1312035;Lima market;https://www.getyourguide.com/lima-l39/lima-market-tour-and-cooking-class-with-meal-t1312035/
Perú;lima-l39;29012;Lima s san isidro and miraflores biking;https://www.getyourguide.com/lima-l39/lima-s-san-isidro-and-miraflores-biking-tour-t29012/
Perú;paracas-l32470;1266153;Lima 3 day coastal adventure;https://www.getyourguide.com/paracas-l32470/lima-3-day-coastal-adventure-to-paracas-ica-nasca-t1266153/
Perú;arequipa-l2859;474538;Arequipa food;https://www.getyourguide.com/arequipa-l2859/arequipa-food-tour-experience-t474538/
Perú;huaraz-l360;1329778;Huaraz 8 day;https://www.getyourguide.com/huaraz-l360/huaraz-8-day-trek-through-the-huayhuash-mountain-range-t1329778/
Perú;urubamba-l164518;729473;Sacred valley;https://www.getyourguide.com/urubamba-l164518/sacred-valley-t729473/
Perú;urubamba-l164518;743012;4 days inca;https://www.getyourguide.com/urubamba-l164518/4-days-inca-trail-hike-to-machu-picchu-t743012/
Perú;lima-l39;422449;Lima sightseeing bike;https://www.getyourguide.com/lima-l39/lima-sightseeing-bike-tour-with-food-and-drink-tastings-t422449/
Perú;ica-l1608;826068;Huacachina dune buggy recreational sandboarding sunset;https://www.getyourguide.com/ica-l1608/huacachina-dune-buggy-recreational-sandboarding-sunset-t826068/
Perú;iquitos-l32156;833902;Nature program 3d2n;https://www.getyourguide.com/iquitos-l32156/nature-program-3d2n-t833902/
Perú;urubamba-l164518;834747;From cusco 8 day;https://www.getyourguide.com/urubamba-l164518/from-cusco-8-day-tour-of-machu-picchu-and-rainbow-mountain-t834747/
Perú;puno-l32157;482772;Kayak in;https://www.getyourguide.com/puno-l32157/kayak-in-the-uros-floating-island-and-taquile-by-speadboat-t482772/
Perú;arequipa-l2859;851535;From arequipa;https://www.getyourguide.com/arequipa-l2859/from-arequipa-tour-of-the-sillar-route-culebrillas-canyon-t851535/
Perú;chiquian-l198998;857835;Huayhuash mountain range guided hike complete circuit;https://www.getyourguide.com/chiquian-l198998/huayhuash-mountain-range-guided-hike-complete-circuit-t857835/
Perú;pisac-l119710;871548;Sacred valley maras and moray with lunch;https://www.getyourguide.com/pisac-l119710/sacred-valley-maras-and-moray-with-lunch-t871548/
Perú;pucara-peru-l145153;886567;Puno full day quechua route;https://www.getyourguide.com/pucara-peru-l145153/puno-full-day-quechua-route-tinajani-canyon-spanishenglish-guide-t886567/
Perú;lima-l39;558423;From lima city;https://www.getyourguide.com/lima-l39/from-lima-city-tour-in-ica-and-visit-the-huacachina-oasis-t558423/
Perú;tarapoto-l140001;622427;Tarapoto private;https://www.getyourguide.com/tarapoto-l140001/tarapoto-private-transfer-tofrom-the-airport-t622427/
Perú;urubamba-l164518;655362;From cusco sacred valley vip buffet lunch;https://www.getyourguide.com/urubamba-l164518/from-cusco-sacred-valley-vip-buffet-lunch-t655362/
Perú;cajamarca-l116362;796785;Cajamarca hacienda la colpa banos del inca;https://www.getyourguide.com/cajamarca-l116362/cajamarca-hacienda-la-colpa-banos-del-inca-t796785/
Perú;cotahuasi-l249040;1139032;Cotahuasi 2 day canyon;https://www.getyourguide.com/cotahuasi-l249040/cotahuasi-2-day-canyon-tour-with-hot-springs-waterfall-t1139032/
Perú;aguas-calientes-l91472;829026;4 day;https://www.getyourguide.com/aguas-calientes-l91472/4-day-trek-from-lares-to-machu-picchu-t829026/
Perú;trujillo-l2870;855980;Mirabus;https://www.getyourguide.com/trujillo-l2870/mirabus-tourist-bus-in-trujillo-t855980/
Perú;chivay-l129313;873882;From arequipa 2 day colca canyon;https://www.getyourguide.com/chivay-l129313/from-arequipa-2-day-colca-canyon-tour-to-puno-t873882/
Perú;mollepata-l215653;1198994;Hike;https://www.getyourguide.com/mollepata-l215653/hike-to-humantay-lake-from-cusco-t1198994/
Perú;urubamba-l164518;876893;Machu picchu 7 lagoons days of magic and nature htl;https://www.getyourguide.com/urubamba-l164518/machu-picchu-7-lagoons-days-of-magic-and-nature-htl-t876893/
Perú;urubamba-l164518;891470;From cusco sacred valley maras moray and ollantaytambo;https://www.getyourguide.com/urubamba-l164518/from-cusco-sacred-valley-maras-moray-and-ollantaytambo-t891470/
Perú;paracas-l32470;1306703;From paracas colca canyon all inclusive 2 day full day;https://www.getyourguide.com/paracas-l32470/from-paracas-colca-canyon-all-inclusive-2-day-full-day-tour-t1306703/
Perú;puno-l32157;247577;Puno uros and;https://www.getyourguide.com/puno-l32157/puno-uros-and-taquile-islands-tour-in-a-speedboat-t247577/
Perú;lima-l39;490786;Lima villa el salvador shanty;https://www.getyourguide.com/lima-l39/lima-villa-el-salvador-shanty-town-tour-t490786/
Perú;lima-l39;527531;Lima city of kings culture and;https://www.getyourguide.com/lima-l39/lima-city-of-kings-culture-and-traditions-t527531/
Perú;lima-l39;557730;Lima nazca lines flight from lima fly over geoglyphs;https://www.getyourguide.com/lima-l39/lima-nazca-lines-flight-from-lima-fly-over-geoglyphs-t557730/
Perú;urubamba-l164518;1293681;Cusco exclusive sacred valley;https://www.getyourguide.com/urubamba-l164518/cusco-exclusive-sacred-valley-tour-small-group-lunch-t1293681/
Perú;huaraz-l360;1309254; huaraz 7 day expedition;https://www.getyourguide.com/huaraz-l360/-huaraz-7-day-expedition-to-alpamayo-the-most-beautiful-mountain--t1309254/
Perú;lima-l39;608242;From lima pachacamac archaeological site guided;https://www.getyourguide.com/lima-l39/from-lima-pachacamac-archaeological-site-guided-tour-t608242/
Perú;iquitos-l32156;435306;Iquitos 4 day amazon wildlife cultural expedition;https://www.getyourguide.com/iquitos-l32156/iquitos-4-day-amazon-wildlife-cultural-expedition-t435306/
Perú;pucara-peru-l145153;855765;From puno route of;https://www.getyourguide.com/pucara-peru-l145153/from-puno-route-of-the-sun-from-puno-to-cusco--t855765/
Perú;ica-l1608;481760;Pisco wineries and vineyards day;https://www.getyourguide.com/ica-l1608/pisco-wineries-and-vineyards-day-tour-t481760/
Perú;ica-l1608;893870;Huacachina dune buggy;https://www.getyourguide.com/ica-l1608/huacachina-dune-buggy-tour-with-sandboarding-in-the-dunes-t893870/
Perú;villa-el-salvador-l226575;962693;Lima bike;https://www.getyourguide.com/villa-el-salvador-l226575/lima-bike-tour-and-surfing-along-the-coast-t962693/
Perú;ica-l1608;607541;Atv adventure ballestas island and paracas national reserve;https://www.getyourguide.com/ica-l1608/atv-adventure-ballestas-island-and-paracas-national-reserve-t607541/
Perú;ayacucho-l152602;645918;Ayacucho relax at collpa;https://www.getyourguide.com/ayacucho-l152602/ayacucho-relax-at-collpa-thermal-pools-aguas-termales-t645918/
Perú;puno-l32157;1064678;Puno half day;https://www.getyourguide.com/puno-l32157/puno-half-day-trip-to-the-floating-island-of-uros-virtual-reality-t1064678/
Perú;lima-l39;1069158;Enjoy miraflores huaca pucllana parque kennedy parque del amor;https://www.getyourguide.com/lima-l39/enjoy-miraflores-huaca-pucllana-parque-kennedy-parque-del-amor-t1069158/
Perú;arequipa-l2859;1096440;Arequipa experience;https://www.getyourguide.com/arequipa-l2859/arequipa-experience-the-adventure-at-the-pillones-waterfall-and-stone-forest-t1096440/
Perú;lima-l39;1104094;From lima overnight in huacachina oasis nazca lines buggy;https://www.getyourguide.com/lima-l39/from-lima-overnight-in-huacachina-oasis-nazca-lines-buggy-tour-t1104094/
Perú;urubamba-l164518;751835;From cusco sacred valley;https://www.getyourguide.com/urubamba-l164518/from-cusco-sacred-valley-tour-moray-pisac-maras-salt-min-t751835/
Perú;pucara-peru-l145153;772071;Puno cusco bus with buffet lunch;https://www.getyourguide.com/pucara-peru-l145153/puno-cusco-bus-with-buffet-lunch-t772071/
Perú;trujillo-l2870;793905;Trujillo moche;https://www.getyourguide.com/trujillo-l2870/trujillo-moche-tour-huacas-de-luna-horses-show-t793905/
Perú;chachapoyas-l135812;796662;Chachapoyas karajia sarcophagi quiocta caves;https://www.getyourguide.com/chachapoyas-l135812/chachapoyas-karajia-sarcophagi-quiocta-caves-t796662/
Perú;chivay-l129313;822862;From arequipa 1 day;https://www.getyourguide.com/chivay-l129313/from-arequipa-1-day-tour-to-the-colca-canyon-breakfast-t822862/
Perú;puno-l32157;825999;Puno lake;https://www.getyourguide.com/puno-l32157/puno-lake-titicaca-uros-and-taquile-1-day-tour-t825999/
Perú;urubamba-l164518;828159;Cusco 4 day machu picchu;https://www.getyourguide.com/urubamba-l164518/cusco-4-day-machu-picchu-tour-with-rafting-and-ziplining-t828159/
Perú;puerto-maldonado-l2146;831276;Puerto maldonado kayak;https://www.getyourguide.com/puerto-maldonado-l2146/puerto-maldonado-kayak-tour-monkey-island-for-1-day-t831276/
Perú;chivay-l129313;841092;From chivay colca chivay puno route ;https://www.getyourguide.com/chivay-l129313/from-chivay-colca-chivay-puno-route--t841092/
Perú;lima-l39;1178582;Historic lima on foot from plaza san martin;https://www.getyourguide.com/lima-l39/historic-lima-on-foot-from-plaza-san-martin-to-the-san-francisco-convent-t1178582/
Perú;lima-l39;1181877;Lima private;https://www.getyourguide.com/lima-l39/lima-private-tour-of-barranco-la-herradura-and-the-pachacamac-sanctuary-t1181877/
Perú;paracas-l32470;862047;From lima ballestas islands huacachina and pisco;https://www.getyourguide.com/paracas-l32470/from-lima-ballestas-islands-huacachina-and-pisco-tour-t862047/
Perú;lima-l39;1229477;Lima peruvian folk dance show dining experience;https://www.getyourguide.com/lima-l39/lima-peruvian-folk-dance-show-dining-experience-t1229477/
Perú;urubamba-l164518;974716;Machu picchu official entrance;https://www.getyourguide.com/urubamba-l164518/machu-picchu-official-entrance-ticket-t974716/
Perú;lima-l39;1068359;Urban scooter exploration a miraflores ride;https://www.getyourguide.com/lima-l39/urban-scooter-exploration-a-miraflores-ride-t1068359/
Perú;lima-l39;1325086;Lima buffet lunch and peruvian paso horse show;https://www.getyourguide.com/lima-l39/lima-buffet-lunch-and-peruvian-paso-horse-show-t1325086/
Perú;acomayo-l214662;1329353;Cusco 4 lagoons acomayo;https://www.getyourguide.com/acomayo-l214662/cusco-4-lagoons-acomayo-tungasuca-living-viewpoints-t1329353/
Perú;puerto-maldonado-l2146;1136935;Puerto maldonado;https://www.getyourguide.com/puerto-maldonado-l2146/puerto-maldonado-tambopata-expeditions-4-days-expeditions-t1136935/
Perú;puerto-maldonado-l2146;1185558;Puerto maldonado;https://www.getyourguide.com/puerto-maldonado-l2146/puerto-maldonado-tambopata-river-night-safari-with-pickup-t1185558/
Perú;paracas-l32470;500875;Buggy and sandboard adventure at paracas desert;https://www.getyourguide.com/paracas-l32470/buggy-and-sandboard-adventure-at-paracas-desert-t500875/
Perú;urubamba-l164518;544843;Humantay lake;https://www.getyourguide.com/urubamba-l164518/humantay-lake-tour-and-machu-picchu-tour-by-train-t544843/
Perú;aguas-calientes-l91472;570018;From cusco machu picchu by car 2 days;https://www.getyourguide.com/aguas-calientes-l91472/from-cusco-machu-picchu-by-car-2-days-t570018/
Perú;trujillo-l2870;606911;Trujillo 3 day guided;https://www.getyourguide.com/trujillo-l2870/trujillo-3-day-guided-tour-with-airport-transfer-t606911/
Perú;urubamba-l164518;657164;From cusco sacred valley moray salt mines with lunch;https://www.getyourguide.com/urubamba-l164518/from-cusco-sacred-valley-moray-salt-mines-with-lunch-t657164/
Perú;lima-l39;674925;From lima rafting at lunahuana;https://www.getyourguide.com/lima-l39/from-lima-rafting-at-lunahuana-t674925/
Perú;arequipa-l2859;677244;Walking nice;https://www.getyourguide.com/arequipa-l2859/walking-nice-tour-by-the-center-historic-in-arequipa-t677244/
Perú;aguas-calientes-l91472;681712;2 day excursion;https://www.getyourguide.com/aguas-calientes-l91472/2-day-excursion-to-machu-picchu-with-tickets-t681712/
Perú;puerto-maldonado-l2146;314602;Capibara and caiman search on;https://www.getyourguide.com/puerto-maldonado-l2146/capibara-and-caiman-search-on-the-tambopata-river-t314602/
Perú;lima-l39;410638;Lima city;https://www.getyourguide.com/lima-l39/lima-city-tour-historic-center-love-park-catacombs-t410638/
Perú;urubamba-l164518;825945;From cusco sacred valley by bike;https://www.getyourguide.com/urubamba-l164518/from-cusco-sacred-valley-by-bike-t825945/
Perú;trujillo-l2870;859731;Shore excursion from salaverry port;https://www.getyourguide.com/trujillo-l2870/shore-excursion-from-salaverry-port-t859731/
Perú;puno-l32157;885707;Puno uros and;https://www.getyourguide.com/puno-l32157/puno-uros-and-taquile-islands-full-day-tour-with-lunch-t885707/
Perú;lima-l39;953649;Peru 9d humantay lake nazca sacred valley hotel ;https://www.getyourguide.com/lima-l39/peru-9d-humantay-lake-nazca-sacred-valley-hotel--t953649/
Perú;iquitos-l32156;970915;Iquitos monkey island with lunch and hotel pickup;https://www.getyourguide.com/iquitos-l32156/iquitos-monkey-island-with-lunch-and-hotel-pickup-t970915/
Perú;lima-l39;583189;From lima sanctuary of pachacamac barranco;https://www.getyourguide.com/lima-l39/from-lima-sanctuary-of-pachacamac-barranco-t583189/
Perú;ica-l1608;1075317;Nazca lines;https://www.getyourguide.com/ica-l1608/nazca-lines-tourist-flight-with-transportation-from-huacachina-t1075317/
Perú;puno-l32157;815284;From puno la paz;https://www.getyourguide.com/puno-l32157/from-puno-la-paz-tiwanaku-day-tour-t815284/
Perú;arequipa-l2859;828134;Colca canyon;https://www.getyourguide.com/arequipa-l2859/colca-canyon-tour-one-day-in-arequipa-with-breakfast-t828134/
Perú;arequipa-l2859;1160042;Arequipa salinas lagoon;https://www.getyourguide.com/arequipa-l2859/arequipa-salinas-lagoon-tour-with-breakfast-hot-springs-t1160042/
Perú;lima-l39;862968;Lima barranco art food;https://www.getyourguide.com/lima-l39/lima-barranco-art-food-tour-t862968/
Perú;chiquian-l198998;870163;From huaraz huayhuash circuit 9 days;https://www.getyourguide.com/chiquian-l198998/from-huaraz-huayhuash-circuit-9-days-trekking-budget-trek-t870163/
Perú;lima-l39;1094914;Lima historic center e bike;https://www.getyourguide.com/lima-l39/lima-historic-center-e-bike-tour-with-guide-t1094914/
Perú;arequipa-l2859;1111850;From arequipa bus;https://www.getyourguide.com/arequipa-l2859/from-arequipa-bus-to-puno-and-uros-taquile-day-tour-t1111850/
Perú;lima-l39;1115697;Lima pub crawl with free shots and club entry;https://www.getyourguide.com/lima-l39/lima-pub-crawl-with-free-shots-and-club-entry-t1115697/
Perú;puno-l32157;93729;Chullpas de sillustani half day;https://www.getyourguide.com/puno-l32157/chullpas-de-sillustani-half-day-tour-t93729/
Perú;cruzpata-l238162;1147223;Cusco moray maras and chinchero quad bike;https://www.getyourguide.com/cruzpata-l238162/cusco-moray-maras-and-chinchero-quad-bike-tour-t1147223/
Perú;chinchero-l219429;1185233;Cusco sacred valley moray and maras salt mines;https://www.getyourguide.com/chinchero-l219429/cusco-sacred-valley-moray-and-maras-salt-mines-tour-t1185233/
Perú;iquitos-l32156;1204907;Iquitos amazon river day;https://www.getyourguide.com/iquitos-l32156/iquitos-amazon-river-day-trip-with-lunch-and-transfers-t1204907/
Perú;magdalena-de-cao-l208869;1224454;Mystic route of el brujo lady of cao private;https://www.getyourguide.com/magdalena-de-cao-l208869/mystic-route-of-el-brujo-lady-of-cao-private-tour-t1224454/
Perú;aguas-calientes-l91472;458550;Desde cusco machu picchu by car 2d1n;https://www.getyourguide.com/aguas-calientes-l91472/desde-cusco-machu-picchu-by-car-2d1n-t458550/
Perú;lima-l39;464999;Lima magic water circuit light show;https://www.getyourguide.com/lima-l39/lima-magic-water-circuit-light-show-tour-t464999/
Perú;ica-l1608;557548;From ica buggy excursion;https://www.getyourguide.com/ica-l1608/from-ica-buggy-excursion-through-the-huacachina-desert-t557548/
Perú;aguas-calientes-l91472;565974;Short inca;https://www.getyourguide.com/aguas-calientes-l91472/short-inca-trail-to-machu-picchu-2-days-t565974/
Perú;urubamba-l164518;799836;From cusco salkantay;https://www.getyourguide.com/urubamba-l164518/from-cusco-salkantay-trek-to-machu-picchu-5-days-4-nights-t799836/
Perú;ayacucho-l152602;827206;From ayacucho excursion;https://www.getyourguide.com/ayacucho-l152602/from-ayacucho-excursion-to-the-7-canyons-of-qorihuillca-t827206/
Perú;arequipa-l2859;828355;Offer price excursion salinas lagoon and national reserve 8h;https://www.getyourguide.com/arequipa-l2859/offer-price-excursion-salinas-lagoon-and-national-reserve-8h-t828355/
Perú;urubamba-l164518;873409;From cusco sacred valley pisac ollantaytambo and ;https://www.getyourguide.com/urubamba-l164518/from-cusco-sacred-valley-pisac-ollantaytambo-and--t873409/
Perú;urubamba-l164518;572639;Cusco excursion;https://www.getyourguide.com/urubamba-l164518/cusco-excursion-to-the-sacred-valley-of-the-incas-t572639/
Perú;puerto-maldonado-l2146;626885;4 day;https://www.getyourguide.com/puerto-maldonado-l2146/4-day-tambopata-chuncho-macaw-clay-lick-adventure-t626885/
Perú;lima-l39;1104525;Lima 2 days palomino island swim with sea lions huacachina all inclusive;https://www.getyourguide.com/lima-l39/lima-2-days-palomino-island-swim-with-sea-lions-huacachina-all-inclusive-t1104525/
Perú;puerto-maldonado-l2146;841155;From puerto maldonado jungle;https://www.getyourguide.com/puerto-maldonado-l2146/from-puerto-maldonado-jungle-trekking-sandoval-lake--t841155/
Perú;arequipa-l2859;1137964;Arequipa salinas aguada blanca;https://www.getyourguide.com/arequipa-l2859/arequipa-salinas-aguada-blanca-tour-with-chocolate-class-t1137964/
Perú;chivay-l129313;877757;Salinas and aguada blanca national reserve;https://www.getyourguide.com/chivay-l129313/salinas-and-aguada-blanca-national-reserve-t877757/
Perú;paracas-l32470;1127619;From ica ballestas islands paracas reserve round;https://www.getyourguide.com/paracas-l32470/from-ica-ballestas-islands-paracas-reserve-round-trip-t1127619/
Perú;lima-l39;1133422;Lima rock climbing;https://www.getyourguide.com/lima-l39/lima-rock-climbing-t1133422/
Perú;ollantaytambo-l93095;1179513;Cusco sacred valley 2 day patacancha;https://www.getyourguide.com/ollantaytambo-l93095/cusco-sacred-valley-2-day-patacancha-trail-ollantaytambo-t1179513/
Perú;ica-l1608;1182556;Ica visit;https://www.getyourguide.com/ica-l1608/ica-visit-the-canyon-of-the-lost-with-a-hike-and-a-natural-approach-t1182556/
Perú;puerto-maldonado-l2146;1183704;Puerto maldonado canopy zipline and kayak adventure;https://www.getyourguide.com/puerto-maldonado-l2146/puerto-maldonado-canopy-zipline-and-kayak-adventure-t1183704/
Perú;pucara-peru-l145153;274827;From cusco cusco;https://www.getyourguide.com/pucara-peru-l145153/from-cusco-cusco-to-puno-shuttle-guided-tour-with-lunch-t274827/
Perú;puno-l32157;1296116;From puno uros;https://www.getyourguide.com/puno-l32157/from-puno-uros-tour-with-swim-in-lake-titicaca-t1296116/
Perú;lima-l39;494204;Lima airport bus;https://www.getyourguide.com/lima-l39/lima-airport-bus-transfer-tofrom-miraflores-t494204/
Perú;iquitos-l32156;522394;Iquitos visita al mercado de belen;https://www.getyourguide.com/iquitos-l32156/iquitos-visita-al-mercado-de-belen-t522394/
Perú;puerto-maldonado-l2146;554460;Puerto maldonado 4 day;https://www.getyourguide.com/puerto-maldonado-l2146/puerto-maldonado-4-day-tambopata-national-reserve-t554460/
Perú;piura-l156022;645744;From piura airport;https://www.getyourguide.com/piura-l156022/from-piura-airport-transfers-to-and-from-mancora-t645744/
Perú;puerto-maldonado-l2146;684926;Puerto maldonado;https://www.getyourguide.com/puerto-maldonado-l2146/puerto-maldonado-tambopata-jungle-tour-3-days-t684926/
Perú;tumbes-l198931;691331;Green;https://www.getyourguide.com/tumbes-l198931/green-treasure-national-mangrove-sanctuary-tumbes-t691331/
Perú;urubamba-l164518;816153;Sacred valley;https://www.getyourguide.com/urubamba-l164518/sacred-valley-tour-pisac-ollantaytambo-and-chinchero-t816153/
Perú;puno-l32157;825930;From puno colca valley 2 day;https://www.getyourguide.com/puno-l32157/from-puno-colca-valley-2-day-tour-ending-in-arequipa-t825930/
Perú;chivay-l129313;828344;1d full;https://www.getyourguide.com/chivay-l129313/1d-full-tour-to-colca-canyon-with-breakfast-and-lunch-buffet-t828344/
Perú;ica-l1608;847276;From ica nazca archaeological;https://www.getyourguide.com/ica-l1608/from-ica-nazca-archaeological-tourprivate-t847276/
Perú;lima-l39;557003;From lima full day;https://www.getyourguide.com/lima-l39/from-lima-full-day-to-paracas-and-huacachina-desert-oasis-t557003/
Perú;huaraz-l360;557552;Exciting;https://www.getyourguide.com/huaraz-l360/exciting-trip-to-the-chinancocha-lagoon-t557552/
Perú;aguas-calientes-l91472;860312;From cusco hidroelectrica round;https://www.getyourguide.com/aguas-calientes-l91472/from-cusco-hidroelectrica-round-trip-transfer-t860312/
Perú;chachapoyas-l135812;885284;Chachapoyas kuelap and macro observation day;https://www.getyourguide.com/chachapoyas-l135812/chachapoyas-kuelap-and-macro-observation-day-trip-t885284/
Perú;ica-l1608;893814;Ica wine pisco and dune buggy experience;https://www.getyourguide.com/ica-l1608/ica-wine-pisco-and-dune-buggy-experience-t893814/
Perú;acomayo-l214662;920122;From cusco waqrapukara;https://www.getyourguide.com/acomayo-l214662/from-cusco-waqrapukara-temple-tour-with-breakfast-and-lunch-t920122/
Perú;san-rafael-peru-l180652;962282;Amazonas yana yacu mysterious jungle 5d4n;https://www.getyourguide.com/san-rafael-peru-l180652/amazonas-yana-yacu-mysterious-jungle-5d4n-t962282/
Perú;junin-peru-l198897;677085;Marcapomacocha from lima discover;https://www.getyourguide.com/junin-peru-l198897/marcapomacocha-from-lima-discover-the-lakeside-route-t677085/
Perú;ollantaytambo-l93095;806614;From cusco sacred valley maras moray and ollantaytambo;https://www.getyourguide.com/ollantaytambo-l93095/from-cusco-sacred-valley-maras-moray-and-ollantaytambo-t806614/
Perú;chivay-l129313;826961;Colca canyon;https://www.getyourguide.com/chivay-l129313/colca-canyon-trip-2-days-transfer-to-puno-with-meals-t826961/
Perú;arequipa-l2859;829262;Colca canyon day;https://www.getyourguide.com/arequipa-l2859/colca-canyon-day-trip-transfer-to-puno-with-meals-t829262/
Perú;lima-l39;1119049;Lima historic center evening;https://www.getyourguide.com/lima-l39/lima-historic-center-evening-tour-pisco-dinner-and-dessert-t1119049/
Perú;urubamba-l164518;1147172;From cusco pallay punchu hike and raqchi visit with meals;https://www.getyourguide.com/urubamba-l164518/from-cusco-pallay-punchu-hike-and-raqchi-visit-with-meals-t1147172/
Perú;lima-l39;953515;Lima discover;https://www.getyourguide.com/lima-l39/lima-discover-the-flavors-and-colors-of-lima-market-t953515/
Perú;arequipa-l2859;1018436;Arequipa walking;https://www.getyourguide.com/arequipa-l2859/arequipa-walking-tour-of-the-historic-center-t1018436/
Perú;lima-l39;1036141;Miraflores loom weaving workshop with peruvian fibers and a cultural focus;https://www.getyourguide.com/lima-l39/miraflores-loom-weaving-workshop-with-peruvian-fibers-and-a-cultural-focus-t1036141/
Perú;paracas-l32470;1268580;Paracas candelabro geoglyph kayak;https://www.getyourguide.com/paracas-l32470/paracas-candelabro-geoglyph-kayak-tour-with-hotel-transfer-t1268580/
Perú;lima-l39;1084081;Explore lima from callao;https://www.getyourguide.com/lima-l39/explore-lima-from-callao-tour-of-miraflores-barranco-and-the-larco-museum-t1084081/
Perú;lima-l39;1087412;Barranco;https://www.getyourguide.com/lima-l39/barranco-tour-street-art-and-hot-spots-t1087412/
Perú;iquitos-l32156;1305796;Iquitos city walking;https://www.getyourguide.com/iquitos-l32156/iquitos-city-walking-tour-with-river-views-t1305796/
Perú;santa-maria-peru-l149232;1152725;Cusco 2 day biking rafting zipline jungle capsule;https://www.getyourguide.com/santa-maria-peru-l149232/cusco-2-day-biking-rafting-zipline-jungle-capsule-t1152725/
Perú;puno-l32157;1155619;Los uros islands history evolution and current events with a local lunch;https://www.getyourguide.com/puno-l32157/los-uros-islands-history-evolution-and-current-events-with-a-local-lunch-t1155619/
Perú;lima-l39;191991;Lima private classic city;https://www.getyourguide.com/lima-l39/lima-private-classic-city-tour-t191991/
Perú;urubamba-l164518;1295769;Cusco sacred valley of;https://www.getyourguide.com/urubamba-l164518/cusco-sacred-valley-of-the-incas-and-maras-stop-at-the-urquillos-vantage-point-t1295769/
Perú;urubamba-l164518;544199;Inca jungle;https://www.getyourguide.com/urubamba-l164518/inca-jungle-to-machu-picchu-4-days-t544199/
Perú;urubamba-l164518;561696;Cusco inca;https://www.getyourguide.com/urubamba-l164518/cusco-inca-trail-2-days-trekking-machu-picchu-t561696/
Perú;aguas-calientes-l91472;564646;Excursion;https://www.getyourguide.com/aguas-calientes-l91472/excursion-to-the-sacred-valley-and-machu-picchu-2-days1nigh-t564646/
Perú;puno-l32157;249952;From puno sun island and copacabana 1 day;https://www.getyourguide.com/puno-l32157/from-puno-sun-island-and-copacabana-1-day-tour-t249952/
Perú;ica-l1608;650122;City;https://www.getyourguide.com/ica-l1608/city-tour-ica-huacachinabuggies-in-private-car-from-paracas-t650122/
Perú;aguas-calientes-l91472;695113;Machu picchu by car 2 days;https://www.getyourguide.com/aguas-calientes-l91472/machu-picchu-by-car-2-days-t695113/
Perú;chivay-l129313;480597;From arequipa 3 day colca canyon hiking;https://www.getyourguide.com/chivay-l129313/from-arequipa-3-day-colca-canyon-hiking-tour-adventure-t480597/
Perú;urubamba-l164518;554940;Machu picchu 2 days hiking;https://www.getyourguide.com/urubamba-l164518/machu-picchu-2-days-hiking-t554940/
Perú;huaraz-l360;681472;Turquoise adventure journey;https://www.getyourguide.com/huaraz-l360/turquoise-adventure-journey-to-laguna-69-in-huaraz-t681472/
Perú;aguas-calientes-l91472;728364;Machu picchu full day by;https://www.getyourguide.com/aguas-calientes-l91472/machu-picchu-full-day-by-train-t728364/
Perú;urubamba-l164518;751581;Bike;https://www.getyourguide.com/urubamba-l164518/bike-tour-through-the-sacred-valley-1-day-t751581/
Perú;cruzpata-l238162;1095785;From cusco quad bike scenic route huaypo;https://www.getyourguide.com/cruzpata-l238162/from-cusco-quad-bike-scenic-route-huaypo-tiobamba-and-checoq-t1095785/
Perú;urubamba-l164518;760649;Full day sacred valley lunch buffet;https://www.getyourguide.com/urubamba-l164518/full-day-sacred-valley-lunch-buffet-t760649/
Perú;urubamba-l164518;777951;Machu picchu 2 days hiking;https://www.getyourguide.com/urubamba-l164518/machu-picchu-2-days-hiking-t777951/
Perú;urubamba-l164518;779198;From cusco machu picchu private;https://www.getyourguide.com/urubamba-l164518/from-cusco-machu-picchu-private-tour-with-transportation-t779198/
Perú;aguas-calientes-l91472;805619;From cusco machu picchu 2 days;https://www.getyourguide.com/aguas-calientes-l91472/from-cusco-machu-picchu-2-days-trekking-t805619/
Perú;iquitos-l32156;821940;Monkey island private;https://www.getyourguide.com/iquitos-l32156/monkey-island-private-tour-t821940/
Perú;arequipa-l2859;844348;Tour of salinas and yanaorco lagoons lojen;https://www.getyourguide.com/arequipa-l2859/tour-of-salinas-and-yanaorco-lagoons-lojen-thermal-baths-t844348/
Perú;chachapoyas-l135812;869375;From amazonas majestic chachapoyas 3d2n;https://www.getyourguide.com/chachapoyas-l135812/from-amazonas-majestic-chachapoyas-3d2n-t869375/
Perú;paracas-l32470;917514;Ica;https://www.getyourguide.com/paracas-l32470/ica-tour-to-paracas-with-a-visit-to-the-ballestas-islands-and-huacachina-t917514/
Perú;paracas-l32470;948971;From lima visit;https://www.getyourguide.com/paracas-l32470/from-lima-visit-to-paracas-ballestas-islands-huacachina-and-a-winery-in-ica-t948971/
Perú;urubamba-l164518;953271;Cusco city;https://www.getyourguide.com/urubamba-l164518/cusco-city-tour-with-inca-archaeological-treasures-t953271/
Perú;arequipa-l2859;1024616;3 day;https://www.getyourguide.com/arequipa-l2859/3-day-tour-from-arequipa-to-puno-t1024616/
Perú;urubamba-l164518;1122668;Cusco atv;https://www.getyourguide.com/urubamba-l164518/cusco-atv-tour-to-naupa-iglesia-raqaypata-perolniyoc-t1122668/
Perú;paracas-l32470;1128631;From paracas ballestas ica huacachina round;https://www.getyourguide.com/paracas-l32470/from-paracas-ballestas-ica-huacachina-round-trip-t1128631/
Perú;arequipa-l2859;1142367;Arequipa pillones waterfall private city walking;https://www.getyourguide.com/arequipa-l2859/arequipa-pillones-waterfall-private-city-walking-tour-t1142367/
Perú;arequipa-l2859;1270466;Arequipa morning city;https://www.getyourguide.com/arequipa-l2859/arequipa-morning-city-tour-or-sunset-city-tour-t1270466/
Perú;paracas-l32470;653801;Trekking in paracas sunset and magic shadows;https://www.getyourguide.com/paracas-l32470/trekking-in-paracas-sunset-and-magic-shadows-t653801/
Perú;iquitos-l32156;757187;Iquitos amazon jungle full day excursion;https://www.getyourguide.com/iquitos-l32156/iquitos-amazon-jungle-full-day-excursion-t757187/
Perú;huaraz-l360;800387;Huaraz pastoruri glacier nevado snowy full day;https://www.getyourguide.com/huaraz-l360/huaraz-pastoruri-glacier-nevado-snowy-full-day-tour-t800387/
Perú;lima-l39;834678;Lima;https://www.getyourguide.com/lima-l39/lima-tour-of-the-province-of-huaral-chancay-full-day-t834678/
Perú;aguas-calientes-l91472;839887;Machu picchu in a day with;https://www.getyourguide.com/aguas-calientes-l91472/machu-picchu-in-a-day-with-the-inca-rail-train-company-t839887/
Perú;aguas-calientes-l91472;841057;Machu picchu guided;https://www.getyourguide.com/aguas-calientes-l91472/machu-picchu-guided-tour-from-aguas-calientes-t841057/
Perú;chivay-l129313;879683;2 day;https://www.getyourguide.com/chivay-l129313/2-day-trekking-through-the-colca-canyon-t879683/
Perú;ollantaytambo-l93095;882292;Transportation sacred valleypisacollantaytambochinchero;https://www.getyourguide.com/ollantaytambo-l93095/transportation-sacred-valleypisacollantaytambochinchero-t882292/
Perú;ollantaytambo-l93095;414362;From cusco machu picchu sacred valley 2 day guided;https://www.getyourguide.com/ollantaytambo-l93095/from-cusco-machu-picchu-sacred-valley-2-day-guided-trip-t414362/
Perú;villa-el-salvador-l226575;962640;Lima express bike;https://www.getyourguide.com/villa-el-salvador-l226575/lima-express-bike-tour-t962640/
Perú;lima-l39;539657;Half day city;https://www.getyourguide.com/lima-l39/half-day-city-tour-from-lima-t539657/
Perú;aguas-calientes-l91472;548116;2 day;https://www.getyourguide.com/aguas-calientes-l91472/2-day-tour-sacred-valley-machu-picchu-t548116/
Perú;lima-l39;563443;From limaexplore limacusco and machupicchu in 6 days peru;https://www.getyourguide.com/lima-l39/from-limaexplore-limacusco-and-machupicchu-in-6-days-peru-t563443/
Perú;arequipa-l2859;1142355;Arequipa pillones waterfall chocolate workshop;https://www.getyourguide.com/arequipa-l2859/arequipa-pillones-waterfall-chocolate-workshop-tour-t1142355/
Perú;aguas-calientes-l91472;629618;Cusco excursion;https://www.getyourguide.com/aguas-calientes-l91472/cusco-excursion-to-maras-moray-and-machu-picchu-5d4n-t629618/
Perú;arequipa-l2859;674298;From arequipa 2 day colca canyon;https://www.getyourguide.com/arequipa-l2859/from-arequipa-2-day-colca-canyon-trekking-tour-t674298/
Perú;lima-l39;792173;Lima;https://www.getyourguide.com/lima-l39/lima-transfer-lunuhuana-cerro-azul-canoeing-atv-zipline-t792173/
Perú;aguas-calientes-l91472;809255;Machupichu machupicchu mountain 2 days hotel;https://www.getyourguide.com/aguas-calientes-l91472/machupichu-machupicchu-mountain-2-days-hotel-t809255/
Perú;urubamba-l164518;820738;Sacred valley;https://www.getyourguide.com/urubamba-l164518/sacred-valley-tour-cusco-t820738/
Perú;puno-l32157;822898;From puno kayak;https://www.getyourguide.com/puno-l32157/from-puno-kayak-tour-to-the-uros-islands-full-day-t822898/
Perú;arequipa-l2859;840023;Arequipa;https://www.getyourguide.com/arequipa-l2859/arequipa-tour-to-the-capua-waterfalls-yura-hot-springs-t840023/
Perú;aguas-calientes-l91472;853491;Machu picchu;https://www.getyourguide.com/aguas-calientes-l91472/machu-picchu-tour-by-car-for-2-days-t853491/
Perú;arequipa-l2859;1285009;Arequipa salinas 2026;https://www.getyourguide.com/arequipa-l2859/arequipa-salinas-2026-tour-wetlands-flora-fauna-and-volcanic-views-t1285009/
Perú;chivay-l129313;865022;2 day;https://www.getyourguide.com/chivay-l129313/2-day-tour-colca-canyon-in-arequipa-with-end-in-puno-t865022/
Perú;cabanaconde-l179717;881284;From cabanaconde 2 day colca;https://www.getyourguide.com/cabanaconde-l179717/from-cabanaconde-2-day-colca-trek-starting-at-830-am-t881284/
Perú;puerto-maldonado-l2146;1322884;Puerto maldonado 3 day;https://www.getyourguide.com/puerto-maldonado-l2146/puerto-maldonado-3-day-tambopata-reserve-photo-tour-t1322884/
Perú;lima-l39;1331160;From canete paracas huacachina at sunset ballestas islands full day;https://www.getyourguide.com/lima-l39/from-canete-paracas-huacachina-at-sunset-ballestas-islands-full-day-t1331160/
Perú;ica-l1608;952628;Nazca ancient aqueducts age old engineering in;https://www.getyourguide.com/ica-l1608/nazca-ancient-aqueducts-age-old-engineering-in-the-heart-of-the-desert-t952628/
Perú;iquitos-l32156;953495;From iquitos 4 day amazon rainforest;https://www.getyourguide.com/iquitos-l32156/from-iquitos-4-day-amazon-rainforest-tour-t953495/
Perú;arequipa-l2859;1014130;Arequipa half day;https://www.getyourguide.com/arequipa-l2859/arequipa-half-day-trek-to-volcan-misti-t1014130/
Perú;lima-l39;393444;Lima barranco district culinary half day;https://www.getyourguide.com/lima-l39/lima-barranco-district-culinary-half-day-tour-t393444/
Perú;lima-l39;394093;Full day private;https://www.getyourguide.com/lima-l39/full-day-private-tour-to-caral-from-lima-t394093/
Perú;pillcopata-l194591;1144434;Manu national park nature culture birds and mammals full day;https://www.getyourguide.com/pillcopata-l194591/manu-national-park-nature-culture-birds-and-mammals-full-day-t1144434/
Perú;arequipa-l2859;479169;Arequipa city and countryside panoramic bus;https://www.getyourguide.com/arequipa-l2859/arequipa-city-and-countryside-panoramic-bus-tour-t479169/
Perú;paracas-l32470;553757;Ballestas islands huacachina ica with buggy economic;https://www.getyourguide.com/paracas-l32470/ballestas-islands-huacachina-ica-with-buggy-economic-t553757/
Perú;ica-l1608;604952;From ica los perdidos canyon excursion full day;https://www.getyourguide.com/ica-l1608/from-ica-los-perdidos-canyon-excursion-full-day-t604952/
Perú;lima-l39;617999;Lima;https://www.getyourguide.com/lima-l39/lima-tour-of-colourful-and-bohemian-barranco-and-callao-t617999/
Perú;ica-l1608;1271293;Huacachina buggy adventure sunset sandboarding and pisco;https://www.getyourguide.com/ica-l1608/huacachina-buggy-adventure-sunset-sandboarding-and-pisco-tasting-t1271293/
Perú;aguas-calientes-l91472;748763;Machu picchu by car 3 days 2 nights;https://www.getyourguide.com/aguas-calientes-l91472/machu-picchu-by-car-3-days-2-nights-t748763/
Perú;oxapampa-l206133;759276;Oxapampa;https://www.getyourguide.com/oxapampa-l206133/oxapampa-tigre-river-waterfall-and-jungle-secret-t759276/
Perú;arequipa-l2859;768340;Adventure day in arequipa pillones waterfall rock forest;https://www.getyourguide.com/arequipa-l2859/adventure-day-in-arequipa-pillones-waterfall-rock-forest-t768340/
Perú;iquitos-l32156;770395;Excursion;https://www.getyourguide.com/iquitos-l32156/excursion-to-the-pacaya-samiria-national-reserve-jungle-t770395/
Perú;puno-l32157;80046;From puno full day aramu muru w andean shaman;https://www.getyourguide.com/puno-l32157/from-puno-full-day-aramu-muru-w-andean-shaman-t80046/
Perú;paracas-l32470;858601;Paracas sunset;https://www.getyourguide.com/paracas-l32470/paracas-sunset-trekking-in-the-paracas-national-reserve-t858601/
Perú;lima-l39;233647;Lima;https://www.getyourguide.com/lima-l39/lima-the-charm-of-barranco-pre-inca-pyramid-in-miraflores-t233647/
Perú;arequipa-l2859;891314;Excursion from arequipa pillones waterfall;https://www.getyourguide.com/arequipa-l2859/excursion-from-arequipa-pillones-waterfall-t891314/
Perú;aguas-calientes-l91472;891731;Machupicchu group;https://www.getyourguide.com/aguas-calientes-l91472/machupicchu-group-tour-from-aguas-calientes-t891731/
Perú;puerto-maldonado-l2146;463286;Tambopata adventure rainforest 4d3n;https://www.getyourguide.com/puerto-maldonado-l2146/tambopata-adventure-rainforest-4d3n-t463286/
Perú;chinchero-l219429;1078089;Cusco;https://www.getyourguide.com/chinchero-l219429/cusco-tour-and-photography-experience-sacred-valley-buffet-lunch-t1078089/
Perú;aguas-calientes-l91472;544986;Sacred valley of;https://www.getyourguide.com/aguas-calientes-l91472/sacred-valley-of-the-incas-and-machu-picchu-tour-t544986/
Perú;ica-l1608;1123810;From huacachina dune buggy 4x4 sunset and sandboarding;https://www.getyourguide.com/ica-l1608/from-huacachina-dune-buggy-4x4-sunset-and-sandboarding-t1123810/
Perú;ica-l1608;615987;Ica bus station;https://www.getyourguide.com/ica-l1608/ica-bus-station-transfer-tofrom-city-center-or-huacachina-t615987/
Perú;lima-l39;652113;Lima excursion a caral y bandurria;https://www.getyourguide.com/lima-l39/lima-excursion-a-caral-y-bandurria-t652113/
Perú;chachapoyas-l135812;796730;Chachapoyas gocta waterfall full day amazon s jewel;https://www.getyourguide.com/chachapoyas-l135812/chachapoyas-gocta-waterfall-full-day-amazon-s-jewel-t796730/
Perú;arequipa-l2859;846320;From arequipa excursion;https://www.getyourguide.com/arequipa-l2859/from-arequipa-excursion-to-pillones-waterfalls-ful-day-t846320/
Perú;arequipa-l2859;855731;From arequipa 2 day excursion;https://www.getyourguide.com/arequipa-l2859/from-arequipa-2-day-excursion-to-misti-volcano-t855731/
Perú;pisac-l119710;878147;Transport pisac market round;https://www.getyourguide.com/pisac-l119710/transport-pisac-market-round-trip-t878147/
Perú;urubamba-l164518;890663;Cusco 5 day guided;https://www.getyourguide.com/urubamba-l164518/cusco-5-day-guided-tour-with-machu-picchu-sacred-valley-t890663/
Perú;iquitos-l32156;244752;Iquitos native community experience amazon river;https://www.getyourguide.com/iquitos-l32156/iquitos-native-community-experience-amazon-river-tour-t244752/
Perú;checacupe-l226994;998897;Cusco excursion;https://www.getyourguide.com/checacupe-l226994/cusco-excursion-to-the-machupitumarca-archaeological-site-and-colonial-temples-t998897/
Perú;puno-l32157;387980;From puno sillustani;https://www.getyourguide.com/puno-l32157/from-puno-sillustani-tombs-and-tourist-view-point-puma-t387980/
Perú;ica-l1608;1105024;Huacachina pisco route and a visit;https://www.getyourguide.com/ica-l1608/huacachina-pisco-route-and-a-visit-to-the-city-of-ica-t1105024/
Perú;lima-l39;1122753;Lima churros making class with local chef in miraflores;https://www.getyourguide.com/lima-l39/lima-churros-making-class-with-local-chef-in-miraflores-t1122753/
Perú;urubamba-l164518;544327;Cusco;https://www.getyourguide.com/urubamba-l164518/cusco-to-machu-picchu-by-car-2-days-t544327/
Perú;barranca-l168402;1154949;From lima caral civilization;https://www.getyourguide.com/barranca-l168402/from-lima-caral-civilization-tour-with-desert-trek-t1154949/
Perú;arequipa-l2859;580308;From arequipa sillar route half day;https://www.getyourguide.com/arequipa-l2859/from-arequipa-sillar-route-half-day-tour-t580308/
Perú;lima-l39;614784;Lima paramotor in costa verde adrenaline in;https://www.getyourguide.com/lima-l39/lima-paramotor-in-costa-verde-adrenaline-in-the-air--t614784/
Perú;chivay-l129313;1216207;From chivay;https://www.getyourguide.com/chivay-l129313/from-chivay-tour-to-the-condor-viewpoint-ending-in-arequipa-t1216207/
Perú;lima-l39;662846;City;https://www.getyourguide.com/lima-l39/city-tour-lima-colonial-y-moderno-medio-dia-mas-ticket-t662846/
Perú;arequipa-l2859;790645;Arequipa chili river white water rafting pickup snack;https://www.getyourguide.com/arequipa-l2859/arequipa-chili-river-white-water-rafting-pickup-snack-t790645/
Perú;ica-l1608;817115;From ica nazca lines;https://www.getyourguide.com/ica-l1608/from-ica-nazca-lines-tour-on-the-way-t817115/
Perú;paracas-l32470;819683;Full day paracas and ballestas islands;https://www.getyourguide.com/paracas-l32470/full-day-paracas-and-ballestas-islands-t819683/
Perú;huaraz-l360;830486;Huaraz chacas 3 lagoons carhuaz;https://www.getyourguide.com/huaraz-l360/huaraz-chacas-3-lagoons-carhuaz-t830486/
Perú;puno-l32157;838594;Puno;https://www.getyourguide.com/puno-l32157/puno-transportation-from-puno-to-the-airport-in-private-service-t838594/
Perú;puno-l32157;80016;From puno 2 day amantani island;https://www.getyourguide.com/puno-l32157/from-puno-2-day-amantani-island-tour-t80016/
Perú;arequipa-l2859;1084228;From arequipa 3 day;https://www.getyourguide.com/arequipa-l2859/from-arequipa-3-day-tour-to-colca-canyon-and-lake-titicaca-t1084228/
Perú;aguas-calientes-l91472;546772;Lares;https://www.getyourguide.com/aguas-calientes-l91472/lares-trek-to-machu-picchu-4-d3-n-t546772/
Perú;puerto-maldonado-l2146;554444;Puerto maldonado 3 day;https://www.getyourguide.com/puerto-maldonado-l2146/puerto-maldonado-3-day-tour-to-tambopata-national-reserve-t554444/
Perú;puno-l32157;566068;Puno;https://www.getyourguide.com/puno-l32157/puno-two-day-excursion-to-uros-amantani-and-taquile-t566068/
Perú;lima-l39;729440;Lima discover scuba diving first experience;https://www.getyourguide.com/lima-l39/lima-discover-scuba-diving-first-experience-t729440/
Perú;urubamba-l164518;1238214;From urubamba private atv;https://www.getyourguide.com/urubamba-l164518/from-urubamba-private-atv-tour-to-maras-moray-salt-mines-t1238214/
Perú;ollantaytambo-l93095;742120;Sacred valley;https://www.getyourguide.com/ollantaytambo-l93095/sacred-valley-t742120/
Perú;iquitos-l32156;757216;Iquitos amazon;https://www.getyourguide.com/iquitos-l32156/iquitos-amazon-three-day-exploration-rainforest-t757216/
Perú;puno-l32157;822639;From puno uros and;https://www.getyourguide.com/puno-l32157/from-puno-uros-and-taquile-islands-full-day-tour-with-lunch-t822639/
Perú;ica-l1608;855999;Ica;https://www.getyourguide.com/ica-l1608/ica-tacama-winery-and-pisco-tasting-tour-with-hotel-pickup-t855999/
Perú;acomayo-l214662;872824;Day;https://www.getyourguide.com/acomayo-l214662/day-trip-through-the-q-eswachaka-bridge-and-the-4-lagoons-t872824/
Perú;santa-maria-peru-l149232;893598;From cusco;https://www.getyourguide.com/santa-maria-peru-l149232/from-cusco-transfer-to-santa-maria-t893598/
Perú;huanchaco-l219473;893999;Shore excursion ceviche experience from salaverry port;https://www.getyourguide.com/huanchaco-l219473/shore-excursion-ceviche-experience-from-salaverry-port-t893999/
Perú;arequipa-l2859;1096596;Laguna and salar de salinas with a panoramic view of;https://www.getyourguide.com/arequipa-l2859/laguna-and-salar-de-salinas-with-a-panoramic-view-of-the-misti-and-chachani-volcanoes-t1096596/
Perú;paracas-l32470;538715;Ballestas huacachina oasis and overflight in nasca from lima;https://www.getyourguide.com/paracas-l32470/ballestas-huacachina-oasis-and-overflight-in-nasca-from-lima-t538715/
Perú;urubamba-l164518;558448;Cusco sacred valley with maras moray;https://www.getyourguide.com/urubamba-l164518/cusco-sacred-valley-with-maras-moray-t558448/
Perú;huayopata-l219474;1195647;From cusco 2 day adventure in huayopata route of flavors;https://www.getyourguide.com/huayopata-l219474/from-cusco-2-day-adventure-in-huayopata-route-of-flavors-t1195647/
Perú;arequipa-l2859;681440;Arequipa walking city;https://www.getyourguide.com/arequipa-l2859/arequipa-walking-city-tour-and-juanita-mummy-t681440/
Perú;urubamba-l164518;706825;Machupicchu inti punku entry;https://www.getyourguide.com/urubamba-l164518/machupicchu-inti-punku-entry-ticket-t706825/
Perú;paracas-l32470;819384;Full day;https://www.getyourguide.com/paracas-l32470/full-day-tour-to-paracas-vineyards-and-huacachina-t819384/
Perú;lima-l39;824818;From lima excursion;https://www.getyourguide.com/lima-l39/from-lima-excursion-to-sayan-and-churin-t824818/
Perú;huaraz-l360;836891;Huaraz;https://www.getyourguide.com/huaraz-l360/huaraz-trekking-santa-cruz-llanganuco-4days-3-nights-t836891/
Perú;lima-l39;860366;Lima walking;https://www.getyourguide.com/lima-l39/lima-walking-tour-catacombs-from-miraflores-historic-center-wines-bus-t860366/
Perú;aguas-calientes-l91472;862040;Explore magical peru 7d6n hotel 3 stars;https://www.getyourguide.com/aguas-calientes-l91472/explore-magical-peru-7d6n-hotel-3-stars-t862040/
Perú;chinchero-l219429;876957;From cusco guided;https://www.getyourguide.com/chinchero-l219429/from-cusco-guided-tour-of-chinchero-moray-and-salineras-t876957/
Perú;lima-l39;238327;Lima pachacamac ruins barranco half day guided;https://www.getyourguide.com/lima-l39/lima-pachacamac-ruins-barranco-half-day-guided-tour-t238327/
Perú;arequipa-l2859;389682;Arequipa afternoon panoramic bus;https://www.getyourguide.com/arequipa-l2859/arequipa-afternoon-panoramic-bus-tour-t389682/
Perú;lima-l39;400623;Lima cooking workshop and water circuit;https://www.getyourguide.com/lima-l39/lima-cooking-workshop-and-water-circuit-tour-t400623/
Perú;arequipa-l2859;1079259;Golden hour walking;https://www.getyourguide.com/arequipa-l2859/golden-hour-walking-tour-in-arequipa-with-coffee-tasting-t1079259/
Perú;magdalena-de-cao-l208869;1104093;Tour of;https://www.getyourguide.com/magdalena-de-cao-l208869/tour-of-the-el-brujo-archaeological-complex-and-the-lady-of-cao-t1104093/
Perú;lima-l39;539378;City;https://www.getyourguide.com/lima-l39/city-tour-and-the-best-highlights-in-lima-t539378/
Perú;chivay-l129313;778938;Colca canyon day;https://www.getyourguide.com/chivay-l129313/colca-canyon-day-trip-from-arequipa-departure-800-am-t778938/
Perú;urubamba-l164518;784377;Tour private atv of;https://www.getyourguide.com/urubamba-l164518/tour-private-atv-of-the-sacred-valley-of-the-incas-t784377/
Perú;lima-l39;785648;Surf experience peru;https://www.getyourguide.com/lima-l39/surf-experience-peru-t785648/
Perú;aguas-calientes-l91472;834724;Inca;https://www.getyourguide.com/aguas-calientes-l91472/inca-trail-tour-2-days-1-night-t834724/
Perú;arequipa-l2859;1000513;Arequipa mountain bike;https://www.getyourguide.com/arequipa-l2859/arequipa-mountain-bike-tour-to-las-rocas-park-t1000513/
Perú;ica-l1608;1001272;Paraglide over;https://www.getyourguide.com/ica-l1608/paraglide-over-the-desert-and-the-oasis-of-huacachina-t1001272/
Perú;paracas-l32470;1106027;Paracas guided;https://www.getyourguide.com/paracas-l32470/paracas-guided-tour-to-ballestas-islands-and-sunset-trekking-t1106027/
Perú;chivay-l129313;1145445;Arequipa 2 day colca valley;https://www.getyourguide.com/chivay-l129313/arequipa-2-day-colca-valley-tour-with-puno-transfer-t1145445/
Perú;urubamba-l164518;590957;Machu picchu entrance;https://www.getyourguide.com/urubamba-l164518/machu-picchu-entrance-ticket-to-circuit-2-t590957/
Perú;urubamba-l164518;601391;Sacred valley chinchero moray maras and ollantaytambo;https://www.getyourguide.com/urubamba-l164518/sacred-valley-chinchero-moray-maras-and-ollantaytambo-t601391/
Perú;lima-l39;618867;Taxi in lima miraflores san isidro barranco;https://www.getyourguide.com/lima-l39/taxi-in-lima-miraflores-san-isidro-barranco-t618867/
Perú;puno-l32157;639217;From puno sillustani inca cemetery half day;https://www.getyourguide.com/puno-l32157/from-puno-sillustani-inca-cemetery-half-day-tour--t639217/
Perú;chivay-l129313;710683;Arequipa colca canyon 2 day adventure;https://www.getyourguide.com/chivay-l129313/arequipa-colca-canyon-2-day-adventure-t710683/
Perú;arequipa-l2859;720681;Arequipa 2 day classic colca canyon;https://www.getyourguide.com/arequipa-l2859/arequipa-2-day-classic-colca-canyon-tour-t720681/
Perú;urubamba-l164518;816433;From cusco sacred valley ollantaytambo and chinchero;https://www.getyourguide.com/urubamba-l164518/from-cusco-sacred-valley-ollantaytambo-and-chinchero-tour-t816433/
Perú;lima-l39;1282561;Market;https://www.getyourguide.com/lima-l39/market-to-table-cooking-class-and-party-at-a-peruvian-s-home-in-lima-t1282561/
Perú;aguas-calientes-l91472;818319;Machu picchu with a break in;https://www.getyourguide.com/aguas-calientes-l91472/machu-picchu-with-a-break-in-the-town-of-aguas-calientes-t818319/
Perú;arequipa-l2859;820755;Arequipa excursion;https://www.getyourguide.com/arequipa-l2859/arequipa-excursion-to-the-salinas-lagoon-full-day-t820755/
Perú;ica-l1608;1288649;Ica pisco route with;https://www.getyourguide.com/ica-l1608/ica-pisco-route-with-tasting-at-3-vineyards-t1288649/
Perú;chivay-l129313;840911;From puno 2 day colca canyon;https://www.getyourguide.com/chivay-l129313/from-puno-2-day-colca-canyon-tour-ending-in-arequipa--t840911/
Perú;pisac-l119710;845546;Pisac and city;https://www.getyourguide.com/pisac-l119710/pisac-and-city-tour-private-t845546/
Perú;urubamba-l164518;862589;Machu picchu private;https://www.getyourguide.com/urubamba-l164518/machu-picchu-private-tour-guide-service-t862589/
Perú;urcos-l176139;895715;From cuscoexplore;https://www.getyourguide.com/urcos-l176139/from-cuscoexplore-the-route-of-the-sun-2d-amantani-island-t895715/
Perú;nuevo-tingo-l231798;974385;From cajamarca 02 day;https://www.getyourguide.com/nuevo-tingo-l231798/from-cajamarca-02-day-trip-to-kuelap-and-pre-inca-mummy-museum-t974385/
Perú;ollantaytambo-l93095;1078492;Cusco inti punku hike;https://www.getyourguide.com/ollantaytambo-l93095/cusco-inti-punku-hike-to-the-inca-sun-gate-t1078492/
Perú;paracas-l32470;427545;From paracas ballestas paracas huacachina dune buggy;https://www.getyourguide.com/paracas-l32470/from-paracas-ballestas-paracas-huacachina-dune-buggy-t427545/
Perú;lima-l39;1113760;Private;https://www.getyourguide.com/lima-l39/private-tour-on-electric-scooter-lima-peru-t1113760/
Perú;puno-l32157;1155043;Puno sillustani pucara and;https://www.getyourguide.com/puno-l32157/puno-sillustani-pucara-and-tinajani-tour-with-show-t1155043/
Perú;chachapoyas-l135812;540129;From chachapoyas full day;https://www.getyourguide.com/chachapoyas-l135812/from-chachapoyas-full-day-to-the-burial-graves-of-karajia-t540129/
Perú;paracas-l32470;593668;Paracas scuba diving dive discovery;https://www.getyourguide.com/paracas-l32470/paracas-scuba-diving-dive-discovery-t593668/
Perú;urubamba-l164518;1206146;Vip sacred valley chinchero moray maras and ollantaytambo final arrival;https://www.getyourguide.com/urubamba-l164518/vip-sacred-valley-chinchero-moray-maras-and-ollantaytambo-final-arrival-t1206146/
Perú;aguas-calientes-l91472;714959;Machu picchu guided and;https://www.getyourguide.com/aguas-calientes-l91472/machu-picchu-guided-and-ticket-machupicchu-transfer-bus-t714959/
Perú;urubamba-l164518;755522;Machu picchu by bus 2 days 1 night;https://www.getyourguide.com/urubamba-l164518/machu-picchu-by-bus-2-days-1-night-t755522/
Perú;chivay-l129313;761226;Day;https://www.getyourguide.com/chivay-l129313/day-trip-to-colca-canyon-transfer-to-puno-with-meals-t761226/
Perú;lima-l39;761966;Half day city;https://www.getyourguide.com/lima-l39/half-day-city-tour-lima-t761966/
Perú;chivay-l129313;764410;Day;https://www.getyourguide.com/chivay-l129313/day-trip-to-the-colca-canyon-with-connection-to-puno-t764410/
Perú;lima-l39;1304240;Colonial lima sightseeing;https://www.getyourguide.com/lima-l39/colonial-lima-sightseeing-tour-with-santo-domingo-convent-t1304240/
Perú;urubamba-l164518;785254;From urubamba ollantaytambosacred valley full day private;https://www.getyourguide.com/urubamba-l164518/from-urubamba-ollantaytambosacred-valley-full-day-private-t785254/
Perú;trujillo-l2870;824758;Hald day excursion;https://www.getyourguide.com/trujillo-l2870/hald-day-excursion-to-chan-chan-huanchaco-beach-t824758/
Perú;abancay-l223000;828011;Apurimac full day;https://www.getyourguide.com/abancay-l223000/apurimac-full-day-tour-in-abancay-t828011/
Perú;aguaytia-l219428;847241;Camping and activities in;https://www.getyourguide.com/aguaytia-l219428/camping-and-activities-in-the-yamino-native-community-t847241/
Perú;ollantaytambo-l93095;890481;Transfer in van from;https://www.getyourguide.com/ollantaytambo-l93095/transfer-in-van-from-train-station-of-ollantaytambo-to-cusco-t890481/
Perú;aguas-calientes-l91472;185312;Machu picchu guided;https://www.getyourguide.com/aguas-calientes-l91472/machu-picchu-guided-tour-from-aguas-calientes-t185312/
Perú;arequipa-l2859;999818;Arequipa calambucos canyon rock climbing and rappelling;https://www.getyourguide.com/arequipa-l2859/arequipa-calambucos-canyon-rock-climbing-and-rappelling-t999818/
Perú;trujillo-l2870;538049;Please wait in;https://www.getyourguide.com/trujillo-l2870/please-wait-in-the-hotel-lobby-10-minutes-before-your-schedu-t538049/
Perú;huaraz-l360;539269;From huaraz;https://www.getyourguide.com/huaraz-l360/from-huaraz-tour-to-archeological-complex-of-chavin-t539269/
Perú;paracas-l32470;1135637;Paracas national reserve guided;https://www.getyourguide.com/paracas-l32470/paracas-national-reserve-guided-tour-t1135637/
Perú;lima-l39;1242658;Lima early evening magic water circuit;https://www.getyourguide.com/lima-l39/lima-early-evening-magic-water-circuit-tour-with-light-show-t1242658/
Perú;oxapampa-l206133;800560;Oxapampa villa rica coffee culture rainforest;https://www.getyourguide.com/oxapampa-l206133/oxapampa-villa-rica-coffee-culture-rainforest-t800560/
Perú;puno-l32157;805524;From puno uros and;https://www.getyourguide.com/puno-l32157/from-puno-uros-and-taquile-islands-full-day-tour-t805524/
Perú;iquitos-l32156;809091;Iquitos amazon lodge and jungle experience 2 days;https://www.getyourguide.com/iquitos-l32156/iquitos-amazon-lodge-and-jungle-experience-2-days-t809091/
Perú;ollantaytambo-l93095;814208;Maras moray and salineras from ollantaytambo;https://www.getyourguide.com/ollantaytambo-l93095/maras-moray-and-salineras-from-ollantaytambo-t814208/
Perú;ollantaytambo-l93095;841745;Cusco 8 days;https://www.getyourguide.com/ollantaytambo-l93095/cusco-8-days-trip-to-peru-sacred-valley-and-machu-picchu-t841745/
Perú;lima-l39;1309284;Lima cultural sightseeing;https://www.getyourguide.com/lima-l39/lima-cultural-sightseeing-tour-and-authentic-experience-in-the-local-community-t1309284/
Perú;lima-l39;862731;Lima half day private city;https://www.getyourguide.com/lima-l39/lima-half-day-private-city-tour-explore-historic-highlights-t862731/
Perú;ica-l1608;877152;From huacachina buggy in;https://www.getyourguide.com/ica-l1608/from-huacachina-buggy-in-the-huacachina-dunes-t877152/
Perú;paracas-l32470;882445;From paracas guided;https://www.getyourguide.com/paracas-l32470/from-paracas-guided-tour-to-the-ballestas-islands-t882445/
Perú;urubamba-l164518;888445;Private guide at machu picchu from aguas calientes;https://www.getyourguide.com/urubamba-l164518/private-guide-at-machu-picchu-from-aguas-calientes-t888445/
Perú;paracas-l32470;891537;Premium;https://www.getyourguide.com/paracas-l32470/premium-trekking-golden-shadows-t891537/
Perú;urubamba-l164518;894801;Cusco 4 day jungle adventure;https://www.getyourguide.com/urubamba-l164518/cusco-4-day-jungle-adventure-to-machu-picchu-t894801/
Perú;lima-l39;197896;Lima ballestas winery huacachina oasis day;https://www.getyourguide.com/lima-l39/lima-ballestas-winery-huacachina-oasis-day-trip-t197896/
Perú;lima-l39;380749;From lima nazca lines and ica desert day;https://www.getyourguide.com/lima-l39/from-lima-nazca-lines-and-ica-desert-day-trip-t380749/
Perú;lima-l39;1080909;Lima pachacamac lunch show and peruvian paso horses;https://www.getyourguide.com/lima-l39/lima-pachacamac-lunch-show-and-peruvian-paso-horses-t1080909/
Perú;moquegua-peru-l202566;1137994;From arequipa salinas lagoon;https://www.getyourguide.com/moquegua-peru-l202566/from-arequipa-salinas-lagoon-t1137994/
Perú;aguas-calientes-l91472;636642;Desde lima excursion paracas ica y lineas de nazca 2 dias;https://www.getyourguide.com/aguas-calientes-l91472/desde-lima-excursion-paracas-ica-y-lineas-de-nazca-2-dias-t636642/
Perú;lima-l39;693660;Lima huancaya paradise retreat;https://www.getyourguide.com/lima-l39/lima-huancaya-paradise-retreat-t693660/
Perú;maras-l119695;759463;Get;https://www.getyourguide.com/maras-l119695/get-to-know-maras-and-moray-half-day-t759463/
Perú;aguas-calientes-l91472;778881;Machu picchu entry;https://www.getyourguide.com/aguas-calientes-l91472/machu-picchu-entry-ticket-and-bus-from-aguas-calientes-t778881/
Perú;arequipa-l2859;783881;Walking;https://www.getyourguide.com/arequipa-l2859/walking-tour-through-the-historic-center-of-arequipa-t783881/
Perú;arequipa-l2859;828339;Walking;https://www.getyourguide.com/arequipa-l2859/walking-tour-of-the-historic-center-of-arequipa-t828339/
Perú;ica-l1608;881408;Nazca 60 minute flight over 21 nazca and palpa figures;https://www.getyourguide.com/ica-l1608/nazca-60-minute-flight-over-21-nazca-and-palpa-figures-transfers-included-t881408/
Perú;lima-l39;980622;Bike;https://www.getyourguide.com/lima-l39/bike-tour-miraflores-barranco-huaca-pucllana-t980622/
Perú;lima-l39;480538;Tour;https://www.getyourguide.com/lima-l39/tour-to-huaca-pucllana-and-huaca-mateo-salado-t480538/
Perú;lima-l39;1108564;Lima pisco sour class paint your souvenir in miraflores;https://www.getyourguide.com/lima-l39/lima-pisco-sour-class-paint-your-souvenir-in-miraflores-t1108564/
Perú;puerto-maldonado-l2146;590682;3 day;https://www.getyourguide.com/puerto-maldonado-l2146/3-day-tambopata-national-reserve-tour-amazon-wildlife-t590682/
Perú;arequipa-l2859;1138001;Arequipa quad bike;https://www.getyourguide.com/arequipa-l2859/arequipa-quad-bike-tour-and-chocolate-workshop-t1138001/
Perú;aguas-calientes-l91472;661937;Cusco machu picchu;https://www.getyourguide.com/aguas-calientes-l91472/cusco-machu-picchu-tour-1-day-round-trip-train--t661937/
Perú;lima-l39;819484;Excursion;https://www.getyourguide.com/lima-l39/excursion-to-barranco-chorrillos-and-pachacamac-t819484/
Perú;arequipa-l2859;828021;Tour;https://www.getyourguide.com/arequipa-l2859/tour-to-the-lagoon-and-salinas-national-reserve-in-arequipa-t828021/
Perú;lima-l39;853747;Lima city;https://www.getyourguide.com/lima-l39/lima-city-tour-and-visit-to-the-catacombs-t853747/
Perú;urubamba-l164518;877048;Inca jungle;https://www.getyourguide.com/urubamba-l164518/inca-jungle-tour-to-machu-picchu-3-or-4-day-t877048/
Perú;puno-l32157;878305;Puno uros island amantani;https://www.getyourguide.com/puno-l32157/puno-uros-island-amantani-taquile-meals-and-lodging-t878305/
Perú;puno-l32157;887371;Puno half day chullpas de sillustani spanishenglish guide;https://www.getyourguide.com/puno-l32157/puno-half-day-chullpas-de-sillustani-spanishenglish-guide-t887371/
Perú;lima-l39;956752;Lima market;https://www.getyourguide.com/lima-l39/lima-market-tour-and-cooking-class-with-pisco-sour-t956752/
Perú;lima-l39;447837;Lima city;https://www.getyourguide.com/lima-l39/lima-city-tour-local-market-lunch-barranco-miraflores-t447837/
Perú;lima-l39;479599;Lima walking city;https://www.getyourguide.com/lima-l39/lima-walking-city-tour-and-catacombs-t479599/
Perú;puno-l32157;484359;Uros floating islands;https://www.getyourguide.com/puno-l32157/uros-floating-islands-taquile-full-day-tour-with-lunch-t484359/
Perú;lima-l39;1144333;Authentic peru flavors lima home hosted;https://www.getyourguide.com/lima-l39/authentic-peru-flavors-lima-home-hosted-tasting-session-t1144333/
Perú;puno-l32157;1156108;Lake;https://www.getyourguide.com/puno-l32157/lake-titicaca-chimu-floating-island-with-totora-weaving-and-fishing-workshops-t1156108/
Perú;tarapoto-l140001;546807;From;https://www.getyourguide.com/tarapoto-l140001/from-tarapoto-ahuashiyacu-waterfall-half-day-tour-t546807/
Perú;iquitos-l32156;1189862;Pink dolphin watching;https://www.getyourguide.com/iquitos-l32156/pink-dolphin-watching-tour-on-the-amazon-river-t1189862/
Perú;puerto-maldonado-l2146;606864;Excursion 2 days1 nights in;https://www.getyourguide.com/puerto-maldonado-l2146/excursion-2-days1-nights-in-the-jungle-tambopata-t606864/
Perú;arequipa-l2859;1212890;From arequipa guided;https://www.getyourguide.com/arequipa-l2859/from-arequipa-guided-tour-of-the-campina-tourist-area-t1212890/
Perú;puno-l32157;633943;Puno half day excursion;https://www.getyourguide.com/puno-l32157/puno-half-day-excursion-to-the-uros-island-private--t633943/
Perú;puno-l32157;640405;From puno excursion;https://www.getyourguide.com/puno-l32157/from-puno-excursion-to-lampa-quechua-route-t640405/
Perú;chivay-l129313;649423;Arequipa colca valley and condor viewpoint 2 days1 night;https://www.getyourguide.com/chivay-l129313/arequipa-colca-valley-and-condor-viewpoint-2-days1-night-t649423/
Perú;trujillo-l2870;1301486;Trujillo chan chan palaces;https://www.getyourguide.com/trujillo-l2870/trujillo-chan-chan-palaces-tours-with-lunch-t1301486/
Perú;tarapoto-l140001;798099;Tarapoto carpishuyacu san jose;https://www.getyourguide.com/tarapoto-l140001/tarapoto-carpishuyacu-san-jose-thermal-baths-t798099/
Perú;coporaque-l135202;824830;Colca canyon 2 days;https://www.getyourguide.com/coporaque-l135202/colca-canyon-2-days-t824830/
Perú;aguas-calientes-l91472;831306;Discover cusco and machu picchu for 3 days and;https://www.getyourguide.com/aguas-calientes-l91472/discover-cusco-and-machu-picchu-for-3-days-and-two-nights-t831306/
Perú;lima-l39;836879;Pachacamac private;https://www.getyourguide.com/lima-l39/pachacamac-private-tour-of-the-great-archaeological-sanctuary-and-site-museum-t836879/
Perú;iquitos-l32156;840877;From iquitos navigate;https://www.getyourguide.com/iquitos-l32156/from-iquitos-navigate-the-amazon-river-full-day--t840877/
Perú;ica-l1608;846215;From ica pisco and buggy excursion in huacachina at sunset;https://www.getyourguide.com/ica-l1608/from-ica-pisco-and-buggy-excursion-in-huacachina-at-sunset-t846215/
Perú;chivay-l129313;851463;From puno 2 day colca canyon;https://www.getyourguide.com/chivay-l129313/from-puno-2-day-colca-canyon-tour-ending-in-arequipa--t851463/
Perú;huayllabamba-l209180;883312; comfort and safety in your;https://www.getyourguide.com/huayllabamba-l209180/-comfort-and-safety-in-your-transportation-to-huayllabamba--t883312/
Perú;puno-l32157;978914;From puno 6 day uyuni salt flats and lake;https://www.getyourguide.com/puno-l32157/from-puno-6-day-uyuni-salt-flats-and-lake-titicaca-tour-t978914/
Perú;lima-l39;557678;Lima bus;https://www.getyourguide.com/lima-l39/lima-bus-tour-historic-center-catacombs-saint-francisco-t557678/
Perú;tarapoto-l140001;1240133;Tarapoto sauce blue lagoon with;https://www.getyourguide.com/tarapoto-l140001/tarapoto-sauce-blue-lagoon-with-thermal-baths-in-small-groups-t1240133/
Perú;huaraz-l360;1254577;Chopicalqui peak 6340 m 5 day climbing expedition;https://www.getyourguide.com/huaraz-l360/chopicalqui-peak-6340-m-5-day-climbing-expedition-t1254577/
Perú;lima-l39;1258021;Lima paracas ica and huacachina full day;https://www.getyourguide.com/lima-l39/lima-paracas-ica-and-huacachina-full-day-tour-t1258021/
Perú;urubamba-l164518;852812;Salkantay;https://www.getyourguide.com/urubamba-l164518/salkantay-trek-4-days3-nights-t852812/
Perú;iquitos-l32156;860245;Iquitos amazonas 3 days 2 nights in lodge and activities;https://www.getyourguide.com/iquitos-l32156/iquitos-amazonas-3-days-2-nights-in-lodge-and-activities-t860245/
Perú;arequipa-l2859;866012;Arequipa quad;https://www.getyourguide.com/arequipa-l2859/arequipa-quad-tour-in-chilina-valley-spectacular-t866012/
Perú;chivay-l129313;871469;From arequipa colca canyon all inclusive full day ;https://www.getyourguide.com/chivay-l129313/from-arequipa-colca-canyon-all-inclusive-full-day--t871469/
Perú;aguas-calientes-l91472;878281;Cusco machu picchu;https://www.getyourguide.com/aguas-calientes-l91472/cusco-machu-picchu-tourist-train-entrance-ticket-t878281/
Perú;paracas-l32470;1065602;Paracas reserve kayak ecotourism experience;https://www.getyourguide.com/paracas-l32470/paracas-reserve-kayak-ecotourism-experience-t1065602/
Perú;pucara-peru-l145153;1154875;Puno bus;https://www.getyourguide.com/pucara-peru-l145153/puno-bus-to-cusco-with-stops-and-pisco-sour-class-t1154875/
Perú;lima-l39;526389;Lima gourmet food;https://www.getyourguide.com/lima-l39/lima-gourmet-food-tour-evening-experience-t526389/
Perú;aguas-calientes-l91472;544324;Machu picchu;https://www.getyourguide.com/aguas-calientes-l91472/machu-picchu-tour-by-train-2-days-t544324/
Perú;maras-l119695;553085;Tour en cuatrimotos maras moray y minas de sal de cusco;https://www.getyourguide.com/maras-l119695/tour-en-cuatrimotos-maras-moray-y-minas-de-sal-de-cusco-t553085/
Perú;urubamba-l164518;1217885;From cusco private;https://www.getyourguide.com/urubamba-l164518/from-cusco-private-tour-of-moray-salt-mines-chinchero-and-lunch-t1217885/
Perú;barranca-l168402;683833;Caral city full day;https://www.getyourguide.com/barranca-l168402/caral-city-full-day-tour-group-entry-included--t683833/
Perú;lima-l39;710400;Lima magic water circuit and city lights night;https://www.getyourguide.com/lima-l39/lima-magic-water-circuit-and-city-lights-night-tour-t710400/
Perú;chivay-l129313;783627;Arequipa colca canyon day;https://www.getyourguide.com/chivay-l129313/arequipa-colca-canyon-day-tour-return-to-arequipa-t783627/
Perú;lima-l39;793467;Lima city;https://www.getyourguide.com/lima-l39/lima-city-tour-including-a-visit-to-the-catacombs-t793467/
Perú;tarapoto-l140001;799079;Tarapoto alto mayo reserve;https://www.getyourguide.com/tarapoto-l140001/tarapoto-alto-mayo-reserve-t799079/
Perú;aguas-calientes-l91472;825792;Cuscomachu picchu rainbow mountain and humantay;https://www.getyourguide.com/aguas-calientes-l91472/cuscomachu-picchu-rainbow-mountain-and-humantay-tour-3d2n-t825792/
Perú;ayacucho-l152602;826075;From ayacucho excursion;https://www.getyourguide.com/ayacucho-l152602/from-ayacucho-excursion-to-the-turquoise-waters-of-millpu-t826075/
Perú;lima-l39;164478;Lima ultimate peruvian food;https://www.getyourguide.com/lima-l39/lima-ultimate-peruvian-food-tour-t164478/
Perú;calca-l208593;857115;Vivencial;https://www.getyourguide.com/calca-l208593/vivencial-tourism-create-your-food-ceramic-brunch-t857115/
Perú;huayllabamba-l209180;881266;Personalized;https://www.getyourguide.com/huayllabamba-l209180/personalized-transport-to-huayllabamba-aranwa-hotel-t881266/
Perú;urubamba-l164518;882290;From cusco inca jungle 3 days;https://www.getyourguide.com/urubamba-l164518/from-cusco-inca-jungle-3-days-t882290/
Perú;coya-peru-l209779;888672;5 in 1 adventure circuit;https://www.getyourguide.com/coya-peru-l209779/5-in-1-adventure-circuit-t888672/
Perú;urubamba-l164518;918763;Sacred valley in small group moray salineras pisac buffet;https://www.getyourguide.com/urubamba-l164518/sacred-valley-in-small-group-moray-salineras-pisac-buffet-t918763/
Perú;trujillo-l2870;481780;El brujo complex archaeological;https://www.getyourguide.com/trujillo-l2870/el-brujo-complex-archaeological-tour-t481780/
Perú;trujillo-l2870;599081;Trujillo;https://www.getyourguide.com/trujillo-l2870/trujillo-the-sorcerer-and-the-lady-of-cao-t599081/
Perú;chivay-l129313;635486;Arequipa 2 day colca canyon;https://www.getyourguide.com/chivay-l129313/arequipa-2-day-colca-canyon-trekking-tour-t635486/
Perú;huaraz-l360;669069;Full day;https://www.getyourguide.com/huaraz-l360/full-day-to-rocotuyoc-and-congelada-lagoons-t669069/
Perú;iquitos-l32156;757223;Iquitos amazon jungle 4d3n journey on;https://www.getyourguide.com/iquitos-l32156/iquitos-amazon-jungle-4d3n-journey-on-the-rainforest-t757223/
Perú;tarapoto-l140001;798109;Tarapoto laguna azul blue lagoon;https://www.getyourguide.com/tarapoto-l140001/tarapoto-laguna-azul-blue-lagoon-t798109/
Perú;lima-l39;799785;Lima surfing and biking;https://www.getyourguide.com/lima-l39/lima-surfing-and-biking-tour-t799785/
Perú;urubamba-l164518;809294;Discover peru and bolivia;https://www.getyourguide.com/urubamba-l164518/discover-peru-and-bolivia-tour-13-days-12-nigths-t809294/
Perú;maras-l119695;837871;Atv quad bike moray and maras salt mines sacred valley;https://www.getyourguide.com/maras-l119695/atv-quad-bike-moray-and-maras-salt-mines-sacred-valley-t837871/
Perú;arequipa-l2859;850598;From arequipa excursion;https://www.getyourguide.com/arequipa-l2859/from-arequipa-excursion-to-the-salinas-lagoon-full-day--t850598/
Perú;ica-l1608;1293865;Ballestas islands vineyards and huacachina luxury experience private;https://www.getyourguide.com/ica-l1608/ballestas-islands-vineyards-and-huacachina-luxury-experience-private-tour-t1293865/
Perú;lima-l39;861678;City;https://www.getyourguide.com/lima-l39/city-tour-with-visit-to-the-gold-museum-of-peru-t861678/
Perú;lima-l39;862995;Chorrillos and barranco excursion in lima;https://www.getyourguide.com/lima-l39/chorrillos-and-barranco-excursion-in-lima-t862995/
Perú;aguas-calientes-l91472;865886;Inca jungle of machu picchu 4 days and 3 nights;https://www.getyourguide.com/aguas-calientes-l91472/inca-jungle-of-machu-picchu-4-days-and-3-nights-t865886/
Perú;huaraz-l360;869266;Huaraz nevado pastoruri puyas raymondi forest;https://www.getyourguide.com/huaraz-l360/huaraz-nevado-pastoruri-puyas-raymondi-forest-t869266/
Perú;urubamba-l164518;884399;Peru and bolivia;https://www.getyourguide.com/urubamba-l164518/peru-and-bolivia-tour-8d7n-t884399/
Perú;lima-l39;951483;Lima larco museum;https://www.getyourguide.com/lima-l39/lima-larco-museum-tour-t951483/
Perú;lima-l39;1007194;Pisco sour ceviche or lomo saltado causa exotic fruits and huancaina;https://www.getyourguide.com/lima-l39/pisco-sour-ceviche-or-lomo-saltado-causa-exotic-fruits-and-huancaina-t1007194/
Perú;paracas-l32470;1040937;From lima paracas huacachina nazca luxury bus;https://www.getyourguide.com/paracas-l32470/from-lima-paracas-huacachina-nazca-luxury-bus-to-arequipa-3d-t1040937/
Perú;paracas-l32470;1131106;Paracas ballestas islands boat;https://www.getyourguide.com/paracas-l32470/paracas-ballestas-islands-boat-tour-mini-buggy-ride-t1131106/
Perú;aguas-calientes-l91472;513819;From cusco machupicchu full day;https://www.getyourguide.com/aguas-calientes-l91472/from-cusco-machupicchu-full-day-trip-by-train-t513819/
Perú;lima-l39;1203818;Huaca pucllana parque del olivar;https://www.getyourguide.com/lima-l39/huaca-pucllana-parque-del-olivar-tour-t1203818/
Perú;puno-l32157;543717;Sunset kayak;https://www.getyourguide.com/puno-l32157/sunset-kayak-titicaca-t543717/
Perú;arequipa-l2859;556814;From arequipa sillar route excursion half day ;https://www.getyourguide.com/arequipa-l2859/from-arequipa-sillar-route-excursion-half-day--t556814/
Perú;chivay-l129313;566702;From arequipa day;https://www.getyourguide.com/chivay-l129313/from-arequipa-day-trip-to-the-colca-canyon-t566702/
Perú;ollantaytambo-l93095;1225943;Ollantaytambo andean weaving workshop with guide;https://www.getyourguide.com/ollantaytambo-l93095/ollantaytambo-andean-weaving-workshop-with-guide-t1225943/
Perú;lima-l39;599138; lima royal highlights larco museum casa de aliaga more;https://www.getyourguide.com/lima-l39/-lima-royal-highlights-larco-museum-casa-de-aliaga-more-t599138/
Perú;paracas-l32470;689850;From lima 2 days paracas ica huacachina and vineyards;https://www.getyourguide.com/paracas-l32470/from-lima-2-days-paracas-ica-huacachina-and-vineyards-t689850/
Perú;chivay-l129313;734705;From arequipa;https://www.getyourguide.com/chivay-l129313/from-arequipa-tour-colca-canyon-2-days-with-final-in-puno-t734705/
Perú;mollepata-l215653;817801;Humantay lagoon full day hike with breakfast lunch;https://www.getyourguide.com/mollepata-l215653/humantay-lagoon-full-day-hike-with-breakfast-lunch-t817801/
Perú;paracas-l32470;833783;From paracas excursion;https://www.getyourguide.com/paracas-l32470/from-paracas-excursion-to-the-ballestas-islands-t833783/
Perú;arequipa-l2859;842426;Arequipa half day panoramic city;https://www.getyourguide.com/arequipa-l2859/arequipa-half-day-panoramic-city-tour-t842426/
Perú;iquitos-l32156;845469;From iquitos;https://www.getyourguide.com/iquitos-l32156/from-iquitos-tour-to-the-amazon-nanay-and-momon-rivers-t845469/
Perú;paracas-l32470;855974;Paracas ballestas islands and paracas national reserve;https://www.getyourguide.com/paracas-l32470/paracas-ballestas-islands-and-paracas-national-reserve-tour-t855974/
Perú;lima-l39;233112;Lima bike;https://www.getyourguide.com/lima-l39/lima-bike-tour-la-costa-verde-jesus-statue-in-chorrillos-t233112/
Perú;lima-l39;313598;Lima paracas huacachina premium day;https://www.getyourguide.com/lima-l39/lima-paracas-huacachina-premium-day-trip-and-sunset-toast-t313598/
Perú;lima-l39;394092;Half day private;https://www.getyourguide.com/lima-l39/half-day-private-tour-to-larco-herrera-museum-t394092/
Perú;arequipa-l2859;926661;Arequipa coropuna volcano 3 day climbing;https://www.getyourguide.com/arequipa-l2859/arequipa-coropuna-volcano-3-day-climbing-trip-t926661/
Perú;arequipa-l2859;1011547;Mountain escape discover salinas aguada blanca in one day;https://www.getyourguide.com/arequipa-l2859/mountain-escape-discover-salinas-aguada-blanca-in-one-day-t1011547/
Perú;lima-l39;433353;Lima 1 rated cooking class with best dishes pisco sour;https://www.getyourguide.com/lima-l39/lima-1-rated-cooking-class-with-best-dishes-pisco-sour-t433353/
Perú;lima-l39;494215;Lima airport bus;https://www.getyourguide.com/lima-l39/lima-airport-bus-transfer-tofrom-kennedy-park-t494215/
Perú;iquitos-l32156;531597;From iquitos 3 day pacaya samiria national reserve;https://www.getyourguide.com/iquitos-l32156/from-iquitos-3-day-pacaya-samiria-national-reserve-tour-t531597/
Perú;urubamba-l164518;559272;From cusco;https://www.getyourguide.com/urubamba-l164518/from-cusco-tour-to-sacred-valley-of-incas-with-buffet-lunch-t559272/
Perú;lima-l39;562296;From lima excursion;https://www.getyourguide.com/lima-l39/from-lima-excursion-to-sayan-and-churin--t562296/
Perú;arequipa-l2859;601898;Route of;https://www.getyourguide.com/arequipa-l2859/route-of-the-sillar-quarries-of-anashuaycos-half-day-t601898/
Perú;chiclayo-l32245;608213;From chiclayo lord of sipan;https://www.getyourguide.com/chiclayo-l32245/from-chiclayo-lord-of-sipan-tour-t608213/
Perú;lima-l39;623492;Lima museums and squares;https://www.getyourguide.com/lima-l39/lima-museums-and-squares-tour-lunch-and-pisco-sour-tasting-t623492/
Perú;ayacucho-l152602;638228;Ayacucho full day aguas;https://www.getyourguide.com/ayacucho-l152602/ayacucho-full-day-aguas-turquesas-millpu-t638228/
Perú;paracas-l32470;663933;From lima paracas ica huacachina nazca 2d1n;https://www.getyourguide.com/paracas-l32470/from-lima-paracas-ica-huacachina-nazca-2d1n-t663933/
Perú;trujillo-l2870;681337;Trujillo discovering chan chan;https://www.getyourguide.com/trujillo-l2870/trujillo-discovering-chan-chan-t681337/
Perú;urubamba-l164518;789235;Cusco 4 day machu picchu;https://www.getyourguide.com/urubamba-l164518/cusco-4-day-machu-picchu-tour-with-rafting-and-ziplining-t789235/
Perú;pucallpa-l218329;801513;Pucallpa yarinococha pink dolphins shipibo conibo;https://www.getyourguide.com/pucallpa-l218329/pucallpa-yarinococha-pink-dolphins-shipibo-conibo-t801513/
Perú;aguas-calientes-l91472;829682;From cusco machu picchu full day;https://www.getyourguide.com/aguas-calientes-l91472/from-cusco-machu-picchu-full-day-t829682/
Perú;puerto-maldonado-l2146;830270;Lake yacumama in puerto maldonado 2 days1 night in nature;https://www.getyourguide.com/puerto-maldonado-l2146/lake-yacumama-in-puerto-maldonado-2-days1-night-in-nature-t830270/
Perú;chivay-l129313;841341;Inca;https://www.getyourguide.com/chivay-l129313/inca-trail-4-days-3-nights-luxury-t841341/
Perú;tacna-l184424;851672;From;https://www.getyourguide.com/tacna-l184424/from-tacna-mirabus-tour-in-tacna-t851672/
Perú;trujillo-l2870;520461;Chan chan and huanchaco shore excursion from salaverry port;https://www.getyourguide.com/trujillo-l2870/chan-chan-and-huanchaco-shore-excursion-from-salaverry-port-t520461/
Perú;urubamba-l164518;525071;From cusco sacred valley and inca;https://www.getyourguide.com/urubamba-l164518/from-cusco-sacred-valley-and-inca-trail-3d2n-t525071/
Perú;aguas-calientes-l91472;547223;Inka jungle;https://www.getyourguide.com/aguas-calientes-l91472/inka-jungle-trek-to-machu-picchu-3-d-2-n-t547223/
Perú;lima-l39;908541;Lima historical center guided walking;https://www.getyourguide.com/lima-l39/lima-historical-center-guided-walking-tour-t908541/
Perú;pucara-peru-l145153;560458;From cusco;https://www.getyourguide.com/pucara-peru-l145153/from-cusco-titicaca-lake-with-the-route-of-the-sun-in-2-day-t560458/
Perú;urubamba-l164518;571223;Peru in 5 days lima paracas huacachina and machupicchu;https://www.getyourguide.com/urubamba-l164518/peru-in-5-days-lima-paracas-huacachina-and-machupicchu-t571223/
Perú;iquitos-l32156;583149;Jungle iquitos 3d boatingpiranha fishingnight excursion;https://www.getyourguide.com/iquitos-l32156/jungle-iquitos-3d-boatingpiranha-fishingnight-excursion-t583149/
Perú;paracas-l32470;593661;Paracas hidden oasis en paracas buggy and sandboarding;https://www.getyourguide.com/paracas-l32470/paracas-hidden-oasis-en-paracas-buggy-and-sandboarding-t593661/
Perú;aguas-calientes-l91472;641424;2 days 1 night machupicchu by bus;https://www.getyourguide.com/aguas-calientes-l91472/2-days-1-night-machupicchu-by-bus-tour-t641424/
Perú;ica-l1608;995828;From huacachina full day;https://www.getyourguide.com/ica-l1608/from-huacachina-full-day-trip-with-nazca-lines-flight-t995828/
Perú;iquitos-l32156;998113;Iquitos amazon river and rainforest adventure;https://www.getyourguide.com/iquitos-l32156/iquitos-amazon-river-and-rainforest-adventure-tour-t998113/
Perú;ayacucho-l152602;645956;Ayacucho huaraca explore;https://www.getyourguide.com/ayacucho-l152602/ayacucho-huaraca-explore-the-enigmatic-stone-grove-t645956/
Perú;lima-l39;1066468;Lima private larco museum guide;https://www.getyourguide.com/lima-l39/lima-private-larco-museum-guide-tour-with-hotel-pick-up-t1066468/
Perú;aguas-calientes-l91472;789173;Cusco;https://www.getyourguide.com/aguas-calientes-l91472/cusco-train-to-machu-picchu-with-optional-bus-transfer-t789173/
Perú;tingo-maria-l213362;800742;Adventure in;https://www.getyourguide.com/tingo-maria-l213362/adventure-in-the-dark-owls-cave-santa-carmen-expedition-t800742/
Perú;urubamba-l164518;822917;Guide in machu picchu 3 hours;https://www.getyourguide.com/urubamba-l164518/guide-in-machu-picchu-3-hours-t822917/
Perú;urubamba-l164518;825932;Llactapata;https://www.getyourguide.com/urubamba-l164518/llactapata-trek-to-machu-picchu-3d-2n-t825932/
Perú;ayacucho-l152602;844386;Ayacucho qorihuillca canyons;https://www.getyourguide.com/ayacucho-l152602/ayacucho-qorihuillca-canyons-t844386/
Perú;puerto-maldonado-l2146;858820;Puerto maldonado 3 hour sunset boat ride;https://www.getyourguide.com/puerto-maldonado-l2146/puerto-maldonado-3-hour-sunset-boat-ride-t858820/
Perú;lima-l39;1161914;Lima barranco guided food;https://www.getyourguide.com/lima-l39/lima-barranco-guided-food-tour-with-tastings-t1161914/
Perú;ollantaytambo-l93095;866625;From ollantaytambo private half day;https://www.getyourguide.com/ollantaytambo-l93095/from-ollantaytambo-private-half-day-tour-to-maras-and-moray-t866625/
Perú;chivay-l129313;1259489;Arequipa 15 day city;https://www.getyourguide.com/chivay-l129313/arequipa-15-day-city-tour-and-colca-canyon-t1259489/
Perú;chiclayo-l32245;1080378;Pope leo xiv route;https://www.getyourguide.com/chiclayo-l32245/pope-leo-xiv-route-tour-in-chiclayo-t1080378/
Perú;lima-l39;1299113;Lima full day a journey;https://www.getyourguide.com/lima-l39/lima-full-day-a-journey-through-its-most-iconic-districts-t1299113/
Perú;ica-l1608;1088821;Huacachina private dune buggy;https://www.getyourguide.com/ica-l1608/huacachina-private-dune-buggy-tour-tubing-in-the-ica-desert-t1088821/
Perú;puno-l32157;1122904;Full day;https://www.getyourguide.com/puno-l32157/full-day-tour-from-puno-uros-and-taquile-islands-by-boat-with-dances-t1122904/
Perú;aguas-calientes-l91472;1124393;Inca;https://www.getyourguide.com/aguas-calientes-l91472/inca-trail-to-machu-picchu-and-the-sun-gate-t1124393/
Perú;lima-l39;236052;Lunch menu at mangos larcomar restaurant;https://www.getyourguide.com/lima-l39/lunch-menu-at-mangos-larcomar-restaurant-t236052/
Perú;urubamba-l164518;1201226;The llamas and alpacas experience in racchi ayllo;https://www.getyourguide.com/urubamba-l164518/the-llamas-and-alpacas-experience-in-racchi-ayllo-t1201226/
Perú;lima-l39;558430;Tour;https://www.getyourguide.com/lima-l39/tour-to-the-sanctuary-of-pachacamac-t558430/
Perú;aguas-calientes-l91472;584301;Machu picchu private exclusive adventure from cusco lunch;https://www.getyourguide.com/aguas-calientes-l91472/machu-picchu-private-exclusive-adventure-from-cusco-lunch-t584301/
Perú;trujillo-l2870;743628;Trujillo;https://www.getyourguide.com/trujillo-l2870/trujillo-tour-chan-chan-and-huanchaco-beach-tour-t743628/
Perú;arequipa-l2859;788193;Arequipa salt lake laguna de salinas salinas lagoon;https://www.getyourguide.com/arequipa-l2859/arequipa-salt-lake-laguna-de-salinas-salinas-lagoon-t788193/
Perú;huaraz-l360;818778;Huaraz1 day excursion;https://www.getyourguide.com/huaraz-l360/huaraz1-day-excursion-to-laguna-69-in-the-cordillera-blanca-t818778/
Perú;ica-l1608;820758;City;https://www.getyourguide.com/ica-l1608/city-tour-in-ica-t820758/
Perú;ica-l1608;847361;From ica excursion;https://www.getyourguide.com/ica-l1608/from-ica-excursion-to-wineries-along-the-pisco-route-t847361/
Perú;cajamarca-l116362;858704;From cajamarca cumbemayo archaeological complex ;https://www.getyourguide.com/cajamarca-l116362/from-cajamarca-cumbemayo-archaeological-complex--t858704/
Perú;aguas-calientes-l91472;526176;From ollantaytambo 2 day machu picchu;https://www.getyourguide.com/aguas-calientes-l91472/from-ollantaytambo-2-day-machu-picchu-tour-t526176/
Perú;lima-l39;549703;Lima art;https://www.getyourguide.com/lima-l39/lima-art-tour-in-a-shipibo-indigenous-community-t549703/
Perú;ollantaytambo-l93095;888475;From cusco;https://www.getyourguide.com/ollantaytambo-l93095/from-cusco-transfer-to-ollantaytambo-t888475/
Perú;chivay-l129313;572117;From arequipa full day;https://www.getyourguide.com/chivay-l129313/from-arequipa-full-day-to-colca-canyon-t572117/
Perú;mancora-l219469;953477;From mancora swimming with;https://www.getyourguide.com/mancora-l219469/from-mancora-swimming-with-turtles-catamaran-tour-and-bird-watching-t953477/
Perú;arequipa-l2859;709917;Sillar route arequipa;https://www.getyourguide.com/arequipa-l2859/sillar-route-arequipa-t709917/
Perú;chivay-l129313;796197;From arequipa colca canyon 2d;https://www.getyourguide.com/chivay-l129313/from-arequipa-colca-canyon-2d-tour-with-end-in-puno-t796197/
Perú;chivay-l129313;803447;Tour colca canyon one day in arequipa with breakfast;https://www.getyourguide.com/chivay-l129313/tour-colca-canyon-one-day-in-arequipa-with-breakfast-t803447/
Perú;arequipa-l2859;823332;Full day;https://www.getyourguide.com/arequipa-l2859/full-day-tours-to-the-colca-canyon-t823332/
Perú;chivay-l129313;831985;Puno;https://www.getyourguide.com/chivay-l129313/puno-to-arequipa-2-day-colca-canyon-tour-t831985/
Perú;urubamba-l164518;874067;From cusco moray maras salt mines chinchero weavers;https://www.getyourguide.com/urubamba-l164518/from-cusco-moray-maras-salt-mines-chinchero-weavers-tour-t874067/
Perú;lima-l39;877543;Lima old;https://www.getyourguide.com/lima-l39/lima-old-town-highlights-private-walking-tour-t877543/
Perú;ollantaytambo-l93095;888494;From ollantaytambo cusco hotel;https://www.getyourguide.com/ollantaytambo-l93095/from-ollantaytambo-cusco-hotel-transfer-t888494/
Perú;huanchaco-l219473;906515;Trujillo half day excursion;https://www.getyourguide.com/huanchaco-l219473/trujillo-half-day-excursion-to-chan-chan-huanchaco-beach-t906515/
Perú;mollepata-l215653;1268864;Cusco humantay lake guided hike with meals photos;https://www.getyourguide.com/mollepata-l215653/cusco-humantay-lake-guided-hike-with-meals-photos-t1268864/
Perú;lima-l39;476013;Lima private custom;https://www.getyourguide.com/lima-l39/lima-private-custom-tour-with-a-local-guide-t476013/
Perú;lima-l39;481832;Taxi airport peru lima;https://www.getyourguide.com/lima-l39/taxi-airport-peru-lima-t481832/
Perú;lima-l39;1267077;Barranco surfing and an e bike ride;https://www.getyourguide.com/lima-l39/barranco-surfing-and-an-e-bike-ride-through-miraflores-t1267077/
Perú;lima-l39;557561;Lima san mateo de otao adrenaline activities from lima;https://www.getyourguide.com/lima-l39/lima-san-mateo-de-otao-adrenaline-activities-from-lima-t557561/
Perú;iquitos-l32156;561144;From iquitos full day;https://www.getyourguide.com/iquitos-l32156/from-iquitos-full-day-tour-in-the-peruvian-jungle-t561144/
Perú;urubamba-l164518;587128;Sacred valley of;https://www.getyourguide.com/urubamba-l164518/sacred-valley-of-the-inkas-t587128/
Perú;huaral-l194839;634645;From lima;https://www.getyourguide.com/huaral-l194839/from-lima-tour-of-the-province-of-huaral-chancay-full-day-t634645/
Perú;oxapampa-l206133;759293;Oxapampa perene natural adventure amazon s biodiversity;https://www.getyourguide.com/oxapampa-l206133/oxapampa-perene-natural-adventure-amazon-s-biodiversity-t759293/
Perú;puno-l32157;366890;From puno uros islands and;https://www.getyourguide.com/puno-l32157/from-puno-uros-islands-and-taquile-by-fast-boat-with-lunch-t366890/
Perú;lima-l39;770974;Lima pre incan;https://www.getyourguide.com/lima-l39/lima-pre-incan-temple-of-pachacamac-t770974/
Perú;piura-l156022;799529;Mancora fishing;https://www.getyourguide.com/piura-l156022/mancora-fishing-tours-with-a-ceviche-cook-catch-savor-t799529/
Perú;aguas-calientes-l91472;816860;Smoll group inca;https://www.getyourguide.com/aguas-calientes-l91472/smoll-group-inca-trail-2-days-new-route-to-machu-picchu-t816860/
Perú;lima-l39;828385;From lima;https://www.getyourguide.com/lima-l39/from-lima-the-best-of-huaraz-paron-lagoon-rocotuyoq-and-congelada-in-2-days-t828385/
Perú;chinchero-l219429;881335;Transport maras moray and chinchero;https://www.getyourguide.com/chinchero-l219429/transport-maras-moray-and-chinchero-t881335/
Perú;lima-l39;557723;Lima surf class master;https://www.getyourguide.com/lima-l39/lima-surf-class-master-the-wave-beginners-advanced-t557723/
Perú;lima-l39;558272;City;https://www.getyourguide.com/lima-l39/city-tour-1-day-lima-t558272/
Perú;chivay-l129313;951955;Cusco huacachina colca canyon uros amantani 14 day;https://www.getyourguide.com/chivay-l129313/cusco-huacachina-colca-canyon-uros-amantani-14-day-trip-t951955/
Perú;cajamarca-l116362;965119;Cajamarca namora valley;https://www.getyourguide.com/cajamarca-l116362/cajamarca-namora-valley-tour-guitar-workshop-and-san-nicolas-lagoon-t965119/
Perú;iquitos-l32156;996627;From iquitos nauta day;https://www.getyourguide.com/iquitos-l32156/from-iquitos-nauta-day-trip-with-jungle-walk-and-lunch-t996627/
Perú;huaral-l194839;625110;Lima private 2 days;https://www.getyourguide.com/huaral-l194839/lima-private-2-days-trekking-route-through-rupac--t625110/
Perú;lima-l39;1026364;Lima paragliding experience with hd video costa verde;https://www.getyourguide.com/lima-l39/lima-paragliding-experience-with-hd-video-costa-verde-t1026364/
Perú;trujillo-l2870;656150;Trujillo show of peruvian paso horse marinera with lunch;https://www.getyourguide.com/trujillo-l2870/trujillo-show-of-peruvian-paso-horse-marinera-with-lunch-t656150/
Perú;puno-l32157;1149071;Puno lake;https://www.getyourguide.com/puno-l32157/puno-lake-titicaca-tour-with-uros-islands-lunch-t1149071/
Perú;lima-l39;805572;Peru bolivia;https://www.getyourguide.com/lima-l39/peru-bolivia-tour-package-13-days-t805572/
Perú;aguas-calientes-l91472;825883;1 day;https://www.getyourguide.com/aguas-calientes-l91472/1-day-tour-to-machupicchu-with-expedition-train-t825883/
Perú;oxapampa-l206133;827355;From oxapampa villa rica;https://www.getyourguide.com/oxapampa-l206133/from-oxapampa-villa-rica-the-capital-of-the-coffee-route-t827355/
Perú;urubamba-l164518;871576;Cusco from machu picchu;https://www.getyourguide.com/urubamba-l164518/cusco-from-machu-picchu-to-the-stars-8-days-of-adventure-t871576/
Perú;urubamba-l164518;873378;Cusco sacred valley maras and moray full day;https://www.getyourguide.com/urubamba-l164518/cusco-sacred-valley-maras-and-moray-full-day-tour-t873378/
Perú;lima-l39;884354;Huaraz 4 days 3 nights;https://www.getyourguide.com/lima-l39/huaraz-4-days-3-nights-t884354/
Perú;lima-l39;889448;Lima local market and barranco district food;https://www.getyourguide.com/lima-l39/lima-local-market-and-barranco-district-food-tour-t889448/
Perú;puno-l32157;1237248;From puno full day uros;https://www.getyourguide.com/puno-l32157/from-puno-full-day-uros-taquile-islands-by-speedboat-t1237248/
Perú;ica-l1608;971936;Professional sandski excursions huacachina;https://www.getyourguide.com/ica-l1608/professional-sandski-excursions-huacachina-t971936/
Perú;lima-l39;1257857;Lima larco museum guided;https://www.getyourguide.com/lima-l39/lima-larco-museum-guided-tour-with-hotel-transfers-t1257857/
Perú;puno-l32157;1292726;Lake;https://www.getyourguide.com/puno-l32157/lake-titicaca-puno-full-day-tour-to-the-uros-and-taquile-islands-with-beach-t1292726/
Perú;arequipa-l2859;1112880;From arequipa colca full day with dance show at breakfast;https://www.getyourguide.com/arequipa-l2859/from-arequipa-colca-full-day-with-dance-show-at-breakfast-t1112880/
Perú;iquitos-l32156;486082;Complete adventure in iquitos rivers;https://www.getyourguide.com/iquitos-l32156/complete-adventure-in-iquitos-rivers-tribe-and-nature-t486082/
Perú;huaraz-l360;539086;From huaraz;https://www.getyourguide.com/huaraz-l360/from-huaraz-tour-to-llanganuco-lakes-chinancocha-lake-t539086/
Perú;aguas-calientes-l91472;552480;Short inca;https://www.getyourguide.com/aguas-calientes-l91472/short-inca-trail-to-machu-picchu-2d1n-t552480/
Perú;puno-l32157;561076;Titicaca lake 2 days1 night visit uros;https://www.getyourguide.com/puno-l32157/titicaca-lake-2-days1-night-visit-uros-taquile-amantani-t561076/
Perú;lima-l39;562945;From lima magical water circuit;https://www.getyourguide.com/lima-l39/from-lima-magical-water-circuit-t562945/
Perú;aguas-calientes-l91472;729454;Machu picchu full day by;https://www.getyourguide.com/aguas-calientes-l91472/machu-picchu-full-day-by-train-t729454/
Perú;puno-l32157;734921;Kayak morning;https://www.getyourguide.com/puno-l32157/kayak-morning-titicaca-t734921/
Perú;lima-l39;394538;Lima private;https://www.getyourguide.com/lima-l39/lima-private-tour-to-huaca-pucllana-and-huaca-mateo-salado-t394538/
Perú;ica-l1608;794501;Lima ica camel ride huacachina desert adventure pool;https://www.getyourguide.com/ica-l1608/lima-ica-camel-ride-huacachina-desert-adventure-pool-t794501/
Perú;iquitos-l32156;818765;From iquitos 4 day;https://www.getyourguide.com/iquitos-l32156/from-iquitos-4-day-tour-of-the-northern-amazon--t818765/
Perú;urubamba-l164518;825925;Machu picchu and sacred valley 2 day;https://www.getyourguide.com/urubamba-l164518/machu-picchu-and-sacred-valley-2-day-tour-t825925/
Perú;lima-l39;827211;From lima callao and royal felipe fortress;https://www.getyourguide.com/lima-l39/from-lima-callao-and-royal-felipe-fortress-tour-t827211/
Perú;puno-l32157;845337;Round;https://www.getyourguide.com/puno-l32157/round-trip-cusco-route-of-the-sun-2d-in-puno-with-hotel-t845337/
Perú;iquitos-l32156;882237;5 day amazon jungle camping odyssey from iquitos;https://www.getyourguide.com/iquitos-l32156/5-day-amazon-jungle-camping-odyssey-from-iquitos-t882237/
Perú;lima-l39;585331;Lima miraflores chocomuseo s chocolate workshop;https://www.getyourguide.com/lima-l39/lima-miraflores-chocomuseo-s-chocolate-workshop-t585331/
Perú;chavin-de-huantar-l149399;683828;Chavin de huantar monument querococha lagoon all entries;https://www.getyourguide.com/chavin-de-huantar-l149399/chavin-de-huantar-monument-querococha-lagoon-all-entries-t683828/
Perú;arequipa-l2859;1077634;Arequipa chachani volcano summit full day climb;https://www.getyourguide.com/arequipa-l2859/arequipa-chachani-volcano-summit-full-day-climb-t1077634/
Perú;puerto-maldonado-l2146;802052;Parrot and macaw clay lick;https://www.getyourguide.com/puerto-maldonado-l2146/parrot-and-macaw-clay-lick-tour-t802052/
Perú;puno-l32157;1158064;Puno airport;https://www.getyourguide.com/puno-l32157/puno-airport-transfer-to-puno-with-a-tour-of-the-sillustani-chullpas-t1158064/
Perú;puno-l32157;1051618;Puno lake;https://www.getyourguide.com/puno-l32157/puno-lake-titicaca-biking-tour-with-quechua-community-t1051618/
Perú;lima-l39;1080368;Barranco walking food;https://www.getyourguide.com/lima-l39/barranco-walking-food-tour-with-hot-quinoa-drink-t1080368/
Perú;arequipa-l2859;1080672;Arequipa sandboarding adventure in;https://www.getyourguide.com/arequipa-l2859/arequipa-sandboarding-adventure-in-the-desert-t1080672/
Perú;chivay-l129313;367630;From puno;https://www.getyourguide.com/chivay-l129313/from-puno-to-arequipa-2-days1-night-colca-canyon-tour-t367630/
Perú;arequipa-l2859;1159950;Arequipa san camilo market;https://www.getyourguide.com/arequipa-l2859/arequipa-san-camilo-market-tour-with-food-t1159950/
Perú;iquitos-l32156;434418;Iquitos monkey island amazon piranha;https://www.getyourguide.com/iquitos-l32156/iquitos-monkey-island-amazon-piranha-tour-t434418/
Perú;urubamba-l164518;457585;Valle sagradochinchero moray maras ollantaytambo y pisac;https://www.getyourguide.com/urubamba-l164518/valle-sagradochinchero-moray-maras-ollantaytambo-y-pisac-t457585/
Perú;arequipa-l2859;479643;From arequipa 2 day colca canyon;https://www.getyourguide.com/arequipa-l2859/from-arequipa-2-day-colca-canyon-trekking-tour-t479643/
Perú;huaraz-l360;495718;Laguna 69 full day;https://www.getyourguide.com/huaraz-l360/laguna-69-full-day-tour-t495718/
Perú;aguas-calientes-l91472;544945;Rainbow mountain;https://www.getyourguide.com/aguas-calientes-l91472/rainbow-mountain-tour-and-machu-picchu-tour-by-train-t544945/
Perú;puerto-maldonado-l2146;554417;Puerto maldonado 2 day;https://www.getyourguide.com/puerto-maldonado-l2146/puerto-maldonado-2-day-tambopata-national-reserve-tour-t554417/
Perú;arequipa-l2859;625872;Arequipa full day;https://www.getyourguide.com/arequipa-l2859/arequipa-full-day-tour-to-salinas-salt-lake-t625872/
Perú;puno-l32157;386079;From puno floating islands of;https://www.getyourguide.com/puno-l32157/from-puno-floating-islands-of-the-uros-half-day-tour-t386079/
Perú;aguas-calientes-l91472;777009;Machu picchu 2 day abra malaga;https://www.getyourguide.com/aguas-calientes-l91472/machu-picchu-2-day-abra-malaga-trip-t777009/
Perú;mancora-l219469;799541;Mancora negrito white desert;https://www.getyourguide.com/mancora-l219469/mancora-negrito-white-desert-the-little-uyuni-salt-lake-t799541/
Perú;puno-l32157;816959;Tour;https://www.getyourguide.com/puno-l32157/tour-to-the-floating-islands-of-the-uros-and-taquile-1-day-t816959/
Perú;limatambo-l215237;829106;Cusco chonta canyon;https://www.getyourguide.com/limatambo-l215237/cusco-chonta-canyon-tarawasi-and-killarumiyoq-tour-t829106/
Perú;paracas-l32470;833755;Full day ballestas islands and;https://www.getyourguide.com/paracas-l32470/full-day-ballestas-islands-and-the-paracas-national-reserve-t833755/
Perú;huaraz-l360;851590;From huaraz climbing nevado mateo cordillera blanca;https://www.getyourguide.com/huaraz-l360/from-huaraz-climbing-nevado-mateo-cordillera-blanca-t851590/
Perú;urubamba-l164518;456956;Desde cusco;https://www.getyourguide.com/urubamba-l164518/desde-cusco-tour-valle-sagrado-1-dia-t456956/
Perú;aguas-calientes-l91472;851796;Exploring magical peru 8d7n hotel 2 stars;https://www.getyourguide.com/aguas-calientes-l91472/exploring-magical-peru-8d7n-hotel-2-stars-t851796/
Perú;urubamba-l164518;864964;Exploring cusco city;https://www.getyourguide.com/urubamba-l164518/exploring-cusco-city-the-sacred-valley-and-machu-picchu-t864964/
Perú;urubamba-l164518;880961;Cusco 4 day salkantay;https://www.getyourguide.com/urubamba-l164518/cusco-4-day-salkantay-trek-to-machu-picchu-t880961/
Perú;lima-l39;538697;Lima bar crawl night;https://www.getyourguide.com/lima-l39/lima-bar-crawl-night-tour-in-miraflores-t538697/
Perú;puerto-maldonado-l2146;616212;Puerto maldonado parrot sighting and piranha fishing;https://www.getyourguide.com/puerto-maldonado-l2146/puerto-maldonado-parrot-sighting-and-piranha-fishing-t616212/
Perú;puno-l32157;665047;Puno uros floating island kayak experience at lake;https://www.getyourguide.com/puno-l32157/puno-uros-floating-island-kayak-experience-at-lake-titicaca-t665047/
Perú;arequipa-l2859;681254;Arequipa city;https://www.getyourguide.com/arequipa-l2859/arequipa-city-tour-discovering-hidden-treasures-t681254/
Perú;ica-l1608;794278;Ica pisco and wine;https://www.getyourguide.com/ica-l1608/ica-pisco-and-wine-tour-with-desert-trip-t794278/
Perú;aguas-calientes-l91472;816434;From cusco machu picchu day;https://www.getyourguide.com/aguas-calientes-l91472/from-cusco-machu-picchu-day-trip-with-train-tickets-t816434/
Perú;aguas-calientes-l91472;820385;Machu picchu and machu picchu mountain;https://www.getyourguide.com/aguas-calientes-l91472/machu-picchu-and-machu-picchu-mountain-t820385/
Perú;chivay-l129313;829858;From arequipa colca canyon day;https://www.getyourguide.com/chivay-l129313/from-arequipa-colca-canyon-day-trip-with-buffet-meals-t829858/
Perú;iquitos-l32156;834729;Ayahuasca iquitos purification learning and healing;https://www.getyourguide.com/iquitos-l32156/ayahuasca-iquitos-purification-learning-and-healing-t834729/
Perú;arequipa-l2859;1159985;Arequipa chachani volcano climb with breakfast guide;https://www.getyourguide.com/arequipa-l2859/arequipa-chachani-volcano-climb-with-breakfast-guide-t1159985/
Perú;puno-l32157;1168205;Experience;https://www.getyourguide.com/puno-l32157/experience-tour-in-the-uros-islands-with-overnight-stay-in-a-floating-lodge-2-days-t1168205/
Perú;iquitos-l32156;845409;2 day amazon jungle camping;https://www.getyourguide.com/iquitos-l32156/2-day-amazon-jungle-camping-tour-from-iquitos-t845409/
Perú;lima-l39;868302;Lima sand skiing and off road;https://www.getyourguide.com/lima-l39/lima-sand-skiing-and-off-road-tour-in-ancon-t868302/
Perú;aguas-calientes-l91472;869171;Cusco a special place 6d 5n hotel 4 stars;https://www.getyourguide.com/aguas-calientes-l91472/cusco-a-special-place-6d-5n-hotel-4-stars-t869171/
Perú;huaraz-l360;879665;Huaraz 3 day;https://www.getyourguide.com/huaraz-l360/huaraz-3-day-tour-with-huascaran-chavin-and-pastoruri-t879665/
Perú;iquitos-l32156;995295;Iquitos 2 day amazon jungle adventure with lodge stay;https://www.getyourguide.com/iquitos-l32156/iquitos-2-day-amazon-jungle-adventure-with-lodge-stay-t995295/
Perú;huaraz-l360;1026988;Huaraz hike;https://www.getyourguide.com/huaraz-l360/huaraz-hike-to-the-paron-lagoon-t1026988/
Perú;pucara-peru-l145153;1048421;From cusco luxury bus ruta del sol;https://www.getyourguide.com/pucara-peru-l145153/from-cusco-luxury-bus-ruta-del-sol-titicaca-full-day-speedboat-2-days-t1048421/
Perú;ica-l1608;1307037;Ica and huacachina city;https://www.getyourguide.com/ica-l1608/ica-and-huacachina-city-tour-with-sunset-t1307037/
Perú;ica-l1608;1314926;Paracas deluxe road;https://www.getyourguide.com/ica-l1608/paracas-deluxe-road-trip-through-natural-landscapes-and-hidden-gems-t1314926/
Perú;santiago-de-surco-l199523;1171142;Lima local wine;https://www.getyourguide.com/santiago-de-surco-l199523/lima-local-wine-tasting-experience-t1171142/
Perú;lima-l39;1184459;Lima miraflores bike rental;https://www.getyourguide.com/lima-l39/lima-miraflores-bike-rental-t1184459/
Perú;calca-l208593;1252161;Sacred valley at a slow pace pre columbian civilizations;https://www.getyourguide.com/calca-l208593/sacred-valley-at-a-slow-pace-pre-columbian-civilizations-t1252161/
Perú;arequipa-l2859;479203;The sillar route day;https://www.getyourguide.com/arequipa-l2859/the-sillar-route-day-tour-t479203/
Perú;lima-l39;695208;Hop on hop bus en miraflores;https://www.getyourguide.com/lima-l39/hop-on-hop-bus-en-miraflores-t695208/
Perú;puno-l32157;719668;Puno private sightseeing city;https://www.getyourguide.com/puno-l32157/puno-private-sightseeing-city-tour-t719668/
Perú;ica-l1608;733471;Paracas adventure;https://www.getyourguide.com/ica-l1608/paracas-adventure-tour-t733471/
Perú;lima-l39;826088;From lima excursion;https://www.getyourguide.com/lima-l39/from-lima-excursion-to-caral-and-bandurria-full-day--t826088/
Perú;iquitos-l32156;839799;From iquitos excursion;https://www.getyourguide.com/iquitos-l32156/from-iquitos-excursion-to-the-monkey-island-full-day--t839799/
Perú;pisac-l119710;508313;San pedro wachuma ceremony in cusco espiritual;https://www.getyourguide.com/pisac-l119710/san-pedro-wachuma-ceremony-in-cusco-espiritual-tour-t508313/
Perú;paracas-l32470;855775;From lima paracas ballestas islands and nazca lines day ;https://www.getyourguide.com/paracas-l32470/from-lima-paracas-ballestas-islands-and-nazca-lines-day--t855775/
Perú;lima-l39;532923;Lima private;https://www.getyourguide.com/lima-l39/lima-private-transfer-service-fromto-lima-airport-t532923/
Perú;aguas-calientes-l91472;871532;Guided;https://www.getyourguide.com/aguas-calientes-l91472/guided-tour-of-machu-picchu-from-aguas-calientes-t871532/
Perú;lima-l39;884407;Best of lima city;https://www.getyourguide.com/lima-l39/best-of-lima-city-tour-t884407/
Perú;paracas-l32470;588681;Ballestas islands;https://www.getyourguide.com/paracas-l32470/ballestas-islands-tour-paracas-t588681/
Perú;lima-l39;949200;Lima all inclusive;https://www.getyourguide.com/lima-l39/lima-all-inclusive-tour-to-discover-the-main-attractions-t949200/
Perú;chivay-l129313;639260;From arequipa colca canyon full day;https://www.getyourguide.com/chivay-l129313/from-arequipa-colca-canyon-full-day-tour-with-breakfast-t639260/
Perú;abancay-l223000;656001;Apurimac full day;https://www.getyourguide.com/abancay-l223000/apurimac-full-day-tour-in-abancay-t656001/
Perú;mollepata-l215653;665123;Fantastic one day;https://www.getyourguide.com/mollepata-l215653/fantastic-one-day-tour-to-humantay-lake-in-private-service-t665123/
Perú;lima-l39;685895;From lima full day guided;https://www.getyourguide.com/lima-l39/from-lima-full-day-guided-trip-to-sayan-and-churin-t685895/
Perú;chucuito-l176645;688082;Discover puno aymara route and;https://www.getyourguide.com/chucuito-l176645/discover-puno-aymara-route-and-titicaca-castle-entrance-t688082/
Perú;lima-l39;799563;Sayan and churin full day;https://www.getyourguide.com/lima-l39/sayan-and-churin-full-day-tour-t799563/
Perú;chivay-l129313;809886;Colca canyon;https://www.getyourguide.com/chivay-l129313/colca-canyon-trekking-2-days-t809886/
Perú;lima-l39;875899;Caral;https://www.getyourguide.com/lima-l39/caral-the-oldest-civilization-in-america-trip-from-lima-t875899/
Perú;arequipa-l2859;1152955;Arequipa panoramic viewpoint of;https://www.getyourguide.com/arequipa-l2859/arequipa-panoramic-viewpoint-of-the-city-and-the-ashlar-route-t1152955/
Perú;lima-l39;881533;Lima skip;https://www.getyourguide.com/lima-l39/lima-skip-the-line-larco-museum-private-tour-and-tickets-t881533/
Perú;lima-l39;1157971;Lima aliaga house san francisco convent coffee;https://www.getyourguide.com/lima-l39/lima-aliaga-house-san-francisco-convent-coffee-tour-t1157971/
Perú;puerto-maldonado-l2146;893859;Tampobatasearch for alligators capibaras and sunset;https://www.getyourguide.com/puerto-maldonado-l2146/tampobatasearch-for-alligators-capibaras-and-sunset-t893859/
Perú;chinchero-l219429;952802;Cusco;https://www.getyourguide.com/chinchero-l219429/cusco-traditional-sacred-valley-pisac-ollantaytambo-chinchero-t952802/
Perú;paracas-l32470;1096516;From lima ballestas islands vineyards and huacachina oasis by buggy 2 days;https://www.getyourguide.com/paracas-l32470/from-lima-ballestas-islands-vineyards-and-huacachina-oasis-by-buggy-2-days-t1096516/
Perú;trujillo-l2870;1098383;Full archaeological day in;https://www.getyourguide.com/trujillo-l2870/full-archaeological-day-in-trujillo-t1098383/
Perú;arequipa-l2859;1326586;Landscapes of arequipa salt flats and aguada blanca reserve;https://www.getyourguide.com/arequipa-l2859/landscapes-of-arequipa-salt-flats-and-aguada-blanca-reserve-t1326586/
Perú;puno-l32157;1164908;Immersion in uros and;https://www.getyourguide.com/puno-l32157/immersion-in-uros-and-taquile-with-workshop-lunch-and-swimming-in-lake-titicaca-t1164908/
Perú;mollepata-l215653;1224604;Cusco humantay lake excursion with stop at an artisanal ice cream parlor;https://www.getyourguide.com/mollepata-l215653/cusco-humantay-lake-excursion-with-stop-at-an-artisanal-ice-cream-parlor-t1224604/
Perú;trujillo-l2870;493551;Tour;https://www.getyourguide.com/trujillo-l2870/tour-to-chan-chan-huanchaco-and-pisco-sour-tasting-t493551/
Perú;huaraz-l360;1308397; high mountain expedition summit of vallunaraju from huaraz ;https://www.getyourguide.com/huaraz-l360/-high-mountain-expedition-summit-of-vallunaraju-from-huaraz--t1308397/
Perú;urubamba-l164518;554976;Machu picchu adventure and rainbow mountain 2 days ;https://www.getyourguide.com/urubamba-l164518/machu-picchu-adventure-and-rainbow-mountain-2-days--t554976/
Perú;puerto-maldonado-l2146;603573;Sloth search;https://www.getyourguide.com/puerto-maldonado-l2146/sloth-search-t603573/
Perú;arequipa-l2859;609490;From arequipa excursion;https://www.getyourguide.com/arequipa-l2859/from-arequipa-excursion-to-pillones-waterfalls-full-day-t609490/
Perú;huaral-l194839;656116;From lima huaral and visit;https://www.getyourguide.com/huaral-l194839/from-lima-huaral-and-visit-to-the-castle-of-chancay-t656116/
Perú;lima-l39;471664;Gourmet food;https://www.getyourguide.com/lima-l39/gourmet-food-tour-in-lima-by-night-t471664/
Perú;chivay-l129313;825851;Trekking in;https://www.getyourguide.com/chivay-l129313/trekking-in-the-colca-canyon-of-2-days-and-1-night-t825851/
Perú;ica-l1608;844848;Huacachina ica;https://www.getyourguide.com/ica-l1608/huacachina-ica-tour-desert-glamping-unique-experience-t844848/
Perú;lima-l39;557601;Lima huancaya hidden paradise retreat;https://www.getyourguide.com/lima-l39/lima-huancaya-hidden-paradise-retreat-t557601/
Perú;puno-l32157;558436;Titicaca lake full day visit;https://www.getyourguide.com/puno-l32157/titicaca-lake-full-day-visit-the-islands-of-uros-taquile-t558436/
Perú;lima-l39;853517;Lima 2 day visit;https://www.getyourguide.com/lima-l39/lima-2-day-visit-to-the-nor-yauyos-cochas-landscape-reserve-t853517/
Perú;puno-l32157;858560;From puno 3day excursion;https://www.getyourguide.com/puno-l32157/from-puno-3day-excursion-to-la-paz-and-the-uyuni-salt-flats-t858560/
Perú;lima-l39;587162;Sandbording in lima;https://www.getyourguide.com/lima-l39/sandbording-in-lima-t587162/
Perú;ollantaytambo-l93095;876016;A magical journey;https://www.getyourguide.com/ollantaytambo-l93095/a-magical-journey-through-the-sacred-valley-t876016/
Perú;santa-maria-peru-l149232;877128;Transport;https://www.getyourguide.com/santa-maria-peru-l149232/transport-transfer-to-santa-maria-t877128/
Perú;ica-l1608;877940;Ica and huacachina wine pisco and dune buggy ride experience;https://www.getyourguide.com/ica-l1608/ica-and-huacachina-wine-pisco-and-dune-buggy-ride-experience-t877940/
Perú;paracas-l32470;878030;Paracas ballestas islands and paracas national reserve;https://www.getyourguide.com/paracas-l32470/paracas-ballestas-islands-and-paracas-national-reserve-tour-t878030/
Perú;huayllabamba-l209180;885193;Transportation huayllabamba hotel aranwa;https://www.getyourguide.com/huayllabamba-l209180/transportation-huayllabamba-hotel-aranwa-transfer-t885193/
Perú;aguas-calientes-l91472;890597;Machu picchu classic express;https://www.getyourguide.com/aguas-calientes-l91472/machu-picchu-classic-express-t890597/
Perú;ollantaytambo-l93095;891535;Transfer;https://www.getyourguide.com/ollantaytambo-l93095/transfer-to-ollantaytambo-direct-connection-from-cusco-t891535/
Perú;arequipa-l2859;736184;Arequipa sillar route quarries culebrillas;https://www.getyourguide.com/arequipa-l2859/arequipa-sillar-route-quarries-culebrillas-trekk-t736184/
Perú;arequipa-l2859;827258;From arequipa;https://www.getyourguide.com/arequipa-l2859/from-arequipa-tour-along-the-sillar-route-t827258/
Perú;urubamba-l164518;833009;Excursion;https://www.getyourguide.com/urubamba-l164518/excursion-to-the-sacred-valley-of-the-incas-t833009/
Perú;lima-l39;856953;From lima nazca lines flight with huacachina oasis;https://www.getyourguide.com/lima-l39/from-lima-nazca-lines-flight-with-huacachina-oasis-tour-t856953/
Perú;trujillo-l2870;865945;From;https://www.getyourguide.com/trujillo-l2870/from-trujillo-full-day-tour-with-museums-t865945/
Perú;lima-l39;1166441;Pisco;https://www.getyourguide.com/lima-l39/pisco-tasting-in-the-vineyards-of-ica-t1166441/
Perú;lima-l39;973405;Barranco specialty coffee experience villa rica;https://www.getyourguide.com/lima-l39/barranco-specialty-coffee-experience-villa-rica-t973405/
Perú;trujillo-l2870;1223024;Private northern peru route;https://www.getyourguide.com/trujillo-l2870/private-northern-peru-route-trujillo-chiclayo-t1223024/
Perú;urubamba-l164518;1028860;From cusco biking;https://www.getyourguide.com/urubamba-l164518/from-cusco-biking-tour-to-maras-and-moray-with-lunch-t1028860/
Perú;paracas-l32470;1061644;Explore paracas ica departure from san martin port;https://www.getyourguide.com/paracas-l32470/explore-paracas-ica-departure-from-san-martin-port-t1061644/
Perú;lima-l39;1066396;Lima caral full day private excursion guided;https://www.getyourguide.com/lima-l39/lima-caral-full-day-private-excursion-guided-t1066396/
Perú;puno-l32157;289060;From puno aramu muru chucuito and inca uyo;https://www.getyourguide.com/puno-l32157/from-puno-aramu-muru-chucuito-and-inca-uyo-trip-t289060/
Perú;lima-l39;1242826;Lima vip night 1 luxury rooftop 2 exclusive nightclubs;https://www.getyourguide.com/lima-l39/lima-vip-night-1-luxury-rooftop-2-exclusive-nightclubs-t1242826/
Perú;arequipa-l2859;389684;Arequipa 1 way airport private;https://www.getyourguide.com/arequipa-l2859/arequipa-1-way-airport-private-transfer-t389684/
Perú;paracas-l32470;481060;Ballestas islands;https://www.getyourguide.com/paracas-l32470/ballestas-islands-tour-from-san-martin-port-t481060/
Perú;paracas-l32470;481608;From paracas ballestas islands boat ride;https://www.getyourguide.com/paracas-l32470/from-paracas-ballestas-islands-boat-ride-tour-t481608/
Perú;huaraz-l360;504606;From huaraz paron lake hiking;https://www.getyourguide.com/huaraz-l360/from-huaraz-paron-lake-hiking-tour-t504606/
Perú;piura-l156022;518663;Talara airport private;https://www.getyourguide.com/piura-l156022/talara-airport-private-transfer-to-mancora-punta-sal-t518663/
Perú;lima-l39;164493;Lima historic center street food experience;https://www.getyourguide.com/lima-l39/lima-historic-center-street-food-experience-t164493/
Perú;iquitos-l32156;244157;Iquitos 6 hour wonderful wildlife guided;https://www.getyourguide.com/iquitos-l32156/iquitos-6-hour-wonderful-wildlife-guided-tour-t244157/
Perú;ica-l1608;652440;From huacachina paragliding flight over;https://www.getyourguide.com/ica-l1608/from-huacachina-paragliding-flight-over-the-desert-t652440/
Perú;chivay-l129313;829861;Colca canyon day;https://www.getyourguide.com/chivay-l129313/colca-canyon-day-trip-from-arequipa-departure-500-am-t829861/
Perú;iquitos-l32156;833919;Natural program 3 days 2 nights;https://www.getyourguide.com/iquitos-l32156/natural-program-3-days-2-nights-t833919/
Perú;andahuaylillas-l146780;844224;Cusco route of;https://www.getyourguide.com/andahuaylillas-l146780/cusco-route-of-the-sun-1-day-tour-in-puno-with-hotel-t844224/
Perú;ica-l1608;844451;From ica atvs in;https://www.getyourguide.com/ica-l1608/from-ica-atvs-in-the-dunes-of-victoria-t844451/
Perú;paracas-l32470;864864;Paracas ballestas islands and candelabra of paracas boat;https://www.getyourguide.com/paracas-l32470/paracas-ballestas-islands-and-candelabra-of-paracas-boat-t864864/
Perú;puno-l32157;545832;Kayaking uros and;https://www.getyourguide.com/puno-l32157/kayaking-uros-and-taquile-island-t545832/
Perú;chivay-l129313;878837;From arequipa colca canyon 2 days ending in arequipa;https://www.getyourguide.com/chivay-l129313/from-arequipa-colca-canyon-2-days-ending-in-arequipa-t878837/
Perú;lima-l39;884309;Lima city;https://www.getyourguide.com/lima-l39/lima-city-tour-san-francisco-museum-with-catacombs-and-larco-museum-t884309/
Perú;puno-l32157;584296;Puno day;https://www.getyourguide.com/puno-l32157/puno-day-tour-to-chucuito-aramu-muru-and-juli-t584296/
Perú;arequipa-l2859;584375;Arequipa;https://www.getyourguide.com/arequipa-l2859/arequipa-tour-to-the-pillones-waterfalls-and-stone-forest-t584375/
Perú;ica-l1608;893653;Ica pisco and wine route with;https://www.getyourguide.com/ica-l1608/ica-pisco-and-wine-route-with-tasting-in-03-wineries-t893653/
Perú;acomayo-l214662;953072;From cusco waqrapukara full day;https://www.getyourguide.com/acomayo-l214662/from-cusco-waqrapukara-full-day-tour-with-breakfast-t953072/
Perú;chivay-l129313;1041024;From huacachina nazca lines arequipa;https://www.getyourguide.com/chivay-l129313/from-huacachina-nazca-lines-arequipa-trek-to-colca-canyon-t1041024/
Perú;chivay-l129313;753284;Day;https://www.getyourguide.com/chivay-l129313/day-trip-from-arequipa-explore-the-majestic-colca-canyon-t753284/
Perú;paracas-l32470;758132;From paracas guided boat;https://www.getyourguide.com/paracas-l32470/from-paracas-guided-boat-tour-of-the-ballestas-islands-t758132/
Perú;puno-l32157;794254;From puno visit;https://www.getyourguide.com/puno-l32157/from-puno-visit-the-floating-islands-of-the-uros-t794254/
Perú;chivay-l129313;829865;From arequipa;https://www.getyourguide.com/chivay-l129313/from-arequipa-tour-to-the-colca-canyontransfer-to-cusco-t829865/
Perú;huaraz-l360;839865;From huaraz full day;https://www.getyourguide.com/huaraz-l360/from-huaraz-full-day-tour-laguna-69-in-cordillera-blanca-t839865/
Perú;iquitos-l32156;866747;Iquitos 3 hour;https://www.getyourguide.com/iquitos-l32156/iquitos-3-hour-tour-of-the-nanay-and-amazon-rivers-t866747/
Perú;lima-l39;869336;Lima neighborhood food;https://www.getyourguide.com/lima-l39/lima-neighborhood-food-tour-street-food-t869336/
Perú;arequipa-l2859;924192;From arequipa colca canyon full day;https://www.getyourguide.com/arequipa-l2859/from-arequipa-colca-canyon-full-day-tour-t924192/
Perú;chivay-l129313;1022422;Arequipa colca 2 more days of geothermal hiking infernillo geyser and fuye;https://www.getyourguide.com/chivay-l129313/arequipa-colca-2-more-days-of-geothermal-hiking-infernillo-geyser-and-fuye-t1022422/
Perú;lima-l39;1040885;Lima market;https://www.getyourguide.com/lima-l39/lima-market-tour-with-tastings-and-chinatown-visit-t1040885/
Perú;lima-l39;390937;Lima 3 day;https://www.getyourguide.com/lima-l39/lima-3-day-tour-to-paracas-huacachina-pisco-vineyards-t390937/
Perú;mollepata-l215653;1229366;Van bus from cusco challacancha and soraypampa;https://www.getyourguide.com/mollepata-l215653/van-bus-from-cusco-challacancha-and-soraypampa-t1229366/
Perú;pisac-l119710;1313790;Sacred valley from cusco chinchero maras moray ollantaytambo and pisac;https://www.getyourguide.com/pisac-l119710/sacred-valley-from-cusco-chinchero-maras-moray-ollantaytambo-and-pisac-t1313790/
Perú;lima-l39;1321114;Lima historic center walking;https://www.getyourguide.com/lima-l39/lima-historic-center-walking-tour-markets-and-traditional-churros-t1321114/
Perú;paracas-l32470;593671;Paracas paragliding parapente over paracas reserve;https://www.getyourguide.com/paracas-l32470/paracas-paragliding-parapente-over-paracas-reserve-t593671/
Perú;lima-l39;599186;From lima;https://www.getyourguide.com/lima-l39/from-lima-the-magic-water-circuit-t599186/
Perú;lima-l39;681274;Lima larco museum;https://www.getyourguide.com/lima-l39/lima-larco-museum-treasures-of-peru-with-pick-up-t681274/
Perú;aguas-calientes-l91472;735025;Machu picchu historical and photographic guided;https://www.getyourguide.com/aguas-calientes-l91472/machu-picchu-historical-and-photographic-guided-tour-t735025/
Perú;chivay-l129313;829801;Colca canon 2 day convencional;https://www.getyourguide.com/chivay-l129313/colca-canon-2-day-convencional-tours-transfer-to-puno-t829801/
Perú;puerto-maldonado-l2146;851642;From madre de dios night;https://www.getyourguide.com/puerto-maldonado-l2146/from-madre-de-dios-night-trekking-in-the-amazon-jungle-t851642/
Perú;junin-peru-l198897;871422;From junin day;https://www.getyourguide.com/junin-peru-l198897/from-junin-day-trip-to-san-andres-t871422/
Perú;ica-l1608;878089;From ica or huacachina;https://www.getyourguide.com/ica-l1608/from-ica-or-huacachina-tour-to-tacama-vineyard-and-artisanal-winery-t878089/
Perú;andahuaylillas-l146780;540165;Day;https://www.getyourguide.com/andahuaylillas-l146780/day-trip-sun-route-circuit-between-cusco-and-puno-t540165/
Perú;lima-l39;951666;From lima swimming experience with sea lions on palomino islands;https://www.getyourguide.com/lima-l39/from-lima-swimming-experience-with-sea-lions-on-palomino-islands-t951666/
Perú;lima-l39;557584;Lima marcapomacocha lakeside route full day from lima;https://www.getyourguide.com/lima-l39/lima-marcapomacocha-lakeside-route-full-day-from-lima-t557584/
Perú;lima-l39;994406;4 day flavors of lima a culinary adventure;https://www.getyourguide.com/lima-l39/4-day-flavors-of-lima-a-culinary-adventure-t994406/
Perú;ayacucho-l152602;635421;From ayacucho wari and quinua culture excursion;https://www.getyourguide.com/ayacucho-l152602/from-ayacucho-wari-and-quinua-culture-excursion-t635421/
Perú;iquitos-l32156;1076259;Iquitos white sand national park sunrise jungle hike;https://www.getyourguide.com/iquitos-l32156/iquitos-white-sand-national-park-sunrise-jungle-hike-t1076259/
Perú;coporaque-l135202;723487;From arequipa 1 day;https://www.getyourguide.com/coporaque-l135202/from-arequipa-1-day-tour-to-colca-canyon-t723487/
Perú;puno-l32157;728378;Uyuni salt flats;https://www.getyourguide.com/puno-l32157/uyuni-salt-flats-tour-from-puno-mirror-effect-2-days-t728378/
Perú;ollantaytambo-l93095;753242;From ollantaytambomoray salt mines chinchero end in cusco;https://www.getyourguide.com/ollantaytambo-l93095/from-ollantaytambomoray-salt-mines-chinchero-end-in-cusco-t753242/
Perú;trujillo-l2870;793943;Trujillo chan chan huacas de luna and huanchaco;https://www.getyourguide.com/trujillo-l2870/trujillo-chan-chan-huacas-de-luna-and-huanchaco-t793943/
Perú;cajamarca-l116362;820791;Cajamarca valley;https://www.getyourguide.com/cajamarca-l116362/cajamarca-valley-tour-san-nicolas-lagoon-t820791/
Perú;paracas-l32470;847381;From lima ica paracas 3d2n;https://www.getyourguide.com/paracas-l32470/from-lima-ica-paracas-3d2n-t847381/
Perú;ica-l1608;868165;Pisco;https://www.getyourguide.com/ica-l1608/pisco-tour-1-tasting-tour-1-t868165/
Perú;urubamba-l164518;1200896;The lunch llamas;https://www.getyourguide.com/urubamba-l164518/the-lunch-llamas-textiles-experience-t1200896/
Perú;lima-l39;1308297;Lima paragliding flight with ocean views during sunset;https://www.getyourguide.com/lima-l39/lima-paragliding-flight-with-ocean-views-during-sunset-t1308297/
Perú;paracas-l32470;1092914;From lima ballestas islands dune buggies sandboarding in huacachina;https://www.getyourguide.com/paracas-l32470/from-lima-ballestas-islands-dune-buggies-sandboarding-in-huacachina-t1092914/
Perú;puerto-maldonado-l2146;1146136;Puerto maldonado;https://www.getyourguide.com/puerto-maldonado-l2146/puerto-maldonado-tambopata-lago-sandoval-4-day-expedition-best-tour-t1146136/
Perú;ica-l1608;1187998;Visit;https://www.getyourguide.com/ica-l1608/visit-to-canon-de-los-perdidos-natural-oasis-in-huacachina-t1187998/
Perú;chivay-l129313;1216213;From arequipa 2 day experiential colca sightseeing;https://www.getyourguide.com/chivay-l129313/from-arequipa-2-day-experiential-colca-sightseeing-tour-in-sibayo-t1216213/
Perú;puno-l32157;500415;2 day;https://www.getyourguide.com/puno-l32157/2-day-tour-lake-titicaca-uros-amantani-taquile-t500415/
Perú;urubamba-l164518;553760;Cusco 3 days sacred valley humantay lake machu picchu;https://www.getyourguide.com/urubamba-l164518/cusco-3-days-sacred-valley-humantay-lake-machu-picchu-t553760/
Perú;paracas-l32470;1331109;3 day sightseeing;https://www.getyourguide.com/paracas-l32470/3-day-sightseeing-tour-paracas-huacachina-from-arequipa-t1331109/
Perú;paracas-l32470;676238;Nazca paracas and ballestas islands;https://www.getyourguide.com/paracas-l32470/nazca-paracas-and-ballestas-islands-tour-3-day-ica-tour-t676238/
Perú;lima-l39;280637;Dinner at mangos larcomar restaurant;https://www.getyourguide.com/lima-l39/dinner-at-mangos-larcomar-restaurant-t280637/
Perú;aguas-calientes-l91472;737728;Salkantay;https://www.getyourguide.com/aguas-calientes-l91472/salkantay-trek-5-days-t737728/
Perú;aguas-calientes-l91472;742927;Salkantay;https://www.getyourguide.com/aguas-calientes-l91472/salkantay-trek-to-machu-picchu-4-days-t742927/
Perú;paracas-l32470;873389;From lima paracas ballestas islands and huacachina;https://www.getyourguide.com/paracas-l32470/from-lima-paracas-ballestas-islands-and-huacachina-tour-t873389/
Perú;puerto-maldonado-l2146;580311;Puerto maldonado kayak and zip line adventure monkey isla;https://www.getyourguide.com/puerto-maldonado-l2146/puerto-maldonado-kayak-and-zip-line-adventure-monkey-isla-t580311/
Perú;maras-l119695;957850;Adventure on wheels maras and moray on atvs;https://www.getyourguide.com/maras-l119695/adventure-on-wheels-maras-and-moray-on-atvs-t957850/
Perú;aguas-calientes-l91472;608283;Short inca;https://www.getyourguide.com/aguas-calientes-l91472/short-inca-trail-to-machu-picchu-2-days-1-night-t608283/
Perú;maras-l119695;638388;Sacred valley atv;https://www.getyourguide.com/maras-l119695/sacred-valley-atv-tour-from-cusco-with-moray-maras-salinas-t638388/
Perú;trujillo-l2870;682667;Explore;https://www.getyourguide.com/trujillo-l2870/explore-trujillo-chan-chan-horseback-riding-huanchaco-t682667/
Perú;urubamba-l164518;704235;From cusco sacred valley maras salt mines;https://www.getyourguide.com/urubamba-l164518/from-cusco-sacred-valley-maras-salt-mines-tour-with-lunch-t704235/
Perú;paracas-l32470;1105932;Perfect getaway paracas and ica in 3 days and 2 nights;https://www.getyourguide.com/paracas-l32470/perfect-getaway-paracas-and-ica-in-3-days-and-2-nights-t1105932/
Perú;lima-l39;799760;Lima half day city;https://www.getyourguide.com/lima-l39/lima-half-day-city-tour-government-palace-catacombs-and-huaca-pucllana-t799760/
Perú;arequipa-l2859;812661;Excursion;https://www.getyourguide.com/arequipa-l2859/excursion-to-salinas-lagoon-t812661/
Perú;paracas-l32470;846293;From lima paracas and huacachina guided desert oasis;https://www.getyourguide.com/paracas-l32470/from-lima-paracas-and-huacachina-guided-desert-oasis-trip-t846293/
Perú;lima-l39;847326;Lima city highlights and san cristobal mountain;https://www.getyourguide.com/lima-l39/lima-city-highlights-and-san-cristobal-mountain-tour-t847326/
Perú;paucartambo-l194776;856189;Cusco 5 day manu national park and amazon rainforest;https://www.getyourguide.com/paucartambo-l194776/cusco-5-day-manu-national-park-and-amazon-rainforest-tour-t856189/
Perú;aguas-calientes-l91472;857715;Machu picchu ruins machu picchu mountain;https://www.getyourguide.com/aguas-calientes-l91472/machu-picchu-ruins-machu-picchu-mountain-t857715/
Perú;huayopata-l219474;1199671;Cusco 2 day coffee and chocolate;https://www.getyourguide.com/huayopata-l219474/cusco-2-day-coffee-and-chocolate-tour-with-pickup-t1199671/
Perú;tarapoto-l140001;874707;Tarapoto night hike in;https://www.getyourguide.com/tarapoto-l140001/tarapoto-night-hike-in-the-amazon-rainforest-t874707/
Perú;abancay-l223000;885243;Adventure;https://www.getyourguide.com/abancay-l223000/adventure-to-choquequirao-the-forgotten-inca-city-5d4n-t885243/
Perú;mancora-l219469;948558;Mancora poza de barro hot springs and mirador de mancora;https://www.getyourguide.com/mancora-l219469/mancora-poza-de-barro-hot-springs-and-mirador-de-mancora-t948558/
Perú;paracas-l32470;954154;From paracas explore;https://www.getyourguide.com/paracas-l32470/from-paracas-explore-the-natural-wonder-of-the-ballestas-islands-t954154/
Perú;maras-l119695;961990;Maras and moray quad atv;https://www.getyourguide.com/maras-l119695/maras-and-moray-quad-atv-tour-in-sacred-valley-t961990/
Perú;lima-l39;1009079;Budget friendly surf class all equipment included;https://www.getyourguide.com/lima-l39/budget-friendly-surf-class-all-equipment-included-t1009079/
Perú;ica-l1608;417833;Ica ocucaje desert canyon of;https://www.getyourguide.com/ica-l1608/ica-ocucaje-desert-canyon-of-the-lost-tour-t417833/
Perú;paracas-l32470;1321169;From arequipa excursion;https://www.getyourguide.com/paracas-l32470/from-arequipa-excursion-to-the-ballestas-islands-and-the-candelabro-t1321169/
Perú;lima-l39;557633;Lima pachacamac archaeological complex exploration;https://www.getyourguide.com/lima-l39/lima-pachacamac-archaeological-complex-exploration-t557633/
Perú;abancay-l223000;649469;Apurimac excursion;https://www.getyourguide.com/abancay-l223000/apurimac-excursion-to-ampay-national-sanctuary-t649469/
Perú;paracas-l32470;695236;Paracas ballestas islands paracas reserve full day;https://www.getyourguide.com/paracas-l32470/paracas-ballestas-islands-paracas-reserve-full-day-t695236/
Perú;urubamba-l164518;769624;Machu picchu 1 day adventure lunch;https://www.getyourguide.com/urubamba-l164518/machu-picchu-1-day-adventure-lunch-t769624/
Perú;huaraz-l360;523455;Ancash discover;https://www.getyourguide.com/huaraz-l360/ancash-discover-the-majestic-rajucolta-lagoon-private-t523455/
Perú;chivay-l129313;877867;Arequipa 2 day colca canyon and sangalle oasis;https://www.getyourguide.com/chivay-l129313/arequipa-2-day-colca-canyon-and-sangalle-oasis-tour-t877867/
Perú;ica-l1608;889598;Huacachina sandboarding and 4x4 adventure;https://www.getyourguide.com/ica-l1608/huacachina-sandboarding-and-4x4-adventure-t889598/
Perú;paracas-l32470;905280;From lima paracas and huacachina oasis full day;https://www.getyourguide.com/paracas-l32470/from-lima-paracas-and-huacachina-oasis-full-day-tour-t905280/
Perú;lima-l39;607452;Lima full day city of caral entrance group service ;https://www.getyourguide.com/lima-l39/lima-full-day-city-of-caral-entrance-group-service--t607452/
Perú;ollantaytambo-l93095;948110;Cusco sacred valley of;https://www.getyourguide.com/ollantaytambo-l93095/cusco-sacred-valley-of-the-incas-chinchero-moray-and-ollantaytambo-tour-t948110/
Perú;san-miguel-l195031;775362;Paracas and huacachina full day bus;https://www.getyourguide.com/san-miguel-l195031/paracas-and-huacachina-full-day-bus-tour-t775362/
Perú;iquitos-l32156;799282;Iquitos full day;https://www.getyourguide.com/iquitos-l32156/iquitos-full-day-tour-in-the-jungle-amazon-safari-t799282/
Perú;huaraz-l360;800407;Huaraz bike;https://www.getyourguide.com/huaraz-l360/huaraz-bike-tour-mountain-biking-in-the-andes-t800407/
Perú;ica-l1608;810104;From ica ballestas islands and paracas;https://www.getyourguide.com/ica-l1608/from-ica-ballestas-islands-and-paracas-tour-shared-service-t810104/
Perú;chivay-l129313;831967;Arequipa excursion;https://www.getyourguide.com/chivay-l129313/arequipa-excursion-to-the-colca-canyon-ending-in-puno-t831967/
Perú;arequipa-l2859;832807;Arequipa salinas lagoon;https://www.getyourguide.com/arequipa-l2859/arequipa-salinas-lagoon-tour-special-price-t832807/
Perú;puerto-maldonado-l2146;838757;Lake yacumama sunrise or sunset;https://www.getyourguide.com/puerto-maldonado-l2146/lake-yacumama-sunrise-or-sunset-t838757/
Perú;huaraz-l360;857879;Huaraz santa cruz;https://www.getyourguide.com/huaraz-l360/huaraz-santa-cruz-trek-4-day-guided-tour-t857879/
Perú;pisac-l119710;878117;Transport awana kancha roundtrip;https://www.getyourguide.com/pisac-l119710/transport-awana-kancha-roundtrip-t878117/
Perú;iquitos-l32156;880854;3 day amazon jungle camping;https://www.getyourguide.com/iquitos-l32156/3-day-amazon-jungle-camping-tour-from-iquitos-t880854/
Perú;puno-l32157;910555;From puno excursion;https://www.getyourguide.com/puno-l32157/from-puno-excursion-to-chucuito-molloco-and-aramu-muru-t910555/
Perú;puno-l32157;1187344;Puno uros and;https://www.getyourguide.com/puno-l32157/puno-uros-and-taquile-islands-tour-with-lunch-t1187344/
Perú;puno-l32157;1225384;Lake;https://www.getyourguide.com/puno-l32157/lake-titicaca-lodge-hotel-full-day-tour-of-uros-and-taquile-t1225384/
Perú;arequipa-l2859;1155814;Arequipa chili river rafting and sunset city;https://www.getyourguide.com/arequipa-l2859/arequipa-chili-river-rafting-and-sunset-city-tour-t1155814/
Perú;paracas-l32470;471169;Scooter;https://www.getyourguide.com/paracas-l32470/scooter-to-paracas-national-reserve-t471169/
Perú;lima-l39;557696;Lima peruvian cooking class culinary;https://www.getyourguide.com/lima-l39/lima-peruvian-cooking-class-culinary-tour-food-t557696/
Perú;arequipa-l2859;608962;From arequipa 2 day excursion;https://www.getyourguide.com/arequipa-l2859/from-arequipa-2-day-excursion-to-chachani-volcano-t608962/
Perú;cajamarca-l116362;633915;Cajamarca explore;https://www.getyourguide.com/cajamarca-l116362/cajamarca-explore-the-archaeological-complex-of-cumbemayo-t633915/
Perú;paracas-l32470;481052;Paracas paracas national reserve half day;https://www.getyourguide.com/paracas-l32470/paracas-paracas-national-reserve-half-day-tour-t481052/
Perú;arequipa-l2859;755407;Arequipa pillones waterfall and stone forest;https://www.getyourguide.com/arequipa-l2859/arequipa-pillones-waterfall-and-stone-forest-t755407/
Perú;pampa-de-arrieros-l186440;778951;Adventure day in arequipa pillones waterfall rock forest;https://www.getyourguide.com/pampa-de-arrieros-l186440/adventure-day-in-arequipa-pillones-waterfall-rock-forest-t778951/
Perú;lima-l39;790549;Lima larco museum entry;https://www.getyourguide.com/lima-l39/lima-larco-museum-entry-ticket-t790549/
Perú;iquitos-l32156;799332;Iquitos amazon;https://www.getyourguide.com/iquitos-l32156/iquitos-amazon-tour-4d3n-in-amazon-rainforest-jungle-t799332/
Perú;puerto-maldonado-l2146;544921;From puerto maldonado;https://www.getyourguide.com/puerto-maldonado-l2146/from-puerto-maldonado-tambopata-4d3n-t544921/
Perú;urubamba-l164518;817022;From cusco sacred valley ollantaytambo without lunch;https://www.getyourguide.com/urubamba-l164518/from-cusco-sacred-valley-ollantaytambo-without-lunch-t817022/
Perú;arequipa-l2859;821502;Arequipa countryside;https://www.getyourguide.com/arequipa-l2859/arequipa-countryside-tour-panoramic-bus-tour-t821502/
Perú;chivay-l129313;826901;Arequipa one day colca canyon;https://www.getyourguide.com/chivay-l129313/arequipa-one-day-colca-canyon-tour-t826901/
Perú;cajamarca-l116362;840075;Excursion;https://www.getyourguide.com/cajamarca-l116362/excursion-to-the-ventanillas-de-otuzco-tres-molinos-farm-t840075/
Perú;paracas-l32470;599087;Lima;https://www.getyourguide.com/paracas-l32470/lima-traslado-taxi-privado-desde-aeropuerto-lima-a-paracas-t599087/
Perú;lima-l39;635274;Lima modern historic city;https://www.getyourguide.com/lima-l39/lima-modern-historic-city-tour-with-lunch-snacks-t635274/
Perú;aguas-calientes-l91472;641519;Private guide in machupicchu;https://www.getyourguide.com/aguas-calientes-l91472/private-guide-in-machupicchu-t641519/
Perú;urubamba-l164518;884252;Machu picchu;https://www.getyourguide.com/urubamba-l164518/machu-picchu-tour-guide-service-entrance-ticket-circuit-2-t884252/
Perú;ollantaytambo-l93095;906310;From cusco guided 7 hour via ferrata;https://www.getyourguide.com/ollantaytambo-l93095/from-cusco-guided-7-hour-via-ferrata-tour-to-sacred-valley-t906310/
Perú;urubamba-l164518;759839;Short inca;https://www.getyourguide.com/urubamba-l164518/short-inca-trail-tour-2-days-to-machu-picchu-t759839/
Perú;arequipa-l2859;764708;From arequipa colca canyon day;https://www.getyourguide.com/arequipa-l2859/from-arequipa-colca-canyon-day-trip-with-buffet-meals-t764708/
Perú;ollantaytambo-l93095;811806;Cusco arequipa andean explorer;https://www.getyourguide.com/ollantaytambo-l93095/cusco-arequipa-andean-explorer-train-t811806/
Perú;puerto-maldonado-l2146;832912;Tambopata safari animals 3 days 2 nights;https://www.getyourguide.com/puerto-maldonado-l2146/tambopata-safari-animals-3-days-2-nights-t832912/
Perú;andahuaylillas-l146780;844315;Round;https://www.getyourguide.com/andahuaylillas-l146780/round-trip-cusco-route-of-the-sun-1d-in-puno-t844315/
Perú;puno-l32157;847343;From puno kayak;https://www.getyourguide.com/puno-l32157/from-puno-kayak-tour-to-the-uros-islands-full-day--t847343/
Perú;iquitos-l32156;863819;From iquitos;https://www.getyourguide.com/iquitos-l32156/from-iquitos-tour-to-the-amazon-nanay-and-momon-rivers-t863819/
Perú;arequipa-l2859;864735;Colca canyon 2 day;https://www.getyourguide.com/arequipa-l2859/colca-canyon-2-day-tour-from-arequipa-ending-in-puno-t864735/
Perú;urubamba-l164518;885829;From cusco sacred valley pisac and ollantaytambo day;https://www.getyourguide.com/urubamba-l164518/from-cusco-sacred-valley-pisac-and-ollantaytambo-day-trip-t885829/
Perú;chivay-l129313;948929;From arequipa colca valley 2 days;https://www.getyourguide.com/chivay-l129313/from-arequipa-colca-valley-2-days-tour-with-condor-flight-t948929/
Perú;pisac-l119710;1227059;Flavor and culture in parcarhuasi ancestral;https://www.getyourguide.com/pisac-l119710/flavor-and-culture-in-parcarhuasi-ancestral-textiles-and-pachamanca-banquet-t1227059/
Perú;urubamba-l164518;1261997;From cusco sacred valley;https://www.getyourguide.com/urubamba-l164518/from-cusco-sacred-valley-tour-with-llamas-and-lunch-t1261997/
Perú;acomayo-l214662;1264296;From cusco waqrapukara;https://www.getyourguide.com/acomayo-l214662/from-cusco-waqrapukara-tour-with-artisan-center-visit-t1264296/
Perú;urubamba-l164518;1088002;Sacred valley alpaca walk;https://www.getyourguide.com/urubamba-l164518/sacred-valley-alpaca-walk-to-machuqolqa-inca-site-t1088002/
Perú;puno-l32157;1125435;Puno 2 day uros kayak;https://www.getyourguide.com/puno-l32157/puno-2-day-uros-kayak-tour-with-amantani-homestay-t1125435/
Perú;puno-l32157;1174669;From puno sillustani chullpas and living culture in atuncolla;https://www.getyourguide.com/puno-l32157/from-puno-sillustani-chullpas-and-living-culture-in-atuncolla-t1174669/
Perú;iquitos-l32156;1176784;Iquitos 3 day amazon jungle adventure with meals;https://www.getyourguide.com/iquitos-l32156/iquitos-3-day-amazon-jungle-adventure-with-meals-t1176784/
Perú;ollantaytambo-l93095;1204906;From cusco sacred valley of;https://www.getyourguide.com/ollantaytambo-l93095/from-cusco-sacred-valley-of-the-incas-salt-mines-of-maras-t1204906/
Perú;chivay-l129313;441312;From cabanaconde visit;https://www.getyourguide.com/chivay-l129313/from-cabanaconde-visit-to-the-cruz-del-condor-viewpoint-duration-2-hours-t441312/
Perú;arequipa-l2859;1313776;Arequipa ashlar route culebrillas canyon yanahuara viewpoint sightseeing;https://www.getyourguide.com/arequipa-l2859/arequipa-ashlar-route-culebrillas-canyon-yanahuara-viewpoint-sightseeing-tour-t1313776/
Perú;chiclayo-l32245;501706;Tucume pyramids and las balsas huaca;https://www.getyourguide.com/chiclayo-l32245/tucume-pyramids-and-las-balsas-huaca-t501706/
Perú;urubamba-l164518;537379;2 days city;https://www.getyourguide.com/urubamba-l164518/2-days-city-tour-in-cusco-and-machupicchu-tour-by-train-t537379/
Perú;arequipa-l2859;614350;Arequipa rafting on;https://www.getyourguide.com/arequipa-l2859/arequipa-rafting-on-the-chili-river-full-adrenaline--t614350/
Perú;arequipa-l2859;389679;Sillar stone morning;https://www.getyourguide.com/arequipa-l2859/sillar-stone-morning-tour-from-arequipa-t389679/
Perú;arequipa-l2859;660817;Tour;https://www.getyourguide.com/arequipa-l2859/tour-to-the-salinas-reserve-and-lagoon-from-arequipa-8-hours-t660817/
Perú;puerto-maldonado-l2146;451963;Puerto maldonado 4 day;https://www.getyourguide.com/puerto-maldonado-l2146/puerto-maldonado-4-day-tambopata-jungle-and-macaw-clay-lick-t451963/
Perú;mancora-l219469;799478;Mancorapiura sechura full day kayak desert mangroves;https://www.getyourguide.com/mancora-l219469/mancorapiura-sechura-full-day-kayak-desert-mangroves-t799478/
Perú;huaral-l194839;800727;Huaral province;https://www.getyourguide.com/huaral-l194839/huaral-province-tour-t800727/
Perú;lima-l39;825908;Lima city highlights;https://www.getyourguide.com/lima-l39/lima-city-highlights-tour-with-pisco-sour-tasting-t825908/
Perú;lima-l39;838934;City;https://www.getyourguide.com/lima-l39/city-tour-from-lima-jorge-chavez-airport-t838934/
Perú;ica-l1608;857649;Peru camel ride and wine;https://www.getyourguide.com/ica-l1608/peru-camel-ride-and-wine-tasting-in-the-desert-t857649/
Perú;paracas-l32470;862985;Paracas desert buggy ride in;https://www.getyourguide.com/paracas-l32470/paracas-desert-buggy-ride-in-the-southern-desert-of-paracas-t862985/
Perú;lima-l39;553153;Lima paracas huacachina oasis day;https://www.getyourguide.com/lima-l39/lima-paracas-huacachina-oasis-day-trip-with-wine-dunes-t553153/
Perú;lima-l39;567212;From lima city;https://www.getyourguide.com/lima-l39/from-lima-city-tour-prehispanic-colonial-modern-lima-t567212/
Perú;urubamba-l164518;887187;6 day cusco adventure machu picchu rainbow mountain;https://www.getyourguide.com/urubamba-l164518/6-day-cusco-adventure-machu-picchu-rainbow-mountain-t887187/
Perú;pisac-l119710;887397;Transportation;https://www.getyourguide.com/pisac-l119710/transportation-tipon-round-trip-with-waiting-time-t887397/
Perú;tumbes-l198931;893575;Tumbes beach circuit and swimming with;https://www.getyourguide.com/tumbes-l198931/tumbes-beach-circuit-and-swimming-with-turtles-t893575/
Perú;mancora-l219469;948541;Mancora swimming with;https://www.getyourguide.com/mancora-l219469/mancora-swimming-with-turtles-in-their-natural-habitat-t948541/
Perú;lima-l39;652972;City;https://www.getyourguide.com/lima-l39/city-tour-lima-ciudad-colonial-y-moderna-por-5-horas-t652972/
Perú;lima-l39;691065;Lima adventure lunahuana cerro azul atv canoe canopy ;https://www.getyourguide.com/lima-l39/lima-adventure-lunahuana-cerro-azul-atv-canoe-canopy--t691065/
Perú;lima-l39;1096637;Lima paracas huacachina nazca lines flight antonini museum;https://www.getyourguide.com/lima-l39/lima-paracas-huacachina-nazca-lines-flight-antonini-museum-t1096637/
Perú;puerto-maldonado-l2146;818469;Tambopata;https://www.getyourguide.com/puerto-maldonado-l2146/tambopata-tour-3d2n-amazonian-adventure-t818469/
Perú;collpapampa-l179665;838740;Salkantay route 4days3nights domes;https://www.getyourguide.com/collpapampa-l179665/salkantay-route-4days3nights-domes-t838740/
Perú;puerto-maldonado-l2146;1109209;Puerto maldonado kayaking and swimming in;https://www.getyourguide.com/puerto-maldonado-l2146/puerto-maldonado-kayaking-and-swimming-in-the-tambopata-river-t1109209/
Perú;paracas-l32470;844461;From ica ballestas islands paracas national reserve;https://www.getyourguide.com/paracas-l32470/from-ica-ballestas-islands-paracas-national-reserve-t844461/
Perú;puno-l32157;850589;Train;https://www.getyourguide.com/puno-l32157/train-to-cusco-t850589/
Perú;lima-l39;862976;Visit;https://www.getyourguide.com/lima-l39/visit-to-pachacamac-archaeological-site-from-lima-t862976/
Perú;lima-l39;1059294;Lima 3 day food;https://www.getyourguide.com/lima-l39/lima-3-day-food-tour-with-optional-city-tour-t1059294/
Perú;aguas-calientes-l91472;563441;Full day;https://www.getyourguide.com/aguas-calientes-l91472/full-day-tour-to-machu-picchu-from-cusco-t563441/
Perú;aguas-calientes-l91472;633894;Lares;https://www.getyourguide.com/aguas-calientes-l91472/lares-trail-to-machupicchu-4-days-all-included-t633894/
Perú;lima-l39;640400;City;https://www.getyourguide.com/lima-l39/city-tour-trujillo-panoramic-bus-t640400/
Perú;lima-l39;731105;Exploring;https://www.getyourguide.com/lima-l39/exploring-the-ancient-nazca-lines-from-the-sky-full-day--t731105/
Perú;urubamba-l164518;796118;Machu picchu;https://www.getyourguide.com/urubamba-l164518/machu-picchu-tour-guide-circuit-1-2-or-3-t796118/
Perú;chivay-l129313;825060;Southern route 12 days lima ica arequipa puno cusco;https://www.getyourguide.com/chivay-l129313/southern-route-12-days-lima-ica-arequipa-puno-cusco-t825060/
Perú;urubamba-l164518;834827;Cusco and magical lake;https://www.getyourguide.com/urubamba-l164518/cusco-and-magical-lake-titicaca-8-days-machu-picchu--t834827/
Perú;ica-l1608;837929;From huacachina dune buggy in;https://www.getyourguide.com/ica-l1608/from-huacachina-dune-buggy-in-the-dunes-of-huacachina-t837929/
Perú;trujillo-l2870;520446;Trujillo shore excursion from salaverry port;https://www.getyourguide.com/trujillo-l2870/trujillo-shore-excursion-from-salaverry-port-t520446/
Perú;iquitos-l32156;853740;Pink dolphins3 days 2 nights pacaya samiria;https://www.getyourguide.com/iquitos-l32156/pink-dolphins3-days-2-nights-pacaya-samiria-t853740/
Perú;chivay-l129313;870170;Arequipa 3 day private biking;https://www.getyourguide.com/chivay-l129313/arequipa-3-day-private-biking-tour-to-colca-canyon-t870170/
Perú;lima-l39;759415;From lima sunset in huacachina oasis vinneyard with lunch;https://www.getyourguide.com/lima-l39/from-lima-sunset-in-huacachina-oasis-vinneyard-with-lunch-t759415/
Perú;puerto-maldonado-l2146;791870;Sandoval lake full day;https://www.getyourguide.com/puerto-maldonado-l2146/sandoval-lake-full-day-t791870/
Perú;paracas-l32470;814990;From paracas excursion;https://www.getyourguide.com/paracas-l32470/from-paracas-excursion-to-the-ballestas-islands-3-hours-t814990/
Perú;urubamba-l164518;827290;Cusco machu picchu;https://www.getyourguide.com/urubamba-l164518/cusco-machu-picchu-tourist-train-and-machu-picchu-ticket-t827290/
Perú;chivay-l129313;829038;Colca canyon;https://www.getyourguide.com/chivay-l129313/colca-canyon-tour-2-days-from-arequipa-with-1-night-in-colca-t829038/
Perú;paracas-l32470;846260;From lima paracas and huacachina oasis;https://www.getyourguide.com/paracas-l32470/from-lima-paracas-and-huacachina-oasis-tour-by-luxury-bus-t846260/
Perú;huaraz-l360;858476;Paron lake day;https://www.getyourguide.com/huaraz-l360/paron-lake-day-trip-and-huascaran-national-park-t858476/
Perú;lima-l39;869625;From huarazlima huayhuash mountain 11 day circuit;https://www.getyourguide.com/lima-l39/from-huarazlima-huayhuash-mountain-11-day-circuit-trip-t869625/
Perú;puno-l32157;872647;From puno uros and;https://www.getyourguide.com/puno-l32157/from-puno-uros-and-taquile-islands-full-day-tour-with-lunch-t872647/
Perú;lima-l39;887258;Lima magic water circuit and historic center;https://www.getyourguide.com/lima-l39/lima-magic-water-circuit-and-historic-center-tour-t887258/
Perú;ollantaytambo-l93095;1151009;Ollantaytambo private inca canchas local families;https://www.getyourguide.com/ollantaytambo-l93095/ollantaytambo-private-inca-canchas-local-families-tour-t1151009/
Perú;arequipa-l2859;913443;Arequipa;https://www.getyourguide.com/arequipa-l2859/arequipa-the-ashlar-route-tour-with-a-hike-in-culebrillas-t913443/
Perú;puerto-maldonado-l2146;1185543;Puerto maldonado;https://www.getyourguide.com/puerto-maldonado-l2146/puerto-maldonado-tambopata-night-jungle-tour-t1185543/
Perú;chinchero-l219429;948450;From cusco maras and moray half day;https://www.getyourguide.com/chinchero-l219429/from-cusco-maras-and-moray-half-day-tour-t948450/
Perú;checacupe-l226994;1252394;Guided visit;https://www.getyourguide.com/checacupe-l226994/guided-visit-to-the-inca-temple-of-raqchi-and-the-colonial-temple-of-andahuaylillas-with-lunch-t1252394/
Perú;urubamba-l164518;1255387;From cusco sacred valley;https://www.getyourguide.com/urubamba-l164518/from-cusco-sacred-valley-tour-with-zip-line-adventure-t1255387/
Perú;puno-l32157;1266029;Puno sillustani chullpas guided;https://www.getyourguide.com/puno-l32157/puno-sillustani-chullpas-guided-tour-t1266029/
Perú;chinchero-l219429;1299812;Cusco moray maras and chinchero;https://www.getyourguide.com/chinchero-l219429/cusco-moray-maras-and-chinchero-tour-with-llama-farm-t1299812/
Perú;lima-l39;168119;Lima ballestas islands and nazca lines with peruvian lunch;https://www.getyourguide.com/lima-l39/lima-ballestas-islands-and-nazca-lines-with-peruvian-lunch-t168119/
Perú;urubamba-l164518;1189576;Exclusive experience;https://www.getyourguide.com/urubamba-l164518/exclusive-experience-through-the-sacred-valley-of-the-incas-t1189576/
Perú;urubamba-l164518;1225609;Sacred valley andean ceremony with rituals and lunch;https://www.getyourguide.com/urubamba-l164518/sacred-valley-andean-ceremony-with-rituals-and-lunch-t1225609/
Perú;lima-l39;445298;Lima monumental callao;https://www.getyourguide.com/lima-l39/lima-monumental-callao-tour-t445298/
Perú;lima-l39;471541;Tour larco museum with dinner gourmet;https://www.getyourguide.com/lima-l39/tour-larco-museum-with-dinner-gourmet-t471541/
Perú;tarapoto-l140001;486935;Alto mayo valley full day;https://www.getyourguide.com/tarapoto-l140001/alto-mayo-valley-full-day-tour-t486935/
Perú;lima-l39;506301;From limaparacas ballestas islands and ica oasis 1 day;https://www.getyourguide.com/lima-l39/from-limaparacas-ballestas-islands-and-ica-oasis-1-day-tour-t506301/
Perú;lima-l39;540387;From lima paracas ica and huacachina day;https://www.getyourguide.com/lima-l39/from-lima-paracas-ica-and-huacachina-day-tour-t540387/
Perú;lima-l39;69108;Lima private sightseeing;https://www.getyourguide.com/lima-l39/lima-private-sightseeing-tour-t69108/
Perú;puno-l32157;627994;Puno 3 day excursion;https://www.getyourguide.com/puno-l32157/puno-3-day-excursion-to-la-paz-and-the-uyuni-salt-flats-t627994/
Perú;arequipa-l2859;695350;Bus cama directo puno arequipa;https://www.getyourguide.com/arequipa-l2859/bus-cama-directo-puno-arequipa-t695350/
Perú;arequipa-l2859;434701;Arequipa food;https://www.getyourguide.com/arequipa-l2859/arequipa-food-tour-ancestral-cuisine-city-tour-t434701/
Perú;maras-l119695;755252;Cusco cuatrimoto moray y salineras medio dia atv;https://www.getyourguide.com/maras-l119695/cusco-cuatrimoto-moray-y-salineras-medio-dia-atv-tour-t755252/
Perú;puno-l32157;817536;Excursion a chucuito aramu muru y juli;https://www.getyourguide.com/puno-l32157/excursion-a-chucuito-aramu-muru-y-juli-t817536/
Perú;aguas-calientes-l91472;822643;Train;https://www.getyourguide.com/aguas-calientes-l91472/train-to-machu-picchu-t822643/
Perú;lima-l39;853560;Colorful barranco;https://www.getyourguide.com/lima-l39/colorful-barranco-tour-and-street-art-t853560/
Perú;puerto-maldonado-l2146;561100;Adventure in;https://www.getyourguide.com/puerto-maldonado-l2146/adventure-in-the-jungle-zipline-canopy-kayak-t561100/
Perú;aguas-calientes-l91472;856754;Inca;https://www.getyourguide.com/aguas-calientes-l91472/inca-trail-4-days-t856754/
Perú;ayacucho-l152602;869533;Half day city;https://www.getyourguide.com/ayacucho-l152602/half-day-city-tour-of-ayacucho-t869533/
Perú;trujillo-l2870;656004;Trujillo city;https://www.getyourguide.com/trujillo-l2870/trujillo-city-tour-and-archaeological-museum-t656004/
Perú;ica-l1608;673365;Ica pisco and wine;https://www.getyourguide.com/ica-l1608/ica-pisco-and-wine-tasting-experience-t673365/
Perú;paracas-l32470;695320;Paracas paragliding fly like a bird;https://www.getyourguide.com/paracas-l32470/paracas-paragliding-fly-like-a-bird-t695320/
Perú;chivay-l129313;969571;Arequipa 2 day colca valley;https://www.getyourguide.com/chivay-l129313/arequipa-2-day-colca-valley-tour-with-viewpoints-condors-and-hot-springs-t969571/
Perú;chivay-l129313;799358;Colca canyon excursion 2 days with end in puno;https://www.getyourguide.com/chivay-l129313/colca-canyon-excursion-2-days-with-end-in-puno-t799358/
Perú;chivay-l129313;818678;Colca canyon;https://www.getyourguide.com/chivay-l129313/colca-canyon-trekking-2-days-t818678/
Perú;maras-l119695;1085867;Picnic with llamas and alpacas in;https://www.getyourguide.com/maras-l119695/picnic-with-llamas-and-alpacas-in-the-sacred-valley-cusco-peru-t1085867/
Perú;arequipa-l2859;891711;Tour salinas and aguada blanca lagoon and nature reserve in arequipa;https://www.getyourguide.com/arequipa-l2859/tour-salinas-and-aguada-blanca-lagoon-and-nature-reserve-in-arequipa-t891711/
Perú;paracas-l32470;1168105;Pisco history nature and archaeology in;https://www.getyourguide.com/paracas-l32470/pisco-history-nature-and-archaeology-in-the-pisco-valley-t1168105/
Perú;urubamba-l164518;1197577;Hop in;https://www.getyourguide.com/urubamba-l164518/hop-in-the-sacred-valley-pisac-inkariy-museum-ollantaytambo-with-lunch-t1197577/
Perú;checacupe-l226994;1245129;From cusco palccoyo stone forest artisan center day;https://www.getyourguide.com/checacupe-l226994/from-cusco-palccoyo-stone-forest-artisan-center-day-trip-t1245129/
Perú;arequipa-l2859;1124478;Arequipa full day colca canyon;https://www.getyourguide.com/arequipa-l2859/arequipa-full-day-colca-canyon-tour-roundtrip-from-arequipa-t1124478/
Perú;chivay-l129313;1144505;Colca one day;https://www.getyourguide.com/chivay-l129313/colca-one-day-trip-hike-above-the-canyon-t1144505/
Perú;ica-l1608;1321118;Arequipa ballestas islands and;https://www.getyourguide.com/ica-l1608/arequipa-ballestas-islands-and-tambo-colorado-tour-t1321118/
Perú;arequipa-l2859;1215279;The ashlar route and hike in culebrillas canyon;https://www.getyourguide.com/arequipa-l2859/the-ashlar-route-and-hike-in-culebrillas-canyon-t1215279/
Perú;arequipa-l2859;119440;Colca canyon lake;https://www.getyourguide.com/arequipa-l2859/colca-canyon-lake-titicaca-in-2-days-from-arequipa-to-puno-t119440/
Perú;lima-l39;192027;Lima miraflores;https://www.getyourguide.com/lima-l39/lima-miraflores-trending-flavors-walking-tour-t192027/
Perú;chivay-l129313;1251553;From chivay puno;https://www.getyourguide.com/chivay-l129313/from-chivay-puno-tour-with-scenic-stops-t1251553/
Perú;ica-l1608;1321203;Tour;https://www.getyourguide.com/ica-l1608/tour-to-tambo-colorado-from-the-arequipa-cruise-terminal-t1321203/
Perú;puno-l32157;563097;Private;https://www.getyourguide.com/puno-l32157/private-tour-to-singrenacocha-lagoon-from-cusco-t563097/
Perú;lima-l39;414823;Lima evening city bike experience and guided;https://www.getyourguide.com/lima-l39/lima-evening-city-bike-experience-and-guided-tour-t414823/
Perú;urubamba-l164518;668338;From cusco full day;https://www.getyourguide.com/urubamba-l164518/from-cusco-full-day-to-rainbow-mountain-by-atv-quak-bike-t668338/
Perú;paracas-l32470;504201;Lima 2 dias 1 noche paracashuacachina y lineas de nazca;https://www.getyourguide.com/paracas-l32470/lima-2-dias-1-noche-paracashuacachina-y-lineas-de-nazca-t504201/
Perú;oxapampa-l206133;800597;Oxapampa rio;https://www.getyourguide.com/oxapampa-l206133/oxapampa-rio-tigre-amazon-waters-jungle-t800597/
Perú;aguas-calientes-l91472;841157;Lima puno 9 day;https://www.getyourguide.com/aguas-calientes-l91472/lima-puno-9-day-trip-with-infinite-charm-t841157/
Perú;lima-l39;594322;From lima palomino islands;https://www.getyourguide.com/lima-l39/from-lima-palomino-islands-t594322/
Perú;aguas-calientes-l91472;620318;Machu picchu overnight adventure by;https://www.getyourguide.com/aguas-calientes-l91472/machu-picchu-overnight-adventure-by-train-2-days1-night-t620318/
Perú;lima-l39;876809;From lima ballestas islands huacachina and wine route;https://www.getyourguide.com/lima-l39/from-lima-ballestas-islands-huacachina-and-wine-route-trip-t876809/
Perú;andahuaylillas-l146780;885765;Transportation;https://www.getyourguide.com/andahuaylillas-l146780/transportation-tipon-piquillacta-and-andahuaylillas-t885765/
Perú;urubamba-l164518;751603;Cusco visit maras moray chinchero pisac valle vip;https://www.getyourguide.com/urubamba-l164518/cusco-visit-maras-moray-chinchero-pisac-valle-vip-t751603/
Perú;tarapoto-l140001;757128;Tarapoto;https://www.getyourguide.com/tarapoto-l140001/tarapoto-tour-talliquihui-waterfall-adventure-t757128/
Perú;yanaoca-l235997;798244;Cusco full day;https://www.getyourguide.com/yanaoca-l235997/cusco-full-day-tour-to-the-last-inca-bridge-q-eswachaka-t798244/
Perú;tarapoto-l140001;798999;Tarapoto ahuashiyacu waterfalls escapade;https://www.getyourguide.com/tarapoto-l140001/tarapoto-ahuashiyacu-waterfalls-escapade-t798999/
Perú;puno-l32157;1061255;From huacachina nazca lines arequipa colca canyon bus;https://www.getyourguide.com/puno-l32157/from-huacachina-nazca-lines-arequipa-colca-canyon-bus-to-puno-t1061255/
Perú;piura-l156022;819583;From piura excursion;https://www.getyourguide.com/piura-l156022/from-piura-excursion-to-mancora-swimming-with-turtles-t819583/
Perú;chivay-l129313;836826;From arequipa day;https://www.getyourguide.com/chivay-l129313/from-arequipa-day-trip-to-the-colca-canyon-t836826/
Perú;ollantaytambo-l93095;845209;Sacred valley vip private;https://www.getyourguide.com/ollantaytambo-l93095/sacred-valley-vip-private-t845209/
Perú;ica-l1608;853530;From ica quad excursion;https://www.getyourguide.com/ica-l1608/from-ica-quad-excursion-through-the-ica-desert-t853530/
Perú;urubamba-l164518;1103904;Sacred valley living history;https://www.getyourguide.com/urubamba-l164518/sacred-valley-living-history-t1103904/
Perú;chinchero-l219429;878037;From cusco maras and moray;https://www.getyourguide.com/chinchero-l219429/from-cusco-maras-and-moray-t878037/
Perú;arequipa-l2859;890678;Sillar route quarries of anashuaycos half day;https://www.getyourguide.com/arequipa-l2859/sillar-route-quarries-of-anashuaycos-half-day-t890678/
Perú;paracas-l32470;1135677;Paracas reserve ballestas islands huacachina dunes;https://www.getyourguide.com/paracas-l32470/paracas-reserve-ballestas-islands-huacachina-dunes-tour-t1135677/
Perú;arequipa-l2859;1159959;Arequipa misti volcano;https://www.getyourguide.com/arequipa-l2859/arequipa-misti-volcano-trek-and-city-walking-tour-t1159959/
Perú;urubamba-l164518;1174873;Sacred valley;https://www.getyourguide.com/urubamba-l164518/sacred-valley-tour-from-ollantaytambo-mountain-view-lunch-t1174873/
Perú;arequipa-l2859;1007656;Arequipa half day guided bike;https://www.getyourguide.com/arequipa-l2859/arequipa-half-day-guided-bike-tour-t1007656/
Perú;calca-l208593;1306985;Cusco lares valley 3 day biking cultural;https://www.getyourguide.com/calca-l208593/cusco-lares-valley-3-day-biking-cultural-tour-t1306985/
Perú;arequipa-l2859;1137753;Arequipa san camilo market guided walking;https://www.getyourguide.com/arequipa-l2859/arequipa-san-camilo-market-guided-walking-tour-t1137753/
Perú;arequipa-l2859;1216210;From arequipa half day;https://www.getyourguide.com/arequipa-l2859/from-arequipa-half-day-trip-to-the-salinas-salt-lake-via-the-chiguata-route-t1216210/
Perú;magdalena-de-cao-l208869;1232784;From;https://www.getyourguide.com/magdalena-de-cao-l208869/from-trujillo-to-chiclayo-visiting-the-el-brujo-archaeological-complex-t1232784/
Perú;trujillo-l2870;1250638;Trujillo full day;https://www.getyourguide.com/trujillo-l2870/trujillo-full-day-tour-with-huacas-chan-chan-horses-t1250638/
Perú;lima-l39;69152;Swimming experience with sea lions on palomino islands;https://www.getyourguide.com/lima-l39/swimming-experience-with-sea-lions-on-palomino-islands-t69152/
Perú;iquitos-l32156;719841;Iquitos 3 day jungle wildlife adventure with accommodation;https://www.getyourguide.com/iquitos-l32156/iquitos-3-day-jungle-wildlife-adventure-with-accommodation-t719841/
Perú;arequipa-l2859;720800;Arequipa catarata de pillones and bosque de piedras;https://www.getyourguide.com/arequipa-l2859/arequipa-catarata-de-pillones-and-bosque-de-piedras-tour-t720800/
Perú;ollantaytambo-l93095;791823;Tour;https://www.getyourguide.com/ollantaytambo-l93095/tour-to-laguna-humantay-from-ollantaytambo-or-urubamba-t791823/
Perú;lima-l39;380144;Lima 2 day;https://www.getyourguide.com/lima-l39/lima-2-day-tour-to-paracas-huacachina-pisco-vineyard-t380144/
Perú;pucara-peru-l145153;819455;Sun route between cusco puno in one day with buffet lunch;https://www.getyourguide.com/pucara-peru-l145153/sun-route-between-cusco-puno-in-one-day-with-buffet-lunch-t819455/
Perú;chachapoyas-l135812;825044;Chachapoyas llaqta de kuelap cable car;https://www.getyourguide.com/chachapoyas-l135812/chachapoyas-llaqta-de-kuelap-cable-car-t825044/
Perú;ollantaytambo-l93095;827213;Tour sacred valley cusco;https://www.getyourguide.com/ollantaytambo-l93095/tour-sacred-valley-cusco-t827213/
Perú;lima-l39;832369;Lima 2 hour surf lesson in miraflores;https://www.getyourguide.com/lima-l39/lima-2-hour-surf-lesson-in-miraflores-t832369/
Perú;ica-l1608;836735;Excursion;https://www.getyourguide.com/ica-l1608/excursion-to-the-paracas-national-reserve-t836735/
Perú;lima-l39;879543;From lima paracas and huacachina oasis full day;https://www.getyourguide.com/lima-l39/from-lima-paracas-and-huacachina-oasis-full-day-tour-t879543/
Perú;lima-l39;471613;Palomino islands sea lion swimming;https://www.getyourguide.com/lima-l39/palomino-islands-sea-lion-swimming-tour-t471613/
Perú;iquitos-l32156;523491;From iquitos amazonas 3 days 2 nights;https://www.getyourguide.com/iquitos-l32156/from-iquitos-amazonas-3-days-2-nights-t523491/
Perú;cajamarca-l116362;964157;From cajamarca guided;https://www.getyourguide.com/cajamarca-l116362/from-cajamarca-guided-tour-of-the-cumbemayo-stone-forest-pick-up-t964157/
Perú;puerto-maldonado-l2146;970259;Tambopata;https://www.getyourguide.com/puerto-maldonado-l2146/tambopata-trail-running-5-10-km-t970259/
Perú;lima-l39;571241;From lima miraflores barranco san isidro guided;https://www.getyourguide.com/lima-l39/from-lima-miraflores-barranco-san-isidro-guided-tour-t571241/
Perú;puno-l32157;1030815;Puno aramu muro and cemetery of molloco day;https://www.getyourguide.com/puno-l32157/puno-aramu-muro-and-cemetery-of-molloco-day-trip-t1030815/
Perú;tingo-maria-l213362;647192;Tingo maria owls cave santa carmen;https://www.getyourguide.com/tingo-maria-l213362/tingo-maria-owls-cave-santa-carmen-t647192/
Perú;aguas-calientes-l91472;728361;Machu picchu 2 days 1 night by bus;https://www.getyourguide.com/aguas-calientes-l91472/machu-picchu-2-days-1-night-by-bus-t728361/
Perú;cajamarca-l116362;796848;Cajamarca city;https://www.getyourguide.com/cajamarca-l116362/cajamarca-city-tour-cuarto-del-rescate-city-gems-t796848/
Perú;pampa-de-arrieros-l186440;807001;Adventure day in arequipa pillones waterfall rock forest;https://www.getyourguide.com/pampa-de-arrieros-l186440/adventure-day-in-arequipa-pillones-waterfall-rock-forest-t807001/
Perú;arequipa-l2859;1159857;Arequipa las rocas atv;https://www.getyourguide.com/arequipa-l2859/arequipa-las-rocas-atv-tour-with-historic-center-walk-t1159857/
Perú;chavin-de-huantar-l149399;825873;From ancash excursion;https://www.getyourguide.com/chavin-de-huantar-l149399/from-ancash-excursion-to-chavin-de-huantar-entrance-fee-t825873/
Perú;urubamba-l164518;841024;From cusco sacred valley vip;https://www.getyourguide.com/urubamba-l164518/from-cusco-sacred-valley-vip-tour-with-buffet-lunch-t841024/
Perú;chivay-l129313;868087;Full day excursion;https://www.getyourguide.com/chivay-l129313/full-day-excursion-to-the-colca-canyon-and-transfer-to-puno-t868087/
Perú;lima-l39;1252662;Lima downtown street food;https://www.getyourguide.com/lima-l39/lima-downtown-street-food-tour-with-pisco-coffee-class-t1252662/
Perú;lima-l39;1034985;Lima city highlights;https://www.getyourguide.com/lima-l39/lima-city-highlights-tour-with-lunch-and-catacombs-t1034985/
Perú;arequipa-l2859;1332145;Salar de arequipa lojen mini volcano and;https://www.getyourguide.com/arequipa-l2859/salar-de-arequipa-lojen-mini-volcano-and-thermal-baths-t1332145/
Perú;lima-l39;1165793;Lima larco museum huaca pucllana;https://www.getyourguide.com/lima-l39/lima-larco-museum-huaca-pucllana-tour-with-lunch-t1165793/
Perú;iquitos-l32156;1168929;Iquitos belen market;https://www.getyourguide.com/iquitos-l32156/iquitos-belen-market-tour-with-boat-ride-and-art-show-t1168929/
Perú;lima-l39;557703;Lima local market food walking food;https://www.getyourguide.com/lima-l39/lima-local-market-food-walking-food-tour-t557703/
Perú;lima-l39;624548;Authentic 4 dish peruvian food cooking class pisco sour;https://www.getyourguide.com/lima-l39/authentic-4-dish-peruvian-food-cooking-class-pisco-sour-t624548/
Perú;ayacucho-l152602;645985;Ayacucho sarhua waterfall valley;https://www.getyourguide.com/ayacucho-l152602/ayacucho-sarhua-waterfall-valley-t645985/
Perú;puno-l32157;121896;Boat;https://www.getyourguide.com/puno-l32157/boat-tour-to-uros-and-taquile-t121896/
Perú;urubamba-l164518;739472;From cusco 1 day;https://www.getyourguide.com/urubamba-l164518/from-cusco-1-day-tour-of-sacred-valley-t739472/
Perú;arequipa-l2859;768427;3 day private;https://www.getyourguide.com/arequipa-l2859/3-day-private-tour-to-colca-canyon-superior-service-t768427/
Perú;arequipa-l2859;819448;Tour colca canyon;https://www.getyourguide.com/arequipa-l2859/tour-colca-canyon-trekking-2d1n-with-final-in-puno-t819448/
Perú;lima-l39;819562;From lima visit;https://www.getyourguide.com/lima-l39/from-lima-visit-to-miraflores-and-huaca-pucllana-t819562/
Perú;huaraz-l360;840937;From huaraz;https://www.getyourguide.com/huaraz-l360/from-huaraz-the-best-trekking-and-hiking-trails-in-paron-t840937/
Perú;arequipa-l2859;883140;Arequipa walking;https://www.getyourguide.com/arequipa-l2859/arequipa-walking-tour-of-the-city-s-historic-center-t883140/
Perú;puerto-maldonado-l2146;464570;Eco jungla 2 dias 1 noche;https://www.getyourguide.com/puerto-maldonado-l2146/eco-jungla-2-dias-1-noche-t464570/
Perú;lima-l39;465698;Lima;https://www.getyourguide.com/lima-l39/lima-tour-in-miraflores-san-isidro-barranco-chorrillos-t465698/
Perú;urubamba-l164518;892876;Celestial cusco an astrological and historical walking;https://www.getyourguide.com/urubamba-l164518/celestial-cusco-an-astrological-and-historical-walking-tour-t892876/
Perú;piura-l156022;953343;From mancora whale watching and swimming with sea;https://www.getyourguide.com/piura-l156022/from-mancora-whale-watching-and-swimming-with-sea-turtles-t953343/
Perú;humacchuco-l221557;970424;From cajamarca markahuamachuco;https://www.getyourguide.com/humacchuco-l221557/from-cajamarca-markahuamachuco-the-machu-picchu-of-the-north--t970424/
Perú;urubamba-l164518;566002;Sacred valley maras and moray private;https://www.getyourguide.com/urubamba-l164518/sacred-valley-maras-and-moray-private-t566002/
Perú;ica-l1608;645713;Huacachina dune buggy sandboard huacachina oasis ica;https://www.getyourguide.com/ica-l1608/huacachina-dune-buggy-sandboard-huacachina-oasis-ica-t645713/
Perú;cruzpata-l238162;1111924;From cusco moray and maras salt mines quad bike;https://www.getyourguide.com/cruzpata-l238162/from-cusco-moray-and-maras-salt-mines-quad-bike-tour-t1111924/
Perú;urubamba-l164518;789239;Sacred valley ollantaytambo and pisac;https://www.getyourguide.com/urubamba-l164518/sacred-valley-ollantaytambo-and-pisac-t789239/
Perú;ica-l1608;816356;Private picnic in huacachina;https://www.getyourguide.com/ica-l1608/private-picnic-in-huacachina-t816356/
Perú;calca-l208593;829225;Visit;https://www.getyourguide.com/calca-l208593/visit-to-the-cochahuasi-animal-sanctuary-with-rescued-animal-t829225/
Perú;trujillo-l2870;847392;From;https://www.getyourguide.com/trujillo-l2870/from-trujillo-chan-chan-and-huanchaco-beach-tour-t847392/
Perú;acomayo-l214662;885770;;https://www.getyourguide.com/acomayo-l214662/-transfer-to-waqrapukara-the-hidden-fortress-of-the-andes--t885770/
Perú;paracas-l32470;1331187;From nazca ballestas islands sightseeing;https://www.getyourguide.com/paracas-l32470/from-nazca-ballestas-islands-sightseeing-tour-on-a-premium-speedboat-luxury-vip-paracas-t1331187/
Perú;paracas-l32470;1192907;Sensory lima a 6 day cultural and gastronomic journey;https://www.getyourguide.com/paracas-l32470/sensory-lima-a-6-day-cultural-and-gastronomic-journey-t1192907/
Perú;aguas-calientes-l91472;598384;New machupicchu entrance;https://www.getyourguide.com/aguas-calientes-l91472/new-machupicchu-entrance-ticket-bus-expert-guide-t598384/
Perú;puno-l32157;657329;Excursion;https://www.getyourguide.com/puno-l32157/excursion-to-the-islands-of-uros-and-taquile-t657329/
Perú;chivay-l129313;668919;From arequipa fullday;https://www.getyourguide.com/chivay-l129313/from-arequipa-fullday-tour-colca-canyon-transfer-to-puno-t668919/
Perú;chachapoyas-l135812;682844;Karajia guardians of chachapoyas at mirador utcubamba;https://www.getyourguide.com/chachapoyas-l135812/karajia-guardians-of-chachapoyas-at-mirador-utcubamba-t682844/
Perú;urubamba-l164518;685922;Cusco machu picchu circuit 2 day;https://www.getyourguide.com/urubamba-l164518/cusco-machu-picchu-circuit-2-day-tour-with-train-transfers-t685922/
Perú;abancay-l223000;688161;Apurimac full day;https://www.getyourguide.com/abancay-l223000/apurimac-full-day-tour-in-abancay-t688161/
Perú;maras-l119695;690141;Experience;https://www.getyourguide.com/maras-l119695/experience-tour-to-maras-and-moray-on-atvs-t690141/
Perú;lima-l39;394146;Lima san francisco and huaca pucllana half day;https://www.getyourguide.com/lima-l39/lima-san-francisco-and-huaca-pucllana-half-day-tour-t394146/
Perú;arequipa-l2859;780072;Arequipa salinas lagoon and lojen;https://www.getyourguide.com/arequipa-l2859/arequipa-salinas-lagoon-and-lojen-thermal-baths-t780072/
Perú;arequipa-l2859;818721;From arequipa;https://www.getyourguide.com/arequipa-l2859/from-arequipa-tour-along-the-sillar-route-t818721/
Perú;puno-l32157;834803;Transfer from puno;https://www.getyourguide.com/puno-l32157/transfer-from-puno-to-chivay-t834803/
Perú;aguas-calientes-l91472;839839;Inca;https://www.getyourguide.com/aguas-calientes-l91472/inca-trail-to-machu-picchu-4-days-t839839/
Perú;paracas-l32470;844184;From ica ballestas islands paracas national reserve;https://www.getyourguide.com/paracas-l32470/from-ica-ballestas-islands-paracas-national-reserve-t844184/
Perú;huasao-l218454;874692;Cusco mystic huasao valley of;https://www.getyourguide.com/huasao-l218454/cusco-mystic-huasao-valley-of-the-elves-morada--t874692/
Perú;puno-l32157;905392;Puno lake;https://www.getyourguide.com/puno-l32157/puno-lake-titicaca-uros-and-taquile-full-day-tour-t905392/
Perú;arequipa-l2859;1006579;Arequipa atv;https://www.getyourguide.com/arequipa-l2859/arequipa-atv-tour-to-misti-volcano-with-hotel-pickup-t1006579/
Perú;ica-l1608;645799;Ica huacachina desert glamping night under;https://www.getyourguide.com/ica-l1608/ica-huacachina-desert-glamping-night-under-the-stars-t645799/
Perú;urubamba-l164518;750937;From cusco sacred valley and maras salt mines;https://www.getyourguide.com/urubamba-l164518/from-cusco-sacred-valley-and-maras-salt-mines-t750937/
Perú;paracas-l32470;1150166;Paracas adventure islas ballestas buggies desierto;https://www.getyourguide.com/paracas-l32470/paracas-adventure-islas-ballestas-buggies-desierto-t1150166/
Perú;chivay-l129313;805666;Arequipa colca canyon 2 days and 1 night in colca canyo;https://www.getyourguide.com/chivay-l129313/arequipa-colca-canyon-2-days-and-1-night-in-colca-canyo-t805666/
Perú;urubamba-l164518;817088;Cusco 5 day;https://www.getyourguide.com/urubamba-l164518/cusco-5-day-tour-with-machu-picchu-sacred-valley-moray-t817088/
Perú;ica-l1608;822599;From huacachina sunset sandboard and buggy in;https://www.getyourguide.com/ica-l1608/from-huacachina-sunset-sandboard-and-buggy-in-the-dunes-t822599/
Perú;urubamba-l164518;832068;Machu picchu local guide in machu picchu private and group;https://www.getyourguide.com/urubamba-l164518/machu-picchu-local-guide-in-machu-picchu-private-and-group-t832068/
Perú;urubamba-l164518;838986;Cusco machu picchu 2 days by bus explore peru wonder;https://www.getyourguide.com/urubamba-l164518/cusco-machu-picchu-2-days-by-bus-explore-peru-wonder-t838986/
Perú;paracas-l32470;851674;Paracas national reserve by mini buggy;https://www.getyourguide.com/paracas-l32470/paracas-national-reserve-by-mini-buggy-t851674/
Perú;lima-l39;878896;From lima full day excursion;https://www.getyourguide.com/lima-l39/from-lima-full-day-excursion-to-sayan-and-churin-t878896/
Perú;tarapoto-l140001;1229174;Tarapoto sauce blue lagoon with boat ride in small groups;https://www.getyourguide.com/tarapoto-l140001/tarapoto-sauce-blue-lagoon-with-boat-ride-in-small-groups-t1229174/
Perú;arequipa-l2859;1038181;From arequipa 2 day colca hike from arequipa meals included;https://www.getyourguide.com/arequipa-l2859/from-arequipa-2-day-colca-hike-from-arequipa-meals-included-t1038181/
Perú;lima-l39;69154;From lima half day pachacamac barranco;https://www.getyourguide.com/lima-l39/from-lima-half-day-pachacamac-barranco-tour-t69154/
Perú;lima-l39;393360;Half day gastronomic;https://www.getyourguide.com/lima-l39/half-day-gastronomic-tour-in-lima-with-lima-gourmet-company-t393360/
Perú;iquitos-l32156;405151;From iquitos 3 day amazon jungle adventure;https://www.getyourguide.com/iquitos-l32156/from-iquitos-3-day-amazon-jungle-adventure-trip-t405151/
Perú;iquitos-l32156;1168951;Iquitos amazon river piranha fishing and sunset;https://www.getyourguide.com/iquitos-l32156/iquitos-amazon-river-piranha-fishing-and-sunset-tour-t1168951/
Perú;lima-l39;516506;From lima city;https://www.getyourguide.com/lima-l39/from-lima-city-tour-magic-water-circuit-half-day-t516506/
Perú;paracas-l32470;1294702;Premium;https://www.getyourguide.com/paracas-l32470/premium-trekking-in-paracas-national-reserve-t1294702/
Perú;iquitos-l32156;612145;Iquitos full day visit;https://www.getyourguide.com/iquitos-l32156/iquitos-full-day-visit-to-monkey-island-official-t612145/
Perú;lima-l39;711266;Lima private city;https://www.getyourguide.com/lima-l39/lima-private-city-tour-by-car-with-hotel-pickup-t711266/
Perú;pucara-peru-l145153;733845;Trip from puno;https://www.getyourguide.com/pucara-peru-l145153/trip-from-puno-to-cusco-with-the-route-of-the-sun-t733845/
Perú;tarapoto-l140001;756203;Tarapoto;https://www.getyourguide.com/tarapoto-l140001/tarapoto-tour-huacamaillo-waterfalls-adventure-t756203/
Perú;urubamba-l164518;762183;Machu picchu group guided;https://www.getyourguide.com/urubamba-l164518/machu-picchu-group-guided-tour-t762183/
Perú;chivay-l129313;826957;Day;https://www.getyourguide.com/chivay-l129313/day-trip-to-the-colca-canyon-with-connection-to-puno-t826957/
Perú;iquitos-l32156;836056;Iquitos nature and adventure;https://www.getyourguide.com/iquitos-l32156/iquitos-nature-and-adventure-tour-amazon-peru-t836056/
Perú;ica-l1608;845416;From ica atvs in;https://www.getyourguide.com/ica-l1608/from-ica-atvs-in-the-dunes-of-victoria-t845416/
Perú;chivay-l129313;853603;From arequipa 2 day excursion;https://www.getyourguide.com/chivay-l129313/from-arequipa-2-day-excursion-to-the-colca-canyon-hotel-t853603/
Perú;aguas-calientes-l91472;866680;From cusco machu picchu by car 2d1n;https://www.getyourguide.com/aguas-calientes-l91472/from-cusco-machu-picchu-by-car-2d1n-t866680/
Perú;ayacucho-l152602;573587;Ayacucho wari cultural excursion quinua;https://www.getyourguide.com/ayacucho-l152602/ayacucho-wari-cultural-excursion-quinua-t573587/
Perú;aguas-calientes-l91472;617078;Tour guide in machu picchu on route 2;https://www.getyourguide.com/aguas-calientes-l91472/tour-guide-in-machu-picchu-on-route-2-t617078/
Perú;paracas-l32470;645765;Ica huacachina wine and pisco vineyards;https://www.getyourguide.com/paracas-l32470/ica-huacachina-wine-and-pisco-vineyards-tasting-tour-t645765/
Perú;paracas-l32470;770652;Lima nazca lines overflight from pisco and oasis huacachina;https://www.getyourguide.com/paracas-l32470/lima-nazca-lines-overflight-from-pisco-and-oasis-huacachina-t770652/
Perú;urubamba-l164518;1181527;Urubamba quelccaya glacier guided hike with meals;https://www.getyourguide.com/urubamba-l164518/urubamba-quelccaya-glacier-guided-hike-with-meals-t1181527/
Perú;lima-l39;1185111;Lima gourmet food;https://www.getyourguide.com/lima-l39/lima-gourmet-food-tour-evening-flavors-culture-sights-t1185111/
Perú;puno-l32157;817067;Floating islands of;https://www.getyourguide.com/puno-l32157/floating-islands-of-the-uros-t817067/
Perú;lima-l39;840772;From lima;https://www.getyourguide.com/lima-l39/from-lima-tour-of-the-province-of-huaral-chancay-full-day-t840772/
Perú;urubamba-l164518;840834;6d lima cusco machu picchu sacred valley puno;https://www.getyourguide.com/urubamba-l164518/6d-lima-cusco-machu-picchu-sacred-valley-puno-titicaca-t840834/
Perú;chivay-l129313;894787;Arequipa full day in colca;https://www.getyourguide.com/chivay-l129313/arequipa-full-day-in-colca-t894787/
Perú;arequipa-l2859;1015183;Sensory workshop with;https://www.getyourguide.com/arequipa-l2859/sensory-workshop-with-the-finest-cacao-from-peru-t1015183/
Perú;lima-l39;1312084;Lima gamarra;https://www.getyourguide.com/lima-l39/lima-gamarra-textile-district-tour-with-street-snacks-t1312084/
Perú;calca-l208593;1175966;Sacred valley vineyard;https://www.getyourguide.com/calca-l208593/sacred-valley-vineyard-tour-and-peruvian-wine-tasting-t1175966/
Perú;lima-l39;496349;Lima private walking;https://www.getyourguide.com/lima-l39/lima-private-walking-tour-t496349/
Perú;urubamba-l164518;548083;4 days3 nights inka jungle;https://www.getyourguide.com/urubamba-l164518/4-days3-nights-inka-jungle-trek-to-machu-picchu-t548083/
Perú;coporaque-l135202;1267636;Arequipa 2 day colca canyon;https://www.getyourguide.com/coporaque-l135202/arequipa-2-day-colca-canyon-tour-to-puno-with-homestay-t1267636/
Perú;paracas-l32470;735799;Full day paracas and ballestas islands;https://www.getyourguide.com/paracas-l32470/full-day-paracas-and-ballestas-islands-t735799/
Perú;aguas-calientes-l91472;797347;Sunset at machu picchu;https://www.getyourguide.com/aguas-calientes-l91472/sunset-at-machu-picchu-t797347/
Perú;urubamba-l164518;857684;Cusco 4 day salkantay;https://www.getyourguide.com/urubamba-l164518/cusco-4-day-salkantay-trek-to-machupicchu-vistadome-train-t857684/
Perú;huayllabamba-l209180;890352;Huayllabamba hotel aranwa;https://www.getyourguide.com/huayllabamba-l209180/huayllabamba-hotel-aranwa-transfer-t890352/
Perú;lima-l39;927198;Huaca pucllana;https://www.getyourguide.com/lima-l39/huaca-pucllana-tour-t927198/
Perú;puno-l32157;547295;Two day lake;https://www.getyourguide.com/puno-l32157/two-day-lake-titicaca-tour-with-homestay-t547295/
Perú;paucartambo-l194776;1073697;Cusco jungle adventure;https://www.getyourguide.com/paucartambo-l194776/cusco-jungle-adventure-tour-with-outdoor-activities-t1073697/
Perú;aguas-calientes-l91472;662706;Machu picchu one day;https://www.getyourguide.com/aguas-calientes-l91472/machu-picchu-one-day-trip-from-cusco-by-train-t662706/
Perú;lima-l39;1121732;From lima private;https://www.getyourguide.com/lima-l39/from-lima-private-trekking-in-the-raura-mountain-range-and-its-thermal-baths-t1121732/
Perú;puno-l32157;1171016;Puno;https://www.getyourguide.com/puno-l32157/puno-tour-of-the-uros-floating-islands-and-fishing-experience-t1171016/
Perú;chivay-l129313;768094;Colca canyon excursion 2 days with end in puno;https://www.getyourguide.com/chivay-l129313/colca-canyon-excursion-2-days-with-end-in-puno-t768094/
Perú;puno-l32157;845276;Cusco route of;https://www.getyourguide.com/puno-l32157/cusco-route-of-the-sun-2-day-tour-in-puno-with-hotel-t845276/
Perú;chivay-l129313;863826;2 day;https://www.getyourguide.com/chivay-l129313/2-day-tour-to-the-colca-canyon-ending-in-puno-t863826/
Perú;aguas-calientes-l91472;878940;Machu picchu local guide in machu picchu;https://www.getyourguide.com/aguas-calientes-l91472/machu-picchu-local-guide-in-machu-picchu-t878940/
Perú;aguas-calientes-l91472;883402;From cusco machu picchu day;https://www.getyourguide.com/aguas-calientes-l91472/from-cusco-machu-picchu-day-trip-with-guided-tour-lunch-t883402/
Perú;ica-l1608;1310038;Wine;https://www.getyourguide.com/ica-l1608/wine-tasting-in-the-huacachina-desert-for-couples-t1310038/
Perú;paracas-l32470;954168;Paracas a day of adventure on;https://www.getyourguide.com/paracas-l32470/paracas-a-day-of-adventure-on-the-ballestas-islands-and-in-the-reserve-t954168/
Perú;lima-l39;459875;Lima city walking;https://www.getyourguide.com/lima-l39/lima-city-walking-tour-visit-to-the-catacombs-t459875/
Perú;puno-l32157;1182258;Cultural puno viewpoints andean market and historic center;https://www.getyourguide.com/puno-l32157/cultural-puno-viewpoints-andean-market-and-historic-center-t1182258/
Perú;aguas-calientes-l91472;590198;Cusco inca jungle;https://www.getyourguide.com/aguas-calientes-l91472/cusco-inca-jungle-to-machu-picchu-3-days-2-nights-tour-t590198/
Perú;ica-l1608;591776;Wine pisco and dune buggy experience;https://www.getyourguide.com/ica-l1608/wine-pisco-and-dune-buggy-experience-t591776/
Perú;aguas-calientes-l91472;633986;Machu picchu private;https://www.getyourguide.com/aguas-calientes-l91472/machu-picchu-private-tour-with-guide-and-tickets-t633986/
Perú;paracas-l32470;1331194;From nazca premium boat shell experience luxury vip paracas;https://www.getyourguide.com/paracas-l32470/from-nazca-premium-boat-shell-experience-luxury-vip-paracas-t1331194/
Perú;barranca-l168402;797013;Lima full day caral city service private ;https://www.getyourguide.com/barranca-l168402/lima-full-day-caral-city-service-private--t797013/
Perú;ayacucho-l152602;840038;Ayacucho;https://www.getyourguide.com/ayacucho-l152602/ayacucho-tour-wari-and-quinua-culture-t840038/
Perú;puno-l32157;841177;Puno;https://www.getyourguide.com/puno-l32157/puno-tour-to-the-chullpas-of-sillustani-t841177/
Perú;ica-l1608;845401;From ica winery;https://www.getyourguide.com/ica-l1608/from-ica-winery-tour-along-the-pisco-route-t845401/
Perú;chivay-l129313;847547;2 day;https://www.getyourguide.com/chivay-l129313/2-day-tour-to-the-colca-valley-and-the-cruz-del-condor-t847547/
Perú;chivay-l129313;875966;Tourist;https://www.getyourguide.com/chivay-l129313/tourist-transportation-transfer-colca-chivay-puno-t875966/
Perú;lima-l39;949769;Lima food;https://www.getyourguide.com/lima-l39/lima-food-tour-with-history-culture-and-local-cuisine-t949769/
Perú;lima-l39;951586;Lima pisco sour and passion fruit sour mixing class;https://www.getyourguide.com/lima-l39/lima-pisco-sour-and-passion-fruit-sour-mixing-class-t951586/
Perú;lima-l39;954733;Miraflores local walking;https://www.getyourguide.com/lima-l39/miraflores-local-walking-tour-free-ebook-t954733/
Perú;puno-l32157;979767;From puno 3 day uyuni salt flats and la paz;https://www.getyourguide.com/puno-l32157/from-puno-3-day-uyuni-salt-flats-and-la-paz-tour-t979767/
Perú;paracas-l32470;981927;Paracas;https://www.getyourguide.com/paracas-l32470/paracas-total-ballestas-islands-national-reserve-in-one-day-t981927/
Perú;puno-l32157;485417;Puno airport shared;https://www.getyourguide.com/puno-l32157/puno-airport-shared-transfer-t485417/
Perú;aguas-calientes-l91472;525621;Macchu picchu private;https://www.getyourguide.com/aguas-calientes-l91472/macchu-picchu-private-tour-guide-bus-ticket-combo-t525621/
Perú;puerto-maldonado-l2146;1079378;Puerto maldonado cachuela parrots clay lick sunrise;https://www.getyourguide.com/puerto-maldonado-l2146/puerto-maldonado-cachuela-parrots-clay-lick-sunrise-tour-t1079378/
Perú;lima-l39;560447;Palomino islands speedboat excursion swim with sea lions;https://www.getyourguide.com/lima-l39/palomino-islands-speedboat-excursion-swim-with-sea-lions-t560447/
Perú;ollantaytambo-l93095;1150984;Cusco private patacancha community hike with pickup;https://www.getyourguide.com/ollantaytambo-l93095/cusco-private-patacancha-community-hike-with-pickup-t1150984/
Perú;chucuito-l176645;658289;Excursion;https://www.getyourguide.com/chucuito-l176645/excursion-to-chucuito-t658289/
Perú;urubamba-l164518;733798;Machu picchu full day by;https://www.getyourguide.com/urubamba-l164518/machu-picchu-full-day-by-train-t733798/
Perú;oxapampa-l206133;759260;Oxapampa highlights rainforest coffee adventure;https://www.getyourguide.com/oxapampa-l206133/oxapampa-highlights-rainforest-coffee-adventure-t759260/
Perú;arequipa-l2859;808148;Arequipa huaruro waterfall colca canyon;https://www.getyourguide.com/arequipa-l2859/arequipa-huaruro-waterfall-colca-canyon-trekking-4-days-t808148/
Perú;arequipa-l2859;826005;Arequipa 1 day colca canyon;https://www.getyourguide.com/arequipa-l2859/arequipa-1-day-colca-canyon-thermal-baths-tour-t826005/
Perú;lima-l39;1309307;Lima miraflores barranco small group bike;https://www.getyourguide.com/lima-l39/lima-miraflores-barranco-small-group-bike-tour-t1309307/
Perú;ollantaytambo-l93095;890572;Private adventure;https://www.getyourguide.com/ollantaytambo-l93095/private-adventure-to-pisac-ollantaytambo-and-chinchero-t890572/
Perú;aguas-calientes-l91472;962000;Machu picchu 2 dias;https://www.getyourguide.com/aguas-calientes-l91472/machu-picchu-2-dias-trekking-t962000/
Perú;paracas-l32470;278422;From paracas or pisco private;https://www.getyourguide.com/paracas-l32470/from-paracas-or-pisco-private-tour-to-huacachina-oasis-t278422/
Perú;yanque-l135197;1082936;Colca yanque observatory and planetarium;https://www.getyourguide.com/yanque-l135197/colca-yanque-observatory-and-planetarium-tour-t1082936/
Perú;lima-l39;1106961;Lima palomino islands private;https://www.getyourguide.com/lima-l39/lima-palomino-islands-private-tour-sea-lions-pick-up-t1106961/
Perú;pisac-l119710;1125325;Sacred valley cooking class and local market;https://www.getyourguide.com/pisac-l119710/sacred-valley-cooking-class-and-local-market-tour-t1125325/
Perú;checacupe-l226994;1157026;Pallay punchu raqchi checacupe bridge full day;https://www.getyourguide.com/checacupe-l226994/pallay-punchu-raqchi-checacupe-bridge-full-day-tour-t1157026/
Perú;puerto-maldonado-l2146;476232;Puerto maldonado sandoval lake 4 day 3 night guided;https://www.getyourguide.com/puerto-maldonado-l2146/puerto-maldonado-sandoval-lake-4-day-3-night-guided-tour-t476232/
Perú;paracas-l32470;491869;From lima peru fantastic with machu picchu 5 days 4 nights;https://www.getyourguide.com/paracas-l32470/from-lima-peru-fantastic-with-machu-picchu-5-days-4-nights-t491869/
Perú;paracas-l32470;1278333;Paracas birdwatching;https://www.getyourguide.com/paracas-l32470/paracas-birdwatching-tour-with-binoculars-and-naturalist-t1278333/
Perú;lima-l39;748890;Lima market;https://www.getyourguide.com/lima-l39/lima-market-tour-35-fruits-tasting-cooking-class-t748890/
Perú;arequipa-l2859;778912;Typical food cooking class in arequipa;https://www.getyourguide.com/arequipa-l2859/typical-food-cooking-class-in-arequipa-t778912/
Perú;chachapoyas-l135812;796720;Chachapoyas revash mausoleums leymebamba museum;https://www.getyourguide.com/chachapoyas-l135812/chachapoyas-revash-mausoleums-leymebamba-museum-t796720/
Perú;aguas-calientes-l91472;814307;Discover machu picchu in one day from cusco;https://www.getyourguide.com/aguas-calientes-l91472/discover-machu-picchu-in-one-day-from-cusco-t814307/
Perú;iquitos-l32156;817644;Belen market floating city 2 3 hour private;https://www.getyourguide.com/iquitos-l32156/belen-market-floating-city-2-3-hour-private-tour-t817644/
Perú;ica-l1608;821662;From ica or huacachina ballestas islands paracas national reserve;https://www.getyourguide.com/ica-l1608/from-ica-or-huacachina-ballestas-islands-paracas-national-reserve-t821662/
Perú;pisac-l119710;884231;Transportation pisac market round;https://www.getyourguide.com/pisac-l119710/transportation-pisac-market-round-trip-t884231/
Perú;puerto-maldonado-l2146;447469;Tambopata amazon jungle 4d3n;https://www.getyourguide.com/puerto-maldonado-l2146/tambopata-amazon-jungle-4d3n-t447469/
Perú;lima-l39;471177;Lima magic water circuit private;https://www.getyourguide.com/lima-l39/lima-magic-water-circuit-private-tour-w-transfer-ticket-t471177/
Perú;puno-l32157;490877;Water bike;https://www.getyourguide.com/puno-l32157/water-bike-to-uros-island-at-lake-titicaca-t490877/
Perú;puerto-maldonado-l2146;562348;From puerto maldonado jungle hike sandoval lake ;https://www.getyourguide.com/puerto-maldonado-l2146/from-puerto-maldonado-jungle-hike-sandoval-lake--t562348/
Perú;sayan-peru-l219492;564644;Full day excursion;https://www.getyourguide.com/sayan-peru-l219492/full-day-excursion-to-sayan-and-churin-t564644/
Perú;arequipa-l2859;1143342;Arequipa rock climbing and city walking;https://www.getyourguide.com/arequipa-l2859/arequipa-rock-climbing-and-city-walking-tour-t1143342/
Perú;chivay-l129313;653122;Colca canyon;https://www.getyourguide.com/chivay-l129313/colca-canyon-tour-from-arequipa-t653122/
Perú;oxapampa-l206133;740625;From oxapampa full day;https://www.getyourguide.com/oxapampa-l206133/from-oxapampa-full-day-tour-to-pozuzo-and-huancabamba-t740625/
Perú;pucara-peru-l145153;772047;Bus cusco puno con almuerzo buffet incluido;https://www.getyourguide.com/pucara-peru-l145153/bus-cusco-puno-con-almuerzo-buffet-incluido-t772047/
Perú;chiclayo-l32245;796212;Chiclayo pimentel coastal wonders ostrich farm;https://www.getyourguide.com/chiclayo-l32245/chiclayo-pimentel-coastal-wonders-ostrich-farm-tour-t796212/
Perú;urubamba-l164518;821715;Cusco machu picchu humantay lake getaway hotel;https://www.getyourguide.com/urubamba-l164518/cusco-machu-picchu-humantay-lake-getaway-hotel-t821715/
Perú;arequipa-l2859;864870;Day;https://www.getyourguide.com/arequipa-l2859/day-trip-to-colca-canyon-in-arequipa-leaving-at-600-am-t864870/
Perú;huaraz-l360;1285746;Huaraz laguna churup visiting;https://www.getyourguide.com/huaraz-l360/huaraz-laguna-churup-visiting-the-wonderful-lake-t1285746/
Perú;lima-l39;127895;Huacas larco museums by night and dinner from lima;https://www.getyourguide.com/lima-l39/huacas-larco-museums-by-night-and-dinner-from-lima-t127895/
Perú;paracas-l32470;1003292;2 epic days paracas huacachina adventure and nazca flight;https://www.getyourguide.com/paracas-l32470/2-epic-days-paracas-huacachina-adventure-and-nazca-flight-t1003292/
Perú;paracas-l32470;246257;Private paracas national reserve pink lagoon;https://www.getyourguide.com/paracas-l32470/private-paracas-national-reserve-pink-lagoon-tour-t246257/
Perú;puerto-maldonado-l2146;1050880;Puerto maldonado sloth search by boat river visit;https://www.getyourguide.com/puerto-maldonado-l2146/puerto-maldonado-sloth-search-by-boat-river-visit-t1050880/
Perú;lima-l39;1106819;Lima private and exclusive city;https://www.getyourguide.com/lima-l39/lima-private-and-exclusive-city-tour-of-the-city-of-kings-t1106819/
Perú;lima-l39;503791;Lima nazca lines flight paracas huacachina 2 day;https://www.getyourguide.com/lima-l39/lima-nazca-lines-flight-paracas-huacachina-2-day-tour-t503791/
Perú;chinchero-l219429;1185377;Sacred valley full day private;https://www.getyourguide.com/chinchero-l219429/sacred-valley-full-day-private-tour-with-pachamanca-lunch-t1185377/
Perú;puno-l32157;633869;Uros;https://www.getyourguide.com/puno-l32157/uros-taquile-day-trip-culture-lunch-lake-experience-t633869/
Perú;puerto-maldonado-l2146;788996;Puerto maldonado sandoval 3d2n jungle adventure cusco;https://www.getyourguide.com/puerto-maldonado-l2146/puerto-maldonado-sandoval-3d2n-jungle-adventure-cusco-t788996/
Perú;cajamarca-l116362;796773;Cajamarca cumbemayo archaeological complex stone forest;https://www.getyourguide.com/cajamarca-l116362/cajamarca-cumbemayo-archaeological-complex-stone-forest-t796773/
Perú;urubamba-l164518;818643;Cusco 8 days of adventure;https://www.getyourguide.com/urubamba-l164518/cusco-8-days-of-adventure-t818643/
Perú;urubamba-l164518;820516;Train from aguas calientes;https://www.getyourguide.com/urubamba-l164518/train-from-aguas-calientes-to-cusco-t820516/
Perú;chivay-l129313;824718;Arequipa excursion colca canyon chacapi;https://www.getyourguide.com/chivay-l129313/arequipa-excursion-colca-canyon-chacapi-thermal-baths-t824718/
Perú;chivay-l129313;825894;Cotahuasi for all;https://www.getyourguide.com/chivay-l129313/cotahuasi-for-all-t825894/
Perú;puerto-maldonado-l2146;832016;Puerto maldonado reserva nacional de;https://www.getyourguide.com/puerto-maldonado-l2146/puerto-maldonado-reserva-nacional-de-tambopata-4-days-t832016/
Perú;huayllabamba-l209180;884168;Cusco;https://www.getyourguide.com/huayllabamba-l209180/cusco-transport-to-aranwa-hotel-huayabamba-t884168/
Perú;ollantaytambo-l93095;979482;Tour chinchero maras and moray ending in ollantaytambo;https://www.getyourguide.com/ollantaytambo-l93095/tour-chinchero-maras-and-moray-ending-in-ollantaytambo-t979482/
Perú;chivay-l129313;997240;From arequipa;https://www.getyourguide.com/chivay-l129313/from-arequipa-transport-from-arequipa-cabanaconde-with-breakfast-t997240/
Perú;arequipa-l2859;1037045;Arequipa half day countryside hike with guide;https://www.getyourguide.com/arequipa-l2859/arequipa-half-day-countryside-hike-with-guide-t1037045/
Perú;arequipa-l2859;440653;From arequipa pillones waterfall stone forest;https://www.getyourguide.com/arequipa-l2859/from-arequipa-pillones-waterfall-stone-forest-t440653/
Perú;arequipa-l2859;475800;Arequipa city;https://www.getyourguide.com/arequipa-l2859/arequipa-city-tour-and-santa-catalina-monastery-t475800/
Perú;chinchero-l219429;1152859;Cusco sacred valley biking rafting hot springs;https://www.getyourguide.com/chinchero-l219429/cusco-sacred-valley-biking-rafting-hot-springs-tour-t1152859/
Perú;lima-l39;1154985;Lima city walking;https://www.getyourguide.com/lima-l39/lima-city-walking-tour-with-catacombs-and-fruit-tasting-t1154985/
Perú;urubamba-l164518;625939;From cusco sacred valley pisaq ollantaytambo chinchero;https://www.getyourguide.com/urubamba-l164518/from-cusco-sacred-valley-pisaq-ollantaytambo-chinchero-tour-t625939/
Perú;arequipa-l2859;633161;From arequipa colca canyon full day guided;https://www.getyourguide.com/arequipa-l2859/from-arequipa-colca-canyon-full-day-guided-tour-with-meals-t633161/
Perú;lima-l39;638646;Desde lima full day privado;https://www.getyourguide.com/lima-l39/desde-lima-full-day-privado-todo-incluido-paracas-ica-t638646/
Perú;ayacucho-l152602;645952;Ayacucho river rafting peru canotaje;https://www.getyourguide.com/ayacucho-l152602/ayacucho-river-rafting-peru-canotaje-t645952/
Perú;chivay-l129313;702170;From arequipa one day;https://www.getyourguide.com/chivay-l129313/from-arequipa-one-day-trip-to-colca-canyon-ending-in-puno-t702170/
Perú;lima-l39;749795;From lima excursion;https://www.getyourguide.com/lima-l39/from-lima-excursion-to-sayan-and-churin-t749795/
Perú;urubamba-l164518;767081;Private;https://www.getyourguide.com/urubamba-l164518/private-tour-from-cusco-sacred-valley-moray-salt-mines-t767081/
Perú;aguas-calientes-l91472;769576;4 days inca jungle adventure;https://www.getyourguide.com/aguas-calientes-l91472/4-days-inca-jungle-adventure-to-machu-picchu-t769576/
Perú;lima-l39;813230;From lima full day;https://www.getyourguide.com/lima-l39/from-lima-full-day-tour-of-the-province-of-huaral-chancay-t813230/
Perú;chachapoyas-l135812;818438;Chachapoyas revash mausoleums and leymebamba museum;https://www.getyourguide.com/chachapoyas-l135812/chachapoyas-revash-mausoleums-and-leymebamba-museum-t818438/
Perú;arequipa-l2859;829241;4 hour excursion sillar route with hiking in culebrillas;https://www.getyourguide.com/arequipa-l2859/4-hour-excursion-sillar-route-with-hiking-in-culebrillas-t829241/
Perú;ica-l1608;1318577;Paracas ballestas islands moron lagoon;https://www.getyourguide.com/ica-l1608/paracas-ballestas-islands-moron-lagoon-tambo-tour-t1318577/
Perú;aguas-calientes-l91472;833878;From sacred valley pisaq and ollantaytambo machu picchu;https://www.getyourguide.com/aguas-calientes-l91472/from-sacred-valley-pisaq-and-ollantaytambo-machu-picchu-t833878/
Perú;arequipa-l2859;846285;From arequipa sillar route;https://www.getyourguide.com/arequipa-l2859/from-arequipa-sillar-route-tour-half-day--t846285/
Perú;paracas-l32470;1330826;From marcona 2 day;https://www.getyourguide.com/paracas-l32470/from-marcona-2-day-tour-flight-over-the-nazca-lines-t1330826/
Perú;arequipa-l2859;866674;Arequipa pillones waterfalls and stone forest full day ;https://www.getyourguide.com/arequipa-l2859/arequipa-pillones-waterfalls-and-stone-forest-full-day--t866674/
Perú;ica-l1608;877917;From ica wine and pisco vineyards;https://www.getyourguide.com/ica-l1608/from-ica-wine-and-pisco-vineyards-tour-free-tasting--t877917/
Perú;huanchaco-l219473;908807;Chan chan palaces and;https://www.getyourguide.com/huanchaco-l219473/chan-chan-palaces-and-temples-t908807/
Perú;lima-l39;951514;Lima explore;https://www.getyourguide.com/lima-l39/lima-explore-the-city-on-foot-with-hotel-pick-up-and-drop-off-t951514/
Perú;arequipa-l2859;1083985;Arequipa private 2d1n misti volcano;https://www.getyourguide.com/arequipa-l2859/arequipa-private-2d1n-misti-volcano-trek-t1083985/
Perú;arequipa-l2859;1090058;From arequipa;https://www.getyourguide.com/arequipa-l2859/from-arequipa-two-day-hike-through-the-colca-canyon-t1090058/
Perú;arequipa-l2859;556402;Arequipa route of sillar and petroglyphs of culebrillas;https://www.getyourguide.com/arequipa-l2859/arequipa-route-of-sillar-and-petroglyphs-of-culebrillas-t556402/
Perú;arequipa-l2859;1159817;Arequipa santa catalina monastery museum;https://www.getyourguide.com/arequipa-l2859/arequipa-santa-catalina-monastery-museum-t1159817/
Perú;chachapoyas-l135812;638224;Chachapoyas full day at;https://www.getyourguide.com/chachapoyas-l135812/chachapoyas-full-day-at-the-gocta-waterfall-lunch-t638224/
Perú;puno-l32157;719139;Bus cama directo puno cusco;https://www.getyourguide.com/puno-l32157/bus-cama-directo-puno-cusco-t719139/
Perú;arequipa-l2859;743966;From arequipa waterfalls of capua and hot springs of yura;https://www.getyourguide.com/arequipa-l2859/from-arequipa-waterfalls-of-capua-and-hot-springs-of-yura-t743966/
Perú;iquitos-l32156;818705;Amazon 4 days 3 nights;https://www.getyourguide.com/iquitos-l32156/amazon-4-days-3-nights-t818705/
Perú;lima-l39;843243;Lima surf lessons for beginners;https://www.getyourguide.com/lima-l39/lima-surf-lessons-for-beginners-to-advanced-surfers-with-equipment-t843243/
Perú;lima-l39;852885;Enjoy lima walking historic center plaza san martin and plaza de armas;https://www.getyourguide.com/lima-l39/enjoy-lima-walking-historic-center-plaza-san-martin-and-plaza-de-armas-t852885/
Perú;iquitos-l32156;854343;From iquitos amazonas 3 days 2 nights;https://www.getyourguide.com/iquitos-l32156/from-iquitos-amazonas-3-days-2-nights-t854343/
Perú;urubamba-l164518;856707;13 day;https://www.getyourguide.com/urubamba-l164518/13-day-tour-to-cusco-sacred-valley-machu-picchu-bolivia-t856707/
Perú;lima-l39;951520;Lima peruvian wine;https://www.getyourguide.com/lima-l39/lima-peruvian-wine-tasting-in-an-exclusive-setting-t951520/
Perú;ica-l1608;412935;From ica huacachina lagoon desert;https://www.getyourguide.com/ica-l1608/from-ica-huacachina-lagoon-desert-trip-with-sandboarding-t412935/
Perú;lima-l39;1079246;Half day lima night;https://www.getyourguide.com/lima-l39/half-day-lima-night-tour-with-historic-center-water-show-t1079246/
Perú;arequipa-l2859;1138990;Arequipa las rocas quad;https://www.getyourguide.com/arequipa-l2859/arequipa-las-rocas-quad-tour-city-highlights-tour-t1138990/
Perú;lima-l39;557664;Lima city;https://www.getyourguide.com/lima-l39/lima-city-tour-of-lima-small-group-tour-t557664/
Perú;puerto-maldonado-l2146;565771;Tambopata macaw claylick sandoval lake 3 days2 nights;https://www.getyourguide.com/puerto-maldonado-l2146/tambopata-macaw-claylick-sandoval-lake-3-days2-nights-t565771/
Perú;chivay-l129313;653309;From arequipa 2 day;https://www.getyourguide.com/chivay-l129313/from-arequipa-2-day-tour-colca-canyon-with-end-in-puno-t653309/
Perú;lima-l39;793619;Barranco city;https://www.getyourguide.com/lima-l39/barranco-city-tour-and-pachacamac-sanctuary-t793619/
Perú;ollantaytambo-l93095;795484;Cusco sacred valley with;https://www.getyourguide.com/ollantaytambo-l93095/cusco-sacred-valley-with-transfer-to-ollantaytambo-t795484/
Perú;ica-l1608;816271;From ica dune buggy at sunset sandoboarding;https://www.getyourguide.com/ica-l1608/from-ica-dune-buggy-at-sunset-sandoboarding-t816271/
Perú;ollantaytambo-l93095;834700;Cusco;https://www.getyourguide.com/ollantaytambo-l93095/cusco-tour-to-machupicchu-with-rest-in-aguas-calientes-town-t834700/
Perú;aguas-calientes-l91472;836041;Guide in machu picchu;https://www.getyourguide.com/aguas-calientes-l91472/guide-in-machu-picchu-t836041/
Perú;paracas-l32470;839058;From paracas sunset;https://www.getyourguide.com/paracas-l32470/from-paracas-sunset-trekking-in-the-paracas-national-reserve-t839058/
Perú;arequipa-l2859;842573;Arequipa full day colca canyon breakfast included;https://www.getyourguide.com/arequipa-l2859/arequipa-full-day-colca-canyon-breakfast-included-t842573/
Perú;ica-l1608;843518;From ica full day canyon of;https://www.getyourguide.com/ica-l1608/from-ica-full-day-canyon-of-the-lost-t843518/
Perú;paracas-l32470;846369;From paracas ballestas islands and paracas national reserve;https://www.getyourguide.com/paracas-l32470/from-paracas-ballestas-islands-and-paracas-national-reserve-t846369/
Perú;arequipa-l2859;863842;From arequipa city and chilina bike;https://www.getyourguide.com/arequipa-l2859/from-arequipa-city-and-chilina-bike-tour-t863842/
Perú;catacaos-l246112;1081461;Piura cultural experience with weaving filigree workshops;https://www.getyourguide.com/catacaos-l246112/piura-cultural-experience-with-weaving-filigree-workshops-t1081461/
Perú;puno-l32157;1155034;Puno city walking;https://www.getyourguide.com/puno-l32157/puno-city-walking-tour-with-folkloric-show-t1155034/
Perú;iquitos-l32156;655423;Ayahuasca iquitos purification learning and healing;https://www.getyourguide.com/iquitos-l32156/ayahuasca-iquitos-purification-learning-and-healing-t655423/
Perú;mancora-l219469;799561;Mancora boat party sunset beach vibes;https://www.getyourguide.com/mancora-l219469/mancora-boat-party-sunset-beach-vibes-t799561/
Perú;chachapoyas-l135812;816984;Chachapoyas llaqta of kuelap cable car;https://www.getyourguide.com/chachapoyas-l135812/chachapoyas-llaqta-of-kuelap-cable-car-t816984/
Perú;iquitos-l32156;817545;Private;https://www.getyourguide.com/iquitos-l32156/private-tour-in-belen-market-floating-city-and-amazon-river-t817545/
Perú;huaraz-l360;825926;From huaraz;https://www.getyourguide.com/huaraz-l360/from-huaraz-the-best-hiking-and-trekking-routes-in-paron-t825926/
Perú;iquitos-l32156;833808;Full day amazonas capinuri lodge;https://www.getyourguide.com/iquitos-l32156/full-day-amazonas-capinuri-lodge-t833808/
Perú;puerto-maldonado-l2146;841093;Madre de dios inkaterra amazon reserve experience 3 days;https://www.getyourguide.com/puerto-maldonado-l2146/madre-de-dios-inkaterra-amazon-reserve-experience-3-days-t841093/
Perú;chinchero-l219429;872515;From cusco maras moray and chinchero day;https://www.getyourguide.com/chinchero-l219429/from-cusco-maras-moray-and-chinchero-day-trip-t872515/
Perú;lima-l39;1312052;Miraflores silver ring making workshop;https://www.getyourguide.com/lima-l39/miraflores-silver-ring-making-workshop-t1312052/
Perú;lima-l39;387136;From port of callao lima sightseeing;https://www.getyourguide.com/lima-l39/from-port-of-callao-lima-sightseeing-tour-t387136/
Perú;lima-l39;1084754;From lima cultural expedition;https://www.getyourguide.com/lima-l39/from-lima-cultural-expedition-to-the-larco-museum-and-gold-museum-t1084754/
Perú;lima-l39;433456;Lima sea lion swim and wildlife palomino islands cruise;https://www.getyourguide.com/lima-l39/lima-sea-lion-swim-and-wildlife-palomino-islands-cruise-t433456/
Perú;arequipa-l2859;1144433;Arequipa sillar route;https://www.getyourguide.com/arequipa-l2859/arequipa-sillar-route-tour-and-pub-crawl-t1144433/
Perú;huaraz-l360;539250;From huaraz hike;https://www.getyourguide.com/huaraz-l360/from-huaraz-hike-to-pastoruri-glaciar-t539250/
Perú;lima-l39;543701;Caral;https://www.getyourguide.com/lima-l39/caral-the-oldes-civilization-in-america-5000-yeras-old-t543701/
Perú;puerto-maldonado-l2146;561787;4 day;https://www.getyourguide.com/puerto-maldonado-l2146/4-day-tour-madre-de-dios-incaterra-amazon-reserve-t561787/
Perú;acomayo-l214662;1264531;From cusco waqrapukara;https://www.getyourguide.com/acomayo-l214662/from-cusco-waqrapukara-tour-with-llamas-buffet-lunch-t1264531/
Perú;lima-l39;1275049;Lima pachacamac ruins private;https://www.getyourguide.com/lima-l39/lima-pachacamac-ruins-private-tour-t1275049/
Perú;urubamba-l164518;777051;2 day excursion;https://www.getyourguide.com/urubamba-l164518/2-day-excursion-to-machu-picchu-and-abra-malaga-t777051/
Perú;chivay-l129313;793119;Full day excursion;https://www.getyourguide.com/chivay-l129313/full-day-excursion-to-colca-canyon-t793119/
Perú;puno-l32157;801777;2 day excursion;https://www.getyourguide.com/puno-l32157/2-day-excursion-to-uros-amantani-and-taquile-lunch-t801777/
Perú;pisac-l119710;865077;Transport awana kancha round;https://www.getyourguide.com/pisac-l119710/transport-awana-kancha-round-trip-1-hour-wait-t865077/
Perú;urubamba-l164518;880397;From cusco sacred valley buffet lunch;https://www.getyourguide.com/urubamba-l164518/from-cusco-sacred-valley-buffet-lunch-t880397/
Perú;chivay-l129313;953212;From arequipa colca canyon 2 day1 night;https://www.getyourguide.com/chivay-l129313/from-arequipa-colca-canyon-2-day1-night-trekking-adventure-t953212/
Perú;lima-l39;393532;Surf lesson in lima;https://www.getyourguide.com/lima-l39/surf-lesson-in-lima-t393532/
Perú;chivay-l129313;1064739;From arequipa 1 day colca canyon;https://www.getyourguide.com/chivay-l129313/from-arequipa-1-day-colca-canyon-tour-ending-in-puno-t1064739/
Perú;paracas-l32470;1073821;Paracas reserve scenery wildlife history;https://www.getyourguide.com/paracas-l32470/paracas-reserve-scenery-wildlife-history-t1073821/
Perú;lima-l39;561649;From lima colonial city;https://www.getyourguide.com/lima-l39/from-lima-colonial-city-tour-catacombs-museum-guided-tour-t561649/
Perú;arequipa-l2859;1158287;Arequipa sillar route and historic center;https://www.getyourguide.com/arequipa-l2859/arequipa-sillar-route-and-historic-center-tour-t1158287/
Perú;trujillo-l2870;604164;From salaverry port chan chan and ceviche experience;https://www.getyourguide.com/trujillo-l2870/from-salaverry-port-chan-chan-and-ceviche-experience-t604164/
Perú;paracas-l32470;636016;From lima palomino islands excursion;https://www.getyourguide.com/paracas-l32470/from-lima-palomino-islands-excursion-to-swim-with-sea-lions-t636016/
Perú;arequipa-l2859;701990;8 hour;https://www.getyourguide.com/arequipa-l2859/8-hour-tour-in-arequipa-laguna-de-salinas-with-pickup-t701990/
Perú;paracas-l32470;707879;Full day ballestas islands and oasis huacachina at ica;https://www.getyourguide.com/paracas-l32470/full-day-ballestas-islands-and-oasis-huacachina-at-ica-t707879/
Perú;puno-l32157;1238222;From puno mountain of colors with;https://www.getyourguide.com/puno-l32157/from-puno-mountain-of-colors-with-transfer-to-cusco-t1238222/
Perú;urubamba-l164518;774444;Cusco private inca;https://www.getyourguide.com/urubamba-l164518/cusco-private-inca-trail-1-day-machu-picchu-t774444/
Perú;arequipa-l2859;796271;Offer price;https://www.getyourguide.com/arequipa-l2859/offer-price-tour-salinas-lagoon-national-reserve-arequipa-t796271/
Perú;aguas-calientes-l91472;816511;Excursion machu picchumountain 7 colors and humantay lagoon;https://www.getyourguide.com/aguas-calientes-l91472/excursion-machu-picchumountain-7-colors-and-humantay-lagoon-t816511/
Perú;lima-l39;1311965;Lima paracas marine wildlife huacachina desert expedition;https://www.getyourguide.com/lima-l39/lima-paracas-marine-wildlife-huacachina-desert-expedition-t1311965/
Perú;huayllabamba-l209180;888597;Cuzco;https://www.getyourguide.com/huayllabamba-l209180/cuzco-transfer-to-huayllabamba-hotel-aranwa-t888597/
Perú;acomayo-l214662;998965;Cusco waqrapukara;https://www.getyourguide.com/acomayo-l214662/cusco-waqrapukara-trek-with-breakfast-and-lunch-t998965/
Perú;maras-l119695;387644;Cusco full day horseback riding;https://www.getyourguide.com/maras-l119695/cusco-full-day-horseback-riding-tour-to-maras-moray-t387644/
Perú;iquitos-l32156;494152;Amazon fishing day;https://www.getyourguide.com/iquitos-l32156/amazon-fishing-day-tour-piranhas-in-iquitos-t494152/
Perú;urubamba-l164518;1150943;Urubamba sacred valley;https://www.getyourguide.com/urubamba-l164518/urubamba-sacred-valley-tour-with-lunch-and-transfers-t1150943/
Perú;paracas-l32470;557627;Visit;https://www.getyourguide.com/paracas-l32470/visit-the-paracas-national-reserve-in-a-minibuggy-t557627/
Perú;paracas-l32470;557687;From lima full day;https://www.getyourguide.com/paracas-l32470/from-lima-full-day-tour-of-paracas-and-huacachina-oasis-t557687/
Perú;puno-l32157;1154893;Puno chucuito aramu muru and juli day;https://www.getyourguide.com/puno-l32157/puno-chucuito-aramu-muru-and-juli-day-tour-with-show-t1154893/
Perú;urubamba-l164518;571181;Adventure 13d in peru and bolivia machu picchu hotel;https://www.getyourguide.com/urubamba-l164518/adventure-13d-in-peru-and-bolivia-machu-picchu-hotel-t571181/
Perú;chavin-de-huantar-l149399;597270;Chavin de huantar monument querococha lagoon all entries;https://www.getyourguide.com/chavin-de-huantar-l149399/chavin-de-huantar-monument-querococha-lagoon-all-entries-t597270/
Perú;lima-l39;1193748;Lima private exclusive magic water circuit night;https://www.getyourguide.com/lima-l39/lima-private-exclusive-magic-water-circuit-night-tour-t1193748/
Perú;ayacucho-l152602;685825;Ayacucho city;https://www.getyourguide.com/ayacucho-l152602/ayacucho-city-tour-half-day-t685825/
Perú;urubamba-l164518;1250606;From urubamba moray maras and ollantaytambo day;https://www.getyourguide.com/urubamba-l164518/from-urubamba-moray-maras-and-ollantaytambo-day-trip-t1250606/
Perú;trujillo-l2870;790588;Trujillo city walking;https://www.getyourguide.com/trujillo-l2870/trujillo-city-walking-tour-highlights-tour-t790588/
Perú;pucallpa-l218329;801449;Pucallpa alto shambillo;https://www.getyourguide.com/pucallpa-l218329/pucallpa-alto-shambillo-t801449/
Perú;maras-l119695;834654;Fantastic peru 15 days included hotel;https://www.getyourguide.com/maras-l119695/fantastic-peru-15-days-included-hotel-t834654/
Perú;piura-l156022;841171;Piura piura and catacaos;https://www.getyourguide.com/piura-l156022/piura-piura-and-catacaos-tour-narihuala-t841171/
Perú;aguas-calientes-l91472;879012;Train puno;https://www.getyourguide.com/aguas-calientes-l91472/train-puno-to-cusco-t879012/
Perú;lima-l39;949192;Lima culinary experience with;https://www.getyourguide.com/lima-l39/lima-culinary-experience-with-traditional-peruvian-ceviche-and-pisco-t949192/
Perú;arequipa-l2859;1007673;Arequipa guided bike;https://www.getyourguide.com/arequipa-l2859/arequipa-guided-bike-tour-with-modern-bikes-t1007673/
Perú;lima-l39;1058880;Lima coast biking miraflores barranco peninsula;https://www.getyourguide.com/lima-l39/lima-coast-biking-miraflores-barranco-peninsula-t1058880/
Perú;lima-l39;1071493;Lima huaca pucllana pyramid miraflores;https://www.getyourguide.com/lima-l39/lima-huaca-pucllana-pyramid-miraflores-tour-pick-up-t1071493/
Perú;lima-l39;1093987;Lima explore pachacamac on a quad bike from hacienda las lenas;https://www.getyourguide.com/lima-l39/lima-explore-pachacamac-on-a-quad-bike-from-hacienda-las-lenas-t1093987/
Perú;calca-l208593;1098878;From cusco excursion;https://www.getyourguide.com/calca-l208593/from-cusco-excursion-to-the-7-quishuarani-waterfalls-private-service--t1098878/
Perú;huaraz-l360;1104613;Huaraz 2 days of adventure and culture laguna paron and chavin de huantar;https://www.getyourguide.com/huaraz-l360/huaraz-2-days-of-adventure-and-culture-laguna-paron-and-chavin-de-huantar-t1104613/
Perú;trujillo-l2870;501718;Sun moon huacas chan chan and huanchaco with lunch;https://www.getyourguide.com/trujillo-l2870/sun-moon-huacas-chan-chan-and-huanchaco-with-lunch-t501718/
Perú;puno-l32157;1155102;Puno uros floating islands kayak;https://www.getyourguide.com/puno-l32157/puno-uros-floating-islands-kayak-tour-with-folklore-show-t1155102/
Perú;puno-l32157;634024;From puno uros floating islands;https://www.getyourguide.com/puno-l32157/from-puno-uros-floating-islands-t634024/
Perú;arequipa-l2859;734758;Tour 10 hours pillones waterfall and puruna stone forest;https://www.getyourguide.com/arequipa-l2859/tour-10-hours-pillones-waterfall-and-puruna-stone-forest-t734758/
Perú;urubamba-l164518;1259464;Cusco sacred valley andean connection;https://www.getyourguide.com/urubamba-l164518/cusco-sacred-valley-andean-connection-to-ollantaytambo-t1259464/
Perú;huaraz-l360;805885;Ancash;https://www.getyourguide.com/huaraz-l360/ancash-trekking-to-paron-lagoon-with-entrance-full-day-t805885/
Perú;urubamba-l164518;815214;Transport from cusco;https://www.getyourguide.com/urubamba-l164518/transport-from-cusco-to-hidroelectrica-with-lunch-included-t815214/
Perú;ollantaytambo-l93095;827235;Maras moray and salineras from ollantaytambo;https://www.getyourguide.com/ollantaytambo-l93095/maras-moray-and-salineras-from-ollantaytambo-t827235/
Perú;urubamba-l164518;828139;Cusco 3 day;https://www.getyourguide.com/urubamba-l164518/cusco-3-day-tour-with-machu-picchu-and-cusco-city-tour-t828139/
Perú;iquitos-l32156;829219;Iquitos amazon river;https://www.getyourguide.com/iquitos-l32156/iquitos-amazon-river-tribes-full-day-tour-with-lunch-t829219/
Perú;arequipa-l2859;1280249;Arequipa ruta del sillar;https://www.getyourguide.com/arequipa-l2859/arequipa-ruta-del-sillar-tour-by-mirabus-artisan-t1280249/
Perú;aguas-calientes-l91472;849642;Cusco full of charm 6d 5n hotel;https://www.getyourguide.com/aguas-calientes-l91472/cusco-full-of-charm-6d-5n-hotel-t849642/
Perú;paracas-l32470;849877;Golden shadows;https://www.getyourguide.com/paracas-l32470/golden-shadows-trekking-paracas-t849877/
Perú;lima-l39;879746;From lima peruvian paso horse show with lunch and;https://www.getyourguide.com/lima-l39/from-lima-peruvian-paso-horse-show-with-lunch-and-traditional-dances-t879746/
Perú;lima-l39;945763;Lima half day private hidden gems;https://www.getyourguide.com/lima-l39/lima-half-day-private-hidden-gems-tour-t945763/
Perú;lima-l39;949692;Lima city;https://www.getyourguide.com/lima-l39/lima-city-tour-local-cooking-class-and-market-tour-t949692/
Perú;paracas-l32470;246377;From paracas;https://www.getyourguide.com/paracas-l32470/from-paracas-tambo-colorado-inca-complex-tour-t246377/
Perú;trujillo-l2870;1083159;Trujillo chan chan bike;https://www.getyourguide.com/trujillo-l2870/trujillo-chan-chan-bike-tour-t1083159/
Perú;puno-l32157;1212627;From puno half day;https://www.getyourguide.com/puno-l32157/from-puno-half-day-trip-to-the-city-of-the-royal-cajas-chucuito-t1212627/
Perú;ollantaytambo-l93095;1225692;Sacred valley rafting and horseback ride;https://www.getyourguide.com/ollantaytambo-l93095/sacred-valley-rafting-and-horseback-ride-to-cachicata-t1225692/
Perú;ollantaytambo-l93095;621475;Sacred valley private;https://www.getyourguide.com/ollantaytambo-l93095/sacred-valley-private-tour-full-day-pisac-ollantaytambo-t621475/
Perú;ica-l1608;1253689;Ica picnic experience in;https://www.getyourguide.com/ica-l1608/ica-picnic-experience-in-the-huacachina-desert-t1253689/
Perú;puno-l32157;658281;Excursion;https://www.getyourguide.com/puno-l32157/excursion-to-sillustani-pucara-and-lampa-t658281/
Perú;pucara-peru-l145153;681870;Tour en bus cusco puno ruta del sol;https://www.getyourguide.com/pucara-peru-l145153/tour-en-bus-cusco-puno-ruta-del-sol-t681870/
Perú;chivay-l129313;759733;From arequipa 1 day colca canyon;https://www.getyourguide.com/chivay-l129313/from-arequipa-1-day-colca-canyon-tour-with-transfer-to-puno-t759733/
Perú;lima-l39;786695;Lima visit palomino island 4 callao islands swim with sea lions;https://www.getyourguide.com/lima-l39/lima-visit-palomino-island-4-callao-islands-swim-with-sea-lions-tickets-t786695/
Perú;ica-l1608;1326706;From ica nazca lines flight with;https://www.getyourguide.com/ica-l1608/from-ica-nazca-lines-flight-with-transfer-from-ica-t1326706/
Perú;arequipa-l2859;799455;Adventure day in arequipa pillones waterfall rock forest;https://www.getyourguide.com/arequipa-l2859/adventure-day-in-arequipa-pillones-waterfall-rock-forest-t799455/
Perú;maras-l119695;856787;Atvs;https://www.getyourguide.com/maras-l119695/atvs-tour-in-moray-and-maras-salt-mines-from-cusco-t856787/
Perú;lima-l39;237217;Dinner at;https://www.getyourguide.com/lima-l39/dinner-at-the-huaca-pucllana-restaurant-t237217/
Perú;aguas-calientes-l91472;640607;Excursion;https://www.getyourguide.com/aguas-calientes-l91472/excursion-to-machu-picchu-huayna-picchu-mountain-t640607/
Perú;lima-l39;685882;Full day;https://www.getyourguide.com/lima-l39/full-day-tour-to-sayan-and-churin-t685882/
Perú;pisac-l119710;729485;From cusco sacred valley maras salt mines;https://www.getyourguide.com/pisac-l119710/from-cusco-sacred-valley-maras-salt-mines-tour-with-lunch-t729485/
Perú;puno-l32157;747601;Puno day;https://www.getyourguide.com/puno-l32157/puno-day-tour-to-chucuito-aramu-muru-and-juli-t747601/
Perú;arequipa-l2859;783579;Arequipa city;https://www.getyourguide.com/arequipa-l2859/arequipa-city-tour-hidden-gems-walking-tour-t783579/
Perú;aguas-calientes-l91472;784047;Cusco 2 day machu picchu;https://www.getyourguide.com/aguas-calientes-l91472/cusco-2-day-machu-picchu-tour-with-accommodation-t784047/
Perú;arequipa-l2859;797405;4 hour excursion ruta del sillar with hiking in culebrillas;https://www.getyourguide.com/arequipa-l2859/4-hour-excursion-ruta-del-sillar-with-hiking-in-culebrillas-t797405/
Perú;trujillo-l2870;827297;From;https://www.getyourguide.com/trujillo-l2870/from-trujillo-tour-to-chan-chan-beach-and-huanchaco-t827297/
Perú;paracas-l32470;1325356;Caminata de las sombras doradas a hidden gem of paracas;https://www.getyourguide.com/paracas-l32470/caminata-de-las-sombras-doradas-a-hidden-gem-of-paracas-t1325356/
Perú;arequipa-l2859;885318;Arequipa sillar route and culebrillas canyon;https://www.getyourguide.com/arequipa-l2859/arequipa-sillar-route-and-culebrillas-canyon-tour-t885318/
Perú;puerto-maldonado-l2146;888507;Puerto maldonado chuncho macaw clay lick;https://www.getyourguide.com/puerto-maldonado-l2146/puerto-maldonado-chuncho-macaw-clay-lick-tour-t888507/
Perú;lima-l39;957013;Full day in lima cultural and gastronomic sightseeing;https://www.getyourguide.com/lima-l39/full-day-in-lima-cultural-and-gastronomic-sightseeing-tour-with-sea-views-t957013/
Perú;ica-l1608;421168;From huacachina ballestas island and paracas reserve;https://www.getyourguide.com/ica-l1608/from-huacachina-ballestas-island-and-paracas-reserve-tour-t421168/
Perú;lima-l39;1107427;Discover lima s gastronomy pre inca ruins on foot;https://www.getyourguide.com/lima-l39/discover-lima-s-gastronomy-pre-inca-ruins-on-foot-t1107427/
Perú;paracas-l32470;573073;Lima ballestas huacachina sunset day;https://www.getyourguide.com/paracas-l32470/lima-ballestas-huacachina-sunset-day-trip-private-tour-t573073/
Perú;arequipa-l2859;785209;Trekking;https://www.getyourguide.com/arequipa-l2859/trekking-to-capua-waterfall-t785209/
Perú;urubamba-l164518;1267084;From urubamba or ollantaytambo sacred valley day;https://www.getyourguide.com/urubamba-l164518/from-urubamba-or-ollantaytambo-sacred-valley-day-trip-t1267084/
Perú;huaraz-l360;833815;From huaraz climbing nevado mateo in cordillera blanca;https://www.getyourguide.com/huaraz-l360/from-huaraz-climbing-nevado-mateo-in-cordillera-blanca-t833815/
Perú;arequipa-l2859;952661;Arequipa;https://www.getyourguide.com/arequipa-l2859/arequipa-tour-the-main-attractions-with-a-professional-guide-t952661/
Perú;urubamba-l164518;1077452;Sacred valley private;https://www.getyourguide.com/urubamba-l164518/sacred-valley-private-tour-flavors-history-traditions-t1077452/
Perú;chinchero-l219429;1174922;Andean wedding purification ritual in chinchero;https://www.getyourguide.com/chinchero-l219429/andean-wedding-purification-ritual-in-chinchero-t1174922/
Perú;lima-l39;599929;La casa de aliaga an alive colonial jewel at lima center;https://www.getyourguide.com/lima-l39/la-casa-de-aliaga-an-alive-colonial-jewel-at-lima-center-t599929/
Perú;ollantaytambo-l93095;1229118;Cusco sacred valley;https://www.getyourguide.com/ollantaytambo-l93095/cusco-sacred-valley-tour-with-picnic-and-llamas-t1229118/
Perú;paracas-l32470;695316;Paracas diving dive into;https://www.getyourguide.com/paracas-l32470/paracas-diving-dive-into-the-sea-t695316/
Perú;chiclayo-l32245;748709;Chiclayo;https://www.getyourguide.com/chiclayo-l32245/chiclayo-tour-chaparri-ecological-reserve-t748709/
Perú;mancora-l219469;759130;Mancora sunset boat party;https://www.getyourguide.com/mancora-l219469/mancora-sunset-boat-party-tour-t759130/
Perú;iquitos-l32156;783901;Iquitos jungle 3 days;https://www.getyourguide.com/iquitos-l32156/iquitos-jungle-3-days-t783901/
Perú;aguas-calientes-l91472;813215;Machu picchu;https://www.getyourguide.com/aguas-calientes-l91472/machu-picchu-tour-huayna-picchu-mountain-t813215/
Perú;urubamba-l164518;1323963;Tour visit;https://www.getyourguide.com/urubamba-l164518/tour-visit-the-hummingbird-sanctuary-in-urubamba-plus-a-weaving-center-t1323963/
Perú;ica-l1608;864884;Huacachina sandboarding and dune buggy;https://www.getyourguide.com/ica-l1608/huacachina-sandboarding-and-dune-buggy-tour-sunset-t864884/
Perú;puno-l32157;884964;From puno exploring la paz and;https://www.getyourguide.com/puno-l32157/from-puno-exploring-la-paz-and-tiwanaku-full-day-t884964/
Perú;lima-l39;168655;Lima city;https://www.getyourguide.com/lima-l39/lima-city-tour-t168655/
Perú;lima-l39;410636;Tour panoramico en miraflores en scooter electrico;https://www.getyourguide.com/lima-l39/tour-panoramico-en-miraflores-en-scooter-electrico-t410636/
Perú;lima-l39;1068068;Fly over;https://www.getyourguide.com/lima-l39/fly-over-the-nazca-lines-private-full-day-tour-from-lima-t1068068/
Perú;iquitos-l32156;494200;Iquitos pilpintuwasi butterfly farm and native communities;https://www.getyourguide.com/iquitos-l32156/iquitos-pilpintuwasi-butterfly-farm-and-native-communities-t494200/
Perú;aguas-calientes-l91472;802682;Cusco machu picchu guided;https://www.getyourguide.com/aguas-calientes-l91472/cusco-machu-picchu-guided-tour-with-train-and-hotel-t802682/
Perú;aguas-calientes-l91472;868263; glamping sky lodge domes 4 day salkantay;https://www.getyourguide.com/aguas-calientes-l91472/-glamping-sky-lodge-domes-4-day-salkantay-trek-machu-picchu-t868263/
Perú;lima-l39;868335;Lima sand sledding and off road in ancon;https://www.getyourguide.com/lima-l39/lima-sand-sledding-and-off-road-in-ancon-t868335/
Perú;paracas-l32470;380709;From lima full day;https://www.getyourguide.com/paracas-l32470/from-lima-full-day-tour-of-islas-ballestas-and-huacachina-t380709/
Perú;puno-l32157;1036964;From puno uros and;https://www.getyourguide.com/puno-l32157/from-puno-uros-and-taquile-speed-boat-tour-full-day-vr-t1036964/
Perú;ica-l1608;481742;From ica canyon of;https://www.getyourguide.com/ica-l1608/from-ica-canyon-of-the-lost-day-trip-t481742/
Perú;mollepata-l215653;563551;Tour humantay lake in cusco breakfast and lunch;https://www.getyourguide.com/mollepata-l215653/tour-humantay-lake-in-cusco-breakfast-and-lunch-t563551/
Perú;paracas-l32470;593642;Paracas islas ballestas boat;https://www.getyourguide.com/paracas-l32470/paracas-islas-ballestas-boat-tour-the-galapagos-of-peru-t593642/
Perú;puno-l32157;652509;From puno 2 day;https://www.getyourguide.com/puno-l32157/from-puno-2-day-tour-uros-amantani-and-taquile-meal-t652509/
Perú;ollantaytambo-l93095;1189654;Sacred valley of;https://www.getyourguide.com/ollantaytambo-l93095/sacred-valley-of-the-incas-full-day-tour-with-buffet-lunch-t1189654/
Perú;lima-l39;681638;Lima airport arrival;https://www.getyourguide.com/lima-l39/lima-airport-arrival-transfer-t681638/
Perú;aguas-calientes-l91472;681813;Excursion;https://www.getyourguide.com/aguas-calientes-l91472/excursion-to-machu-picchu-huayna-picchu-mountain-t681813/
Perú;arequipa-l2859;715001;From arequipa colca valley;https://www.getyourguide.com/arequipa-l2859/from-arequipa-colca-valley-thermal-baths-small-group-trip-t715001/
Perú;paracas-l32470;730945;From lima huacachina paracas aventure;https://www.getyourguide.com/paracas-l32470/from-lima-huacachina-paracas-aventure-tour-all-included-t730945/
Perú;urubamba-l164518;782874;Train;https://www.getyourguide.com/urubamba-l164518/train-to-machu-picchu-t782874/
Perú;chivay-l129313;813027;Arequipa 1 day colca canyon;https://www.getyourguide.com/chivay-l129313/arequipa-1-day-colca-canyon-thermal-baths-tour-t813027/
Perú;huaraz-l360;834108;Mateo 5150 masl your first climb in a 5;https://www.getyourguide.com/huaraz-l360/mateo-5150-masl-your-first-climb-in-a-5-thousands-t834108/
Perú;paracas-l32470;861953;Paracas private paracas national reserve;https://www.getyourguide.com/paracas-l32470/paracas-private-paracas-national-reserve-tour-t861953/
Perú;arequipa-l2859;1032724;Arequipa half day;https://www.getyourguide.com/arequipa-l2859/arequipa-half-day-trip-to-source-of-amazon-river-t1032724/
Perú;lima-l39;1093943;Lima pisco;https://www.getyourguide.com/lima-l39/lima-pisco-tasting-cocktail-experience-t1093943/
Perú;lima-l39;656383;Sunset costa verde en stand up paddle;https://www.getyourguide.com/lima-l39/sunset-costa-verde-en-stand-up-paddle-t656383/
Perú;chivay-l129313;747482;From arequipa colca canyon condor viewpoint chivay 1 day;https://www.getyourguide.com/chivay-l129313/from-arequipa-colca-canyon-condor-viewpoint-chivay-1-day-t747482/
Perú;lima-l39;763576;Lima excursion;https://www.getyourguide.com/lima-l39/lima-excursion-to-the-city-of-caral-entrance--t763576/
Perú;paracas-l32470;784388;1 day;https://www.getyourguide.com/paracas-l32470/1-day-tour-to-ballestas-and-the-paracas-national-reserve-t784388/
Perú;puno-l32157;793062;Full day;https://www.getyourguide.com/puno-l32157/full-day-tour-to-titicaca-lake-in-puno-uros-and-amantani-t793062/
Perú;urubamba-l164518;805503;Local guide in machu picchu private and group;https://www.getyourguide.com/urubamba-l164518/local-guide-in-machu-picchu-private-and-group-t805503/
Perú;chachapoyas-l135812;834817;Chachapoyas llaqta of kuelap cable car;https://www.getyourguide.com/chachapoyas-l135812/chachapoyas-llaqta-of-kuelap-cable-car-t834817/
Perú;puerto-maldonado-l2146;841162;From puerto maldonado kayak;https://www.getyourguide.com/puerto-maldonado-l2146/from-puerto-maldonado-kayak-tour-monkey-island-for-1-day-t841162/
Perú;aguas-calientes-l91472;847569;Cusco bus;https://www.getyourguide.com/aguas-calientes-l91472/cusco-bus-to-hydroelectric-station-6-hours-t847569/
Perú;santa-maria-peru-l149232;848145;Hydroelectric bus;https://www.getyourguide.com/santa-maria-peru-l149232/hydroelectric-bus-to-cusco-6-hours-t848145/
Perú;puno-l32157;119326;Lake;https://www.getyourguide.com/puno-l32157/lake-titicaca-two-day-tour-to-uros-amantani-taquile-t119326/
Perú;iquitos-l32156;877088;Amazon 2 days 1 night;https://www.getyourguide.com/iquitos-l32156/amazon-2-days-1-night-t877088/
Perú;lima-l39;270547;Private;https://www.getyourguide.com/lima-l39/private-tour-casa-aliagasan-francisco-convent-larco-museum-t270547/
Perú;chivay-l129313;960942;From arequipa 2 day colca canyon adventure;https://www.getyourguide.com/chivay-l129313/from-arequipa-2-day-colca-canyon-adventure-tour-t960942/
Perú;iquitos-l32156;441916;Pacaya samiria national reserve multi day jungle expedition;https://www.getyourguide.com/iquitos-l32156/pacaya-samiria-national-reserve-multi-day-jungle-expedition-t441916/
Perú;trujillo-l2870;1112064;Private huacas del sol y luna;https://www.getyourguide.com/trujillo-l2870/private-huacas-del-sol-y-luna-tour-t1112064/
Perú;puerto-maldonado-l2146;559394;Macaw claylick and sandoval lake 4 days 3 nights;https://www.getyourguide.com/puerto-maldonado-l2146/macaw-claylick-and-sandoval-lake-4-days-3-nights-t559394/
Perú;puerto-maldonado-l2146;559399;Macaw clay lick;https://www.getyourguide.com/puerto-maldonado-l2146/macaw-clay-lick-tour-5-days-4-nights-t559399/
Perú;aguas-calientes-l91472;587182;Explore machu picchu inca;https://www.getyourguide.com/aguas-calientes-l91472/explore-machu-picchu-inca-trail-2-day-t587182/
Perú;chivay-l129313;618807;Private 3 day colca canyon;https://www.getyourguide.com/chivay-l129313/private-3-day-colca-canyon-trekking-tour-min-2-people-t618807/
Perú;chivay-l129313;634808;Arequipa;https://www.getyourguide.com/chivay-l129313/arequipa-transfer-to-cabanaconde-t634808/
Perú;ayacucho-l152602;645931;Ayacucho pachapupum volcano;https://www.getyourguide.com/ayacucho-l152602/ayacucho-pachapupum-volcano-thermal-volcanic-baths-t645931/
Perú;urubamba-l164518;673535;From cusco;https://www.getyourguide.com/urubamba-l164518/from-cusco-tour-to-machupicchu-full-day-t673535/
Perú;lima-l39;1259247;Lima paracas ica and huacachina 2 day;https://www.getyourguide.com/lima-l39/lima-paracas-ica-and-huacachina-2-day-tour-t1259247/
Perú;puerto-maldonado-l2146;797162;Amazon jungle night hike;https://www.getyourguide.com/puerto-maldonado-l2146/amazon-jungle-night-hike-t797162/
Perú;lima-l39;824755;From lima peru uyuni salt flat 4 days 3 nights;https://www.getyourguide.com/lima-l39/from-lima-peru-uyuni-salt-flat-4-days-3-nights-t824755/
Perú;puno-l32157;831351;From puno route of;https://www.getyourguide.com/puno-l32157/from-puno-route-of-the-sun-from-puno-to-cusco-t831351/
Perú;pucallpa-l218329;833062;Pucallpa boiling river;https://www.getyourguide.com/pucallpa-l218329/pucallpa-boiling-river-tour-t833062/
Perú;paracas-l32470;843721;Paracas boat excursion;https://www.getyourguide.com/paracas-l32470/paracas-boat-excursion-to-the-ballestas-islands-t843721/
Perú;urubamba-l164518;853627;Machu picchu 2 days1 night by bus;https://www.getyourguide.com/urubamba-l164518/machu-picchu-2-days1-night-by-bus-t853627/
Perú;cajamarca-l116362;854270;From cajamarca porcon and otuzco;https://www.getyourguide.com/cajamarca-l116362/from-cajamarca-porcon-and-otuzco-t854270/
Perú;paracas-l32470;1321212;Arequipa off road ride;https://www.getyourguide.com/paracas-l32470/arequipa-off-road-ride-to-the-paracas-national-reserve-t1321212/
Perú;lima-l39;887145;Lima buffet lunch peruvian paso horses dance show;https://www.getyourguide.com/lima-l39/lima-buffet-lunch-peruvian-paso-horses-dance-show-t887145/
Perú;tarapoto-l140001;933558;Tarapoto ahuashiyacu waterfall;https://www.getyourguide.com/tarapoto-l140001/tarapoto-ahuashiyacu-waterfall-tour-t933558/
Perú;checacupe-l226994;949458;Cusco qeswachaka inca bridge and 4 lagoons day;https://www.getyourguide.com/checacupe-l226994/cusco-qeswachaka-inca-bridge-and-4-lagoons-day-trip-t949458/
Perú;trujillo-l2870;1110307;Trujillo chan chan huacas and huanchaco day;https://www.getyourguide.com/trujillo-l2870/trujillo-chan-chan-huacas-and-huanchaco-day-trip-t1110307/
Perú;chivay-l129313;1129919;Arequipa 3 day colca canyon hiking;https://www.getyourguide.com/chivay-l129313/arequipa-3-day-colca-canyon-hiking-tour-t1129919/
Perú;paracas-l32470;553726;Ballestas islands paracas national reserve from paracas;https://www.getyourguide.com/paracas-l32470/ballestas-islands-paracas-national-reserve-from-paracas-t553726/
Perú;urubamba-l164518;561779;Paragliding in sacred valley cusco;https://www.getyourguide.com/urubamba-l164518/paragliding-in-sacred-valley-cusco-t561779/
Perú;aguas-calientes-l91472;660161;2d sacred valley machu picchu with huaynapicchu optional;https://www.getyourguide.com/aguas-calientes-l91472/2d-sacred-valley-machu-picchu-with-huaynapicchu-optional-t660161/
Perú;huaral-l194839;758126;From lima huaral and visit;https://www.getyourguide.com/huaral-l194839/from-lima-huaral-and-visit-to-the-castle-of-chancay-t758126/
Perú;lima-l39;808233;Lima highlights with larco museum;https://www.getyourguide.com/lima-l39/lima-highlights-with-larco-museum-t808233/
Perú;chucuito-l176645;819653;Chucuito;https://www.getyourguide.com/chucuito-l176645/chucuito-tour-t819653/
Perú;puerto-maldonado-l2146;833300;Monkey d excursion 2 days 1 night;https://www.getyourguide.com/puerto-maldonado-l2146/monkey-d-excursion-2-days-1-night-t833300/
Perú;iquitos-l32156;833788;Amazon 2 days 1 night;https://www.getyourguide.com/iquitos-l32156/amazon-2-days-1-night-t833788/
Perú;puno-l32157;838999;Puno kayak;https://www.getyourguide.com/puno-l32157/puno-kayak-tour-to-the-uros-islands-full-day--t838999/
Perú;urubamba-l164518;840944;Full day machu picchu;https://www.getyourguide.com/urubamba-l164518/full-day-machu-picchu-tour-by-vistadome-observatory-train-t840944/
Perú;ayacucho-l152602;844436;Ayacucho;https://www.getyourguide.com/ayacucho-l152602/ayacucho-tour-to-esmeralda-or-verdecocha-lagoon-t844436/
Perú;aguas-calientes-l91472;855622;Cusco a special place 6d 5n hotel 3 stars;https://www.getyourguide.com/aguas-calientes-l91472/cusco-a-special-place-6d-5n-hotel-3-stars-t855622/
Perú;pucara-peru-l145153;1317485;Route of;https://www.getyourguide.com/pucara-peru-l145153/route-of-the-sun-lake-titicaca-tour-from-cusco-3-days-t1317485/
Perú;quinua-l209926;868458;Ayacucho wari quinua cultural excursion;https://www.getyourguide.com/quinua-l209926/ayacucho-wari-quinua-cultural-excursion-t868458/
Perú;urubamba-l164518;877775;Cusco 8 days of adventure comfort in elegant hotel;https://www.getyourguide.com/urubamba-l164518/cusco-8-days-of-adventure-comfort-in-elegant-hotel-t877775/
Perú;arequipa-l2859;1139092;From arequipa 2 day magical colca;https://www.getyourguide.com/arequipa-l2859/from-arequipa-2-day-magical-colca-tour-with-ancestral-ceremony-t1139092/
Perú;lima-l39;509536;Lima bike;https://www.getyourguide.com/lima-l39/lima-bike-tour-in-miraflores-and-barranco-t509536/
Perú;urubamba-l164518;560453;Machupicchu full day;https://www.getyourguide.com/urubamba-l164518/machupicchu-full-day-tour-by-train-vistadome-t560453/
Perú;chinchero-l219429;1238235;From cusco sacred valley;https://www.getyourguide.com/chinchero-l219429/from-cusco-sacred-valley-tour-with-quechua-community-visit-t1238235/
Perú;arequipa-l2859;1291747;Explore arequipa a day in salinas with flamingos hot springs and photos included;https://www.getyourguide.com/arequipa-l2859/explore-arequipa-a-day-in-salinas-with-flamingos-hot-springs-and-photos-included-t1291747/
Perú;arequipa-l2859;788152;Arequipa misti volcan climbing misti volcano;https://www.getyourguide.com/arequipa-l2859/arequipa-misti-volcan-climbing-misti-volcano-trek-2d1n-t788152/
Perú;ica-l1608;791688;Ica sandboarding and buggy in huacachina oasis;https://www.getyourguide.com/ica-l1608/ica-sandboarding-and-buggy-in-huacachina-oasis-t791688/
Perú;lima-l39;817057;Colonial lima walking;https://www.getyourguide.com/lima-l39/colonial-lima-walking-tour-pisco-tasting-t817057/
Perú;chivay-l129313;953167;Colca canyon full day;https://www.getyourguide.com/chivay-l129313/colca-canyon-full-day-tour-from-arequipa-t953167/
Perú;aguas-calientes-l91472;439930;Machu picchu official;https://www.getyourguide.com/aguas-calientes-l91472/machu-picchu-official-ticket-bus-and-private-guide-t439930/
Perú;aguas-calientes-l91472;510976;Machu picchu expert guided;https://www.getyourguide.com/aguas-calientes-l91472/machu-picchu-expert-guided-tour-t510976/
Perú;chivay-l129313;514444;From arequipa 2 day;https://www.getyourguide.com/chivay-l129313/from-arequipa-2-day-tour-to-colca-canyon-ending-in-puno-t514444/
Perú;pisac-l119710;534122;Cusco alpaca;https://www.getyourguide.com/pisac-l119710/cusco-alpaca-therapy-in-the-cuyo-chico-community-half-day-t534122/
Perú;lima-l39;546101;Tour islas palomino;https://www.getyourguide.com/lima-l39/tour-islas-palomino-t546101/
Perú;aguas-calientes-l91472;616274;Tour;https://www.getyourguide.com/aguas-calientes-l91472/tour-to-machupicchu-and-rainbow-mountain-t616274/
Perú;urubamba-l164518;711208;Salt mines;https://www.getyourguide.com/urubamba-l164518/salt-mines-tour-maras-and-moray-atv-cusco-t711208/
Perú;puerto-maldonado-l2146;751072;Puerto maldonado visit;https://www.getyourguide.com/puerto-maldonado-l2146/puerto-maldonado-visit-to-lake-yacumama-and-enjoy-the-sunset-t751072/
Perú;urubamba-l164518;785107;From cusco private day;https://www.getyourguide.com/urubamba-l164518/from-cusco-private-day-trip-to-machu-picchu-t785107/
Perú;lima-l39;789271;Lima;https://www.getyourguide.com/lima-l39/lima-transfer-paracas-huacachina-sandboarding-buggies-t789271/
Perú;pucallpa-l218329;801560;Pucallpa diablo novia waterfalls;https://www.getyourguide.com/pucallpa-l218329/pucallpa-diablo-novia-waterfalls-t801560/
Perú;puno-l32157;809062;From puno mystical;https://www.getyourguide.com/puno-l32157/from-puno-mystical-tour-to-chucuito-aramu-muru-and-juli-t809062/
Perú;puerto-maldonado-l2146;839688;Monkey island lake sandoval 2d1n;https://www.getyourguide.com/puerto-maldonado-l2146/monkey-island-lake-sandoval-2d1n-t839688/
Perú;puno-l32157;858622;From puno 3 day excursion;https://www.getyourguide.com/puno-l32157/from-puno-3-day-excursion-to-la-paz-and-the-uyuni-salt-flat-t858622/
Perú;chivay-l129313;882160;From arequipa colca valley 2 days;https://www.getyourguide.com/chivay-l129313/from-arequipa-colca-valley-2-days-t882160/
Perú;lima-l39;1323824;Lima colonial and modern city sightseeing;https://www.getyourguide.com/lima-l39/lima-colonial-and-modern-city-sightseeing-tour-with-magic-water-circuit-t1323824/
Perú;arequipa-l2859;889356;Arequipa rio chili rafting;https://www.getyourguide.com/arequipa-l2859/arequipa-rio-chili-rafting-tour-with-snack-t889356/
Perú;cajamarca-l116362;965739;Cajamarca excursion;https://www.getyourguide.com/cajamarca-l116362/cajamarca-excursion-to-the-kuntur-wasi-archaeological-complex-site-museum-t965739/
Perú;lima-l39;192003;Lima flavors and;https://www.getyourguide.com/lima-l39/lima-flavors-and-tradition-walking-tour-with-food-tasting-t192003/
Perú;puerto-maldonado-l2146;466147;Eco jungle 3 dias 2 noches;https://www.getyourguide.com/puerto-maldonado-l2146/eco-jungle-3-dias-2-noches-t466147/
Perú;paracas-l32470;1118155;Paracas national reserve guided;https://www.getyourguide.com/paracas-l32470/paracas-national-reserve-guided-tour-with-transfers-t1118155/
Perú;lima-l39;1135090;Lima chorrillos and barranco food and culture;https://www.getyourguide.com/lima-l39/lima-chorrillos-and-barranco-food-and-culture-tour-t1135090/
Perú;lima-l39;557630;Lima magic water circuit;https://www.getyourguide.com/lima-l39/lima-magic-water-circuit-t557630/
Perú;arequipa-l2859;1231859;Arequipa half day visit;https://www.getyourguide.com/arequipa-l2859/arequipa-half-day-visit-to-salinas-national-reserve-t1231859/
Perú;iquitos-l32156;1234935;Iquitos amazon river cruise monkey island lunch;https://www.getyourguide.com/iquitos-l32156/iquitos-amazon-river-cruise-monkey-island-lunch-t1234935/
Perú;lima-l39;660958;Lima 1 cooking classes with local market;https://www.getyourguide.com/lima-l39/lima-1-cooking-classes-with-local-market-tour-pickup-t660958/
Perú;chucuito-l176645;818785;2 day;https://www.getyourguide.com/chucuito-l176645/2-day-tour-along-the-aymara-and-juli-route-t818785/
Perú;iquitos-l32156;820748;From iquitos sail on;https://www.getyourguide.com/iquitos-l32156/from-iquitos-sail-on-the-amazon-river-full-day-t820748/
Perú;puno-l32157;80043;From puno half day kayak on uros floating islands;https://www.getyourguide.com/puno-l32157/from-puno-half-day-kayak-on-uros-floating-islands-t80043/
Perú;lima-l39;839704;From lima lunahuana and cerro azul excursion;https://www.getyourguide.com/lima-l39/from-lima-lunahuana-and-cerro-azul-excursion-t839704/
Perú;aguas-calientes-l91472;863769;Machu picchu machu picchu mountain;https://www.getyourguide.com/aguas-calientes-l91472/machu-picchu-machu-picchu-mountain-tour-1-day-t863769/
Perú;lima-l39;871807;Lima park of love huaca pucllana and larco museum;https://www.getyourguide.com/lima-l39/lima-park-of-love-huaca-pucllana-and-larco-museum-tour-t871807/
Perú;paracas-l32470;878999;From lima paracas ballestas islands and huacachina day ;https://www.getyourguide.com/paracas-l32470/from-lima-paracas-ballestas-islands-and-huacachina-day--t878999/
Perú;lima-l39;314082;Lima paracas ballestas island slave;https://www.getyourguide.com/lima-l39/lima-paracas-ballestas-island-slave-tunnel-full-day-tour-t314082/
Perú;lima-l39;951581;Lima peruvian cooking class and surquillo market;https://www.getyourguide.com/lima-l39/lima-peruvian-cooking-class-and-surquillo-market-tour-t951581/
Perú;puno-l32157;454843;From puno lake;https://www.getyourguide.com/puno-l32157/from-puno-lake-titicaca-2-days-1-night-with-3-star-hotel-t454843/
Perú;lima-l39;462863;Tour bike al morro solar con guia local;https://www.getyourguide.com/lima-l39/tour-bike-al-morro-solar-con-guia-local-t462863/
Perú;lima-l39;1068871;Lima hop on hop off sightseeing bus;https://www.getyourguide.com/lima-l39/lima-hop-on-hop-off-sightseeing-bus-tour-11-stops-and-4-routes-t1068871/
Perú;iquitos-l32156;485310;Iquitos amazon adventure and expedition;https://www.getyourguide.com/iquitos-l32156/iquitos-amazon-adventure-and-expedition-tour-3-days-t485310/
Perú;arequipa-l2859;1100402;Peru enchanting 2 hour horse ride in yanahuara village;https://www.getyourguide.com/arequipa-l2859/peru-enchanting-2-hour-horse-ride-in-yanahuara-village-t1100402/
Perú;urubamba-l164518;590200;Inka jungle adventure discover machu picchu in 4d3n;https://www.getyourguide.com/urubamba-l164518/inka-jungle-adventure-discover-machu-picchu-in-4d3n-t590200/
Perú;puerto-maldonado-l2146;723618;Puerto maldonado lago sandoval day;https://www.getyourguide.com/puerto-maldonado-l2146/puerto-maldonado-lago-sandoval-day-trip-with-lunch-t723618/
Perú;lima-l39;798225;Magic water circuit alameda chabuca granda;https://www.getyourguide.com/lima-l39/magic-water-circuit-alameda-chabuca-granda-t798225/
Perú;lima-l39;1265894;Lima visit pachacamac sanctuary barranco villa wetlands;https://www.getyourguide.com/lima-l39/lima-visit-pachacamac-sanctuary-barranco-villa-wetlands-t1265894/
Perú;arequipa-l2859;818686;Tour in;https://www.getyourguide.com/arequipa-l2859/tour-in-the-national-reserve-of-salinas-and-aguada-blanca-t818686/
Perú;puno-l32157;818793;Peru in 16 days lima cusco puno bolivia hotel;https://www.getyourguide.com/puno-l32157/peru-in-16-days-lima-cusco-puno-bolivia-hotel-t818793/
Perú;chivay-l129313;829269;Day;https://www.getyourguide.com/chivay-l129313/day-trip-to-the-colca-canyon-with-connection-to-puno-t829269/
Perú;puerto-maldonado-l2146;833680;Macaws chuncho excursion 4 days 3 nights;https://www.getyourguide.com/puerto-maldonado-l2146/macaws-chuncho-excursion-4-days-3-nights-t833680/
Perú;puerto-maldonado-l2146;833945;Full day lake sandoval;https://www.getyourguide.com/puerto-maldonado-l2146/full-day-lake-sandoval-the-monkey-house-t833945/
Perú;paracas-l32470;876910;From ica paracas and ballestas islands full day;https://www.getyourguide.com/paracas-l32470/from-ica-paracas-and-ballestas-islands-full-day-tour-t876910/
Perú;iquitos-l32156;882159;From iquitos 7 day amazon jungle adventure at;https://www.getyourguide.com/iquitos-l32156/from-iquitos-7-day-amazon-jungle-adventure-at-the-ecolodge-t882159/
Perú;lima-l39;1122697;From lima day;https://www.getyourguide.com/lima-l39/from-lima-day-trip-to-oasis-costa-rica-and-the-ballestas-islands-t1122697/
Perú;arequipa-l2859;1137977;Arequipa las rocas quad;https://www.getyourguide.com/arequipa-l2859/arequipa-las-rocas-quad-tour-and-city-walking-tour-t1137977/
Perú;mollepata-l215653;1147151;Cusco humantay lake day;https://www.getyourguide.com/mollepata-l215653/cusco-humantay-lake-day-trip-with-breakfast-and-lunch-t1147151/
Perú;urubamba-l164518;572984;Cusco salkantay;https://www.getyourguide.com/urubamba-l164518/cusco-salkantay-trek-4-days-3-nights-with-return-by-train-t572984/
Perú;ica-l1608;606606;From ica dune buggy at sunset sandboarding;https://www.getyourguide.com/ica-l1608/from-ica-dune-buggy-at-sunset-sandboarding-t606606/
Perú;moche-l199686;616978;Excursion;https://www.getyourguide.com/moche-l199686/excursion-to-the-pyramids-of-the-sun-and-the-moon-t616978/
Perú;puerto-maldonado-l2146;637496;Puerto maldonado;https://www.getyourguide.com/puerto-maldonado-l2146/puerto-maldonado-trip-to-yacumama-lake-sunset-t637496/
Perú;chivay-l129313;646749;Arequipa full day colca canyon;https://www.getyourguide.com/chivay-l129313/arequipa-full-day-colca-canyon-tour-with-transfer-to-puno-t646749/
Perú;lima-l39;688930;Get;https://www.getyourguide.com/lima-l39/get-to-know-the-most-ancient-civilization-caral-full-day-t688930/
Perú;chivay-l129313;723427;From puno 2 day;https://www.getyourguide.com/chivay-l129313/from-puno-2-day-tour-to-colca-canyon-ending-in-arequipa-t723427/
Perú;mancora-l219469;764392;Tumbes mangrove national sanctuary;https://www.getyourguide.com/mancora-l219469/tumbes-mangrove-national-sanctuary-t764392/
Perú;puno-l32157;843501;Cusco route of;https://www.getyourguide.com/puno-l32157/cusco-route-of-the-sun-1-day-tour-in-puno-t843501/
Perú;trujillo-l2870;850555;Pyramids of;https://www.getyourguide.com/trujillo-l2870/pyramids-of-the-sun-and-the-moon-huanchaco-and-chan-chan-t850555/
Perú;iquitos-l32156;863870;From iquitos 4 day;https://www.getyourguide.com/iquitos-l32156/from-iquitos-4-day-tour-of-the-northern-amazon--t863870/
Perú;chivay-l129313;879709;From arequipa colca canyon day;https://www.getyourguide.com/chivay-l129313/from-arequipa-colca-canyon-day-trip-with-breakfast-t879709/
Perú;aguas-calientes-l91472;957786;Machu picchu;https://www.getyourguide.com/aguas-calientes-l91472/machu-picchu-tour-guide-t957786/
Perú;maras-l119695;976486;Maras hike;https://www.getyourguide.com/maras-l119695/maras-hike-to-the-salt-mines-from-urubamba-and-local-tasting-t976486/
Perú;arequipa-l2859;1097238;Arequipa chachani volcano guided;https://www.getyourguide.com/arequipa-l2859/arequipa-chachani-volcano-guided-trek-with-meals-t1097238/
Perú;ica-l1608;562456;From ica full day excursion;https://www.getyourguide.com/ica-l1608/from-ica-full-day-excursion-to-the-los-perdidos-canyon--t562456/
Perú;arequipa-l2859;563037;On;https://www.getyourguide.com/arequipa-l2859/on-the-way-to-pillones-waterfall-excursion-from-arequipa-t563037/
Perú;urubamba-l164518;1130215;Sacred valley overnight maras moray arin waterfalls;https://www.getyourguide.com/urubamba-l164518/sacred-valley-overnight-maras-moray-arin-waterfalls-t1130215/
Perú;chiclayo-l32245;608116;Chiclayo airport private;https://www.getyourguide.com/chiclayo-l32245/chiclayo-airport-private-transfer-tofrom-the-city-center-t608116/
Perú;piura-l156022;614267;Piura;https://www.getyourguide.com/piura-l156022/piura-tour-sechura-sanboarding-full-day-t614267/
Perú;paracas-l32470;1155956;Pisco cruise ship;https://www.getyourguide.com/paracas-l32470/pisco-cruise-ship-terminal-paracas-reserve-tour-transportation-included-t1155956/
Perú;urubamba-l164518;1159200;Cusco pumahuanca valley and;https://www.getyourguide.com/urubamba-l164518/cusco-pumahuanca-valley-and-trek-to-the-6-yanahuara-lagoons-t1159200/
Perú;iquitos-l32156;646582;Iquitos full day amazon river excursion;https://www.getyourguide.com/iquitos-l32156/iquitos-full-day-amazon-river-excursion-t646582/
Perú;arequipa-l2859;723298;Arequipa sillar route;https://www.getyourguide.com/arequipa-l2859/arequipa-sillar-route-tour-t723298/
Perú;puno-l32157;763340;Half day;https://www.getyourguide.com/puno-l32157/half-day-tour-uros-islands-puno-t763340/
Perú;arequipa-l2859;1250225;From arequipa salinas lake day;https://www.getyourguide.com/arequipa-l2859/from-arequipa-salinas-lake-day-trip-private-tour-t1250225/
Perú;urubamba-l164518;817791;Cusco sacred valley vip full day buffet lunch;https://www.getyourguide.com/urubamba-l164518/cusco-sacred-valley-vip-full-day-buffet-lunch-t817791/
Perú;puno-l32157;829087;From puno colca canyon 2 day;https://www.getyourguide.com/puno-l32157/from-puno-colca-canyon-2-day-tour-with-transfer-to-arequipa-t829087/
Perú;urubamba-l164518;855793;Cusco machu picchu rainbow mountain and humantay lake;https://www.getyourguide.com/urubamba-l164518/cusco-machu-picchu-rainbow-mountain-and-humantay-lake-tour-t855793/
Perú;chinchero-l219429;960397;Sacred valley chinchero maras moray ollantaytambo pisaq;https://www.getyourguide.com/chinchero-l219429/sacred-valley-chinchero-maras-moray-ollantaytambo-pisaq-t960397/
Perú;lima-l39;394094;Half day private gastronomic experience and market visit;https://www.getyourguide.com/lima-l39/half-day-private-gastronomic-experience-and-market-visit-t394094/
Perú;lima-l39;411540;Lima magic water circuit and dinner show;https://www.getyourguide.com/lima-l39/lima-magic-water-circuit-and-dinner-show-tickets-t411540/
Perú;maras-l119695;479593;From cusco atv;https://www.getyourguide.com/maras-l119695/from-cusco-atv-tour-to-maras-and-moray-half-day-t479593/
Perú;puno-l32157;1184518;Puno uros floating islands;https://www.getyourguide.com/puno-l32157/puno-uros-floating-islands-taquile-natural-island-full-day-with-guide-t1184518/
Perú;ayacucho-l152602;568800;From ayacucho excursion;https://www.getyourguide.com/ayacucho-l152602/from-ayacucho-excursion-to-the-7-canyons-of-qorihuillca-t568800/
Perú;lima-l39;600368;Lima buffet lunch dance show peruvian paso horses ;https://www.getyourguide.com/lima-l39/lima-buffet-lunch-dance-show-peruvian-paso-horses--t600368/
Perú;paracas-l32470;739914;Epic day;https://www.getyourguide.com/paracas-l32470/epic-day-trip-paracas-huacachina-day-trip-from-lima-t739914/
Perú;tingo-maria-l213362;800649;Tingo maria rio derrepente waterfalls;https://www.getyourguide.com/tingo-maria-l213362/tingo-maria-rio-derrepente-waterfalls-t800649/
Perú;puno-l32157;848073;Bus from cusco;https://www.getyourguide.com/puno-l32157/bus-from-cusco-to-puno-t848073/
Perú;urubamba-l164518;855797;Chinchero moray salt mines with drop off in ollantaytambo;https://www.getyourguide.com/urubamba-l164518/chinchero-moray-salt-mines-with-drop-off-in-ollantaytambo-t855797/
Perú;cajamarca-l116362;963168;Cajamarca;https://www.getyourguide.com/cajamarca-l116362/cajamarca-tour-of-the-pre-inca-otuzco-necropolis-botanical-garden-and-hacienda-t963168/
Perú;aguas-calientes-l91472;520246;Private flexible 3 hour guided;https://www.getyourguide.com/aguas-calientes-l91472/private-flexible-3-hour-guided-tour-of-machu-picchu-t520246/
Perú;puno-l32157;1112431;From puno uros;https://www.getyourguide.com/puno-l32157/from-puno-uros-taquile-catamaran-tour-with-traditional-dances-t1112431/
Perú;urubamba-l164518;1134213;Sacred valley of;https://www.getyourguide.com/urubamba-l164518/sacred-valley-of-the-incas-full-day-tour-guided-in-portuguese-t1134213/
Perú;quistococha-l210218;799355;Iquitos 5 days inside;https://www.getyourguide.com/quistococha-l210218/iquitos-5-days-inside-the-rainforest-amazon-jungle-tour-t799355/
Perú;arequipa-l2859;831317;Arequipa excursion;https://www.getyourguide.com/arequipa-l2859/arequipa-excursion-to-the-chachani-volcano-2-day-t831317/
Perú;urubamba-l164518;833898;Tour peru and bolivia 8d7n;https://www.getyourguide.com/urubamba-l164518/tour-peru-and-bolivia-8d7n-t833898/
Perú;ayacucho-l152602;840002;From ayacucho excursion;https://www.getyourguide.com/ayacucho-l152602/from-ayacucho-excursion-to-the-turquoise-waters-of-millpu-t840002/
Perú;ica-l1608;840310;From ica or huacachina pisco wine and dune buggy at sunset;https://www.getyourguide.com/ica-l1608/from-ica-or-huacachina-pisco-wine-and-dune-buggy-at-sunset-t840310/
Perú;urubamba-l164518;841322;Peru 10dlimacuscosacred valleymachu picchupiuramancora;https://www.getyourguide.com/urubamba-l164518/peru-10dlimacuscosacred-valleymachu-picchupiuramancora-t841322/
Perú;lima-l39;954344;Lima after midnight counterculture underground scenes;https://www.getyourguide.com/lima-l39/lima-after-midnight-counterculture-underground-scenes-t954344/
Perú;maras-l119695;290490;Cusco maras salt mines inca moray half day;https://www.getyourguide.com/maras-l119695/cusco-maras-salt-mines-inca-moray-half-day-trip-t290490/
Perú;arequipa-l2859;1133330;From arequipa guided;https://www.getyourguide.com/arequipa-l2859/from-arequipa-guided-tour-of-the-colca-canyon-with-meals-t1133330/
Perú;aguas-calientes-l91472;399178;From cusco luxury machu picchu;https://www.getyourguide.com/aguas-calientes-l91472/from-cusco-luxury-machu-picchu-tour-in-first-class-train-t399178/
Perú;chinchero-l219429;1199044;Cusco andean wedding ceremony and cultural experience;https://www.getyourguide.com/chinchero-l219429/cusco-andean-wedding-ceremony-and-cultural-experience-t1199044/
Perú;chiclayo-l32245;501407;Pomac forest historic sanctuary sican museum;https://www.getyourguide.com/chiclayo-l32245/pomac-forest-historic-sanctuary-sican-museum-t501407/
Perú;lima-l39;619718;Magic fountains park light show bohemian barranco;https://www.getyourguide.com/lima-l39/magic-fountains-park-light-show-bohemian-barranco-tour-t619718/
Perú;moche-l199686;735968;Pyramids of;https://www.getyourguide.com/moche-l199686/pyramids-of-the-sun-and-the-moon-huanchaco-and-chan-chan-t735968/
Perú;puno-l32157;120695;Puno walking;https://www.getyourguide.com/puno-l32157/puno-walking-tour-t120695/
Perú;lima-l39;842577;Lima sandboarding and jeep;https://www.getyourguide.com/lima-l39/lima-sandboarding-and-jeep-tour-t842577/
Perú;andahuaylillas-l146780;845295;Cusco route of;https://www.getyourguide.com/andahuaylillas-l146780/cusco-route-of-the-sun-2-day-tour-in-puno-t845295/
Perú;urubamba-l164518;860236;Sacred valley;https://www.getyourguide.com/urubamba-l164518/sacred-valley-tour-from-cusco-with-buffet-lunch-t860236/
Perú;puerto-maldonado-l2146;877000;Tambopata rainforest night walk river exploration;https://www.getyourguide.com/puerto-maldonado-l2146/tambopata-rainforest-night-walk-river-exploration-t877000/
Perú;arequipa-l2859;891313;Monastery of santa catalina de arequipa;https://www.getyourguide.com/arequipa-l2859/monastery-of-santa-catalina-de-arequipa-t891313/
Perú;iquitos-l32156;545056;Iquitos amazon jungle in 2 days adventure and expedition;https://www.getyourguide.com/iquitos-l32156/iquitos-amazon-jungle-in-2-days-adventure-and-expedition-t545056/
Perú;urubamba-l164518;618045;Short inca;https://www.getyourguide.com/urubamba-l164518/short-inca-trail-to-machu-picchu-2-days-t618045/
Perú;aguas-calientes-l91472;623504;From cusco salkantay;https://www.getyourguide.com/aguas-calientes-l91472/from-cusco-salkantay-trek-4-days-machu-picchu-t623504/
Perú;paracas-l32470;733754;Full day ballestas islands;https://www.getyourguide.com/paracas-l32470/full-day-ballestas-islands-t733754/
Perú;paracas-l32470;1127065;Paracas sunset;https://www.getyourguide.com/paracas-l32470/paracas-sunset-trek-in-paracas-national-reserve-t1127065/
Perú;lima-l39;794346;Miraflores amazing peruvian cooking class ceviche seafood and pisco sour;https://www.getyourguide.com/lima-l39/miraflores-amazing-peruvian-cooking-class-ceviche-seafood-and-pisco-sour-t794346/
Perú;lima-l39;1152581;Surf lessons in lima personalized coaching video analysis;https://www.getyourguide.com/lima-l39/surf-lessons-in-lima-personalized-coaching-video-analysis-t1152581/
Perú;acomayo-l214662;1159348;Cusco waqrapukara inca fortress guided hike with lunch;https://www.getyourguide.com/acomayo-l214662/cusco-waqrapukara-inca-fortress-guided-hike-with-lunch-t1159348/
Perú;ica-l1608;834034;From ica winery;https://www.getyourguide.com/ica-l1608/from-ica-winery-tour-along-the-pisco-route-t834034/
Perú;iquitos-l32156;1176772;Iquitos quistococha national park and;https://www.getyourguide.com/iquitos-l32156/iquitos-quistococha-national-park-and-tarapaca-tour-t1176772/
Perú;urubamba-l164518;853364;Salkantay;https://www.getyourguide.com/urubamba-l164518/salkantay-trek-5d4n-llactapata-domes-t853364/
Perú;lima-l39;1206931;Lima food experience 4d bread ceviche and street food workshop;https://www.getyourguide.com/lima-l39/lima-food-experience-4d-bread-ceviche-and-street-food-workshop-t1206931/
Perú;urubamba-l164518;885026;Cusco journey;https://www.getyourguide.com/urubamba-l164518/cusco-journey-to-the-heart-of-the-andes-8-days-in-cusco-t885026/
Perú;puno-l32157;953258;Puno discover;https://www.getyourguide.com/puno-l32157/puno-discover-the-wonders-of-lake-titicaca-on-the-uros-and-taquile-islands-t953258/
Perú;trujillo-l2870;1303241;Trujillo cooking class ceviche piso souer;https://www.getyourguide.com/trujillo-l2870/trujillo-cooking-class-ceviche-piso-souer-t1303241/
Perú;ollantaytambo-l93095;1088927;Cusco sacred valley full day;https://www.getyourguide.com/ollantaytambo-l93095/cusco-sacred-valley-full-day-tour-t1088927/
Perú;chinchero-l219429;1103432;Hike with alpacas and llamas in chinchero;https://www.getyourguide.com/chinchero-l219429/hike-with-alpacas-and-llamas-in-chinchero-t1103432/
Perú;trujillo-l2870;1153523;Trujillo salaverry port pickup chan chan and moche;https://www.getyourguide.com/trujillo-l2870/trujillo-salaverry-port-pickup-chan-chan-and-moche-tour-t1153523/
Perú;trujillo-l2870;1256721;Trujillo salaverry shore excursion full day;https://www.getyourguide.com/trujillo-l2870/trujillo-salaverry-shore-excursion-full-day-t1256721/
Perú;chivay-l129313;507205;From arequipa incredible;https://www.getyourguide.com/chivay-l129313/from-arequipa-incredible-tour-with-puno-3days2nights-t507205/
Perú;chucuito-l176645;588667;Ruta aymara;https://www.getyourguide.com/chucuito-l176645/ruta-aymara-t588667/
Perú;puerto-maldonado-l2146;340896;Puerto maldonado 4 day;https://www.getyourguide.com/puerto-maldonado-l2146/puerto-maldonado-4-day-tambopata-rainforest-tour-t340896/
Perú;lima-l39;830793;Lima;https://www.getyourguide.com/lima-l39/lima-tour-a-pie-con-guia-local-por-el-centro-historico-t830793/
Perú;paracas-l32470;861992;From lima nazca lines and ballestas islands day;https://www.getyourguide.com/paracas-l32470/from-lima-nazca-lines-and-ballestas-islands-day-trip-t861992/
Perú;ica-l1608;863918;Nazca cantalloc aqueducts and los paredones;https://www.getyourguide.com/ica-l1608/nazca-cantalloc-aqueducts-and-los-paredones-tour-t863918/
Perú;puerto-maldonado-l2146;539573;From puerto maldonado macaw clay lick 2 days;https://www.getyourguide.com/puerto-maldonado-l2146/from-puerto-maldonado-macaw-clay-lick-2-days-t539573/
Perú;paracas-l32470;558390;Paracasprivate;https://www.getyourguide.com/paracas-l32470/paracasprivate-tours-paracas-national-reserve-all-inclusive-t558390/
Perú;urubamba-l164518;590193;Full day sacred valley;https://www.getyourguide.com/urubamba-l164518/full-day-sacred-valley-tour-pisac-and-ollantaytambo-t590193/
Perú;iquitos-l32156;991663;From sabalillo jungle adventure;https://www.getyourguide.com/iquitos-l32156/from-sabalillo-jungle-adventure-t991663/
Perú;urubamba-l164518;600846;Peru in 5 days limacuscomachu picchu and rainbow mountain;https://www.getyourguide.com/urubamba-l164518/peru-in-5-days-limacuscomachu-picchu-and-rainbow-mountain-t600846/
Perú;arequipa-l2859;611161;From arequipa colca canyon day;https://www.getyourguide.com/arequipa-l2859/from-arequipa-colca-canyon-day-trip-with-transfer-to-puno-t611161/
Perú;lima-l39;629746;Lima city walking;https://www.getyourguide.com/lima-l39/lima-city-walking-tour-catacombs-magic-water-fountains-t629746/
Perú;lima-l39;674964;Lima san mateo de otao mountain adrenaline adventure;https://www.getyourguide.com/lima-l39/lima-san-mateo-de-otao-mountain-adrenaline-adventure-t674964/
Perú;arequipa-l2859;692683;Trek;https://www.getyourguide.com/arequipa-l2859/trek-to-the-route-of-the-sillar-and-culebrillas-in-arequipa-t692683/
Perú;san-miguel-l195031;762373;Lima paramotoring in;https://www.getyourguide.com/san-miguel-l195031/lima-paramotoring-in-the-costa-verde-adrenaline-t762373/
Perú;ica-l1608;1132364;Tour;https://www.getyourguide.com/ica-l1608/tour-to-paracas-tambo-colorado-for-history-lovers-t1132364/
Perú;arequipa-l2859;832061;From arequipa;https://www.getyourguide.com/arequipa-l2859/from-arequipa-tour-to-chivay-colca-canyon-t832061/
Perú;lima-l39;841900;From lima paracas ica and huacachina full day;https://www.getyourguide.com/lima-l39/from-lima-paracas-ica-and-huacachina-full-day-tour-t841900/
Perú;lima-l39;861813;From lima nazca lines flight and huacachina oasis;https://www.getyourguide.com/lima-l39/from-lima-nazca-lines-flight-and-huacachina-oasis-tour-t861813/
Perú;aguas-calientes-l91472;874099;Cusco machu picchu day;https://www.getyourguide.com/aguas-calientes-l91472/cusco-machu-picchu-day-trip-by-vistadome-observatory-train-t874099/
Perú;puerto-maldonado-l2146;879128;Lake yacumama sunrise or sunset;https://www.getyourguide.com/puerto-maldonado-l2146/lake-yacumama-sunrise-or-sunset-t879128/
Perú;ica-l1608;1205957;Huacachina dune buggy ride sandboarding and sunset in;https://www.getyourguide.com/ica-l1608/huacachina-dune-buggy-ride-sandboarding-and-sunset-in-the-dunes-t1205957/
Perú;lima-l39;970981;Lima adventures in chorrillos guided walk boat;https://www.getyourguide.com/lima-l39/lima-adventures-in-chorrillos-guided-walk-boat-tour-t970981/
Perú;mollepata-l215653;1132547;Salkantay;https://www.getyourguide.com/mollepata-l215653/salkantay-trek-and-humantay-lagoon-the-best-in-2-days-t1132547/
Perú;lima-l39;208023;Lima live magic water show experience;https://www.getyourguide.com/lima-l39/lima-live-magic-water-show-experience-t208023/
Perú;arequipa-l2859;1143334;Arequipa climbing walking;https://www.getyourguide.com/arequipa-l2859/arequipa-climbing-walking-tour-and-santa-catalina-t1143334/
Perú;chivay-l129313;1193073;Cabanaconde a charming 25 hour horseback ride in;https://www.getyourguide.com/chivay-l129313/cabanaconde-a-charming-25-hour-horseback-ride-in-the-colca-canyon-t1193073/
Perú;paracas-l32470;246182;Paracas ballestas islands and candelabro boat;https://www.getyourguide.com/paracas-l32470/paracas-ballestas-islands-and-candelabro-boat-tour-t246182/
Perú;trujillo-l2870;832792;Trujillo chan chan and huanchaco beach;https://www.getyourguide.com/trujillo-l2870/trujillo-chan-chan-and-huanchaco-beach-t832792/
Perú;lima-l39;857765;From lima huacachina sandboarding and wine;https://www.getyourguide.com/lima-l39/from-lima-huacachina-sandboarding-and-wine-tasting-day-trip-t857765/
Perú;chivay-l129313;953186;From arequipa experience 2 days 1 night of adventure and nature in;https://www.getyourguide.com/chivay-l129313/from-arequipa-experience-2-days-1-night-of-adventure-and-nature-in-the-colca-canyon-t953186/
Perú;aguas-calientes-l91472;959262;From cusco 2 day private inca;https://www.getyourguide.com/aguas-calientes-l91472/from-cusco-2-day-private-inca-trail-and-machu-picchu-tour-t959262/
Perú;puno-l32157;562335;Excursion;https://www.getyourguide.com/puno-l32157/excursion-to-the-uros-taquile-and-amantani-islands-2-days-t562335/
Perú;cajamarca-l116362;563029;Cajamarca explore;https://www.getyourguide.com/cajamarca-l116362/cajamarca-explore-the-archaeological-complex-of-cumbemayo-t563029/
Perú;paracas-l32470;1086571;Ballestas islands and minibuggy adventure in;https://www.getyourguide.com/paracas-l32470/ballestas-islands-and-minibuggy-adventure-in-the-paracas-reserve-t1086571/
Perú;puno-l32157;1145989;Puno lake;https://www.getyourguide.com/puno-l32157/puno-lake-titicaca-tour-with-uros-islands-lunch-t1145989/
Perú;urubamba-l164518;698723;Classic inka;https://www.getyourguide.com/urubamba-l164518/classic-inka-trail-to-machupicchu-t698723/
Perú;arequipa-l2859;721025;Pillones waterfall and imata stone forest;https://www.getyourguide.com/arequipa-l2859/pillones-waterfall-and-imata-stone-forest-t721025/
Perú;aguas-calientes-l91472;729360;Inca;https://www.getyourguide.com/aguas-calientes-l91472/inca-trail-4-days-t729360/
Perú;lima-l39;747539;Lima airport departure;https://www.getyourguide.com/lima-l39/lima-airport-departure-transfer-t747539/
Perú;urubamba-l164518;767993;Cusco rainbow mountain;https://www.getyourguide.com/urubamba-l164518/cusco-rainbow-mountain-tour-with-meals-red-valley-option-t767993/
Perú;urubamba-l164518;771546;Cusco machu picchu;https://www.getyourguide.com/urubamba-l164518/cusco-machu-picchu-tour-in-7-days-6-nights-t771546/
Perú;chiclayo-l32245;793957;Trujillo sipan museum departure from;https://www.getyourguide.com/chiclayo-l32245/trujillo-sipan-museum-departure-from-trujillo-t793957/
Perú;chivay-l129313;1217708;Arequipa colca canyon;https://www.getyourguide.com/chivay-l129313/arequipa-colca-canyon-tour-with-cabanaconde-maca-yanque-t1217708/
Perú;arequipa-l2859;829094;Arequipa chili river white water rafting with hotel pickup;https://www.getyourguide.com/arequipa-l2859/arequipa-chili-river-white-water-rafting-with-hotel-pickup-t829094/
Perú;arequipa-l2859;1243666;Arequipa historical walking city;https://www.getyourguide.com/arequipa-l2859/arequipa-historical-walking-city-tour-t1243666/
Perú;lima-l39;862978;Lima private gourmet south american wine;https://www.getyourguide.com/lima-l39/lima-private-gourmet-south-american-wine-tapas-tasting-t862978/
Perú;chavin-de-huantar-l149399;872460; chavin de huantar and querococha lagoon;https://www.getyourguide.com/chavin-de-huantar-l149399/-chavin-de-huantar-and-querococha-lagoon-tickets-and-more--t872460/
Perú;pucallpa-l218329;884380;Tour of;https://www.getyourguide.com/pucallpa-l218329/tour-of-the-boiling-river-t884380/
Perú;lima-l39;909319;Peru 15 day coast sierra and amazon;https://www.getyourguide.com/lima-l39/peru-15-day-coast-sierra-and-amazon-tour-t909319/
Perú;paracas-l32470;1292840;Paracas ballestas islands sandboarding piscosours;https://www.getyourguide.com/paracas-l32470/paracas-ballestas-islands-sandboarding-piscosours-t1292840/
Perú;paracas-l32470;1306904;Pisco nazca lines ballestas islands and huacachina;https://www.getyourguide.com/paracas-l32470/pisco-nazca-lines-ballestas-islands-and-huacachina-tour-t1306904/
Perú;ollantaytambo-l93095;1112240;From cusco inti punku hike hidden inca;https://www.getyourguide.com/ollantaytambo-l93095/from-cusco-inti-punku-hike-hidden-inca-trail-t1112240/
Perú;lima-l39;410641;Lima food culture;https://www.getyourguide.com/lima-l39/lima-food-culture-tour-flavors-history-and-tradition-t410641/
Perú;lima-l39;1141740;Lima food;https://www.getyourguide.com/lima-l39/lima-food-tour-trough-local-markets-a-historic-winery-t1141740/
Perú;arequipa-l2859;825797;Arequipadead bull petroglyphs querulpa park and chancharay;https://www.getyourguide.com/arequipa-l2859/arequipadead-bull-petroglyphs-querulpa-park-and-chancharay-t825797/
Perú;paracas-l32470;825955;Excursion ballestas islands and paracas national reserve;https://www.getyourguide.com/paracas-l32470/excursion-ballestas-islands-and-paracas-national-reserve-t825955/
Perú;urubamba-l164518;828103;Aventura de senderismo salkantay a machu picchu 5d4n;https://www.getyourguide.com/urubamba-l164518/aventura-de-senderismo-salkantay-a-machu-picchu-5d4n-t828103/
Perú;arequipa-l2859;829850;Arequipa rafting en aguas bravas del rio chili;https://www.getyourguide.com/arequipa-l2859/arequipa-rafting-en-aguas-bravas-del-rio-chili-t829850/
Perú;arequipa-l2859;829857;Cooking class;https://www.getyourguide.com/arequipa-l2859/cooking-class-typical-food-in-arequipa-t829857/
Perú;puerto-maldonado-l2146;832880;Puerto maldonado jungle;https://www.getyourguide.com/puerto-maldonado-l2146/puerto-maldonado-jungle-trekking-sandoval-lake-t832880/
Perú;iquitos-l32156;847586;4 amazon rivers and full day;https://www.getyourguide.com/iquitos-l32156/4-amazon-rivers-and-full-day-tours-t847586/
Perú;ica-l1608;862031;Huacachina sandboarding or ski boarding in;https://www.getyourguide.com/ica-l1608/huacachina-sandboarding-or-ski-boarding-in-the-dunes-t862031/
Perú;chivay-l129313;870720;From arequipa colca canyon viewpoints;https://www.getyourguide.com/chivay-l129313/from-arequipa-colca-canyon-viewpoints-t870720/
Perú;pisac-l119710;874868;Temazcal ceremony ancient sweat lodge healing experience;https://www.getyourguide.com/pisac-l119710/temazcal-ceremony-ancient-sweat-lodge-healing-experience-t874868/
Perú;arequipa-l2859;890698;Full day excursion;https://www.getyourguide.com/arequipa-l2859/full-day-excursion-to-salinas-lagoon-arequipa-t890698/
Perú;ica-l1608;894720;Ica hotel vinas queirolo arrival and departure;https://www.getyourguide.com/ica-l1608/ica-hotel-vinas-queirolo-arrival-and-departure-transfer-t894720/
Perú;paracas-l32470;666052;From lima full day paracas huacachina;https://www.getyourguide.com/paracas-l32470/from-lima-full-day-paracas-huacachina-t666052/
Perú;pucara-peru-l145153;680622;Cusco bus;https://www.getyourguide.com/pucara-peru-l145153/cusco-bus-turistico-puno-cusco-con-tour-y-buffet-t680622/
Perú;paracas-l32470;954179;Paracas experience a dune adventure by buggy or quad bike;https://www.getyourguide.com/paracas-l32470/paracas-experience-a-dune-adventure-by-buggy-or-quad-bike-t954179/
Perú;arequipa-l2859;702186;4 hours;https://www.getyourguide.com/arequipa-l2859/4-hours-tour-route-of-sillar-with-trek-in-culebrillas-t702186/
Perú;lima-l39;782939;City;https://www.getyourguide.com/lima-l39/city-tour-lima-miraflores-catacombs-t782939/
Perú;arequipa-l2859;806927;Cooking class;https://www.getyourguide.com/arequipa-l2859/cooking-class-typical-food-in-arequipa-t806927/
Perú;huaral-l194839;812666;Lima huaral and visit;https://www.getyourguide.com/huaral-l194839/lima-huaral-and-visit-to-the-castle-of-chancay-t812666/
Perú;ica-l1608;1117188;Huacachina skiing sandboarding in;https://www.getyourguide.com/ica-l1608/huacachina-skiing-sandboarding-in-the-desert-t1117188/
Perú;lima-l39;939688;Lima city;https://www.getyourguide.com/lima-l39/lima-city-tour-by-panoramic-bus-walking-catacombs-t939688/
Perú;puerto-maldonado-l2146;1186645;Puerto maldonado;https://www.getyourguide.com/puerto-maldonado-l2146/puerto-maldonado-tambopata-adventure-lunch-5-activities-t1186645/
Perú;trujillo-l2870;1188026;Trujillo chan chan huaca arco iris huanchaco;https://www.getyourguide.com/trujillo-l2870/trujillo-chan-chan-huaca-arco-iris-huanchaco-tour-t1188026/
Perú;chinchero-l219429;1198807;Chinchero paragliding soar above;https://www.getyourguide.com/chinchero-l219429/chinchero-paragliding-soar-above-the-sacred-valley-t1198807/
Perú;chivay-l129313;1160678;Cruz del condor a;https://www.getyourguide.com/chivay-l129313/cruz-del-condor-a-two-day-guided-tour-from-puno-t1160678/
Perú;lima-l39;1214554;Lima private historical highlights walking;https://www.getyourguide.com/lima-l39/lima-private-historical-highlights-walking-tour-t1214554/
Perú;arequipa-l2859;238272;Arequipa city santa catalina monastery guided;https://www.getyourguide.com/arequipa-l2859/arequipa-city-santa-catalina-monastery-guided-tour-t238272/
Perú;arequipa-l2859;539141;Arequipa san camilo market;https://www.getyourguide.com/arequipa-l2859/arequipa-san-camilo-market-tour-t539141/
Perú;iquitos-l32156;554467;From iquitos 4 day pacaya samiria national reserve;https://www.getyourguide.com/iquitos-l32156/from-iquitos-4-day-pacaya-samiria-national-reserve-tour-t554467/
Perú;paracas-l32470;248647;Ballestas islands from pisco cruiseship;https://www.getyourguide.com/paracas-l32470/ballestas-islands-from-pisco-cruiseship-terminal-t248647/
Perú;aguas-calientes-l91472;751536;Machupicchu;https://www.getyourguide.com/aguas-calientes-l91472/machupicchu-tour-1-day-t751536/
Perú;puno-l32157;484817;Tour;https://www.getyourguide.com/puno-l32157/tour-to-sillustani-pre-inca-tombs-t484817/
Perú;chivay-l129313;801801;Colca canyon day;https://www.getyourguide.com/chivay-l129313/colca-canyon-day-trip-from-arequipa-to-puno-t801801/
Perú;huaraz-l360;821622;From huaraz;https://www.getyourguide.com/huaraz-l360/from-huaraz-the-best-hiking-and-trekking-routes-in-paron-t821622/
Perú;urubamba-l164518;826155;Inka jungle;https://www.getyourguide.com/urubamba-l164518/inka-jungle-tour-machu-picchu-t826155/
Perú;puno-l32157;828352;From puno uros and;https://www.getyourguide.com/puno-l32157/from-puno-uros-and-taquile-islands-with-lunch-and-entrance-t828352/
Perú;lima-l39;851890;Colonial and modern lima including entry;https://www.getyourguide.com/lima-l39/colonial-and-modern-lima-including-entry-ticket-to-the-catacombs-t851890/
Perú;trujillo-l2870;743832;Trujillo;https://www.getyourguide.com/trujillo-l2870/trujillo-tour-city-tour-exploration-t743832/
Perú;ollantaytambo-l93095;1001376;From cusco customizable sacred valley;https://www.getyourguide.com/ollantaytambo-l93095/from-cusco-customizable-sacred-valley-tour-full-day-tour-t1001376/
Perú;arequipa-l2859;817077;Arequipa pub crawl with skip;https://www.getyourguide.com/arequipa-l2859/arequipa-pub-crawl-with-skip-the-line-access-and-drinks-t817077/
Perú;urubamba-l164518;822685;Machu picchu;https://www.getyourguide.com/urubamba-l164518/machu-picchu-tour-package-4-days-t822685/
Perú;urubamba-l164518;822702;2 day;https://www.getyourguide.com/urubamba-l164518/2-day-trip-machu-picchu-ollantaytambo-pisac-t822702/
Perú;urubamba-l164518;829045;Machu picchu hike 2 days;https://www.getyourguide.com/urubamba-l164518/machu-picchu-hike-2-days-t829045/
Perú;lima-l39;1037108;Miraflores guided;https://www.getyourguide.com/lima-l39/miraflores-guided-tasting-of-peruvian-specialty-coffee-at-a-coffee-houseworkshop-t1037108/
Perú;chivay-l129313;876929;Cusco qeswachaka inca bridge and 4 lagoons day;https://www.getyourguide.com/chivay-l129313/cusco-qeswachaka-inca-bridge-and-4-lagoons-day-trip-t876929/
Perú;ica-l1608;954175;Huacachina desert adventure with dune buggies and sandboarding;https://www.getyourguide.com/ica-l1608/huacachina-desert-adventure-with-dune-buggies-and-sandboarding-t954175/
Perú;cajamarca-l116362;960282;Cajamarca guided city;https://www.getyourguide.com/cajamarca-l116362/cajamarca-guided-city-tour-pick-up-t960282/
Perú;humacchuco-l221557;972825;From cajamarca excursion;https://www.getyourguide.com/humacchuco-l221557/from-cajamarca-excursion-to-the-sausacocha-lagoon-and-wiracochapampa-complex-t972825/
Perú;chucuito-l176645;1164665;From puno mystical aymara route;https://www.getyourguide.com/chucuito-l176645/from-puno-mystical-aymara-route-to-aramu-muru-with-photos-and-videos-t1164665/
Perú;paracas-l32470;1194580;From lima 5d maritime and desert routes ballestas nazca and larco museum;https://www.getyourguide.com/paracas-l32470/from-lima-5d-maritime-and-desert-routes-ballestas-nazca-and-larco-museum-t1194580/
Perú;cabanaconde-l179717;1088267;From cabanaconde geothermal hike;https://www.getyourguide.com/cabanaconde-l179717/from-cabanaconde-geothermal-hike-to-the-valley-of-the-geysers-t1088267/
Perú;chivay-l129313;1268814;Cabanaconde quad bike city;https://www.getyourguide.com/chivay-l129313/cabanaconde-quad-bike-city-tour-with-views-of-colca-canyon-t1268814/
Perú;paracas-l32470;160391;Tambo colorado from pisco cruise ship;https://www.getyourguide.com/paracas-l32470/tambo-colorado-from-pisco-cruise-ship-terminal-t160391/
Perú;lima-l39;278462;Full day;https://www.getyourguide.com/lima-l39/full-day-tour-ballestas-island-huacachina-oasis-from-lima-t278462/
Perú;puerto-maldonado-l2146;318147;Puerto maldonado 25 hour piranha fishing adventure;https://www.getyourguide.com/puerto-maldonado-l2146/puerto-maldonado-25-hour-piranha-fishing-adventure-t318147/
Perú;urubamba-l164518;536640;Super sacred valley of;https://www.getyourguide.com/urubamba-l164518/super-sacred-valley-of-the-incas-and-maras-moray-t536640/
Perú;lima-l39;394189;Participative cocktail class by hotel b;https://www.getyourguide.com/lima-l39/participative-cocktail-class-by-hotel-b-t394189/
Perú;puno-l32157;542497;Half day lake;https://www.getyourguide.com/puno-l32157/half-day-lake-titicaca-tour-to-uros-floating-islands-t542497/
Perú;lima-l39;411162;From lima discover;https://www.getyourguide.com/lima-l39/from-lima-discover-the-ancient-sites-caral-bandurria-t411162/
Perú;puerto-maldonado-l2146;602608;Jungle night walk nocturnal wildlife and jungle sounds;https://www.getyourguide.com/puerto-maldonado-l2146/jungle-night-walk-nocturnal-wildlife-and-jungle-sounds-t602608/
Perú;paracas-l32470;695203;Paracas ballestas islands boat;https://www.getyourguide.com/paracas-l32470/paracas-ballestas-islands-boat-tour-islas-ballestas-t695203/
Perú;puno-l32157;805475;Puno full day;https://www.getyourguide.com/puno-l32157/puno-full-day-tour-to-lake-titicaca-with-typical-lunch-t805475/
Perú;puerto-maldonado-l2146;812775;Puerto maldonado;https://www.getyourguide.com/puerto-maldonado-l2146/puerto-maldonado-tambopata-national-reserve-3-day-excursion-t812775/
Perú;huaraz-l360;829310;Huaraz full day laguna 69 views of laguna llanganuco;https://www.getyourguide.com/huaraz-l360/huaraz-full-day-laguna-69-views-of-laguna-llanganuco-t829310/
Perú;lima-l39;829525;Lima walking;https://www.getyourguide.com/lima-l39/lima-walking-tour-from-miraflores-downtown-lima-catacombs-churros-winery-bus-t829525/
Perú;cerro-azul-peru-l214374;863887;From lima excursion;https://www.getyourguide.com/cerro-azul-peru-l214374/from-lima-excursion-to-lunahuana-and-cerro-azul-t863887/
Perú;aguas-calientes-l91472;868410;From aguas calientes machu picchu guided;https://www.getyourguide.com/aguas-calientes-l91472/from-aguas-calientes-machu-picchu-guided-tour-with-tickets-t868410/
Perú;urubamba-l164518;872552;Machu picchu circuit 3 royal route profesional;https://www.getyourguide.com/urubamba-l164518/machu-picchu-circuit-3-royal-route-profesional-tour-guide-t872552/
Perú;chivay-l129313;815355;Arequipa 1 day excursion;https://www.getyourguide.com/chivay-l129313/arequipa-1-day-excursion-to-the-colca-canyon-hot-springs-t815355/
Perú;arequipa-l2859;927368;Arequipa mocoro oasis sandboarding;https://www.getyourguide.com/arequipa-l2859/arequipa-mocoro-oasis-sandboarding-tour-t927368/
Perú;iquitos-l32156;833829;Huitoto program 4 days 3 nights;https://www.getyourguide.com/iquitos-l32156/huitoto-program-4-days-3-nights-t833829/
Perú;aguas-calientes-l91472;841193;From cusco machu picchu day;https://www.getyourguide.com/aguas-calientes-l91472/from-cusco-machu-picchu-day-trip-with-vistadome-train-t841193/
Perú;arequipa-l2859;842591;Arequipa colca canyon 2 days and 1 night accommodation;https://www.getyourguide.com/arequipa-l2859/arequipa-colca-canyon-2-days-and-1-night-accommodation-t842591/
Perú;lima-l39;847287;Pro sanboarding or skiing in huacachina from lima day;https://www.getyourguide.com/lima-l39/pro-sanboarding-or-skiing-in-huacachina-from-lima-day-trip-t847287/
Perú;puno-l32157;873194;From arequipa colca;https://www.getyourguide.com/puno-l32157/from-arequipa-colca-trek-a-2-day-hike-in-the-colca-canyon-t873194/
Perú;ollantaytambo-l93095;874813;From ollantaytambo moray maras and chinchero guided;https://www.getyourguide.com/ollantaytambo-l93095/from-ollantaytambo-moray-maras-and-chinchero-guided-tour-t874813/
Perú;lima-l39;875827;From lima city;https://www.getyourguide.com/lima-l39/from-lima-city-tour-magic-water-circuit-half-day-t875827/
Perú;urubamba-l164518;1001129;Urubamba spiritual sacred valley;https://www.getyourguide.com/urubamba-l164518/urubamba-spiritual-sacred-valley-tour-with-workshop-shaman-t1001129/
Perú;ollantaytambo-l93095;885174;From cusco ollantaytambo hotel;https://www.getyourguide.com/ollantaytambo-l93095/from-cusco-ollantaytambo-hotel-transfer-t885174/
Perú;aguas-calientes-l91472;887078;From cusco machu picchu short inca;https://www.getyourguide.com/aguas-calientes-l91472/from-cusco-machu-picchu-short-inca-trail-2-day-tour-t887078/
Perú;huayllabamba-l209180;891588;Transportation huayllabamba hotel aranwa;https://www.getyourguide.com/huayllabamba-l209180/transportation-huayllabamba-hotel-aranwa-transfer-t891588/
Perú;puerto-maldonado-l2146;922755;Tambopata;https://www.getyourguide.com/puerto-maldonado-l2146/tambopata-tour-2-days1-night-sandoval-lake-nature-and-boat-rides-t922755/
Perú;ollantaytambo-l93095;923423;From cusco sacred valley with drop ff in ollantaytambo;https://www.getyourguide.com/ollantaytambo-l93095/from-cusco-sacred-valley-with-drop-ff-in-ollantaytambo-t923423/
Perú;iquitos-l32156;1060291;Local market discovery piranha fishing in iquitos;https://www.getyourguide.com/iquitos-l32156/local-market-discovery-piranha-fishing-in-iquitos-t1060291/
Perú;lima-l39;947322;From lima excursion;https://www.getyourguide.com/lima-l39/from-lima-excursion-to-the-temple-of-pachacamac-t947322/
Perú;chivay-l129313;1147868;Puno 2 day colca canyon;https://www.getyourguide.com/chivay-l129313/puno-2-day-colca-canyon-tour-with-chivay-arequipa-t1147868/
Perú;puerto-maldonado-l2146;1096632;Tambopata by bike between;https://www.getyourguide.com/puerto-maldonado-l2146/tambopata-by-bike-between-the-trees-and-the-river-t1096632/
Perú;yanque-l135197;1220997;Colca valley horseback ride;https://www.getyourguide.com/yanque-l135197/colca-valley-horseback-ride-to-the-chapel-of-the-virgin-of-chapi-1-hour-t1220997/
Perú;puerto-maldonado-l2146;1185635;Puerto maldonado sandoval lake and;https://www.getyourguide.com/puerto-maldonado-l2146/puerto-maldonado-sandoval-lake-and-tambopata-reserve-tour-t1185635/
Perú;paracas-l32470;1222379;From lima paragliding in;https://www.getyourguide.com/paracas-l32470/from-lima-paragliding-in-the-reserve-ballestas-islands-ceviche-class-t1222379/
Perú;mollepata-l215653;1227046;From cusco guided adventure;https://www.getyourguide.com/mollepata-l215653/from-cusco-guided-adventure-to-humantay-lake-with-views-of-salkantay-peak-t1227046/
Perú;lima-l39;229180;Lima magical water circuit dinner show;https://www.getyourguide.com/lima-l39/lima-magical-water-circuit-dinner-show-t229180/
Perú;paracas-l32470;1330782;From marcona 2 day sightseeing;https://www.getyourguide.com/paracas-l32470/from-marcona-2-day-sightseeing-tour-paracas-and-huacachina-overnight-in-huacachina-t1330782/
Perú;puno-l32157;79833;From puno full day uros;https://www.getyourguide.com/puno-l32157/from-puno-full-day-uros-taquile-sillustani-tour-t79833/
Perú;puerto-maldonado-l2146;460261;Excursion 3 days2 nights in;https://www.getyourguide.com/puerto-maldonado-l2146/excursion-3-days2-nights-in-the-jungle-t460261/
Perú;pucara-peru-l145153;416226;From puno 1 day bus;https://www.getyourguide.com/pucara-peru-l145153/from-puno-1-day-bus-ticket-to-cusco-with-stops-t416226/
Perú;lima-l39;551273;From lima ballestas islands huacachina oasis premium;https://www.getyourguide.com/lima-l39/from-lima-ballestas-islands-huacachina-oasis-premium-tour-t551273/
Perú;ayacucho-l152602;580300;From ayacucho one day visit;https://www.getyourguide.com/ayacucho-l152602/from-ayacucho-one-day-visit-to-the-pachapupum-volcano-t580300/
Perú;paracas-l32470;593658;Paracas atvquad bike or buggy on paracas national reserve;https://www.getyourguide.com/paracas-l32470/paracas-atvquad-bike-or-buggy-on-paracas-national-reserve-t593658/
Perú;trujillo-l2870;791819;Excursion;https://www.getyourguide.com/trujillo-l2870/excursion-to-the-pyramids-of-the-sun-and-the-moon-t791819/
Perú;chivay-l129313;793191;From arequipa colca canyon day;https://www.getyourguide.com/chivay-l129313/from-arequipa-colca-canyon-day-trip-with-buffet-meals-t793191/
Perú;abancay-l223000;839761;Abancay guided;https://www.getyourguide.com/abancay-l223000/abancay-guided-tour-to-the-national-sanctuary-ampay-t839761/
Perú;lima-l39;885680;From lima 10 day;https://www.getyourguide.com/lima-l39/from-lima-10-day-tour-to-machu-picchu-and-lake-titicaca-t885680/
Perú;aguas-calientes-l91472;786357;From cusco machu picchu 2 day;https://www.getyourguide.com/aguas-calientes-l91472/from-cusco-machu-picchu-2-day-tour-with-train-tickets-t786357/
Perú;lima-l39;810706;2d1n paracas huacachina from lima;https://www.getyourguide.com/lima-l39/2d1n-paracas-huacachina-from-lima-t810706/
Perú;pucara-peru-l145153;817747;Excursion;https://www.getyourguide.com/pucara-peru-l145153/excursion-to-lampa-pucara-and-tinajani-t817747/
Perú;arequipa-l2859;948622;Arequipa countryside;https://www.getyourguide.com/arequipa-l2859/arequipa-countryside-tour-and-yanahuara-viewpoint-t948622/
Perú;ayacucho-l152602;833915;Ayacucho excursion;https://www.getyourguide.com/ayacucho-l152602/ayacucho-excursion-to-the-7-canyons-of-qorihuillca-t833915/
Perú;arequipa-l2859;999737;Arequipa city;https://www.getyourguide.com/arequipa-l2859/arequipa-city-tour-and-a-visit-to-the-santa-catalina-monastery-t999737/
Perú;ica-l1608;1002425;Visit;https://www.getyourguide.com/ica-l1608/visit-tacama-winery-don-manuel-tour-with-tasting-t1002425/
Perú;lima-l39;951496;Lima alternative;https://www.getyourguide.com/lima-l39/lima-alternative-tour-of-gamarra-and-the-witches-market-t951496/
Perú;urquillos-l169636;1008495;Poc poc waterfall sacred valleyt soft hike;https://www.getyourguide.com/urquillos-l169636/poc-poc-waterfall-sacred-valleyt-soft-hike-t1008495/
Perú;urubamba-l164518;1135687;From;https://www.getyourguide.com/urubamba-l164518/from-the-sacred-valley-maras-moray-by-quad-bike-private-tour-ending-in-cusco-t1135687/
Perú;pucara-peru-l145153;1067072;Sightseeing bus from cusco;https://www.getyourguide.com/pucara-peru-l145153/sightseeing-bus-from-cusco-to-puno-with-guided-stops-lunch-t1067072/
Perú;lima-l39;1267310;Luggage storage in lima;https://www.getyourguide.com/lima-l39/luggage-storage-in-lima-t1267310/
Perú;paracas-l32470;1262784;Paracas ballestas islands huacachina luxury private;https://www.getyourguide.com/paracas-l32470/paracas-ballestas-islands-huacachina-luxury-private-tour-from-lima-t1262784/
Perú;puerto-maldonado-l2146;314662;Puerto maldonado sandoval lake full day;https://www.getyourguide.com/puerto-maldonado-l2146/puerto-maldonado-sandoval-lake-full-day-trip-with-canoeing-t314662/
Perú;aguas-calientes-l91472;523984;From cusco machu picchu luxury;https://www.getyourguide.com/aguas-calientes-l91472/from-cusco-machu-picchu-luxury-tour-train-hiram-bingham-t523984/
Perú;urubamba-l164518;638309;Cusco river rafting adventure full day adrenaline;https://www.getyourguide.com/urubamba-l164518/cusco-river-rafting-adventure-full-day-adrenaline-tour-t638309/
Perú;huaraz-l360;498314;Lake 69;https://www.getyourguide.com/huaraz-l360/lake-69-trek-day-tour-white-mountain-range-t498314/
Perú;puno-l32157;511778;From puno full day;https://www.getyourguide.com/puno-l32157/from-puno-full-day-tour-to-uros-and-taquile-with-lunch-t511778/
Perú;puno-l32157;543031;Half day guided lake;https://www.getyourguide.com/puno-l32157/half-day-guided-lake-titicaca-tour-to-uros-floating-islands-t543031/
Perú;puno-l32157;719118;Bus cama directo cusco puno;https://www.getyourguide.com/puno-l32157/bus-cama-directo-cusco-puno-t719118/
Perú;lima-l39;564426;From lima full day nazca line huacachina;https://www.getyourguide.com/lima-l39/from-lima-full-day-nazca-line-huacachina-t564426/
Perú;urubamba-l164518;822711;Inca jungle 4 day;https://www.getyourguide.com/urubamba-l164518/inca-jungle-4-day-trek-t822711/
Perú;ayacucho-l152602;645883;Ayacucho millpu aguas;https://www.getyourguide.com/ayacucho-l152602/ayacucho-millpu-aguas-turquesas-hidden-turquoise-pools-t645883/
Perú;urubamba-l164518;826986;Cusco sacred valley machupicchu 2 days;https://www.getyourguide.com/urubamba-l164518/cusco-sacred-valley-machupicchu-2-days-t826986/
Perú;paracas-l32470;840921;From ica 2 days;https://www.getyourguide.com/paracas-l32470/from-ica-2-days-tour-of-ica-huacachina-and-paracas-t840921/
Perú;arequipa-l2859;842558;Arequipa half day ashlar route and culebrillas canyon;https://www.getyourguide.com/arequipa-l2859/arequipa-half-day-ashlar-route-and-culebrillas-canyon-tour-yanahuara-viewpoint-t842558/
Perú;paracas-l32470;679518;Paracas and huacachina islands dune buggy sunset picnic;https://www.getyourguide.com/paracas-l32470/paracas-and-huacachina-islands-dune-buggy-sunset-picnic-t679518/
Perú;urubamba-l164518;858683;Cusco 8 day peru;https://www.getyourguide.com/urubamba-l164518/cusco-8-day-peru-trip-with-sacred-valley-and-machu-picchu-t858683/
Perú;aguas-calientes-l91472;878825;From cusco 2d;https://www.getyourguide.com/aguas-calientes-l91472/from-cusco-2d-to-machu-picchu-huayna-picchu-mountain-t878825/
Perú;aguas-calientes-l91472;741939;Tour;https://www.getyourguide.com/aguas-calientes-l91472/tour-to-machu-picchu-full-day-by-train-the-best-adventure-t741939/
Perú;aguas-calientes-l91472;900968;From cusco machu picchu 2 day;https://www.getyourguide.com/aguas-calientes-l91472/from-cusco-machu-picchu-2-day-train-tour-with-hotel-t900968/
Perú;aguas-calientes-l91472;749759;Transportation;https://www.getyourguide.com/aguas-calientes-l91472/transportation-to-machu-picchu-with-hike-from-hydroelectric-t749759/
Perú;chivay-l129313;801861;Full day colca canyon;https://www.getyourguide.com/chivay-l129313/full-day-colca-canyon-tour-with-breakfast-promotional-price-t801861/
Perú;puno-l32157;829232;Puno day;https://www.getyourguide.com/puno-l32157/puno-day-trip-uros-floating-islands-and-taquile-with-lunch-t829232/
Perú;mancora-l219469;839610;Mancora dive discover diving;https://www.getyourguide.com/mancora-l219469/mancora-dive-discover-diving-t839610/
Perú;aguas-calientes-l91472;852545;Fascinating cuzco 7d 6n hotel ;https://www.getyourguide.com/aguas-calientes-l91472/fascinating-cuzco-7d-6n-hotel--t852545/
Perú;trujillo-l2870;858669;From;https://www.getyourguide.com/trujillo-l2870/from-trujillo-excursion-to-chan-chan-beach-and-huanchaco-t858669/
Perú;collpapampa-l179665;868441;5 days of;https://www.getyourguide.com/collpapampa-l179665/5-days-of-trekking-in-salkantay-and-machu-picchu-t868441/
Perú;huayllabamba-l209180;878189;A;https://www.getyourguide.com/huayllabamba-l209180/a-trip-full-of-luxury-and-calm-t878189/
Perú;trujillo-l2870;1103835;Full day in;https://www.getyourguide.com/trujillo-l2870/full-day-in-trujillo-from-puerto-salaverry-t1103835/
Perú;iquitos-l32156;1006548;Iquitos 15 day matses culture and amazon rainforest;https://www.getyourguide.com/iquitos-l32156/iquitos-15-day-matses-culture-and-amazon-rainforest-tour-t1006548/
Perú;lima-l39;1165081;Lima caral and barranco;https://www.getyourguide.com/lima-l39/lima-caral-and-barranco-tour-with-pickup-t1165081/
Perú;pucara-peru-l145153;1267315;Quechua route;https://www.getyourguide.com/pucara-peru-l145153/quechua-route-tour-living-history-and-landscapes-t1267315/
Perú;lima-l39;1290358;Hike in;https://www.getyourguide.com/lima-l39/hike-in-the-andes-mountains-of-lima-antakallo-waterfall-t1290358/
Perú;checacupe-l226994;1303253;Cusco palcoyo rainbow mountain;https://www.getyourguide.com/checacupe-l226994/cusco-palcoyo-rainbow-mountain-tour-with-ice-cream-t1303253/
Perú;trujillo-l2870;384855;From;https://www.getyourguide.com/trujillo-l2870/from-trujillo-temple-of-the-moon-and-sun-and-chan-chan-t384855/
Perú;huaraz-l360;387824;Huaraz llanganuco lake day;https://www.getyourguide.com/huaraz-l360/huaraz-llanganuco-lake-day-trip-t387824/
Perú;iquitos-l32156;401374;Iquitos 2 days and 1 night guided amazon jungle;https://www.getyourguide.com/iquitos-l32156/iquitos-2-days-and-1-night-guided-amazon-jungle-tour-t401374/
Perú;huaraz-l360;1323957;Huaraz 12 day;https://www.getyourguide.com/huaraz-l360/huaraz-12-day-trekking-of-the-entire-huayhuash-circuit-t1323957/
Perú;iquitos-l32156;435453;Piranha fishing;https://www.getyourguide.com/iquitos-l32156/piranha-fishing-tour-in-iquitos-catch-amazon-predators-t435453/
Perú;ollantaytambo-l93095;479138;From ollantaytamboprivate;https://www.getyourguide.com/ollantaytambo-l93095/from-ollantaytamboprivate-tour-to-maras-and-moray-half-day-t479138/
Perú;chivay-l129313;653318;Transfer chivay;https://www.getyourguide.com/chivay-l129313/transfer-chivay-to-puno-t653318/
Perú;tumbes-l198931;533964;Tumbes airport;https://www.getyourguide.com/tumbes-l198931/tumbes-airport-transfer-mancora-punta-sal-zorritos-t533964/
Perú;lima-l39;676239;Lima street food a gastronomic adventure;https://www.getyourguide.com/lima-l39/lima-street-food-a-gastronomic-adventure-through-the-city-t676239/
Perú;trujillo-l2870;690216;Mystical;https://www.getyourguide.com/trujillo-l2870/mystical-trujillo-the-lady-of-cao-and-the-sorcerer-t690216/
Perú;lima-l39;557694;Lima gastronomic;https://www.getyourguide.com/lima-l39/lima-gastronomic-tour-of-miraflores-walking-food-tour-t557694/
Perú;lima-l39;564663;Palomino islands yacht;https://www.getyourguide.com/lima-l39/palomino-islands-yacht-tour-and-swim-alongside-the-sea-lions-t564663/
Perú;lima-l39;804463;Lima lim airport;https://www.getyourguide.com/lima-l39/lima-lim-airport-to-lima-city-or-hotels-private-transfer-t804463/
Perú;lima-l39;671575;Lima best street food;https://www.getyourguide.com/lima-l39/lima-best-street-food-tour-with-a-local-guide-t671575/
Perú;iquitos-l32156;821641;Iquitos 2 days in;https://www.getyourguide.com/iquitos-l32156/iquitos-2-days-in-the-amazon-natural-wonder-of-the-world-t821641/
Perú;lima-l39;846334;From lima excursion;https://www.getyourguide.com/lima-l39/from-lima-excursion-to-sayan-and-churin--t846334/
Perú;lima-l39;747377;Surfing experience in lima;https://www.getyourguide.com/lima-l39/surfing-experience-in-lima-t747377/
Perú;aguas-calientes-l91472;762148;Machu picchu 1 day adventure lunch;https://www.getyourguide.com/aguas-calientes-l91472/machu-picchu-1-day-adventure-lunch-t762148/
Perú;puerto-maldonado-l2146;890573;From;https://www.getyourguide.com/puerto-maldonado-l2146/from-tambopata-amazon-jungle-hike-and-lake-sandoval-1-day-t890573/
Perú;cajamarca-l116362;929405;Cajamarca sulluscocha extreme activities full day adventure;https://www.getyourguide.com/cajamarca-l116362/cajamarca-sulluscocha-extreme-activities-full-day-adventure-t929405/
Perú;oxapampa-l206133;800534;Oxapampa pozuzo full day escape;https://www.getyourguide.com/oxapampa-l206133/oxapampa-pozuzo-full-day-escape-t800534/
Perú;tingo-maria-l213362;800777;Tingo maria boating on laguna milagros miracles lagoon;https://www.getyourguide.com/tingo-maria-l213362/tingo-maria-boating-on-laguna-milagros-miracles-lagoon-t800777/
Perú;urubamba-l164518;816346;Excursion;https://www.getyourguide.com/urubamba-l164518/excursion-to-the-sacred-valley-transfer-to-ollantaytambo-t816346/
Perú;iquitos-l32156;972830;From iquitos 3 day ecolodge;https://www.getyourguide.com/iquitos-l32156/from-iquitos-3-day-ecolodge-tamshiyacu-tahuayo-reserve-t972830/
Perú;ollantaytambo-l93095;974369;Maras cusco maras;https://www.getyourguide.com/ollantaytambo-l93095/maras-cusco-maras-trek-picnic-in-the-sacred-valley-moray-and-ollantaytambo-t974369/
Perú;puno-l32157;844879;From puno colca canyon discovery 2 day journey;https://www.getyourguide.com/puno-l32157/from-puno-colca-canyon-discovery-2-day-journey-t844879/
Perú;ica-l1608;857614;From ica winery;https://www.getyourguide.com/ica-l1608/from-ica-winery-tour-with-pisco-and-wine-tastings-t857614/
Perú;ica-l1608;883418;From ica wine pisco and dune buggy experience;https://www.getyourguide.com/ica-l1608/from-ica-wine-pisco-and-dune-buggy-experience-t883418/
Perú;paracas-l32470;1114027;Lima 2 day;https://www.getyourguide.com/paracas-l32470/lima-2-day-tour-of-the-ballestas-islands-vineyards-huacachina-and-nazca-lines-t1114027/
Perú;lima-l39;1114523;Lima ceviche and pisco sour cooking class;https://www.getyourguide.com/lima-l39/lima-ceviche-and-pisco-sour-cooking-class-t1114523/
Perú;paracas-l32470;1010882;Motor scooter rental;https://www.getyourguide.com/paracas-l32470/motor-scooter-rental-t1010882/
Perú;paracas-l32470;1155030;Paracas 2 day 1 night excursion;https://www.getyourguide.com/paracas-l32470/paracas-2-day-1-night-excursion-to-ica-and-huacachina-t1155030/
Perú;ica-l1608;1026192;Huacachina sandboarding sand skiing sunset videos with drone and 4wd buggy;https://www.getyourguide.com/ica-l1608/huacachina-sandboarding-sand-skiing-sunset-videos-with-drone-and-4wd-buggy-t1026192/
Perú;puno-l32157;1049878;Luquina chico 2d1n experiential;https://www.getyourguide.com/puno-l32157/luquina-chico-2d1n-experiential-tour-with-a-local-family-and-meals-t1049878/
Perú;arequipa-l2859;1092590;Arequipa rafting on;https://www.getyourguide.com/arequipa-l2859/arequipa-rafting-on-the-chili-river-t1092590/
Perú;mollepata-l215653;1229016;Cusco humantay lake hike market lunch day;https://www.getyourguide.com/mollepata-l215653/cusco-humantay-lake-hike-market-lunch-day-trip-t1229016/
Perú;lima-l39;1159336;Lima barranco walking;https://www.getyourguide.com/lima-l39/lima-barranco-walking-tour-street-art-photo-stops-t1159336/
Perú;ollantaytambo-l93095;1167948;Tour of maras and moray plus;https://www.getyourguide.com/ollantaytambo-l93095/tour-of-maras-and-moray-plus-transfer-to-ollantaytambo-t1167948/
Perú;huaraz-l360;1252297;Pisco peak ascent;https://www.getyourguide.com/huaraz-l360/pisco-peak-ascent-to-the-summit-plus-3-days-of-gradual-acclimatization-t1252297/
Perú;barranca-l168402;1283783;Private caral;https://www.getyourguide.com/barranca-l168402/private-caral-tour-from-lima-oldest-civilization-in-america-t1283783/
Perú;iquitos-l32156;401377;Iquitos 3 days and 2 nights guided amazon jungle;https://www.getyourguide.com/iquitos-l32156/iquitos-3-days-and-2-nights-guided-amazon-jungle-tour-t401377/
Perú;paracas-l32470;483839;Ballestas island national reserve from san martin port;https://www.getyourguide.com/paracas-l32470/ballestas-island-national-reserve-from-san-martin-port-t483839/
Perú;lima-l39;167903;Lima nazca lines and huacachina with;https://www.getyourguide.com/lima-l39/lima-nazca-lines-and-huacachina-with-traditional-lunch-t167903/
Perú;huaraz-l360;679471;From huaraz lake churup;https://www.getyourguide.com/huaraz-l360/from-huaraz-lake-churup-trek-at-huascaran-national-park-t679471/
Perú;urubamba-l164518;712290;From cusco 2 day inca;https://www.getyourguide.com/urubamba-l164518/from-cusco-2-day-inca-trail-to-machu-picchu-with-hotel-t712290/
Perú;chivay-l129313;761225;From arequipa colca canyon excursion 2d with end in puno;https://www.getyourguide.com/chivay-l129313/from-arequipa-colca-canyon-excursion-2d-with-end-in-puno-t761225/
Perú;paracas-l32470;557608;Paracas speedboat ballestas islands;https://www.getyourguide.com/paracas-l32470/paracas-speedboat-ballestas-islands-tour-t557608/
Perú;urubamba-l164518;824820;Cusco sacred valley moray and salineras machu picchu;https://www.getyourguide.com/urubamba-l164518/cusco-sacred-valley-moray-and-salineras-machu-picchu-t824820/
Perú;puerto-maldonado-l2146;565344;Sandoval lake parrot clay lick 3 days2 nights;https://www.getyourguide.com/puerto-maldonado-l2146/sandoval-lake-parrot-clay-lick-3-days2-nights-t565344/
Perú;arequipa-l2859;661093;Arequipa biking city;https://www.getyourguide.com/arequipa-l2859/arequipa-biking-city-tour-t661093/
Perú;urubamba-l164518;661787;Inca;https://www.getyourguide.com/urubamba-l164518/inca-trail-to-machu-picchu-4-days-t661787/
Perú;puno-l32157;668283;Day;https://www.getyourguide.com/puno-l32157/day-trip-to-uros-floating-islands-and-amantani-island-t668283/
Perú;huaraz-l360;701096;Ancash;https://www.getyourguide.com/huaraz-l360/ancash-trekking-to-paron-lagoon-with-entrance-full-day--t701096/
Perú;urubamba-l164518;829089;From cusco 3 day inca jungle;https://www.getyourguide.com/urubamba-l164518/from-cusco-3-day-inca-jungle-trek-to-machu-picchu-t829089/
Perú;paracas-l32470;834060;From ica ballestas islands paracas national reserve;https://www.getyourguide.com/paracas-l32470/from-ica-ballestas-islands-paracas-national-reserve-t834060/
Perú;ayacucho-l152602;838893;Ayacucho wari and pampa de quinua;https://www.getyourguide.com/ayacucho-l152602/ayacucho-wari-and-pampa-de-quinua-tour-t838893/
Perú;puno-l32157;865910;Visit;https://www.getyourguide.com/puno-l32157/visit-the-impressive-lake-titicaca-uros-island-and-taquile-t865910/
Perú;aguas-calientes-l91472;871599;Cusco machu picchu;https://www.getyourguide.com/aguas-calientes-l91472/cusco-machu-picchu-tour-via-voyager-or-expedition-train-t871599/
Perú;mancora-l219469;948570;Mancora snuba diving experience with;https://www.getyourguide.com/mancora-l219469/mancora-snuba-diving-experience-with-transfer-t948570/
Perú;lima-l39;962806;Lima miraflores and barranco culinary bike;https://www.getyourguide.com/lima-l39/lima-miraflores-and-barranco-culinary-bike-tour-t962806/
Perú;paracas-l32470;964171;Ica full day;https://www.getyourguide.com/paracas-l32470/ica-full-day-to-the-ballestas-islands-and-the-paracas-national-reserve-t964171/
Perú;urubamba-l164518;1201252;The cooking class weaving experience in racchi ayllo;https://www.getyourguide.com/urubamba-l164518/the-cooking-class-weaving-experience-in-racchi-ayllo-t1201252/
Perú;checacupe-l226994;1157029;Cusco pallay punchu raqchi and checacupe day;https://www.getyourguide.com/checacupe-l226994/cusco-pallay-punchu-raqchi-and-checacupe-day-trip-t1157029/
Perú;ica-l1608;1308211;Huacachina private paragliding and sandboarding combo in;https://www.getyourguide.com/ica-l1608/huacachina-private-paragliding-and-sandboarding-combo-in-the-desert-t1308211/
Perú;puerto-maldonado-l2146;414365;From puerto maldonado;https://www.getyourguide.com/puerto-maldonado-l2146/from-puerto-maldonado-tambopata-national-reserve-3-day-tour-t414365/
Perú;lima-l39;283287;From lima palomino islands sea lions swim yacht;https://www.getyourguide.com/lima-l39/from-lima-palomino-islands-sea-lions-swim-yacht-tour-t283287/
Perú;puno-l32157;502906;Puno bus station private;https://www.getyourguide.com/puno-l32157/puno-bus-station-private-transfer-t502906/
Perú;iquitos-l32156;557631;Full day monkey island;https://www.getyourguide.com/iquitos-l32156/full-day-monkey-island-tour-t557631/
Perú;trujillo-l2870;581581;Full day huacas of moche chan chan and beach huanchaco;https://www.getyourguide.com/trujillo-l2870/full-day-huacas-of-moche-chan-chan-and-beach-huanchaco-t581581/
Perú;urubamba-l164518;635562;Aguas calientes;https://www.getyourguide.com/urubamba-l164518/aguas-calientes-ticket-to-machupicchuhuchuypicchu-mountain-t635562/
Perú;lima-l39;655349;From lima 360deg panoramic bus;https://www.getyourguide.com/lima-l39/from-lima-360deg-panoramic-bus-t655349/
Perú;puno-l32157;490823;Kayaking at lake;https://www.getyourguide.com/puno-l32157/kayaking-at-lake-titicaca-t490823/
Perú;aguas-calientes-l91472;531072;From cusco 5 day salkantay;https://www.getyourguide.com/aguas-calientes-l91472/from-cusco-5-day-salkantay-trek-to-machu-picchu-t531072/
Perú;lima-l39;534657;Lima peruvian cooking class with wine;https://www.getyourguide.com/lima-l39/lima-peruvian-cooking-class-with-wine-tasting-t534657/
Perú;aguas-calientes-l91472;744727;Machu picchu by;https://www.getyourguide.com/aguas-calientes-l91472/machu-picchu-by-train-2-days-t744727/
Perú;puerto-maldonado-l2146;755329;Puerto maldonado jungle adventure zipline canopy kayak;https://www.getyourguide.com/puerto-maldonado-l2146/puerto-maldonado-jungle-adventure-zipline-canopy-kayak-t755329/
Perú;ica-l1608;784033;From huacachina sunset buggy and sandboarding in;https://www.getyourguide.com/ica-l1608/from-huacachina-sunset-buggy-and-sandboarding-in-the-dunes-t784033/
Perú;paracas-l32470;854264;Lima 1 day ballestas y huacachina oasis with wine dunes;https://www.getyourguide.com/paracas-l32470/lima-1-day-ballestas-y-huacachina-oasis-with-wine-dunes-t854264/
Perú;iquitos-l32156;882226;From iquitos 4 day amazon jungle camping adventure;https://www.getyourguide.com/iquitos-l32156/from-iquitos-4-day-amazon-jungle-camping-adventure-tour-t882226/
Perú;arequipa-l2859;748806;Quad;https://www.getyourguide.com/arequipa-l2859/quad-tour-in-arequipa-t748806/
Perú;lima-l39;841892;Lima paragliding flies over costa verde miraflores videos included;https://www.getyourguide.com/lima-l39/lima-paragliding-flies-over-costa-verde-miraflores-videos-included-t841892/
Perú;puno-l32157;844338;From puno route of;https://www.getyourguide.com/puno-l32157/from-puno-route-of-the-sun-from-puno-to-cusco--t844338/
Perú;paracas-l32470;851560;From ica 2 days;https://www.getyourguide.com/paracas-l32470/from-ica-2-days-tour-of-ica-huacachina-and-paracas-t851560/
Perú;chivay-l129313;873383;From arequipa colca canyon full day;https://www.getyourguide.com/chivay-l129313/from-arequipa-colca-canyon-full-day-tour-with-lunch-t873383/
Perú;lima-l39;1086419;Lima surf lesson at playa makaha in miraflores;https://www.getyourguide.com/lima-l39/lima-surf-lesson-at-playa-makaha-in-miraflores-t1086419/
Perú;paracas-l32470;967794;From paracas private;https://www.getyourguide.com/paracas-l32470/from-paracas-private-tour-to-laguna-rosada-playa-roja-and-la-catedral-t967794/
Perú;lima-l39;1158087;Ica ica wine and pisco;https://www.getyourguide.com/lima-l39/ica-ica-wine-and-pisco-tour-with-tastings-t1158087/
Perú;puerto-maldonado-l2146;981109;Puerto maldonado 3 day amazon jungle;https://www.getyourguide.com/puerto-maldonado-l2146/puerto-maldonado-3-day-amazon-jungle-tour-with-lodging-t981109/
Perú;arequipa-l2859;1038260;From arequipa colca canyon day hike;https://www.getyourguide.com/arequipa-l2859/from-arequipa-colca-canyon-day-hike-t1038260/
Perú;urubamba-l164518;1140905;Cusco perolniyoc waterfall ancascocha lagoon;https://www.getyourguide.com/urubamba-l164518/cusco-perolniyoc-waterfall-ancascocha-lagoon-trek-t1140905/
Perú;paracas-l32470;1182453;Huacachina sunset experience picnic among;https://www.getyourguide.com/paracas-l32470/huacachina-sunset-experience-picnic-among-the-dunes-t1182453/
Perú;puerto-maldonado-l2146;1249650;Puerto maldonado amazon adventure with kayak and zipline;https://www.getyourguide.com/puerto-maldonado-l2146/puerto-maldonado-amazon-adventure-with-kayak-and-zipline-t1249650/
Perú;paracas-l32470;1317612;Paracas private;https://www.getyourguide.com/paracas-l32470/paracas-private-tour-of-hidden-coves-and-desert-landscapes-t1317612/
Perú;puno-l32157;461317;Transfer from chivay puno chivay;https://www.getyourguide.com/puno-l32157/transfer-from-chivay-puno-chivay-t461317/
Perú;lima-l39;84804;3 day marchu picchu from el callao cruise ship;https://www.getyourguide.com/lima-l39/3-day-marchu-picchu-from-el-callao-cruise-ship-terminal-t84804/
Perú;lima-l39;498960;Lima powered paragliding flight over costa verde;https://www.getyourguide.com/lima-l39/lima-powered-paragliding-flight-over-costa-verde-t498960/
Perú;paracas-l32470;248652;Ballestas islands and huacachina oasis half day;https://www.getyourguide.com/paracas-l32470/ballestas-islands-and-huacachina-oasis-half-day-tour-t248652/
Perú;lima-l39;612911;Lima colonial city;https://www.getyourguide.com/lima-l39/lima-colonial-city-tour-with-visit-to-the-catacombs-t612911/
Perú;iquitos-l32156;523957;3 day all inclusive guided jungle;https://www.getyourguide.com/iquitos-l32156/3-day-all-inclusive-guided-jungle-tour-from-iquitos-ecolodge-t523957/
Perú;chivay-l129313;755321;Arequipa colca river canyon full day;https://www.getyourguide.com/chivay-l129313/arequipa-colca-river-canyon-full-day-t755321/
Perú;tarapoto-l140001;798124;Tarapoto lamas native village castle;https://www.getyourguide.com/tarapoto-l140001/tarapoto-lamas-native-village-castle-tour-t798124/
Perú;aguas-calientes-l91472;839010;Cusco inca jungle;https://www.getyourguide.com/aguas-calientes-l91472/cusco-inca-jungle-trek-to-machu-picchu-4-days-adrenaline-t839010/
Perú;puno-l32157;845491;From puno excursion;https://www.getyourguide.com/puno-l32157/from-puno-excursion-to-cutimbo-half-day--t845491/
Perú;huaral-l194839;872550; lima excursion;https://www.getyourguide.com/huaral-l194839/-lima-excursion-to-huaral-and-visit-to-the-chancay-castle--t872550/
Perú;chivay-l129313;759320;3 day;https://www.getyourguide.com/chivay-l129313/3-day-trek-to-the-colca-canyon-from-arequipa-ending-in-puno-t759320/
Perú;cajamarca-l116362;796888;Cajamarca callacpuma namora san nicolas lake;https://www.getyourguide.com/cajamarca-l116362/cajamarca-callacpuma-namora-san-nicolas-lake-t796888/
Perú;chiquian-l198998;836902;Huaraz;https://www.getyourguide.com/chiquian-l198998/huaraz-trekking-cordillera-de-huayhuash-8-days-t836902/
Perú;ayacucho-l152602;838967;Ayacucho colonial city;https://www.getyourguide.com/ayacucho-l152602/ayacucho-colonial-city-tour-t838967/
Perú;aguas-calientes-l91472;850838;Machupicchu 2 days 1 night;https://www.getyourguide.com/aguas-calientes-l91472/machupicchu-2-days-1-night-t850838/
Perú;ollantaytambo-l93095;883327;Reliable;https://www.getyourguide.com/ollantaytambo-l93095/reliable-transportation-pick-up-from-ollantaytambo-to-cusco-t883327/
Perú;aguas-calientes-l91472;892277;Machu picchu with;https://www.getyourguide.com/aguas-calientes-l91472/machu-picchu-with-the-rainbow-mountain-cusco-t892277/
Perú;paracas-l32470;1089471;Kayaking adventure in paracas bay;https://www.getyourguide.com/paracas-l32470/kayaking-adventure-in-paracas-bay-t1089471/
Perú;lima-l39;1092954;Lima surfing lessons with equipment included;https://www.getyourguide.com/lima-l39/lima-surfing-lessons-with-equipment-included-t1092954/
Perú;puno-l32157;1115058;From puno 2 day uros amantani and;https://www.getyourguide.com/puno-l32157/from-puno-2-day-uros-amantani-and-taquile-tour-with-a-folk-show-t1115058/
Perú;paracas-l32470;1119985;Full day;https://www.getyourguide.com/paracas-l32470/full-day-tour-from-lima-to-the-enigmatic-nazca-lines-with-overflight-t1119985/
Perú;lima-l39;1041014;Lima motorized paragliding flight on;https://www.getyourguide.com/lima-l39/lima-motorized-paragliding-flight-on-the-costa-verde-chorrillos-and-miraflores-t1041014/
Perú;ica-l1608;1155840;Flavors of ica;https://www.getyourguide.com/ica-l1608/flavors-of-ica-tradition-and-modernity-in-a-guided-experience-t1155840/
Perú;lima-l39;1161837;Callao palomino islands yacht;https://www.getyourguide.com/lima-l39/callao-palomino-islands-yacht-tour-with-sea-lions-swim-t1161837/
Perú;puno-l32157;1091984;Puno uros floating islands and;https://www.getyourguide.com/puno-l32157/puno-uros-floating-islands-and-taquile-island-day-trip-t1091984/
Perú;cruzpata-l238162;1280852;Cusco maras moray atv;https://www.getyourguide.com/cruzpata-l238162/cusco-maras-moray-atv-tour-with-photo-assistance-t1280852/
Perú;pisac-l119710;1254529;From cusco local experience at willoq stop at an ice cream parlor;https://www.getyourguide.com/pisac-l119710/from-cusco-local-experience-at-willoq-stop-at-an-ice-cream-parlor-t1254529/
Perú;puno-l32157;1270876;Lake;https://www.getyourguide.com/puno-l32157/lake-titicaca-rural-accommodation-and-immersive-experience-on-amantani-island-t1270876/
Perú;lima-l39;557505;Lima day;https://www.getyourguide.com/lima-l39/lima-day-trip-to-oasis-of-huacachina-paracas-sunset-t557505/
Perú;urubamba-l164518;663549;Tour sacred valley moray salt mines ollantaytambo pisacfood;https://www.getyourguide.com/urubamba-l164518/tour-sacred-valley-moray-salt-mines-ollantaytambo-pisacfood-t663549/
Perú;lima-l39;393748;Lima classic local market cordano;https://www.getyourguide.com/lima-l39/lima-classic-local-market-cordano-tavern-and-cathedral-t393748/
Perú;ollantaytambo-l93095;396519;From cusco ollantaytambo fortress half day private;https://www.getyourguide.com/ollantaytambo-l93095/from-cusco-ollantaytambo-fortress-half-day-private-tour-t396519/
Perú;puerto-maldonado-l2146;750802;From madre de dios night walk in;https://www.getyourguide.com/puerto-maldonado-l2146/from-madre-de-dios-night-walk-in-the-amazon-rainforest-t750802/
Perú;aguas-calientes-l91472;764323;Cusco sagred valley and machu picchu 2d1n;https://www.getyourguide.com/aguas-calientes-l91472/cusco-sagred-valley-and-machu-picchu-2d1n-t764323/
Perú;arequipa-l2859;798350;Tour of arequipa and its viewpoints;https://www.getyourguide.com/arequipa-l2859/tour-of-arequipa-and-its-viewpoints-t798350/
Perú;pisco-l148825;430433;Nazca lines flight from pisco airport;https://www.getyourguide.com/pisco-l148825/nazca-lines-flight-from-pisco-airport-t430433/
Perú;lima-l39;819516;From lima peru uyuni salt flats 4 days 3 nights;https://www.getyourguide.com/lima-l39/from-lima-peru-uyuni-salt-flats-4-days-3-nights-t819516/
Perú;puerto-maldonado-l2146;833084;Visit puerto maldonado exploration by kayak 4d3n ;https://www.getyourguide.com/puerto-maldonado-l2146/visit-puerto-maldonado-exploration-by-kayak-4d3n--t833084/
Perú;chivay-l129313;857866;Arequipa colca canyon 2 days ending;https://www.getyourguide.com/chivay-l129313/arequipa-colca-canyon-2-days-ending-to-puno-t857866/
Perú;urubamba-l164518;879851;Cusco sacred valley of;https://www.getyourguide.com/urubamba-l164518/cusco-sacred-valley-of-the-incas-buffet-lunch-t879851/
Perú;paracas-l32470;617050;Paracas short excursion;https://www.getyourguide.com/paracas-l32470/paracas-short-excursion-to-ballestas-island-sea-lions--t617050/
Perú;ica-l1608;1002020;Visit;https://www.getyourguide.com/ica-l1608/visit-to-caravedo-winery-premium-tasting-t1002020/
Perú;chivay-l129313;758088;Arequipa 1 day;https://www.getyourguide.com/chivay-l129313/arequipa-1-day-tour-to-the-colca-canyon-breakfast-t758088/
Perú;lima-l39;810785;Lima enjoy a football game all included with a local guide;https://www.getyourguide.com/lima-l39/lima-enjoy-a-football-game-all-included-with-a-local-guide-t810785/
Perú;chivay-l129313;829088;Arequipa excursion;https://www.getyourguide.com/chivay-l129313/arequipa-excursion-to-the-colca-canyon-ending-in-puno-t829088/
Perú;puerto-maldonado-l2146;1137228;Puerto maldonado;https://www.getyourguide.com/puerto-maldonado-l2146/puerto-maldonado-tambopata-candamo-5-day-expeditions-t1137228/
Perú;chivay-l129313;840945;2d colca canyon from puno;https://www.getyourguide.com/chivay-l129313/2d-colca-canyon-from-puno-t840945/
Perú;urubamba-l164518;852593;From cusco hiking by salkantay;https://www.getyourguide.com/urubamba-l164518/from-cusco-hiking-by-salkantay-to-machu-picchu-5-days-t852593/
Perú;paracas-l32470;855945;From lima ballestas islands winery and huacachina;https://www.getyourguide.com/paracas-l32470/from-lima-ballestas-islands-winery-and-huacachina-tour-t855945/
Perú;lima-l39;1164687;Lima huaca pucllana larco museum and barranco;https://www.getyourguide.com/lima-l39/lima-huaca-pucllana-larco-museum-and-barranco-tour-t1164687/
Perú;ollantaytambo-l93095;882323;Chinchero moray maras with ending in ollantaytambo;https://www.getyourguide.com/ollantaytambo-l93095/chinchero-moray-maras-with-ending-in-ollantaytambo-t882323/
Perú;trujillo-l2870;887194;Full day huacas de moche chan chan and huanchaco beach;https://www.getyourguide.com/trujillo-l2870/full-day-huacas-de-moche-chan-chan-and-huanchaco-beach-t887194/
Perú;ollantaytambo-l93095;948021;Cusco visit;https://www.getyourguide.com/ollantaytambo-l93095/cusco-visit-to-the-market-in-pisac-and-the-fortress-of-ollantaytambo-t948021/
Perú;huaraz-l360;1286771;Huaraz 3 day rock climbing course in los olivos;https://www.getyourguide.com/huaraz-l360/huaraz-3-day-rock-climbing-course-in-los-olivos-t1286771/
Perú;lima-l39;1086446;Lima by night huaca pucllana dinner;https://www.getyourguide.com/lima-l39/lima-by-night-huaca-pucllana-dinner-t1086446/
Perú;arequipa-l2859;1159997;Arequipa chocolate making workshop;https://www.getyourguide.com/arequipa-l2859/arequipa-chocolate-making-workshop-t1159997/
Perú;chinchero-l219429;1209251;Authentic andean experience moray maras salt mines and chinchero;https://www.getyourguide.com/chinchero-l219429/authentic-andean-experience-moray-maras-salt-mines-and-chinchero-textile-t1209251/
Perú;chavin-de-huantar-l149399;520914;From ansh huaraz exploradora 3 days 2 nights;https://www.getyourguide.com/chavin-de-huantar-l149399/from-ansh-huaraz-exploradora-3-days-2-nights-t520914/
Perú;paracas-l32470;557534;From lima 2 days;https://www.getyourguide.com/paracas-l32470/from-lima-2-days-to-paracas-huacachina-2-days1-night-t557534/
Perú;lima-l39;25399;Lima walking;https://www.getyourguide.com/lima-l39/lima-walking-tour-culture-food-hidden-gems-t25399/
Perú;lima-l39;197917;Lima ballestas huacachina day;https://www.getyourguide.com/lima-l39/lima-ballestas-huacachina-day-trip-w-nazca-lines-flight-t197917/
Perú;chivay-l129313;685666;From arequipa;https://www.getyourguide.com/chivay-l129313/from-arequipa-tour-colca-canyon-2d1n-ending-in-puno-t685666/
Perú;urubamba-l164518;694045;Huaynapicchu mountain entry;https://www.getyourguide.com/urubamba-l164518/huaynapicchu-mountain-entry-ticket-2026-t694045/
Perú;san-martin-de-porres-l214370;828110;Cuzco killarumiyoq archeological site guided;https://www.getyourguide.com/san-martin-de-porres-l214370/cuzco-killarumiyoq-archeological-site-guided-tour-t828110/
Perú;puno-l32157;844171;Uros;https://www.getyourguide.com/puno-l32157/uros-taquile-1-day-from-cusco-with-drop-off-in-cusco-t844171/
Perú;ica-l1608;847313;From lima ica and nazca huacachina wines overflight;https://www.getyourguide.com/ica-l1608/from-lima-ica-and-nazca-huacachina-wines-overflight-t847313/
Perú;chivay-l129313;901171;Tour 1 day colca canyon;https://www.getyourguide.com/chivay-l129313/tour-1-day-colca-canyon-tour-with-transfer-to-puno-t901171/
Perú;ayacucho-l152602;528055;From ayacucho;https://www.getyourguide.com/ayacucho-l152602/from-ayacucho-turquoise-water-of-millpu-t528055/
Perú;arequipa-l2859;1068242;Arequipa rafting adventure on;https://www.getyourguide.com/arequipa-l2859/arequipa-rafting-adventure-on-the-chili-river-with-pickup-t1068242/
Perú;ollantaytambo-l93095;1147192;Cusco awanacancha sacred valley;https://www.getyourguide.com/ollantaytambo-l93095/cusco-awanacancha-sacred-valley-tour-with-buffet-lunch-t1147192/
Perú;chivay-l129313;796235;Full day;https://www.getyourguide.com/chivay-l129313/full-day-tour-colca-canyon-with-breakfast-promotional-price-t796235/
Perú;paracas-l32470;1154802;Paracas ballestas islands sightseeing;https://www.getyourguide.com/paracas-l32470/paracas-ballestas-islands-sightseeing-tour-guided-mini-buggy-full-experience-t1154802/
Perú;lima-l39;826263;City by night with larco museum and magic water circuit;https://www.getyourguide.com/lima-l39/city-by-night-with-larco-museum-and-magic-water-circuit-t826263/
Perú;lima-l39;951555;Lima guided city;https://www.getyourguide.com/lima-l39/lima-guided-city-tour-with-meeting-point-t951555/
Perú;lima-l39;1255305;Paracas ica and premium;https://www.getyourguide.com/lima-l39/paracas-ica-and-premium-tasting-at-hacienda-caravedo-t1255305/
Perú;lima-l39;1066365;Lima cliffs colors in miraflores chorrillos barranco;https://www.getyourguide.com/lima-l39/lima-cliffs-colors-in-miraflores-chorrillos-barranco-t1066365/
Perú;arequipa-l2859;1312271;Arequipa colca canyon exclusive;https://www.getyourguide.com/arequipa-l2859/arequipa-colca-canyon-exclusive-tapay-vantage-point-t1312271/
Perú;puno-l32157;1087920;Puno lake;https://www.getyourguide.com/puno-l32157/puno-lake-titicaca-tour-on-the-exclusive-jumbo-catamaran-puno-dances-t1087920/
Perú;arequipa-l2859;1158269;Arequipa pillones waterfall and stone forest day;https://www.getyourguide.com/arequipa-l2859/arequipa-pillones-waterfall-and-stone-forest-day-trip-t1158269/
Perú;paracas-l32470;245642;Paracas ballestas islands morning boat;https://www.getyourguide.com/paracas-l32470/paracas-ballestas-islands-morning-boat-tour-t245642/
Perú;lima-l39;411164;Miraflores barranco lima s modern and bohemian;https://www.getyourguide.com/lima-l39/miraflores-barranco-lima-s-modern-and-bohemian-tour-t411164/
Perú;chinchero-l219429;1297273;Sacred valley experiential;https://www.getyourguide.com/chinchero-l219429/sacred-valley-experiential-tourism-with-llama-walk-and-andean-lunch-t1297273/
Perú;puerto-maldonado-l2146;573107;Explore;https://www.getyourguide.com/puerto-maldonado-l2146/explore-the-feather-festival-at-the-chuncho-clay-lick-t573107/
Perú;lima-l39;69119;From lima full day private caral;https://www.getyourguide.com/lima-l39/from-lima-full-day-private-caral-tour-t69119/
Perú;aguas-calientes-l91472;739484;Machu picchu by car 3 days 2 nights;https://www.getyourguide.com/aguas-calientes-l91472/machu-picchu-by-car-3-days-2-nights-t739484/
Perú;lima-l39;741941;Larco museum pisco;https://www.getyourguide.com/lima-l39/larco-museum-pisco-tavern-magic-water-circuit-evening-t741941/
Perú;urubamba-l164518;783883;Private;https://www.getyourguide.com/urubamba-l164518/private-transfer-sacred-valley-to-cusco-t783883/
Perú;arequipa-l2859;831259;Arequipa excursion;https://www.getyourguide.com/arequipa-l2859/arequipa-excursion-to-pillones-waterfalls-ful-day-t831259/
Perú;iquitos-l32156;841163;Iquitos;https://www.getyourguide.com/iquitos-l32156/iquitos-tour-to-the-amazon-nanay-and-momon-rivers-t841163/
Perú;iquitos-l32156;858644;Iquitos 2 days in;https://www.getyourguide.com/iquitos-l32156/iquitos-2-days-in-the-amazon-natural-wonder-of-the-world-t858644/
Perú;lima-l39;538698;Lima pre inca;https://www.getyourguide.com/lima-l39/lima-pre-inca-temple-of-pachacamac-t538698/
Perú;arequipa-l2859;877097;From arequipa sillar quarry and culebrillas canyon;https://www.getyourguide.com/arequipa-l2859/from-arequipa-sillar-quarry-and-culebrillas-canyon-tour-t877097/
Perú;paracas-l32470;885292;From ica paracas and huacachina oasis day;https://www.getyourguide.com/paracas-l32470/from-ica-paracas-and-huacachina-oasis-day-trip-with--t885292/
Perú;arequipa-l2859;568642;Rock climbing in arequipa peru;https://www.getyourguide.com/arequipa-l2859/rock-climbing-in-arequipa-peru-t568642/
Perú;lima-l39;646014;Lima bike;https://www.getyourguide.com/lima-l39/lima-bike-tour-in-miraflores-malecon-barranco-street-art-t646014/
Perú;pisac-l119710;981339;Pisac full day of artistic creativity and sound interpretation;https://www.getyourguide.com/pisac-l119710/pisac-full-day-of-artistic-creativity-and-sound-interpretation-t981339/
Perú;lima-l39;745608;Lima street food;https://www.getyourguide.com/lima-l39/lima-street-food-tour-markets-society-beyond-netflix-t745608/
Perú;huaraz-l360;759196;Huaraz lagoon paron;https://www.getyourguide.com/huaraz-l360/huaraz-lagoon-paron-turquoise-paradise-t759196/
Perú;urubamba-l164518;774180;From cusco sacred valley chinchero moray and maras;https://www.getyourguide.com/urubamba-l164518/from-cusco-sacred-valley-chinchero-moray-and-maras-tour-t774180/
Perú;chivay-l129313;1073336;From cabanaconde;https://www.getyourguide.com/chivay-l129313/from-cabanaconde-transfer-to-arequipa-with-a-stop-at-the-hot-springs-t1073336/
Perú;lima-l39;826230;Full day exclusive service from lima visit paracas and huacachina;https://www.getyourguide.com/lima-l39/full-day-exclusive-service-from-lima-visit-paracas-and-huacachina-t826230/
Perú;urubamba-l164518;829033;Cusco amazing;https://www.getyourguide.com/urubamba-l164518/cusco-amazing-trip-to-machu-picchu-from-cusco-6d5n-t829033/
Perú;aguas-calientes-l91472;829240;Machu picchu;https://www.getyourguide.com/aguas-calientes-l91472/machu-picchu-town-machu-picchu-ticket-with-guided-tour-t829240/
Perú;trujillo-l2870;1110506;Private;https://www.getyourguide.com/trujillo-l2870/private-tour-of-el-brujo-and-la-dama-de-cao-t1110506/
Perú;arequipa-l2859;895692;On;https://www.getyourguide.com/arequipa-l2859/on-the-way-to-pillones-waterfall-excursion-from-arequipa-t895692/
Perú;lima-l39;912550;Lima food;https://www.getyourguide.com/lima-l39/lima-food-tour-with-a-visit-to-a-local-market-and-tastings-t912550/
Perú;calca-l208593;1236163;Cusco ancasmarka inca;https://www.getyourguide.com/calca-l208593/cusco-ancasmarka-inca-trail-llamas-hot-springs-tour-t1236163/
Perú;ollantaytambo-l93095;1237416;Ollantaytambo private spiritual;https://www.getyourguide.com/ollantaytambo-l93095/ollantaytambo-private-spiritual-tour-with-andean-guide-t1237416/
Perú;mollepata-l215653;1249548;From cusco humantay lake hike andean;https://www.getyourguide.com/mollepata-l215653/from-cusco-humantay-lake-hike-andean-textile-center-tour-t1249548/
Perú;chivay-l129313;1090077;From arequipa 3 day hike;https://www.getyourguide.com/chivay-l129313/from-arequipa-3-day-hike-through-the-colca-canyon-t1090077/
Perú;huayopata-l219474;1096667;From cusco full day coffee route in huayopata;https://www.getyourguide.com/huayopata-l219474/from-cusco-full-day-coffee-route-in-huayopata-t1096667/
Perú;puno-l32157;1097117;Puno 2 day;https://www.getyourguide.com/puno-l32157/puno-2-day-tour-on-lake-titicoca-exclusive-catamaran-accommodation-in-uros-t1097117/
Perú;puno-l32157;197725;Puno lake;https://www.getyourguide.com/puno-l32157/puno-lake-titicaca-day-tour-t197725/
Perú;andahuaylillas-l146780;394552;Private half day;https://www.getyourguide.com/andahuaylillas-l146780/private-half-day-tour-tipon-pikillaqta-and-andahuaylillas-t394552/
Perú;tumbes-l198931;682897;Bewitching islands and mangroves in puerto pizarro;https://www.getyourguide.com/tumbes-l198931/bewitching-islands-and-mangroves-in-puerto-pizarro-tumbes-t682897/
Perú;chivay-l129313;695126;From arequipa;https://www.getyourguide.com/chivay-l129313/from-arequipa-tour-to-colca-canyon-transfer-to-cusco-t695126/
Perú;arequipa-l2859;480610;Arequipa airport private;https://www.getyourguide.com/arequipa-l2859/arequipa-airport-private-transfer-t480610/
Perú;aguas-calientes-l91472;816476;Cusco salkantay;https://www.getyourguide.com/aguas-calientes-l91472/cusco-salkantay-trek-4-days-3-nights-with-return-by-train-t816476/
Perú;urubamba-l164518;820474;Salkantay;https://www.getyourguide.com/urubamba-l164518/salkantay-trek-to-machu-picchu-five-days-t820474/
Perú;ica-l1608;849796;From ica los perdidos canyon excursion full day ;https://www.getyourguide.com/ica-l1608/from-ica-los-perdidos-canyon-excursion-full-day--t849796/
Perú;huaraz-l360;621820;Trekking cordillera huayhuash 08 days and 07 nights;https://www.getyourguide.com/huaraz-l360/trekking-cordillera-huayhuash-08-days-and-07-nights-t621820/
Perú;ayacucho-l152602;645902;Ayacucho qorihuillca canyons;https://www.getyourguide.com/ayacucho-l152602/ayacucho-qorihuillca-canyons-tour-a-los-siete-canones-t645902/
Perú;urubamba-l164518;749762;Camino selva inca 4 dias a machu picchu 4d 3n;https://www.getyourguide.com/urubamba-l164518/camino-selva-inca-4-dias-a-machu-picchu-4d-3n-t749762/
Perú;puerto-maldonado-l2146;1034449;From puerto maldonado inkaterra rainforest canopy;https://www.getyourguide.com/puerto-maldonado-l2146/from-puerto-maldonado-inkaterra-rainforest-canopy-tour-t1034449/
Perú;ica-l1608;784430;Visit;https://www.getyourguide.com/ica-l1608/visit-to-the-tacama-winery-wine-and-pisco-tasting-t784430/
Perú;puno-l32157;832225;From puno isla de los uros amantani;https://www.getyourguide.com/puno-l32157/from-puno-isla-de-los-uros-amantani-taquile-t832225/
Perú;paracas-l32470;846222;From paracas ballestas islands guided boat;https://www.getyourguide.com/paracas-l32470/from-paracas-ballestas-islands-guided-boat-tour-t846222/
Perú;aguas-calientes-l91472;856204;From cusco machu picchu by;https://www.getyourguide.com/aguas-calientes-l91472/from-cusco-machu-picchu-by-train-full-day-tour-t856204/
Perú;puno-l32157;872502;From puno;https://www.getyourguide.com/puno-l32157/from-puno-tour-aymara-route-full-day-t872502/
Perú;ollantaytambo-l93095;883320; unforgettable;https://www.getyourguide.com/ollantaytambo-l93095/-unforgettable-trip-from-cusco-to-ollantaytambo--t883320/
Perú;lima-l39;893875;Tour from lima;https://www.getyourguide.com/lima-l39/tour-from-lima-to-the-palomino-islands-t893875/
Perú;puno-l32157;1020150;Street food;https://www.getyourguide.com/puno-l32157/street-food-tour-in-puno-by-night-t1020150/
Perú;huaraz-l360;1270102;From huaraz laguna 69;https://www.getyourguide.com/huaraz-l360/from-huaraz-laguna-69-trek-with-national-park-entry-t1270102/
Perú;santa-rosa-apurimac-l218708;1114584;Santa rosa kunurana viewpoint hike with lunch;https://www.getyourguide.com/santa-rosa-apurimac-l218708/santa-rosa-kunurana-viewpoint-hike-with-lunch-t1114584/
Perú;puno-l32157;1151723;Puno sillustani archaeological site guided;https://www.getyourguide.com/puno-l32157/puno-sillustani-archaeological-site-guided-tour-t1151723/
Perú;arequipa-l2859;1158254;Arequipa salinas salt flats lagoons and city;https://www.getyourguide.com/arequipa-l2859/arequipa-salinas-salt-flats-lagoons-and-city-tour-t1158254/
Perú;huaraz-l360;1214355;Huaraz laguna 69 guided hike in huascaran national park;https://www.getyourguide.com/huaraz-l360/huaraz-laguna-69-guided-hike-in-huascaran-national-park-t1214355/
Perú;arequipa-l2859;1270111;From arequipa laguna de salinas and hot springs day;https://www.getyourguide.com/arequipa-l2859/from-arequipa-laguna-de-salinas-and-hot-springs-day-trip-t1270111/
Perú;mollepata-l215653;1301278;From cusco humantay lake;https://www.getyourguide.com/mollepata-l215653/from-cusco-humantay-lake-turquoise-water-summit-t1301278/
Perú;lima-l39;543714;Lima guided;https://www.getyourguide.com/lima-l39/lima-guided-tour-to-pachacamac-temple-t543714/
Perú;lima-l39;169147;Lima shanty;https://www.getyourguide.com/lima-l39/lima-shanty-town-exploration-t169147/
Perú;chivay-l129313;805495;1 day excursion;https://www.getyourguide.com/chivay-l129313/1-day-excursion-to-the-colca-canyon-hot-springs-t805495/
Perú;tumbes-l198931;839630;Tumbes amotape national park;https://www.getyourguide.com/tumbes-l198931/tumbes-amotape-national-park-t839630/
Perú;ica-l1608;844001;Huacachina dinner in;https://www.getyourguide.com/ica-l1608/huacachina-dinner-in-the-desert-t844001/
Perú;lima-l39;860203;From lima fantastic peru with machu picchu 5 days 4 nights;https://www.getyourguide.com/lima-l39/from-lima-fantastic-peru-with-machu-picchu-5-days-4-nights-t860203/
Perú;aguas-calientes-l91472;508787;From cusco machu picchu waynapicchu mountain with;https://www.getyourguide.com/aguas-calientes-l91472/from-cusco-machu-picchu-waynapicchu-mountain-with-tickets-t508787/
Perú;iquitos-l32156;882295;From iquitos 7 day amazon jungle camping experience;https://www.getyourguide.com/iquitos-l32156/from-iquitos-7-day-amazon-jungle-camping-experience-t882295/
Perú;puno-l32157;886377;Puno full day uros floating islands;https://www.getyourguide.com/puno-l32157/puno-full-day-uros-floating-islands-taquile-spanishenglish-guide-t886377/
Perú;ayacucho-l152602;555827;From ayacucho;https://www.getyourguide.com/ayacucho-l152602/from-ayacucho-tour-to-vilcashuaman-the-inca-route-t555827/
Perú;cajamarca-l116362;973552;From cajamarca private excursion;https://www.getyourguide.com/cajamarca-l116362/from-cajamarca-private-excursion-to-the-kuelap-fortress-full-day-t973552/
Perú;chiclayo-l32245;1001975;Chiclayo surf lesson for beginners and advanced surfers;https://www.getyourguide.com/chiclayo-l32245/chiclayo-surf-lesson-for-beginners-and-advanced-surfers-t1001975/
Perú;lima-l39;658378;Lima food;https://www.getyourguide.com/lima-l39/lima-food-tour-on-local-market-t658378/
Perú;puno-l32157;663878;Puno lake;https://www.getyourguide.com/puno-l32157/puno-lake-titicaca-with-uros-taquile-speedboat-tour-t663878/
Perú;paucartambo-l194776;1063851;Cusco manu bio lodge 3 day all inclusive amazon retreat;https://www.getyourguide.com/paucartambo-l194776/cusco-manu-bio-lodge-3-day-all-inclusive-amazon-retreat-t1063851/
Perú;puno-l32157;1077374;Puno uros;https://www.getyourguide.com/puno-l32157/puno-uros-taquile-tour-overnight-in-luquina-community-vip-speedboat-t1077374/
Perú;arequipa-l2859;1081572;Natural perfume workshop in arequipa using peruvian essential oils;https://www.getyourguide.com/arequipa-l2859/natural-perfume-workshop-in-arequipa-using-peruvian-essential-oils-t1081572/
Perú;aguas-calientes-l91472;740704;Trip;https://www.getyourguide.com/aguas-calientes-l91472/trip-through-the-inca-jungle-3-days-to-machu-picchu-t740704/
Perú;paracas-l32470;741109;Bus lima;https://www.getyourguide.com/paracas-l32470/bus-lima-to-paracas-from-miraflores-or-barranco-t741109/
Perú;calca-l208593;755488;Zoologico de cochawasi vuelo del condor presencia de puma;https://www.getyourguide.com/calca-l208593/zoologico-de-cochawasi-vuelo-del-condor-presencia-de-puma-t755488/
Perú;lima-l39;771606;Yacht;https://www.getyourguide.com/lima-l39/yacht-tour-around-the-palomino-island-t771606/
Perú;lima-l39;786652;Lima miraflores paracas ballestas islands huacachina buggies;https://www.getyourguide.com/lima-l39/lima-miraflores-paracas-ballestas-islands-huacachina-buggies-taxes-t786652/
Perú;arequipa-l2859;797422;Discover arequipa a walking;https://www.getyourguide.com/arequipa-l2859/discover-arequipa-a-walking-tour-of-the-historical-center-t797422/
Perú;iquitos-l32156;827224;From iquitos beatiful island city;https://www.getyourguide.com/iquitos-l32156/from-iquitos-beatiful-island-city-tour-belen-market-t827224/
Perú;chivay-l129313;1149068;From arequipa special 3 day hiking;https://www.getyourguide.com/chivay-l129313/from-arequipa-special-3-day-hiking-tour-in-the-colca-canyon-t1149068/
Perú;arequipa-l2859;829756;Adventure day in arequipa pillones waterfall stone forest;https://www.getyourguide.com/arequipa-l2859/adventure-day-in-arequipa-pillones-waterfall-stone-forest-t829756/
Perú;lima-l39;834704;Transfer from lima airport;https://www.getyourguide.com/lima-l39/transfer-from-lima-airport-to-miraflores-barranco-sanisidro-t834704/
Perú;chivay-l129313;840050;Arequipa excursion;https://www.getyourguide.com/chivay-l129313/arequipa-excursion-to-chivay-and-the-colca-canyon-t840050/
Perú;iquitos-l32156;876756;1day excursion;https://www.getyourguide.com/iquitos-l32156/1day-excursion-to-the-pacaya-samiria-piranha-fishing-reserve-t876756/
Perú;chiclayo-l32245;1221451;Trujillo;https://www.getyourguide.com/chiclayo-l32245/trujillo-to-chiclayo-sipan-archaeology-museum-experience-t1221451/
Perú;puno-l32157;1269691;Puno lake;https://www.getyourguide.com/puno-l32157/puno-lake-titicaca-uros-sillustani-tour-with-lunch-t1269691/
Perú;aguas-calientes-l91472;1277753;Cusco 2 day inca jungle adventure with sky lodge stay;https://www.getyourguide.com/aguas-calientes-l91472/cusco-2-day-inca-jungle-adventure-with-sky-lodge-stay-t1277753/
Perú;paracas-l32470;1050510;Paracas paracas national reserve hike;https://www.getyourguide.com/paracas-l32470/paracas-paracas-national-reserve-hike-t1050510/
Perú;paracas-l32470;1301304;Paracas 2 day 1 night excursion;https://www.getyourguide.com/paracas-l32470/paracas-2-day-1-night-excursion-to-ica-and-huacachina-t1301304/
Perú;lima-l39;564655;Visit;https://www.getyourguide.com/lima-l39/visit-the-new-pallaypunchu-mountain-of-colors-from-cusco-t564655/
Perú;lima-l39;1314675;Tour food in local markets and water park in lima;https://www.getyourguide.com/lima-l39/tour-food-in-local-markets-and-water-park-in-lima-t1314675/
Perú;aguas-calientes-l91472;602955;Machu picchu entrance;https://www.getyourguide.com/aguas-calientes-l91472/machu-picchu-entrance-ticket-and-bus-transfer-from-aguas-ca-t602955/
Perú;lima-l39;633169;Tour;https://www.getyourguide.com/lima-l39/tour-to-the-magical-water-circuit-with-dinner-and-dance-show-t633169/
Perú;ayacucho-l152602;688982;Explore;https://www.getyourguide.com/ayacucho-l152602/explore-the-wari-culture-in-ayacucho-t688982/
Perú;aguas-calientes-l91472;694324;Cusco;https://www.getyourguide.com/aguas-calientes-l91472/cusco-transfer-cusco-to-hydroelectric-to-go-to-machupicchu-t694324/
Perú;puno-l32157;834767;From puno uyuni salt flat excursion 2 day1 night;https://www.getyourguide.com/puno-l32157/from-puno-uyuni-salt-flat-excursion-2-day1-night-t834767/
Perú;lima-l39;471681;Lima street food and market;https://www.getyourguide.com/lima-l39/lima-street-food-and-market-tour-in-the-historic-center-t471681/
Perú;paracas-l32470;860209;From lima paracas and huacachina full day;https://www.getyourguide.com/paracas-l32470/from-lima-paracas-and-huacachina-full-day-tour-with--t860209/
Perú;urubamba-l164518;874738;Mystical journey machu picchu ausangate hotel in 8d7n;https://www.getyourguide.com/urubamba-l164518/mystical-journey-machu-picchu-ausangate-hotel-in-8d7n-t874738/
Perú;urubamba-l164518;881143;Cusco urubamba valley private;https://www.getyourguide.com/urubamba-l164518/cusco-urubamba-valley-private-transfer-t881143/
Perú;iquitos-l32156;540799;Iquitos amazon jungle in 3 days adventure and culture;https://www.getyourguide.com/iquitos-l32156/iquitos-amazon-jungle-in-3-days-adventure-and-culture-t540799/
Perú;aguas-calientes-l91472;548993;4 day inca;https://www.getyourguide.com/aguas-calientes-l91472/4-day-inca-trail-to-machu-picchu-t548993/
Perú;lima-l39;953482;Lima city;https://www.getyourguide.com/lima-l39/lima-city-tour-360deg-panoramic-bus-t953482/
Perú;trujillo-l2870;581582;Excursion hald day;https://www.getyourguide.com/trujillo-l2870/excursion-hald-day-to-chan-chan-beach-of-huanchaco-t581582/
Perú;aguas-calientes-l91472;638426;Machu picchu all inclusive adventure by;https://www.getyourguide.com/aguas-calientes-l91472/machu-picchu-all-inclusive-adventure-by-train-private-tour-t638426/
Perú;churin-l194357;644635;Full day excursion;https://www.getyourguide.com/churin-l194357/full-day-excursion-to-sayan-and-churin-t644635/
Perú;chivay-l129313;650350;Transport arequipa;https://www.getyourguide.com/chivay-l129313/transport-arequipa-to-cabanaconde-colca-t650350/
Perú;urubamba-l164518;1039096;Urubamba sacred valley rafting adventure shamanhorse ride;https://www.getyourguide.com/urubamba-l164518/urubamba-sacred-valley-rafting-adventure-shamanhorse-ride-t1039096/
Perú;chiclayo-l32245;794330;Chiclayo;https://www.getyourguide.com/chiclayo-l32245/chiclayo-tucume-s-pyramids-and-pomac-rainforest-t794330/
Perú;ica-l1608;804422;Ica pisco and wine guided;https://www.getyourguide.com/ica-l1608/ica-pisco-and-wine-guided-tour-with-tastings-t804422/
Perú;mollepata-l215653;1125663;Humantay lake full day vip;https://www.getyourguide.com/mollepata-l215653/humantay-lake-full-day-vip-tour-guided-in-portuguese-t1125663/
Perú;arequipa-l2859;832808;4 hour excursion sillar route with hiking in culebrillas;https://www.getyourguide.com/arequipa-l2859/4-hour-excursion-sillar-route-with-hiking-in-culebrillas-t832808/
Perú;lima-l39;1194066;Private excursion;https://www.getyourguide.com/lima-l39/private-excursion-to-huacachina-and-hacienda-tacama-from-lima-t1194066/
Perú;trujillo-l2870;881088;Trujillo;https://www.getyourguide.com/trujillo-l2870/trujillo-the-sorcerer-and-the-lady-of-cao-t881088/
Perú;puno-l32157;1262393;Sillustani chullpas sunset;https://www.getyourguide.com/puno-l32157/sillustani-chullpas-sunset-tour-small-group-t1262393/
Perú;combapata-l225797;1314933;Cuzco pallay poncho;https://www.getyourguide.com/combapata-l225797/cuzco-pallay-poncho-the-hidden-rainbow-peaks-of-the-andes-t1314933/
Perú;urubamba-l164518;1130105;Private vip maras moray and ollantaytambo;https://www.getyourguide.com/urubamba-l164518/private-vip-maras-moray-and-ollantaytambo-tour-guided-in-portuguese-t1130105/
Perú;lima-l39;210315;Lima;https://www.getyourguide.com/lima-l39/lima-taste-peru-in-bohemian-barranco-6-tastings-t210315/
Perú;lima-l39;237177;Dinner with folkloric show at casa;https://www.getyourguide.com/lima-l39/dinner-with-folkloric-show-at-casa-tambo-restaurant-t237177/
Perú;puerto-maldonado-l2146;407598;Puerto maldonado 2 day peruvian;https://www.getyourguide.com/puerto-maldonado-l2146/puerto-maldonado-2-day-peruvian-tambopata-jungle-trip-t407598/
Perú;puerto-maldonado-l2146;1322852;Puerto maldonado 4 day;https://www.getyourguide.com/puerto-maldonado-l2146/puerto-maldonado-4-day-tambopata-amazon-photography-tour-t1322852/
Perú;chivay-l129313;554986;Arequipa;https://www.getyourguide.com/chivay-l129313/arequipa-trekking-to-the-colca-canyon-2-days1-night-t554986/
Perú;lima-l39;165167;Pachacamac archaeological inca complex from lima;https://www.getyourguide.com/lima-l39/pachacamac-archaeological-inca-complex-from-lima-t165167/
Perú;puerto-maldonado-l2146;184073;Tambopata peruvian amazon jungle for;https://www.getyourguide.com/puerto-maldonado-l2146/tambopata-peruvian-amazon-jungle-for-three-daystwo-nights-t184073/
Perú;lima-l39;373280;Lima 2 day;https://www.getyourguide.com/lima-l39/lima-2-day-tour-to-paracas-ballestas-island-huacachina-t373280/
Perú;arequipa-l2859;714681;Downhill;https://www.getyourguide.com/arequipa-l2859/downhill-tour-mountain-bike-in-arequipa-t714681/
Perú;ollantaytambo-l93095;396744;Sacred valley via ferrata and zip line climbing;https://www.getyourguide.com/ollantaytambo-l93095/sacred-valley-via-ferrata-and-zip-line-climbing-tour-t396744/
Perú;arequipa-l2859;783784;Arequipa food;https://www.getyourguide.com/arequipa-l2859/arequipa-food-tour-gastronomic-tour-t783784/
Perú;arequipa-l2859;828360;Adventure day in arequipa pillones waterfall rock forest;https://www.getyourguide.com/arequipa-l2859/adventure-day-in-arequipa-pillones-waterfall-rock-forest-t828360/
Perú;huaraz-l360;831422;Huaraz full day honcopampa chancos hot springs;https://www.getyourguide.com/huaraz-l360/huaraz-full-day-honcopampa-chancos-hot-springs-t831422/
Perú;aguas-calientes-l91472;839916;Private guide in machu picchu;https://www.getyourguide.com/aguas-calientes-l91472/private-guide-in-machu-picchu-t839916/
Perú;lima-l39;857743;4 day;https://www.getyourguide.com/lima-l39/4-day-tour-lima-cusco-and-machu-picchu-excursion-by-train-t857743/
Perú;ollantaytambo-l93095;883384;Explore;https://www.getyourguide.com/ollantaytambo-l93095/explore-the-sacred-valley-pisac-ollantaytambo-and-chinchero-t883384/
Perú;lima-l39;557545;From lima cordillera de la viuda mountain exploration;https://www.getyourguide.com/lima-l39/from-lima-cordillera-de-la-viuda-mountain-exploration-t557545/
Perú;arequipa-l2859;606570;From arequipa countryside by panoramic bus;https://www.getyourguide.com/arequipa-l2859/from-arequipa-countryside-by-panoramic-bus-t606570/
Perú;urubamba-l164518;608062;From cusco classic sacred valley full day;https://www.getyourguide.com/urubamba-l164518/from-cusco-classic-sacred-valley-full-day-t608062/
Perú;arequipa-l2859;1006570;Arequipa city highlights bus;https://www.getyourguide.com/arequipa-l2859/arequipa-city-highlights-bus-tour-with-transfer-t1006570/
Perú;arequipa-l2859;639235;Arequipa hands on experience master peruvian cooking;https://www.getyourguide.com/arequipa-l2859/arequipa-hands-on-experience-master-peruvian-cooking-t639235/
Perú;puerto-maldonado-l2146;1079454;Puerto maldonado;https://www.getyourguide.com/puerto-maldonado-l2146/puerto-maldonado-taricaya-wildlife-rescue-center-tour-t1079454/
Perú;paracas-l32470;1080896;Ballestas islands wildlife and paracas sea marine safari;https://www.getyourguide.com/paracas-l32470/ballestas-islands-wildlife-and-paracas-sea-marine-safari-t1080896/
Perú;lima-l39;748863;Lima 4 course peruvian cooking class in miraflores;https://www.getyourguide.com/lima-l39/lima-4-course-peruvian-cooking-class-in-miraflores-t748863/
Perú;lima-l39;792201;Lima;https://www.getyourguide.com/lima-l39/lima-transfer-autisha-canyon-t792201/
Perú;urubamba-l164518;856651;Machupicchu and rainbow mountain;https://www.getyourguide.com/urubamba-l164518/machupicchu-and-rainbow-mountain-tour-2-days-1-night--t856651/
Perú;urubamba-l164518;867213;From cusco sacred valley pisac and ollantaytambo day;https://www.getyourguide.com/urubamba-l164518/from-cusco-sacred-valley-pisac-and-ollantaytambo-day-trip-t867213/
Perú;lima-l39;879768;Panoramic bus 360deg in lima history art;https://www.getyourguide.com/lima-l39/panoramic-bus-360deg-in-lima-history-art-t879768/
Perú;cajamarca-l116362;962264;Cajamarca la colpa llacanora banos del inca;https://www.getyourguide.com/cajamarca-l116362/cajamarca-la-colpa-llacanora-banos-del-inca-tour-t962264/
Perú;ica-l1608;1012294;Huacachina beginner sandboarding experience sunset dune buggy ride;https://www.getyourguide.com/ica-l1608/huacachina-beginner-sandboarding-experience-sunset-dune-buggy-ride-t1012294/
Perú;quistococha-l210218;794299;Tour quistococha lagoon;https://www.getyourguide.com/quistococha-l210218/tour-quistococha-lagoon-t794299/
Perú;pucallpa-l218329;801491;Pucallpa el pongo curimana;https://www.getyourguide.com/pucallpa-l218329/pucallpa-el-pongo-curimana-t801491/
Perú;chivay-l129313;804724;Classic colca canyon;https://www.getyourguide.com/chivay-l129313/classic-colca-canyon-tour-2-days-t804724/
Perú;huaraz-l360;591496;Trekking cordillera huayhuash 10 days and 9 nights;https://www.getyourguide.com/huaraz-l360/trekking-cordillera-huayhuash-10-days-and-9-nights-t591496/
Perú;chivay-l129313;828321;Arequipa canon de colca 2 dias;https://www.getyourguide.com/chivay-l129313/arequipa-canon-de-colca-2-dias-t828321/
Perú;huaraz-l360;829351;Huaraz full day nevado pastoruri sparkling waters;https://www.getyourguide.com/huaraz-l360/huaraz-full-day-nevado-pastoruri-sparkling-waters-t829351/
Perú;lima-l39;608412;From lima pachacamac inka pyramids;https://www.getyourguide.com/lima-l39/from-lima-pachacamac-inka-pyramids-the-larco-museum-tour-t608412/
Perú;urubamba-l164518;628831;Full day sacred valley;https://www.getyourguide.com/urubamba-l164518/full-day-sacred-valley-tour-with-maras-moray-t628831/
Perú;chivay-l129313;635570;From arequipa colca canyon;https://www.getyourguide.com/chivay-l129313/from-arequipa-colca-canyon-trekking-3-days-t635570/
Perú;lima-l39;860229;Lima paracas and;https://www.getyourguide.com/lima-l39/lima-paracas-and-the-huacachina-oasis-guided-day-tour-t860229/
Perú;chachapoyas-l135812;637462;Chachapoyas llaqta of kuelap cableway entrance ;https://www.getyourguide.com/chachapoyas-l135812/chachapoyas-llaqta-of-kuelap-cableway-entrance--t637462/
Perú;paracas-l32470;864914;From lima paracas and huacachina day;https://www.getyourguide.com/paracas-l32470/from-lima-paracas-and-huacachina-day-trip-with-buggy-ride-t864914/
Perú;arequipa-l2859;643585;From arequipa full day;https://www.getyourguide.com/arequipa-l2859/from-arequipa-full-day-tour-of-colca-canyon-with-breakfast-t643585/
Perú;aguas-calientes-l91472;644734;From cusco excursion;https://www.getyourguide.com/aguas-calientes-l91472/from-cusco-excursion-to-machu-picchu-1-day-ticket-train-t644734/
Perú;arequipa-l2859;875782;Caves of rock art in sumbay;https://www.getyourguide.com/arequipa-l2859/caves-of-rock-art-in-sumbay-t875782/
Perú;lima-l39;921152;Lima complete downtown catacombs miraflores barranco and san isidro;https://www.getyourguide.com/lima-l39/lima-complete-downtown-catacombs-miraflores-barranco-and-san-isidro-t921152/
Perú;iquitos-l32156;970995;Iquitos belen market and floating houses;https://www.getyourguide.com/iquitos-l32156/iquitos-belen-market-and-floating-houses-tour-t970995/
Perú;chiclayo-l32245;974444;Chiclayo city highlights;https://www.getyourguide.com/chiclayo-l32245/chiclayo-city-highlights-tour-with-hotel-pickup-t974444/
Perú;arequipa-l2859;825079;Full day pillones waterfall and rock forest;https://www.getyourguide.com/arequipa-l2859/full-day-pillones-waterfall-and-rock-forest-t825079/
Perú;aguas-calientes-l91472;825859;Machu picchu full day from cusco;https://www.getyourguide.com/aguas-calientes-l91472/machu-picchu-full-day-from-cusco-t825859/
Perú;lima-l39;832282;Miraflores barranco and san isidro;https://www.getyourguide.com/lima-l39/miraflores-barranco-and-san-isidro-tourist-districts-of-lima-t832282/
Perú;ica-l1608;833127;Peru and bolivia 16 days 15 nights;https://www.getyourguide.com/ica-l1608/peru-and-bolivia-16-days-15-nights-t833127/
Perú;ollantaytambo-l93095;1268657;Visit pisay ollantaytambo empanada workshop;https://www.getyourguide.com/ollantaytambo-l93095/visit-pisay-ollantaytambo-empanada-workshop-t1268657/
Perú;lima-l39;889525;From lima huacachina oasis day;https://www.getyourguide.com/lima-l39/from-lima-huacachina-oasis-day-trip-with-buggy-ride-t889525/
Perú;lima-l39;1299098;Lima wholesale market;https://www.getyourguide.com/lima-l39/lima-wholesale-market-tour-t1299098/
Perú;caraz-peru-l248214;1104609;Huaraz 2 extreme days paron lagoon;https://www.getyourguide.com/caraz-peru-l248214/huaraz-2-extreme-days-paron-lagoon-trekking-to-nevado-mateo-t1104609/
Perú;ica-l1608;1018518;From ica nazca lines flight archaeological;https://www.getyourguide.com/ica-l1608/from-ica-nazca-lines-flight-archaeological-tour-t1018518/
Perú;calca-l208593;1159415;Cochahuasi animal sanctuary;https://www.getyourguide.com/calca-l208593/cochahuasi-animal-sanctuary-ticket-special-tour-t1159415/
Perú;puno-l32157;1121623;Full day uros;https://www.getyourguide.com/puno-l32157/full-day-uros-taquile-tour-on-a-fast-catamaran-with-dances-and-local-lunch-t1121623/
Perú;lima-l39;1263300;Bohemian lima walking;https://www.getyourguide.com/lima-l39/bohemian-lima-walking-tour-t1263300/
Perú;lima-l39;545522;Lima larco museum water magic circuit private;https://www.getyourguide.com/lima-l39/lima-larco-museum-water-magic-circuit-private-tour-t545522/
Perú;arequipa-l2859;555010;Half day;https://www.getyourguide.com/arequipa-l2859/half-day-tour-in-arequipa-sillar-route-t555010/
Perú;tumbes-l198931;593493;Tumbes puerto pizarro islands and mangroves;https://www.getyourguide.com/tumbes-l198931/tumbes-puerto-pizarro-islands-and-mangroves-t593493/
Perú;lima-l39;608974;From lima city;https://www.getyourguide.com/lima-l39/from-lima-city-tour-with-catacombs-pachacamac-inka-ruins-t608974/
Perú;paracas-l32470;246227;From paracas ballestas group paracas reserve private;https://www.getyourguide.com/paracas-l32470/from-paracas-ballestas-group-paracas-reserve-private-t246227/
Perú;chivay-l129313;710702;Arequipa food;https://www.getyourguide.com/chivay-l129313/arequipa-food-tour-t710702/
Perú;lima-l39;480515;Lima airport private;https://www.getyourguide.com/lima-l39/lima-airport-private-transfer-tofrom-miraflores-barranco-t480515/
Perú;paracas-l32470;159866;Ballestas;https://www.getyourguide.com/paracas-l32470/ballestas-tambo-colorado-from-pisco-cruiseship-terminal-t159866/
Perú;arequipa-l2859;839014;Arequipa pichu pichu bike;https://www.getyourguide.com/arequipa-l2859/arequipa-pichu-pichu-bike-tour-half-day-t839014/
Perú;urubamba-l164518;554907;7th wonder machu picchu huayna picchu mountain;https://www.getyourguide.com/urubamba-l164518/7th-wonder-machu-picchu-huayna-picchu-mountain-t554907/
Perú;puerto-maldonado-l2146;858643;From puerto maldonado 3 hour sunset boat ride ;https://www.getyourguide.com/puerto-maldonado-l2146/from-puerto-maldonado-3-hour-sunset-boat-ride--t858643/
Perú;aguas-calientes-l91472;868291; glamping sky lodge domes 2 day humantay lake salkantay;https://www.getyourguide.com/aguas-calientes-l91472/-glamping-sky-lodge-domes-2-day-humantay-lake-salkantay-t868291/
Perú;lima-l39;618661;Lima visit;https://www.getyourguide.com/lima-l39/lima-visit-to-the-pachacamac-citadel-t618661/
Perú;chachapoyas-l135812;908899;Kuelap;https://www.getyourguide.com/chachapoyas-l135812/kuelap-tours-teleferico-in-chachapoyas-t908899/
Perú;lima-l39;471196;Barranco and;https://www.getyourguide.com/lima-l39/barranco-and-temple-of-pachacamac-half-day-tour-t471196/
Perú;huaraz-l360;1007053;From huaraz laguna paron full day;https://www.getyourguide.com/huaraz-l360/from-huaraz-laguna-paron-full-day-t1007053/
Perú;lima-l39;556270;Lima city;https://www.getyourguide.com/lima-l39/lima-city-tour-half-day--t556270/
Perú;lima-l39;557673;Lima magic water circuit illuminated water night show;https://www.getyourguide.com/lima-l39/lima-magic-water-circuit-illuminated-water-night-show-t557673/
Perú;arequipa-l2859;735823;Full day;https://www.getyourguide.com/arequipa-l2859/full-day-tour-to-colca-canyon-t735823/
Perú;piura-l156022;584363;Piura adventure in mancora with underwater;https://www.getyourguide.com/piura-l156022/piura-adventure-in-mancora-with-underwater-turtle-encounter-t584363/
Perú;lima-l39;608223;From lima exciting;https://www.getyourguide.com/lima-l39/from-lima-exciting-tour-of-the-magical-water-circuit-t608223/
Perú;trujillo-l2870;609483;Trujillo airport private;https://www.getyourguide.com/trujillo-l2870/trujillo-airport-private-transfer-t609483/
Perú;mancora-l219469;799436;Mancora swim with;https://www.getyourguide.com/mancora-l219469/mancora-swim-with-turtles-life-time-experience-t799436/
Perú;tumbes-l198931;800324;Tumbes puerto pizarro mangroves islands;https://www.getyourguide.com/tumbes-l198931/tumbes-puerto-pizarro-mangroves-islands-tour-t800324/
Perú;urubamba-l164518;641420;Cusco sacred valley andean buffet lunch ;https://www.getyourguide.com/urubamba-l164518/cusco-sacred-valley-andean-buffet-lunch--t641420/
Perú;huaraz-l360;830440;Huaraz full day at chavin de huantar;https://www.getyourguide.com/huaraz-l360/huaraz-full-day-at-chavin-de-huantar-t830440/
Perú;lima-l39;660205;4 day;https://www.getyourguide.com/lima-l39/4-day-tour-lima-cusco-and-tour-to-machu-picchu-by-train-t660205/
Perú;layo-peru-l218573;844531;Pallay punchu rainbow mountain;https://www.getyourguide.com/layo-peru-l218573/pallay-punchu-rainbow-mountain-t844531/
Perú;ica-l1608;856012;Peru camel ride and wine;https://www.getyourguide.com/ica-l1608/peru-camel-ride-and-wine-tasting-experience-t856012/
Perú;huasao-l218454;862722;Mystic cusco huasao valley of;https://www.getyourguide.com/huasao-l218454/mystic-cusco-huasao-valley-of-the-goblins-abode-t862722/
Perú;puerto-maldonado-l2146;875712;Puerto maldonado 4 day amazon jungle adventure;https://www.getyourguide.com/puerto-maldonado-l2146/puerto-maldonado-4-day-amazon-jungle-adventure-t875712/
Perú;chinchero-l219429;877819;Paragliding in cusco chinchero sacred valley of;https://www.getyourguide.com/chinchero-l219429/paragliding-in-cusco-chinchero-sacred-valley-of-the-incas-t877819/
Perú;urubamba-l164518;729340;Salkantay 5d4n llactapata sky domes;https://www.getyourguide.com/urubamba-l164518/salkantay-5d4n-llactapata-sky-domes-t729340/
Perú;chivay-l129313;783757;Arequipa colca canyon 2 days adventure return;https://www.getyourguide.com/chivay-l129313/arequipa-colca-canyon-2-days-adventure-return-to-arequipa-t783757/
Perú;puerto-maldonado-l2146;813873;Tambopata search for caimans in;https://www.getyourguide.com/puerto-maldonado-l2146/tambopata-search-for-caimans-in-the-amazon-night-tour--t813873/
Perú;lima-l39;827265;From lima full day;https://www.getyourguide.com/lima-l39/from-lima-full-day-tour-paracas-huacachina-t827265/
Perú;piura-l156022;841686;From piura excursion;https://www.getyourguide.com/piura-l156022/from-piura-excursion-to-mancora-swimming-with-turtles-t841686/
Perú;puno-l32157;871654;Puno floating island of;https://www.getyourguide.com/puno-l32157/puno-floating-island-of-the-uros-by-kayak-t871654/
Perú;huaraz-l360;874746;Huaraz nevado pastoruri puya raymondi forest;https://www.getyourguide.com/huaraz-l360/huaraz-nevado-pastoruri-puya-raymondi-forest-t874746/
Perú;tarapoto-l140001;882887;Tour in;https://www.getyourguide.com/tarapoto-l140001/tour-in-tarapoto-laguna-azul-t882887/
Perú;chivay-l129313;1270068;Arequipa 3 day city;https://www.getyourguide.com/chivay-l129313/arequipa-3-day-city-tour-colca-canyon-trekpuno-optional-t1270068/
Perú;urubamba-l164518;1087455;Cusco perolniyoc waterfall private;https://www.getyourguide.com/urubamba-l164518/cusco-perolniyoc-waterfall-private-tour-with-lunch-t1087455/
Perú;arequipa-l2859;948904;Arequipa a colonial;https://www.getyourguide.com/arequipa-l2859/arequipa-a-colonial-treasure-with-the-charm-of-st-catherine-s-monastery-t948904/
Perú;lampa-peru-l214983;1078471;Sightseeing bus from puno;https://www.getyourguide.com/lampa-peru-l214983/sightseeing-bus-from-puno-to-cusco-with-guided-stops-lunch-t1078471/
Perú;yanque-l135197;1223426;Colca valley horseback riding;https://www.getyourguide.com/yanque-l135197/colca-valley-horseback-riding-tour-to-the-archaeological-ruins-of-uyo-uyo-t1223426/
Perú;paracas-l32470;1158019;Paracas ballestas islands boat;https://www.getyourguide.com/paracas-l32470/paracas-ballestas-islands-boat-tour-with-guide-t1158019/
Perú;puerto-maldonado-l2146;1175494;Tambopata 2 day wildlife;https://www.getyourguide.com/puerto-maldonado-l2146/tambopata-2-day-wildlife-tour-with-jungle-lodge-stay-t1175494/
Perú;lima-l39;480625;From lima caral full day;https://www.getyourguide.com/lima-l39/from-lima-caral-full-day-tour-t480625/
Perú;arequipa-l2859;580366;From arequipa misti volcano;https://www.getyourguide.com/arequipa-l2859/from-arequipa-misti-volcano-trekking-2-days-t580366/
Perú;paracas-l32470;1331149;Day;https://www.getyourguide.com/paracas-l32470/day-tour-ballestas-islands-sightseeing-tour-and-sunset-hike-from-chincha-t1331149/
Perú;lima-l39;461090;Lima;https://www.getyourguide.com/lima-l39/lima-the-larco-museum-and-its-treasures-t461090/
Perú;chivay-l129313;793155;Offer price colca canyon one day in arequipa with breakfast;https://www.getyourguide.com/chivay-l129313/offer-price-colca-canyon-one-day-in-arequipa-with-breakfast-t793155/
Perú;aguas-calientes-l91472;799801;Salkantay;https://www.getyourguide.com/aguas-calientes-l91472/salkantay-trek-to-machu-picchu-4d3n-t799801/
Perú;cerro-azul-peru-l214374;813179;From lima excursion;https://www.getyourguide.com/cerro-azul-peru-l214374/from-lima-excursion-to-lunahuana-and-cerro-azul-t813179/
Perú;puerto-maldonado-l2146;559224;Tambopata macaw clay lick 3 days2 nights;https://www.getyourguide.com/puerto-maldonado-l2146/tambopata-macaw-clay-lick-3-days2-nights-t559224/
Perú;puerto-maldonado-l2146;827371;Madre de dios 4d;https://www.getyourguide.com/puerto-maldonado-l2146/madre-de-dios-4d-tour-to-tambopata-with-ayahuasca-ceremony-t827371/
Perú;huaraz-l360;833899;Huaraz;https://www.getyourguide.com/huaraz-l360/huaraz-tour-laguna-69-in-cordillera-blanca-full-day-t833899/
Perú;santa-maria-peru-l149232;877099;Private;https://www.getyourguide.com/santa-maria-peru-l149232/private-trip-to-santa-maria-a-scenic-adventure-from-cusco-t877099/
Perú;arequipa-l2859;475810;Full day colca canyon;https://www.getyourguide.com/arequipa-l2859/full-day-colca-canyon-tour-t475810/
Perú;aguas-calientes-l91472;509000;Cusco;https://www.getyourguide.com/aguas-calientes-l91472/cusco-tour-machupicchu-circuit-3-machupicchu-full-day-t509000/
Perú;puno-l32157;556363;Excursion;https://www.getyourguide.com/puno-l32157/excursion-to-the-chullpas-of-sillustani-mysterious-cemetery-t556363/
Perú;lima-l39;820772;From lima museum huaca pucllana pyramid private;https://www.getyourguide.com/lima-l39/from-lima-museum-huaca-pucllana-pyramid-private-t820772/
Perú;aguas-calientes-l91472;825105;From cusco full day private;https://www.getyourguide.com/aguas-calientes-l91472/from-cusco-full-day-private-tour-to-machu-picchu-with-lunch-t825105/
Perú;chivay-l129313;829164;Arequipa;https://www.getyourguide.com/chivay-l129313/arequipa-transfer-from-chivay-to-puno-with-panoramic-and-cultural-views-t829164/
Perú;aguas-calientes-l91472;833817;From cusco inka jungle 3 days;https://www.getyourguide.com/aguas-calientes-l91472/from-cusco-inka-jungle-3-days-t833817/
Perú;puno-l32157;627142;From puno uros and;https://www.getyourguide.com/puno-l32157/from-puno-uros-and-taquile-islands-full-day-tour-t627142/
Perú;chivay-l129313;636057;Full day;https://www.getyourguide.com/chivay-l129313/full-day-trip-to-colca-canyon-from-arequipa-ending-in-puno-t636057/
Perú;ica-l1608;860222;From ica dune buggy and sandboarding;https://www.getyourguide.com/ica-l1608/from-ica-dune-buggy-and-sandboarding-tour-with-sunset-t860222/
Perú;puno-l32157;868096;From puno 2 day lake;https://www.getyourguide.com/puno-l32157/from-puno-2-day-lake-titicaca-uros-amantani-and-taquile-t868096/
Perú;chivay-l129313;699204;One day;https://www.getyourguide.com/chivay-l129313/one-day-trip-to-colca-canyon-in-arequipa-departure-600-am-t699204/
Perú;urubamba-l164518;944622;Cusco 4 day inca;https://www.getyourguide.com/urubamba-l164518/cusco-4-day-inca-trail-or-quarry-trail-to-machu-picchu-t944622/
Perú;iquitos-l32156;973605;Iquitos amazon zipline adventure and hanging bridge;https://www.getyourguide.com/iquitos-l32156/iquitos-amazon-zipline-adventure-and-hanging-bridge-t973605/
Perú;lima-l39;768178;Bus huacachina ica;https://www.getyourguide.com/lima-l39/bus-huacachina-ica-to-lima-from-huacachina-t768178/
Perú;puerto-maldonado-l2146;1185567;Puerto maldonado;https://www.getyourguide.com/puerto-maldonado-l2146/puerto-maldonado-tambopata-river-bike-tour-with-guide-t1185567/
Perú;urubamba-l164518;1203569;Cusco sacred valley;https://www.getyourguide.com/urubamba-l164518/cusco-sacred-valley-tour-with-picnic-and-local-experience-t1203569/
Perú;iquitos-l32156;813812;Tour native communities iquitos;https://www.getyourguide.com/iquitos-l32156/tour-native-communities-iquitos-t813812/
Perú;ica-l1608;1213138;Huacachina desert utv buggy ride and sandboarding adventure;https://www.getyourguide.com/ica-l1608/huacachina-desert-utv-buggy-ride-and-sandboarding-adventure-t1213138/
Perú;ica-l1608;828295;From ica buggy;https://www.getyourguide.com/ica-l1608/from-ica-buggy-tour-through-the-huacachina-desert-t828295/
Perú;arequipa-l2859;1064805;Exclusive arequipa ruta del sillar;https://www.getyourguide.com/arequipa-l2859/exclusive-arequipa-ruta-del-sillar-tour-with-pickup-t1064805/
Perú;arequipa-l2859;850776;Arequipa guided;https://www.getyourguide.com/arequipa-l2859/arequipa-guided-tour-of-the-santa-catalina-monastery-t850776/
Perú;ica-l1608;1104472;Huacachina adventure;https://www.getyourguide.com/ica-l1608/huacachina-adventure-tours-with-utv-and-sandboarding-in-the-ica-desert-t1104472/
Perú;lima-l39;886551;From lima full day paracas ica and huacachina;https://www.getyourguide.com/lima-l39/from-lima-full-day-paracas-ica-and-huacachina-t886551/
Perú;lima-l39;1124494;Lima makaha beach surfing lesson with instructor;https://www.getyourguide.com/lima-l39/lima-makaha-beach-surfing-lesson-with-instructor-t1124494/
Perú;huaraz-l360;926017;Huaraz nevado chopicalqui 4 day 6354 m climbing expedition;https://www.getyourguide.com/huaraz-l360/huaraz-nevado-chopicalqui-4-day-6354-m-climbing-expedition-t926017/
Perú;arequipa-l2859;1138997;Arequipa las rocas quad;https://www.getyourguide.com/arequipa-l2859/arequipa-las-rocas-quad-tour-with-pub-crawl-t1138997/
Perú;lima-l39;1144318;Peruvian cooking class lima master ceviche pisco sour;https://www.getyourguide.com/lima-l39/peruvian-cooking-class-lima-master-ceviche-pisco-sour-t1144318/
Perú;chucuito-l176645;1151697;Puno aymara route guided;https://www.getyourguide.com/chucuito-l176645/puno-aymara-route-guided-tour-with-virtual-reality-t1151697/
Perú;puno-l32157;1161913;Puno sillustani;https://www.getyourguide.com/puno-l32157/puno-sillustani-tombs-bike-tour-history-and-nature-t1161913/
Perú;arequipa-l2859;1095939;Arequipa magical colca canyon 2 days with ceremony of giving back;https://www.getyourguide.com/arequipa-l2859/arequipa-magical-colca-canyon-2-days-with-ceremony-of-giving-back-to-the-earth-t1095939/
Perú;lima-l39;393535;Demo cooking class pisco sour at cala restaurant with lunch;https://www.getyourguide.com/lima-l39/demo-cooking-class-pisco-sour-at-cala-restaurant-with-lunch-t393535/
Perú;paucartambo-l194776;1159196;From cusco manu park 3 day ecotourism and adventure;https://www.getyourguide.com/paucartambo-l194776/from-cusco-manu-park-3-day-ecotourism-and-adventure-t1159196/
Perú;lima-l39;478283;Lima bus;https://www.getyourguide.com/lima-l39/lima-bus-tour-historic-center-catacombs-of-saint-francis-t478283/
Perú;paracas-l32470;506927;4 day from lima nazca lines flight paracas and huacachina;https://www.getyourguide.com/paracas-l32470/4-day-from-lima-nazca-lines-flight-paracas-and-huacachina-t506927/
Perú;puno-l32157;1228081;Puno full day;https://www.getyourguide.com/puno-l32157/puno-full-day-tour-to-uros-floating-islands-amantani-t1228081/
Perú;ica-l1608;1241217;Huacachina desert sunrise premium dune buggy sandboarding;https://www.getyourguide.com/ica-l1608/huacachina-desert-sunrise-premium-dune-buggy-sandboarding-t1241217/
Perú;lima-l39;557541;From lima lunahuana river rafting adventure in canete;https://www.getyourguide.com/lima-l39/from-lima-lunahuana-river-rafting-adventure-in-canete-t557541/
Perú;lima-l39;560555;From lima day;https://www.getyourguide.com/lima-l39/from-lima-day-trip-to-paracas-ica-and-oasis-huacachina-t560555/
Perú;puno-l32157;574039;From puno chullpas of sillustani half day excursion;https://www.getyourguide.com/puno-l32157/from-puno-chullpas-of-sillustani-half-day-excursion-t574039/
Perú;ollantaytambo-l93095;396557;Cusco pisac local market and ollantaytambo private;https://www.getyourguide.com/ollantaytambo-l93095/cusco-pisac-local-market-and-ollantaytambo-private-tour-t396557/
Perú;lima-l39;1323787;Lima hidden food local market;https://www.getyourguide.com/lima-l39/lima-hidden-food-local-market-tour-with-tastings-t1323787/
Perú;paracas-l32470;84801;Mini buggy go kart in paracas national reserve;https://www.getyourguide.com/paracas-l32470/mini-buggy-go-kart-in-paracas-national-reserve-t84801/
Perú;paracas-l32470;479944;Paracas ballestas islands guided boat;https://www.getyourguide.com/paracas-l32470/paracas-ballestas-islands-guided-boat-tour-t479944/
Perú;iquitos-l32156;799476;Amazon nanay rivers excursion;https://www.getyourguide.com/iquitos-l32156/amazon-nanay-rivers-excursion-t799476/
Perú;oxapampa-l206133;800620;Oxapampa perene amazon s biodiversity;https://www.getyourguide.com/oxapampa-l206133/oxapampa-perene-amazon-s-biodiversity-t800620/
Perú;lima-l39;825943;Caral bandurria day;https://www.getyourguide.com/lima-l39/caral-bandurria-day-trip-t825943/
Perú;arequipa-l2859;843429;Arequipa half day private walking;https://www.getyourguide.com/arequipa-l2859/arequipa-half-day-private-walking-tour-santa-catalina-monastery-t843429/
Perú;lima-l39;557606;Lima churin;https://www.getyourguide.com/lima-l39/lima-churin-thermal-baths-t557606/
Perú;ica-l1608;877976;Huacachina sandboarding and 4x4 desert adventure;https://www.getyourguide.com/ica-l1608/huacachina-sandboarding-and-4x4-desert-adventure-t877976/
Perú;ollantaytambo-l93095;496922;Best sacred valley chinchero moray maras ollanta pisaq;https://www.getyourguide.com/ollantaytambo-l93095/best-sacred-valley-chinchero-moray-maras-ollanta-pisaq-t496922/
Perú;san-miguel-l195031;676632;Lima airport;https://www.getyourguide.com/san-miguel-l195031/lima-airport-transfer-service-247-t676632/
Perú;piura-l156022;748698;From piura;https://www.getyourguide.com/piura-l156022/from-piura-tour-to-sechura-and-sandboarding-t748698/
Perú;paracas-l32470;1074803;Paracas paracas bay catamaran;https://www.getyourguide.com/paracas-l32470/paracas-paracas-bay-catamaran-tour-with-unforgettable-swim-t1074803/
Perú;chiclayo-l32245;796208;Chiclayo chaparri ecological reserve;https://www.getyourguide.com/chiclayo-l32245/chiclayo-chaparri-ecological-reserve-tour-t796208/
Perú;chachapoyas-l135812;796226;Chachapoyas kuelap fortress full day;https://www.getyourguide.com/chachapoyas-l135812/chachapoyas-kuelap-fortress-full-day-tour-t796226/
Perú;arequipa-l2859;843311;Arequipa full day;https://www.getyourguide.com/arequipa-l2859/arequipa-full-day-tour-of-laguna-salinas-and-lojen-mini-volcano-with-breakfast-included-t843311/
Perú;lima-l39;657210;Lima city;https://www.getyourguide.com/lima-l39/lima-city-tour-360deg-panoramic-bus-sightseeing-tour-t657210/
Perú;junin-peru-l198897;854334;From junin day;https://www.getyourguide.com/junin-peru-l198897/from-junin-day-trip-to-san-andres-t854334/
Perú;paracas-l32470;856767;From lima 2 day ballestas islands huacachina and ica;https://www.getyourguide.com/paracas-l32470/from-lima-2-day-ballestas-islands-huacachina-and-ica-tour-t856767/
Perú;mancora-l219469;676567;Mancora swimming and bathing with;https://www.getyourguide.com/mancora-l219469/mancora-swimming-and-bathing-with-turtles-entrance--t676567/
Perú;huaraz-l360;869561;Huayhuash huayhuash range 4 day hiking;https://www.getyourguide.com/huaraz-l360/huayhuash-huayhuash-range-4-day-hiking-tour-t869561/
Perú;puno-l32157;1175421;From puno kayak on lake;https://www.getyourguide.com/puno-l32157/from-puno-kayak-on-lake-titicaca-uros-and-taquile-full-day-t1175421/
Perú;lima-l39;776922;Lima half day sandboarding;https://www.getyourguide.com/lima-l39/lima-half-day-sandboarding-tour-t776922/
Perú;lima-l39;954473;Lima gay purr;https://www.getyourguide.com/lima-l39/lima-gay-purr-tour-resistance-pleasure-after-dark-t954473/
Perú;urubamba-l164518;806710;Explore machu picchu in 2 days with hiking included;https://www.getyourguide.com/urubamba-l164518/explore-machu-picchu-in-2-days-with-hiking-included-t806710/
Perú;puerto-maldonado-l2146;822845;From madre de dios night walk in;https://www.getyourguide.com/puerto-maldonado-l2146/from-madre-de-dios-night-walk-in-the-amazon-rainforest-t822845/
Perú;limatambo-l215237;825050;Cusco chonta canyon and condor flight;https://www.getyourguide.com/limatambo-l215237/cusco-chonta-canyon-and-condor-flight-tour-with-lunch-t825050/
Perú;limatambo-l215237;826198;Humantay lake;https://www.getyourguide.com/limatambo-l215237/humantay-lake-tour-with-extreme-columbio-t826198/
Perú;maras-l119695;829125;From cusco atv;https://www.getyourguide.com/maras-l119695/from-cusco-atv-tour-maras-moray-and-salt-mines-t829125/
Perú;limatambo-l215237;834715;Humantay lake;https://www.getyourguide.com/limatambo-l215237/humantay-lake-tour-with-extreme-columbio-t834715/
Perú;huasao-l218454;849558;South valley;https://www.getyourguide.com/huasao-l218454/south-valley-tour-cusco-tipon-pikillacta-and-andahuaylillas-t849558/
Perú;lima-l39;862983;Lima discover miraflores cuisine local market;https://www.getyourguide.com/lima-l39/lima-discover-miraflores-cuisine-local-market-t862983/
Perú;huanchaco-l219473;863846;From;https://www.getyourguide.com/huanchaco-l219473/from-trujillo-chan-chan-and-huanchaco-beach-tour-t863846/
Perú;urubamba-l164518;879064;Salkantay;https://www.getyourguide.com/urubamba-l164518/salkantay-trek-and-machu-picchu-in-4-days-return-by-train-t879064/
Perú;pisco-l148825;1317849;Pisco city;https://www.getyourguide.com/pisco-l148825/pisco-city-tour-with-playa-de-pisco-and-churches-t1317849/
Perú;lima-l39;1070401;Lima miraflores highlights;https://www.getyourguide.com/lima-l39/lima-miraflores-highlights-tour-with-huaca-pucllana-lunch-t1070401/
Perú;lima-l39;1234645;Lima gamarra walking;https://www.getyourguide.com/lima-l39/lima-gamarra-walking-tour-with-witches-market-visit-t1234645/
Perú;chivay-l129313;1139965;Peru s andean circuit lima;https://www.getyourguide.com/chivay-l129313/peru-s-andean-circuit-lima-to-ica-with-nazca-arequipa-and-puno-in-7-days-t1139965/
Perú;lima-l39;1147136;Lima historic city;https://www.getyourguide.com/lima-l39/lima-historic-city-tour-with-san-francisco-convent-t1147136/
Perú;puno-l32157;1158169;Lake;https://www.getyourguide.com/puno-l32157/lake-titicaca-2-days-uros-taquile-and-luquina-with-an-authentic-local-experience-t1158169/
Perú;calca-l208593;1174684;Cusco sacred valley horseback ride;https://www.getyourguide.com/calca-l208593/cusco-sacred-valley-horseback-ride-to-huchuy-qosqo-t1174684/
Perú;mollepata-l215653;1290482;Cusco humantay lake stargazing andean living 3 day;https://www.getyourguide.com/mollepata-l215653/cusco-humantay-lake-stargazing-andean-living-3-day-tour-t1290482/
Perú;aguas-calientes-l91472;643829;Machupicchu full day;https://www.getyourguide.com/aguas-calientes-l91472/machupicchu-full-day-tour-with-entrance-to-circuit-3-and-4-t643829/
Perú;arequipa-l2859;1306886;Arequipa santa catalina;https://www.getyourguide.com/arequipa-l2859/arequipa-santa-catalina-tour-camelid-viewing-and-chilina-valley-t1306886/
Perú;aguas-calientes-l91472;212682;Lunch a la carte at cafe inkaterra restaurant;https://www.getyourguide.com/aguas-calientes-l91472/lunch-a-la-carte-at-cafe-inkaterra-restaurant-t212682/
Perú;huaraz-l360;387883;Huaraz nevado mateo full day climbing excursion;https://www.getyourguide.com/huaraz-l360/huaraz-nevado-mateo-full-day-climbing-excursion-t387883/
Perú;arequipa-l2859;93696;Arequipa and colca canyon full day;https://www.getyourguide.com/arequipa-l2859/arequipa-and-colca-canyon-full-day-tour-t93696/
Perú;ica-l1608;807995;Ica desert sandboarding or sand skiing;https://www.getyourguide.com/ica-l1608/ica-desert-sandboarding-or-sand-skiing-t807995/
Perú;lima-l39;835468;From lima modern and colonial highlights guided;https://www.getyourguide.com/lima-l39/from-lima-modern-and-colonial-highlights-guided-tour-t835468/
Perú;ica-l1608;856615;Ica vineyard;https://www.getyourguide.com/ica-l1608/ica-vineyard-tour-with-buggy-ride-and-sandboarding-t856615/
Perú;puerto-maldonado-l2146;858617;Madre de dios inkaterra amazon reserve experience 3 day;https://www.getyourguide.com/puerto-maldonado-l2146/madre-de-dios-inkaterra-amazon-reserve-experience-3-day-tour-t858617/
Perú;ica-l1608;878005;Huacachina buggy en las dunas al atardecer y sandboarding;https://www.getyourguide.com/ica-l1608/huacachina-buggy-en-las-dunas-al-atardecer-y-sandboarding-t878005/
Perú;urubamba-l164518;892362;Peru exploring cusco;https://www.getyourguide.com/urubamba-l164518/peru-exploring-cusco-t892362/
Perú;chivay-l129313;692055;Arequipa 2 day colca canyon;https://www.getyourguide.com/chivay-l129313/arequipa-2-day-colca-canyon-trekking-ending-in-puno-t692055/
Perú;huaraz-l360;612148;From huaraz mini;https://www.getyourguide.com/huaraz-l360/from-huaraz-mini-trekking-huayhuash-4-days-t612148/
Perú;urubamba-l164518;619811;Cusco shared roundtrip;https://www.getyourguide.com/urubamba-l164518/cusco-shared-roundtrip-transfer-to-hidroelectrica-or-cusco-t619811/
Perú;aguas-calientes-l91472;747934;Salkantay 4 days;https://www.getyourguide.com/aguas-calientes-l91472/salkantay-4-days-trekking-to-machu-picchu-t747934/
Perú;lima-l39;1113055;Lima morro solar;https://www.getyourguide.com/lima-l39/lima-morro-solar-to-miraflores-downhill-bike-tour-t1113055/
Perú;arequipa-l2859;769269;Adventure day in arequipa pillones waterfall rock forest;https://www.getyourguide.com/arequipa-l2859/adventure-day-in-arequipa-pillones-waterfall-rock-forest-t769269/
Perú;arequipa-l2859;788140;Arequipa pillones waterfall stone forest local beauties;https://www.getyourguide.com/arequipa-l2859/arequipa-pillones-waterfall-stone-forest-local-beauties-t788140/
Perú;pucara-peru-l145153;680795;From cusco;https://www.getyourguide.com/pucara-peru-l145153/from-cusco-to-puno-route-of-the-sun-t680795/
Perú;chivay-l129313;824764;Colca canyon 2 day;https://www.getyourguide.com/chivay-l129313/colca-canyon-2-day-tour-t824764/
Perú;lima-l39;721974;Lima padi open water diver;https://www.getyourguide.com/lima-l39/lima-padi-open-water-diver-t721974/
Perú;puno-l32157;845317;Round;https://www.getyourguide.com/puno-l32157/round-trip-cusco-route-of-the-sun-2d-in-puno-t845317/
Perú;aguas-calientes-l91472;748777;Tour;https://www.getyourguide.com/aguas-calientes-l91472/tour-to-machu-picchu-full-day-by-train-the-best-adventure-t748777/
Perú;iquitos-l32156;757242;Iquitos pacaya samiria 4 day expedition on amazon reserve;https://www.getyourguide.com/iquitos-l32156/iquitos-pacaya-samiria-4-day-expedition-on-amazon-reserve-t757242/
Perú;lima-l39;856746;From lima peru uyuni salt flat 4 days 3 nights;https://www.getyourguide.com/lima-l39/from-lima-peru-uyuni-salt-flat-4-days-3-nights-t856746/
Perú;arequipa-l2859;762228;Walking;https://www.getyourguide.com/arequipa-l2859/walking-tour-through-the-historic-center-of-arequipa-t762228/
Perú;urubamba-l164518;784246;From lima 7 day machu picchu sacred valley;https://www.getyourguide.com/urubamba-l164518/from-lima-7-day-machu-picchu-sacred-valley-tour-t784246/
Perú;chiquian-l198998;869454;Hotsprings huayhuash mountain range hotsprings;https://www.getyourguide.com/chiquian-l198998/hotsprings-huayhuash-mountain-range-hotsprings-trek-t869454/
Perú;paracas-l32470;873334;From lima day guided;https://www.getyourguide.com/paracas-l32470/from-lima-day-guided-tour-to-paracas-and-huacachina-oasis-t873334/
Perú;puerto-maldonado-l2146;806637;Trekking;https://www.getyourguide.com/puerto-maldonado-l2146/trekking-through-the-jungle-and-lake-sandoval-t806637/
Perú;aguas-calientes-l91472;815112;From cusco sacred valley salt mines machupicchu 2 days;https://www.getyourguide.com/aguas-calientes-l91472/from-cusco-sacred-valley-salt-mines-machupicchu-2-days-t815112/
Perú;juliaca-l157319;824720;Cusco magico 9d sacred valley lake;https://www.getyourguide.com/juliaca-l157319/cusco-magico-9d-sacred-valley-lake-titicaca-hotel--t824720/
Perú;puno-l32157;832071;Puno excursion;https://www.getyourguide.com/puno-l32157/puno-excursion-to-copacabana-and-sun-island-t832071/
Perú;chavin-de-huantar-l149399;834698;Huaraz chavin de huantar museum lagoon of querococha;https://www.getyourguide.com/chavin-de-huantar-l149399/huaraz-chavin-de-huantar-museum-lagoon-of-querococha-t834698/
Perú;paracas-l32470;1255279;Paracas ica and premium wine;https://www.getyourguide.com/paracas-l32470/paracas-ica-and-premium-wine-tasting-at-hacienda-tacama-t1255279/
Perú;paracas-l32470;1293062;Lima paracas ballestas islands slave;https://www.getyourguide.com/paracas-l32470/lima-paracas-ballestas-islands-slave-tunnel-tour-t1293062/
Perú;lima-l39;1320542;14 flavors;https://www.getyourguide.com/lima-l39/14-flavors-tour-in-the-mercado-de-los-reyes-with-pisco-tasting-t1320542/
Perú;acomayo-l214662;1010681;Trek;https://www.getyourguide.com/acomayo-l214662/trek-to-waqrapukara-archaeological-site-in-2-days-t1010681/
Perú;lima-l39;1123781;Lima pucllana pyramid miraflores barranco 18 km e bike;https://www.getyourguide.com/lima-l39/lima-pucllana-pyramid-miraflores-barranco-18-km-e-bike-tour-3-drinks-t1123781/
Perú;puno-l32157;79830;From puno 3 hour uros floating islands;https://www.getyourguide.com/puno-l32157/from-puno-3-hour-uros-floating-islands-tour-t79830/
Perú;huasao-l218454;1152962;Cusco morada de los dioses huasao and pisco sour;https://www.getyourguide.com/huasao-l218454/cusco-morada-de-los-dioses-huasao-and-pisco-sour-tour-t1152962/
Perú;lima-l39;1070561;Lima miraflores and barranco electric bike;https://www.getyourguide.com/lima-l39/lima-miraflores-and-barranco-electric-bike-tours-t1070561/
Perú;lima-l39;1154918;Lima city;https://www.getyourguide.com/lima-l39/lima-city-tour-and-magic-water-show-park-entry-t1154918/
Perú;puno-l32157;1082495;Puno 3 hour;https://www.getyourguide.com/puno-l32157/puno-3-hour-tour-of-the-uros-and-floating-islands-local-lunch-t1082495/
Perú;cabanaconde-l179717;1278364;Colca canyon guided quad bike adventure;https://www.getyourguide.com/cabanaconde-l179717/colca-canyon-guided-quad-bike-adventure-to-the-cruz-del-condor-viewpoint-t1278364/
Perú;lima-l39;587265;From lima cusco fantastic peru 7 days 6 nights;https://www.getyourguide.com/lima-l39/from-lima-cusco-fantastic-peru-7-days-6-nights-t587265/
Perú;lima-l39;22643;Full day culinary experience shopping;https://www.getyourguide.com/lima-l39/full-day-culinary-experience-shopping-t22643/
Perú;puerto-maldonado-l2146;632494;Puerto maldonado lake yacumama sunset and piranha fishing;https://www.getyourguide.com/puerto-maldonado-l2146/puerto-maldonado-lake-yacumama-sunset-and-piranha-fishing-t632494/
Perú;chivay-l129313;714890;Chivay route puno patapampa wetlands ;https://www.getyourguide.com/chivay-l129313/chivay-route-puno-patapampa-wetlands--t714890/
Perú;ica-l1608;782590;Huacachina real sandboardingsandskiing experience at sunset on a wild buggy;https://www.getyourguide.com/ica-l1608/huacachina-real-sandboardingsandskiing-experience-at-sunset-on-a-wild-buggy-t782590/
Perú;puerto-maldonado-l2146;830996;From;https://www.getyourguide.com/puerto-maldonado-l2146/from-tambopata-amazon-jungle-hike-and-lake-sandoval-1-day-t830996/
Perú;paracas-l32470;159857;Ballestas paracas reserve from pisco cruiseship;https://www.getyourguide.com/paracas-l32470/ballestas-paracas-reserve-from-pisco-cruiseship-terminal-t159857/
Perú;puerto-maldonado-l2146;833795;Tambopata sunset;https://www.getyourguide.com/puerto-maldonado-l2146/tambopata-sunset-tour-3d2n-t833795/
Perú;lima-l39;612181;Trekking in pachacamac and pantanos de villa;https://www.getyourguide.com/lima-l39/trekking-in-pachacamac-and-pantanos-de-villa-t612181/
Perú;paracas-l32470;1108238;From paracas ballestas islands sightseeing;https://www.getyourguide.com/paracas-l32470/from-paracas-ballestas-islands-sightseeing-tour-quad-bike-atv-t1108238/
Perú;lima-l39;615976;Lima city;https://www.getyourguide.com/lima-l39/lima-city-tour-larco-museum-and-huaca-pucllana-t615976/
Perú;aguas-calientes-l91472;755647;Machu picchu;https://www.getyourguide.com/aguas-calientes-l91472/machu-picchu-tour-by-train-full-day-culture-1-day-t755647/
Perú;ollantaytambo-l93095;792117;From ollantaytambo abra malaga birdwatching;https://www.getyourguide.com/ollantaytambo-l93095/from-ollantaytambo-abra-malaga-birdwatching-tour-t792117/
Perú;lima-l39;792271;Lima surf like a pro at makaha beach in miraflores;https://www.getyourguide.com/lima-l39/lima-surf-like-a-pro-at-makaha-beach-in-miraflores-t792271/
Perú;matarani-l215231;808179;Arequipa guided;https://www.getyourguide.com/matarani-l215231/arequipa-guided-tour-from-matarani-port-t808179/
Perú;urubamba-l164518;828039;Cusco 5 day salkantay;https://www.getyourguide.com/urubamba-l164518/cusco-5-day-salkantay-trek-to-machu-picchu-t828039/
Perú;iquitos-l32156;851492;From iquitos navigate;https://www.getyourguide.com/iquitos-l32156/from-iquitos-navigate-the-amazon-river-full-day--t851492/
Perú;ollantaytambo-l93095;1171340;From ollantaytambo maras salt mines moray half day;https://www.getyourguide.com/ollantaytambo-l93095/from-ollantaytambo-maras-salt-mines-moray-half-day-tour-t1171340/
Perú;pisac-l119710;875745;4 day ayahuasca retreat;https://www.getyourguide.com/pisac-l119710/4-day-ayahuasca-retreat-temazcal-rape-integration-t875745/
Perú;ica-l1608;1217760;Huacachina desert sandboarding;https://www.getyourguide.com/ica-l1608/huacachina-desert-sandboarding-toast-tour-t1217760/
Perú;chivay-l129313;829866;Hike inside;https://www.getyourguide.com/chivay-l129313/hike-inside-the-colca-canyon-2-days-with-meals-in-arequipa-t829866/
Perú;lima-l39;952650;Lima magic water circuit light show;https://www.getyourguide.com/lima-l39/lima-magic-water-circuit-light-show-t952650/
Perú;arequipa-l2859;843402;Arequipa colca canyon;https://www.getyourguide.com/arequipa-l2859/arequipa-colca-canyon-trekking-2-days-and-1-night-food-t843402/
Perú;huanchaco-l219473;1250687;Trujillo el brujo huanchaco;https://www.getyourguide.com/huanchaco-l219473/trujillo-el-brujo-huanchaco-tour-with-lunch-t1250687/
Perú;lima-l39;1259748;Lima weekend city;https://www.getyourguide.com/lima-l39/lima-weekend-city-tour-with-larco-museum-entry-pickup-t1259748/
Perú;pisac-l119710;876085;Mystical ceremony with;https://www.getyourguide.com/pisac-l119710/mystical-ceremony-with-the-sacred-cactus-in-sacred-valley-t876085/
Perú;checacupe-l226994;1289239;Cusco checacupe hacienda palccoyo rainbow mountain;https://www.getyourguide.com/checacupe-l226994/cusco-checacupe-hacienda-palccoyo-rainbow-mountain-tour-t1289239/
Perú;lima-l39;954115;Ica pisco and wine;https://www.getyourguide.com/lima-l39/ica-pisco-and-wine-tasting-discover-the-fascinating-world-of-pisco-t954115/
Perú;arequipa-l2859;93708;Arequipa walking;https://www.getyourguide.com/arequipa-l2859/arequipa-walking-tour-and-santa-catalina-monastery-t93708/
Perú;iquitos-l32156;1181325;Iquitos 6 day amazon jungle;https://www.getyourguide.com/iquitos-l32156/iquitos-6-day-amazon-jungle-tour-with-meals-and-lodging-t1181325/
Perú;chinchero-l219429;1098957;Cusco full day;https://www.getyourguide.com/chinchero-l219429/cusco-full-day-tour-to-huchuy-qosqo-private-service--t1098957/
Perú;urubamba-l164518;1186507;Ollantaytambo guided pumamarka hike local experience;https://www.getyourguide.com/urubamba-l164518/ollantaytambo-guided-pumamarka-hike-local-experience-t1186507/
Perú;puno-l32157;1154890;Puno sillustani chullpas;https://www.getyourguide.com/puno-l32157/puno-sillustani-chullpas-tour-with-folkloric-show-t1154890/
Perú;paracas-l32470;1289313;Paracas yoga breathwork classes with pickup;https://www.getyourguide.com/paracas-l32470/paracas-yoga-breathwork-classes-with-pickup-teacoffee-t1289313/
Perú;chivay-l129313;1241065;Colca canyon salinas valley of;https://www.getyourguide.com/chivay-l129313/colca-canyon-salinas-valley-of-the-volcanoes-entry--t1241065/
Perú;aguas-calientes-l91472;558792;Desde cusco;https://www.getyourguide.com/aguas-calientes-l91472/desde-cusco-tour-machu-picchu-de-un-dia-boleto-y-tren-t558792/
Perú;lima-l39;670128;Lima;https://www.getyourguide.com/lima-l39/lima-terror-tour-horror-at-presbitero-maestro-cemetery-t670128/
Perú;lima-l39;679410;From lima pachacamac;https://www.getyourguide.com/lima-l39/from-lima-pachacamac-tour-t679410/
Perú;lima-l39;203191;Lima half day colonial and modern lima;https://www.getyourguide.com/lima-l39/lima-half-day-colonial-and-modern-lima-tour-t203191/
Perú;aguas-calientes-l91472;709714;Machupicchu sunrise;https://www.getyourguide.com/aguas-calientes-l91472/machupicchu-sunrise-t709714/
Perú;arequipa-l2859;197278;Colca canyon;https://www.getyourguide.com/arequipa-l2859/colca-canyon-two-day-tour-from-arequipa-t197278/
Perú;arequipa-l2859;809898;Half day;https://www.getyourguide.com/arequipa-l2859/half-day-the-ruta-sillar-arequipa-t809898/
Perú;huaraz-l360;387819;Huaraz pastoruri glacier day;https://www.getyourguide.com/huaraz-l360/huaraz-pastoruri-glacier-day-trip-t387819/
Perú;huaraz-l360;869305;Private hiking route;https://www.getyourguide.com/huaraz-l360/private-hiking-route-through-the-wilcacocha-lagoon-t869305/
Perú;puno-l32157;872547;From puno uros and;https://www.getyourguide.com/puno-l32157/from-puno-uros-and-taquile-islands-full-day-tour-t872547/
Perú;huaraz-l360;566734;Huaraz excursion;https://www.getyourguide.com/huaraz-l360/huaraz-excursion-to-the-pastoruri-snows-and-puyas-raymondi-t566734/
Perú;urubamba-l164518;672842;From cusco city;https://www.getyourguide.com/urubamba-l164518/from-cusco-city-tour-in-cusco-sacsayhuaman-and-koricancha-t672842/
Perú;arequipa-l2859;1100957;Peru 4 hour riverside path and;https://www.getyourguide.com/arequipa-l2859/peru-4-hour-riverside-path-and-the-salinas-salt-pans-t1100957/
Perú;arequipa-l2859;720843;Arequipa countryside sabandia mill founder s mansion;https://www.getyourguide.com/arequipa-l2859/arequipa-countryside-sabandia-mill-founder-s-mansion-tour-t720843/
Perú;chivay-l129313;758106;From arequipa 1 day;https://www.getyourguide.com/chivay-l129313/from-arequipa-1-day-tour-to-the-colca-canyon-buffet-lunch-t758106/
Perú;lima-l39;767287;Bus lima;https://www.getyourguide.com/lima-l39/bus-lima-to-huacachina-from-miraflores-t767287/
Perú;arequipa-l2859;779329;Arequipa;https://www.getyourguide.com/arequipa-l2859/arequipa-tour-of-the-sillar-route-culebrillas-canyon-t779329/
Perú;lima-l39;846130;Lima city;https://www.getyourguide.com/lima-l39/lima-city-tour-historic-center-miraflores-with-pick-up-t846130/
Perú;urubamba-l164518;848256;From cuscosacred valley machupicchu 2days1night;https://www.getyourguide.com/urubamba-l164518/from-cuscosacred-valley-machupicchu-2days1night-t848256/
Perú;arequipa-l2859;850611;From arequipa sillar route;https://www.getyourguide.com/arequipa-l2859/from-arequipa-sillar-route-tour-half-day--t850611/
Perú;paracas-l32470;852656;Visit;https://www.getyourguide.com/paracas-l32470/visit-the-national-reserve-of-paracas-by-atv-t852656/
Perú;aguas-calientes-l91472;854231;Classic inca;https://www.getyourguide.com/aguas-calientes-l91472/classic-inca-trail-to-machu-picchu-4-days-3-nights-t854231/
Perú;maras-l119695;855888;From cusco maras moray and salineras salt mines;https://www.getyourguide.com/maras-l119695/from-cusco-maras-moray-and-salineras-salt-mines-tour-t855888/
Perú;aguas-calientes-l91472;860068;Cusco hiram bingham round;https://www.getyourguide.com/aguas-calientes-l91472/cusco-hiram-bingham-round-trip-luxury-train-to-machu-picchu-t860068/
Perú;urubamba-l164518;841223;Peru in 8d limanazcamachu picchucuscolake;https://www.getyourguide.com/urubamba-l164518/peru-in-8d-limanazcamachu-picchucuscolake-titicacapuno-t841223/
Perú;paracas-l32470;872525;From paracas ballestas islands and paracas national reserve;https://www.getyourguide.com/paracas-l32470/from-paracas-ballestas-islands-and-paracas-national-reserve-t872525/
Perú;chachapoyas-l135812;855930;Chachapoyas and kuelap an aerial journey into history;https://www.getyourguide.com/chachapoyas-l135812/chachapoyas-and-kuelap-an-aerial-journey-into-history-t855930/
Perú;lima-l39;1239918;Peru s culinary identity 10;https://www.getyourguide.com/lima-l39/peru-s-culinary-identity-10-tastes-with-sherpa-food-tours-t1239918/
Perú;coya-peru-l209779;881356;5 in 1 adventure circuit;https://www.getyourguide.com/coya-peru-l209779/5-in-1-adventure-circuit-t881356/
Perú;lima-l39;1001467;Lima peruvian cooking class in magdalena del mar;https://www.getyourguide.com/lima-l39/lima-peruvian-cooking-class-in-magdalena-del-mar-t1001467/
Perú;lima-l39;996551;Lima barranco s nightlife;https://www.getyourguide.com/lima-l39/lima-barranco-s-nightlife-tour-with-bar-crawl-free-shots-t996551/
Perú;ica-l1608;1326703;Ica vineyards photo;https://www.getyourguide.com/ica-l1608/ica-vineyards-photo-tour-and-pisco-tasting-at-bodega-sotelo-t1326703/
Perú;puno-l32157;1023054;Puno midday local food;https://www.getyourguide.com/puno-l32157/puno-midday-local-food-tour-t1023054/
Perú;lima-l39;1086474; lima in 4 stops downtown miraflores barranco and a light show ;https://www.getyourguide.com/lima-l39/-lima-in-4-stops-downtown-miraflores-barranco-and-a-light-show--t1086474/
Perú;arequipa-l2859;168224;Arequipa colca canyon and la calera;https://www.getyourguide.com/arequipa-l2859/arequipa-colca-canyon-and-la-calera-thermal-waters-t168224/
Perú;urubamba-l164518;1093307;Enjoy a great adventure hike;https://www.getyourguide.com/urubamba-l164518/enjoy-a-great-adventure-hike-to-the-inca-sun-gate-t1093307/
Perú;chivay-l129313;1107692;From arequipa colca canyon;https://www.getyourguide.com/chivay-l129313/from-arequipa-colca-canyon-tour-full-day-with-puno-transfer-t1107692/
Perú;puno-l32157;1129475;Floating islands of;https://www.getyourguide.com/puno-l32157/floating-islands-of-the-uros-guided-tour-culture-and-tradition-t1129475/
Perú;urubamba-l164518;1143146;From urubamba sacred valley 4 wheel off road experience;https://www.getyourguide.com/urubamba-l164518/from-urubamba-sacred-valley-4-wheel-off-road-experience-t1143146/
Perú;chinchero-l219429;1146305;Sacred valley chinchero weaving potato experience;https://www.getyourguide.com/chinchero-l219429/sacred-valley-chinchero-weaving-potato-experience-t1146305/
Perú;lima-l39;1168954;Lima private beach;https://www.getyourguide.com/lima-l39/lima-private-beach-tour-with-panoramic-views-of-lima-city-t1168954/
Perú;urubamba-l164518;1174731;Cusco sacred valley stand up paddle;https://www.getyourguide.com/urubamba-l164518/cusco-sacred-valley-stand-up-paddle-tour-with-lunch-t1174731/
Perú;iquitos-l32156;1174787;Iquitos white sand national park guided;https://www.getyourguide.com/iquitos-l32156/iquitos-white-sand-national-park-guided-tour-with-lunch-t1174787/
Perú;chivay-l129313;1227968;Chivay puno journey with andes wildlife lake viewpoints;https://www.getyourguide.com/chivay-l129313/chivay-puno-journey-with-andes-wildlife-lake-viewpoints-t1227968/
Perú;puno-l32157;547288;Full day lake;https://www.getyourguide.com/puno-l32157/full-day-lake-titicaca-tour-from-puno-with-lunch-included-t547288/
Perú;chivay-l129313;558373;Arequipa full day colca canyon;https://www.getyourguide.com/chivay-l129313/arequipa-full-day-colca-canyon-tour-with-transfer-to-puno-t558373/
Perú;aguas-calientes-l91472;593437;Machu picchu full day;https://www.getyourguide.com/aguas-calientes-l91472/machu-picchu-full-day-tour-from-cusco-t593437/
Perú;paracas-l32470;1310888;From paracas uros islands;https://www.getyourguide.com/paracas-l32470/from-paracas-uros-islands-taquile-amantani-3d2n-all-inclusive-t1310888/
Perú;ollantaytambo-l93095;697242;From cusco sacred valley ending in ollantaytambo and lunch;https://www.getyourguide.com/ollantaytambo-l93095/from-cusco-sacred-valley-ending-in-ollantaytambo-and-lunch-t697242/
Perú;chivay-l129313;734645;From arequipa;https://www.getyourguide.com/chivay-l129313/from-arequipa-tour-to-the-colca-canyon-2-days-1-night-t734645/
Perú;lima-l39;192009;Lima lights pisco and fun night;https://www.getyourguide.com/lima-l39/lima-lights-pisco-and-fun-night-tour-and-pisco-tasting-t192009/
Perú;chavin-de-huantar-l149399;821529;From huaraz chavin de huantarmuseumquerococha lagoon;https://www.getyourguide.com/chavin-de-huantar-l149399/from-huaraz-chavin-de-huantarmuseumquerococha-lagoon-t821529/
Perú;puerto-maldonado-l2146;838731;Lake sandoval full day;https://www.getyourguide.com/puerto-maldonado-l2146/lake-sandoval-full-day-t838731/
Perú;puno-l32157;856740;Excursion;https://www.getyourguide.com/puno-l32157/excursion-to-sillustani-pucara-and-lampa-t856740/
Perú;pisac-l119710;889641;Private;https://www.getyourguide.com/pisac-l119710/private-transport-from-cusco-to-archaeological-site-market-t889641/
Perú;iquitos-l32156;483765;Biking in peruvian rainforest with lagoon visit;https://www.getyourguide.com/iquitos-l32156/biking-in-peruvian-rainforest-with-lagoon-visit-t483765/
Perú;lima-l39;951533;Lima food;https://www.getyourguide.com/lima-l39/lima-food-tour-of-local-markets-and-the-history-of-food-t951533/
Perú;maras-l119695;538538;From cuscoatvs in;https://www.getyourguide.com/maras-l119695/from-cuscoatvs-in-the-salt-mines-of-maras-and-laguna-huaypo-t538538/
Perú;iquitos-l32156;523546;From iquitos amazonas 4 days 3 nights;https://www.getyourguide.com/iquitos-l32156/from-iquitos-amazonas-4-days-3-nights-t523546/
Perú;puno-l32157;1063745;Puno 2 day;https://www.getyourguide.com/puno-l32157/puno-2-day-tour-to-uros-amantani-and-taquile-islands-virtual-reality-t1063745/
Perú;puno-l32157;1064798;Puno half day;https://www.getyourguide.com/puno-l32157/puno-half-day-trip-to-the-chullpas-of-sillustani-virtual-reality-t1064798/
Perú;lima-l39;656855;From lima huacachina oasis ballestas island engl espa;https://www.getyourguide.com/lima-l39/from-lima-huacachina-oasis-ballestas-island-engl-espa-t656855/
Perú;chucuito-l176645;691316;Aymara journey;https://www.getyourguide.com/chucuito-l176645/aymara-journey-titicaca-castle-puno-t691316/
Perú;aguas-calientes-l91472;724651;From cusco 5 day salkantay;https://www.getyourguide.com/aguas-calientes-l91472/from-cusco-5-day-salkantay-trek-to-machu-picchu-with-maels-t724651/
Perú;puerto-maldonado-l2146;747525;From puerto maldonado jungle adventure ;https://www.getyourguide.com/puerto-maldonado-l2146/from-puerto-maldonado-jungle-adventure--t747525/
Perú;puno-l32157;788710;Puno uros and;https://www.getyourguide.com/puno-l32157/puno-uros-and-taquile-island-tour-lake-titicaca-wonders-t788710/
Perú;trujillo-l2870;790622;Trujillo chan chan;https://www.getyourguide.com/trujillo-l2870/trujillo-chan-chan-tour-ancient-ruins-horses-show-t790622/
Perú;aguas-calientes-l91472;746751;Salkantay;https://www.getyourguide.com/aguas-calientes-l91472/salkantay-trek-3-days-to-machu-picchu-t746751/
Perú;lima-l39;1176695;Lima miraflores night;https://www.getyourguide.com/lima-l39/lima-miraflores-night-tour-with-pisco-sour-or-chilcano-t1176695/
Perú;trujillo-l2870;827194;Pyramids of;https://www.getyourguide.com/trujillo-l2870/pyramids-of-the-sun-and-the-moon-huanchaco-chan-chan-t827194/
Perú;chivay-l129313;804442;Trekking colca canyon 2 days;https://www.getyourguide.com/chivay-l129313/trekking-colca-canyon-2-days-t804442/
Perú;tacna-l184424;827348;Visit;https://www.getyourguide.com/tacna-l184424/visit-to-tacna-and-the-monumental-complex-campo-de-la-alianz-t827348/
Perú;urubamba-l164518;828283;From cusco machu picchu and rainbow mountain 2 day;https://www.getyourguide.com/urubamba-l164518/from-cusco-machu-picchu-and-rainbow-mountain-2-day-tour-t828283/
Perú;ica-l1608;840908;Buggy;https://www.getyourguide.com/ica-l1608/buggy-tour-in-the-huacachina-desert-sunset-and-sandboarding-sledding-t840908/
Perú;arequipa-l2859;857695;2 days excursion;https://www.getyourguide.com/arequipa-l2859/2-days-excursion-to-the-misti-volcano-t857695/
Perú;puno-l32157;1238026;Titino uros islands;https://www.getyourguide.com/puno-l32157/titino-uros-islands-tour-on-lake-titicaca-puno-by-private-boat-t1238026/
Perú;lima-l39;884268;Peru and bolivia 16 days 15 nights;https://www.getyourguide.com/lima-l39/peru-and-bolivia-16-days-15-nights-t884268/
Perú;aguas-calientes-l91472;875808;Train cusco;https://www.getyourguide.com/aguas-calientes-l91472/train-cusco-to-machupichu-t875808/
Perú;ica-l1608;911821;Huacachina picnic dune buggy ride and sandboarding;https://www.getyourguide.com/ica-l1608/huacachina-picnic-dune-buggy-ride-and-sandboarding-t911821/
Perú;lima-l39;228997;City;https://www.getyourguide.com/lima-l39/city-tour-with-demonstration-tasting-of-pisco-sour-t228997/
Perú;ollantaytambo-l93095;317787;From cusco sacred valley and moray salt mines;https://www.getyourguide.com/ollantaytambo-l93095/from-cusco-sacred-valley-and-moray-salt-mines-t317787/
Perú;puno-l32157;1158025;Puno guided city bike;https://www.getyourguide.com/puno-l32157/puno-guided-city-bike-tour-with-a-visit-to-the-yavari-ship-and-dreyer-museum-t1158025/
Perú;paracas-l32470;404546;Ballestas island paracas national reserve private;https://www.getyourguide.com/paracas-l32470/ballestas-island-paracas-national-reserve-private-tour-t404546/
Perú;urquillos-l169636;1176437;Private inca;https://www.getyourguide.com/urquillos-l169636/private-inca-trail-poc-poc-waterfalls-urquillos-experience-t1176437/
Perú;lima-l39;496902;Swimming with sea lions in lima;https://www.getyourguide.com/lima-l39/swimming-with-sea-lions-in-lima-t496902/
Perú;lima-l39;506923;From lima 3 day nazca lines flight paracas huacachina;https://www.getyourguide.com/lima-l39/from-lima-3-day-nazca-lines-flight-paracas-huacachina-t506923/
Perú;limatambo-l215237;1238912;From cusco inkachiriasqa lagoon salkantay mountain;https://www.getyourguide.com/limatambo-l215237/from-cusco-inkachiriasqa-lagoon-salkantay-mountain-trek-t1238912/
Perú;arequipa-l2859;1267107;Arequipa full day hot springs excursion in yura;https://www.getyourguide.com/arequipa-l2859/arequipa-full-day-hot-springs-excursion-in-yura-t1267107/
Perú;lima-l39;571225;Lima full day monumental callao;https://www.getyourguide.com/lima-l39/lima-full-day-monumental-callao-t571225/
Perú;puno-l32157;1271574;From puno uros;https://www.getyourguide.com/puno-l32157/from-puno-uros-taquile-islands-tour-with-cusco-transfer-t1271574/
Perú;arequipa-l2859;695311;Bus cama directo arequipa puno;https://www.getyourguide.com/arequipa-l2859/bus-cama-directo-arequipa-puno-t695311/
Perú;lima-l39;778063;Lima afternoon city;https://www.getyourguide.com/lima-l39/lima-afternoon-city-tour-visit-to-the-water-park-and-light-show-t778063/
Perú;lima-l39;778869;Lima marcahuasi full day hiking;https://www.getyourguide.com/lima-l39/lima-marcahuasi-full-day-hiking-trail-t778869/
Perú;lima-l39;822805;Uyuni salt flat;https://www.getyourguide.com/lima-l39/uyuni-salt-flat-tour-from-lima-t822805/
Perú;paracas-l32470;829201;Tour;https://www.getyourguide.com/paracas-l32470/tour-to-huacachina-and-paracas-full-day-t829201/
Perú;aguas-calientes-l91472;834805;From cusco full day machu picchu;https://www.getyourguide.com/aguas-calientes-l91472/from-cusco-full-day-machu-picchu-tour-with-lunch-private-t834805/
Perú;lima-l39;851598;From lima huaral province;https://www.getyourguide.com/lima-l39/from-lima-huaral-province-tour-chancay-full-day-t851598/
Perú;puno-l32157;851628;From puno excursion;https://www.getyourguide.com/puno-l32157/from-puno-excursion-to-copacabana-and-isla-del-sol--t851628/
Perú;aguas-calientes-l91472;853498;Inca;https://www.getyourguide.com/aguas-calientes-l91472/inca-trail-2-day-hike-to-machu-picchu-t853498/
Perú;aguas-calientes-l91472;411700;From cusco machu picchu 2 days;https://www.getyourguide.com/aguas-calientes-l91472/from-cusco-machu-picchu-2-days-t411700/
Perú;huanchaco-l219473;856006;Trujillo chimu and moche cultures marinera show;https://www.getyourguide.com/huanchaco-l219473/trujillo-chimu-and-moche-cultures-marinera-show-t856006/
Perú;ica-l1608;857666;From ica vineyard;https://www.getyourguide.com/ica-l1608/from-ica-vineyard-tour-with-buggy-ride-and-sandboarding-t857666/
Perú;paracas-l32470;860180;From lima paracas and huacachina oasis entrance and lunch;https://www.getyourguide.com/paracas-l32470/from-lima-paracas-and-huacachina-oasis-entrance-and-lunch-t860180/
Perú;ica-l1608;862009;Ica winery;https://www.getyourguide.com/ica-l1608/ica-winery-tour-with-pisco-and-wine-tasting-t862009/
Perú;lima-l39;390286;Lima miraflores nightlife;https://www.getyourguide.com/lima-l39/lima-miraflores-nightlife-tour-with-bar-crawl-free-shots-t390286/
Perú;arequipa-l2859;455290;From arequipa;https://www.getyourguide.com/arequipa-l2859/from-arequipa-tour-colca-canyon-with-transfer-to-puno-2d1n-t455290/
Perú;huaraz-l360;557482;Huaraz visit;https://www.getyourguide.com/huaraz-l360/huaraz-visit-to-laguna-69-t557482/
Perú;lima-l39;1040921;Lima historic center catacombs and water show;https://www.getyourguide.com/lima-l39/lima-historic-center-catacombs-and-water-show-tour-t1040921/
Perú;puno-l32157;595891;From puno;https://www.getyourguide.com/puno-l32157/from-puno-two-day-one-night-excursion-to-the-salar-de-uyun-t595891/
Perú;aguas-calientes-l91472;604949;Cusco short inca;https://www.getyourguide.com/aguas-calientes-l91472/cusco-short-inca-trail-to-machu-picchu-2d1n-t604949/
Perú;lima-l39;1080884;Lima expedition;https://www.getyourguide.com/lima-l39/lima-expedition-to-pachacamac-and-huaca-pucllana-archaeology-and-history-t1080884/
Perú;lima-l39;1115718;Lima miraflores and barranco walking;https://www.getyourguide.com/lima-l39/lima-miraflores-and-barranco-walking-tour-with-beer-t1115718/
Perú;chivay-l129313;692647;From arequipa;https://www.getyourguide.com/chivay-l129313/from-arequipa-tour-one-day-colca-canyon-with-buffet-meals-t692647/
Perú;arequipa-l2859;1138013;Arequipa las rocas quad;https://www.getyourguide.com/arequipa-l2859/arequipa-las-rocas-quad-tour-with-city-walking-tour-t1138013/
Perú;ollantaytambo-l93095;751171;Private;https://www.getyourguide.com/ollantaytambo-l93095/private-transfer-from-cusco-to-ollantaytambo-t751171/
Perú;lima-l39;1153396;Lima exotic fruit;https://www.getyourguide.com/lima-l39/lima-exotic-fruit-tasting-a-journey-through-peru-s-fruits-t1153396/
Perú;chachapoyas-l135812;796703;Chachapoyas yumbilla waterfall jewels of chachapoyas;https://www.getyourguide.com/chachapoyas-l135812/chachapoyas-yumbilla-waterfall-jewels-of-chachapoyas-t796703/
Perú;urubamba-l164518;816354;From cusco sacred valley and maras salt mines with lunch;https://www.getyourguide.com/urubamba-l164518/from-cusco-sacred-valley-and-maras-salt-mines-with-lunch-t816354/
Perú;puno-l32157;821679;Puno excursion;https://www.getyourguide.com/puno-l32157/puno-excursion-to-the-islands-of-uros-and-taquile-t821679/
Perú;puno-l32157;829207;From puno;https://www.getyourguide.com/puno-l32157/from-puno-travel-to-cusco-in-titicaca-train-all-inclusive-t829207/
Perú;iquitos-l32156;799297;Iquitos amazon rainforest 2 day;https://www.getyourguide.com/iquitos-l32156/iquitos-amazon-rainforest-2-day-tour-jungle-experience-t799297/
Perú;maras-l119695;853585;From urubamba atv;https://www.getyourguide.com/maras-l119695/from-urubamba-atv-tour-to-moray-and-maras-salt-pans-t853585/
Perú;urubamba-l164518;889691;Private;https://www.getyourguide.com/urubamba-l164518/private-transfer-from-cusco-to-urubamba-in-comfort-t889691/
Perú;iquitos-l32156;1060330;Iquitos monkey island canopy amazonian nature 1 day;https://www.getyourguide.com/iquitos-l32156/iquitos-monkey-island-canopy-amazonian-nature-1-day-tour-t1060330/
Perú;paracas-l32470;1084226;Ballestas islands peru s natural paradise boat;https://www.getyourguide.com/paracas-l32470/ballestas-islands-peru-s-natural-paradise-boat-tour-t1084226/
Perú;arequipa-l2859;1115224;2 day;https://www.getyourguide.com/arequipa-l2859/2-day-tour-of-colca-canyon-with-2-hour-hike-plus-hotel-accommodations-included-t1115224/
Perú;puno-l32157;1101769;Cusco puno guided;https://www.getyourguide.com/puno-l32157/cusco-puno-guided-tour-to-the-islands-of-uros-and-taquile-t1101769/
Perú;huaral-l194839;1121746;Private day;https://www.getyourguide.com/huaral-l194839/private-day-trip-to-chancay-castle-with-a-local-guide-t1121746/
Perú;arequipa-l2859;1139021;Arequipa las rocas quad;https://www.getyourguide.com/arequipa-l2859/arequipa-las-rocas-quad-tour-chocolate-workshop-t1139021/
Perú;lima-l39;1142276;Lima salsa lovers dance experience;https://www.getyourguide.com/lima-l39/lima-salsa-lovers-dance-experience-t1142276/
Perú;ica-l1608;332456;From lima ballestas islands huacachina and nazca line;https://www.getyourguide.com/ica-l1608/from-lima-ballestas-islands-huacachina-and-nazca-line-tour-t332456/
Perú;arequipa-l2859;1144112;Arequipa rock climbing and perfume workshop with pickup;https://www.getyourguide.com/arequipa-l2859/arequipa-rock-climbing-and-perfume-workshop-with-pickup-t1144112/
Perú;iquitos-l32156;418987;Belen experience market canoa;https://www.getyourguide.com/iquitos-l32156/belen-experience-market-canoa-traditions-2-a-3hrs-t418987/
Perú;lima-l39;1186237;Lima guided food;https://www.getyourguide.com/lima-l39/lima-guided-food-tour-3-regions-t1186237/
Perú;iquitos-l32156;434408;Iquitos;https://www.getyourguide.com/iquitos-l32156/iquitos-to-the-amazon-2-day-jungle-wildlife-experience-t434408/
Perú;lima-l39;471184;Lima city;https://www.getyourguide.com/lima-l39/lima-city-tour-and-larco-museum-t471184/
Perú;pitumarca-l213318;1232247;Cusco ausangate glacier lakes atv;https://www.getyourguide.com/pitumarca-l213318/cusco-ausangate-glacier-lakes-atv-tour-with-lunch-t1232247/
Perú;puno-l32157;1250956;Ancestral;https://www.getyourguide.com/puno-l32157/ancestral-titicaca-tour-amantani-and-llahon-full-day-t1250956/
Perú;lima-l39;1259463;Lima costa verde paratrike flight for first;https://www.getyourguide.com/lima-l39/lima-costa-verde-paratrike-flight-for-first-timers-t1259463/
Perú;lima-l39;557578;Lima canon de autisha explore;https://www.getyourguide.com/lima-l39/lima-canon-de-autisha-explore-the-center-of-the-earth-t557578/
Perú;paracas-l32470;565857;Paracas ballestas island nature reserve all inclusive;https://www.getyourguide.com/paracas-l32470/paracas-ballestas-island-nature-reserve-all-inclusive-t565857/
Perú;paracas-l32470;1292791;From lima paracas huacachina ballestas day;https://www.getyourguide.com/paracas-l32470/from-lima-paracas-huacachina-ballestas-day-trip-t1292791/
Perú;iquitos-l32156;616246;Iquitos full day excursion;https://www.getyourguide.com/iquitos-l32156/iquitos-full-day-excursion-to-monkey-island-t616246/
Perú;ayacucho-l152602;645987;Ayacucho cangallo waterfalls nature heritage;https://www.getyourguide.com/ayacucho-l152602/ayacucho-cangallo-waterfalls-nature-heritage-t645987/
Perú;lima-l39;205617;Lima half day colonial lima and larco museum;https://www.getyourguide.com/lima-l39/lima-half-day-colonial-lima-and-larco-museum-tour-t205617/
Perú;ollantaytambo-l93095;771910;From cusco chinchero moray maras ollantaytambo and pisaq;https://www.getyourguide.com/ollantaytambo-l93095/from-cusco-chinchero-moray-maras-ollantaytambo-and-pisaq-t771910/
Perú;paracas-l32470;410733;2 days from lima ballestas paracas huacachina and nazca;https://www.getyourguide.com/paracas-l32470/2-days-from-lima-ballestas-paracas-huacachina-and-nazca-t410733/
Perú;urubamba-l164518;818400;Cusco 4 days dream machu picchu rainbow mountain htl;https://www.getyourguide.com/urubamba-l164518/cusco-4-days-dream-machu-picchu-rainbow-mountain-htl-t818400/
Perú;urubamba-l164518;820450;Cusco sacred routes machu picchu humantay lagoon 4d3n;https://www.getyourguide.com/urubamba-l164518/cusco-sacred-routes-machu-picchu-humantay-lagoon-4d3n-t820450/
Perú;lima-l39;822870;From lima panoramic;https://www.getyourguide.com/lima-l39/from-lima-panoramic-tour-of-lima--t822870/
Perú;chivay-l129313;829226;Offer price colca canyon one day in arequipa with breakfast;https://www.getyourguide.com/chivay-l129313/offer-price-colca-canyon-one-day-in-arequipa-with-breakfast-t829226/
Perú;arequipa-l2859;831234;From arequipa 2 day;https://www.getyourguide.com/arequipa-l2859/from-arequipa-2-day-trekking-through-the-colca-valley-t831234/
Perú;chiclayo-l32245;501687;Tomb of;https://www.getyourguide.com/chiclayo-l32245/tomb-of-the-lord-of-sipan-and-site-museum-day-tour-t501687/
Perú;maras-l119695;537930;Maras moray;https://www.getyourguide.com/maras-l119695/maras-moray-t537930/
Perú;iquitos-l32156;561792;City;https://www.getyourguide.com/iquitos-l32156/city-tour-in-iquitos-full-day-with-lunch-included-t561792/
Perú;paracas-l32470;567192;Paracas bus station private;https://www.getyourguide.com/paracas-l32470/paracas-bus-station-private-transfer-t567192/
Perú;aguas-calientes-l91472;565916;Cusco machu picchu by car route 2d1n;https://www.getyourguide.com/aguas-calientes-l91472/cusco-machu-picchu-by-car-route-2d1n-t565916/
Perú;arequipa-l2859;611110;From arequipa rafting in;https://www.getyourguide.com/arequipa-l2859/from-arequipa-rafting-in-the-chili-river--t611110/
Perú;paracas-l32470;625925;From lima ballestas islands huacachina and winery;https://www.getyourguide.com/paracas-l32470/from-lima-ballestas-islands-huacachina-and-winery-tour-t625925/
Perú;puno-l32157;628249;From puno mystical;https://www.getyourguide.com/puno-l32157/from-puno-mystical-tour-to-chucuito-aramu-muru-and-juli-t628249/
Perú;iquitos-l32156;650200;From iquitos ayahuasca ceremony in iquitos;https://www.getyourguide.com/iquitos-l32156/from-iquitos-ayahuasca-ceremony-in-iquitos-t650200/
Perú;arequipa-l2859;1111897;Arequipa day;https://www.getyourguide.com/arequipa-l2859/arequipa-day-tour-route-of-the-sillar-tour-with-pickup-t1111897/
Perú;lima-l39;769244;Paragliding flight with a private pilot in costa verde lima;https://www.getyourguide.com/lima-l39/paragliding-flight-with-a-private-pilot-in-costa-verde-lima-t769244/
Perú;huaraz-l360;802152;Magical huaraz 3 days 2 nights;https://www.getyourguide.com/huaraz-l360/magical-huaraz-3-days-2-nights-t802152/
Perú;urubamba-l164518;808074;Cusco city sacred valley machu picchu 4 day;https://www.getyourguide.com/urubamba-l164518/cusco-city-sacred-valley-machu-picchu-4-day-tour-t808074/
Perú;aguas-calientes-l91472;824858;Machu picchu 2 day;https://www.getyourguide.com/aguas-calientes-l91472/machu-picchu-2-day-train-adventure-t824858/
Perú;paracas-l32470;796007;From lima paracas and huacachina oasis full day guided;https://www.getyourguide.com/paracas-l32470/from-lima-paracas-and-huacachina-oasis-full-day-guided-tour-t796007/
Perú;aguas-calientes-l91472;842341;Cusco maras moray salt mines chinchero weavers;https://www.getyourguide.com/aguas-calientes-l91472/cusco-maras-moray-salt-mines-chinchero-weavers-tour-t842341/
Perú;lima-l39;827362;Lima 2 day visit;https://www.getyourguide.com/lima-l39/lima-2-day-visit-to-the-nor-yauyos-cochas-landscape-reserve-t827362/
Perú;urubamba-l164518;857630;Inca jungle;https://www.getyourguide.com/urubamba-l164518/inca-jungle-trek-to-machu-picchu-3-day-excursion-t857630/
Perú;chacas-l218145;858586;From huaraz chacas and punta olimpica;https://www.getyourguide.com/chacas-l218145/from-huaraz-chacas-and-punta-olimpica-tunnel-day-trip-t858586/
Perú;paracas-l32470;847395;From lima ica paracas nazca 3d2n;https://www.getyourguide.com/paracas-l32470/from-lima-ica-paracas-nazca-3d2n-t847395/
Perú;trujillo-l2870;513418;Trujillo historical;https://www.getyourguide.com/trujillo-l2870/trujillo-historical-tours-ancient-pre-incan-temples-t513418/
Perú;lima-l39;1160043;Lima historic center walking;https://www.getyourguide.com/lima-l39/lima-historic-center-walking-tour-with-guide-t1160043/
Perú;ica-l1608;645788;Ica huacachina dinner in;https://www.getyourguide.com/ica-l1608/ica-huacachina-dinner-in-the-desert-unique-experience-t645788/
Perú;ica-l1608;1255372;Ica desert safari dune buggy ride and sunset sandboarding;https://www.getyourguide.com/ica-l1608/ica-desert-safari-dune-buggy-ride-and-sunset-sandboarding-t1255372/
Perú;urubamba-l164518;683902;Cusco sacred valley urubamba without lunch;https://www.getyourguide.com/urubamba-l164518/cusco-sacred-valley-urubamba-without-lunch-t683902/
Perú;huaraz-l360;759161;Huaraz laguna 69 gem of cordillera blanca;https://www.getyourguide.com/huaraz-l360/huaraz-laguna-69-gem-of-cordillera-blanca-t759161/
Perú;moche-l199686;1222914;Trujillo moche heritage;https://www.getyourguide.com/moche-l199686/trujillo-moche-heritage-traditions-private-tour-t1222914/
Perú;aguas-calientes-l91472;793197;Machu picchu 2 day abra malaga;https://www.getyourguide.com/aguas-calientes-l91472/machu-picchu-2-day-abra-malaga-trip-t793197/
Perú;puno-l32157;1245226;From puno sillustani chullpas and umayo lagoon half day;https://www.getyourguide.com/puno-l32157/from-puno-sillustani-chullpas-and-umayo-lagoon-half-day-tour-t1245226/
Perú;iquitos-l32156;825077;From iquitos;https://www.getyourguide.com/iquitos-l32156/from-iquitos-tour-to-the-amazon-nanay-and-momon-rivers-t825077/
Perú;arequipa-l2859;1253470;Arequipa walking;https://www.getyourguide.com/arequipa-l2859/arequipa-walking-tour-historic-center-t1253470/
Perú;lima-l39;833948;Lima spiritual healing with xanga;https://www.getyourguide.com/lima-l39/lima-spiritual-healing-with-xanga-the-smokeable-ayahuasca-t833948/
Perú;tumbes-l198931;839622;Tumbes whale watching cruise guided;https://www.getyourguide.com/tumbes-l198931/tumbes-whale-watching-cruise-guided-t839622/
Perú;aguas-calientes-l91472;851615;4 day inca;https://www.getyourguide.com/aguas-calientes-l91472/4-day-inca-trail-jungle-tour-t851615/
Perú;puno-l32157;886462;Puno full day floating islands of uros amantani spanishenglish guide;https://www.getyourguide.com/puno-l32157/puno-full-day-floating-islands-of-uros-amantani-spanishenglish-guide-t886462/
Perú;puerto-maldonado-l2146;982990;Puerto maldonado;https://www.getyourguide.com/puerto-maldonado-l2146/puerto-maldonado-tambopata-river-sunset-boat-tour-t982990/
Perú;lima-l39;1033670;Party safe like a local in lima or iquitos;https://www.getyourguide.com/lima-l39/party-safe-like-a-local-in-lima-or-iquitos-t1033670/
Perú;puno-l32157;1110555;Puno full day uros;https://www.getyourguide.com/puno-l32157/puno-full-day-uros-taquile-tour-folk-dances-on-a-speedboat-t1110555/
Perú;puerto-maldonado-l2146;1131813;Puerto maldonado 3 day;https://www.getyourguide.com/puerto-maldonado-l2146/puerto-maldonado-3-day-tambopata-national-reserve-tour-t1131813/
Perú;paracas-l32470;567292;Paracas ballestas islands and national reserve;https://www.getyourguide.com/paracas-l32470/paracas-ballestas-islands-and-national-reserve-t567292/
Perú;aguas-calientes-l91472;570136;From cusco full day machu picchu;https://www.getyourguide.com/aguas-calientes-l91472/from-cusco-full-day-machu-picchu-t570136/
Perú;paracas-l32470;604970;Full day paracas ica from lima;https://www.getyourguide.com/paracas-l32470/full-day-paracas-ica-from-lima-t604970/
Perú;nanay-l244214;1169035;Iquitos amazon river cruise with sunset and kukama visit;https://www.getyourguide.com/nanay-l244214/iquitos-amazon-river-cruise-with-sunset-and-kukama-visit-t1169035/
Perú;chivay-l129313;653319;Transfer puno;https://www.getyourguide.com/chivay-l129313/transfer-puno-to-chivay-t653319/
Perú;lima-l39;509578;Bike;https://www.getyourguide.com/lima-l39/bike-tour-of-lima-along-the-coast-t509578/
Perú;urubamba-l164518;1225614;Machu picchu official circuit 2 entrance;https://www.getyourguide.com/urubamba-l164518/machu-picchu-official-circuit-2-entrance-ticket-t1225614/
Perú;arequipa-l2859;681383;From arequipa sillar route;https://www.getyourguide.com/arequipa-l2859/from-arequipa-sillar-route-trek-t681383/
Perú;paracas-l32470;593652;Paracas ballestas islands paracas reserve fullday combo;https://www.getyourguide.com/paracas-l32470/paracas-ballestas-islands-paracas-reserve-fullday-combo-t593652/
Perú;aguas-calientes-l91472;603451;Inca;https://www.getyourguide.com/aguas-calientes-l91472/inca-trail-tour-4-days-group-tour-t603451/
Perú;trujillo-l2870;616878;Trujillo excursion a chan chan y la playa huanchaco ;https://www.getyourguide.com/trujillo-l2870/trujillo-excursion-a-chan-chan-y-la-playa-huanchaco--t616878/
Perú;arequipa-l2859;793165;Offer price;https://www.getyourguide.com/arequipa-l2859/offer-price-tour-salinas-lagoon-and-national-reserve-8-hours-t793165/
Perú;lima-l39;657197;Lima islas palomino swim with;https://www.getyourguide.com/lima-l39/lima-islas-palomino-swim-with-the-sea-lions-t657197/
Perú;ollantaytambo-l93095;815370;Maras moray and salineras de ollantaytambo;https://www.getyourguide.com/ollantaytambo-l93095/maras-moray-and-salineras-de-ollantaytambo-t815370/
Perú;arequipa-l2859;827002;Hike;https://www.getyourguide.com/arequipa-l2859/hike-to-the-ashlar-route-and-culebrillas-in-arequipa-t827002/
Perú;paracas-l32470;698194;Lima ballestas islands vineyard and huacachina economic;https://www.getyourguide.com/paracas-l32470/lima-ballestas-islands-vineyard-and-huacachina-economic-t698194/
Perú;aguas-calientes-l91472;840855;Discover peru 9 days of adventure and culture;https://www.getyourguide.com/aguas-calientes-l91472/discover-peru-9-days-of-adventure-and-culture-t840855/
Perú;lima-l39;853694;Lima lima;https://www.getyourguide.com/lima-l39/lima-lima-tour-with-pisco-tastings-and-visit-to-the-catacombs-t853694/
Perú;aguas-calientes-l91472;879237;From;https://www.getyourguide.com/aguas-calientes-l91472/from-the-sacred-valley-pisaq-and-ollantaytambomachu-picchu-t879237/
Perú;aguas-calientes-l91472;797049;Cusco machu picchu sunset;https://www.getyourguide.com/aguas-calientes-l91472/cusco-machu-picchu-sunset-tour-with-train-and-bus-tickets-t797049/
Perú;iquitos-l32156;799315;Iquitos 3 day amazon rainforest jungle;https://www.getyourguide.com/iquitos-l32156/iquitos-3-day-amazon-rainforest-jungle-tour-t799315/
Perú;trujillo-l2870;882261;Trujillo;https://www.getyourguide.com/trujillo-l2870/trujillo-the-sorcerer-and-the-lady-of-cao-t882261/
Perú;puerto-maldonado-l2146;802054;Excursion;https://www.getyourguide.com/puerto-maldonado-l2146/excursion-to-lake-yacumama-sunset-sport-fishing-t802054/
Perú;ica-l1608;822875;Pisco route;https://www.getyourguide.com/ica-l1608/pisco-route-tasting-experience-in-the-desert-t822875/
Perú;arequipa-l2859;828174;Alfredo rodrigue airport arequipa hotel private;https://www.getyourguide.com/arequipa-l2859/alfredo-rodrigue-airport-arequipa-hotel-private-transfer-t828174/
Perú;piura-l156022;832835;Piura excursion;https://www.getyourguide.com/piura-l156022/piura-excursion-to-mancora-and-swimming-with-turtles-t832835/
Perú;arequipa-l2859;839687;Pillones waterfall and imata stone forest;https://www.getyourguide.com/arequipa-l2859/pillones-waterfall-and-imata-stone-forest-t839687/
Perú;arequipa-l2859;839737;Walking;https://www.getyourguide.com/arequipa-l2859/walking-tour-of-the-historic-center-of-arequipa-t839737/
Perú;huaraz-l360;387820;From huaraz chavin de huantar chavin museum day;https://www.getyourguide.com/huaraz-l360/from-huaraz-chavin-de-huantar-chavin-museum-day-trip-t387820/
Perú;lima-l39;396722;Dinner at cafe del museo larco restaurant;https://www.getyourguide.com/lima-l39/dinner-at-cafe-del-museo-larco-restaurant-t396722/
Perú;puno-l32157;514252;2 day uros kayak;https://www.getyourguide.com/puno-l32157/2-day-uros-kayak-tour-with-homestay-at-amantani-island-t514252/
Perú;lima-l39;1093907;Lima miraflores barranco guided bike;https://www.getyourguide.com/lima-l39/lima-miraflores-barranco-guided-bike-tour-t1093907/
Perú;lima-l39;557592;Lima antioquia colorful village experience;https://www.getyourguide.com/lima-l39/lima-antioquia-colorful-village-experience-t557592/
Perú;aguas-calientes-l91472;581352;Salkantay;https://www.getyourguide.com/aguas-calientes-l91472/salkantay-trekking-5days-4nights-private-service-t581352/
Perú;lima-l39;1122858;Barranco pairing of peruvian boutique wines cheeses and charcuterie;https://www.getyourguide.com/lima-l39/barranco-pairing-of-peruvian-boutique-wines-cheeses-and-charcuterie-t1122858/
Perú;paracas-l32470;654392;Paracas ballestas islands reserve in one day experience;https://www.getyourguide.com/paracas-l32470/paracas-ballestas-islands-reserve-in-one-day-experience-t654392/
Perú;chivay-l129313;700010;2 day 1 night;https://www.getyourguide.com/chivay-l129313/2-day-1-night-trek-colca-canyon-t700010/
Perú;ica-l1608;1172715;Huacachina paragliding flight over;https://www.getyourguide.com/ica-l1608/huacachina-paragliding-flight-over-the-peruvian-desert-t1172715/
Perú;arequipa-l2859;780102;Hike volcan misti 2 days 1 night;https://www.getyourguide.com/arequipa-l2859/hike-volcan-misti-2-days-1-night-t780102/
Perú;huaraz-l360;800366;Huaraz laguna paron;https://www.getyourguide.com/huaraz-l360/huaraz-laguna-paron-turquoise-beauty-lagoon-t800366/
Perú;aguas-calientes-l91472;810793;Cusco 2 day inca;https://www.getyourguide.com/aguas-calientes-l91472/cusco-2-day-inca-trail-to-machu-picchu-t810793/
Perú;ica-l1608;822900;From ica los perdidos canyon excursion full day;https://www.getyourguide.com/ica-l1608/from-ica-los-perdidos-canyon-excursion-full-day-t822900/
Perú;lima-l39;834974;Lima;https://www.getyourguide.com/lima-l39/lima-tour-of-the-historic-center-cathedral-and-catacombs-of-san-francisco-t834974/
Perú;urubamba-l164518;848715;From cuscochinchero moray maras ollantaytambo with lunch;https://www.getyourguide.com/urubamba-l164518/from-cuscochinchero-moray-maras-ollantaytambo-with-lunch-t848715/
Perú;puno-l32157;1263183;From puno expedition;https://www.getyourguide.com/puno-l32157/from-puno-expedition-to-colca-canyon-ending-in-arequipa-t1263183/
Perú;aguas-calientes-l91472;881009;From cusco 2 day machu picchu and rainbow mountain;https://www.getyourguide.com/aguas-calientes-l91472/from-cusco-2-day-machu-picchu-and-rainbow-mountain-tour-t881009/
Perú;lima-l39;951500;Lima discover;https://www.getyourguide.com/lima-l39/lima-discover-the-city-by-bike-explore-miraflores-and-barranco-t951500/
Perú;chivay-l129313;1017920;Arequipa 2 day hike with a visit;https://www.getyourguide.com/chivay-l129313/arequipa-2-day-hike-with-a-visit-to-the-huaruro-and-llahuar-waterfalls-t1017920/
Perú;ica-l1608;1088948;Nazca nazca lines flight with hotel pickup;https://www.getyourguide.com/ica-l1608/nazca-nazca-lines-flight-with-hotel-pickup-t1088948/
Perú;pucara-peru-l145153;1153506;Puno;https://www.getyourguide.com/pucara-peru-l145153/puno-to-cusco-day-trip-with-buffet-lunch-and-pisco-sour-t1153506/
Perú;ollantaytambo-l93095;1171133;Sacred valley;https://www.getyourguide.com/ollantaytambo-l93095/sacred-valley-tour-andean-cultural-pachamanca-lunch-t1171133/
Perú;lima-l39;619726;Lima historic center walking;https://www.getyourguide.com/lima-l39/lima-historic-center-walking-tour-with-pisco-sour-tasting-t619726/
Perú;ica-l1608;645745;From ica huacachina canyon de los perdidos full day;https://www.getyourguide.com/ica-l1608/from-ica-huacachina-canyon-de-los-perdidos-full-day-t645745/
Perú;coporaque-l135202;1261814;Arequipa coporaque colca 2 day immersive;https://www.getyourguide.com/coporaque-l135202/arequipa-coporaque-colca-2-day-immersive-tourism-experience-t1261814/
Perú;lima-l39;768314;Pro sanboarding or skiing in huacachina from lima day;https://www.getyourguide.com/lima-l39/pro-sanboarding-or-skiing-in-huacachina-from-lima-day-trip-t768314/
Perú;aguas-calientes-l91472;714622;Cusco inca jungle adventure;https://www.getyourguide.com/aguas-calientes-l91472/cusco-inca-jungle-adventure-to-machu-picchu-4days3nights-t714622/
Perú;paracas-l32470;819414;From lima paracas and huacachina full day bus;https://www.getyourguide.com/paracas-l32470/from-lima-paracas-and-huacachina-full-day-bus-tour-t819414/
Perú;lima-l39;822877;From lima excursion;https://www.getyourguide.com/lima-l39/from-lima-excursion-to-sayan-and-churin-t822877/
Perú;arequipa-l2859;787553;Arequipa ascent;https://www.getyourguide.com/arequipa-l2859/arequipa-ascent-to-chachani-volcano-2-days-1-night-t787553/
Perú;ica-l1608;841997;Icahuacachina 4x4 buggy ride in;https://www.getyourguide.com/ica-l1608/icahuacachina-4x4-buggy-ride-in-the-dunes-at-sunset-sand-sledding-t841997/
Perú;ica-l1608;846384;Camel adventure in;https://www.getyourguide.com/ica-l1608/camel-adventure-in-the-peruvian-desert-t846384/
Perú;iquitos-l32156;799470;Belen neighbourhood;https://www.getyourguide.com/iquitos-l32156/belen-neighbourhood-tour-t799470/
Perú;trujillo-l2870;805820;From;https://www.getyourguide.com/trujillo-l2870/from-trujillo-the-sorcerer-and-the-lady-of-cao-t805820/
Perú;aguas-calientes-l91472;853755;Cusco a charming destination 9d 8n hotel 2 stars;https://www.getyourguide.com/aguas-calientes-l91472/cusco-a-charming-destination-9d-8n-hotel-2-stars-t853755/
Perú;huaraz-l360;819734;Tour;https://www.getyourguide.com/huaraz-l360/tour-to-the-chavin-archaeological-complex-t819734/
Perú;lima-l39;827252;Miraflores surf class with videos equipment and instructor;https://www.getyourguide.com/lima-l39/miraflores-surf-class-with-videos-equipment-and-instructor-t827252/
Perú;aguas-calientes-l91472;829780;2 days machu picchu by;https://www.getyourguide.com/aguas-calientes-l91472/2-days-machu-picchu-by-train-with-sacred-valley-t829780/
Perú;puerto-maldonado-l2146;837712;Tambopata jungle safari;https://www.getyourguide.com/puerto-maldonado-l2146/tambopata-jungle-safari-t837712/
Perú;lima-l39;866863;Tour let s visit;https://www.getyourguide.com/lima-l39/tour-let-s-visit-the-historic-center-of-lima-and-the-water-park-t866863/
Perú;huaraz-l360;1095846;Tour paron lagoon;https://www.getyourguide.com/huaraz-l360/tour-paron-lagoon-t1095846/
Perú;trujillo-l2870;520262;Trujillo moon sun;https://www.getyourguide.com/trujillo-l2870/trujillo-moon-sun-templeshorses-showchan-chanhuanchaco-t520262/
Perú;aguas-calientes-l91472;564665;Machu picchu;https://www.getyourguide.com/aguas-calientes-l91472/machu-picchu-tour-huayna-picchu-mountain-t564665/
Perú;urubamba-l164518;568872;Potato park community based;https://www.getyourguide.com/urubamba-l164518/potato-park-community-based-tourism-in-the-sacred-valley-t568872/
Perú;puno-l32157;1152692;Puno full day;https://www.getyourguide.com/puno-l32157/puno-full-day-tour-of-uros-and-amantani-with-an-authentic-cultural-experience-t1152692/
Perú;barranca-l168402;616084;Caral private experience;https://www.getyourguide.com/barranca-l168402/caral-private-experience-t616084/
Perú;chachapoyas-l135812;621549;Chachapoyas karajia and quiocta cavern entrance ;https://www.getyourguide.com/chachapoyas-l135812/chachapoyas-karajia-and-quiocta-cavern-entrance--t621549/
Perú;lima-l39;1187625;Lima city walking;https://www.getyourguide.com/lima-l39/lima-city-walking-tour-with-local-student-guides-t1187625/
Perú;pisac-l119710;635545;Sacred valley of;https://www.getyourguide.com/pisac-l119710/sacred-valley-of-the-incas-maras-moray-in-private-tour-t635545/
Perú;huaraz-l360;1194131;Huaraz santa cruz 4 day guided;https://www.getyourguide.com/huaraz-l360/huaraz-santa-cruz-4-day-guided-trek-in-the-cordillera-blanca-t1194131/
Perú;puerto-maldonado-l2146;1196360;Puerto maldonado amazon river otters adventure;https://www.getyourguide.com/puerto-maldonado-l2146/puerto-maldonado-amazon-river-otters-adventure-t1196360/
Perú;lima-l39;1233340;Lima all levels surf lesson at playa makaha in miraflores;https://www.getyourguide.com/lima-l39/lima-all-levels-surf-lesson-at-playa-makaha-in-miraflores-t1233340/
Perú;lima-l39;746496;From limalima city;https://www.getyourguide.com/lima-l39/from-limalima-city-tour-1-day-t746496/
Perú;puno-l32157;758648;Puno;https://www.getyourguide.com/puno-l32157/puno-tour-fullday-uros-taquile-visit-the-titicaca-lake-t758648/
Perú;arequipa-l2859;829274;Adventure day in arequipa pillones waterfall rock forest;https://www.getyourguide.com/arequipa-l2859/adventure-day-in-arequipa-pillones-waterfall-rock-forest-t829274/
Perú;arequipa-l2859;831253;Arequipa colca canyon 1 day guided;https://www.getyourguide.com/arequipa-l2859/arequipa-colca-canyon-1-day-guided-tour-condor-flight--t831253/
Perú;lima-l39;838962;Lima;https://www.getyourguide.com/lima-l39/lima-tour-highlights-of-the-historic-center-with-entrance-to-the-catacombs-t838962/
Perú;urubamba-l164518;846265;Cusco all inclusive machu picchu day;https://www.getyourguide.com/urubamba-l164518/cusco-all-inclusive-machu-picchu-day-tour-t846265/
Perú;paracas-l32470;856646;From lima day;https://www.getyourguide.com/paracas-l32470/from-lima-day-trip-to-paracas-and-the-huacachina-oasis-t856646/
Perú;aguas-calientes-l91472;862759;Magic peru 8d7n of history hotel 3 stars;https://www.getyourguide.com/aguas-calientes-l91472/magic-peru-8d7n-of-history-hotel-3-stars-t862759/
Perú;arequipa-l2859;868155;Arequipa sillar route and;https://www.getyourguide.com/arequipa-l2859/arequipa-sillar-route-and-the-petroglyphs-of-culebrillas-t868155/
Perú;chivay-l129313;1332067;Full day colca sightseeing;https://www.getyourguide.com/chivay-l129313/full-day-colca-sightseeing-tour-t1332067/
Perú;lima-l39;881519;Lima huaca pucllana site museum private;https://www.getyourguide.com/lima-l39/lima-huaca-pucllana-site-museum-private-tour-with-tickets-t881519/
Perú;puno-l32157;387995;From puno uros amantani;https://www.getyourguide.com/puno-l32157/from-puno-uros-amantani-taquile-islands-2-day-tour-t387995/
Perú;lima-l39;430345;Lima barranco and pachacamac ruins guided;https://www.getyourguide.com/lima-l39/lima-barranco-and-pachacamac-ruins-guided-tour-t430345/
Perú;iquitos-l32156;495144;Iquitos airport private;https://www.getyourguide.com/iquitos-l32156/iquitos-airport-private-transfer-t495144/
Perú;iquitos-l32156;489233;Iquitos amazon day;https://www.getyourguide.com/iquitos-l32156/iquitos-amazon-day-tour-with-wildlife-t489233/
Perú;huaraz-l360;519909;From ancash huaraz;https://www.getyourguide.com/huaraz-l360/from-ancash-huaraz-two-days-one-night-t519909/
Perú;puerto-maldonado-l2146;531178;From puerto maldonado;https://www.getyourguide.com/puerto-maldonado-l2146/from-puerto-maldonado-tambopata-national-reserve-2-day-tour-t531178/
Perú;aguas-calientes-l91472;562443;5 days salkantaymachu picchu;https://www.getyourguide.com/aguas-calientes-l91472/5-days-salkantaymachu-picchu-trekking-t562443/
Perú;chachapoyas-l135812;570644;From chachapoyas full day;https://www.getyourguide.com/chachapoyas-l135812/from-chachapoyas-full-day-tour-to-kuelap-fortress-t570644/
Perú;paracas-l32470;556261;From;https://www.getyourguide.com/paracas-l32470/from-tpp-paracasislands-tour-paracas-reserve-all-inclusive-t556261/
Perú;urubamba-l164518;557019;Machupicchu private guided service;https://www.getyourguide.com/urubamba-l164518/machupicchu-private-guided-service-t557019/
Perú;trujillo-l2870;603708;From salaverry port el brujo complex huanchaco day;https://www.getyourguide.com/trujillo-l2870/from-salaverry-port-el-brujo-complex-huanchaco-day-tour-t603708/
Perú;puerto-maldonado-l2146;566055;From madre de dios night;https://www.getyourguide.com/puerto-maldonado-l2146/from-madre-de-dios-night-trekking-in-the-amazon-jungle-t566055/
Perú;lima-l39;609759;Lima food experience with local markets barranco;https://www.getyourguide.com/lima-l39/lima-food-experience-with-local-markets-barranco-tour-t609759/
Perú;huaraz-l360;637427;From huaraz excursion;https://www.getyourguide.com/huaraz-l360/from-huaraz-excursion-to-chinancocha-lagoon-t637427/
Perú;iquitos-l32156;652253;Iquitos full day;https://www.getyourguide.com/iquitos-l32156/iquitos-full-day-tour-with-market-rescue-center-t652253/
Perú;lima-l39;658393;Lima surf class perfect wave for beginners and advanced;https://www.getyourguide.com/lima-l39/lima-surf-class-perfect-wave-for-beginners-and-advanced-t658393/
Perú;cajamarca-l116362;685874;Cajamarca porcon and otuzco farm;https://www.getyourguide.com/cajamarca-l116362/cajamarca-porcon-and-otuzco-farm-t685874/
Perú;urubamba-l164518;801070;Cusco sacred valley end in ollantaytambo urubamba private;https://www.getyourguide.com/urubamba-l164518/cusco-sacred-valley-end-in-ollantaytambo-urubamba-private-t801070/
Perú;ica-l1608;821599;From huacachina buggy in;https://www.getyourguide.com/ica-l1608/from-huacachina-buggy-in-the-huacachina-dunes-sunset-t821599/
Perú;paracas-l32470;1310874;From paracas 2 day;https://www.getyourguide.com/paracas-l32470/from-paracas-2-day-tour-to-the-islands-of-uros-and-taquile-with-lunch-t1310874/
Perú;chiclayo-l32245;796219;Chiclayo sipan museum;https://www.getyourguide.com/chiclayo-l32245/chiclayo-sipan-museum-tour-huaca-rajada-tumbas-reales-t796219/
Perú;chivay-l129313;831286;Colca canyon;https://www.getyourguide.com/chivay-l129313/colca-canyon-trekking-2-days-t831286/
Perú;puno-l32157;813089;From puno ruta del sol by;https://www.getyourguide.com/puno-l32157/from-puno-ruta-del-sol-by-tourist-bus-from-puno-to-cusco-lunch-t813089/
Perú;urubamba-l164518;840779;Peru 5d visit cusco machu picchu valley maras moray;https://www.getyourguide.com/urubamba-l164518/peru-5d-visit-cusco-machu-picchu-valley-maras-moray-t840779/
Perú;ica-l1608;844442;From ica winery;https://www.getyourguide.com/ica-l1608/from-ica-winery-tour-along-the-pisco-route-t844442/
Perú;aguas-calientes-l91472;853463;From cusco;https://www.getyourguide.com/aguas-calientes-l91472/from-cusco-tour-machu-picchu-2d-1n-t853463/
Perú;aguas-calientes-l91472;831334;Inka jungle from cusco biking rafting and zip line 3d2n;https://www.getyourguide.com/aguas-calientes-l91472/inka-jungle-from-cusco-biking-rafting-and-zip-line-3d2n-t831334/
Perú;lima-l39;846340;Pisco and wine;https://www.getyourguide.com/lima-l39/pisco-and-wine-tasting-tour-piscoprivate-t846340/
Perú;aguas-calientes-l91472;876076;Challenge 3 day salkantay;https://www.getyourguide.com/aguas-calientes-l91472/challenge-3-day-salkantay-trek-machu-picchu-sky-lodge-dome-t876076/
Perú;urubamba-l164518;853401;Inca;https://www.getyourguide.com/urubamba-l164518/inca-trail-4-days-t853401/
Perú;iquitos-l32156;862095;Amazonian wonder 2 days 01 night in lodge;https://www.getyourguide.com/iquitos-l32156/amazonian-wonder-2-days-01-night-in-lodge-t862095/
Perú;ica-l1608;872641;Huacachina buggy ride and sandboarding experience;https://www.getyourguide.com/ica-l1608/huacachina-buggy-ride-and-sandboarding-experience-t872641/
Perú;urubamba-l164518;885852;From cusco pisac ollantaytambo and chincheros day;https://www.getyourguide.com/urubamba-l164518/from-cusco-pisac-ollantaytambo-and-chincheros-day-trip-t885852/
Perú;iquitos-l32156;954055;From iquitos 2 day jungle expedition;https://www.getyourguide.com/iquitos-l32156/from-iquitos-2-day-jungle-expedition-t954055/
Perú;aguas-calientes-l91472;954439;Machu picchu private;https://www.getyourguide.com/aguas-calientes-l91472/machu-picchu-private-tour-guide-service-for-up-to-15-people-t954439/
Perú;lima-l39;957743;Lima certified surf class experience;https://www.getyourguide.com/lima-l39/lima-certified-surf-class-experience-t957743/
Perú;lima-l39;394239;Boardwalk of barranco miraflores gastronomic experience;https://www.getyourguide.com/lima-l39/boardwalk-of-barranco-miraflores-gastronomic-experience-t394239/
Perú;calca-l208593;1069089;From cusco or sacred valley lares;https://www.getyourguide.com/calca-l208593/from-cusco-or-sacred-valley-lares-trail-run-hot-springs-t1069089/
Perú;paracas-l32470;1105995;Paracas adventure combo guided;https://www.getyourguide.com/paracas-l32470/paracas-adventure-combo-guided-tour-of-the-ballestas-islands-scooter-rental-t1105995/
Perú;calca-l208593;1127892;Vip ausangate 7 lagoons hike private;https://www.getyourguide.com/calca-l208593/vip-ausangate-7-lagoons-hike-private-tour-in-portuguese-t1127892/
Perú;lima-l39;539651;Full day paracas ica huacachina;https://www.getyourguide.com/lima-l39/full-day-paracas-ica-huacachina-t539651/
Perú;lima-l39;557436;Lima islas palomino;https://www.getyourguide.com/lima-l39/lima-islas-palomino-tour-swim-with-sea-lions-t557436/
Perú;paracas-l32470;557626;Reserva nacional de paracas en cuatrimoto;https://www.getyourguide.com/paracas-l32470/reserva-nacional-de-paracas-en-cuatrimoto-t557626/
Perú;chivay-l129313;1189843;From arequipa 2 day hike;https://www.getyourguide.com/chivay-l129313/from-arequipa-2-day-hike-to-colca-canyon-ending-in-puno-t1189843/
Perú;urubamba-l164518;616083;1 day humantay lake;https://www.getyourguide.com/urubamba-l164518/1-day-humantay-lake-t616083/
Perú;chachapoyas-l135812;622381;Chachapoyas viewpoint route adventure and scenery ;https://www.getyourguide.com/chachapoyas-l135812/chachapoyas-viewpoint-route-adventure-and-scenery--t622381/
Perú;puno-l32157;672801;Puno full day route of;https://www.getyourguide.com/puno-l32157/puno-full-day-route-of-the-sun-tour-to-cusco-with-lunch-t672801/
Perú;urubamba-l164518;775395;7th wonder machu picchu huayna picchu mountain;https://www.getyourguide.com/urubamba-l164518/7th-wonder-machu-picchu-huayna-picchu-mountain-t775395/
Perú;lima-l39;804639;Barranco;https://www.getyourguide.com/lima-l39/barranco-tour-with-dinner-t804639/
Perú;arequipa-l2859;822667;From arequipa mirabus city;https://www.getyourguide.com/arequipa-l2859/from-arequipa-mirabus-city-tour-yanahuara-viewpoint--t822667/
Perú;urubamba-l164518;834710;Super sacred valley with;https://www.getyourguide.com/urubamba-l164518/super-sacred-valley-with-transfer-to-ollantaytambo-t834710/
Perú;huaraz-l360;834826;Huaraz;https://www.getyourguide.com/huaraz-l360/huaraz-the-best-trekking-and-hiking-trails-in-paron-t834826/
Perú;puno-l32157;28402;Uros;https://www.getyourguide.com/puno-l32157/uros-takile-titicaca-lake-tour-with-lunch-from-puno-t28402/
Perú;paracas-l32470;849801;Ballestas islands;https://www.getyourguide.com/paracas-l32470/ballestas-islands-tour-t849801/
Perú;lima-l39;856742;From lima huacachina sandboarding and wine;https://www.getyourguide.com/lima-l39/from-lima-huacachina-sandboarding-and-wine-tasting-tour-t856742/
Perú;puno-l32157;867336;Puno uros;https://www.getyourguide.com/puno-l32157/puno-uros-taquile-speedboat-tour-full-day-t867336/
Perú;aguas-calientes-l91472;387635;Aguas calientes bus;https://www.getyourguide.com/aguas-calientes-l91472/aguas-calientes-bus-transfer-to-machu-picchu-citadel-t387635/
Perú;puerto-maldonado-l2146;441534;Puerto maldonado zip line kayaking;https://www.getyourguide.com/puerto-maldonado-l2146/puerto-maldonado-zip-line-kayaking-to-monkey-island-t441534/
Perú;lima-l39;472913;Lima peruvian food;https://www.getyourguide.com/lima-l39/lima-peruvian-food-tour-in-barranco-t472913/
Perú;chivay-l129313;1103351;From cabanaconde;https://www.getyourguide.com/chivay-l129313/from-cabanaconde-transport-from-cabanaconde-to-arequipa-t1103351/
Perú;lima-l39;1106210;Lima surfboard and wetsuit rental at makaha beach;https://www.getyourguide.com/lima-l39/lima-surfboard-and-wetsuit-rental-at-makaha-beach-t1106210/
Perú;puno-l32157;473461;From cusco vinicunca rainbow mountain atv;https://www.getyourguide.com/puno-l32157/from-cusco-vinicunca-rainbow-mountain-atv-tour-with-meals-t473461/
Perú;arequipa-l2859;475817;Arequipa walking;https://www.getyourguide.com/arequipa-l2859/arequipa-walking-tour-and-santa-catalina-monastery-t475817/
Perú;arequipa-l2859;1144293;Arequipa climbing and cooking class combo;https://www.getyourguide.com/arequipa-l2859/arequipa-climbing-and-cooking-class-combo-tour-t1144293/
Perú;puerto-maldonado-l2146;724101;Canopy;https://www.getyourguide.com/puerto-maldonado-l2146/canopy-tower-zipline-kayak-and-monkey-island--t724101/
Perú;arequipa-l2859;703993;Half day hike;https://www.getyourguide.com/arequipa-l2859/half-day-hike-to-misti-volcano-t703993/
Perú;aguas-calientes-l91472;738051;From cusco machu picchu by car 2 days;https://www.getyourguide.com/aguas-calientes-l91472/from-cusco-machu-picchu-by-car-2-days-t738051/
Perú;lima-l39;755614;Full day lima historic center pachacamac miraflores water park;https://www.getyourguide.com/lima-l39/full-day-lima-historic-center-pachacamac-miraflores-water-park-t755614/
Perú;aguas-calientes-l91472;770536;Excursion;https://www.getyourguide.com/aguas-calientes-l91472/excursion-to-machu-picchu-and-rainbow-mountain-t770536/
Perú;arequipa-l2859;818515;Explore;https://www.getyourguide.com/arequipa-l2859/explore-the-pillones-waterfall-on-an-excursion-from-arequipa-t818515/
Perú;chiclayo-l32245;796199;Chiclayo mayascon;https://www.getyourguide.com/chiclayo-l32245/chiclayo-mayascon-tour-in-lambayeque-hiddden-pools-t796199/
Perú;acomayo-l214662;831174;Waqrapukara full day;https://www.getyourguide.com/acomayo-l214662/waqrapukara-full-day-tour-t831174/
Perú;arequipa-l2859;799499;Excursion salinas lagoon and national;https://www.getyourguide.com/arequipa-l2859/excursion-salinas-lagoon-and-national-t799499/
Perú;aguas-calientes-l91472;836918;Tour;https://www.getyourguide.com/aguas-calientes-l91472/tour-to-machu-picchu-1day-with-the-inca-rail-train-company-t836918/
Perú;puno-l32157;815345;From puno;https://www.getyourguide.com/puno-l32157/from-puno-tour-to-la-paz-uyuni-salt-flat-aymara-route-t815345/
Perú;ica-l1608;816836;From ica or huacachina fly over;https://www.getyourguide.com/ica-l1608/from-ica-or-huacachina-fly-over-the-nazca-lines-and-huacachina-dune-buggy-t816836/
Perú;aguas-calientes-l91472;825139;Machu picchu by car 2 days;https://www.getyourguide.com/aguas-calientes-l91472/machu-picchu-by-car-2-days-t825139/
Perú;aguas-calientes-l91472;839825;Inca;https://www.getyourguide.com/aguas-calientes-l91472/inca-trail-to-machu-picchu-2-days-t839825/
Perú;mollepata-l215653;895792;Bus cusco;https://www.getyourguide.com/mollepata-l215653/bus-cusco-to-soraypampa-t895792/
Perú;puno-l32157;954644;Puno full day route of;https://www.getyourguide.com/puno-l32157/puno-full-day-route-of-the-sun-tour-to-cusco-buffet-lunch-t954644/
Perú;lima-l39;205857;Lima half day fountains;https://www.getyourguide.com/lima-l39/lima-half-day-fountains-tour-with-dinner-folklore-show-t205857/
Perú;lima-l39;394302;Half day private lima city;https://www.getyourguide.com/lima-l39/half-day-private-lima-city-tour-and-gold-museum-t394302/
Perú;ica-l1608;1068150;Professional sandboarding and sand skiing school in huacachina;https://www.getyourguide.com/ica-l1608/professional-sandboarding-and-sand-skiing-school-in-huacachina-t1068150/
Perú;paracas-l32470;440641;Paracas mini buggy sandboarding at laguna moron;https://www.getyourguide.com/paracas-l32470/paracas-mini-buggy-sandboarding-at-laguna-moron-t440641/
Perú;arequipa-l2859;1106035;Arequipa quad bike adventure in parque de las rocas;https://www.getyourguide.com/arequipa-l2859/arequipa-quad-bike-adventure-in-parque-de-las-rocas-t1106035/
Perú;ollantaytambo-l93095;1152860;Cusco sacred valley;https://www.getyourguide.com/ollantaytambo-l93095/cusco-sacred-valley-tour-with-pisco-sour-class-t1152860/
Perú;lima-l39;593594;Lima evening;https://www.getyourguide.com/lima-l39/lima-evening-tour-magic-water-circuit-fountain-show-t593594/
Perú;chivay-l129313;653130;Arequipafull day;https://www.getyourguide.com/chivay-l129313/arequipafull-day-tour-to-colca-canyon-with-transfer-to-puno-t653130/
Perú;pucallpa-l218329;760529;Pucallpa waterfalls diablo y la novia adventure haven;https://www.getyourguide.com/pucallpa-l218329/pucallpa-waterfalls-diablo-y-la-novia-adventure-haven-t760529/
Perú;tarapoto-l140001;798968;Tarapoto huacamaillo waterfall eco jungle;https://www.getyourguide.com/tarapoto-l140001/tarapoto-huacamaillo-waterfall-eco-jungle-t798968/
Perú;tingo-maria-l213362;800709;Tingo maria san miguel waterfall;https://www.getyourguide.com/tingo-maria-l213362/tingo-maria-san-miguel-waterfall-t800709/
Perú;puerto-maldonado-l2146;815109;Chuncho collpa full day entrance ;https://www.getyourguide.com/puerto-maldonado-l2146/chuncho-collpa-full-day-entrance--t815109/
Perú;cajamarca-l116362;816101;From cajamarca porcon farm and huambocancha workshops;https://www.getyourguide.com/cajamarca-l116362/from-cajamarca-porcon-farm-and-huambocancha-workshops-tour-t816101/
Perú;ayacucho-l152602;816159;Ayacucho colonial;https://www.getyourguide.com/ayacucho-l152602/ayacucho-colonial-temples-altarpieces-and-architecture--t816159/
Perú;ica-l1608;816379;From ica wine and pisco vineyards;https://www.getyourguide.com/ica-l1608/from-ica-wine-and-pisco-vineyards-tour-free-tasting--t816379/
Perú;lima-l39;22640;Full day lima experience;https://www.getyourguide.com/lima-l39/full-day-lima-experience-t22640/
Perú;chivay-l129313;373195;Arequipa 2 day colca canyon;https://www.getyourguide.com/chivay-l129313/arequipa-2-day-colca-canyon-tour-in-4hotel-t373195/
Perú;arequipa-l2859;418761;Arequipa private city;https://www.getyourguide.com/arequipa-l2859/arequipa-private-city-tour-and-santa-catalina-monastery-t418761/
Perú;ica-l1608;500845;Dune buggy and sandboard in huacachina ica;https://www.getyourguide.com/ica-l1608/dune-buggy-and-sandboard-in-huacachina-ica-t500845/
Perú;urubamba-l164518;570715;From cusco sacred valley of;https://www.getyourguide.com/urubamba-l164518/from-cusco-sacred-valley-of-the-incas-t570715/
Perú;aguas-calientes-l91472;587071;From cusco inka jungle;https://www.getyourguide.com/aguas-calientes-l91472/from-cusco-inka-jungle-tour-machu-picchu-4-days3-nights-t587071/
Perú;aguas-calientes-l91472;544216;Inca jungle;https://www.getyourguide.com/aguas-calientes-l91472/inca-jungle-trek-3-days-bike-rafting-machu-picchu-t544216/
Perú;arequipa-l2859;1164975;Arequipa 2 day colca canyon;https://www.getyourguide.com/arequipa-l2859/arequipa-2-day-colca-canyon-tours-with-homestay-in-a-local-family-s-house-t1164975/
Perú;urubamba-l164518;622719;Tour valle sagrado vip maras moray salineras chinchero;https://www.getyourguide.com/urubamba-l164518/tour-valle-sagrado-vip-maras-moray-salineras-chinchero-t622719/
Perú;lima-l39;674158;Bus panoramico;https://www.getyourguide.com/lima-l39/bus-panoramico-turibus-city-tour-salida-desde-larcomar-t674158/
Perú;puno-l32157;1243593;From puno aymara route full day;https://www.getyourguide.com/puno-l32157/from-puno-aymara-route-full-day-tour-with-lunch-t1243593/
Perú;lima-l39;676548;Lima canon de autisha explore;https://www.getyourguide.com/lima-l39/lima-canon-de-autisha-explore-the-center-of-the-earth-t676548/
Perú;urubamba-l164518;681728;Guided;https://www.getyourguide.com/urubamba-l164518/guided-tour-of-cusco-and-its-4-ruins-t681728/
Perú;pucusana-l211338;729455;Lima fun dive for certified divers;https://www.getyourguide.com/pucusana-l211338/lima-fun-dive-for-certified-divers-t729455/
Perú;paracas-l32470;738624;Paracas;https://www.getyourguide.com/paracas-l32470/paracas-tours-to-ballestas-islands-by-speed-boat-t738624/
Perú;ica-l1608;809164;Bus huacachina ica nazca one way;https://www.getyourguide.com/ica-l1608/bus-huacachina-ica-nazca-one-way-t809164/
Perú;urubamba-l164518;809881;Peru and bolivia;https://www.getyourguide.com/urubamba-l164518/peru-and-bolivia-tour-13-days-12-nigths-t809881/
Perú;puno-l32157;821578;Uyuni salt flat;https://www.getyourguide.com/puno-l32157/uyuni-salt-flat-tour-from-puno-2-days-t821578/
Perú;aguas-calientes-l91472;827055;Cusco machu picchu and machu picchu mountain day;https://www.getyourguide.com/aguas-calientes-l91472/cusco-machu-picchu-and-machu-picchu-mountain-day-trip-t827055/
Perú;paracas-l32470;827217;Full day;https://www.getyourguide.com/paracas-l32470/full-day-tour-to-huacachina-and-paracas-t827217/
Perú;chivay-l129313;831275;From arequipa colca canyon 2 days ending in arequipa;https://www.getyourguide.com/chivay-l129313/from-arequipa-colca-canyon-2-days-ending-in-arequipa-t831275/
Perú;iquitos-l32156;816423;Private;https://www.getyourguide.com/iquitos-l32156/private-tour-to-monkey-island-t816423/
Perú;puno-l32157;816854;From puno 2d one night excursion;https://www.getyourguide.com/puno-l32157/from-puno-2d-one-night-excursion-to-the-salar-de-uyuni-t816854/
Perú;trujillo-l2870;820799;From;https://www.getyourguide.com/trujillo-l2870/from-trujillo-tour-to-chan-chan-beach-and-huanchaco-t820799/
Perú;iquitos-l32156;853493;Extreme adventure i iquitos hanging bridge canopy;https://www.getyourguide.com/iquitos-l32156/extreme-adventure-i-iquitos-hanging-bridge-canopy-t853493/
Perú;aguas-calientes-l91472;847199;Discover cusco sacred valley and machu picchu in 4 days;https://www.getyourguide.com/aguas-calientes-l91472/discover-cusco-sacred-valley-and-machu-picchu-in-4-days-t847199/
Perú;huayllabamba-l209180;874953;Huayllabamba hotel aranwa;https://www.getyourguide.com/huayllabamba-l209180/huayllabamba-hotel-aranwa-traslado-t874953/
Perú;huaraz-l360;911316;Laguna rocutuyoc and honkopampa ruins private service;https://www.getyourguide.com/huaraz-l360/laguna-rocutuyoc-and-honkopampa-ruins-private-service-t911316/
Perú;lima-l39;881509;Lima jewish history old;https://www.getyourguide.com/lima-l39/lima-jewish-history-old-town-private-guided-walking-tour-t881509/
Perú;iquitos-l32156;882257;From iquitos 6 day amazon jungle camping expedition;https://www.getyourguide.com/iquitos-l32156/from-iquitos-6-day-amazon-jungle-camping-expedition-t882257/
Perú;chachapoyas-l135812;887088;Chachapoyas karajia and utcubamba viewpoint entrance;https://www.getyourguide.com/chachapoyas-l135812/chachapoyas-karajia-and-utcubamba-viewpoint-entrance-t887088/
Perú;lima-l39;970654;Lima downtown walking;https://www.getyourguide.com/lima-l39/lima-downtown-walking-tour-t970654/
Perú;iquitos-l32156;972679;From iquitos pacaya samiria national reserve day;https://www.getyourguide.com/iquitos-l32156/from-iquitos-pacaya-samiria-national-reserve-day-trip-t972679/
Perú;lima-l39;1074684;Palomino island;https://www.getyourguide.com/lima-l39/palomino-island-tour-swim-with-sea-lions-see-wildlife-t1074684/
Perú;lima-l39;1162937;Lima city;https://www.getyourguide.com/lima-l39/lima-city-tour-by-double-decker-bus-and-walking-tour-t1162937/
Perú;iquitos-l32156;1168937;Iquitos allpahuayo mishana reserve bike;https://www.getyourguide.com/iquitos-l32156/iquitos-allpahuayo-mishana-reserve-bike-tour-sunset-t1168937/
Perú;paracas-l32470;1197576;Private;https://www.getyourguide.com/paracas-l32470/private-tour-to-ballestas-islands-hacienda-caravedo-and-sunset-in-huacachina-t1197576/
Perú;mollepata-l215653;1253744;Cusco humantay lake guided hike with breakfast photos;https://www.getyourguide.com/mollepata-l215653/cusco-humantay-lake-guided-hike-with-breakfast-photos-t1253744/
Perú;lima-l39;839028;Lima excursion;https://www.getyourguide.com/lima-l39/lima-excursion-to-sayan-churin-t839028/
Perú;ica-l1608;843517;From ica winery;https://www.getyourguide.com/ica-l1608/from-ica-winery-tour-along-the-pisco-route-t843517/
Perú;pisac-l119710;872724; sacred valley a journey of discovery and andean strength ;https://www.getyourguide.com/pisac-l119710/-sacred-valley-a-journey-of-discovery-and-andean-strength--t872724/
Perú;urubamba-l164518;876817;Andean route machu picchu;https://www.getyourguide.com/urubamba-l164518/andean-route-machu-picchu-the-7-lagoons-of-ausangate-t876817/
Perú;arequipa-l2859;884284;Excursion;https://www.getyourguide.com/arequipa-l2859/excursion-to-the-salinas-and-aguada-blanca-national-reserve-t884284/
Perú;lima-l39;165032;Private;https://www.getyourguide.com/lima-l39/private-tour-ballestas-island-huacachina-oasis-from-lima-t165032/
Perú;puno-l32157;238852;From puno sillustani half day private;https://www.getyourguide.com/puno-l32157/from-puno-sillustani-half-day-private-tour-t238852/
Perú;puno-l32157;80013;From puno half day sillustani inca ruins;https://www.getyourguide.com/puno-l32157/from-puno-half-day-sillustani-inca-ruins-t80013/
Perú;arequipa-l2859;411476;From arequipa salinas lagoon full day;https://www.getyourguide.com/arequipa-l2859/from-arequipa-salinas-lagoon-full-day-trip-with-hot-springs-t411476/
Perú;puno-l32157;216267;Puno 2 day visit;https://www.getyourguide.com/puno-l32157/puno-2-day-visit-to-uros-amantani-and-taquile-t216267/
Perú;arequipa-l2859;476288;Arequipa rafting adventure on;https://www.getyourguide.com/arequipa-l2859/arequipa-rafting-adventure-on-the-chili-river-t476288/
Perú;urubamba-l164518;551148;From cusco salkantay;https://www.getyourguide.com/urubamba-l164518/from-cusco-salkantay-trek-5-days4-nights-meals-included-t551148/
Perú;ica-l1608;556881;Adventure in ica huacachina sandboarding buggy ;https://www.getyourguide.com/ica-l1608/adventure-in-ica-huacachina-sandboarding-buggy--t556881/
Perú;puerto-maldonado-l2146;1137202;Puerto maldonado 3 day;https://www.getyourguide.com/puerto-maldonado-l2146/puerto-maldonado-3-day-tambopata-jungle-tour-t1137202/
Perú;chivay-l129313;588521;2 day;https://www.getyourguide.com/chivay-l129313/2-day-tour-to-the-colca-valley-and-the-condor-cross-t588521/
Perú;puno-l32157;1168845;From puno quechua route and;https://www.getyourguide.com/puno-l32157/from-puno-quechua-route-and-tinajani-canyon-full-day-excursion-t1168845/
Perú;urubamba-l164518;529324;Machu picchu full day;https://www.getyourguide.com/urubamba-l164518/machu-picchu-full-day-t529324/
Perú;lima-l39;678563;Illuminated lima magic water circuit;https://www.getyourguide.com/lima-l39/illuminated-lima-magic-water-circuit-tour-t678563/
Perú;aguas-calientes-l91472;545576;Salkantay;https://www.getyourguide.com/aguas-calientes-l91472/salkantay-trek-to-machu-picchu-5-days-t545576/
Perú;paracas-l32470;552551;From paracas ballestas islands;https://www.getyourguide.com/paracas-l32470/from-paracas-ballestas-islands-tour-all-inclusive-t552551/
Perú;aguas-calientes-l91472;624034;Amazon route with machupicchu jungle;https://www.getyourguide.com/aguas-calientes-l91472/amazon-route-with-machupicchu-jungle-trail-adventure-4d3n-t624034/
Perú;urubamba-l164518;808002;4 day route;https://www.getyourguide.com/urubamba-l164518/4-day-route-through-the-inca-jungle-t808002/
Perú;trujillo-l2870;832011;Trujillo marinera show with peruvian paso horses;https://www.getyourguide.com/trujillo-l2870/trujillo-marinera-show-with-peruvian-paso-horses-t832011/
Perú;ica-l1608;840962;From huacachina buggy and sandboarding;https://www.getyourguide.com/ica-l1608/from-huacachina-buggy-and-sandboarding-tour-in-the-desert-t840962/
Perú;paucartambo-l194776;850564;From cusco manu national park;https://www.getyourguide.com/paucartambo-l194776/from-cusco-manu-national-park-tour-with-accommodation-t850564/
Perú;tacna-l184424;853618;Tacna monumental complex campo de la alianza;https://www.getyourguide.com/tacna-l184424/tacna-monumental-complex-campo-de-la-alianza-t853618/
Perú;ollantaytambo-l93095;1304547;Cusco sacred valley;https://www.getyourguide.com/ollantaytambo-l93095/cusco-sacred-valley-tour-with-overnight-in-a-dome-pisac-and-ollantaytambo-t1304547/
Perú;chivay-l129313;1305810;From arequipa 2 day colca sightseeing;https://www.getyourguide.com/chivay-l129313/from-arequipa-2-day-colca-sightseeing-tour-with-trekking-through-the-ruins-of-uyo-uyo-t1305810/
Perú;chivay-l129313;868221;From arequipa;https://www.getyourguide.com/chivay-l129313/from-arequipa-trek-2-days-of-hiking-in-the-colca-canyon-t868221/
Perú;iquitos-l32156;757211;Iquitos amazon;https://www.getyourguide.com/iquitos-l32156/iquitos-amazon-two-day-adventure-t757211/
Perú;puno-l32157;887587;Puno half day kayak in;https://www.getyourguide.com/puno-l32157/puno-half-day-kayak-in-the-uros-islands-englishspanish-tour-guide-t887587/
Perú;lima-l39;915032;From lima full day nasca lines and memorable huacachina oasis;https://www.getyourguide.com/lima-l39/from-lima-full-day-nasca-lines-and-memorable-huacachina-oasis-t915032/
Perú;tingo-maria-l213362;800694;Tingo maria nymphs waterfalls;https://www.getyourguide.com/tingo-maria-l213362/tingo-maria-nymphs-waterfalls-t800694/
Perú;puno-l32157;820711;From punotwo dayone night discovery;https://www.getyourguide.com/puno-l32157/from-punotwo-dayone-night-discovery-tour-to-salar-de-uyuni-t820711/
Perú;lima-l39;831341;From lima full day excursion;https://www.getyourguide.com/lima-l39/from-lima-full-day-excursion-to-caral-and-bandurria-t831341/
Perú;urubamba-l164518;834001;Discover salkantay epic 5 day;https://www.getyourguide.com/urubamba-l164518/discover-salkantay-epic-5-day-trek-t834001/
Perú;lima-l39;877959;14dayslima arequipa uros;https://www.getyourguide.com/lima-l39/14dayslima-arequipa-uros-taquile-cusco-machupicchu-humantay-t877959/
Perú;huaraz-l360;881116;Hiking at churup lake;https://www.getyourguide.com/huaraz-l360/hiking-at-churup-lake-t881116/
Perú;puerto-maldonado-l2146;1076672;Tambopata river boat expedition;https://www.getyourguide.com/puerto-maldonado-l2146/tambopata-river-boat-expedition-t1076672/
Perú;pucara-peru-l145153;469859;Cusco guided bus;https://www.getyourguide.com/pucara-peru-l145153/cusco-guided-bus-tour-tofrom-puno-with-lunch-t469859/
Perú;arequipa-l2859;1005107;Arequipa city and surroundings bus;https://www.getyourguide.com/arequipa-l2859/arequipa-city-and-surroundings-bus-tour-t1005107/
Perú;tarapoto-l140001;486846;Blue lagoon full day;https://www.getyourguide.com/tarapoto-l140001/blue-lagoon-full-day-tour-with-lunch-t486846/
Perú;salaverry-l153601;520456;Walking by moche pyramids shore excursion from salaverry;https://www.getyourguide.com/salaverry-l153601/walking-by-moche-pyramids-shore-excursion-from-salaverry-t520456/
Perú;aguas-calientes-l91472;583096;From cusco one day inca;https://www.getyourguide.com/aguas-calientes-l91472/from-cusco-one-day-inca-trail-challenge-to-machu-picchu-t583096/
Perú;chivay-l129313;590178;From arequipa colca canyon hotel;https://www.getyourguide.com/chivay-l129313/from-arequipa-colca-canyon-hotel-tour-of-2d1n-t590178/
Perú;ica-l1608;1086641;Ica paracas;https://www.getyourguide.com/ica-l1608/ica-paracas-tour-islands-reserve-back-t1086641/
Perú;ica-l1608;1109832;Huacachina dinner bbq and picnic with dune buggy and sandboarding;https://www.getyourguide.com/ica-l1608/huacachina-dinner-bbq-and-picnic-with-dune-buggy-and-sandboarding-t1109832/
Perú;lima-l39;638266;Lima amazing water magic circuit chabuca granda alameda;https://www.getyourguide.com/lima-l39/lima-amazing-water-magic-circuit-chabuca-granda-alameda-t638266/
Perú;lima-l39;652274;Barranco walking;https://www.getyourguide.com/lima-l39/barranco-walking-tour-and-coffee-t652274/
Perú;paracas-l32470;1261585;Perfect getaway paracas and ica in 3 days and 2 nights;https://www.getyourguide.com/paracas-l32470/perfect-getaway-paracas-and-ica-in-3-days-and-2-nights-t1261585/
Perú;puno-l32157;1155047;Puno chucuito aramu muru and juli;https://www.getyourguide.com/puno-l32157/puno-chucuito-aramu-muru-and-juli-tour-with-show-t1155047/
Perú;puerto-maldonado-l2146;697221;Tour en kayak isla de los monos full day;https://www.getyourguide.com/puerto-maldonado-l2146/tour-en-kayak-isla-de-los-monos-full-day-t697221/
Perú;ollantaytambo-l93095;733768;From ollantaytambo machu picchu birding private;https://www.getyourguide.com/ollantaytambo-l93095/from-ollantaytambo-machu-picchu-birding-private-tour-t733768/
Perú;urubamba-l164518;790634;From cusco direct bus cusco hidro electricalunch;https://www.getyourguide.com/urubamba-l164518/from-cusco-direct-bus-cusco-hidro-electricalunch-t790634/
Perú;aguas-calientes-l91472;822632;Inka jungle 4 days;https://www.getyourguide.com/aguas-calientes-l91472/inka-jungle-4-days-to-machupicchu-t822632/
Perú;puerto-maldonado-l2146;849630;From puerto maldonado zip line canopy kayaking;https://www.getyourguide.com/puerto-maldonado-l2146/from-puerto-maldonado-zip-line-canopy-kayaking-t849630/
Perú;puno-l32157;886483;Puno full day aymara route little rome of america spanishenglish guide;https://www.getyourguide.com/puno-l32157/puno-full-day-aymara-route-little-rome-of-america-spanishenglish-guide-t886483/
Perú;arequipa-l2859;930138;Colca 1 day from arequipa ending in puno;https://www.getyourguide.com/arequipa-l2859/colca-1-day-from-arequipa-ending-in-puno-t930138/
Perú;lima-l39;440771;Lima alternative bar;https://www.getyourguide.com/lima-l39/lima-alternative-bar-tour-through-barranco-district-t440771/
Perú;lima-l39;69203;Lima magic night private;https://www.getyourguide.com/lima-l39/lima-magic-night-private-tour-t69203/
Perú;lima-l39;557726;Lima paramotor sky;https://www.getyourguide.com/lima-l39/lima-paramotor-sky-tour-lima-by-air-paragliding-t557726/
Perú;lima-l39;600532;From lima lunch show paso horses;https://www.getyourguide.com/lima-l39/from-lima-lunch-show-paso-horses-t600532/
Perú;paracas-l32470;645778;Ica huacachina camel ride in;https://www.getyourguide.com/paracas-l32470/ica-huacachina-camel-ride-in-the-peruvian-desert-t645778/
Perú;chivay-l129313;700073;From arequipa 1 day guided;https://www.getyourguide.com/chivay-l129313/from-arequipa-1-day-guided-tour-to-colca-canyon-with-meals-t700073/
Perú;mollepata-l215653;1222968;Cusco 2 day humantay lagoon and atv;https://www.getyourguide.com/mollepata-l215653/cusco-2-day-humantay-lagoon-and-atv-tour-of-the-red-valley-mountain-of-colors-t1222968/
Perú;lima-l39;825915;From lima panoramic;https://www.getyourguide.com/lima-l39/from-lima-panoramic-tour-of-lima--t825915/
Perú;huaraz-l360;830510;Huaraz full day rocotuyoc lagoon frozen lagoon;https://www.getyourguide.com/huaraz-l360/huaraz-full-day-rocotuyoc-lagoon-frozen-lagoon-t830510/
Perú;chachapoyas-l135812;832037;Chachapoyas llaqta of kuelap cable car;https://www.getyourguide.com/chachapoyas-l135812/chachapoyas-llaqta-of-kuelap-cable-car-t832037/
Perú;trujillo-l2870;841103;Pyramids of;https://www.getyourguide.com/trujillo-l2870/pyramids-of-the-sun-and-the-moon-huanchaco-and-chan-chan-t841103/
Perú;paracas-l32470;847298;From lima 2 days paracas ica huacachina and vineyards;https://www.getyourguide.com/paracas-l32470/from-lima-2-days-paracas-ica-huacachina-and-vineyards-t847298/
Perú;huaraz-l360;860215;From ancash adventure and hiking in huaraz 3ddays2n;https://www.getyourguide.com/huaraz-l360/from-ancash-adventure-and-hiking-in-huaraz-3ddays2n-t860215/
Perú;puno-l32157;870368;Uros floating islands;https://www.getyourguide.com/puno-l32157/uros-floating-islands-tour-in-puno-t870368/
Perú;puno-l32157;93714;Puno full day;https://www.getyourguide.com/puno-l32157/puno-full-day-tour-uros-and-taquile-with-lunch-t93714/
Perú;ica-l1608;954167;From ica excursion;https://www.getyourguide.com/ica-l1608/from-ica-excursion-to-canon-de-los-perdidos-t954167/
Perú;lima-l39;393603;Lima private;https://www.getyourguide.com/lima-l39/lima-private-tour-to-the-indian-market-in-lima-t393603/
Perú;lima-l39;1092953;Lima explore;https://www.getyourguide.com/lima-l39/lima-explore-the-south-coast-from-a-paramotor-t1092953/
Perú;chinchero-l219429;1152936;Cusco chinchero moray maras pisco sour;https://www.getyourguide.com/chinchero-l219429/cusco-chinchero-moray-maras-pisco-sour-tour-t1152936/
Perú;urubamba-l164518;640578;Excursion;https://www.getyourguide.com/urubamba-l164518/excursion-to-the-sacred-valley-of-the-incas-t640578/
Perú;trujillo-l2870;655281;Trujillo pedestrian;https://www.getyourguide.com/trujillo-l2870/trujillo-pedestrian-tour-through-the-city-of-trujillo-t655281/
Perú;urubamba-l164518;730256;Inca jungle;https://www.getyourguide.com/urubamba-l164518/inca-jungle-trail-3days2nights-t730256/
Perú;lima-l39;801962;Gold of peru museum;https://www.getyourguide.com/lima-l39/gold-of-peru-museum-tour-t801962/
Perú;puno-l32157;816469;From puno route of;https://www.getyourguide.com/puno-l32157/from-puno-route-of-the-sun-from-puno-to-cusco--t816469/
Perú;arequipa-l2859;822782;Guided in arequipa and;https://www.getyourguide.com/arequipa-l2859/guided-in-arequipa-and-the-monastery-of-santa-catalina-t822782/
Perú;huaraz-l360;831196;Huaraz full day;https://www.getyourguide.com/huaraz-l360/huaraz-full-day-tour-of-laguna-paron-view-of-nevado-artesonraju-t831196/
Perú;andahuaylillas-l146780;844292;Round;https://www.getyourguide.com/andahuaylillas-l146780/round-trip-cusco-route-of-the-sun-1d-in-puno-with-hotel-t844292/
Perú;urubamba-l164518;884318;4 day ausangate;https://www.getyourguide.com/urubamba-l164518/4-day-ausangate-trek-with-rainbow-mountain-and-machu-picchu-t884318/
Perú;puerto-maldonado-l2146;984088;Puerto maldonado 2 day jungle;https://www.getyourguide.com/puerto-maldonado-l2146/puerto-maldonado-2-day-jungle-tour-with-meals-guide-t984088/
Perú;lima-l39;1184985;Lima gourmet food;https://www.getyourguide.com/lima-l39/lima-gourmet-food-tour-am-market-tastings-city-sights-t1184985/
Perú;mollepata-l215653;1313291;Cusco humantay lake;https://www.getyourguide.com/mollepata-l215653/cusco-humantay-lake-trek-biking-and-stargazing-tour-t1313291/
Perú;ica-l1608;1321185;Paracas national reserve;https://www.getyourguide.com/ica-l1608/paracas-national-reserve-tambo-colorado-tour-from-arequipa-t1321185/
Perú;lima-l39;1331078;Lima el olivar huaca coastal bike;https://www.getyourguide.com/lima-l39/lima-el-olivar-huaca-coastal-bike-tour-t1331078/
Perú;iquitos-l32156;248397;Iquitos 6 hour amazon river;https://www.getyourguide.com/iquitos-l32156/iquitos-6-hour-amazon-river-tour-w-belen-butterfly-farm-t248397/
Perú;lima-l39;740874;Lima night dive;https://www.getyourguide.com/lima-l39/lima-night-dive-t740874/
Perú;arequipa-l2859;822853;From arequipa 1 day;https://www.getyourguide.com/arequipa-l2859/from-arequipa-1-day-tour-to-the-colca-canyon-buffet-lunch-t822853/
Perú;ica-l1608;849822;Ica;https://www.getyourguide.com/ica-l1608/ica-tour-sweets-and-mysteries-t849822/
Perú;nanay-l244214;1222457;Iquitos yanayacu river;https://www.getyourguide.com/nanay-l244214/iquitos-yanayacu-river-tour-with-lunch-and-hotel-pickup-t1222457/
Perú;arequipa-l2859;1289084;Arequipa pillones 2026 waterfall andean views and eroded rocks;https://www.getyourguide.com/arequipa-l2859/arequipa-pillones-2026-waterfall-andean-views-and-eroded-rocks-t1289084/
Perú;trujillo-l2870;537998;From;https://www.getyourguide.com/trujillo-l2870/from-trujillo-complete-full-day-tour-with-museums-t537998/
Perú;arequipa-l2859;808164;Colca canyon;https://www.getyourguide.com/arequipa-l2859/colca-canyon-trek-3-days-classic-version-t808164/
Perú;urubamba-l164518;846378;Cusco machu picchu rainbow mountain luxury package;https://www.getyourguide.com/urubamba-l164518/cusco-machu-picchu-rainbow-mountain-luxury-package-t846378/
Perú;urubamba-l164518;853450;Inca jungle 3 days2 nights;https://www.getyourguide.com/urubamba-l164518/inca-jungle-3-days2-nights-t853450/
Perú;ica-l1608;856032;Nazca aqueducts paredones;https://www.getyourguide.com/ica-l1608/nazca-aqueducts-paredones-tour-and-aguja-t856032/
Perú;urubamba-l164518;857624;Inca jungle cusco a machu picchu 3d2n;https://www.getyourguide.com/urubamba-l164518/inca-jungle-cusco-a-machu-picchu-3d2n-t857624/
Perú;lima-l39;862695;From lima;https://www.getyourguide.com/lima-l39/from-lima-tour-oasis-huacachina-buggiesparacaspisco-and-winespenguins-t862695/
Perú;trujillo-l2870;863814;From;https://www.getyourguide.com/trujillo-l2870/from-trujillo-marinera-show-with-peruvian-paso-horses-t863814/
Perú;arequipa-l2859;872565;Quad bike adventure in;https://www.getyourguide.com/arequipa-l2859/quad-bike-adventure-in-the-chilina-valley-from-arequipa-t872565/
Perú;arequipa-l2859;1144378;Arequipa sillar route and city walking;https://www.getyourguide.com/arequipa-l2859/arequipa-sillar-route-and-city-walking-tour-t1144378/
Perú;lima-l39;1198633;4 day lima getaway culture cuisine and nightlife experiences;https://www.getyourguide.com/lima-l39/4-day-lima-getaway-culture-cuisine-and-nightlife-experiences-t1198633/
Perú;iquitos-l32156;1204936;Iquitos monkey island;https://www.getyourguide.com/iquitos-l32156/iquitos-monkey-island-tour-with-lunch-t1204936/
Perú;urubamba-l164518;1242520;From sacred valley private atv;https://www.getyourguide.com/urubamba-l164518/from-sacred-valley-private-atv-tour-to-perolniyoc-waterfall-t1242520/
Perú;aguas-calientes-l91472;629637;Classic salkantay;https://www.getyourguide.com/aguas-calientes-l91472/classic-salkantay-trek-5-days-to-machupicchu-with-lux-domes-t629637/
Perú;chivay-l129313;696952;Tour fullday colca canyon with breakfast and;https://www.getyourguide.com/chivay-l129313/tour-fullday-colca-canyon-with-breakfast-and-typical-lunch-t696952/
Perú;ica-l1608;733455;Paracas national reserve;https://www.getyourguide.com/ica-l1608/paracas-national-reserve-tour-t733455/
Perú;lima-l39;745717;Lima and nasca ballestas huacachina nasca lines;https://www.getyourguide.com/lima-l39/lima-and-nasca-ballestas-huacachina-nasca-lines-t745717/
Perú;tingo-maria-l213362;800756;Tingo maria honolulu chullachaqui falls;https://www.getyourguide.com/tingo-maria-l213362/tingo-maria-honolulu-chullachaqui-falls-t800756/
Perú;arequipa-l2859;821575;Tour salinas and yanaorco lagoons lojen;https://www.getyourguide.com/arequipa-l2859/tour-salinas-and-yanaorco-lagoons-lojen-thermal-baths-t821575/
Perú;arequipa-l2859;842629;Arequipa pillones waterfalls and bosque de piedras breakfast included;https://www.getyourguide.com/arequipa-l2859/arequipa-pillones-waterfalls-and-bosque-de-piedras-breakfast-included-t842629/
Perú;puno-l32157;855822;From puno uyuni salt flat;https://www.getyourguide.com/puno-l32157/from-puno-uyuni-salt-flat-two-day-one-night-discovery-tour-t855822/
Perú;ollantaytambo-l93095;877788;From cusco sacred valley day;https://www.getyourguide.com/ollantaytambo-l93095/from-cusco-sacred-valley-day-trip-with-buffet-lunch-t877788/
Perú;lima-l39;1024352;Lima surf lessons at makaha beach;https://www.getyourguide.com/lima-l39/lima-surf-lessons-at-makaha-beach-t1024352/
Perú;cusipata-l225931;1036965;Ausangate mountain by atv full day from cusco;https://www.getyourguide.com/cusipata-l225931/ausangate-mountain-by-atv-full-day-from-cusco-t1036965/
Perú;chinchero-l219429;1267167;From cusco atv flying bike and zip line adventure;https://www.getyourguide.com/chinchero-l219429/from-cusco-atv-flying-bike-and-zip-line-adventure-tour-t1267167/
Perú;quehue-l234577;1306626;Cusco q eswachaka bridge lakes horseback riding;https://www.getyourguide.com/quehue-l234577/cusco-q-eswachaka-bridge-lakes-horseback-riding-tour-t1306626/
Perú;aguas-calientes-l91472;394382;Machu picchu private full day;https://www.getyourguide.com/aguas-calientes-l91472/machu-picchu-private-full-day-tour-with-panoramic-train-t394382/
Perú;lima-l39;413519;Lima historical colonial and modern city;https://www.getyourguide.com/lima-l39/lima-historical-colonial-and-modern-city-tour-t413519/
Perú;lima-l39;476730;Paracas and huacachina oasis full day;https://www.getyourguide.com/lima-l39/paracas-and-huacachina-oasis-full-day-tour-from-lima-t476730/
Perú;aguas-calientes-l91472;545494;Huchuy qosqo;https://www.getyourguide.com/aguas-calientes-l91472/huchuy-qosqo-trek-to-machu-picchu-t545494/
Perú;paracas-l32470;565991;Trekking sombras doradas;https://www.getyourguide.com/paracas-l32470/trekking-sombras-doradas-t565991/
Perú;chachapoyas-l135812;637433;Chachapoyas gocta waterfall excursion entrance lunch ;https://www.getyourguide.com/chachapoyas-l135812/chachapoyas-gocta-waterfall-excursion-entrance-lunch--t637433/
Perú;aguas-calientes-l91472;639608;Machu picchu in one day full day;https://www.getyourguide.com/aguas-calientes-l91472/machu-picchu-in-one-day-full-day-t639608/
Perú;trujillo-l2870;790649;Trujillo chan chan beach;https://www.getyourguide.com/trujillo-l2870/trujillo-chan-chan-beach-tour-trujillo-s-coastal-escape-t790649/
Perú;huaraz-l360;800350;Huaraz laguna 69 cordillera blanca hike;https://www.getyourguide.com/huaraz-l360/huaraz-laguna-69-cordillera-blanca-hike-to-lake-69-t800350/
Perú;urubamba-l164518;829278;Full day;https://www.getyourguide.com/urubamba-l164518/full-day-tour-to-the-sacred-valley-and-marasbuffet-in-cusco-t829278/
Perú;puno-l32157;885011;Route chivay puno patapampa wetlands;https://www.getyourguide.com/puno-l32157/route-chivay-puno-patapampa-wetlands-t885011/
Perú;urubamba-l164518;887624;Machu picchu huayna picchu entry;https://www.getyourguide.com/urubamba-l164518/machu-picchu-huayna-picchu-entry-ticket-t887624/
Perú;ollantaytambo-l93095;888609;From cusco;https://www.getyourguide.com/ollantaytambo-l93095/from-cusco-transport-to-ollantaytambo-t888609/
Perú;paracas-l32470;1074701;Nazca lines palomino islands paracas huacachina adventure;https://www.getyourguide.com/paracas-l32470/nazca-lines-palomino-islands-paracas-huacachina-adventure-t1074701/
Perú;lima-l39;1127923;Lima city;https://www.getyourguide.com/lima-l39/lima-city-tour-of-miraflores-and-historic-center-with-ice-cream-and-pisco-t1127923/
Perú;lima-l39;1255371;Guided evening;https://www.getyourguide.com/lima-l39/guided-evening-tour-of-lima-s-oldest-general-cemetery-t1255371/
Perú;paracas-l32470;1313599;Paracas ballestas islands paracas national reserve;https://www.getyourguide.com/paracas-l32470/paracas-ballestas-islands-paracas-national-reserve-tour-from-ica-t1313599/
Perú;puerto-maldonado-l2146;476724;Eco jungle 05 days 04 nights;https://www.getyourguide.com/puerto-maldonado-l2146/eco-jungle-05-days-04-nights-t476724/
Perú;paracas-l32470;567296;Full day paracas ica;https://www.getyourguide.com/paracas-l32470/full-day-paracas-ica-t567296/
Perú;chivay-l129313;836913;Arequipa 2 days;https://www.getyourguide.com/chivay-l129313/arequipa-2-days-tour-of-the-colca-canyon-t836913/
Perú;chachapoyas-l135812;844180;Chachapoyas revash mausoleums and museum of leymebamba;https://www.getyourguide.com/chachapoyas-l135812/chachapoyas-revash-mausoleums-and-museum-of-leymebamba-t844180/
Perú;chinchero-l219429;881302;From cusco moray maras and salt mines half day;https://www.getyourguide.com/chinchero-l219429/from-cusco-moray-maras-and-salt-mines-half-day-tour-t881302/
Perú;puerto-maldonado-l2146;969700;Puerto maldonado;https://www.getyourguide.com/puerto-maldonado-l2146/puerto-maldonado-tambopata-chuncho-macaw-clay-lick-tour-t969700/
Perú;limatambo-l215237;1129332;Private salkantay inkachiriasqa lake 1 day adventure;https://www.getyourguide.com/limatambo-l215237/private-salkantay-inkachiriasqa-lake-1-day-adventure-t1129332/
Perú;paracas-l32470;1155936;Pisco cruise;https://www.getyourguide.com/paracas-l32470/pisco-cruise-terminal-ballestas-islands-paracas-tour-with-transportation-t1155936/
Perú;calca-l208593;1202578;Cusco sacred valley highlights andean lakes villages;https://www.getyourguide.com/calca-l208593/cusco-sacred-valley-highlights-andean-lakes-villages-t1202578/
Perú;lima-l39;510952;Lima incredible city;https://www.getyourguide.com/lima-l39/lima-incredible-city-tour-half-day-t510952/
Perú;urubamba-l164518;544322;Full sacred valley;https://www.getyourguide.com/urubamba-l164518/full-sacred-valley-tour-to-cusco-from-ollantaytambo-t544322/
Perú;urubamba-l164518;552527;Cusco in 3 days city;https://www.getyourguide.com/urubamba-l164518/cusco-in-3-days-city-tour-rainbow-mountain-and-machupicchu-t552527/
Perú;arequipa-l2859;660986;Congata rover3 hours bike ride;https://www.getyourguide.com/arequipa-l2859/congata-rover3-hours-bike-ride-tour-in-arequipa-t660986/
Perú;puno-l32157;815270;Puno guided day;https://www.getyourguide.com/puno-l32157/puno-guided-day-tour-with-lake-titicaca-views-museum-ship-t815270/
Perú;lima-l39;853452;Lima city;https://www.getyourguide.com/lima-l39/lima-city-tour-and-catacombs-t853452/
Perú;ica-l1608;855928;Huacachina sandboarding or ski boarding in;https://www.getyourguide.com/ica-l1608/huacachina-sandboarding-or-ski-boarding-in-the-dunes-t855928/
Perú;ica-l1608;858659;From paracas excursion;https://www.getyourguide.com/ica-l1608/from-paracas-excursion-to-ica-and-huacachina-t858659/
Perú;ica-l1608;881373;Nazca 30 minute flight over 13 nazca lines;https://www.getyourguide.com/ica-l1608/nazca-30-minute-flight-over-13-nazca-lines-transfers-included-t881373/
Perú;lima-l39;974105;Culinary experience with pizzas barranco;https://www.getyourguide.com/lima-l39/culinary-experience-with-pizzas-barranco-t974105/
Perú;lima-l39;1074586;Pueblo libre walking;https://www.getyourguide.com/lima-l39/pueblo-libre-walking-tour-with-fruit-tasting-t1074586/
Perú;huancaya-l229365;1121718;From lima private huancaya;https://www.getyourguide.com/huancaya-l229365/from-lima-private-huancaya-tour-with-boat-ride-and-panoramic-views-t1121718/
Perú;santa-rosa-apurimac-l218708;1152027;Santa rosa kunurana viewpoint hike with lunch;https://www.getyourguide.com/santa-rosa-apurimac-l218708/santa-rosa-kunurana-viewpoint-hike-with-lunch-t1152027/
Perú;urubamba-l164518;1201265;The llama hiking history experience in racchi ayllo;https://www.getyourguide.com/urubamba-l164518/the-llama-hiking-history-experience-in-racchi-ayllo-t1201265/
Perú;arequipa-l2859;1202471;Arequipa city walking;https://www.getyourguide.com/arequipa-l2859/arequipa-city-walking-tour-monumental-in-arequipa-t1202471/
Perú;urubamba-l164518;1286141;From urubamba maras moray atv;https://www.getyourguide.com/urubamba-l164518/from-urubamba-maras-moray-atv-tour-t1286141/
Perú;paracas-l32470;1312178;From lima paracas and hiuacachina oasis full day adventure;https://www.getyourguide.com/paracas-l32470/from-lima-paracas-and-hiuacachina-oasis-full-day-adventure-t1312178/
Perú;lima-l39;573234;From lima day;https://www.getyourguide.com/lima-l39/from-lima-day-trip-to-paracas-ica-oasis-huacachina-t573234/
Perú;ayacucho-l152602;645892;Ayacucho wari ruins santuario historico;https://www.getyourguide.com/ayacucho-l152602/ayacucho-wari-ruins-santuario-historico-t645892/
Perú;arequipa-l2859;730903;Tour;https://www.getyourguide.com/arequipa-l2859/tour-to-the-sillar-route-from-arequipa-half-day-t730903/
Perú;puno-l32157;791793;Lake;https://www.getyourguide.com/puno-l32157/lake-titicaca-2-day-excursion-uros-amantani-and-taquile-3-meals-t791793/
Perú;tarapoto-l140001;799035;Tarapoto;https://www.getyourguide.com/tarapoto-l140001/tarapoto-talliquihui-waterfall-rappelling-t799035/
Perú;iquitos-l32156;833875;Shipibo program 2d1n;https://www.getyourguide.com/iquitos-l32156/shipibo-program-2d1n-t833875/
Perú;lima-l39;881529;Lima basilica and convent of san francisco private;https://www.getyourguide.com/lima-l39/lima-basilica-and-convent-of-san-francisco-private-tour-t881529/
Perú;arequipa-l2859;1100132;Arequipa natural dye lab experience at cilq;https://www.getyourguide.com/arequipa-l2859/arequipa-natural-dye-lab-experience-at-cilq-t1100132/
Perú;ica-l1608;1158072;Huacachina desert glamping dinner and wine;https://www.getyourguide.com/ica-l1608/huacachina-desert-glamping-dinner-and-wine-tasting-t1158072/
Perú;lima-l39;517476;From lima cultural;https://www.getyourguide.com/lima-l39/from-lima-cultural-tour-to-the-inca-temple-pachacamac-t517476/
Perú;san-miguel-l195031;583258;Lima peru;https://www.getyourguide.com/san-miguel-l195031/lima-peru-taxi-aeropuerto-lima-miraflores-san-isidro-t583258/
Perú;ica-l1608;673490;Ica huacachina canon de los perdidos ica s hidden gem;https://www.getyourguide.com/ica-l1608/ica-huacachina-canon-de-los-perdidos-ica-s-hidden-gem-t673490/
Perú;chivay-l129313;828351;From chivay route from chivay colca;https://www.getyourguide.com/chivay-l129313/from-chivay-route-from-chivay-colca-to-the-city-of-puno-t828351/
Perú;huaraz-l360;829336;Huaraz full day llanganuco lagoon yungay carhuaz;https://www.getyourguide.com/huaraz-l360/huaraz-full-day-llanganuco-lagoon-yungay-carhuaz-t829336/
Perú;puno-l32157;844275;Cusco route of;https://www.getyourguide.com/puno-l32157/cusco-route-of-the-sun-1-day-tour-in-puno-t844275/
Perú;moche-l199686;858834;From;https://www.getyourguide.com/moche-l199686/from-trujillo-tour-to-the-pyramids-of-the-sun-and-the-moon-t858834/
Perú;paracas-l32470;862057;Paracas ballestas islands and paracas reserve;https://www.getyourguide.com/paracas-l32470/paracas-ballestas-islands-and-paracas-reserve-tour-t862057/
Perú;urubamba-l164518;892358;Machu picchu with lake;https://www.getyourguide.com/urubamba-l164518/machu-picchu-with-lake-titicaca-cusco-t892358/
Perú;puno-l32157;912801;Lake;https://www.getyourguide.com/puno-l32157/lake-titicaca-peru-guided-tour-to-the-uros-and-amantani-islands-with-lunch-t912801/
Perú;lima-l39;949779;Lima discover and prepare classic peruvian dishes;https://www.getyourguide.com/lima-l39/lima-discover-and-prepare-classic-peruvian-dishes-t949779/
Perú;huaraz-l360;975060;Rock climbing los olivos huaraz;https://www.getyourguide.com/huaraz-l360/rock-climbing-los-olivos-huaraz-t975060/
Perú;puerto-maldonado-l2146;1079319;Puerto maldonado ori numba garden harakbut culture;https://www.getyourguide.com/puerto-maldonado-l2146/puerto-maldonado-ori-numba-garden-harakbut-culture-tour-t1079319/
Perú;lima-l39;1111672;From lima flight over;https://www.getyourguide.com/lima-l39/from-lima-flight-over-the-nazca-lines-sandboarding-and-buggy-tour-in-huacachina-t1111672/
Perú;urubamba-l164518;1146112;Cusco sacred valley pumamarca;https://www.getyourguide.com/urubamba-l164518/cusco-sacred-valley-pumamarca-trek-with-lunch-t1146112/
Perú;arequipa-l2859;1159826;Arequipa salinas lagoon and city;https://www.getyourguide.com/arequipa-l2859/arequipa-salinas-lagoon-and-city-tour-with-4x4-ride-t1159826/
Perú;iquitos-l32156;522045;2 day all inclusive guided jungle;https://www.getyourguide.com/iquitos-l32156/2-day-all-inclusive-guided-jungle-tour-from-iquitos-ecolodge-t522045/
Perú;aguas-calientes-l91472;594909;2 day inca;https://www.getyourguide.com/aguas-calientes-l91472/2-day-inca-trail-trek-to-machu-picchu-t594909/
Perú;aguas-calientes-l91472;648139;Salkantay adventure 5 days;https://www.getyourguide.com/aguas-calientes-l91472/salkantay-adventure-5-days-t648139/
