pais;ciudad_id;tour_id;titulo_referencia;url
Brasil;rio-de-janeiro-l9;641714;Rio de janeiro lapa and santa;https://www.getyourguide.com/rio-de-janeiro-l9/rio-de-janeiro-lapa-and-santa-teresa-t641714/
Brasil;andradas-l244383;1028162;Andradas an immersive experience;https://www.getyourguide.com/andradas-l244383/andradas-an-immersive-experience-through-the-world-of-coffee-from-farm-to-cup-t1028162/
Brasil;barreirinhas-l105727;1041922;Lagoa bonita high dunes and sunset in lencois;https://www.getyourguide.com/barreirinhas-l105727/lagoa-bonita-high-dunes-and-sunset-in-lencois-t1041922/
Brasil;maragogi-l122555;1098274;Maragogi natural pools coral reefs clear waters;https://www.getyourguide.com/maragogi-l122555/maragogi-natural-pools-coral-reefs-clear-waters-tour-t1098274/
Brasil;januaria-l250975;1111160;Januaria boat;https://www.getyourguide.com/januaria-l250975/januaria-boat-trip-with-a-swim-stop-on-the-sao-francisco-river-t1111160/
Brasil;rio-de-janeiro-l9;944884;Rio de janeiro candomble afro brazilian religion;https://www.getyourguide.com/rio-de-janeiro-l9/rio-de-janeiro-candomble-afro-brazilian-religion-tour-t944884/
Brasil;fortaleza-l1863;1269846;Paracuru beach;https://www.getyourguide.com/fortaleza-l1863/paracuru-beach-tour-buggy-ride-through-the-paracuru-dunes-t1269846/
Brasil;rio-de-janeiro-l9;1093940;Rio football matchday experience at maracana stadium;https://www.getyourguide.com/rio-de-janeiro-l9/rio-football-matchday-experience-at-maracana-stadium-t1093940/
Brasil;fortaleza-l1863;227140;From fortaleza day;https://www.getyourguide.com/fortaleza-l1863/from-fortaleza-day-trip-to-jericoacoara-t227140/
Brasil;rio-de-janeiro-l9;392345;Rio de janeiro classic downtown food;https://www.getyourguide.com/rio-de-janeiro-l9/rio-de-janeiro-classic-downtown-food-tour-t392345/
Brasil;itacare-l143043;1224689;Itacare and marau forest bathing and waterfall;https://www.getyourguide.com/itacare-l143043/itacare-and-marau-forest-bathing-and-waterfall-tour-t1224689/
Brasil;rio-de-janeiro-l9;410745;Rio carnival backstage;https://www.getyourguide.com/rio-de-janeiro-l9/rio-carnival-backstage-tour-at-samba-city-with-cocktail-t410745/
Brasil;niteroi-l34109;1233635;Niteroi extreme;https://www.getyourguide.com/niteroi-l34109/niteroi-extreme-tandem-paragliding-flight-with-instruction-t1233635/
Brasil;rio-de-janeiro-l9;1285285;Rio de janeiro sunrise hike;https://www.getyourguide.com/rio-de-janeiro-l9/rio-de-janeiro-sunrise-hike-to-pedra-do-telegrafo-beach-time-t1285285/
Brasil;rio-de-janeiro-l9;610243;Rio de janeiro paragliding;https://www.getyourguide.com/rio-de-janeiro-l9/rio-de-janeiro-paragliding-tandem-flights-over-rio-t610243/
Brasil;rio-de-janeiro-l9;515875;Galeao international airport;https://www.getyourguide.com/rio-de-janeiro-l9/galeao-international-airport-transfer-t515875/
Brasil;rio-de-janeiro-l9;916200;Sightseeing helicopter flight in rio de janeiro;https://www.getyourguide.com/rio-de-janeiro-l9/sightseeing-helicopter-flight-in-rio-de-janeiro-t916200/
Brasil;paraty-l1845;639331;Shared;https://www.getyourguide.com/paraty-l1845/shared-transfer-from-rio-de-janeiro-to-paraty-t639331/
Brasil;rio-de-janeiro-l9;723226;Rio de janeiro downtown walking;https://www.getyourguide.com/rio-de-janeiro-l9/rio-de-janeiro-downtown-walking-tour-t723226/
Brasil;rio-de-janeiro-l9;1197989;Rio de janeiro rocinha funk party pub crawl with drinks;https://www.getyourguide.com/rio-de-janeiro-l9/rio-de-janeiro-rocinha-funk-party-pub-crawl-with-drinks-t1197989/
Brasil;natal-l2112;927276;Route of;https://www.getyourguide.com/natal-l2112/route-of-the-sun-4x4-tour-t927276/
Brasil;rio-de-janeiro-l9;1067936;Brazilian breakfast cooking class in rio bake and blend;https://www.getyourguide.com/rio-de-janeiro-l9/brazilian-breakfast-cooking-class-in-rio-bake-and-blend-t1067936/
Brasil;natal-l2112;1109327;Natal 4x4 natives route with lagoons dunes and;https://www.getyourguide.com/natal-l2112/natal-4x4-natives-route-with-lagoons-dunes-and-trails-t1109327/
Brasil;rio-de-janeiro-l9;1124538;Rio de janeiro guided bike;https://www.getyourguide.com/rio-de-janeiro-l9/rio-de-janeiro-guided-bike-tour-with-photos-history-t1124538/
Brasil;paraty-l1845;257502;Paraty discovery scuba diving experience for beginners;https://www.getyourguide.com/paraty-l1845/paraty-discovery-scuba-diving-experience-for-beginners-t257502/
Brasil;rio-de-janeiro-l9;1165234;Rio de janeiro pedra do;https://www.getyourguide.com/rio-de-janeiro-l9/rio-de-janeiro-pedra-do-telegrafo-hike-with-transfer-t1165234/
Brasil;rio-de-janeiro-l9;400181;Rio de janeiro christ;https://www.getyourguide.com/rio-de-janeiro-l9/rio-de-janeiro-christ-the-redeemer-sugarloaf-half-day-t400181/
Brasil;rio-de-janeiro-l9;413406;From rio de janeiro;https://www.getyourguide.com/rio-de-janeiro-l9/from-rio-de-janeiro-to-angra-dos-reis-shared-transfer-t413406/
Brasil;rio-de-janeiro-l9;161598;Rio de janeiro private sunrise;https://www.getyourguide.com/rio-de-janeiro-l9/rio-de-janeiro-private-sunrise-tour-t161598/
Brasil;paraty-l1845;282047;Shared shuttle;https://www.getyourguide.com/paraty-l1845/shared-shuttle-transfer-paraty-to-ilha-grande-t282047/
Brasil;rio-de-janeiro-l9;820706;Rio de janeiro city;https://www.getyourguide.com/rio-de-janeiro-l9/rio-de-janeiro-city-tour-with-a-real-local-t820706/
Brasil;florianopolis-l246;511389;Florianopolis walking;https://www.getyourguide.com/florianopolis-l246/florianopolis-walking-tour-history-art-and-gastronomy-t511389/
Brasil;rio-de-janeiro-l9;511764;Helicopter;https://www.getyourguide.com/rio-de-janeiro-l9/helicopter-tour-rio-de-janeiro-t511764/
Brasil;rio-de-janeiro-l9;960401;Sugarloaf mountain cable car;https://www.getyourguide.com/rio-de-janeiro-l9/sugarloaf-mountain-cable-car-ticket-skip-the-line-t960401/
Brasil;ubatuba-l192258;970853;Sailboat;https://www.getyourguide.com/ubatuba-l192258/sailboat-tour-in-ubatuba-t970853/
Brasil;florianopolis-l246;722394;Airport;https://www.getyourguide.com/florianopolis-l246/airport-transfer-t722394/
Brasil;sao-paulo-l384;1228274;Sao paulo historical walking;https://www.getyourguide.com/sao-paulo-l384/sao-paulo-historical-walking-tour-with-local-architect-t1228274/
Brasil;florianopolis-l246;1243975;Guided;https://www.getyourguide.com/florianopolis-l246/guided-tour-of-santo-antonio-lisbon-t1243975/
Brasil;rio-de-janeiro-l9;1010572;Rio de janeiro rio soccer;https://www.getyourguide.com/rio-de-janeiro-l9/rio-de-janeiro-rio-soccer-teams-tour-t1010572/
Brasil;sao-paulo-l384;1308009;Samba like a local hidden roda experience in sao paulo;https://www.getyourguide.com/sao-paulo-l384/samba-like-a-local-hidden-roda-experience-in-sao-paulo-t1308009/
Brasil;rio-de-janeiro-l9;466255;Rio de janeiro six places most visit in rio lunch;https://www.getyourguide.com/rio-de-janeiro-l9/rio-de-janeiro-six-places-most-visit-in-rio-lunch-t466255/
Brasil;rio-de-janeiro-l9;557429;Bossa nova and;https://www.getyourguide.com/rio-de-janeiro-l9/bossa-nova-and-the-carioca-life-copacabana-and-ipanema-t557429/
Brasil;rio-de-janeiro-l9;86477;Rio de janeiro downtown;https://www.getyourguide.com/rio-de-janeiro-l9/rio-de-janeiro-downtown-tour-t86477/
Brasil;sao-paulo-l384;291790;Sao paulo paulista avenue walking;https://www.getyourguide.com/sao-paulo-l384/sao-paulo-paulista-avenue-walking-tour-t291790/
Brasil;fortaleza-l1863;315587;From fortaleza aguas belas beach day;https://www.getyourguide.com/fortaleza-l1863/from-fortaleza-aguas-belas-beach-day-trip-t315587/
Brasil;curitiba-l1849;821869;From curitiba colonia witmarsum day;https://www.getyourguide.com/curitiba-l1849/from-curitiba-colonia-witmarsum-day-trip-t821869/
Brasil;rio-de-janeiro-l9;507740;From rio;https://www.getyourguide.com/rio-de-janeiro-l9/from-rio-the-best-of-ilha-grande-and-angra-dos-reis-t507740/
Brasil;rio-de-janeiro-l9;1003854;Rio de janeiro skydive with camera in barra da;https://www.getyourguide.com/rio-de-janeiro-l9/rio-de-janeiro-skydive-with-camera-in-barra-da-tijuca-t1003854/
Brasil;rio-de-janeiro-l9;590881;Rio de janeiro doors off 30 min helitour;https://www.getyourguide.com/rio-de-janeiro-l9/rio-de-janeiro-doors-off-30-min-helitour-t590881/
Brasil;rio-de-janeiro-l9;1035917;Unforgettable maracana museum pitch players;https://www.getyourguide.com/rio-de-janeiro-l9/unforgettable-maracana-museum-pitch-players-tunnel-t1035917/
Brasil;rio-de-janeiro-l9;1065457;Rio de janeiro christ;https://www.getyourguide.com/rio-de-janeiro-l9/rio-de-janeiro-christ-the-redeemer-favela-tour-t1065457/
Brasil;sao-paulo-l384;1089808;Sao paulo muriqui do sul primate watching;https://www.getyourguide.com/sao-paulo-l384/sao-paulo-muriqui-do-sul-primate-watching-tour-stay-t1089808/
Brasil;natal-l2112;1109237;Natal waters;https://www.getyourguide.com/natal-l2112/natal-waters-tour-with-swim-in-natural-pools-t1109237/
Brasil;barreirinhas-l105727;778820;Half day;https://www.getyourguide.com/barreirinhas-l105727/half-day-trip-to-lagoa-bonito-in-the-lencois-maranhenses-t778820/
Brasil;porto-alegre-l32362;1148462;Porto alegre unique equestrian archery combo for starters;https://www.getyourguide.com/porto-alegre-l32362/porto-alegre-unique-equestrian-archery-combo-for-starters-t1148462/
Brasil;sao-paulo-l384;858479;Discover;https://www.getyourguide.com/sao-paulo-l384/discover-the-wonders-of-sao-paulo-s-coast-santos-and-sao-vicente-t858479/
Brasil;rio-de-janeiro-l9;869366;Telegraph rock from rio;https://www.getyourguide.com/rio-de-janeiro-l9/telegraph-rock-from-rio-t869366/
Brasil;lagoinha-l141886;879725;Lagoinha beach highlights 1 day guided exploration;https://www.getyourguide.com/lagoinha-l141886/lagoinha-beach-highlights-1-day-guided-exploration-tour-t879725/
Brasil;rio-de-janeiro-l9;1010141;Rio de janeiro coffee;https://www.getyourguide.com/rio-de-janeiro-l9/rio-de-janeiro-coffee-tasting-and-architecture-walking-tour-t1010141/
Brasil;rio-de-janeiro-l9;1012541;Rio baile funk party;https://www.getyourguide.com/rio-de-janeiro-l9/rio-baile-funk-party-t1012541/
Brasil;rio-de-janeiro-l9;34069;Favela;https://www.getyourguide.com/rio-de-janeiro-l9/favela-tour-the-original-rocinha-vila-canoas-since-1992-t34069/
Brasil;rio-de-janeiro-l9;1139817;Wonders of;https://www.getyourguide.com/rio-de-janeiro-l9/wonders-of-the-port-of-rio-de-janeiro-tour-t1139817/
Brasil;rio-de-janeiro-l9;1192942;Vidigal walking;https://www.getyourguide.com/rio-de-janeiro-l9/vidigal-walking-tour-t1192942/
Brasil;florianopolis-l246;1236875;Florianopolis running;https://www.getyourguide.com/florianopolis-l246/florianopolis-running-tour-with-local-guide-drink-t1236875/
Brasil;recife-l1836;469508;City;https://www.getyourguide.com/recife-l1836/city-tour-recife-olinda-t469508/
Brasil;florianopolis-l246;1245886;Sunset boat;https://www.getyourguide.com/florianopolis-l246/sunset-boat-tour-in-florianopolis-t1245886/
Brasil;rio-de-janeiro-l9;557621;Rio buzios day;https://www.getyourguide.com/rio-de-janeiro-l9/rio-buzios-day-trip-with-boat-tour-and-lunch-t557621/
Brasil;rio-de-janeiro-l9;169894;Rio guanabara bay 2 hour boat;https://www.getyourguide.com/rio-de-janeiro-l9/rio-guanabara-bay-2-hour-boat-tour-t169894/
Brasil;rio-de-janeiro-l9;805859;Rio de janeiro stand up paddle copacabana beach sunrise;https://www.getyourguide.com/rio-de-janeiro-l9/rio-de-janeiro-stand-up-paddle-copacabana-beach-sunrise-t805859/
Brasil;rio-de-janeiro-l9;873923;Hop on hop off sightseeing bus in rio de janeiro rio samba bus;https://www.getyourguide.com/rio-de-janeiro-l9/hop-on-hop-off-sightseeing-bus-in-rio-de-janeiro-rio-samba-bus-t873923/
Brasil;rio-de-janeiro-l9;568890;Doors off flight on rio de janeiro;https://www.getyourguide.com/rio-de-janeiro-l9/doors-off-flight-on-rio-de-janeiro-t568890/
Brasil;rio-de-janeiro-l9;846430;Tijuca forest waterfalls and caves hike;https://www.getyourguide.com/rio-de-janeiro-l9/tijuca-forest-waterfalls-and-caves-hike-t846430/
Brasil;bonito-l32642;1198544;Serra da bodoquena waterfalls 6 falls boat and day use in bonitoms;https://www.getyourguide.com/bonito-l32642/serra-da-bodoquena-waterfalls-6-falls-boat-and-day-use-in-bonitoms-t1198544/
Brasil;lencois-l32549;1020339;Lencois historic center guided walking;https://www.getyourguide.com/lencois-l32549/lencois-historic-center-guided-walking-tour-t1020339/
Brasil;natal-l2112;1099089;Explore pipa rua da grecia vila mangueira local shops;https://www.getyourguide.com/natal-l2112/explore-pipa-rua-da-grecia-vila-mangueira-local-shops-t1099089/
Brasil;rio-de-janeiro-l9;1122708;Rio de janeiro big party at substation club;https://www.getyourguide.com/rio-de-janeiro-l9/rio-de-janeiro-big-party-at-substation-club-t1122708/
Brasil;rio-de-janeiro-l9;54605;Ginga;https://www.getyourguide.com/rio-de-janeiro-l9/ginga-tropical-show-brazilian-rhythms-t54605/
Brasil;fortaleza-l1863;98334;Fortaleza 4 hour city car;https://www.getyourguide.com/fortaleza-l1863/fortaleza-4-hour-city-car-tour-t98334/
Brasil;niteroi-l34109;1188062;Private niteroi;https://www.getyourguide.com/niteroi-l34109/private-niteroi-tour-history-culture-and-gastronomy-t1188062/
Brasil;paraty-l1845;1275353;Paraty immersive photoshoot with local photographer;https://www.getyourguide.com/paraty-l1845/paraty-immersive-photoshoot-with-local-photographer-t1275353/
Brasil;rio-de-janeiro-l9;478642;Ingressos para o estadio do maracana mais bebida;https://www.getyourguide.com/rio-de-janeiro-l9/ingressos-para-o-estadio-do-maracana-mais-bebida-t478642/
Brasil;rio-de-janeiro-l9;553016;Rio de janeiro unforgettable boat party experience;https://www.getyourguide.com/rio-de-janeiro-l9/rio-de-janeiro-unforgettable-boat-party-experience-t553016/
Brasil;rio-de-janeiro-l9;161850;Christ;https://www.getyourguide.com/rio-de-janeiro-l9/christ-the-redeemer-cog-train-ticket-t161850/
Brasil;rio-de-janeiro-l9;830903;Rio de janeiro conheca e explore praias secretas;https://www.getyourguide.com/rio-de-janeiro-l9/rio-de-janeiro-conheca-e-explore-praias-secretas-t830903/
Brasil;rio-de-janeiro-l9;559633;Maracana;https://www.getyourguide.com/rio-de-janeiro-l9/maracana-t559633/
Brasil;jericoacoara-l105737;776573;Jericoacora;https://www.getyourguide.com/jericoacoara-l105737/jericoacora-to-fortaleza-transfer-t776573/
Brasil;jequia-da-praia-l143083;1096373;Dunas de marape;https://www.getyourguide.com/jequia-da-praia-l143083/dunas-de-marape-tour-a-haven-on-the-south-coast-t1096373/
Brasil;parnaiba-l194334;1101331;Parnaiba delta stargazing experience with wine snacks;https://www.getyourguide.com/parnaiba-l194334/parnaiba-delta-stargazing-experience-with-wine-snacks-t1101331/
Brasil;rio-de-janeiro-l9;848761;Rio de janeiro 3 hour rocinha favela;https://www.getyourguide.com/rio-de-janeiro-l9/rio-de-janeiro-3-hour-rocinha-favela-tour-with-local-guide-t848761/
Brasil;porto-de-galinhas-l32612;931362;Porto de galinhas dune buggy adventure explore paradise beaches;https://www.getyourguide.com/porto-de-galinhas-l32612/porto-de-galinhas-dune-buggy-adventure-explore-paradise-beaches-t931362/
Brasil;rio-de-janeiro-l9;1262617;Tijuca forest hikes getting back in;https://www.getyourguide.com/rio-de-janeiro-l9/tijuca-forest-hikes-getting-back-in-touch-with-nature-t1262617/
Brasil;rio-de-janeiro-l9;1069628;Rio de janeiro santa marta favela;https://www.getyourguide.com/rio-de-janeiro-l9/rio-de-janeiro-santa-marta-favela-tour-with-bbq-and-samba-t1069628/
Brasil;porto-seguro-l126793;1116451;Porto seguro schooner;https://www.getyourguide.com/porto-seguro-l126793/porto-seguro-schooner-trip-and-swim-at-recife-de-fora-t1116451/
Brasil;rio-de-janeiro-l9;1185534;Rio de janeiro private city;https://www.getyourguide.com/rio-de-janeiro-l9/rio-de-janeiro-private-city-tour-with-customizable-itinerary-t1185534/
Brasil;rio-de-janeiro-l9;238427;Rio de janeiro paragliding;https://www.getyourguide.com/rio-de-janeiro-l9/rio-de-janeiro-paragliding-tandem-flight-t238427/
Brasil;paraty-l1845;425769;From paraty shared;https://www.getyourguide.com/paraty-l1845/from-paraty-shared-transfer-to-vila-do-abraao-t425769/
Brasil;rio-de-janeiro-l9;1269937;Easyfly basic rio panoramic helicopter;https://www.getyourguide.com/rio-de-janeiro-l9/easyfly-basic-rio-panoramic-helicopter-tour-20-min-t1269937/
Brasil;rio-de-janeiro-l9;490202;Flamengo game experience at;https://www.getyourguide.com/rio-de-janeiro-l9/flamengo-game-experience-at-the-maracana-stadium-t490202/
Brasil;rio-de-janeiro-l9;710630;Rio de janeiro highlights walking;https://www.getyourguide.com/rio-de-janeiro-l9/rio-de-janeiro-highlights-walking-tour-with-a-guide-t710630/
Brasil;rio-de-janeiro-l9;465881;The best of rio christ;https://www.getyourguide.com/rio-de-janeiro-l9/the-best-of-rio-christ-the-redeemer-sugar-loaf-t465881/
Brasil;rio-de-janeiro-l9;484412;Rio de janeiro cristo redentor pao de acucar;https://www.getyourguide.com/rio-de-janeiro-l9/rio-de-janeiro-cristo-redentor-pao-de-acucar-t484412/
Brasil;rio-de-janeiro-l9;554869;Full day city sightseeing;https://www.getyourguide.com/rio-de-janeiro-l9/full-day-city-sightseeing-tour-in-rio-de-janeiro-t554869/
Brasil;sao-paulo-l384;890297;Sao paulo shared city highlights;https://www.getyourguide.com/sao-paulo-l384/sao-paulo-shared-city-highlights-tour-t890297/
Brasil;rio-de-janeiro-l9;652151;Football match at maracana stadium local experience;https://www.getyourguide.com/rio-de-janeiro-l9/football-match-at-maracana-stadium-local-experience-t652151/
Brasil;rio-de-janeiro-l9;1007255;Rio de janeiro nova friburgo pedra do cao sentado day;https://www.getyourguide.com/rio-de-janeiro-l9/rio-de-janeiro-nova-friburgo-pedra-do-cao-sentado-day-trip-t1007255/
Brasil;rio-de-janeiro-l9;1063822;Carnaval experience and;https://www.getyourguide.com/rio-de-janeiro-l9/carnaval-experience-and-tour-of-uruguaiana-t1063822/
Brasil;miranda-l248292;1115019;Miranda pantanal sunrise birdwatching walk with breakfast;https://www.getyourguide.com/miranda-l248292/miranda-pantanal-sunrise-birdwatching-walk-with-breakfast-t1115019/
Brasil;barreirinhas-l105727;1119941;Lencois maranhenses atv ride between sand and water;https://www.getyourguide.com/barreirinhas-l105727/lencois-maranhenses-atv-ride-between-sand-and-water-t1119941/
Brasil;miranda-l248292;1198500;Acqua;https://www.getyourguide.com/miranda-l248292/acqua-trekking-in-the-salobra-canyons-river-adventure-in-bonito-ms-t1198500/
Brasil;campinas-l1696;1225828;Weekend in serra da mantiqueira with wine and coffee experiences;https://www.getyourguide.com/campinas-l1696/weekend-in-serra-da-mantiqueira-with-wine-and-coffee-experiences-t1225828/
Brasil;sao-paulo-l384;1236930;Panoramic plane flight 30 minutes c150 sao paulo campo de marte;https://www.getyourguide.com/sao-paulo-l384/panoramic-plane-flight-30-minutes-c150-sao-paulo-campo-de-marte-t1236930/
Brasil;rio-de-janeiro-l9;1275412;Rio de janeiro running sports photoshoot;https://www.getyourguide.com/rio-de-janeiro-l9/rio-de-janeiro-running-sports-photoshoot-t1275412/
Brasil;rio-de-janeiro-l9;1303706;Religion food society ultimate culture;https://www.getyourguide.com/rio-de-janeiro-l9/religion-food-society-ultimate-culture-tour-of-sao-paulo-t1303706/
Brasil;rio-de-janeiro-l9;487407;Rio de janeiro favela santa marta;https://www.getyourguide.com/rio-de-janeiro-l9/rio-de-janeiro-favela-santa-marta-tour-with-resident-guide-t487407/
Brasil;rio-de-janeiro-l9;1236199;Rio copacabana hilltop viewpoint guided;https://www.getyourguide.com/rio-de-janeiro-l9/rio-copacabana-hilltop-viewpoint-guided-tour-t1236199/
Brasil;morro-de-sao-paulo-l116740;1290371;Morro de sao paulo speedboat;https://www.getyourguide.com/morro-de-sao-paulo-l116740/morro-de-sao-paulo-speedboat-tour-of-the-islands-and-natural-pools-t1290371/
Brasil;rio-de-janeiro-l9;1303632;Religion food society best culture;https://www.getyourguide.com/rio-de-janeiro-l9/religion-food-society-best-culture-tour-of-rio-de-janeiro-t1303632/
Brasil;rio-de-janeiro-l9;6487;Sugarloaf mountain city;https://www.getyourguide.com/rio-de-janeiro-l9/sugarloaf-mountain-city-tour-with-metropolitan-cathedral-t6487/
Brasil;rio-de-janeiro-l9;791813;Rio de janeiro land cruiser;https://www.getyourguide.com/rio-de-janeiro-l9/rio-de-janeiro-land-cruiser-tour-with-hiking-photos-t791813/
Brasil;sao-paulo-l384;431543;Sao paulo private city highlights;https://www.getyourguide.com/sao-paulo-l384/sao-paulo-private-city-highlights-tour-t431543/
Brasil;recife-l1836;475660;Recife private custom;https://www.getyourguide.com/recife-l1836/recife-private-custom-tour-with-a-local-guide-t475660/
Brasil;barreirinhas-l105727;1041969;Lagoons atins canto do atins in one day;https://www.getyourguide.com/barreirinhas-l105727/lagoons-atins-canto-do-atins-in-one-day-tour-t1041969/
Brasil;barreirinhas-l105727;1119936;Lencois maranhenses atv route with lagoon swim stops;https://www.getyourguide.com/barreirinhas-l105727/lencois-maranhenses-atv-route-with-lagoon-swim-stops-t1119936/
Brasil;angra-dos-reis-l88183;609029;From rio de janeiro ilha grande day;https://www.getyourguide.com/angra-dos-reis-l88183/from-rio-de-janeiro-ilha-grande-day-trip-t609029/
Brasil;sao-paulo-l384;611283;Sao paulo personal storytelling session with written;https://www.getyourguide.com/sao-paulo-l384/sao-paulo-personal-storytelling-session-with-written-text-t611283/
Brasil;paraty-l1845;700262;A guided walking;https://www.getyourguide.com/paraty-l1845/a-guided-walking-tour-in-the-paraty-historic-center-t700262/
Brasil;rio-de-janeiro-l9;1284599;Rio de janeiro local nightlife food drinks;https://www.getyourguide.com/rio-de-janeiro-l9/rio-de-janeiro-local-nightlife-food-drinks-tour-in-lapa-t1284599/
Brasil;morro-de-sao-paulo-l116740;18439;Island day;https://www.getyourguide.com/morro-de-sao-paulo-l116740/island-day-trip-to-morro-de-sao-paulo-t18439/
Brasil;maceio-l2064;973548;Sao miguel dos milagres;https://www.getyourguide.com/maceio-l2064/sao-miguel-dos-milagres-tour-from-maceio-t973548/
Brasil;paraty-l1845;1040993;Mambucaba river rafting with stunning forest scenery access;https://www.getyourguide.com/paraty-l1845/mambucaba-river-rafting-with-stunning-forest-scenery-access-t1040993/
Brasil;natal-l2112;1099083;Pipa night artisan stores live music dining;https://www.getyourguide.com/natal-l2112/pipa-night-artisan-stores-live-music-dining-t1099083/
Brasil;rio-de-janeiro-l9;431342;Rio samba city backstage;https://www.getyourguide.com/rio-de-janeiro-l9/rio-samba-city-backstage-tour-with-dance-class-and-transfer-t431342/
Brasil;rio-de-janeiro-l9;1116459;Rio de janeiro;https://www.getyourguide.com/rio-de-janeiro-l9/rio-de-janeiro-the-secret-natural-pool-t1116459/
Brasil;rio-de-janeiro-l9;501759;Private helicopter;https://www.getyourguide.com/rio-de-janeiro-l9/private-helicopter-tour-rio-de-janeiro-in-20min-t501759/
Brasil;maceio-l2064;664770;Maceio;https://www.getyourguide.com/maceio-l2064/maceio-tour-to-sao-francisco-river-t664770/
Brasil;rio-de-janeiro-l9;700881;Rio de janeiro helicopter;https://www.getyourguide.com/rio-de-janeiro-l9/rio-de-janeiro-helicopter-tour-with-an-unforgettable-view-t700881/
Brasil;sao-paulo-l384;711817;Sao paulo highlights walking;https://www.getyourguide.com/sao-paulo-l384/sao-paulo-highlights-walking-tour-with-a-guide-t711817/
Brasil;rio-de-janeiro-l9;384318;Rio de janeiro maracana flamengo football;https://www.getyourguide.com/rio-de-janeiro-l9/rio-de-janeiro-maracana-flamengo-football-tour-t384318/
Brasil;barreirinhas-l105727;482191;Transfer from barreirinhas;https://www.getyourguide.com/barreirinhas-l105727/transfer-from-barreirinhas-to-sao-luis-t482191/
Brasil;atins-l158343;1041972;Explore atins lagoon dunes charming village;https://www.getyourguide.com/atins-l158343/explore-atins-lagoon-dunes-charming-village-t1041972/
Brasil;rio-de-janeiro-l9;1202671;Rio de janeiro walking;https://www.getyourguide.com/rio-de-janeiro-l9/rio-de-janeiro-walking-tour-confeitaria-colombo-cathedral-and-more-t1202671/
Brasil;rio-de-janeiro-l9;1320404;Rio vip private;https://www.getyourguide.com/rio-de-janeiro-l9/rio-vip-private-tour-with-photo-shoot-at-christ-the-redeemer-and-sugarloaf-mountain-t1320404/
Brasil;rio-de-janeiro-l9;1331047;Speedboat;https://www.getyourguide.com/rio-de-janeiro-l9/speedboat-tour-in-rio-de-janeiro-t1331047/
Brasil;recife-l1836;402372;City;https://www.getyourguide.com/recife-l1836/city-tour-recife-with-catamaran-included-t402372/
Brasil;sao-paulo-l384;1070455;Sao paulo pico jaragua walk;https://www.getyourguide.com/sao-paulo-l384/sao-paulo-pico-jaragua-walk-through-the-rainforest-t1070455/
Brasil;porto-seguro-l126793;1116447;Porto seguro scenic cruise;https://www.getyourguide.com/porto-seguro-l126793/porto-seguro-scenic-cruise-to-recife-de-fora-t1116447/
Brasil;rio-de-janeiro-l9;1127765;Rio de janeiro coffee farm;https://www.getyourguide.com/rio-de-janeiro-l9/rio-de-janeiro-coffee-farm-tour-with-tasting-t1127765/
Brasil;rio-de-janeiro-l9;504076;Cariocando de veleiro no rio de janeiro;https://www.getyourguide.com/rio-de-janeiro-l9/cariocando-de-veleiro-no-rio-de-janeiro-t504076/
Brasil;campinas-l1696;835964;Pottery class with wheel;https://www.getyourguide.com/campinas-l1696/pottery-class-with-wheel-throwing-and-hand-building-t835964/
Brasil;rio-de-janeiro-l9;1332390;Garganta do ceu nature hike with a geologist;https://www.getyourguide.com/rio-de-janeiro-l9/garganta-do-ceu-nature-hike-with-a-geologist-t1332390/
Brasil;sao-paulo-l384;34892;Sao paulo graffiti;https://www.getyourguide.com/sao-paulo-l384/sao-paulo-graffiti-tour-t34892/
Brasil;guaratingueta-l222795;871372;Trekking mata atlancia with cachoeiras;https://www.getyourguide.com/guaratingueta-l222795/trekking-mata-atlancia-with-cachoeiras-the-golden-way-t871372/
Brasil;sao-paulo-l384;421331;From sao paulo private santos and guaruja beach;https://www.getyourguide.com/sao-paulo-l384/from-sao-paulo-private-santos-and-guaruja-beach-tour-t421331/
Brasil;angra-dos-reis-l88183;1040992;Rafting in angra with 4x4 jeep ride;https://www.getyourguide.com/angra-dos-reis-l88183/rafting-in-angra-with-4x4-jeep-ride-through-rainforest-t1040992/
Brasil;parnaiba-l194334;1082460;Parnaiba private speedboat;https://www.getyourguide.com/parnaiba-l194334/parnaiba-private-speedboat-tour-circuito-canarias-t1082460/
Brasil;natal-l2112;1109331;Natal 4x4 natives route excursion and panoramic views;https://www.getyourguide.com/natal-l2112/natal-4x4-natives-route-excursion-and-panoramic-views-t1109331/
Brasil;rio-de-janeiro-l9;548209;Rio caipirinha workshop and samba class;https://www.getyourguide.com/rio-de-janeiro-l9/rio-caipirinha-workshop-and-samba-class-t548209/
Brasil;rio-de-janeiro-l9;565865;Rio de janeiro enjoy a botafogo soccer game with locals;https://www.getyourguide.com/rio-de-janeiro-l9/rio-de-janeiro-enjoy-a-botafogo-soccer-game-with-locals-t565865/
Brasil;ubatuba-l192258;589889;Santos guaruja 8 hour beach;https://www.getyourguide.com/ubatuba-l192258/santos-guaruja-8-hour-beach-tour-starting-in-sao-paulo-t589889/
Brasil;recife-l1836;225873;Recife airport;https://www.getyourguide.com/recife-l1836/recife-airport-to-porto-de-galinhas-transfer-t225873/
Brasil;natal-l2112;359625;From natal genipabu dunes buggy adventure;https://www.getyourguide.com/natal-l2112/from-natal-genipabu-dunes-buggy-adventure-t359625/
Brasil;rio-de-janeiro-l9;1315923;Rio de janeiro private helicopter doors onoff;https://www.getyourguide.com/rio-de-janeiro-l9/rio-de-janeiro-private-helicopter-doors-onoff-tour-t1315923/
Brasil;rio-de-janeiro-l9;794548;Rio de janeiro sugarloaf mountain beaches half day;https://www.getyourguide.com/rio-de-janeiro-l9/rio-de-janeiro-sugarloaf-mountain-beaches-half-day-tour-t794548/
Brasil;rio-de-janeiro-l9;852368;Rio de janeiro christ;https://www.getyourguide.com/rio-de-janeiro-l9/rio-de-janeiro-christ-the-redeemer-helicopter-experience-t852368/
Brasil;rio-de-janeiro-l9;961443;Santa;https://www.getyourguide.com/rio-de-janeiro-l9/santa-teresa-trolley-dona-marta-by-alan-denis-t961443/
Brasil;cachoeira-do-bom-jesus-l214780;1071109;Florianopolis hobie cat catamaran sailing lesson;https://www.getyourguide.com/cachoeira-do-bom-jesus-l214780/florianopolis-hobie-cat-catamaran-sailing-lesson-t1071109/
Brasil;natal-l2112;1109328;Natal 4x4 natives route excursion and incredible viewpoints;https://www.getyourguide.com/natal-l2112/natal-4x4-natives-route-excursion-and-incredible-viewpoints-t1109328/
Brasil;porto-alegre-l32362;1112020;Downtown historical walk and museums porto alegre;https://www.getyourguide.com/porto-alegre-l32362/downtown-historical-walk-and-museums-porto-alegre-t1112020/
Brasil;matelandia-l214878;1204855;Iguazu falls nighttime astrotourism experience;https://www.getyourguide.com/matelandia-l214878/iguazu-falls-nighttime-astrotourism-experience-t1204855/
Brasil;rio-de-janeiro-l9;1227012;Niteroi private;https://www.getyourguide.com/rio-de-janeiro-l9/niteroi-private-tandem-paragliding-flight-free-video-t1227012/
Brasil;rio-de-janeiro-l9;1231720;Rio de janeiro nightlife without borders;https://www.getyourguide.com/rio-de-janeiro-l9/rio-de-janeiro-nightlife-without-borders-t1231720/
Brasil;fortaleza-l1863;682705;Fortaleza;https://www.getyourguide.com/fortaleza-l1863/fortaleza-tour-to-canoa-quebrada-beach-t682705/
Brasil;rio-de-janeiro-l9;767111;Rio de janeiro 30 min helicopter ride with;https://www.getyourguide.com/rio-de-janeiro-l9/rio-de-janeiro-30-min-helicopter-ride-with-transfers-t767111/
Brasil;rio-de-janeiro-l9;772671;Immerse yourself in history rio s city center walking;https://www.getyourguide.com/rio-de-janeiro-l9/immerse-yourself-in-history-rio-s-city-center-walking-tour-t772671/
Brasil;fortaleza-l1863;827606;Fortaleza airport;https://www.getyourguide.com/fortaleza-l1863/fortaleza-airport-to-cumbuco-way-transfer-t827606/
Brasil;rio-de-janeiro-l9;461329;Sailboat in rio de janeiro with drinks and snacks;https://www.getyourguide.com/rio-de-janeiro-l9/sailboat-in-rio-de-janeiro-with-drinks-and-snacks-t461329/
Brasil;porto-seguro-l126793;1116452;Porto seguro boat excursion;https://www.getyourguide.com/porto-seguro-l126793/porto-seguro-boat-excursion-to-recife-de-fora-t1116452/
Brasil;rio-de-janeiro-l9;1184563;Rio de janeiro pedra do;https://www.getyourguide.com/rio-de-janeiro-l9/rio-de-janeiro-pedra-do-telegrafo-and-rocinha-guided-tour-t1184563/
Brasil;paraty-l1845;1246775;Paraty speedboat;https://www.getyourguide.com/paraty-l1845/paraty-speedboat-tour-of-the-islands-and-paradise-beaches-t1246775/
Brasil;brasilia-l144326;739139;Brasilia private custom;https://www.getyourguide.com/brasilia-l144326/brasilia-private-custom-tour-with-a-local-guide-t739139/
Brasil;sao-paulo-l384;786302;Sao paulo nightlife extravaganza;https://www.getyourguide.com/sao-paulo-l384/sao-paulo-nightlife-extravaganza-tour-with-rooftop-bars-t786302/
Brasil;rio-de-janeiro-l9;794570;Rio de janeiro corcovado;https://www.getyourguide.com/rio-de-janeiro-l9/rio-de-janeiro-corcovado-train-sugarloaf-tour-with-lunch-t794570/
Brasil;rio-de-janeiro-l9;234727;Rio sugarloaf cable car and corcovado;https://www.getyourguide.com/rio-de-janeiro-l9/rio-sugarloaf-cable-car-and-corcovado-train-tickets-t234727/
Brasil;sao-paulo-l384;390419;Sao paulo congonhas cgh airport private;https://www.getyourguide.com/sao-paulo-l384/sao-paulo-congonhas-cgh-airport-private-transfer-t390419/
Brasil;sao-paulo-l384;1059178;Sao paulo atlantic forest serra do mar state park;https://www.getyourguide.com/sao-paulo-l384/sao-paulo-atlantic-forest-serra-do-mar-state-park-tour-t1059178/
Brasil;angra-dos-reis-l88183;422298;From angra dos reis speedboat;https://www.getyourguide.com/angra-dos-reis-l88183/from-angra-dos-reis-speedboat-transfer-to-ilha-grande-t422298/
Brasil;rio-de-janeiro-l9;1093719;Rio de janeiro city history;https://www.getyourguide.com/rio-de-janeiro-l9/rio-de-janeiro-city-history-tour-with-acai-coffee-snacks-t1093719/
Brasil;natal-l2112;1109230;Natal waters;https://www.getyourguide.com/natal-l2112/natal-waters-tour-and-trail-through-natural-beauties-t1109230/
Brasil;sao-paulo-l384;563757;Sao paulo highlight 5hr;https://www.getyourguide.com/sao-paulo-l384/sao-paulo-highlight-5hr-tour-with-fruit-tasting-view-deck-t563757/
Brasil;rio-de-janeiro-l9;1190748;Rio paragliding fly with a world record pilot;https://www.getyourguide.com/rio-de-janeiro-l9/rio-paragliding-fly-with-a-world-record-pilot-t1190748/
Brasil;rio-de-janeiro-l9;618574;Rio s 2026 carnival parade at sapucai;https://www.getyourguide.com/rio-de-janeiro-l9/rio-s-2026-carnival-parade-at-sapucai-transfer-t618574/
Brasil;matelandia-l214878;1210669;Brazilian iguazu falls private premium experience;https://www.getyourguide.com/matelandia-l214878/brazilian-iguazu-falls-private-premium-experience-t1210669/
Brasil;sao-paulo-l384;52362;Santos and guaruja full day;https://www.getyourguide.com/sao-paulo-l384/santos-and-guaruja-full-day-tour-t52362/
Brasil;rio-de-janeiro-l9;195674;Tijuca forest adventure full day hike;https://www.getyourguide.com/rio-de-janeiro-l9/tijuca-forest-adventure-full-day-hike-t195674/
Brasil;rio-de-janeiro-l9;979652;Rio de janeiro dos irmaos hike in vidigal sunrise;https://www.getyourguide.com/rio-de-janeiro-l9/rio-de-janeiro-dos-irmaos-hike-in-vidigal-sunrise-t979652/
Brasil;curitiba-l1849;1024511;Curitiba brewery;https://www.getyourguide.com/curitiba-l1849/curitiba-brewery-tour-at-night-tasting-at-3-breweries-with-fun-t1024511/
Brasil;rio-de-janeiro-l9;421665;Rio de janeiro airport;https://www.getyourguide.com/rio-de-janeiro-l9/rio-de-janeiro-airport-to-angra-dos-reis-shared-transfer-t421665/
Brasil;rio-de-janeiro-l9;1137126;Rio city;https://www.getyourguide.com/rio-de-janeiro-l9/rio-city-tour-with-complimentary-professional-photos-and-entrance-tickets-included-t1137126/
Brasil;rio-de-janeiro-l9;1145091;A night of funk dancing in;https://www.getyourguide.com/rio-de-janeiro-l9/a-night-of-funk-dancing-in-the-favela-t1145091/
Brasil;rio-de-janeiro-l9;628070;Lapa and santa;https://www.getyourguide.com/rio-de-janeiro-l9/lapa-and-santa-teresa-with-tram-ride-t628070/
Brasil;rio-de-janeiro-l9;641745;Boulevard olimpicoaquarioroda gigante;https://www.getyourguide.com/rio-de-janeiro-l9/boulevard-olimpicoaquarioroda-gigante-t641745/
Brasil;rio-de-janeiro-l9;761856;Rio de janeiro sunrise at sugarloaf with gourmet breakfast;https://www.getyourguide.com/rio-de-janeiro-l9/rio-de-janeiro-sunrise-at-sugarloaf-with-gourmet-breakfast-t761856/
Brasil;paraty-l1845;1274042;Paraty saco bravo waterfall;https://www.getyourguide.com/paraty-l1845/paraty-saco-bravo-waterfall-trekking-t1274042/
Brasil;rio-de-janeiro-l9;69574;Rio de janeiro private full day highlights;https://www.getyourguide.com/rio-de-janeiro-l9/rio-de-janeiro-private-full-day-highlights-tour-t69574/
Brasil;rio-de-janeiro-l9;424156;From rio de janeiro shared boat;https://www.getyourguide.com/rio-de-janeiro-l9/from-rio-de-janeiro-shared-boat-transfer-to-aracatiba-t424156/
Brasil;rio-de-janeiro-l9;431954;Rio de janeiro 4;https://www.getyourguide.com/rio-de-janeiro-l9/rio-de-janeiro-4-top-sites-guided-tour-t431954/
Brasil;angra-dos-reis-l88183;469424;Angra dos reis boat;https://www.getyourguide.com/angra-dos-reis-l88183/angra-dos-reis-boat-tour-t469424/
Brasil;natal-l2112;1109233;Natal southern;https://www.getyourguide.com/natal-l2112/natal-southern-treasures-tour-with-dolphin-lookout-t1109233/
Brasil;barreirinhas-l105727;1119940;Lencois maranhenses unforgettable atv expedition;https://www.getyourguide.com/barreirinhas-l105727/lencois-maranhenses-unforgettable-atv-expedition-t1119940/
Brasil;rio-de-janeiro-l9;1130176;Rio de janeiro sunrise at mirante dona marta with photos;https://www.getyourguide.com/rio-de-janeiro-l9/rio-de-janeiro-sunrise-at-mirante-dona-marta-with-photos-t1130176/
Brasil;sao-paulo-l384;547200;Santos shore excursion sao paulo sightseeing and airport;https://www.getyourguide.com/sao-paulo-l384/santos-shore-excursion-sao-paulo-sightseeing-and-airport-t547200/
Brasil;maceio-l2064;664694;Maceio city;https://www.getyourguide.com/maceio-l2064/maceio-city-tour-with-frances-beach-t664694/
Brasil;porto-seguro-l126793;740884;Guided;https://www.getyourguide.com/porto-seguro-l126793/guided-tour-of-the-beaches-in-caraiva-porto-seguro-t740884/
Brasil;porto-alegre-l32362;1316142;Rio grande do sul wine;https://www.getyourguide.com/porto-alegre-l32362/rio-grande-do-sul-wine-tasting-15-hours-porto-alegre-t1316142/
Brasil;porto-seguro-l126793;820588;Porto seguro private city;https://www.getyourguide.com/porto-seguro-l126793/porto-seguro-private-city-tour-history-t820588/
Brasil;rio-de-janeiro-l9;847526;Explore flora jardim botanico;https://www.getyourguide.com/rio-de-janeiro-l9/explore-flora-jardim-botanico-tijuca-forest-adventure-t847526/
Brasil;rio-de-janeiro-l9;869343;Rio de janeiro full day guided;https://www.getyourguide.com/rio-de-janeiro-l9/rio-de-janeiro-full-day-guided-tour-t869343/
Brasil;rio-de-janeiro-l9;255572;Rio de janeiro sightseeing helicopter flight;https://www.getyourguide.com/rio-de-janeiro-l9/rio-de-janeiro-sightseeing-helicopter-flight-t255572/
Brasil;rio-de-janeiro-l9;388313;Rio de janeiro half day christ;https://www.getyourguide.com/rio-de-janeiro-l9/rio-de-janeiro-half-day-christ-the-redeemer-and-city-tour-t388313/
Brasil;rio-de-janeiro-l9;434274;Rio de janeiro private speedboat;https://www.getyourguide.com/rio-de-janeiro-l9/rio-de-janeiro-private-speedboat-tour-6-up-to-8-peoples-t434274/
Brasil;paraty-l1845;1040711;Paraty pedra da marcela private sunrise hike with pickup;https://www.getyourguide.com/paraty-l1845/paraty-pedra-da-marcela-private-sunrise-hike-with-pickup-t1040711/
Brasil;rio-de-janeiro-l9;1082467;Pedra da gavea;https://www.getyourguide.com/rio-de-janeiro-l9/pedra-da-gavea-trail-panoramic-views-and-nature-adventure-t1082467/
Brasil;rio-de-janeiro-l9;1084131;Rio flamengo stadium with panoramic guided visit;https://www.getyourguide.com/rio-de-janeiro-l9/rio-flamengo-stadium-with-panoramic-guided-visit-t1084131/
Brasil;rio-de-janeiro-l9;603677;Explore fernando de noronha 7 hour ilhatour;https://www.getyourguide.com/rio-de-janeiro-l9/explore-fernando-de-noronha-7-hour-ilhatour-t603677/
Brasil;fortaleza-l1863;675388;Lagoinha beach 1 day;https://www.getyourguide.com/fortaleza-l1863/lagoinha-beach-1-day-tour-t675388/
Brasil;rio-de-janeiro-l9;721926;Rio de janeiro catamaran;https://www.getyourguide.com/rio-de-janeiro-l9/rio-de-janeiro-catamaran-tour-to-arraial-do-cabo-t721926/
Brasil;florianopolis-l246;722820;Transfer;https://www.getyourguide.com/florianopolis-l246/transfer-to-beto-carrero-world-t722820/
Brasil;rio-de-janeiro-l9;413096;Rio museum of;https://www.getyourguide.com/rio-de-janeiro-l9/rio-museum-of-tomorrow-yup-star-olympic-boulevard-t413096/
Brasil;rio-de-janeiro-l9;1075005;Rio de janeiro half day portuguese royal family;https://www.getyourguide.com/rio-de-janeiro-l9/rio-de-janeiro-half-day-portuguese-royal-family-tour-t1075005/
Brasil;aracaju-l100614;548226;Tour;https://www.getyourguide.com/aracaju-l100614/tour-to-canyon-xingo-in-sao-francisco-river-t548226/
Brasil;rio-de-janeiro-l9;800133;Rio de janeiro bioparque guided;https://www.getyourguide.com/rio-de-janeiro-l9/rio-de-janeiro-bioparque-guided-tour-with-transfer-t800133/
Brasil;sao-paulo-l384;1322368;Sao paulo private jewish heritage cultural;https://www.getyourguide.com/sao-paulo-l384/sao-paulo-private-jewish-heritage-cultural-tour-t1322368/
Brasil;rio-de-janeiro-l9;116086;Pedra bonita and free flight ramp easy hike;https://www.getyourguide.com/rio-de-janeiro-l9/pedra-bonita-and-free-flight-ramp-easy-hike-t116086/
Brasil;porto-seguro-l126793;878968;Discover caraiva s beaches a guided;https://www.getyourguide.com/porto-seguro-l126793/discover-caraiva-s-beaches-a-guided-tour-in-porto-seguro-t878968/
Brasil;rio-de-janeiro-l9;355290;Rio christ;https://www.getyourguide.com/rio-de-janeiro-l9/rio-christ-the-redeemer-selaron-steps-half-day-tour-t355290/
Brasil;canela-l117155;922612;Gramado and canela private daytour;https://www.getyourguide.com/canela-l117155/gramado-and-canela-private-daytour-t922612/
Brasil;santos-l1708;473422;Discover santos shared full day;https://www.getyourguide.com/santos-l1708/discover-santos-shared-full-day-tour-with-tickets-lunch-t473422/
Brasil;recife-l1836;494174;Carneiros beach;https://www.getyourguide.com/recife-l1836/carneiros-beach-t494174/
Brasil;maceio-l2064;1098206;Sao miguel dos milagres;https://www.getyourguide.com/maceio-l2064/sao-miguel-dos-milagres-toque-beach-natural-pools-tour-t1098206/
Brasil;rio-de-janeiro-l9;1142918;Rio de janeiro k2 rock climbing route on corcovado with views of christ;https://www.getyourguide.com/rio-de-janeiro-l9/rio-de-janeiro-k2-rock-climbing-route-on-corcovado-with-views-of-christ-the-redeemer-t1142918/
Brasil;fortaleza-l1863;653077;Shared;https://www.getyourguide.com/fortaleza-l1863/shared-transfer-from-fortaleza-to-jericoacoara-t653077/
Brasil;rio-de-janeiro-l9;673691;7 passengers xl international airport rj x zona sul rj;https://www.getyourguide.com/rio-de-janeiro-l9/7-passengers-xl-international-airport-rj-x-zona-sul-rj-t673691/
Brasil;rio-de-janeiro-l9;1237024;Rio de janeiro;https://www.getyourguide.com/rio-de-janeiro-l9/rio-de-janeiro-tandem-paragliding-flight-t1237024/
Brasil;sao-paulo-l384;759570;Best sao paulo city;https://www.getyourguide.com/sao-paulo-l384/best-sao-paulo-city-tour-architecture-6hours-family-3-people-t759570/
Brasil;sao-paulo-l384;1267588;Sao paulo brazilian food;https://www.getyourguide.com/sao-paulo-l384/sao-paulo-brazilian-food-tour-with-chef-photographer-t1267588/
Brasil;rio-de-janeiro-l9;27310;Rio de janeiro christ selaron steps and;https://www.getyourguide.com/rio-de-janeiro-l9/rio-de-janeiro-christ-selaron-steps-and-tijuca-park-tour-t27310/
Brasil;sao-paulo-l384;252812;Aparecida;https://www.getyourguide.com/sao-paulo-l384/aparecida-tour-the-largest-church-of-brazil-t252812/
Brasil;rio-de-janeiro-l9;315227;Rio de janeiro rio s icons guided;https://www.getyourguide.com/rio-de-janeiro-l9/rio-de-janeiro-rio-s-icons-guided-tour-with-tickets-lunch-t315227/
Brasil;rio-de-janeiro-l9;1134314;Rio de janeiro guided;https://www.getyourguide.com/rio-de-janeiro-l9/rio-de-janeiro-guided-tour-in-downtown-rio-t1134314/
Brasil;recife-l1836;496866;Tour;https://www.getyourguide.com/recife-l1836/tour-to-porto-de-galinhas-t496866/
Brasil;aracaju-l100614;548772;Cultural city;https://www.getyourguide.com/aracaju-l100614/cultural-city-tour-in-aracaju-t548772/
Brasil;aracaju-l100614;549033;Tour;https://www.getyourguide.com/aracaju-l100614/tour-to-saco-beach-from-aracaju-t549033/
Brasil;rio-de-janeiro-l9;626984;Rio favela rocinha;https://www.getyourguide.com/rio-de-janeiro-l9/rio-favela-rocinha-tour-with-local-guide-secret-spots-t626984/
Brasil;rio-de-janeiro-l9;779098;2 days corcovado city;https://www.getyourguide.com/rio-de-janeiro-l9/2-days-corcovado-city-tour-paradise-waters-t779098/
Brasil;rio-de-janeiro-l9;27986;Sail in rio 2 hour;https://www.getyourguide.com/rio-de-janeiro-l9/sail-in-rio-2-hour-tour-t27986/
Brasil;rio-de-janeiro-l9;824728;Rio de janeiro christ;https://www.getyourguide.com/rio-de-janeiro-l9/rio-de-janeiro-christ-the-redeemer-sugar-loaf-and-lunch-t824728/
Brasil;rio-de-janeiro-l9;878953;Rocinha favela guide;https://www.getyourguide.com/rio-de-janeiro-l9/rocinha-favela-guide-tour-with-transportation-t878953/
Brasil;porto-alegre-l32362;453424;From porto alegre gramado and canela private day;https://www.getyourguide.com/porto-alegre-l32362/from-porto-alegre-gramado-and-canela-private-day-tour-t453424/
Brasil;rio-de-janeiro-l9;467414;Rio maracana stadium guided;https://www.getyourguide.com/rio-de-janeiro-l9/rio-maracana-stadium-guided-tour-with-pick-up-included-t467414/
Brasil;angra-dos-reis-l88183;531608;Rio de janeiro shuttle;https://www.getyourguide.com/angra-dos-reis-l88183/rio-de-janeiro-shuttle-transfer-tofrom-angra-dos-reis-t531608/
Brasil;rio-de-janeiro-l9;1122706;Rio de janeiro fun party night at substation club;https://www.getyourguide.com/rio-de-janeiro-l9/rio-de-janeiro-fun-party-night-at-substation-club-t1122706/
Brasil;niteroi-l34109;1212880;Niteroi contemporary art museum mac and paragliding flight over parque da cidade city park;https://www.getyourguide.com/niteroi-l34109/niteroi-contemporary-art-museum-mac-and-paragliding-flight-over-parque-da-cidade-city-park-t1212880/
Brasil;rio-de-janeiro-l9;797990;Rio private;https://www.getyourguide.com/rio-de-janeiro-l9/rio-private-tour-5-hours-customized-tour-with-a-local-guide-t797990/
Brasil;bombinhas-l106807;1300997;Beach safari panoramic;https://www.getyourguide.com/bombinhas-l106807/beach-safari-panoramic-tour-of-7-beaches-in-bombinhas-t1300997/
Brasil;rio-de-janeiro-l9;895758;Rio de janeiro funk class master your hips;https://www.getyourguide.com/rio-de-janeiro-l9/rio-de-janeiro-funk-class-master-your-hips-t895758/
Brasil;santo-amaro-do-maranhao-l215939;948441;The hidden beauty of lencois santo amaro ponta verde;https://www.getyourguide.com/santo-amaro-do-maranhao-l215939/the-hidden-beauty-of-lencois-santo-amaro-ponta-verde-t948441/
Brasil;rio-de-janeiro-l9;86615;Arraial do cabo boat;https://www.getyourguide.com/rio-de-janeiro-l9/arraial-do-cabo-boat-tour-t86615/
Brasil;rio-de-janeiro-l9;385506;Tofrom rio de janeiro arraial do cabo shuttle;https://www.getyourguide.com/rio-de-janeiro-l9/tofrom-rio-de-janeiro-arraial-do-cabo-shuttle-transfer-t385506/
Brasil;rio-de-janeiro-l9;411226;Rio de janeiro private day;https://www.getyourguide.com/rio-de-janeiro-l9/rio-de-janeiro-private-day-tour-with-christ-the-redeemer-t411226/
Brasil;sao-paulo-l384;544926;Santos private shore excursion sao paulo full day city;https://www.getyourguide.com/sao-paulo-l384/santos-private-shore-excursion-sao-paulo-full-day-city-tour-t544926/
Brasil;belo-horizonte-l32265;1298692;Belo horizonte urban foraging;https://www.getyourguide.com/belo-horizonte-l32265/belo-horizonte-urban-foraging-tour-with-snack-t1298692/
Brasil;angra-dos-reis-l88183;713790;Angra dos reis full day;https://www.getyourguide.com/angra-dos-reis-l88183/angra-dos-reis-full-day-tour-with-lunch-and-boat-ride-t713790/
Brasil;rio-de-janeiro-l9;67596;Rio favela walking;https://www.getyourguide.com/rio-de-janeiro-l9/rio-favela-walking-tour-t67596/
Brasil;fortaleza-l1863;316342;From fortaleza lagoinha beach day;https://www.getyourguide.com/fortaleza-l1863/from-fortaleza-lagoinha-beach-day-trip-t316342/
Brasil;rio-de-janeiro-l9;323118;From rio arraial do cabo day;https://www.getyourguide.com/rio-de-janeiro-l9/from-rio-arraial-do-cabo-day-trip-with-boat-tour-and-lunch-t323118/
Brasil;rio-de-janeiro-l9;929447;Private speedboat;https://www.getyourguide.com/rio-de-janeiro-l9/private-speedboat-tour-rio-de-janeiro-t929447/
Brasil;jericoacoara-l105737;930602;Jericoacoara magic dunes lagoons west coast private;https://www.getyourguide.com/jericoacoara-l105737/jericoacoara-magic-dunes-lagoons-west-coast-private-tour-t930602/
Brasil;sao-paulo-l384;1268307;Sao paulo waterfalls hike beach view chairlift;https://www.getyourguide.com/sao-paulo-l384/sao-paulo-waterfalls-hike-beach-view-chairlift-tour-t1268307/
Brasil;recife-l1836;24604;Recife olinda city;https://www.getyourguide.com/recife-l1836/recife-olinda-city-tour-unveiling-the-charm-of-two-cities-t24604/
Brasil;natal-l2112;1111966;Sao miguel do gostoso exclusive seaside experience;https://www.getyourguide.com/natal-l2112/sao-miguel-do-gostoso-exclusive-seaside-experience-t1111966/
Brasil;rio-de-janeiro-l9;169354;Prainha and grumari beaches hike and swim;https://www.getyourguide.com/rio-de-janeiro-l9/prainha-and-grumari-beaches-hike-and-swim-t169354/
Brasil;rio-de-janeiro-l9;1168932;Rio de janeiro nightclub;https://www.getyourguide.com/rio-de-janeiro-l9/rio-de-janeiro-nightclub-tour-with-hotel-pickup-drink-t1168932/
Brasil;rio-de-janeiro-l9;321123;From rio full day in buzios with boat;https://www.getyourguide.com/rio-de-janeiro-l9/from-rio-full-day-in-buzios-with-boat-tour-and-lunch-t321123/
Brasil;rio-de-janeiro-l9;520411;Rio floating breakfast boat;https://www.getyourguide.com/rio-de-janeiro-l9/rio-floating-breakfast-boat-trip-in-guanabara-bay-t520411/
Brasil;lencois-l32549;598037;Transfer sao luis;https://www.getyourguide.com/lencois-l32549/transfer-sao-luis-to-santo-amaro-lencois-t598037/
Brasil;rio-de-janeiro-l9;6485;Corcovado and christ;https://www.getyourguide.com/rio-de-janeiro-l9/corcovado-and-christ-the-redeemer-statue-afternoon-tour-t6485/
Brasil;rio-de-janeiro-l9;732688;Rio de janeiro christ statue city rainforest;https://www.getyourguide.com/rio-de-janeiro-l9/rio-de-janeiro-christ-statue-city-rainforest-tour-t732688/
Brasil;rio-de-janeiro-l9;852643;Explore vidigal hike morro dois irmaos views of rio;https://www.getyourguide.com/rio-de-janeiro-l9/explore-vidigal-hike-morro-dois-irmaos-views-of-rio-t852643/
Brasil;angra-dos-reis-l88183;878198;Guided;https://www.getyourguide.com/angra-dos-reis-l88183/guided-tour-of-angra-with-lunch-departing-from-angra-t878198/
Brasil;rio-de-janeiro-l9;880247;Explore ilha gigoia and;https://www.getyourguide.com/rio-de-janeiro-l9/explore-ilha-gigoia-and-the-rocinha-favela-rio-s-hidden-soul-t880247/
Brasil;rio-de-janeiro-l9;890203;Two brothers hill walk from dawn;https://www.getyourguide.com/rio-de-janeiro-l9/two-brothers-hill-walk-from-dawn-to-sunset-t890203/
Brasil;sao-paulo-l384;913694;Day;https://www.getyourguide.com/sao-paulo-l384/day-trip-to-aparecida-cathedral-with-transportation-from-sao-paulo-t913694/
Brasil;fortaleza-l1863;675251;A full day in jericoacoara;https://www.getyourguide.com/fortaleza-l1863/a-full-day-in-jericoacoara-t675251/
Brasil;fortaleza-l1863;675387;Lagoinha in 1 day beauty of ceara;https://www.getyourguide.com/fortaleza-l1863/lagoinha-in-1-day-beauty-of-ceara-t675387/
Brasil;barreirinhas-l105727;1042789;Rio preguicas monkeys lighthouse cabure beach;https://www.getyourguide.com/barreirinhas-l105727/rio-preguicas-monkeys-lighthouse-cabure-beach-t1042789/
Brasil;vale-dos-vinhedos-l239643;1184200;Vineyard valley;https://www.getyourguide.com/vale-dos-vinhedos-l239643/vineyard-valley-tour-with-tasting-and-monte-belo-do-sul-t1184200/
Brasil;rio-de-janeiro-l9;1284709;Rio de janeiro surf lesson for beginners and experienced surfers;https://www.getyourguide.com/rio-de-janeiro-l9/rio-de-janeiro-surf-lesson-for-beginners-and-experienced-surfers-t1284709/
Brasil;niteroi-l34109;1154967;Niteroi climbing;https://www.getyourguide.com/niteroi-l34109/niteroi-climbing-the-guarischi-needle-t1154967/
Brasil;rio-de-janeiro-l9;177141;Rio christ;https://www.getyourguide.com/rio-de-janeiro-l9/rio-christ-the-redeemer-selaron-steps-minivan-tour-t177141/
Brasil;sao-paulo-l384;411416;Sao paulo private helicopter;https://www.getyourguide.com/sao-paulo-l384/sao-paulo-private-helicopter-tour-with-transfer-t411416/
Brasil;rio-de-janeiro-l9;425592;From rio barra da;https://www.getyourguide.com/rio-de-janeiro-l9/from-rio-barra-da-tijuca-to-vila-do-abraao-shared-transfer-t425592/
Brasil;paraty-l1845;525053;Paraty saco do mamangua speedboat;https://www.getyourguide.com/paraty-l1845/paraty-saco-do-mamangua-speedboat-tour-t525053/
Brasil;sao-paulo-l384;75818;From sao paulo full day;https://www.getyourguide.com/sao-paulo-l384/from-sao-paulo-full-day-tour-to-campos-do-jordao-t75818/
Brasil;paraty-l1845;82200;Trinidade cove;https://www.getyourguide.com/paraty-l1845/trinidade-cove-tour-from-paraty-t82200/
Brasil;niteroi-l34109;632948;Niteroi paragliding experience with gopro photos and video;https://www.getyourguide.com/niteroi-l34109/niteroi-paragliding-experience-with-gopro-photos-and-video-t632948/
Brasil;rio-de-janeiro-l9;241482;Rio de janeiro 4 hour botanical garden;https://www.getyourguide.com/rio-de-janeiro-l9/rio-de-janeiro-4-hour-botanical-garden-tijuca-forest-tour-t241482/
Brasil;rio-de-janeiro-l9;685455;Rio de janeiro;https://www.getyourguide.com/rio-de-janeiro-l9/rio-de-janeiro-tour-maracana-stadium-t685455/
Brasil;paraty-l1845;701859;Exclusive experience in mamangua private speedboat;https://www.getyourguide.com/paraty-l1845/exclusive-experience-in-mamangua-private-speedboat-tour-t701859/
Brasil;sao-paulo-l384;409991;From sao paulo cantareira state park hiking day;https://www.getyourguide.com/sao-paulo-l384/from-sao-paulo-cantareira-state-park-hiking-day-trip-t409991/
Brasil;rio-de-janeiro-l9;556426;Cariocando on aquario olympic s boulevard;https://www.getyourguide.com/rio-de-janeiro-l9/cariocando-on-aquario-olympic-s-boulevard-t556426/
Brasil;rio-de-janeiro-l9;894384;Dos irmaos;https://www.getyourguide.com/rio-de-janeiro-l9/dos-irmaos-trail-in-vidigal-rio-de-janeiro-t894384/
Brasil;brasilia-l144326;1016549;Brasilia sunset cruise on lake paranoa;https://www.getyourguide.com/brasilia-l144326/brasilia-sunset-cruise-on-lake-paranoa-t1016549/
Brasil;rio-de-janeiro-l9;1102488;Rio de janeiro city;https://www.getyourguide.com/rio-de-janeiro-l9/rio-de-janeiro-city-tour-with-lunch-included-t1102488/
Brasil;rio-de-janeiro-l9;768082;Rio de janeiro samba school rehearsal viewing with;https://www.getyourguide.com/rio-de-janeiro-l9/rio-de-janeiro-samba-school-rehearsal-viewing-with-transfer-t768082/
Brasil;rio-de-janeiro-l9;1127831;Rio de janeiro full day;https://www.getyourguide.com/rio-de-janeiro-l9/rio-de-janeiro-full-day-tour-of-wineries-and-vineyards-t1127831/
Brasil;sao-paulo-l384;839867;Sao paulo personalized city;https://www.getyourguide.com/sao-paulo-l384/sao-paulo-personalized-city-tour-highlights-hidden-gems-t839867/
Brasil;maragogi-l122555;841430;Maragogi private;https://www.getyourguide.com/maragogi-l122555/maragogi-private-transfer-from-recife-airport-round-trip-t841430/
Brasil;angra-dos-reis-l88183;1040987;Rafting at angra paraty border with atlantic forest;https://www.getyourguide.com/angra-dos-reis-l88183/rafting-at-angra-paraty-border-with-atlantic-forest-trek-t1040987/
Brasil;rio-de-janeiro-l9;67389;Rio de janeiro hang gliding adventure;https://www.getyourguide.com/rio-de-janeiro-l9/rio-de-janeiro-hang-gliding-adventure-t67389/
Brasil;porto-seguro-l126793;1117391;Porto seguro cultural immersion experience;https://www.getyourguide.com/porto-seguro-l126793/porto-seguro-cultural-immersion-experience-t1117391/
Brasil;rio-de-janeiro-l9;1264599;Rio friday night at brazil s hidden northeast food market;https://www.getyourguide.com/rio-de-janeiro-l9/rio-friday-night-at-brazil-s-hidden-northeast-food-market-t1264599/
Brasil;rio-de-janeiro-l9;525482;Santa;https://www.getyourguide.com/rio-de-janeiro-l9/santa-teresa-bohemia-and-art-t525482/
Brasil;rio-de-janeiro-l9;776640;Rio de janeiro samba class;https://www.getyourguide.com/rio-de-janeiro-l9/rio-de-janeiro-samba-class-t776640/
Brasil;rio-de-janeiro-l9;851298;Rio de janeiro baile charme;https://www.getyourguide.com/rio-de-janeiro-l9/rio-de-janeiro-baile-charme-t851298/
Brasil;rio-de-janeiro-l9;630456;Rio city;https://www.getyourguide.com/rio-de-janeiro-l9/rio-city-tour-t630456/
Brasil;natal-l2112;1109325;Natal 4x4 natives route;https://www.getyourguide.com/natal-l2112/natal-4x4-natives-route-tour-and-paradise-beaches-t1109325/
Brasil;rio-de-janeiro-l9;878275;Discover pedra do;https://www.getyourguide.com/rio-de-janeiro-l9/discover-pedra-do-telegrafo-a-scenic-guided-hike-in-rio-t878275/
Brasil;sao-paulo-l384;1272925;Paint sip;https://www.getyourguide.com/sao-paulo-l384/paint-sip-tea-botanical-illustration-in-sao-paulo-studio-t1272925/
Brasil;rio-de-janeiro-l9;1293129;Rio in one day your way private experience with exclusive options;https://www.getyourguide.com/rio-de-janeiro-l9/rio-in-one-day-your-way-private-experience-with-exclusive-options-t1293129/
Brasil;florianopolis-l246;1104072; perfumery workshop create your unique fragrance in florianopolis ;https://www.getyourguide.com/florianopolis-l246/-perfumery-workshop-create-your-unique-fragrance-in-florianopolis--t1104072/
Brasil;barreirinhas-l105727;1119163;Maranhao river;https://www.getyourguide.com/barreirinhas-l105727/maranhao-river-tubing-in-the-clear-waters-of-formiga-river-t1119163/
Brasil;paraty-l1845;24758;Half day schooner cruise and snorkeling in paraty bay;https://www.getyourguide.com/paraty-l1845/half-day-schooner-cruise-and-snorkeling-in-paraty-bay-t24758/
Brasil;rio-de-janeiro-l9;54585;Rio in a day city highlights;https://www.getyourguide.com/rio-de-janeiro-l9/rio-in-a-day-city-highlights-tour-and-show-combo-t54585/
Brasil;bento-goncalves-l117160;1193673;City of flores da cunha flavors of;https://www.getyourguide.com/bento-goncalves-l117160/city-of-flores-da-cunha-flavors-of-the-serra-freedom-on-two-wheels-t1193673/
Brasil;florianopolis-l246;516943;Germanic route blumenau and pomerode;https://www.getyourguide.com/florianopolis-l246/germanic-route-blumenau-and-pomerode-t516943/
Brasil;rio-de-janeiro-l9;1297097;Flamengo match at maracana vip;https://www.getyourguide.com/rio-de-janeiro-l9/flamengo-match-at-maracana-vip-ticket-open-bar-transfer-t1297097/
Brasil;rio-de-janeiro-l9;1297326;Maracana football flamengo official;https://www.getyourguide.com/rio-de-janeiro-l9/maracana-football-flamengo-official-tickets-vip-transfer-t1297326/
Brasil;rio-de-janeiro-l9;54554;Two brothers hiking;https://www.getyourguide.com/rio-de-janeiro-l9/two-brothers-hiking-tour-favela-tour-vidigal-t54554/
Brasil;paraty-l1845;711035;Paraty a speedboat sunset experience;https://www.getyourguide.com/paraty-l1845/paraty-a-speedboat-sunset-experience-t711035/
Brasil;rio-de-janeiro-l9;723007;Speedboat;https://www.getyourguide.com/rio-de-janeiro-l9/speedboat-tour-in-rio-de-janeiro-t723007/
Brasil;rio-de-janeiro-l9;783062;Rio sugarloaf mountain sunrise with breakfast;https://www.getyourguide.com/rio-de-janeiro-l9/rio-sugarloaf-mountain-sunrise-with-breakfast-transfer-t783062/
Brasil;rio-de-janeiro-l9;872594;Rio de janeiro jewish history downtown private walking;https://www.getyourguide.com/rio-de-janeiro-l9/rio-de-janeiro-jewish-history-downtown-private-walking-tour-t872594/
Brasil;rio-de-janeiro-l9;712314;Rio de janeiro 6 hs;https://www.getyourguide.com/rio-de-janeiro-l9/rio-de-janeiro-6-hs-trail-to-pedra-da-gavea-and-local-guide-t712314/
Brasil;lencois-l32549;1133669;Pati valley 3 days unforgettable adventure in chapada diamantina;https://www.getyourguide.com/lencois-l32549/pati-valley-3-days-unforgettable-adventure-in-chapada-diamantina-t1133669/
Brasil;maragogi-l122555;1155903;Maragogi croas de sao bento natural pools boat;https://www.getyourguide.com/maragogi-l122555/maragogi-croas-de-sao-bento-natural-pools-boat-tour-t1155903/
Brasil;canela-l117155;1193958;Wines;https://www.getyourguide.com/canela-l117155/wines-that-call-for-another-glass-in-bento-goncalves-t1193958/
Brasil;rio-de-janeiro-l9;860281;Favela in rio wit;https://www.getyourguide.com/rio-de-janeiro-l9/favela-in-rio-wit-transfer-guided-tour-100-safe-tour-t860281/
Brasil;rio-de-janeiro-l9;878287;Samba fit experience fun fitness rio s iconic culture;https://www.getyourguide.com/rio-de-janeiro-l9/samba-fit-experience-fun-fitness-rio-s-iconic-culture-t878287/
Brasil;jericoacoara-l105737;879745;Jericoacoara full day adventure in a coastal paradise;https://www.getyourguide.com/jericoacoara-l105737/jericoacoara-full-day-adventure-in-a-coastal-paradise-t879745/
Brasil;rio-de-janeiro-l9;1262443;Rio de janeiro functional workout class experience in ipanema;https://www.getyourguide.com/rio-de-janeiro-l9/rio-de-janeiro-functional-workout-class-experience-in-ipanema-t1262443/
Brasil;rio-de-janeiro-l9;1010863;Rio de janeiro complete city;https://www.getyourguide.com/rio-de-janeiro-l9/rio-de-janeiro-complete-city-tour-by-land-and-by-air-with-helicopter-flight-t1010863/
Brasil;angra-dos-reis-l88183;1040990;Rafting adventure with 4x4 jeep in;https://www.getyourguide.com/angra-dos-reis-l88183/rafting-adventure-with-4x4-jeep-in-the-atlantic-forest-t1040990/
Brasil;barreirinhas-l105727;1042793;Boat ride on rio preguicas;https://www.getyourguide.com/barreirinhas-l105727/boat-ride-on-rio-preguicas-to-cabure-vassouras-t1042793/
Brasil;sao-paulo-l384;1089843;Sao paulo 4 day pantanal jaguar and wildlife;https://www.getyourguide.com/sao-paulo-l384/sao-paulo-4-day-pantanal-jaguar-and-wildlife-tour-t1089843/
Brasil;rio-de-janeiro-l9;433732;From rio de janeiro city highlights helicopter;https://www.getyourguide.com/rio-de-janeiro-l9/from-rio-de-janeiro-city-highlights-helicopter-tour-t433732/
Brasil;rio-de-janeiro-l9;464565;Sunrise experience dmarta lookout and christ;https://www.getyourguide.com/rio-de-janeiro-l9/sunrise-experience-dmarta-lookout-and-christ-the-redmeer-t464565/
Brasil;ubatuba-l192258;707871;Ubatuba surfing experience with professional instructor;https://www.getyourguide.com/ubatuba-l192258/ubatuba-surfing-experience-with-professional-instructor-t707871/
Brasil;rio-de-janeiro-l9;389738;Rio airport layover christ;https://www.getyourguide.com/rio-de-janeiro-l9/rio-airport-layover-christ-the-redeemer-sugarloaf-tour-t389738/
Brasil;rio-de-janeiro-l9;510378;Rio african culture walking;https://www.getyourguide.com/rio-de-janeiro-l9/rio-african-culture-walking-tour-t510378/
Brasil;curitiba-l1849;1029988;Curitiba 4 hour ecological city;https://www.getyourguide.com/curitiba-l1849/curitiba-4-hour-ecological-city-tour-stunning-parks-and-iconic-sites-t1029988/
Brasil;rio-de-janeiro-l9;1065597;Rio de janeiro brazilian cooking class with pickup;https://www.getyourguide.com/rio-de-janeiro-l9/rio-de-janeiro-brazilian-cooking-class-with-pickup-t1065597/
Brasil;rio-de-janeiro-l9;1074453;Rio de janeiro feijoada food;https://www.getyourguide.com/rio-de-janeiro-l9/rio-de-janeiro-feijoada-food-tour-with-transfers-t1074453/
Brasil;rio-de-janeiro-l9;781839;Surf lessons at arpoador in ipanema;https://www.getyourguide.com/rio-de-janeiro-l9/surf-lessons-at-arpoador-in-ipanema-t781839/
Brasil;canela-l117155;1171772;Canela parque do caracol entry;https://www.getyourguide.com/canela-l117155/canela-parque-do-caracol-entry-ticket-t1171772/
Brasil;rio-de-janeiro-l9;852794;Rio de janeiro christ;https://www.getyourguide.com/rio-de-janeiro-l9/rio-de-janeiro-christ-the-redeemer-by-train-and-city-tour-t852794/
Brasil;vale-dos-vinhedos-l239643;1192850;City of alto feliz don guerino and;https://www.getyourguide.com/vale-dos-vinhedos-l239643/city-of-alto-feliz-don-guerino-and-the-flavors-of-the-serra-t1192850/
Brasil;lencois-l32549;874944;Chapada highlights caves pratinha and camel hill;https://www.getyourguide.com/lencois-l32549/chapada-highlights-caves-pratinha-and-camel-hill-t874944/
Brasil;rio-de-janeiro-l9;938135;Rio de janeiro paragliding flight;https://www.getyourguide.com/rio-de-janeiro-l9/rio-de-janeiro-paragliding-flight-t938135/
Brasil;florianopolis-l246;1268617;Florianopolis pirate ship ride with anhatomirim;https://www.getyourguide.com/florianopolis-l246/florianopolis-pirate-ship-ride-with-anhatomirim-tour-t1268617/
Brasil;barreirinhas-l105727;1041917;Lagoa bonita route and lencois sand dunes;https://www.getyourguide.com/barreirinhas-l105727/lagoa-bonita-route-and-lencois-sand-dunes-t1041917/
Brasil;rio-de-janeiro-l9;1289308;Rio de janeiro sugarloaf mountain and historical city;https://www.getyourguide.com/rio-de-janeiro-l9/rio-de-janeiro-sugarloaf-mountain-and-historical-city-tour-t1289308/
Brasil;chapada-dos-guimaraes-l222401;1091825;Chapada dos guimaraes;https://www.getyourguide.com/chapada-dos-guimaraes-l222401/chapada-dos-guimaraes-trekking-on-morro-de-sao-jeronimo-t1091825/
Brasil;rio-de-janeiro-l9;1127825;Rio de janeiro guided visit;https://www.getyourguide.com/rio-de-janeiro-l9/rio-de-janeiro-guided-visit-to-wineries-with-wine-tasting-t1127825/
Brasil;maceio-l2064;1148356;Maceio city;https://www.getyourguide.com/maceio-l2064/maceio-city-tour-t1148356/
Brasil;rio-de-janeiro-l9;41505;Rio discover;https://www.getyourguide.com/rio-de-janeiro-l9/rio-discover-tijuca-forest-hike-to-peaks-caves-falls-t41505/
Brasil;florianopolis-l246;620080;Florianopolis vip;https://www.getyourguide.com/florianopolis-l246/florianopolis-vip-tour-private-drive-local-guide-t620080/
Brasil;rio-de-janeiro-l9;383919;Rio de janeiro rio scenarium entrance dinner and open bar;https://www.getyourguide.com/rio-de-janeiro-l9/rio-de-janeiro-rio-scenarium-entrance-dinner-and-open-bar-t383919/
Brasil;paraty-l1845;410014;Paraty pico pao de acucar;https://www.getyourguide.com/paraty-l1845/paraty-pico-pao-de-acucar-trekking-hiking-t410014/
Brasil;rio-de-janeiro-l9;411222;From copacabana 1 day private;https://www.getyourguide.com/rio-de-janeiro-l9/from-copacabana-1-day-private-tour-of-coffee-valley-t411222/
Brasil;rio-de-janeiro-l9;496675;From graffiti;https://www.getyourguide.com/rio-de-janeiro-l9/from-graffiti-to-history-exploring-rio-street-art-culture-t496675/
Brasil;florianopolis-l246;620239;Floripa cinematic kayak sup;https://www.getyourguide.com/florianopolis-l246/floripa-cinematic-kayak-sup-to-secret-beach-wildlife-t620239/
Brasil;barreirinhas-l105727;779096;German speaking;https://www.getyourguide.com/barreirinhas-l105727/german-speaking-tour-guide-for-the-lencois-maranhenses-t779096/
Brasil;rio-de-janeiro-l9;865087;Gig rio de janeiro international airport;https://www.getyourguide.com/rio-de-janeiro-l9/gig-rio-de-janeiro-international-airport-to-abraao-village-in-ilha-grande-t865087/
Brasil;rio-de-janeiro-l9;890362;Rio de janeiro roxy dinner show with hotel pickup;https://www.getyourguide.com/rio-de-janeiro-l9/rio-de-janeiro-roxy-dinner-show-with-hotel-pickup-t890362/
Brasil;angra-dos-reis-l88183;977865;Angra dos reis super blue lagoon private speedboat;https://www.getyourguide.com/angra-dos-reis-l88183/angra-dos-reis-super-blue-lagoon-private-speedboat-tour-t977865/
Brasil;rio-de-janeiro-l9;1219010;Private;https://www.getyourguide.com/rio-de-janeiro-l9/private-tour-of-rio-de-janeiro-discover-rio-s-carnival-tickets-included-t1219010/
Brasil;sao-paulo-l384;1048632;Sao paulo historic downtown cultural walking;https://www.getyourguide.com/sao-paulo-l384/sao-paulo-historic-downtown-cultural-walking-tour-t1048632/
Brasil;cabo-frio-l121720;1272761;Cabo frio jet ski experience with panoramic;https://www.getyourguide.com/cabo-frio-l121720/cabo-frio-jet-ski-experience-with-panoramic-tour-t1272761/
Brasil;cabo-frio-l121720;1289201;Cabo frio guided hawaiian canoe experience;https://www.getyourguide.com/cabo-frio-l121720/cabo-frio-guided-hawaiian-canoe-experience-t1289201/
Brasil;rio-de-janeiro-l9;1114568;Photo;https://www.getyourguide.com/rio-de-janeiro-l9/photo-tour-of-rio-de-janeiro-s-old-tourist-spots-t1114568/
Brasil;rio-de-janeiro-l9;1249398;Rio de janeiro maracana zv experience;https://www.getyourguide.com/rio-de-janeiro-l9/rio-de-janeiro-maracana-zv-experience-t1249398/
Brasil;barreirinhas-l105727;496632;Transfer barreirinhas;https://www.getyourguide.com/barreirinhas-l105727/transfer-barreirinhas-to-parnaiba-t496632/
Brasil;rio-de-janeiro-l9;501295;Favela;https://www.getyourguide.com/rio-de-janeiro-l9/favela-tour-rocinha-t501295/
Brasil;porto-alegre-l32362;502016;Bento daytour privado vale vinhedos saindo de porto alegre;https://www.getyourguide.com/porto-alegre-l32362/bento-daytour-privado-vale-vinhedos-saindo-de-porto-alegre-t502016/
Brasil;rio-de-janeiro-l9;504535;Rio christ;https://www.getyourguide.com/rio-de-janeiro-l9/rio-christ-the-redeemer-by-train-and-sugarloaf-combo-tour-t504535/
Brasil;maceio-l2064;26864;Sao francisco river nature sanctuary boat;https://www.getyourguide.com/maceio-l2064/sao-francisco-river-nature-sanctuary-boat-trip-day-tour-t26864/
Brasil;rio-de-janeiro-l9;655162;Discover rocinha guided;https://www.getyourguide.com/rio-de-janeiro-l9/discover-rocinha-guided-tour-of-the-famous-favela-t655162/
Brasil;rio-de-janeiro-l9;674940;Favela santa marta walking;https://www.getyourguide.com/rio-de-janeiro-l9/favela-santa-marta-walking-tour-with-local-guide-t674940/
Brasil;natal-l2112;554965;Natal sunset with boat;https://www.getyourguide.com/natal-l2112/natal-sunset-with-boat-trip-at-potengi-river-t554965/
Brasil;rio-de-janeiro-l9;960427;Rio de janeiro paragliding experience at pedra bonita;https://www.getyourguide.com/rio-de-janeiro-l9/rio-de-janeiro-paragliding-experience-at-pedra-bonita-t960427/
Brasil;rio-de-janeiro-l9;1032009;Rio de janeiro 4 pubs draft beer finger foods sunset great for singles;https://www.getyourguide.com/rio-de-janeiro-l9/rio-de-janeiro-4-pubs-draft-beer-finger-foods-sunset-great-for-singles-t1032009/
Brasil;rio-de-janeiro-l9;791812;Rio de janeiro private customizable city highlights;https://www.getyourguide.com/rio-de-janeiro-l9/rio-de-janeiro-private-customizable-city-highlights-tour-t791812/
Brasil;rio-de-janeiro-l9;815412;Rio express private;https://www.getyourguide.com/rio-de-janeiro-l9/rio-express-private-t815412/
Brasil;barreirinhas-l105727;1119939;Lencois maranhenses atv;https://www.getyourguide.com/barreirinhas-l105727/lencois-maranhenses-atv-trail-to-the-blue-lagoon-t1119939/
Brasil;ubatuba-l192258;1181302;Boat;https://www.getyourguide.com/ubatuba-l192258/boat-tour-with-a-visit-to-anchieta-island-and-sete-fontes-beach-t1181302/
Brasil;sao-paulo-l384;975897;Red light district walking;https://www.getyourguide.com/sao-paulo-l384/red-light-district-walking-tour-t975897/
Brasil;florianopolis-l246;1139809;Cook and;https://www.getyourguide.com/florianopolis-l246/cook-and-taste-8-brazilian-recipes-in-florianopolis-t1139809/
Brasil;rio-de-janeiro-l9;1165310;Rio de janeiro pedra da gavea hike with;https://www.getyourguide.com/rio-de-janeiro-l9/rio-de-janeiro-pedra-da-gavea-hike-with-transfer-t1165310/
Brasil;sao-paulo-l384;369131;Sao paulo pinheiros food graffiti;https://www.getyourguide.com/sao-paulo-l384/sao-paulo-pinheiros-food-graffiti-tour-in-english-t369131/
Brasil;rio-de-janeiro-l9;388491;From rio de janeiro petropolis day;https://www.getyourguide.com/rio-de-janeiro-l9/from-rio-de-janeiro-petropolis-day-trip-with-optional-lunch-t388491/
Brasil;rio-de-janeiro-l9;390003;Rio de janeiro little africa heritage walking;https://www.getyourguide.com/rio-de-janeiro-l9/rio-de-janeiro-little-africa-heritage-walking-tour-t390003/
Brasil;barreirinhas-l105727;853390;Half day quad bike;https://www.getyourguide.com/barreirinhas-l105727/half-day-quad-bike-tour-in-the-small-lencois-t853390/
Brasil;jericoacoara-l105737;879744;Jericoacoara full day;https://www.getyourguide.com/jericoacoara-l105737/jericoacoara-full-day-tour-dunes-lagoons-vibrant-culture-t879744/
Brasil;rio-de-janeiro-l9;1016553;Maracana stadium;https://www.getyourguide.com/rio-de-janeiro-l9/maracana-stadium-tour-with-local-and-snack-drinks-t1016553/
Brasil;sao-paulo-l384;1059174;Liberdade strength resistance and silence;https://www.getyourguide.com/sao-paulo-l384/liberdade-strength-resistance-and-silence-t1059174/
Brasil;natal-l2112;1109326;Natal 4x4 natives route adventure and natural landscapes;https://www.getyourguide.com/natal-l2112/natal-4x4-natives-route-adventure-and-natural-landscapes-t1109326/
Brasil;gramado-l32317;822518;Gramado city;https://www.getyourguide.com/gramado-l32317/gramado-city-tour-private-discover-the-magic-of-gramado-t822518/
Brasil;rio-de-janeiro-l9;850311;Hidden gems;https://www.getyourguide.com/rio-de-janeiro-l9/hidden-gems-tour-of-rio-by-alan-denis-t850311/
Brasil;rio-de-janeiro-l9;862005;Vidigal favela;https://www.getyourguide.com/rio-de-janeiro-l9/vidigal-favela-tour-t862005/
Brasil;rio-de-janeiro-l9;894614;Pedra bonita;https://www.getyourguide.com/rio-de-janeiro-l9/pedra-bonita-trail-the-easiest-trail-with-a-beautiful-view-of-rio-t894614/
Brasil;rio-de-janeiro-l9;1222477;Mambo beach wild beaches of barra da;https://www.getyourguide.com/rio-de-janeiro-l9/mambo-beach-wild-beaches-of-barra-da-tijuca-t1222477/
Brasil;sao-paulo-l384;1240992;Sao paulo private jewish heritage synagogues 5h;https://www.getyourguide.com/sao-paulo-l384/sao-paulo-private-jewish-heritage-synagogues-5h-t1240992/
Brasil;rio-de-janeiro-l9;975476;Rio de janeiro sugarloaf cable car;https://www.getyourguide.com/rio-de-janeiro-l9/rio-de-janeiro-sugarloaf-cable-car-ticket-t975476/
Brasil;rio-de-janeiro-l9;1009127;Rio de janeiro historical and cultural walking;https://www.getyourguide.com/rio-de-janeiro-l9/rio-de-janeiro-historical-and-cultural-walking-tour-t1009127/
Brasil;angra-dos-reis-l88183;1036102;Angra dos reis speedboat;https://www.getyourguide.com/angra-dos-reis-l88183/angra-dos-reis-speedboat-tour-of-stunning-islands-t1036102/
Brasil;rio-de-janeiro-l9;1065476;Rio de janeiro christ;https://www.getyourguide.com/rio-de-janeiro-l9/rio-de-janeiro-christ-the-redeemer-tour-with-pickup-t1065476/
Brasil;rio-de-janeiro-l9;41613;Rio de janeiro half day rocinha favela walking;https://www.getyourguide.com/rio-de-janeiro-l9/rio-de-janeiro-half-day-rocinha-favela-walking-tour-t41613/
Brasil;rio-de-janeiro-l9;1118166;Yoga at pedra da gavea;https://www.getyourguide.com/rio-de-janeiro-l9/yoga-at-pedra-da-gavea-t1118166/
Brasil;barra-da-lagoa-l230903;1228348;Boat;https://www.getyourguide.com/barra-da-lagoa-l230903/boat-trip-to-campeche-island-and-conceicao-lagoon-t1228348/
Brasil;rio-de-janeiro-l9;54518;Pedra da gavea hiking;https://www.getyourguide.com/rio-de-janeiro-l9/pedra-da-gavea-hiking-tour-t54518/
Brasil;rio-de-janeiro-l9;149966;Rio de janeiro buzios full day;https://www.getyourguide.com/rio-de-janeiro-l9/rio-de-janeiro-buzios-full-day-trip-t149966/
Brasil;rio-de-janeiro-l9;389516;Rio de janeiro hippie fair half day walking;https://www.getyourguide.com/rio-de-janeiro-l9/rio-de-janeiro-hippie-fair-half-day-walking-tour-t389516/
Brasil;rio-de-janeiro-l9;554839;Unforgettable boat party;https://www.getyourguide.com/rio-de-janeiro-l9/unforgettable-boat-party-t554839/
Brasil;rio-de-janeiro-l9;655155;Guided excursion explore;https://www.getyourguide.com/rio-de-janeiro-l9/guided-excursion-explore-the-secrets-of-rocinha-t655155/
Brasil;angra-dos-reis-l88183;1038087;Angra dos reis dive into crystal clear waters;https://www.getyourguide.com/angra-dos-reis-l88183/angra-dos-reis-dive-into-crystal-clear-waters-t1038087/
Brasil;barreirinhas-l105727;1041916;Climb;https://www.getyourguide.com/barreirinhas-l105727/climb-the-dunes-and-swim-in-lagoa-bonita-t1041916/
Brasil;rio-de-janeiro-l9;824841;Rio de janeiro christ;https://www.getyourguide.com/rio-de-janeiro-l9/rio-de-janeiro-christ-the-redeemer-pao-de-acucar-guide-t824841/
Brasil;rio-de-janeiro-l9;1146116;Rio de janeiro sugarloaf mountain hike and climb;https://www.getyourguide.com/rio-de-janeiro-l9/rio-de-janeiro-sugarloaf-mountain-hike-and-climb-t1146116/
Brasil;balneario-camboriu-l32252;1164814;Balneario camboriu city;https://www.getyourguide.com/balneario-camboriu-l32252/balneario-camboriu-city-tour-with-lunch-and-cable-car-t1164814/
Brasil;sao-paulo-l384;938605;Sao paulo skip;https://www.getyourguide.com/sao-paulo-l384/sao-paulo-skip-the-line-museum-of-football-tour-w-tickets-t938605/
Brasil;rio-de-janeiro-l9;1135126;Rio de janeiro carioca 50;https://www.getyourguide.com/rio-de-janeiro-l9/rio-de-janeiro-carioca-50-tour-t1135126/
Brasil;rio-de-janeiro-l9;110671;Rio de janeiro maracana stadium behind;https://www.getyourguide.com/rio-de-janeiro-l9/rio-de-janeiro-maracana-stadium-behind-the-scenes-t110671/
Brasil;belo-horizonte-l32265;1170220;Brazil food crawl in belo horizonte markets and local flavor;https://www.getyourguide.com/belo-horizonte-l32265/brazil-food-crawl-in-belo-horizonte-markets-and-local-flavor-t1170220/
Brasil;sao-paulo-l384;1262751;One night in rooftops and nightclubs of sao paulo;https://www.getyourguide.com/sao-paulo-l384/one-night-in-rooftops-and-nightclubs-of-sao-paulo-t1262751/
Brasil;sao-paulo-l384;479217;Trilha pico do piuva e praia saco da mae maria;https://www.getyourguide.com/sao-paulo-l384/trilha-pico-do-piuva-e-praia-saco-da-mae-maria-t479217/
Brasil;cabo-frio-l121720;1290632;Private hawaiian canoe experience in cabo frio;https://www.getyourguide.com/cabo-frio-l121720/private-hawaiian-canoe-experience-in-cabo-frio-t1290632/
Brasil;rio-de-janeiro-l9;518610;Rio de janeiro rocinha favela group;https://www.getyourguide.com/rio-de-janeiro-l9/rio-de-janeiro-rocinha-favela-group-tour-local-guide-3-hour-t518610/
Brasil;rio-de-janeiro-l9;523493;Rocinha walking;https://www.getyourguide.com/rio-de-janeiro-l9/rocinha-walking-tour-t523493/
Brasil;fortaleza-l1863;675385;Discover lagoinha 1 day excursion;https://www.getyourguide.com/fortaleza-l1863/discover-lagoinha-1-day-excursion-t675385/
Brasil;fortaleza-l1863;676414;1 day itinerary in cumbuco ce;https://www.getyourguide.com/fortaleza-l1863/1-day-itinerary-in-cumbuco-ce-t676414/
Brasil;florianopolis-l246;723545;Private van;https://www.getyourguide.com/florianopolis-l246/private-van-transfer-to-balneario-camboriu-t723545/
Brasil;rio-de-janeiro-l9;497886;Private helicopter;https://www.getyourguide.com/rio-de-janeiro-l9/private-helicopter-tour-20-minutes-2-people-t497886/
Brasil;rio-de-janeiro-l9;941311;Rio de janeiro speedboat;https://www.getyourguide.com/rio-de-janeiro-l9/rio-de-janeiro-speedboat-tour-with-snacks-and-drinks-t941311/
Brasil;rio-de-janeiro-l9;595134;Surf lessons with local instructors in copacabanaipanema;https://www.getyourguide.com/rio-de-janeiro-l9/surf-lessons-with-local-instructors-in-copacabanaipanema-t595134/
Brasil;barreirinhas-l105727;792876;Full day combined;https://www.getyourguide.com/barreirinhas-l105727/full-day-combined-tour-lencois-maranhenses-lagoa-azul-lagoa-bonita-t792876/
Brasil;rio-de-janeiro-l9;1143436;Rio de janeiro catamaran;https://www.getyourguide.com/rio-de-janeiro-l9/rio-de-janeiro-catamaran-tour-of-guanabara-bay-t1143436/
Brasil;rio-de-janeiro-l9;1147043;Rio food crawl;https://www.getyourguide.com/rio-de-janeiro-l9/rio-food-crawl-tour-with-15-traditional-brazilian-tastings-t1147043/
Brasil;teresopolis-l154917;1155570;Teresopolis climbing;https://www.getyourguide.com/teresopolis-l154917/teresopolis-climbing-the-finger-of-god-t1155570/
Brasil;rio-de-janeiro-l9;1196388;Sitio dos macacos;https://www.getyourguide.com/rio-de-janeiro-l9/sitio-dos-macacos-trail-rocinha-t1196388/
Brasil;rio-de-janeiro-l9;863965;Transfer in rio de janeiro;https://www.getyourguide.com/rio-de-janeiro-l9/transfer-in-rio-de-janeiro-t863965/
Brasil;beberibe-l141901;879733;1 day itinerary visit 3 ceara beaches on a guided;https://www.getyourguide.com/beberibe-l141901/1-day-itinerary-visit-3-ceara-beaches-on-a-guided-tour-t879733/
Brasil;angra-dos-reis-l88183;1239903;Angra dos reis ilha grande private yacht;https://www.getyourguide.com/angra-dos-reis-l88183/angra-dos-reis-ilha-grande-private-yacht-tour-t1239903/
Brasil;rio-de-janeiro-l9;1279546;Downtown rio de janeiro sightseeing;https://www.getyourguide.com/rio-de-janeiro-l9/downtown-rio-de-janeiro-sightseeing-tour-t1279546/
Brasil;rio-de-janeiro-l9;1279790;Rio favela nightlife bars rooftop views live party;https://www.getyourguide.com/rio-de-janeiro-l9/rio-favela-nightlife-bars-rooftop-views-live-party-t1279790/
Brasil;rio-de-janeiro-l9;24493;Afternoon rio de janeiro walking;https://www.getyourguide.com/rio-de-janeiro-l9/afternoon-rio-de-janeiro-walking-tour-t24493/
Brasil;rio-de-janeiro-l9;54614;Christ redeemer statue;https://www.getyourguide.com/rio-de-janeiro-l9/christ-redeemer-statue-through-parque-lage-hiking-tour-t54614/
Brasil;jericoacoara-l105737;229207;Jericoacoara;https://www.getyourguide.com/jericoacoara-l105737/jericoacoara-tatajuba-beach-and-buggy-ride-t229207/
Brasil;parati-mirim-l214877;1191025;Paraty mamangua s sugarloaf hike with;https://www.getyourguide.com/parati-mirim-l214877/paraty-mamangua-s-sugarloaf-hike-with-taxiboat-and-transfer-t1191025/
Brasil;rio-de-janeiro-l9;1304354;Rio de janeiro;https://www.getyourguide.com/rio-de-janeiro-l9/rio-de-janeiro-tijuca-forest-mountain-biking-tour-t1304354/
Brasil;rio-de-janeiro-l9;1325150;Rio de janeiro private helicopter experience at christ;https://www.getyourguide.com/rio-de-janeiro-l9/rio-de-janeiro-private-helicopter-experience-at-christ-the-redeemer-t1325150/
Brasil;sao-paulo-l384;92859;Gru airport layover;https://www.getyourguide.com/sao-paulo-l384/gru-airport-layover-tour-of-sao-paulo-t92859/
Brasil;rio-de-janeiro-l9;655034;Rio de janeiro immersion in;https://www.getyourguide.com/rio-de-janeiro-l9/rio-de-janeiro-immersion-in-the-tijuca-forest-t655034/
Brasil;florianopolis-l246;723558;Florianopolis camboriu unipraias park with cable car ride;https://www.getyourguide.com/florianopolis-l246/florianopolis-camboriu-unipraias-park-with-cable-car-ride-t723558/
Brasil;rio-de-janeiro-l9;546585;Full day;https://www.getyourguide.com/rio-de-janeiro-l9/full-day-tour-to-angra-dos-reis-and-ilha-grande-t546585/
Brasil;rio-de-janeiro-l9;856747;Botafogo football match experience;https://www.getyourguide.com/rio-de-janeiro-l9/botafogo-football-match-experience-t856747/
Brasil;rio-de-janeiro-l9;861091;Rio de janeiro sailing sunset;https://www.getyourguide.com/rio-de-janeiro-l9/rio-de-janeiro-sailing-sunset-tour-with-snacks-and-drinks-t861091/
Brasil;blumenau-l100287;918700;Vale europeu city;https://www.getyourguide.com/blumenau-l100287/vale-europeu-city-tour-departing-from-balneario-camboriu-t918700/
Brasil;rio-de-janeiro-l9;961040;Ipanema beach yoga classes with sound healing;https://www.getyourguide.com/rio-de-janeiro-l9/ipanema-beach-yoga-classes-with-sound-healing-t961040/
Brasil;presidente-figueiredo-l109827;823397;Manaus waterfalls caves and natural pools;https://www.getyourguide.com/presidente-figueiredo-l109827/manaus-waterfalls-caves-and-natural-pools-t823397/
Brasil;maceio-l2064;1097382;Ipioca beach hibiscus beach club day;https://www.getyourguide.com/maceio-l2064/ipioca-beach-hibiscus-beach-club-day-trip-with-pickup-t1097382/
Brasil;rio-de-janeiro-l9;1115749;Rio de janeiro crystal clear natural pools in pedra branca park;https://www.getyourguide.com/rio-de-janeiro-l9/rio-de-janeiro-crystal-clear-natural-pools-in-pedra-branca-park-t1115749/
Brasil;canela-l117155;1193690;Caminhos de pedra in bento goncalves;https://www.getyourguide.com/canela-l117155/caminhos-de-pedra-in-bento-goncalves-tradition-that-is-lived-not-explained-t1193690/
Brasil;angra-dos-reis-l88183;974233;Angra dos reis private speedboat;https://www.getyourguide.com/angra-dos-reis-l88183/angra-dos-reis-private-speedboat-tour-with-a-barbecue-experience-on-board-t974233/
Brasil;rio-de-janeiro-l9;1082474;Pedra da gavea;https://www.getyourguide.com/rio-de-janeiro-l9/pedra-da-gavea-trail-wild-nature-landscapes-and-adventure-t1082474/
Brasil;rio-de-janeiro-l9;1254432;Rio de janeiro ultimate experience with barbecue open bar and jet ski on board;https://www.getyourguide.com/rio-de-janeiro-l9/rio-de-janeiro-ultimate-experience-with-barbecue-open-bar-and-jet-ski-on-board-t1254432/
Brasil;rio-de-janeiro-l9;1111079;Rio de janeiro santa;https://www.getyourguide.com/rio-de-janeiro-l9/rio-de-janeiro-santa-teresa-guided-tour-with-tram-ride-t1111079/
Brasil;maceio-l2064;1113657;Maceio day;https://www.getyourguide.com/maceio-l2064/maceio-day-trip-to-gunga-beach-t1113657/
Brasil;rio-de-janeiro-l9;1136202;Rio de janeiro;https://www.getyourguide.com/rio-de-janeiro-l9/rio-de-janeiro-tijuca-forest-and-pedra-bonita-tour-by-car-t1136202/
Brasil;maceio-l2064;1141101;Maceio ponta verde beach natural pools boat;https://www.getyourguide.com/maceio-l2064/maceio-ponta-verde-beach-natural-pools-boat-tour-t1141101/
Brasil;rio-de-janeiro-l9;96606;Rio 7 hour pedra da gavea hiking;https://www.getyourguide.com/rio-de-janeiro-l9/rio-7-hour-pedra-da-gavea-hiking-tour-t96606/
Brasil;aracatiba-l176554;425589;From aracatiba shared;https://www.getyourguide.com/aracatiba-l176554/from-aracatiba-shared-transfer-to-rio-de-janeiro-t425589/
Brasil;rio-de-janeiro-l9;468761;Rio de janeiro private custom;https://www.getyourguide.com/rio-de-janeiro-l9/rio-de-janeiro-private-custom-tour-with-a-local-guide-t468761/
Brasil;sao-paulo-l384;52359;Sao paulo 5 hour city;https://www.getyourguide.com/sao-paulo-l384/sao-paulo-5-hour-city-tour-t52359/
Brasil;rio-de-janeiro-l9;470217;Morning sailing;https://www.getyourguide.com/rio-de-janeiro-l9/morning-sailing-tour-in-rio-t470217/
Brasil;rio-de-janeiro-l9;532256;Passeio na pedra bonita e vista chinesa;https://www.getyourguide.com/rio-de-janeiro-l9/passeio-na-pedra-bonita-e-vista-chinesa-t532256/
Brasil;aracaju-l100614;548972;Tour;https://www.getyourguide.com/aracaju-l100614/tour-to-mangue-seco-t548972/
Brasil;porto-alegre-l32362;485803;Visit;https://www.getyourguide.com/porto-alegre-l32362/visit-the-canyons-in-south-of-brazil-on-a-2-days-tour-t485803/
Brasil;sao-paulo-l384;674796;Sao paulo best street food;https://www.getyourguide.com/sao-paulo-l384/sao-paulo-best-street-food-tour-with-a-local-guide-t674796/
Brasil;matelandia-l214878;923911;Foz do iguacu boat ride hike and helicopter;https://www.getyourguide.com/matelandia-l214878/foz-do-iguacu-boat-ride-hike-and-helicopter-tour-t923911/
Brasil;sao-paulo-l384;692537;Sao paulo shared group;https://www.getyourguide.com/sao-paulo-l384/sao-paulo-shared-group-tour-t692537/
Brasil;rio-de-janeiro-l9;951451;Shore excursion from rio de janeiro port downtown;https://www.getyourguide.com/rio-de-janeiro-l9/shore-excursion-from-rio-de-janeiro-port-downtown-tour-t951451/
Brasil;rio-de-janeiro-l9;757418;Explore santa;https://www.getyourguide.com/rio-de-janeiro-l9/explore-santa-teresa-walking-tour-t757418/
Brasil;barreirinhas-l105727;1042791;Explore rio preguicas vassouras mandacaru;https://www.getyourguide.com/barreirinhas-l105727/explore-rio-preguicas-vassouras-mandacaru-t1042791/
Brasil;natal-l2112;1099086;Praia da pipa;https://www.getyourguide.com/natal-l2112/praia-da-pipa-top-restaurants-seafood-night-strolls-t1099086/
Brasil;rio-de-janeiro-l9;1175136;Rio a fun walk;https://www.getyourguide.com/rio-de-janeiro-l9/rio-a-fun-walk-through-the-best-of-downtown-with-surprises-and-souvenirs-t1175136/
Brasil;maceio-l2064;955605;Sao francisco river mouth;https://www.getyourguide.com/maceio-l2064/sao-francisco-river-mouth-tour-t955605/
Brasil;rio-de-janeiro-l9;1188174;Rio de janeiro lapa pub crawl and nightlife;https://www.getyourguide.com/rio-de-janeiro-l9/rio-de-janeiro-lapa-pub-crawl-and-nightlife-tour-t1188174/
Brasil;rio-de-janeiro-l9;1084130;Rio de janeiro guided flamengo stadium and city;https://www.getyourguide.com/rio-de-janeiro-l9/rio-de-janeiro-guided-flamengo-stadium-and-city-tour-t1084130/
Brasil;natal-l2112;1290547;3hr natal food crawl redinha ginga com;https://www.getyourguide.com/natal-l2112/3hr-natal-food-crawl-redinha-ginga-com-tapioca-t1290547/
Brasil;natal-l2112;1111152;Northern coast sunset buggy route departing from natal;https://www.getyourguide.com/natal-l2112/northern-coast-sunset-buggy-route-departing-from-natal-t1111152/
Brasil;natal-l2112;1111964;Urca do;https://www.getyourguide.com/natal-l2112/urca-do-tubarao-distillery-tasting-and-tour-in-sao-miguel-t1111964/
Brasil;rio-de-janeiro-l9;24509;Full day;https://www.getyourguide.com/rio-de-janeiro-l9/full-day-to-petropolis-the-imperial-city-from-rio-de-janeiro-t24509/
Brasil;rio-de-janeiro-l9;1287504;Maracana stadium football match;https://www.getyourguide.com/rio-de-janeiro-l9/maracana-stadium-football-match-ticket-t1287504/
Brasil;sao-paulo-l384;461215;The brazilian switzerland full day;https://www.getyourguide.com/sao-paulo-l384/the-brazilian-switzerland-full-day-trip-campos-do-jordao-t461215/
Brasil;sao-paulo-l384;479233;Ubatuba praia brava de itamambuca;https://www.getyourguide.com/sao-paulo-l384/ubatuba-praia-brava-de-itamambuca-t479233/
Brasil;rio-de-janeiro-l9;532337;Lapa night life of rio de janeiro;https://www.getyourguide.com/rio-de-janeiro-l9/lapa-night-life-of-rio-de-janeiro-t532337/
Brasil;rio-de-janeiro-l9;115578;Rio half day with christ selaron steps sugarloaf sunset;https://www.getyourguide.com/rio-de-janeiro-l9/rio-half-day-with-christ-selaron-steps-sugarloaf-sunset-t115578/
Brasil;rio-de-janeiro-l9;595841;Pedra da gavea rj guide safety equipment;https://www.getyourguide.com/rio-de-janeiro-l9/pedra-da-gavea-rj-guide-safety-equipment-t595841/
Brasil;petropolis-l1831;644642;Petropolis unveiling;https://www.getyourguide.com/petropolis-l1831/petropolis-unveiling-the-imperial-city-private-day-trip-t644642/
Brasil;barreirinhas-l105727;683445;Private full day lencois maranhenses national park;https://www.getyourguide.com/barreirinhas-l105727/private-full-day-lencois-maranhenses-national-park-tour-t683445/
Brasil;rio-de-janeiro-l9;723035;Rio de janeiro urban bike;https://www.getyourguide.com/rio-de-janeiro-l9/rio-de-janeiro-urban-bike-tour-t723035/
Brasil;rio-de-janeiro-l9;839854;Niteroi oceanico caminho niemeyer mac;https://www.getyourguide.com/rio-de-janeiro-l9/niteroi-oceanico-caminho-niemeyer-mac-t839854/
Brasil;paripueira-l193609;667921;Maceio;https://www.getyourguide.com/paripueira-l193609/maceio-tour-to-paripueira-beach-t667921/
Brasil;rio-de-janeiro-l9;978778;Sail at sunset on a private sailboat in rio de janeiro;https://www.getyourguide.com/rio-de-janeiro-l9/sail-at-sunset-on-a-private-sailboat-in-rio-de-janeiro-t978778/
Brasil;barreirinhas-l105727;710491;Passeio quadriciclo e lancha combo full day;https://www.getyourguide.com/barreirinhas-l105727/passeio-quadriciclo-e-lancha-combo-full-day-t710491/
Brasil;rio-de-janeiro-l9;736236;Private vip paradise ilha grande speed boat from rio;https://www.getyourguide.com/rio-de-janeiro-l9/private-vip-paradise-ilha-grande-speed-boat-from-rio-t736236/
Brasil;barreirinhas-l105727;1041973;Atins circuit dunes lagoons canto beach stop;https://www.getyourguide.com/barreirinhas-l105727/atins-circuit-dunes-lagoons-canto-beach-stop-t1041973/
Brasil;rio-de-janeiro-l9;757403;Guided;https://www.getyourguide.com/rio-de-janeiro-l9/guided-tour-corcovado-express-city-adventure-t757403/
Brasil;penha-l206944;1115632;Santa catarina aulas de surf voo duplo de parapente;https://www.getyourguide.com/penha-l206944/santa-catarina-aulas-de-surf-voo-duplo-de-parapente-t1115632/
Brasil;ouro-preto-l155573;1014661;Tour of historic cities in minas gerais;https://www.getyourguide.com/ouro-preto-l155573/tour-of-historic-cities-in-minas-gerais-t1014661/
Brasil;rio-de-janeiro-l9;1237957;Rio de janeiro maracana matchday inc;https://www.getyourguide.com/rio-de-janeiro-l9/rio-de-janeiro-maracana-matchday-inc-tour-guide-transport-and-ticket-t1237957/
Brasil;rio-de-janeiro-l9;1283728;Rio de janeiro maracana stadium football match experience;https://www.getyourguide.com/rio-de-janeiro-l9/rio-de-janeiro-maracana-stadium-football-match-experience-t1283728/
Brasil;acu-da-torre-l214898;1152622;Praia do forte and imbassai;https://www.getyourguide.com/acu-da-torre-l214898/praia-do-forte-and-imbassai-tour-of-the-beaches-of-bahia-s-north-coast-t1152622/
Brasil;rio-de-janeiro-l9;1197984;Rio de janeiro rocinha favela drone video;https://www.getyourguide.com/rio-de-janeiro-l9/rio-de-janeiro-rocinha-favela-drone-video-t1197984/
Brasil;niteroi-l34109;1202732;Rio de janeiro niteroi highlights day;https://www.getyourguide.com/niteroi-l34109/rio-de-janeiro-niteroi-highlights-day-trip-with-bbq-lunch-t1202732/
Brasil;rio-de-janeiro-l9;1213156;Rocinha favela;https://www.getyourguide.com/rio-de-janeiro-l9/rocinha-favela-tour-with-capoeira-show-and-a-view-of-morro-dos-irmaos-t1213156/
Brasil;rio-de-janeiro-l9;411983;Rio de janeiro airport gig one way;https://www.getyourguide.com/rio-de-janeiro-l9/rio-de-janeiro-airport-gig-one-way-transfer-to-south-rio-t411983/
Brasil;rio-de-janeiro-l9;1287712;Rio de janeiro private nature beach;https://www.getyourguide.com/rio-de-janeiro-l9/rio-de-janeiro-private-nature-beach-tour-with-lunch-t1287712/
Brasil;florianopolis-l246;521534;Florianopolis bike;https://www.getyourguide.com/florianopolis-l246/florianopolis-bike-tour-photography-history-street-food-t521534/
Brasil;rio-de-janeiro-l9;65229;Corcovado sugar loaf and beaches incl bbq lunch;https://www.getyourguide.com/rio-de-janeiro-l9/corcovado-sugar-loaf-and-beaches-incl-bbq-lunch-t65229/
Brasil;rio-de-janeiro-l9;83547;Rio de janeiro samba show dinner;https://www.getyourguide.com/rio-de-janeiro-l9/rio-de-janeiro-samba-show-dinner-t83547/
Brasil;florianopolis-l246;653083;Private;https://www.getyourguide.com/florianopolis-l246/private-transfer-from-florianopolis-to-balneario-camboriu-t653083/
Brasil;rio-de-janeiro-l9;389247;Rio de janeiro downtown walking;https://www.getyourguide.com/rio-de-janeiro-l9/rio-de-janeiro-downtown-walking-tour-t389247/
Brasil;porto-seguro-l126793;794462;Porto seguro upper city and coroa vermelha;https://www.getyourguide.com/porto-seguro-l126793/porto-seguro-upper-city-and-coroa-vermelha-tour-t794462/
Brasil;recife-l1836;551099;Recife;https://www.getyourguide.com/recife-l1836/recife-tour-to-carneiros-with-catamaran-ride-t551099/
Brasil;rio-de-janeiro-l9;949543;Rio de janeiro private sailing experience in;https://www.getyourguide.com/rio-de-janeiro-l9/rio-de-janeiro-private-sailing-experience-in-the-marvelous-city-t949543/
Brasil;angra-dos-reis-l88183;1040989;Rafting with guide on mambucaba and native forest;https://www.getyourguide.com/angra-dos-reis-l88183/rafting-with-guide-on-mambucaba-and-native-forest-trail-t1040989/
Brasil;rio-de-janeiro-l9;1083268;Rodizio dinner with private;https://www.getyourguide.com/rio-de-janeiro-l9/rodizio-dinner-with-private-transfer-in-rio-de-janeiro-t1083268/
Brasil;rio-de-janeiro-l9;1140589;Rio de janeiro fifa street court favela;https://www.getyourguide.com/rio-de-janeiro-l9/rio-de-janeiro-fifa-street-court-favela-tour-t1140589/
Brasil;rio-de-janeiro-l9;1030065;Rio de janeiro private customizable jeep;https://www.getyourguide.com/rio-de-janeiro-l9/rio-de-janeiro-private-customizable-jeep-tour-t1030065/
Brasil;rio-de-janeiro-l9;1091315;Rio de janeiro carnival festival package 2026;https://www.getyourguide.com/rio-de-janeiro-l9/rio-de-janeiro-carnival-festival-package-2026-t1091315/
Brasil;rio-de-janeiro-l9;1129328;Rio de janeiro complete early morning city;https://www.getyourguide.com/rio-de-janeiro-l9/rio-de-janeiro-complete-early-morning-city-tour-with-photos-t1129328/
Brasil;rio-de-janeiro-l9;1316612;Guided hike;https://www.getyourguide.com/rio-de-janeiro-l9/guided-hike-to-the-two-brothers-hill-morro-dois-irmaos-stunning-view-of-rio-t1316612/
Brasil;sao-paulo-l384;291785;Sao paulo history center walking;https://www.getyourguide.com/sao-paulo-l384/sao-paulo-history-center-walking-tour-t291785/
Brasil;rio-de-janeiro-l9;467632;Carnival experience;https://www.getyourguide.com/rio-de-janeiro-l9/carnival-experience-t467632/
Brasil;rio-de-janeiro-l9;546226;From rio de janeiro arraial do cabo island day;https://www.getyourguide.com/rio-de-janeiro-l9/from-rio-de-janeiro-arraial-do-cabo-island-day-trip-t546226/
Brasil;rio-de-janeiro-l9;83328;Sugarloaf;https://www.getyourguide.com/rio-de-janeiro-l9/sugarloaf-tickets-rio-de-janeiro-sightseeing-tour-t83328/
Brasil;rio-de-janeiro-l9;404839;Rio de janeiro;https://www.getyourguide.com/rio-de-janeiro-l9/rio-de-janeiro-tijuca-forest-waterfall-of-souls-hike-t404839/
Brasil;rio-de-janeiro-l9;695234;Latin music dance class djs 2 free drinks;https://www.getyourguide.com/rio-de-janeiro-l9/latin-music-dance-class-djs-2-free-drinks-t695234/
Brasil;rio-de-janeiro-l9;755697;From rio de janeiro;https://www.getyourguide.com/rio-de-janeiro-l9/from-rio-de-janeiro-tour-discovers-buzios-in-buggy-t755697/
Brasil;porto-de-galinhas-l32612;490023;Tour for porto de galinhas departure from recife;https://www.getyourguide.com/porto-de-galinhas-l32612/tour-for-porto-de-galinhas-departure-from-recife-t490023/
Brasil;rio-de-janeiro-l9;527937;Aventurismo pao de acucar;https://www.getyourguide.com/rio-de-janeiro-l9/aventurismo-pao-de-acucar-t527937/
Brasil;morro-de-sao-paulo-l116740;637347;Salvador private;https://www.getyourguide.com/morro-de-sao-paulo-l116740/salvador-private-transfer-in-out-airport-t637347/
Brasil;rio-de-janeiro-l9;800093;Rio de janeiro sitio roberto burle marx guided;https://www.getyourguide.com/rio-de-janeiro-l9/rio-de-janeiro-sitio-roberto-burle-marx-guided-tour-t800093/
Brasil;januaria-l250975;1111188;Januaria boat;https://www.getyourguide.com/januaria-l250975/januaria-boat-trip-on-the-sao-francisco-river-t1111188/
Brasil;rio-de-janeiro-l9;962544;Music lessons in rio de janeiro samba choro mpb;https://www.getyourguide.com/rio-de-janeiro-l9/music-lessons-in-rio-de-janeiro-samba-choro-mpb-t962544/
Brasil;florianopolis-l246;1072906;Porto alegre 7 day private;https://www.getyourguide.com/florianopolis-l246/porto-alegre-7-day-private-tour-south-brazilian-odyssey-t1072906/
Brasil;rio-de-janeiro-l9;1256225;Niteroi highlights of;https://www.getyourguide.com/rio-de-janeiro-l9/niteroi-highlights-of-the-city-of-smiles-with-lunch-included-t1256225/
Brasil;rio-de-janeiro-l9;1174073;Waterfalls nature in serra dos orgaos rio de janeiro;https://www.getyourguide.com/rio-de-janeiro-l9/waterfalls-nature-in-serra-dos-orgaos-rio-de-janeiro-tour-t1174073/
Brasil;bento-goncalves-l117160;1193990;Bento goncalves;https://www.getyourguide.com/bento-goncalves-l117160/bento-goncalves-the-italian-heritage-in-the-present-t1193990/
Brasil;rio-de-janeiro-l9;1215976;Niteroi rio de janeiro paragliding;https://www.getyourguide.com/rio-de-janeiro-l9/niteroi-rio-de-janeiro-paragliding-tandem-flight-over-parque-da-cidade-city-park-t1215976/
Brasil;rio-de-janeiro-l9;469864;Rio christ;https://www.getyourguide.com/rio-de-janeiro-l9/rio-christ-the-redeemer-and-sunset-at-sugarloaf-mountain-t469864/
Brasil;sao-paulo-l384;417876;Sao paulo city highlights and lgbtqia scene private;https://www.getyourguide.com/sao-paulo-l384/sao-paulo-city-highlights-and-lgbtqia-scene-private-tour-t417876/
Brasil;rio-de-janeiro-l9;456452;Rio de janeiro sunset sailboat;https://www.getyourguide.com/rio-de-janeiro-l9/rio-de-janeiro-sunset-sailboat-tour-with-drinks-t456452/
Brasil;sao-paulo-l384;482244;Sao paulo city;https://www.getyourguide.com/sao-paulo-l384/sao-paulo-city-tour-t482244/
Brasil;rio-de-janeiro-l9;737508;Pedra do;https://www.getyourguide.com/rio-de-janeiro-l9/pedra-do-telegrafo-hike-and-beach-exploration-t737508/
Brasil;rio-de-janeiro-l9;788181;A walk in;https://www.getyourguide.com/rio-de-janeiro-l9/a-walk-in-the-rocinha-favela-women-leading-the-way-t788181/
Brasil;rio-de-janeiro-l9;834864;Wakeboarding experience in;https://www.getyourguide.com/rio-de-janeiro-l9/wakeboarding-experience-in-the-south-zone-of-rio-de-janeiro-t834864/
Brasil;fortaleza-l1863;676416;Exploring cumbuco 1 day adventure;https://www.getyourguide.com/fortaleza-l1863/exploring-cumbuco-1-day-adventure-t676416/
Brasil;maragogi-l122555;960121;Tour;https://www.getyourguide.com/maragogi-l122555/tour-to-the-natural-pools-of-maragogi-t960121/
Brasil;rio-de-janeiro-l9;707982;Rio de janeiro;https://www.getyourguide.com/rio-de-janeiro-l9/rio-de-janeiro-telegrafo-rock-hike-with-optional-beach-stop-t707982/
Brasil;paraty-l1845;1084758;Boat;https://www.getyourguide.com/paraty-l1845/boat-trip-in-paraty-t1084758/
Brasil;rio-de-janeiro-l9;847527;Tropical wonders discover rio s jardim botanico;https://www.getyourguide.com/rio-de-janeiro-l9/tropical-wonders-discover-rio-s-jardim-botanico-tijuca-t847527/
Brasil;sao-miguel-dos-milagres-l98856;912013;Check out;https://www.getyourguide.com/sao-miguel-dos-milagres-l98856/check-out-the-sao-miguel-dos-milagres-tour-t912013/
Brasil;rio-de-janeiro-l9;1082472;Pedra da gavea;https://www.getyourguide.com/rio-de-janeiro-l9/pedra-da-gavea-trail-easy-climb-and-breathtaking-panoramas-t1082472/
Brasil;paraty-l1845;1141595;Paraty waterfalls distillery and cheese;https://www.getyourguide.com/paraty-l1845/paraty-waterfalls-distillery-and-cheese-tasting-tour-t1141595/
Brasil;iranduba-l215937;1150042;Manaus riverside experience;https://www.getyourguide.com/iranduba-l215937/manaus-riverside-experience-tour-fishing-connection-and-lunch-included-t1150042/
Brasil;niteroi-l34109;1154924;Niteroi climbing at costao de itacoatiara;https://www.getyourguide.com/niteroi-l34109/niteroi-climbing-at-costao-de-itacoatiara-t1154924/
Brasil;rio-de-janeiro-l9;413100;Rio museum of;https://www.getyourguide.com/rio-de-janeiro-l9/rio-museum-of-tomorrow-aquario-and-olympic-boulevard-t413100/
Brasil;rio-de-janeiro-l9;1214318;Afro brazilian rio understanding racial history in rio;https://www.getyourguide.com/rio-de-janeiro-l9/afro-brazilian-rio-understanding-racial-history-in-rio-t1214318/
Brasil;rio-de-janeiro-l9;437380;Skip;https://www.getyourguide.com/rio-de-janeiro-l9/skip-the-line-sugar-loaf-city-private-tour-fast-pass-t437380/
Brasil;rio-de-janeiro-l9;1239822;Bico do papagaio hike waterfalls views in;https://www.getyourguide.com/rio-de-janeiro-l9/bico-do-papagaio-hike-waterfalls-views-in-tijuca-park-t1239822/
Brasil;balneario-camboriu-l32252;1266155;Balneario camboriu cristo luz entry;https://www.getyourguide.com/balneario-camboriu-l32252/balneario-camboriu-cristo-luz-entry-ticket-t1266155/
Brasil;rio-de-janeiro-l9;1331231;Rio de janeiro pre ball rooftop party and rio funk experience in rocinha;https://www.getyourguide.com/rio-de-janeiro-l9/rio-de-janeiro-pre-ball-rooftop-party-and-rio-funk-experience-in-rocinha-t1331231/
Brasil;rio-de-janeiro-l9;28597;Rio de janeiro samba class in copacabana;https://www.getyourguide.com/rio-de-janeiro-l9/rio-de-janeiro-samba-class-in-copacabana-t28597/
Brasil;barreirinhas-l105727;801723;Cabure boat;https://www.getyourguide.com/barreirinhas-l105727/cabure-boat-tour-on-the-rio-preguicas-t801723/
Brasil;rio-de-janeiro-l9;453194;Be safe a;https://www.getyourguide.com/rio-de-janeiro-l9/be-safe-a-transfer-with-safety-and-comfort-in-rio-t453194/
Brasil;rio-de-janeiro-l9;479871;Rio ginga;https://www.getyourguide.com/rio-de-janeiro-l9/rio-ginga-tropical-samba-and-folklore-show-ticket-t479871/
Brasil;rio-de-janeiro-l9;929465;Rio de janeiro garganta do ceu guided hike in gavea;https://www.getyourguide.com/rio-de-janeiro-l9/rio-de-janeiro-garganta-do-ceu-guided-hike-in-gavea-t929465/
Brasil;sao-paulo-l384;938101;Pinacoteca do estado de sao pauloskip;https://www.getyourguide.com/sao-paulo-l384/pinacoteca-do-estado-de-sao-pauloskip-the-line-private-tour-t938101/
Brasil;florianopolis-l246;1071056;Windsurfing lesson in florianopolis north of;https://www.getyourguide.com/florianopolis-l246/windsurfing-lesson-in-florianopolis-north-of-the-island-t1071056/
Brasil;rio-de-janeiro-l9;1136956;Rio de janeiro porto maravilha photo;https://www.getyourguide.com/rio-de-janeiro-l9/rio-de-janeiro-porto-maravilha-photo-tour-with-photos-t1136956/
Brasil;rio-de-janeiro-l9;1269906;Rio little africa walking;https://www.getyourguide.com/rio-de-janeiro-l9/rio-little-africa-walking-tour-with-cultural-immersion-t1269906/
Brasil;guarulhos-l150643;1006566;Pullman guarulhos base barbecue barbecue on;https://www.getyourguide.com/guarulhos-l150643/pullman-guarulhos-base-barbecue-barbecue-on-the-grill-t1006566/
Brasil;jericoacoara-l105737;1326320;Buggy;https://www.getyourguide.com/jericoacoara-l105737/buggy-tour-of-the-west-coast-of-jericoacoara-t1326320/
Brasil;rio-de-janeiro-l9;1083317;Brazilian wine;https://www.getyourguide.com/rio-de-janeiro-l9/brazilian-wine-tasting-night-exclusive-selection-t1083317/
Brasil;rio-de-janeiro-l9;1098927;Full day in ilha grande by boat;https://www.getyourguide.com/rio-de-janeiro-l9/full-day-in-ilha-grande-by-boat-t1098927/
Brasil;rio-de-janeiro-l9;1109213;Rio de janeiro panoramic flight without doors with 360o camera recording;https://www.getyourguide.com/rio-de-janeiro-l9/rio-de-janeiro-panoramic-flight-without-doors-with-360o-camera-recording-t1109213/
Brasil;rio-de-janeiro-l9;1127767;Rio cultural immersion at an old coffee plantation;https://www.getyourguide.com/rio-de-janeiro-l9/rio-cultural-immersion-at-an-old-coffee-plantation-t1127767/
Brasil;natal-l2112;292250;From natal pipa beach full day excursion;https://www.getyourguide.com/natal-l2112/from-natal-pipa-beach-full-day-excursion-t292250/
Brasil;rio-de-janeiro-l9;460563;Rio by night cachaca s;https://www.getyourguide.com/rio-de-janeiro-l9/rio-by-night-cachaca-s-taste-caipirinha-class-and-samba-t460563/
Brasil;rio-de-janeiro-l9;1245822;Rio dance in;https://www.getyourguide.com/rio-de-janeiro-l9/rio-dance-in-the-favela-with-a-local-guide-complimentary-lemon-caipirinha-t1245822/
Brasil;rio-de-janeiro-l9;1263575;Rio de janeiro sup waterfall adventure experience;https://www.getyourguide.com/rio-de-janeiro-l9/rio-de-janeiro-sup-waterfall-adventure-experience-t1263575/
Brasil;rio-de-janeiro-l9;12286;Rio de janeiro 9 recipe boozy brazilian cooking class;https://www.getyourguide.com/rio-de-janeiro-l9/rio-de-janeiro-9-recipe-boozy-brazilian-cooking-class-t12286/
Brasil;rio-de-janeiro-l9;282522;Rio de janeiro shuttle;https://www.getyourguide.com/rio-de-janeiro-l9/rio-de-janeiro-shuttle-transfer-to-ilha-grande-t282522/
Brasil;rio-de-janeiro-l9;768268;Sacramento private driverguide in rio;https://www.getyourguide.com/rio-de-janeiro-l9/sacramento-private-driverguide-in-rio-t768268/
Brasil;rio-de-janeiro-l9;800176;Rio de janeiro 45 min helicopter;https://www.getyourguide.com/rio-de-janeiro-l9/rio-de-janeiro-45-min-helicopter-tour-with-transfer-t800176/
Brasil;petropolis-l1831;400183;Rio de janeiro petropolis city;https://www.getyourguide.com/petropolis-l1831/rio-de-janeiro-petropolis-city-tour-t400183/
Brasil;rio-de-janeiro-l9;410082;Rio de janeiro;https://www.getyourguide.com/rio-de-janeiro-l9/rio-de-janeiro-tijuca-forest-botanical-garden-guided-tour-t410082/
Brasil;fortaleza-l1863;901875;Fortaleza panoramic city;https://www.getyourguide.com/fortaleza-l1863/fortaleza-panoramic-city-tour-with-cumbuco-beach-stop-t901875/
Brasil;jericoacoara-l105737;1001803;East coast shared;https://www.getyourguide.com/jericoacoara-l105737/east-coast-shared-tour-lagoons-dunes-t1001803/
Brasil;teresopolis-l154917;671596;Hiking adventure in serra dos orgaos national park from rio;https://www.getyourguide.com/teresopolis-l154917/hiking-adventure-in-serra-dos-orgaos-national-park-from-rio-t671596/
Brasil;rio-de-janeiro-l9;686537;Rio premium;https://www.getyourguide.com/rio-de-janeiro-l9/rio-premium-tour-christ-sugarloaf-maracana-and-more-t686537/
Brasil;rio-de-janeiro-l9;721851;Rio de janeiro christ;https://www.getyourguide.com/rio-de-janeiro-l9/rio-de-janeiro-christ-the-redeemer-sugarloaf-and-lunch-t721851/
Brasil;rio-de-janeiro-l9;1122711;Rio de janeiro unmissable party at substation club;https://www.getyourguide.com/rio-de-janeiro-l9/rio-de-janeiro-unmissable-party-at-substation-club-t1122711/
Brasil;rio-de-janeiro-l9;763422;Rio de janeiro heicopter flight without doors;https://www.getyourguide.com/rio-de-janeiro-l9/rio-de-janeiro-heicopter-flight-without-doors-t763422/
Brasil;rio-de-janeiro-l9;779091;Rio de janeiro brazilian music at rio scenarium with dinner;https://www.getyourguide.com/rio-de-janeiro-l9/rio-de-janeiro-brazilian-music-at-rio-scenarium-with-dinner-t779091/
Brasil;ubatuba-l192258;1130177;Ubatuba 3 ilhas boat;https://www.getyourguide.com/ubatuba-l192258/ubatuba-3-ilhas-boat-tour-couves-rachada-prumirim-t1130177/
Brasil;rio-de-janeiro-l9;1131572;Rio de janeiro sugarloaf mountain hiking and climbing;https://www.getyourguide.com/rio-de-janeiro-l9/rio-de-janeiro-sugarloaf-mountain-hiking-and-climbing-t1131572/
Brasil;rio-de-janeiro-l9;1182529;Rio de janeiro serra dos orgaos park day;https://www.getyourguide.com/rio-de-janeiro-l9/rio-de-janeiro-serra-dos-orgaos-park-day-trip-lunch-t1182529/
Brasil;rio-de-janeiro-l9;1188098;Rio de janeiro paragliding chinese viewpoint emperor s;https://www.getyourguide.com/rio-de-janeiro-l9/rio-de-janeiro-paragliding-chinese-viewpoint-emperor-s-table-and-waterfall-t1188098/
Brasil;rio-de-janeiro-l9;955186;Dois irmaos;https://www.getyourguide.com/rio-de-janeiro-l9/dois-irmaos-trail-at-dawn-enjoy-an-unforgettable-view-of-rio-t955186/
Brasil;rio-de-janeiro-l9;1313682;Rio sunrise hike;https://www.getyourguide.com/rio-de-janeiro-l9/rio-sunrise-hike-two-brothers-hill-morro-dois-irmaos-vidigal-beach-experience-t1313682/
Brasil;rio-de-janeiro-l9;1074608;Favela vidigal bar;https://www.getyourguide.com/rio-de-janeiro-l9/favela-vidigal-bar-tour-viewpoint-and-bar-da-laje-t1074608/
Brasil;rio-de-janeiro-l9;6481;Christ;https://www.getyourguide.com/rio-de-janeiro-l9/christ-the-redeemer-sugar-loaf-mountain-maracana-by-train-t6481/
Brasil;rio-de-janeiro-l9;1147215;Rio de janeiro abrico beach;https://www.getyourguide.com/rio-de-janeiro-l9/rio-de-janeiro-abrico-beach-transfers-day-use-with-bangolo-and-sparkling-wine-t1147215/
Brasil;galinhos-l145686;554971;Natal;https://www.getyourguide.com/galinhos-l145686/natal-tour-to-galinhos-t554971/
Brasil;porto-seguro-l126793;740793;Descubra;https://www.getyourguide.com/porto-seguro-l126793/descubra-trancoso-passeio-guiado-inesquecivel-t740793/
Brasil;rio-de-janeiro-l9;463518;Rio maracana stadium match day soccer experience flamengo;https://www.getyourguide.com/rio-de-janeiro-l9/rio-maracana-stadium-match-day-soccer-experience-flamengo-t463518/
Brasil;rio-de-janeiro-l9;923962;Rio de janeiro downtown walking;https://www.getyourguide.com/rio-de-janeiro-l9/rio-de-janeiro-downtown-walking-tour-with-cruise-tickets-t923962/
Brasil;rio-de-janeiro-l9;546054;Rio;https://www.getyourguide.com/rio-de-janeiro-l9/rio-tijuca-rainforest-waterfalls-caves-hike-t546054/
Brasil;rio-de-janeiro-l9;569467;Strike a pose;https://www.getyourguide.com/rio-de-janeiro-l9/strike-a-pose-the-rio-photo-tour-t569467/
Brasil;rio-de-janeiro-l9;769509;Rio de janeiro passeio de jeep na floresta da;https://www.getyourguide.com/rio-de-janeiro-l9/rio-de-janeiro-passeio-de-jeep-na-floresta-da-tijuca-t769509/
Brasil;rio-de-janeiro-l9;774079;2 days private;https://www.getyourguide.com/rio-de-janeiro-l9/2-days-private-tour-in-rio-de-janeiro-t774079/
Brasil;sao-paulo-l384;806887;Corinthians football game experience;https://www.getyourguide.com/sao-paulo-l384/corinthians-football-game-experience-t806887/
Brasil;sao-paulo-l384;1170191;Discover brazilian foods and drinks on sao paulo food crawl;https://www.getyourguide.com/sao-paulo-l384/discover-brazilian-foods-and-drinks-on-sao-paulo-food-crawl-t1170191/
Brasil;rio-de-janeiro-l9;870664;Um dia no rioone day in rio;https://www.getyourguide.com/rio-de-janeiro-l9/um-dia-no-rioone-day-in-rio-t870664/
Brasil;rio-de-janeiro-l9;1254286;Rio de janeiro private bbq party boat with open bar 5 hours;https://www.getyourguide.com/rio-de-janeiro-l9/rio-de-janeiro-private-bbq-party-boat-with-open-bar-5-hours-t1254286/
Brasil;florianopolis-l246;988625;Florianopolis;https://www.getyourguide.com/florianopolis-l246/florianopolis-tourism-photography-on-the-island-t988625/
Brasil;rio-de-janeiro-l9;1302199;Rio as you wish private;https://www.getyourguide.com/rio-de-janeiro-l9/rio-as-you-wish-private-tour-with-an-experienced-guide-in-german-t1302199/
Brasil;parnaiba-l194334;613278;Tour parnaiba delta revoada dos guaras circuit;https://www.getyourguide.com/parnaiba-l194334/tour-parnaiba-delta-revoada-dos-guaras-circuit-t613278/
Brasil;rio-de-janeiro-l9;1330915;Capybaras rodrigo de freitas lagoon paddle boat;https://www.getyourguide.com/rio-de-janeiro-l9/capybaras-rodrigo-de-freitas-lagoon-paddle-boat-tour-t1330915/
Brasil;recife-l1836;643738;Private;https://www.getyourguide.com/recife-l1836/private-transfer-from-recife-to-carneiros-beach-t643738/
Brasil;maceio-l2064;663856;Shared;https://www.getyourguide.com/maceio-l2064/shared-transfer-from-maceio-to-sao-miguel-dos-milagres-t663856/
Brasil;rio-de-janeiro-l9;723317;Gigsdu airport;https://www.getyourguide.com/rio-de-janeiro-l9/gigsdu-airport-transfer-to-hotel-or-return-from-hotel-t723317/
Brasil;rio-de-janeiro-l9;371126;Rocinha favela walking;https://www.getyourguide.com/rio-de-janeiro-l9/rocinha-favela-walking-tour-t371126/
Brasil;rio-de-janeiro-l9;389509;Rio de janeiro museum of;https://www.getyourguide.com/rio-de-janeiro-l9/rio-de-janeiro-museum-of-tomorrow-and-olympic-boulevard-t389509/
Brasil;rio-de-janeiro-l9;515716;Rio de janeiro historical downtown and lapa walking;https://www.getyourguide.com/rio-de-janeiro-l9/rio-de-janeiro-historical-downtown-and-lapa-walking-tour-t515716/
Brasil;cachoeiras-de-macacu-l208627;975976;From rio 4 day eco;https://www.getyourguide.com/cachoeiras-de-macacu-l208627/from-rio-4-day-eco-tourism-retreat-with-transfers-cabins-t975976/
Brasil;sao-paulo-l384;602016;Special;https://www.getyourguide.com/sao-paulo-l384/special-tour-8-hour-walking-tour-nightlife--t602016/
Brasil;rio-de-janeiro-l9;1074610;Favela vidigal bar;https://www.getyourguide.com/rio-de-janeiro-l9/favela-vidigal-bar-tour-bar-da-laje-and-view-t1074610/
Brasil;rio-de-janeiro-l9;1077570;Rio de janeiro salgueiro samba school rehearsal with guide;https://www.getyourguide.com/rio-de-janeiro-l9/rio-de-janeiro-salgueiro-samba-school-rehearsal-with-guide-t1077570/
Brasil;atins-l158343;707992;From barreirinhas 3 day;https://www.getyourguide.com/atins-l158343/from-barreirinhas-3-day-trekking-tour-to-santo-amaro-t707992/
Brasil;rio-de-janeiro-l9;727214;Rio de janeiro;https://www.getyourguide.com/rio-de-janeiro-l9/rio-de-janeiro-two-brothers-sunrise-and-sunset-hike-vidigal-t727214/
Brasil;rio-de-janeiro-l9;769862;Gloria sunset speedboat cruise with drinks and snacks;https://www.getyourguide.com/rio-de-janeiro-l9/gloria-sunset-speedboat-cruise-with-drinks-and-snacks-t769862/
Brasil;fortaleza-l1863;788940;City;https://www.getyourguide.com/fortaleza-l1863/city-tour-and-praia-futuro-beach-t788940/
Brasil;rio-de-janeiro-l9;1176430;Rio de janeiro ipanema and arpoador sunset photoshoot;https://www.getyourguide.com/rio-de-janeiro-l9/rio-de-janeiro-ipanema-and-arpoador-sunset-photoshoot-t1176430/
Brasil;canela-l117155;1196467;Altos montes flores da cunha altitude wines and haute cuisine;https://www.getyourguide.com/canela-l117155/altos-montes-flores-da-cunha-altitude-wines-and-haute-cuisine-t1196467/
Brasil;angra-dos-reis-l88183;1221399;Ilha grande lopes mendes beach schooner;https://www.getyourguide.com/angra-dos-reis-l88183/ilha-grande-lopes-mendes-beach-schooner-tour-hike-t1221399/
Brasil;paraty-l1845;863115;Travessia juatinga;https://www.getyourguide.com/paraty-l1845/travessia-juatinga-trekking-4-days-atlantic-forest-and-beaches-paraty-rj-t863115/
Brasil;paraty-l1845;1233353;Shared speedboat;https://www.getyourguide.com/paraty-l1845/shared-speedboat-tour-of-6-islands-and-idyllic-beaches-in-paraty-t1233353/
Brasil;rio-de-janeiro-l9;905445;Rio de janeiro christ;https://www.getyourguide.com/rio-de-janeiro-l9/rio-de-janeiro-christ-the-redeemer-afro-brazilian-lunch-t905445/
Brasil;sao-paulo-l384;1304255;Maceio 9 islands;https://www.getyourguide.com/sao-paulo-l384/maceio-9-islands-tour-sunset-at-mundau-lagoon-t1304255/
Brasil;sao-sebastiao-l156225;1018653;Ilhabela brazil whale watching whale and marine animal watching;https://www.getyourguide.com/sao-sebastiao-l156225/ilhabela-brazil-whale-watching-whale-and-marine-animal-watching-t1018653/
Brasil;rio-de-janeiro-l9;1324842;Exclusive whale watching;https://www.getyourguide.com/rio-de-janeiro-l9/exclusive-whale-watching-tour-in-rio-de-janeiro-t1324842/
Brasil;rio-de-janeiro-l9;1084133;Rio flamengo stadium panoramic lookouts;https://www.getyourguide.com/rio-de-janeiro-l9/rio-flamengo-stadium-panoramic-lookouts-tour-t1084133/
Brasil;santos-l1708;393067;Santos guaruja private speedboat;https://www.getyourguide.com/santos-l1708/santos-guaruja-private-speedboat-tour-t393067/
Brasil;rio-de-janeiro-l9;796971;Rio de janeiro carnaval backstage;https://www.getyourguide.com/rio-de-janeiro-l9/rio-de-janeiro-carnaval-backstage-tour-and-samba-class-t796971/
Brasil;sao-paulo-l384;468775;Sao paulo private custom;https://www.getyourguide.com/sao-paulo-l384/sao-paulo-private-custom-tour-with-a-local-guide-t468775/
Brasil;rio-de-janeiro-l9;477801;Ticket aquario rio de janeiro;https://www.getyourguide.com/rio-de-janeiro-l9/ticket-aquario-rio-de-janeiro-t477801/
Brasil;angra-dos-reis-l88183;1037126;Speedboat;https://www.getyourguide.com/angra-dos-reis-l88183/speedboat-tour-blue-lagoon-in-angra-dos-reis-t1037126/
Brasil;angra-dos-reis-l88183;1037985;Nautical adventure in;https://www.getyourguide.com/angra-dos-reis-l88183/nautical-adventure-in-the-paradise-lagoons-of-ilha-grande-t1037985/
Brasil;rio-de-janeiro-l9;607324;Rio snorkel swim with;https://www.getyourguide.com/rio-de-janeiro-l9/rio-snorkel-swim-with-turtles-boat-tour-at-tijuca-islands-t607324/
Brasil;florianopolis-l246;1076760;Guided hike costa da lagoa with return by boat 4 hours;https://www.getyourguide.com/florianopolis-l246/guided-hike-costa-da-lagoa-with-return-by-boat-4-hours-t1076760/
Brasil;fortaleza-l1863;675255;From fortaleza jericoacoara full day;https://www.getyourguide.com/fortaleza-l1863/from-fortaleza-jericoacoara-full-day-trip-t675255/
Brasil;rio-de-janeiro-l9;1122598;Ceramic painting workshop in lagoa rio de janeiro;https://www.getyourguide.com/rio-de-janeiro-l9/ceramic-painting-workshop-in-lagoa-rio-de-janeiro-t1122598/
Brasil;rio-de-janeiro-l9;1218742;Rio de janeiro sunrise natural pool and wild beach;https://www.getyourguide.com/rio-de-janeiro-l9/rio-de-janeiro-sunrise-natural-pool-and-wild-beach-tour-t1218742/
Brasil;rio-de-janeiro-l9;1272938;Rio de janeiro;https://www.getyourguide.com/rio-de-janeiro-l9/rio-de-janeiro-two-brothers-hill-guided-sunrisesunset-hike-t1272938/
Brasil;rio-de-janeiro-l9;1308157;Rocinha favela unfiltered;https://www.getyourguide.com/rio-de-janeiro-l9/rocinha-favela-unfiltered-tour-motos-viewpoints-stories-t1308157/
Brasil;sao-paulo-l384;34894;Sao paulo architecture;https://www.getyourguide.com/sao-paulo-l384/sao-paulo-architecture-tour-t34894/
Brasil;rio-de-janeiro-l9;1004997;Rio carnival parade custom costume with roundtrip;https://www.getyourguide.com/rio-de-janeiro-l9/rio-carnival-parade-custom-costume-with-roundtrip-transfer-t1004997/
Brasil;maragogi-l122555;1098272;Maragogi natural pools of gales;https://www.getyourguide.com/maragogi-l122555/maragogi-natural-pools-of-gales-taocas-barra-tour-t1098272/
Brasil;angra-dos-reis-l88183;340386;Angra dos reis ilhas paradisiacas speedboat;https://www.getyourguide.com/angra-dos-reis-l88183/angra-dos-reis-ilhas-paradisiacas-speedboat-tour-t340386/
Brasil;rio-de-janeiro-l9;418262;Rio de janeiro gig airport private;https://www.getyourguide.com/rio-de-janeiro-l9/rio-de-janeiro-gig-airport-private-transfer-to-downtown-t418262/
Brasil;sao-paulo-l384;496874;Day;https://www.getyourguide.com/sao-paulo-l384/day-trip-tour-to-santos-and-guaruja-t496874/
Brasil;rio-de-janeiro-l9;628087;Taste 33 amazing foods brazilians love 3hr rio;https://www.getyourguide.com/rio-de-janeiro-l9/taste-33-amazing-foods-brazilians-love-3hr-rio-taste-sesh-t628087/
Brasil;lencois-l32549;680244;Vale do pati 3 days;https://www.getyourguide.com/lencois-l32549/vale-do-pati-3-days-t680244/
Brasil;rio-de-janeiro-l9;1311100;Rio christ;https://www.getyourguide.com/rio-de-janeiro-l9/rio-christ-the-redeemer-sugar-loaf-mountain-with-local-guide-full-experience-t1311100/
Brasil;rio-de-janeiro-l9;757394;Rio de janeiro drinks class with sunset;https://www.getyourguide.com/rio-de-janeiro-l9/rio-de-janeiro-drinks-class-with-sunset-t757394/
Brasil;natal-l2112;27457;Maracajau parrachos reef mask and snorkel swim adventure;https://www.getyourguide.com/natal-l2112/maracajau-parrachos-reef-mask-and-snorkel-swim-adventure-t27457/
Brasil;paraty-l1845;258007;Paraty gold;https://www.getyourguide.com/paraty-l1845/paraty-gold-trail-rainforest-hiking-tour-t258007/
Brasil;rio-de-janeiro-l9;891327;Pedra do;https://www.getyourguide.com/rio-de-janeiro-l9/pedra-do-telegrafo-rio-de-janeiro-shuttle-transfer-t891327/
Brasil;rio-de-janeiro-l9;430465;Rio de janeiro brazilian cooking class;https://www.getyourguide.com/rio-de-janeiro-l9/rio-de-janeiro-brazilian-cooking-class-t430465/
Brasil;rio-de-janeiro-l9;1038060;Rio de janeiro evening boat party;https://www.getyourguide.com/rio-de-janeiro-l9/rio-de-janeiro-evening-boat-party-t1038060/
Brasil;rio-de-janeiro-l9;1084098;Rio de janeiro feijoada with guide and guaranteed;https://www.getyourguide.com/rio-de-janeiro-l9/rio-de-janeiro-feijoada-with-guide-and-guaranteed-transfer-t1084098/
Brasil;rio-de-janeiro-l9;1111996;Guided hike on;https://www.getyourguide.com/rio-de-janeiro-l9/guided-hike-on-the-two-brothers-hill-morro-dois-irmaos-the-best-of-rio-t1111996/
Brasil;rio-de-janeiro-l9;1159366;Rio de janeiro guided hike on pedra da gavea with safety;https://www.getyourguide.com/rio-de-janeiro-l9/rio-de-janeiro-guided-hike-on-pedra-da-gavea-with-safety-t1159366/
Brasil;rio-de-janeiro-l9;709416;Rio de janeiro;https://www.getyourguide.com/rio-de-janeiro-l9/rio-de-janeiro-two-brothers-hike-and-favela-experience-t709416/
Brasil;rio-de-janeiro-l9;1210856;3 day food;https://www.getyourguide.com/rio-de-janeiro-l9/3-day-food-tour-in-rio-cook-and-taste-authentic-flavors-t1210856/
Brasil;cabo-frio-l121720;847230;Private city;https://www.getyourguide.com/cabo-frio-l121720/private-city-tour-in-cabo-frio-beaches-history-and-beauty-t847230/
Brasil;rio-de-janeiro-l9;541611;Rio favela;https://www.getyourguide.com/rio-de-janeiro-l9/rio-favela-tour-t541611/
Brasil;rio-de-janeiro-l9;1225878;Rio de janeiro guided stand up paddleboarding in an environmental reserve;https://www.getyourguide.com/rio-de-janeiro-l9/rio-de-janeiro-guided-stand-up-paddleboarding-in-an-environmental-reserve-t1225878/
Brasil;rio-de-janeiro-l9;1230130;Christ;https://www.getyourguide.com/rio-de-janeiro-l9/christ-the-redeemer-rocinha-favela-and-sugarloaf-mountain-t1230130/
Brasil;rio-de-janeiro-l9;581466;Private speedboat;https://www.getyourguide.com/rio-de-janeiro-l9/private-speedboat-tour-in-rio-de-janeiro-t581466/
Brasil;santo-amaro-do-maranhao-l215939;597965;Santo amaro betania lagoon circuit with guide;https://www.getyourguide.com/santo-amaro-do-maranhao-l215939/santo-amaro-betania-lagoon-circuit-with-guide-t597965/
Brasil;fortaleza-l1863;1258889;Tour of morro branco fontes and canoa quebrada beaches by dune buggy;https://www.getyourguide.com/fortaleza-l1863/tour-of-morro-branco-fontes-and-canoa-quebrada-beaches-by-dune-buggy-t1258889/
Brasil;rio-de-janeiro-l9;805350;Rio de janeiro favela santa marta;https://www.getyourguide.com/rio-de-janeiro-l9/rio-de-janeiro-favela-santa-marta-top-tour-with-local-guide-t805350/
Brasil;sao-paulo-l384;318818;Sao paulo downtown center walking;https://www.getyourguide.com/sao-paulo-l384/sao-paulo-downtown-center-walking-tour-2-hours-english-t318818/
Brasil;beberibe-l141901;902414;Fortaleza morro branco beach and praia das fontes day;https://www.getyourguide.com/beberibe-l141901/fortaleza-morro-branco-beach-and-praia-das-fontes-day-tour-t902414/
Brasil;porto-de-galinhas-l32612;933367;Porto de galinhas scuba diving;https://www.getyourguide.com/porto-de-galinhas-l32612/porto-de-galinhas-scuba-diving-t933367/
Brasil;natal-l2112;496859;South coast;https://www.getyourguide.com/natal-l2112/south-coast-tour-on-a-4x4-t496859/
Brasil;rio-de-janeiro-l9;532004;Rio de janeiro;https://www.getyourguide.com/rio-de-janeiro-l9/rio-de-janeiro-trilha-morro-dois-irmaos-vidigal-t532004/
Brasil;lencois-l32549;740233;Transfer from barreirinhas;https://www.getyourguide.com/lencois-l32549/transfer-from-barreirinhas-to-santo-amaro-lencois-t740233/
Brasil;rio-de-janeiro-l9;761982;Rio de janeiro;https://www.getyourguide.com/rio-de-janeiro-l9/rio-de-janeiro-to-ilha-grande-1-way-transfer-w-boat-ticket-t761982/
Brasil;rio-de-janeiro-l9;847462;Green rio guided;https://www.getyourguide.com/rio-de-janeiro-l9/green-rio-guided-tour-of-botanical-garden-and-lage-park-t847462/
Brasil;rio-de-janeiro-l9;878252;Rio de janeiro christ;https://www.getyourguide.com/rio-de-janeiro-l9/rio-de-janeiro-christ-the-redeemer-sugarloaf-mountain-t878252/
Brasil;santos-l1708;306293;Santos local highlights private;https://www.getyourguide.com/santos-l1708/santos-local-highlights-private-tour-t306293/
Brasil;rio-de-janeiro-l9;427049;Rio de janeiro forro dance class and club visit;https://www.getyourguide.com/rio-de-janeiro-l9/rio-de-janeiro-forro-dance-class-and-club-visit-t427049/
Brasil;parnaiba-l194334;1100897;Parnaiba sunrise speedboat;https://www.getyourguide.com/parnaiba-l194334/parnaiba-sunrise-speedboat-tour-with-breakfast-t1100897/
Brasil;rio-de-janeiro-l9;1130631;Authentic experience;https://www.getyourguide.com/rio-de-janeiro-l9/authentic-experience-to-the-basilica-da-penha-t1130631/
Brasil;rio-de-janeiro-l9;1165355;Rio de janeiro morro dois irmaos hike vidigal favela;https://www.getyourguide.com/rio-de-janeiro-l9/rio-de-janeiro-morro-dois-irmaos-hike-vidigal-favela-tour-t1165355/
Brasil;canela-l117155;1193730;Bento goncalves cultural roots in caminhos de pedra;https://www.getyourguide.com/canela-l117155/bento-goncalves-cultural-roots-in-caminhos-de-pedra-t1193730/
Brasil;rio-de-janeiro-l9;647708;Voo de asa delta no rio de janeiro;https://www.getyourguide.com/rio-de-janeiro-l9/voo-de-asa-delta-no-rio-de-janeiro-t647708/
Brasil;porto-de-galinhas-l32612;1286512;Buggy;https://www.getyourguide.com/porto-de-galinhas-l32612/buggy-tour-porto-de-galinhas-t1286512/
Brasil;rio-de-janeiro-l9;1319514;Rio de janeiro botanical garden portrait photo shoot;https://www.getyourguide.com/rio-de-janeiro-l9/rio-de-janeiro-botanical-garden-portrait-photo-shoot-t1319514/
Brasil;rio-de-janeiro-l9;24589;Roxy show brazilian folklore and rhythms;https://www.getyourguide.com/rio-de-janeiro-l9/roxy-show-brazilian-folklore-and-rhythms-t24589/
Brasil;rio-de-janeiro-l9;253482;Rio christ;https://www.getyourguide.com/rio-de-janeiro-l9/rio-christ-the-redeemer-sugarloaf-express-tour-t253482/
Brasil;rio-de-janeiro-l9;431348;Rio premium carnival seating with food drinks;https://www.getyourguide.com/rio-de-janeiro-l9/rio-premium-carnival-seating-with-food-drinks-transfers-t431348/
Brasil;natal-l2112;1111963;Sao miguel do gostoso full day;https://www.getyourguide.com/natal-l2112/sao-miguel-do-gostoso-full-day-tour-with-local-guide-t1111963/
Brasil;porto-seguro-l126793;1116443;Porto seguro maritime;https://www.getyourguide.com/porto-seguro-l126793/porto-seguro-maritime-tour-to-recife-de-fora-t1116443/
Brasil;balneario-camboriu-l32252;1197854;Balneario camboriu cable car ride and pirate boat cruise;https://www.getyourguide.com/balneario-camboriu-l32252/balneario-camboriu-cable-car-ride-and-pirate-boat-cruise-t1197854/
Brasil;sao-paulo-l384;789064;Sao paulo luggage storage in downtown;https://www.getyourguide.com/sao-paulo-l384/sao-paulo-luggage-storage-in-downtown-t789064/
Brasil;rio-de-janeiro-l9;86015;Transfer from rio de janeiro airport;https://www.getyourguide.com/rio-de-janeiro-l9/transfer-from-rio-de-janeiro-airport-to-downtown-hotels-t86015/
Brasil;maceio-l2064;1094050;Paradise;https://www.getyourguide.com/maceio-l2064/paradise-trio-frances-barra-de-sao-miguel-gunga-t1094050/
Brasil;rio-de-janeiro-l9;1112120;Maracana stadium watch a football match;https://www.getyourguide.com/rio-de-janeiro-l9/maracana-stadium-watch-a-football-match-transfer-guide-open-bar-food-t1112120/
Brasil;rio-de-janeiro-l9;1145008;Paragliding with;https://www.getyourguide.com/rio-de-janeiro-l9/paragliding-with-the-most-beautiful-view-of-rio-de-janeiro-t1145008/
Brasil;angra-dos-reis-l88183;1242522;An exclusive speedboat experience in ilha grande;https://www.getyourguide.com/angra-dos-reis-l88183/an-exclusive-speedboat-experience-in-ilha-grande-t1242522/
Brasil;sao-paulo-l384;756533;Best sao paulo city;https://www.getyourguide.com/sao-paulo-l384/best-sao-paulo-city-tour-culture-6hours-experience-t756533/
Brasil;angra-dos-reis-l88183;863811;Angra dos reis and ilha grande guided;https://www.getyourguide.com/angra-dos-reis-l88183/angra-dos-reis-and-ilha-grande-guided-tour-from-rio-t863811/
Brasil;rio-de-janeiro-l9;877655;Carnival experience behind;https://www.getyourguide.com/rio-de-janeiro-l9/carnival-experience-behind-the-scenes-of-carnival-magic-t877655/
Brasil;maceio-l2064;27446;Maragogi beach and gales reef day;https://www.getyourguide.com/maceio-l2064/maragogi-beach-and-gales-reef-day-tour-t27446/
Brasil;paraty-l1845;259332;Shared;https://www.getyourguide.com/paraty-l1845/shared-transfer-from-sao-paulo-to-paraty-or-vice-versa-t259332/
Brasil;rio-de-janeiro-l9;1005673;Day surf guidance in rio de janeiro all levels;https://www.getyourguide.com/rio-de-janeiro-l9/day-surf-guidance-in-rio-de-janeiro-all-levels-t1005673/
Brasil;angra-dos-reis-l88183;1038089;Incredible diving experience in angra dos reis;https://www.getyourguide.com/angra-dos-reis-l88183/incredible-diving-experience-in-angra-dos-reis-t1038089/
Brasil;barreirinhas-l105727;1041921;Barreirinhas unforgettable;https://www.getyourguide.com/barreirinhas-l105727/barreirinhas-unforgettable-tour-of-the-dunes-lagoa-bonita-t1041921/
Brasil;natal-l2112;1101667;Exclusive private diving at rio do fogo reefs;https://www.getyourguide.com/natal-l2112/exclusive-private-diving-at-rio-do-fogo-reefs-t1101667/
Brasil;rio-de-janeiro-l9;1136428;Rio authentic;https://www.getyourguide.com/rio-de-janeiro-l9/rio-authentic-tour-of-the-rocinha-favela-with-a-local-guide-t1136428/
Brasil;cachoeiras-de-macacu-l208627;1169999;Teresopolis 3 day vale dos deuses expedition;https://www.getyourguide.com/cachoeiras-de-macacu-l208627/teresopolis-3-day-vale-dos-deuses-expedition-t1169999/
Brasil;rio-de-janeiro-l9;631114;Private speedboat;https://www.getyourguide.com/rio-de-janeiro-l9/private-speedboat-tour-in-rio-de-janeiro-t631114/
Brasil;lencois-l32549;699335;Mixila waterfall;https://www.getyourguide.com/lencois-l32549/mixila-waterfall-t699335/
Brasil;rio-de-janeiro-l9;774439;Rio de janeiro pedra do;https://www.getyourguide.com/rio-de-janeiro-l9/rio-de-janeiro-pedra-do-telegrafo-trail-and-beach-stop-t774439/
Brasil;rio-de-janeiro-l9;840128;Rio pub crawl on cachaca and samba with;https://www.getyourguide.com/rio-de-janeiro-l9/rio-pub-crawl-on-cachaca-and-samba-with-transfer-t840128/
Brasil;rio-de-janeiro-l9;318718;Rio maracana stadium official;https://www.getyourguide.com/rio-de-janeiro-l9/rio-maracana-stadium-official-tour-ticket-t318718/
Brasil;natal-l2112;375736;From natal joao pessoa day;https://www.getyourguide.com/natal-l2112/from-natal-joao-pessoa-day-trip-t375736/
Brasil;rio-de-janeiro-l9;961409;Rio de janeiro christ;https://www.getyourguide.com/rio-de-janeiro-l9/rio-de-janeiro-christ-the-redeemer-sugarloaf-city-tour-t961409/
Brasil;rio-de-janeiro-l9;971061;Shore excursion from rio de janeiro port niteroi day;https://www.getyourguide.com/rio-de-janeiro-l9/shore-excursion-from-rio-de-janeiro-port-niteroi-day-trip-t971061/
Brasil;rio-de-janeiro-l9;467934;Arraial do cabo brazilian paradise;https://www.getyourguide.com/rio-de-janeiro-l9/arraial-do-cabo-brazilian-paradise-t467934/
Brasil;florianopolis-l246;482702;Beto carrero world private;https://www.getyourguide.com/florianopolis-l246/beto-carrero-world-private-transfer-from-florianopolis-t482702/
Brasil;aracaju-l100614;609705;Sailboat;https://www.getyourguide.com/aracaju-l100614/sailboat-tour-in-aracaju-sergipe-t609705/
Brasil;paraty-l1845;1190841;Paraty kayak;https://www.getyourguide.com/paraty-l1845/paraty-kayak-tour-through-the-mangroves-and-bay-t1190841/
Brasil;rio-de-janeiro-l9;783677;Explore ilha da gigoia an island adventure;https://www.getyourguide.com/rio-de-janeiro-l9/explore-ilha-da-gigoia-an-island-adventure-t783677/
Brasil;rio-de-janeiro-l9;1075756;Rio de janeiro guided visit;https://www.getyourguide.com/rio-de-janeiro-l9/rio-de-janeiro-guided-visit-to-tijuca-national-park-t1075756/
Brasil;angra-dos-reis-l88183;608101;Angra dos reis super lagoa azul speedboat;https://www.getyourguide.com/angra-dos-reis-l88183/angra-dos-reis-super-lagoa-azul-speedboat-tour-t608101/
Brasil;guaruja-l127328;1240847;Sao paulo santos guaruja beach day;https://www.getyourguide.com/guaruja-l127328/sao-paulo-santos-guaruja-beach-day-tour-8h-t1240847/
Brasil;balneario-camboriu-l32252;662965;Transfer privativo aeroporto navegantes a balneario camboriu;https://www.getyourguide.com/balneario-camboriu-l32252/transfer-privativo-aeroporto-navegantes-a-balneario-camboriu-t662965/
Brasil;rio-de-janeiro-l9;712763;Rio cristo redentor pao de acucar almoco em churrascaria;https://www.getyourguide.com/rio-de-janeiro-l9/rio-cristo-redentor-pao-de-acucar-almoco-em-churrascaria-t712763/
Brasil;sao-paulo-l384;756515;Best sao paulo city;https://www.getyourguide.com/sao-paulo-l384/best-sao-paulo-city-tour-history-6hours-experience-t756515/
Brasil;lencois-l32549;1317543;The charms of chapada caves pratinha farm and pai inacio;https://www.getyourguide.com/lencois-l32549/the-charms-of-chapada-caves-pratinha-farm-and-pai-inacio-t1317543/
Brasil;gramado-l32317;822646;From gramado italian culture and wine;https://www.getyourguide.com/gramado-l32317/from-gramado-italian-culture-and-wine-tour-with-train-ride-t822646/
Brasil;sao-paulo-l384;924160;Sao paulo downtown highlights private walking;https://www.getyourguide.com/sao-paulo-l384/sao-paulo-downtown-highlights-private-walking-tour-t924160/
Brasil;angra-dos-reis-l88183;973512;Angra dos reis schooner ride on ilha grande;https://www.getyourguide.com/angra-dos-reis-l88183/angra-dos-reis-schooner-ride-on-ilha-grande-t973512/
Brasil;rio-de-janeiro-l9;1065539;Rio de janeiro christ;https://www.getyourguide.com/rio-de-janeiro-l9/rio-de-janeiro-christ-the-redeemer-selaron-steps-tour-t1065539/
Brasil;canela-l117155;490771;Gramado e canela;https://www.getyourguide.com/canela-l117155/gramado-e-canela-transfers-from-porto-alegre-and-region-t490771/
Brasil;rio-de-janeiro-l9;729395;Rio de janeiro;https://www.getyourguide.com/rio-de-janeiro-l9/rio-de-janeiro-tijuca-national-park-tour-t729395/
Brasil;rio-de-janeiro-l9;746704;Discover aquario olympic boulevard marine life and art;https://www.getyourguide.com/rio-de-janeiro-l9/discover-aquario-olympic-boulevard-marine-life-and-art-t746704/
Brasil;rio-de-janeiro-l9;799850;Trilha morro dois irmaos vidigal;https://www.getyourguide.com/rio-de-janeiro-l9/trilha-morro-dois-irmaos-vidigal-t799850/
Brasil;angra-dos-reis-l88183;86609;Excursion angra dos reis and ilha grande day;https://www.getyourguide.com/angra-dos-reis-l88183/excursion-angra-dos-reis-and-ilha-grande-day-tour-t86609/
Brasil;angra-dos-reis-l88183;1038092;Angra dos reis padi certified scuba diving experience;https://www.getyourguide.com/angra-dos-reis-l88183/angra-dos-reis-padi-certified-scuba-diving-experience-t1038092/
Brasil;rio-de-janeiro-l9;1060962;Rio de janeiro or sao pau itatiaia national park 3 day;https://www.getyourguide.com/rio-de-janeiro-l9/rio-de-janeiro-or-sao-pau-itatiaia-national-park-3-day-tour-t1060962/
Brasil;rio-de-janeiro-l9;1077516;Rio de janeiro ilha da gigoia canals and wildlife;https://www.getyourguide.com/rio-de-janeiro-l9/rio-de-janeiro-ilha-da-gigoia-canals-and-wildlife-tour-t1077516/
Brasil;rio-de-janeiro-l9;467458;Cultural day in petropolis;https://www.getyourguide.com/rio-de-janeiro-l9/cultural-day-in-petropolis-t467458/
Brasil;rio-de-janeiro-l9;572505;Luggage storage rio de janeiro;https://www.getyourguide.com/rio-de-janeiro-l9/luggage-storage-rio-de-janeiro-t572505/
Brasil;rio-de-janeiro-l9;1212601;Private;https://www.getyourguide.com/rio-de-janeiro-l9/private-tour-of-rio-de-janeiro-selaron-steps-cathedral-aquario-maracana-t1212601/
Brasil;florianopolis-l246;655206;Private;https://www.getyourguide.com/florianopolis-l246/private-transfer-from-florianopolis-to-jurere-t655206/
Brasil;rio-de-janeiro-l9;1228273;Rio s passions maracana and behind;https://www.getyourguide.com/rio-de-janeiro-l9/rio-s-passions-maracana-and-behind-the-scenes-of-carnival-t1228273/
Brasil;rio-de-janeiro-l9;780679;Rio de janeiro jeep;https://www.getyourguide.com/rio-de-janeiro-l9/rio-de-janeiro-jeep-tour-christ-the-redeemer-sugar-loaf-t780679/
Brasil;rio-de-janeiro-l9;789121;Rio de janeiro luggage storage in downtown;https://www.getyourguide.com/rio-de-janeiro-l9/rio-de-janeiro-luggage-storage-in-downtown-t789121/
Brasil;sao-paulo-l384;852525;Sao paulo layover private city;https://www.getyourguide.com/sao-paulo-l384/sao-paulo-layover-private-city-tour-with-airport-pickup-t852525/
Brasil;niteroi-l34109;967488;Rio de janeiro;https://www.getyourguide.com/niteroi-l34109/rio-de-janeiro-tandem-paragliding-flight-in-niteroi-with-experienced-instructors-t967488/
Brasil;sao-paulo-l384;972553;Sao paulo professional photo;https://www.getyourguide.com/sao-paulo-l384/sao-paulo-professional-photo-tour-on-paulista-avenue-t972553/
Brasil;paraty-l1845;1059300;Paraty 4x4 jeep ride with waterfalls and;https://www.getyourguide.com/paraty-l1845/paraty-4x4-jeep-ride-with-waterfalls-and-tour-t1059300/
Brasil;rio-de-janeiro-l9;1077517;Rio half day;https://www.getyourguide.com/rio-de-janeiro-l9/rio-half-day-tour-of-ilha-da-gigoia-in-barra-da-tijuca-t1077517/
Brasil;brasilia-l144326;1084570;The four scales of lucio guided bike;https://www.getyourguide.com/brasilia-l144326/the-four-scales-of-lucio-guided-bike-tour-t1084570/
Brasil;rio-de-janeiro-l9;1165559;Rio christ;https://www.getyourguide.com/rio-de-janeiro-l9/rio-christ-the-redeemer-and-tijuca-forest-tour-t1165559/
Brasil;flores-da-cunha-l154785;1193632;From;https://www.getyourguide.com/flores-da-cunha-l154785/from-the-kitchen-to-the-road-ahead-a-memorable-experience-in-flores-da-cunha-t1193632/
Brasil;rio-de-janeiro-l9;1326169;Day use party at pousada riozi;https://www.getyourguide.com/rio-de-janeiro-l9/day-use-party-at-pousada-riozi-t1326169/
Brasil;jequia-da-praia-l143083;1096372;Alagoas dunas de marape day;https://www.getyourguide.com/jequia-da-praia-l143083/alagoas-dunas-de-marape-day-trip-t1096372/
Brasil;rio-de-janeiro-l9;710664;Rio de janeiro pub crawl lapa;https://www.getyourguide.com/rio-de-janeiro-l9/rio-de-janeiro-pub-crawl-lapa-t710664/
Brasil;rio-de-janeiro-l9;723131;Rio de janeiro panoramic bike;https://www.getyourguide.com/rio-de-janeiro-l9/rio-de-janeiro-panoramic-bike-tour-t723131/
Brasil;matelandia-l214878;1296035;Iguazu falls luxury private;https://www.getyourguide.com/matelandia-l214878/iguazu-falls-luxury-private-tour-rare-gems-cultural-stop-t1296035/
Brasil;sao-paulo-l384;759416;Best sao paulo city;https://www.getyourguide.com/sao-paulo-l384/best-sao-paulo-city-tour-culture-7hours-experience-t759416/
Brasil;rio-de-janeiro-l9;248477;Rio de janeiro;https://www.getyourguide.com/rio-de-janeiro-l9/rio-de-janeiro-tandem-paragliding-flight-rotorfly-t248477/
Brasil;petropolis-l1831;376696;Petropolis private;https://www.getyourguide.com/petropolis-l1831/petropolis-private-tour-with-museum-ticket-t376696/
Brasil;rio-de-janeiro-l9;388481;From rio de janeiro angra dos reis boat;https://www.getyourguide.com/rio-de-janeiro-l9/from-rio-de-janeiro-angra-dos-reis-boat-trip-with-lunch-t388481/
Brasil;angra-dos-reis-l88183;1038091;Angra dos reis safe and fascinating diving experience;https://www.getyourguide.com/angra-dos-reis-l88183/angra-dos-reis-safe-and-fascinating-diving-experience-t1038091/
Brasil;rio-de-janeiro-l9;1043674;Rio de janeiro solar powered favela guided walking;https://www.getyourguide.com/rio-de-janeiro-l9/rio-de-janeiro-solar-powered-favela-guided-walking-tour-t1043674/
Brasil;florianopolis-l246;505856;Hiking along lagoa da conceicao;https://www.getyourguide.com/florianopolis-l246/hiking-along-lagoa-da-conceicao-to-a-fishermen-village-t505856/
Brasil;rio-de-janeiro-l9;558379;Rio jeep;https://www.getyourguide.com/rio-de-janeiro-l9/rio-jeep-tour-4-wonders-t558379/
Brasil;rio-de-janeiro-l9;1134316;Rio de janeiro cultural everyday life photo experience;https://www.getyourguide.com/rio-de-janeiro-l9/rio-de-janeiro-cultural-everyday-life-photo-experience-t1134316/
Brasil;paraty-l1845;1214302;Speedboat experience in paraty;https://www.getyourguide.com/paraty-l1845/speedboat-experience-in-paraty-t1214302/
Brasil;sao-paulo-l384;1271568;Herbal ritual in a hidden sao paulo plant studio;https://www.getyourguide.com/sao-paulo-l384/herbal-ritual-in-a-hidden-sao-paulo-plant-studio-t1271568/
Brasil;rio-de-janeiro-l9;1112306;Rio de janeiro;https://www.getyourguide.com/rio-de-janeiro-l9/rio-de-janeiro-tijuca-forest-and-gigoia-island-tour-t1112306/
Brasil;rio-de-janeiro-l9;1211771;Rio de janeiro kite surfing discovery;https://www.getyourguide.com/rio-de-janeiro-l9/rio-de-janeiro-kite-surfing-discovery-t1211771/
Brasil;parnaioca-l219222;1241949;Private island;https://www.getyourguide.com/parnaioca-l219222/private-island-tour-exclusivity-on-ilha-grande-t1241949/
Brasil;rio-de-janeiro-l9;1279050;Rio de janeiro art history;https://www.getyourguide.com/rio-de-janeiro-l9/rio-de-janeiro-art-history-tour-with-sugarloaf-mountain-and-christ-the-redeemer-t1279050/
Brasil;rio-de-janeiro-l9;850264;Rio hidden viewpoints by alan denis;https://www.getyourguide.com/rio-de-janeiro-l9/rio-hidden-viewpoints-by-alan-denis-t850264/
Brasil;santos-l1708;860277;Santos guided kayak;https://www.getyourguide.com/santos-l1708/santos-guided-kayak-tour-in-the-heart-of-the-state-park-t860277/
Brasil;florianopolis-l246;943575;Ilha das aranhas boat;https://www.getyourguide.com/florianopolis-l246/ilha-das-aranhas-boat-tour-with-barbecue-t943575/
Brasil;matelandia-l214878;1079006;Iguacu falls official national park entrance;https://www.getyourguide.com/matelandia-l214878/iguacu-falls-official-national-park-entrance-t1079006/
Brasil;angra-dos-reis-l88183;455155;Ilha grande 7h speedboat;https://www.getyourguide.com/angra-dos-reis-l88183/ilha-grande-7h-speedboat-tour-paradise-islands-of-angra-t455155/
Brasil;florianopolis-l246;685661;Florianopolis pub crawl in downtown;https://www.getyourguide.com/florianopolis-l246/florianopolis-pub-crawl-in-downtown-t685661/
Brasil;rio-de-janeiro-l9;723265;Day;https://www.getyourguide.com/rio-de-janeiro-l9/day-tour-of-rio-de-janeiro-with-drone-footage-t723265/
Brasil;rio-de-janeiro-l9;1282454;Rio de janeiro botafogo guided bar crawl;https://www.getyourguide.com/rio-de-janeiro-l9/rio-de-janeiro-botafogo-guided-bar-crawl-t1282454/
Brasil;bento-goncalves-l117160;804618;5 days;https://www.getyourguide.com/bento-goncalves-l117160/5-days-tour-includes-gramado-canyons-and-vale-dos-vinhedos-t804618/
Brasil;jericoacoara-l105737;898679;Jeri off road drive an utv in;https://www.getyourguide.com/jericoacoara-l105737/jeri-off-road-drive-an-utv-in-the-dunes-t898679/
Brasil;rio-de-janeiro-l9;361800;Rio de janeiro guided river rafting;https://www.getyourguide.com/rio-de-janeiro-l9/rio-de-janeiro-guided-river-rafting-tour-t361800/
Brasil;rio-de-janeiro-l9;960370;Rio de janeiro christ;https://www.getyourguide.com/rio-de-janeiro-l9/rio-de-janeiro-christ-the-redeemer-ticket-t960370/
Brasil;angra-dos-reis-l88183;977663;Angra dos reis paradisiac islands private speedboat;https://www.getyourguide.com/angra-dos-reis-l88183/angra-dos-reis-paradisiac-islands-private-speedboat-tour-t977663/
Brasil;rio-de-janeiro-l9;1104598;Explore maracana stadium with a guided;https://www.getyourguide.com/rio-de-janeiro-l9/explore-maracana-stadium-with-a-guided-tour-t1104598/
Brasil;porto-seguro-l126793;1120018;Porto seguro arraial d ajuda beaches and historic;https://www.getyourguide.com/porto-seguro-l126793/porto-seguro-arraial-d-ajuda-beaches-and-historic-tour-t1120018/
Brasil;sao-paulo-l384;614296;Campos do jordao private 8 hour;https://www.getyourguide.com/sao-paulo-l384/campos-do-jordao-private-8-hour-tour-t614296/
Brasil;rio-de-janeiro-l9;1256608;Easyfly 20 minute panoramic open door helicopter;https://www.getyourguide.com/rio-de-janeiro-l9/easyfly-20-minute-panoramic-open-door-helicopter-tour-in-rio-de-janeiro-t1256608/
Brasil;sao-paulo-l384;711733;Sao paulo must see sites walking;https://www.getyourguide.com/sao-paulo-l384/sao-paulo-must-see-sites-walking-tour-with-a-guide-t711733/
Brasil;rio-de-janeiro-l9;758680;Pedra da gavea rio de janeiro summit hike;https://www.getyourguide.com/rio-de-janeiro-l9/pedra-da-gavea-rio-de-janeiro-summit-hike-t758680/
Brasil;rio-de-janeiro-l9;771405;Jeep n green rio botanical garden;https://www.getyourguide.com/rio-de-janeiro-l9/jeep-n-green-rio-botanical-garden-tijuca-rainforest-tour-t771405/
Brasil;sao-paulo-l384;380759;Sao paulo liberdade street food;https://www.getyourguide.com/sao-paulo-l384/sao-paulo-liberdade-street-food-tour-in-english-t380759/
Brasil;sao-paulo-l384;389797;From sao paulo sao roque wine route and shopping;https://www.getyourguide.com/sao-paulo-l384/from-sao-paulo-sao-roque-wine-route-and-shopping-tour-t389797/
Brasil;petropolis-l1831;412113;From copacabana petropolis private day;https://www.getyourguide.com/petropolis-l1831/from-copacabana-petropolis-private-day-trip-beer-factory-t412113/
Brasil;rio-de-janeiro-l9;480579;Rio de janeiro shuttle;https://www.getyourguide.com/rio-de-janeiro-l9/rio-de-janeiro-shuttle-transfer-tofrom-cabo-frio-t480579/
Brasil;brasilia-l144326;1086467;Brasilia;https://www.getyourguide.com/brasilia-l144326/brasilia-tourist-and-cultural-boat-ride-on-lake-paranoa-t1086467/
Brasil;aracaju-l100614;554843;Aracaju airport shared;https://www.getyourguide.com/aracaju-l100614/aracaju-airport-shared-transfer-t554843/
Brasil;barreirinhas-l105727;599315;Preguicas river speedboat;https://www.getyourguide.com/barreirinhas-l105727/preguicas-river-speedboat-tour-t599315/
Brasil;matelandia-l214878;1286623;Boat adventure iguazu falls brazil private;https://www.getyourguide.com/matelandia-l214878/boat-adventure-iguazu-falls-brazil-private-tour-tickets-t1286623/
Brasil;rio-de-janeiro-l9;940420;Rio de janeiro horseback riding waterfall beaches;https://www.getyourguide.com/rio-de-janeiro-l9/rio-de-janeiro-horseback-riding-waterfall-beaches-tour-t940420/
Brasil;rio-de-janeiro-l9;1084101;Rio de janeiro carioca feijoada experience with;https://www.getyourguide.com/rio-de-janeiro-l9/rio-de-janeiro-carioca-feijoada-experience-with-transfers-t1084101/
Brasil;rio-de-janeiro-l9;551821;Aula de samba no pe bezerra dance;https://www.getyourguide.com/rio-de-janeiro-l9/aula-de-samba-no-pe-bezerra-dance-t551821/
Brasil;natal-l2112;27454;Barra do cunhau full day;https://www.getyourguide.com/natal-l2112/barra-do-cunhau-full-day-trip-from-natal-t27454/
Brasil;rio-de-janeiro-l9;897093;Rio de janeiro football experience in favela rocinha;https://www.getyourguide.com/rio-de-janeiro-l9/rio-de-janeiro-football-experience-in-favela-rocinha-t897093/
Brasil;rio-de-janeiro-l9;911280;Tour in rocinha;https://www.getyourguide.com/rio-de-janeiro-l9/tour-in-rocinha-t911280/
Brasil;rio-de-janeiro-l9;405194;Rio de janeiro shared;https://www.getyourguide.com/rio-de-janeiro-l9/rio-de-janeiro-shared-transfer-to-vila-abrao-ilha-grande-t405194/
Brasil;rio-de-janeiro-l9;1036997;Rio de janeiro christ;https://www.getyourguide.com/rio-de-janeiro-l9/rio-de-janeiro-christ-the-redeemer-sugarloaf-tour-by-car-t1036997/
Brasil;miranda-l248292;1075291;Pantanal full day farm horse boat;https://www.getyourguide.com/miranda-l248292/pantanal-full-day-farm-horse-boat-tour-with-meals-t1075291/
Brasil;rio-de-janeiro-l9;1099892;Favela;https://www.getyourguide.com/rio-de-janeiro-l9/favela-tour-ppg-pavao-pavaozinho-and-cantagalo-rio-de-janeiro-t1099892/
Brasil;rio-de-janeiro-l9;553800;Lapa samba night;https://www.getyourguide.com/rio-de-janeiro-l9/lapa-samba-night-t553800/
Brasil;porto-seguro-l126793;794490;Porto seguro;https://www.getyourguide.com/porto-seguro-l126793/porto-seguro-trancoso-day-trip-with-beach-and-quadrado-t794490/
Brasil;niteroi-l34109;959538;Niteroi paragliding flight experience with photos and video;https://www.getyourguide.com/niteroi-l34109/niteroi-paragliding-flight-experience-with-photos-and-video-t959538/
Brasil;paraty-l1845;258057;Paraty sono beach half day;https://www.getyourguide.com/paraty-l1845/paraty-sono-beach-half-day-tour-t258057/
Brasil;rio-de-janeiro-l9;992918;Rio de janeiro brazil s first soccer stadium laranjeiras;https://www.getyourguide.com/rio-de-janeiro-l9/rio-de-janeiro-brazil-s-first-soccer-stadium-laranjeiras-t992918/
Brasil;natal-l2112;375816;Natal south coast and arituba lagoon;https://www.getyourguide.com/natal-l2112/natal-south-coast-and-arituba-lagoon-tour-t375816/
Brasil;sao-paulo-l384;1024549;Sao paulo underground culture and arts;https://www.getyourguide.com/sao-paulo-l384/sao-paulo-underground-culture-and-arts-tour-t1024549/
Brasil;rio-de-janeiro-l9;405207;Rio de janeiro pedra da gavea adventure hike;https://www.getyourguide.com/rio-de-janeiro-l9/rio-de-janeiro-pedra-da-gavea-adventure-hike-t405207/
Brasil;natal-l2112;1099084;Natal pipa beach nightlife;https://www.getyourguide.com/natal-l2112/natal-pipa-beach-nightlife-tour-with-hotel-pickup-t1099084/
Brasil;rio-de-janeiro-l9;1130103;Wake up at sea dream breakfast in guanabara bay rj;https://www.getyourguide.com/rio-de-janeiro-l9/wake-up-at-sea-dream-breakfast-in-guanabara-bay-rj-t1130103/
Brasil;rio-de-janeiro-l9;600674;Rio de janeiro sunrise at observatory christ;https://www.getyourguide.com/rio-de-janeiro-l9/rio-de-janeiro-sunrise-at-observatory-christ-the-redeemer-t600674/
Brasil;rio-de-janeiro-l9;655156;Guided;https://www.getyourguide.com/rio-de-janeiro-l9/guided-tour-through-rocinha-one-of-the-largest-favelas-t655156/
Brasil;rio-de-janeiro-l9;1197656;Rio de janeiro;https://www.getyourguide.com/rio-de-janeiro-l9/rio-de-janeiro-the-best-carioca-surfing-experience-t1197656/
Brasil;matelandia-l214878;1229782;Iguassu falls waters pilgrimage nature meets grace;https://www.getyourguide.com/matelandia-l214878/iguassu-falls-waters-pilgrimage-nature-meets-grace-t1229782/
Brasil;rio-de-janeiro-l9;74255;Rio historical walking;https://www.getyourguide.com/rio-de-janeiro-l9/rio-historical-walking-tour-t74255/
Brasil;sao-paulo-l384;995227;Check out a sao paulo fc game at morumbi stadium;https://www.getyourguide.com/sao-paulo-l384/check-out-a-sao-paulo-fc-game-at-morumbi-stadium-t995227/
Brasil;fortaleza-l1863;316217;Fortaleza cumbuco beach day;https://www.getyourguide.com/fortaleza-l1863/fortaleza-cumbuco-beach-day-trip-t316217/
Brasil;barreirinhas-l105727;480936;Full day;https://www.getyourguide.com/barreirinhas-l105727/full-day-tour-atins-beach-and-lagoons-t480936/
Brasil;rio-de-janeiro-l9;1190934;Rio de janeiro photoshoot and video with local photographer;https://www.getyourguide.com/rio-de-janeiro-l9/rio-de-janeiro-photoshoot-and-video-with-local-photographer-t1190934/
Brasil;rio-de-janeiro-l9;571536;Rio pedra do sal com samba caipirinhas e imersao historica;https://www.getyourguide.com/rio-de-janeiro-l9/rio-pedra-do-sal-com-samba-caipirinhas-e-imersao-historica-t571536/
Brasil;rio-de-janeiro-l9;1243646;Explore downtown rio privately with a local photoshoot;https://www.getyourguide.com/rio-de-janeiro-l9/explore-downtown-rio-privately-with-a-local-photoshoot-t1243646/
Brasil;florianopolis-l246;655187;Private;https://www.getyourguide.com/florianopolis-l246/private-transfer-from-florianopolis-to-ingleses-beach-t655187/
Brasil;balneario-camboriu-l32252;1307961;Bombinhas 4x4 adventure;https://www.getyourguide.com/balneario-camboriu-l32252/bombinhas-4x4-adventure-tour-discover-the-360deg-observation-point-and-praia-da-tainha-t1307961/
Brasil;rio-de-janeiro-l9;794583;Rio de janeiro private;https://www.getyourguide.com/rio-de-janeiro-l9/rio-de-janeiro-private-tour-to-corcovado-sugarloaf-t794583/
Brasil;rio-de-janeiro-l9;865772;Rio de janeiro roxy dinner show dinner show;https://www.getyourguide.com/rio-de-janeiro-l9/rio-de-janeiro-roxy-dinner-show-dinner-show-t865772/
Brasil;rio-de-janeiro-l9;1049294;Rio botanical garden;https://www.getyourguide.com/rio-de-janeiro-l9/rio-botanical-garden-tour-liqueur-tasting-cooking-party-t1049294/
Brasil;rio-de-janeiro-l9;1088813;Maracana;https://www.getyourguide.com/rio-de-janeiro-l9/maracana-tribute-to-carioca-beach-football-tour-with-paolo-t1088813/
Brasil;rio-de-janeiro-l9;1103458;Rio de janeiro rocinha favela;https://www.getyourguide.com/rio-de-janeiro-l9/rio-de-janeiro-rocinha-favela-tour-with-leroy-t1103458/
Brasil;rio-de-janeiro-l9;834128;Maracana;https://www.getyourguide.com/rio-de-janeiro-l9/maracana-t834128/
Brasil;rio-de-janeiro-l9;1051737;Rio de janeiro angra dos reis islands speedboat;https://www.getyourguide.com/rio-de-janeiro-l9/rio-de-janeiro-angra-dos-reis-islands-speedboat-tour-t1051737/
Brasil;porto-alegre-l32362;1053833;Porto alegre salgado filho airport with lounge access;https://www.getyourguide.com/porto-alegre-l32362/porto-alegre-salgado-filho-airport-with-lounge-access-t1053833/
Brasil;rio-de-janeiro-l9;1178736;Rio de janeiro 10 hour kitesurfing course with instructor;https://www.getyourguide.com/rio-de-janeiro-l9/rio-de-janeiro-10-hour-kitesurfing-course-with-instructor-t1178736/
Brasil;porto-alegre-l32362;1193957; pa pum city;https://www.getyourguide.com/porto-alegre-l32362/-pa-pum-city-tour-semi-panoramic-porto-alegre-t1193957/
Brasil;maceio-l2064;663910;One way shared;https://www.getyourguide.com/maceio-l2064/one-way-shared-transfer-from-maceio-to-barra-de-sao-miguel-t663910/
Brasil;rio-de-janeiro-l9;800151;Rio de janeiro be a;https://www.getyourguide.com/rio-de-janeiro-l9/rio-de-janeiro-be-a-true-rio-s-local-for-a-day-tour-t800151/
Brasil;rio-de-janeiro-l9;83523;Rio jeep;https://www.getyourguide.com/rio-de-janeiro-l9/rio-jeep-tour-with-corcovado-tijuca-forest-and-sta-teresa-t83523/
Brasil;beberibe-l141901;879732;1 day guided;https://www.getyourguide.com/beberibe-l141901/1-day-guided-tour-discover-3-paradise-beaches-in-ceara-t879732/
Brasil;salvaterra-l181818;1111016;Buffalo;https://www.getyourguide.com/salvaterra-l181818/buffalo-tour-salvaterra-t1111016/
Brasil;natal-l2112;1111967;Natal sao miguel do gostoso day;https://www.getyourguide.com/natal-l2112/natal-sao-miguel-do-gostoso-day-trip-t1111967/
Brasil;rio-de-janeiro-l9;527657;Aventurismo pedra da gavea;https://www.getyourguide.com/rio-de-janeiro-l9/aventurismo-pedra-da-gavea-t527657/
Brasil;canela-l117155;1190461;Between vineyards and sensations exclusive experiences in bento goncalves;https://www.getyourguide.com/canela-l117155/between-vineyards-and-sensations-exclusive-experiences-in-bento-goncalves-t1190461/
Brasil;niteroi-l34109;1217815;Paragliding flight in niteroi rj paragliding experience in niteroi rj;https://www.getyourguide.com/niteroi-l34109/paragliding-flight-in-niteroi-rj-paragliding-experience-in-niteroi-rj-t1217815/
Brasil;rio-de-janeiro-l9;834927;Floresta da;https://www.getyourguide.com/rio-de-janeiro-l9/floresta-da-tijuca-t834927/
Brasil;rio-de-janeiro-l9;888716;Rio de janeiro favela da rocinha walking;https://www.getyourguide.com/rio-de-janeiro-l9/rio-de-janeiro-favela-da-rocinha-walking-tour-t888716/
Brasil;sao-paulo-l384;80889;Private sao paulo city;https://www.getyourguide.com/sao-paulo-l384/private-sao-paulo-city-tour-t80889/
Brasil;rio-de-janeiro-l9;1142238;Rio artistry santa;https://www.getyourguide.com/rio-de-janeiro-l9/rio-artistry-santa-teresa-walking-tour-free-art-workshop-t1142238/
Brasil;rio-de-janeiro-l9;1183020;Rio de janeiro motorcycle ride beaches downtown rio;https://www.getyourguide.com/rio-de-janeiro-l9/rio-de-janeiro-motorcycle-ride-beaches-downtown-rio-t1183020/
Brasil;canela-l117155;1190525;Authentic garibaldi history wine and;https://www.getyourguide.com/canela-l117155/authentic-garibaldi-history-wine-and-traditional-flavors-t1190525/
Brasil;rio-de-janeiro-l9;554850;From rio de janeiro angra dos reis ilha grande day;https://www.getyourguide.com/rio-de-janeiro-l9/from-rio-de-janeiro-angra-dos-reis-ilha-grande-day-tour-t554850/
Brasil;rio-de-janeiro-l9;721985;Rio de janeiro paragliding;https://www.getyourguide.com/rio-de-janeiro-l9/rio-de-janeiro-paragliding-tandem-flights-over-rio-t721985/
Brasil;rio-de-janeiro-l9;782847;Rio de janeiro dois irmaos peak sunrise day or sunset hike;https://www.getyourguide.com/rio-de-janeiro-l9/rio-de-janeiro-dois-irmaos-peak-sunrise-day-or-sunset-hike-t782847/
Brasil;curitiba-l1849;24858;Half day;https://www.getyourguide.com/curitiba-l1849/half-day-tour-of-curitiba-city-t24858/
Brasil;rio-de-janeiro-l9;41233;Rio;https://www.getyourguide.com/rio-de-janeiro-l9/rio-tijuca-forest-s-highest-peak-jungle-waterfall-shower-t41233/
Brasil;rio-de-janeiro-l9;847459;Nature and culture botanical garden and lage park in rio;https://www.getyourguide.com/rio-de-janeiro-l9/nature-and-culture-botanical-garden-and-lage-park-in-rio-t847459/
Brasil;canela-l117155;869401;Canelagramado south wineries wine;https://www.getyourguide.com/canela-l117155/canelagramado-south-wineries-wine-train-italian-park-t869401/
Brasil;balneario-camboriu-l32252;881443;Private beto carrero world;https://www.getyourguide.com/balneario-camboriu-l32252/private-beto-carrero-world-transfer-from-balneario-camboriu-sc-t881443/
Brasil;santos-l1708;318117;Santos 7 hour complete city;https://www.getyourguide.com/santos-l1708/santos-7-hour-complete-city-tour-t318117/
Brasil;sao-paulo-l384;931971;Sao paulo masp highlights;https://www.getyourguide.com/sao-paulo-l384/sao-paulo-masp-highlights-tour-with-guaranteed-free-entry-t931971/
Brasil;rio-de-janeiro-l9;433041;Rio bossa nova walking;https://www.getyourguide.com/rio-de-janeiro-l9/rio-bossa-nova-walking-tour-collective-or-private-t433041/
Brasil;rio-de-janeiro-l9;1038996;Rio de janeiro surf school with all equipment included;https://www.getyourguide.com/rio-de-janeiro-l9/rio-de-janeiro-surf-school-with-all-equipment-included-t1038996/
Brasil;rio-de-janeiro-l9;487896;From rio de janeiro ride;https://www.getyourguide.com/rio-de-janeiro-l9/from-rio-de-janeiro-ride-to-ilha-grande-by-van-flexboat-t487896/
Brasil;canela-l117155;490725;Gramado and canela private daytour from porto alegre;https://www.getyourguide.com/canela-l117155/gramado-and-canela-private-daytour-from-porto-alegre-t490725/
Brasil;rio-de-janeiro-l9;1085819;Rio de janeiro christ;https://www.getyourguide.com/rio-de-janeiro-l9/rio-de-janeiro-christ-the-redeemer-guided-bike-tour-t1085819/
Brasil;rio-de-janeiro-l9;1122784;Explore;https://www.getyourguide.com/rio-de-janeiro-l9/explore-the-historic-heart-of-rio-de-janeiro-t1122784/
Brasil;campinas-l1696;1221105;Coffee and wine;https://www.getyourguide.com/campinas-l1696/coffee-and-wine-tour-in-espirito-santo-do-pinhal-t1221105/
Brasil;rio-de-janeiro-l9;1298060;Rio de janeiro copacabana favela walking;https://www.getyourguide.com/rio-de-janeiro-l9/rio-de-janeiro-copacabana-favela-walking-tour-tabajaras-and-cabritos-t1298060/
Brasil;barreirinhas-l105727;1042790;Rio preguicas;https://www.getyourguide.com/barreirinhas-l105727/rio-preguicas-trip-vassouras-to-cabure-adventure-t1042790/
Brasil;natal-l2112;1109330;Natal 4x4 natives route;https://www.getyourguide.com/natal-l2112/natal-4x4-natives-route-tour-with-hidden-lagoons-t1109330/
Brasil;rio-de-janeiro-l9;1138637;Rio de janeiro christ;https://www.getyourguide.com/rio-de-janeiro-l9/rio-de-janeiro-christ-the-redeemer-documentary-photo-tour-t1138637/
Brasil;sao-paulo-l384;1138888;Brazil;https://www.getyourguide.com/sao-paulo-l384/brazil-tropical-fruit-experience-in-sao-paulo-t1138888/
Brasil;rio-de-janeiro-l9;462097;Boat;https://www.getyourguide.com/rio-de-janeiro-l9/boat-tour-of-rio-in-a-shared-group-mornings-afternoons-t462097/
Brasil;rio-de-janeiro-l9;1243940;Rio de janeiro flight with aerobatics;https://www.getyourguide.com/rio-de-janeiro-l9/rio-de-janeiro-flight-with-aerobatics-t1243940/
Brasil;porto-de-galinhas-l32612;1301343;Ocean immersion introductory dive and coral farming in porto de galinhas;https://www.getyourguide.com/porto-de-galinhas-l32612/ocean-immersion-introductory-dive-and-coral-farming-in-porto-de-galinhas-t1301343/
Brasil;paraty-l1845;1304511;Paraty saco do mamangua fjord boat;https://www.getyourguide.com/paraty-l1845/paraty-saco-do-mamangua-fjord-boat-tour-with-snorkeling-t1304511/
Brasil;maceio-l2064;26993;Praia de paripueira beach day;https://www.getyourguide.com/maceio-l2064/praia-de-paripueira-beach-day-tour-t26993/
Brasil;rio-de-janeiro-l9;388489;From rio de janeiro buzios boat;https://www.getyourguide.com/rio-de-janeiro-l9/from-rio-de-janeiro-buzios-boat-trip-with-lunch-t388489/
Brasil;rio-de-janeiro-l9;411306;Rio de janeiro 4 hour express;https://www.getyourguide.com/rio-de-janeiro-l9/rio-de-janeiro-4-hour-express-tour-to-christ-the-redeemer-t411306/
Brasil;rio-de-janeiro-l9;1079026;Rio de janeiro museum of modern art guided;https://www.getyourguide.com/rio-de-janeiro-l9/rio-de-janeiro-museum-of-modern-art-guided-tour-transfer-t1079026/
Brasil;rio-de-janeiro-l9;1097157;Rio de janeiro lgbt nightlife;https://www.getyourguide.com/rio-de-janeiro-l9/rio-de-janeiro-lgbt-nightlife-tour-with-transfers-t1097157/
Brasil;rio-de-janeiro-l9;831098;Rio de janeiro speedboat;https://www.getyourguide.com/rio-de-janeiro-l9/rio-de-janeiro-speedboat-tour-sunset-with-beer-t831098/
Brasil;rio-de-janeiro-l9;1215266;Seafood barbecue class in copacabana;https://www.getyourguide.com/rio-de-janeiro-l9/seafood-barbecue-class-in-copacabana-t1215266/
Brasil;florianopolis-l246;846963;Private;https://www.getyourguide.com/florianopolis-l246/private-transfer-from-florianopolis-airport-to-balneario-camboriu-sc-t846963/
Brasil;rio-de-janeiro-l9;1234256;Rio de janeiro feira da gloria market;https://www.getyourguide.com/rio-de-janeiro-l9/rio-de-janeiro-feira-da-gloria-market-tour-with-chef-guide-t1234256/
Brasil;rio-de-janeiro-l9;961203;Yoga surf lessons ipanema beach;https://www.getyourguide.com/rio-de-janeiro-l9/yoga-surf-lessons-ipanema-beach-t961203/
Brasil;rio-de-janeiro-l9;964984;Rio de janeiro private helicopter flight over;https://www.getyourguide.com/rio-de-janeiro-l9/rio-de-janeiro-private-helicopter-flight-over-the-city-t964984/
Brasil;maceio-l2064;27058;Gunga beach day;https://www.getyourguide.com/maceio-l2064/gunga-beach-day-trip-t27058/
Brasil;rio-de-janeiro-l9;1051666;Ipanema photo experience at;https://www.getyourguide.com/rio-de-janeiro-l9/ipanema-photo-experience-at-the-rio-sunset-t1051666/
Brasil;rio-de-janeiro-l9;1061631;Rio de janeiro samba bar crawl with caipirinha experience;https://www.getyourguide.com/rio-de-janeiro-l9/rio-de-janeiro-samba-bar-crawl-with-caipirinha-experience-t1061631/
Brasil;guarajuba-l128588;1099013;Day surf;https://www.getyourguide.com/guarajuba-l128588/day-surf-trip-landscapes-salvador-itacimirim-8-hours-t1099013/
Brasil;sao-paulo-l384;389809;Sao paulo guarulhos gru airport private;https://www.getyourguide.com/sao-paulo-l384/sao-paulo-guarulhos-gru-airport-private-transfer-t389809/
Brasil;sao-paulo-l384;1123393;Sao paulo guided;https://www.getyourguide.com/sao-paulo-l384/sao-paulo-guided-tour-of-the-botanical-garden-t1123393/
Brasil;matelandia-l214878;1236127;Iguassu falls waters meditation nature meets;https://www.getyourguide.com/matelandia-l214878/iguassu-falls-waters-meditation-nature-meets-tranquility-t1236127/
Brasil;rio-de-janeiro-l9;1313570;Rio photo;https://www.getyourguide.com/rio-de-janeiro-l9/rio-photo-tours-rio-de-janeiro-full-day-private-photo-tour-t1313570/
Brasil;rio-de-janeiro-l9;633685;Rio de janeiro barra da;https://www.getyourguide.com/rio-de-janeiro-l9/rio-de-janeiro-barra-da-tijuca-walk-food-tour-with-drinks-t633685/
Brasil;jericoacoara-l105737;1324772;Quad bike on;https://www.getyourguide.com/jericoacoara-l105737/quad-bike-on-the-east-coast-of-jericoacoara-t1324772/
Brasil;rio-de-janeiro-l9;285677;Unforgettable sunset boat;https://www.getyourguide.com/rio-de-janeiro-l9/unforgettable-sunset-boat-tour-with-caipirinhas-t285677/
Brasil;canela-l117155;822592;Canela city;https://www.getyourguide.com/canela-l117155/canela-city-tour-private-discover-the-magic-of-canela-t822592/
Brasil;sao-paulo-l384;832122;Sao paulo 20 hours pinheiros street art spray experience;https://www.getyourguide.com/sao-paulo-l384/sao-paulo-20-hours-pinheiros-street-art-spray-experience-t832122/
Brasil;canela-l117155;868311;Gramado and canela christmas dream bus;https://www.getyourguide.com/canela-l117155/gramado-and-canela-christmas-dream-bus-tour-t868311/
Brasil;rio-de-janeiro-l9;889000;Hike dois irmaos vidigal favela experience;https://www.getyourguide.com/rio-de-janeiro-l9/hike-dois-irmaos-vidigal-favela-experience-t889000/
Brasil;rio-de-janeiro-l9;892849;Adventures in rio de janeiro christ;https://www.getyourguide.com/rio-de-janeiro-l9/adventures-in-rio-de-janeiro-christ-the-reedemer-full-day-t892849/
Brasil;rio-de-janeiro-l9;1027685;Romantic sailboat;https://www.getyourguide.com/rio-de-janeiro-l9/romantic-sailboat-tour-in-rio-de-janeiro-t1027685/
Brasil;maceio-l2064;1097398;Maceio ipioca beach day;https://www.getyourguide.com/maceio-l2064/maceio-ipioca-beach-day-trip-with-hotel-pickup-t1097398/
Brasil;rio-de-janeiro-l9;808877;Rio de janeiro voo de helicoptero sem portas doors off;https://www.getyourguide.com/rio-de-janeiro-l9/rio-de-janeiro-voo-de-helicoptero-sem-portas-doors-off-t808877/
Brasil;rio-de-janeiro-l9;847463;Guided;https://www.getyourguide.com/rio-de-janeiro-l9/guided-tour-botanical-garden-lage-park-in-the-heart-of-rio-t847463/
Brasil;rio-de-janeiro-l9;1261773;Rio;https://www.getyourguide.com/rio-de-janeiro-l9/rio-tandem-paragliding-with-city-champion-andre-do-ponte-t1261773/
Brasil;rio-de-janeiro-l9;1077513;Pantanal carioca urban escape and nature connection;https://www.getyourguide.com/rio-de-janeiro-l9/pantanal-carioca-urban-escape-and-nature-connection-tour-t1077513/
Brasil;parnaiba-l194334;1101395;Parnaiba piaui coast;https://www.getyourguide.com/parnaiba-l194334/parnaiba-piaui-coast-trip-with-barra-grande-t1101395/
Brasil;florianopolis-l246;520387;City;https://www.getyourguide.com/florianopolis-l246/city-tour-florianopolis-t520387/
Brasil;fortaleza-l1863;93513;Fortaleza round;https://www.getyourguide.com/fortaleza-l1863/fortaleza-round-trip-airport-transfers-t93513/
Brasil;rio-de-janeiro-l9;832986;Rio de janeiro joatinga beach and gigoia island;https://www.getyourguide.com/rio-de-janeiro-l9/rio-de-janeiro-joatinga-beach-and-gigoia-island-t832986/
Brasil;atins-l158343;1041974;Atins;https://www.getyourguide.com/atins-l158343/atins-tour-with-village-stop-and-lagoon-visits-t1041974/
Brasil;rio-de-janeiro-l9;709760;An unforgettable 60minutes helicopter ride in rio de janeiro;https://www.getyourguide.com/rio-de-janeiro-l9/an-unforgettable-60minutes-helicopter-ride-in-rio-de-janeiro-t709760/
Brasil;parati-mirim-l214877;1190814;Paraty 3 day kayak hike mamangua expedition;https://www.getyourguide.com/parati-mirim-l214877/paraty-3-day-kayak-hike-mamangua-expedition-t1190814/
Brasil;lagoinha-l141886;879724;Explore lagoinha beach full day guided;https://www.getyourguide.com/lagoinha-l141886/explore-lagoinha-beach-full-day-guided-tour-experience-t879724/
Brasil;caucaia-l208637;1261572;Cumbuco beach;https://www.getyourguide.com/caucaia-l208637/cumbuco-beach-tour-with-beach-club-access-t1261572/
Brasil;balneario-camboriu-l32252;1267419;Balneario camboriu brazilian street food;https://www.getyourguide.com/balneario-camboriu-l32252/balneario-camboriu-brazilian-street-food-tour-t1267419/
Brasil;rio-de-janeiro-l9;1313587;Rio de janeiro sunrise hike and favela with drone videos;https://www.getyourguide.com/rio-de-janeiro-l9/rio-de-janeiro-sunrise-hike-and-favela-with-drone-videos-t1313587/
Brasil;brasilia-l144326;1069496;Brasilia monumental axis guided bike;https://www.getyourguide.com/brasilia-l144326/brasilia-monumental-axis-guided-bike-tour-t1069496/
Brasil;maceio-l2064;1097386;Escape;https://www.getyourguide.com/maceio-l2064/escape-the-crowds-at-ipioca-a-haven-on-the-north-coast-t1097386/
Brasil;rio-de-janeiro-l9;197428;Rio de janeiro half day city highlights;https://www.getyourguide.com/rio-de-janeiro-l9/rio-de-janeiro-half-day-city-highlights-tour-t197428/
Brasil;sao-paulo-l384;355440;Sao paulo carnaval samba parade experience;https://www.getyourguide.com/sao-paulo-l384/sao-paulo-carnaval-samba-parade-experience-t355440/
Brasil;fortaleza-l1863;468126;Fortaleza city;https://www.getyourguide.com/fortaleza-l1863/fortaleza-city-tour-t468126/
Brasil;lencois-l32549;1320837;Chapada highlights mosquito waterfall mucugezinho river and devil s pool;https://www.getyourguide.com/lencois-l32549/chapada-highlights-mosquito-waterfall-mucugezinho-river-and-devil-s-pool-t1320837/
Brasil;balneario-camboriu-l32252;1322479;Balneario camboriu summit bc entry;https://www.getyourguide.com/balneario-camboriu-l32252/balneario-camboriu-summit-bc-entry-ticket-t1322479/
Brasil;rio-de-janeiro-l9;642746;Rio de janeiro;https://www.getyourguide.com/rio-de-janeiro-l9/rio-de-janeiro-two-brothers-hike-in-vidigal-sunrise-or-day-t642746/
Brasil;florianopolis-l246;723099;Private;https://www.getyourguide.com/florianopolis-l246/private-transfer-within-the-island-of-florianopolis-t723099/
Brasil;rio-de-janeiro-l9;730379;Rio de janeiro wine;https://www.getyourguide.com/rio-de-janeiro-l9/rio-de-janeiro-wine-tasting-of-brazilian-wines-t730379/
Brasil;paraty-l1845;753167;Waterfall jungle and cachaca distillery jeep;https://www.getyourguide.com/paraty-l1845/waterfall-jungle-and-cachaca-distillery-jeep-tour-t753167/
Brasil;balneario-camboriu-l32252;266090;Balneario camboriu germanic route with blumenau pomerode;https://www.getyourguide.com/balneario-camboriu-l32252/balneario-camboriu-germanic-route-with-blumenau-pomerode-t266090/
Brasil;rio-de-janeiro-l9;894754;Rio de janeiro skyline night;https://www.getyourguide.com/rio-de-janeiro-l9/rio-de-janeiro-skyline-night-tour-rio-samba-bus-panoramic-city-tour-t894754/
Brasil;rio-de-janeiro-l9;976032;Rio de janeiro private catamaran cruise with bbq open bar;https://www.getyourguide.com/rio-de-janeiro-l9/rio-de-janeiro-private-catamaran-cruise-with-bbq-open-bar-t976032/
Brasil;rio-de-janeiro-l9;551616;Eat drink and discover rio like a local with a local;https://www.getyourguide.com/rio-de-janeiro-l9/eat-drink-and-discover-rio-like-a-local-with-a-local-t551616/
Brasil;angra-dos-reis-l88183;598817;Angra dos reis paradise islands speedboat;https://www.getyourguide.com/angra-dos-reis-l88183/angra-dos-reis-paradise-islands-speedboat-tour-t598817/
Brasil;rio-de-janeiro-l9;1074890;Rio de janeiro;https://www.getyourguide.com/rio-de-janeiro-l9/rio-de-janeiro-tijuca-lagoon-boat-tour-with-wildlife-t1074890/
Brasil;curitiba-l1849;1094998;Vila velha witmarsum colony lavender field full day lovely;https://www.getyourguide.com/curitiba-l1849/vila-velha-witmarsum-colony-lavender-field-full-day-lovely-tour-t1094998/
Brasil;rio-de-janeiro-l9;1137712;Rio de janeiro historic downtown walking;https://www.getyourguide.com/rio-de-janeiro-l9/rio-de-janeiro-historic-downtown-walking-tour-with-lunch-t1137712/
Brasil;rio-de-janeiro-l9;737511;Pedra do;https://www.getyourguide.com/rio-de-janeiro-l9/pedra-do-telegrafo-trail-and-beach-beauty-discovery-t737511/
Brasil;gramado-l32317;1193771;Bento goncalves;https://www.getyourguide.com/gramado-l32317/bento-goncalves-the-mountain-range-written-in-wineries-and-vineyards-t1193771/
Brasil;rio-de-janeiro-l9;25758;Half day;https://www.getyourguide.com/rio-de-janeiro-l9/half-day-tijuca-park-hiking-tour-in-rio-t25758/
Brasil;rio-de-janeiro-l9;1082470;Rio pedra da gavea viewpoints and forest hiking experience;https://www.getyourguide.com/rio-de-janeiro-l9/rio-pedra-da-gavea-viewpoints-and-forest-hiking-experience-t1082470/
Brasil;rio-de-janeiro-l9;1123663;Rio de janeiro unique experience at;https://www.getyourguide.com/rio-de-janeiro-l9/rio-de-janeiro-unique-experience-at-the-latin-funk-party-t1123663/
Brasil;curitiba-l1849;1226993;Curitiba;https://www.getyourguide.com/curitiba-l1849/curitiba-ticket-for-a-painting-event-in-a-local-artist-s-studio-t1226993/
Brasil;guarulhos-l150643;416610;Sao paulo airport premium lounge entry;https://www.getyourguide.com/guarulhos-l150643/sao-paulo-airport-premium-lounge-entry-t416610/
Brasil;rio-de-janeiro-l9;425301;Rio salgueiro samba school rehearsal admission w;https://www.getyourguide.com/rio-de-janeiro-l9/rio-salgueiro-samba-school-rehearsal-admission-w-transfer-t425301/
Brasil;rio-de-janeiro-l9;729569;Rio photoshoot at mirante dona marta;https://www.getyourguide.com/rio-de-janeiro-l9/rio-photoshoot-at-mirante-dona-marta-t729569/
Brasil;sao-paulo-l384;540773;Tour pelos bares e baladas de sao paulo pubcrawl sp;https://www.getyourguide.com/sao-paulo-l384/tour-pelos-bares-e-baladas-de-sao-paulo-pubcrawl-sp-t540773/
Brasil;rio-de-janeiro-l9;920091;Rio de janeiro guided;https://www.getyourguide.com/rio-de-janeiro-l9/rio-de-janeiro-guided-tour-for-a-football-game-in-historic-stadiums-t920091/
Brasil;barreirinhas-l105727;1042788;Discover vassouras cabure on rio preguicas;https://www.getyourguide.com/barreirinhas-l105727/discover-vassouras-cabure-on-rio-preguicas-tour-t1042788/
Brasil;porto-de-galinhas-l32612;1083360;Carneiros beach by speedboat day use at lup beach club;https://www.getyourguide.com/porto-de-galinhas-l32612/carneiros-beach-by-speedboat-day-use-at-lup-beach-club-transfer-t1083360/
Brasil;rio-de-janeiro-l9;856812;Samba night in pedra do sal with 1 free caipirinha;https://www.getyourguide.com/rio-de-janeiro-l9/samba-night-in-pedra-do-sal-with-1-free-caipirinha-t856812/
Brasil;rio-de-janeiro-l9;899486;Rio de janeiro santa marta favela;https://www.getyourguide.com/rio-de-janeiro-l9/rio-de-janeiro-santa-marta-favela-tour-with-local-resident-guide-and-lunch-t899486/
Brasil;rio-de-janeiro-l9;949228;Pub crawl in lapa with authentic brazilian bar food;https://www.getyourguide.com/rio-de-janeiro-l9/pub-crawl-in-lapa-with-authentic-brazilian-bar-food-t949228/
Brasil;rio-de-janeiro-l9;970926;Pedra bonita easy hike and stunning views;https://www.getyourguide.com/rio-de-janeiro-l9/pedra-bonita-easy-hike-and-stunning-views-t970926/
Brasil;paraty-l1845;1257903;Paraty 4 day joatinga peninsula sea kayaking expedition;https://www.getyourguide.com/paraty-l1845/paraty-4-day-joatinga-peninsula-sea-kayaking-expedition-t1257903/
Brasil;natal-l2112;1109238;Natal waters;https://www.getyourguide.com/natal-l2112/natal-waters-tour-with-visit-to-lagoons-and-dunes-t1109238/
Brasil;rio-de-janeiro-l9;1122707;Rio de janeiro night;https://www.getyourguide.com/rio-de-janeiro-l9/rio-de-janeiro-night-tour-with-party-at-substation-club-t1122707/
Brasil;santos-l1708;1186497;Full day;https://www.getyourguide.com/santos-l1708/full-day-tour-of-santos-t1186497/
Brasil;rio-de-janeiro-l9;1284650;Rio de janeiro sunrise paddle boarding;https://www.getyourguide.com/rio-de-janeiro-l9/rio-de-janeiro-sunrise-paddle-boarding-t1284650/
Brasil;rio-de-janeiro-l9;1287665;Gate of heaven drone rocinha favela;https://www.getyourguide.com/rio-de-janeiro-l9/gate-of-heaven-drone-rocinha-favela-tour-t1287665/
Brasil;maceio-l2064;26872;Duas barras beach marape dunes full day;https://www.getyourguide.com/maceio-l2064/duas-barras-beach-marape-dunes-full-day-tour-t26872/
Brasil;natal-l2112;27486;Natal airport shared;https://www.getyourguide.com/natal-l2112/natal-airport-shared-transfers-round-trip-or-one-way-option-t27486/
Brasil;sao-paulo-l384;521548;Sao paulo bar and street art crawl with local guide;https://www.getyourguide.com/sao-paulo-l384/sao-paulo-bar-and-street-art-crawl-with-local-guide-t521548/
Brasil;rio-de-janeiro-l9;617732;Rio de janeiro surftrips cabo frio arraial do cabo buzios;https://www.getyourguide.com/rio-de-janeiro-l9/rio-de-janeiro-surftrips-cabo-frio-arraial-do-cabo-buzios-t617732/
Brasil;rio-de-janeiro-l9;767125;Rio de janeiro;https://www.getyourguide.com/rio-de-janeiro-l9/rio-de-janeiro-tijuca-national-park-botanic-garden-tour-t767125/
Brasil;rio-de-janeiro-l9;639234;Shared;https://www.getyourguide.com/rio-de-janeiro-l9/shared-transfer-from-rio-de-janeiro-to-arraial-do-cabo-t639234/
Brasil;rio-de-janeiro-l9;878261;Rio boat party dance;https://www.getyourguide.com/rio-de-janeiro-l9/rio-boat-party-dance-to-dj-beats-on-guanabara-bay-t878261/
Brasil;rio-de-janeiro-l9;783824;Rio immersive;https://www.getyourguide.com/rio-de-janeiro-l9/rio-immersive-tour-through-the-alleys-of-rocinha-favela-t783824/
Brasil;santos-l1708;860316;Santos waterfall hike and boat ride at;https://www.getyourguide.com/santos-l1708/santos-waterfall-hike-and-boat-ride-at-the-rain-forest-t860316/
Brasil;rio-de-janeiro-l9;1065517;Rio de janeiro christ;https://www.getyourguide.com/rio-de-janeiro-l9/rio-de-janeiro-christ-the-redeemer-sugarloaf-sunset-tour-t1065517/
Brasil;florianopolis-l246;998891;Lagoinha do leste;https://www.getyourguide.com/florianopolis-l246/lagoinha-do-leste-trail-history-culture-nature-and-stunning-photos-t998891/
Brasil;florianopolis-l246;1004202;Family scavenger hunt in florianopolis historic center;https://www.getyourguide.com/florianopolis-l246/family-scavenger-hunt-in-florianopolis-historic-center-t1004202/
Brasil;rio-de-janeiro-l9;1065576;Rio de janeiro private;https://www.getyourguide.com/rio-de-janeiro-l9/rio-de-janeiro-private-tour-with-photographer-t1065576/
Brasil;niteroi-l34109;1225780;Paragliding in niteroi with a certified pilot and a view of rio;https://www.getyourguide.com/niteroi-l34109/paragliding-in-niteroi-with-a-certified-pilot-and-a-view-of-rio-t1225780/
Brasil;rio-de-janeiro-l9;1175404;Rio de janeiro 3 day kitesurfing;https://www.getyourguide.com/rio-de-janeiro-l9/rio-de-janeiro-3-day-kitesurfing-trip-with-lessons-t1175404/
Brasil;rio-de-janeiro-l9;1291857;Rio a day as fluminense;https://www.getyourguide.com/rio-de-janeiro-l9/rio-a-day-as-fluminense-ticket-to-the-club-headquarters-and-a-football-match-at-maracana-t1291857/
Brasil;rio-de-janeiro-l9;1192854;Motorcycle;https://www.getyourguide.com/rio-de-janeiro-l9/motorcycle-tour-in-the-vidigal-favela-t1192854/
Brasil;rio-de-janeiro-l9;86519;Rio jewish heritage half day;https://www.getyourguide.com/rio-de-janeiro-l9/rio-jewish-heritage-half-day-tour-t86519/
Brasil;rio-de-janeiro-l9;258827;Paraty shared;https://www.getyourguide.com/rio-de-janeiro-l9/paraty-shared-transport-tofrom-rio-de-janeiro-t258827/
Brasil;sao-paulo-l384;750660;Best sao paulo city;https://www.getyourguide.com/sao-paulo-l384/best-sao-paulo-city-tour-private-5-hour-walk-t750660/
Brasil;florianopolis-l246;636664;Florianopolis gravata beach;https://www.getyourguide.com/florianopolis-l246/florianopolis-gravata-beach-trail-with-local-guide-t636664/
Brasil;rio-de-janeiro-l9;753228;From rio full day in buzios with catamaran;https://www.getyourguide.com/rio-de-janeiro-l9/from-rio-full-day-in-buzios-with-catamaran-tour-and-lunch-t753228/
Brasil;fortaleza-l1863;901839;From fortaleza exotic canoa quebrada beach day;https://www.getyourguide.com/fortaleza-l1863/from-fortaleza-exotic-canoa-quebrada-beach-day-trip-t901839/
Brasil;rio-de-janeiro-l9;960772;Rio sup paddleboarding with vw kombi;https://www.getyourguide.com/rio-de-janeiro-l9/rio-sup-paddleboarding-with-vw-kombi-transporter-transfer-t960772/
Brasil;chapada-dos-guimaraes-l222401;881369;Chapada dos guimaraescidade de pedra vale do rio claro with veu de noiva;https://www.getyourguide.com/chapada-dos-guimaraes-l222401/chapada-dos-guimaraescidade-de-pedra-vale-do-rio-claro-with-veu-de-noiva-t881369/
Brasil;passa-quatro-l222250;916886;Piquete mgmarins itaguare crossing;https://www.getyourguide.com/passa-quatro-l222250/piquete-mgmarins-itaguare-crossing-the-most-technical-trekking-in-brazil-t916886/
Brasil;parnaiba-l194334;1088882;Parnaiba delta boat;https://www.getyourguide.com/parnaiba-l194334/parnaiba-delta-boat-tour-with-lunch-and-hotel-pickup-t1088882/
Brasil;natal-l2112;1111969;From natal sao miguel do gostoso beach culture;https://www.getyourguide.com/natal-l2112/from-natal-sao-miguel-do-gostoso-beach-culture-tour-t1111969/
Brasil;miranda-l248292;1113600;Miranda pantanal ranch visit with lasso demo snack;https://www.getyourguide.com/miranda-l248292/miranda-pantanal-ranch-visit-with-lasso-demo-snack-t1113600/
Brasil;sao-paulo-l384;1123366;Sao paulo jaragua peak pai ze;https://www.getyourguide.com/sao-paulo-l384/sao-paulo-jaragua-peak-pai-ze-trail-t1123366/
Brasil;rio-de-janeiro-l9;1011459;Rio de janeiro;https://www.getyourguide.com/rio-de-janeiro-l9/rio-de-janeiro-two-brothers-hill-hike-from-sunrise-to-sunset-t1011459/
Brasil;barreirinhas-l105727;1186677;Barreirinhas lencois maranhenses 5 day;https://www.getyourguide.com/barreirinhas-l105727/barreirinhas-lencois-maranhenses-5-day-tour-with-lodging-t1186677/
Brasil;fortaleza-l1863;1268751;Fortaleza city;https://www.getyourguide.com/fortaleza-l1863/fortaleza-city-tour-central-market-and-fish-market-t1268751/
Brasil;maceio-l2064;1249513;Maceio gunga beach;https://www.getyourguide.com/maceio-l2064/maceio-gunga-beach-tour-by-van-with-a-tour-guide-t1249513/
Brasil;recife-l1836;231532;Pernambuco carneiros beach day;https://www.getyourguide.com/recife-l1836/pernambuco-carneiros-beach-day-tour-with-catamaran-ride-t231532/
Brasil;rio-de-janeiro-l9;96627;Pedra do;https://www.getyourguide.com/rio-de-janeiro-l9/pedra-do-telegrafo-hike-and-beach-full-day-tour-t96627/
Brasil;sao-paulo-l384;321018;Sao paulo 20 minute sightseeing helicopter;https://www.getyourguide.com/sao-paulo-l384/sao-paulo-20-minute-sightseeing-helicopter-tour-t321018/
Brasil;rio-de-janeiro-l9;417952;Rio lgbtqia private;https://www.getyourguide.com/rio-de-janeiro-l9/rio-lgbtqia-private-tour-with-local-gay-friendly-guide-t417952/
Brasil;rio-de-janeiro-l9;437949;Rio rocinha walking group;https://www.getyourguide.com/rio-de-janeiro-l9/rio-rocinha-walking-group-tour-the-brazil-s-largest-favela-t437949/
Brasil;rio-de-janeiro-l9;543184;Hanglider rio de janeiro;https://www.getyourguide.com/rio-de-janeiro-l9/hanglider-rio-de-janeiro-t543184/
Brasil;rio-de-janeiro-l9;827052;Rio de janeiro 3 hours shared catamaran sailing;https://www.getyourguide.com/rio-de-janeiro-l9/rio-de-janeiro-3-hours-shared-catamaran-sailing-tour-t827052/
Brasil;rio-de-janeiro-l9;740417;Rio samba bus hop on hop off city;https://www.getyourguide.com/rio-de-janeiro-l9/rio-samba-bus-hop-on-hop-off-city-tour-in-rio-de-janeiro-t740417/
Brasil;rio-de-janeiro-l9;897302;Day in rio de janeiro christ secret beach helicopter;https://www.getyourguide.com/rio-de-janeiro-l9/day-in-rio-de-janeiro-christ-secret-beach-helicopter-t897302/
Brasil;rio-de-janeiro-l9;904252;Carnival experience at a samba school in rio salgueiro 20252026;https://www.getyourguide.com/rio-de-janeiro-l9/carnival-experience-at-a-samba-school-in-rio-salgueiro-20252026-t904252/
Brasil;rio-de-janeiro-l9;858925;Rio de janeiro christ;https://www.getyourguide.com/rio-de-janeiro-l9/rio-de-janeiro-christ-the-redeemer-by-van-and-city-tour-t858925/
Brasil;rio-de-janeiro-l9;877706;Rio de janeiro helicopter flight christ;https://www.getyourguide.com/rio-de-janeiro-l9/rio-de-janeiro-helicopter-flight-christ-the-redeemer-30-min-t877706/
Brasil;rio-de-janeiro-l9;946999;From rio de janeiro 5 day bahia and abrolhos islands;https://www.getyourguide.com/rio-de-janeiro-l9/from-rio-de-janeiro-5-day-bahia-and-abrolhos-islands-tour-t946999/
Brasil;paraty-l1845;947806;Paraty;https://www.getyourguide.com/paraty-l1845/paraty-tour-of-the-islands-and-paradise-beaches-of-paraty-t947806/
Brasil;parnaiba-l194334;1100873;Parnaiba delta cruiser circuit speedboat;https://www.getyourguide.com/parnaiba-l194334/parnaiba-delta-cruiser-circuit-speedboat-tour-t1100873/
Brasil;fortaleza-l1863;1052923;Fortalezapinto martins intl airport w premium lounge access;https://www.getyourguide.com/fortaleza-l1863/fortalezapinto-martins-intl-airport-w-premium-lounge-access-t1052923/
Brasil;angra-dos-reis-l88183;1145465;Vila abraao lopes mendes pouso and sto antonio boat;https://www.getyourguide.com/angra-dos-reis-l88183/vila-abraao-lopes-mendes-pouso-and-sto-antonio-boat-tour-t1145465/
Brasil;bento-goncalves-l117160;1189750;Pinto bandeira discover wines and unique experiences;https://www.getyourguide.com/bento-goncalves-l117160/pinto-bandeira-discover-wines-and-unique-experiences-t1189750/
Brasil;curitiba-l1849;1250919;Admission;https://www.getyourguide.com/curitiba-l1849/admission-to-the-oscar-niemeyer-museum-t1250919/
Brasil;recife-l1836;133917;From recife full day shopping cachaca;https://www.getyourguide.com/recife-l1836/from-recife-full-day-shopping-cachaca-tour-t133917/
Brasil;rio-de-janeiro-l9;405742;Shared;https://www.getyourguide.com/rio-de-janeiro-l9/shared-transfer-from-rio-de-janeiro-to-paraty-t405742/
Brasil;rio-de-janeiro-l9;1307863;Experience santa marta authentic favela immersion with residents and social impact;https://www.getyourguide.com/rio-de-janeiro-l9/experience-santa-marta-authentic-favela-immersion-with-residents-and-social-impact-t1307863/
Brasil;sao-paulo-l384;427946;Sao paulo highlights culture history and vibrance by bike;https://www.getyourguide.com/sao-paulo-l384/sao-paulo-highlights-culture-history-and-vibrance-by-bike-t427946/
Brasil;rio-de-janeiro-l9;83265;Christ;https://www.getyourguide.com/rio-de-janeiro-l9/christ-the-redeemer-rio-de-janeiro-sightseeing-tour-t83265/
Brasil;rio-de-janeiro-l9;308768;Rio botanical garden;https://www.getyourguide.com/rio-de-janeiro-l9/rio-botanical-garden-tijuca-forest-and-parque-lage-tour-t308768/
Brasil;sao-paulo-l384;573923;Night life;https://www.getyourguide.com/sao-paulo-l384/night-life-tour-in-sao-paulo-t573923/
Brasil;fortaleza-l1863;652798;Shared;https://www.getyourguide.com/fortaleza-l1863/shared-transfer-from-fortaleza-to-aquiraz-t652798/
Brasil;sao-paulo-l384;543016;Walking;https://www.getyourguide.com/sao-paulo-l384/walking-tour-in-sao-paulo-t543016/
Brasil;rio-de-janeiro-l9;721947;Rio de janeiro favela jeep;https://www.getyourguide.com/rio-de-janeiro-l9/rio-de-janeiro-favela-jeep-tour-to-rocinha-and-capoeira-t721947/
Brasil;rio-de-janeiro-l9;751542;Rio white water rafting adventure;https://www.getyourguide.com/rio-de-janeiro-l9/rio-white-water-rafting-adventure-tour-in-rio-de-janeiro-t751542/
Brasil;rio-de-janeiro-l9;710397;Rio de janeiro must see sites walking;https://www.getyourguide.com/rio-de-janeiro-l9/rio-de-janeiro-must-see-sites-walking-tour-with-a-guide-t710397/
Brasil;barreirinhas-l105727;879765;Half day;https://www.getyourguide.com/barreirinhas-l105727/half-day-tour-lagoa-azul-maranhao-highlights-t879765/
Brasil;rio-de-janeiro-l9;736007;Rio de janeiro copacabana local bars private food;https://www.getyourguide.com/rio-de-janeiro-l9/rio-de-janeiro-copacabana-local-bars-private-food-tour-t736007/
Brasil;rio-de-janeiro-l9;796954;Rio de janeiro samba show admission;https://www.getyourguide.com/rio-de-janeiro-l9/rio-de-janeiro-samba-show-admission-transfer-t796954/
Brasil;rio-de-janeiro-l9;971051;Rio de janeiro port shore excursion petropolis private;https://www.getyourguide.com/rio-de-janeiro-l9/rio-de-janeiro-port-shore-excursion-petropolis-private-tour-t971051/
Brasil;angra-dos-reis-l88183;1040988;Rafting mambucaba with 4x4 jeep access;https://www.getyourguide.com/angra-dos-reis-l88183/rafting-mambucaba-with-4x4-jeep-access-through-the-forest-t1040988/
Brasil;botucatu-l155076;914814;Historical walk along;https://www.getyourguide.com/botucatu-l155076/historical-walk-along-the-peabiru-trail-culture-and-nature-in-botucatu-t914814/
Brasil;rio-de-janeiro-l9;1210454;Rio hidden gems;https://www.getyourguide.com/rio-de-janeiro-l9/rio-hidden-gems-tour-explore-rio-off-the-beaten-path-t1210454/
Brasil;rio-de-janeiro-l9;1171770;Rio de janeiro sugarloaf mountain cable car;https://www.getyourguide.com/rio-de-janeiro-l9/rio-de-janeiro-sugarloaf-mountain-cable-car-ticket-t1171770/
Brasil;natal-l2112;27451;Natal city and south coast;https://www.getyourguide.com/natal-l2112/natal-city-and-south-coast-tour-t27451/
Brasil;rio-de-janeiro-l9;712407;Buzios day;https://www.getyourguide.com/rio-de-janeiro-l9/buzios-day-trip-t712407/
Brasil;rio-de-janeiro-l9;814942;Rio de janeiro pequena africa walking;https://www.getyourguide.com/rio-de-janeiro-l9/rio-de-janeiro-pequena-africa-walking-tour-t814942/
Brasil;fortaleza-l1863;682772;Fortaleza;https://www.getyourguide.com/fortaleza-l1863/fortaleza-tour-to-morro-branco-and-fontes-beach-t682772/
Brasil;rio-de-janeiro-l9;836209;Pirate cataraman angra dos reis and ilha grande with lunch;https://www.getyourguide.com/rio-de-janeiro-l9/pirate-cataraman-angra-dos-reis-and-ilha-grande-with-lunch-t836209/
Brasil;paraty-l1845;852315;City;https://www.getyourguide.com/paraty-l1845/city-tour-in-paraty-churches-and-historical-center-private-t852315/
Brasil;sao-paulo-l384;1032038;Smoke steel sao paulo churrasco bbq ritual;https://www.getyourguide.com/sao-paulo-l384/smoke-steel-sao-paulo-churrasco-bbq-ritual-t1032038/
Brasil;sao-paulo-l384;1033754;Reyvi s pub crawl shots and games in sao paulo;https://www.getyourguide.com/sao-paulo-l384/reyvi-s-pub-crawl-shots-and-games-in-sao-paulo-t1033754/
Brasil;petropolis-l1831;1182505;Petropolis and itaipava day;https://www.getyourguide.com/petropolis-l1831/petropolis-and-itaipava-day-tour-with-lunch-t1182505/
Brasil;jericoacoara-l105737;1242237;Jericoacoara brazil east coast;https://www.getyourguide.com/jericoacoara-l105737/jericoacoara-brazil-east-coast-tour-paradise-lagoon-t1242237/
Brasil;canoa-quebrada-l253023;1122812;Canoa quebrada;https://www.getyourguide.com/canoa-quebrada-l253023/canoa-quebrada-tandem-paragliding-flight-t1122812/
Brasil;rio-de-janeiro-l9;1122977;Rio pub crawl with;https://www.getyourguide.com/rio-de-janeiro-l9/rio-pub-crawl-with-the-best-views-of-copacabana-nightclubs-dancing-t1122977/
Brasil;rio-de-janeiro-l9;1124730;Rio copacabana food;https://www.getyourguide.com/rio-de-janeiro-l9/rio-copacabana-food-tour-with-7-tastings-a-secret-dish-t1124730/
Brasil;rio-de-janeiro-l9;1310546;Rio icons of rio christ;https://www.getyourguide.com/rio-de-janeiro-l9/rio-icons-of-rio-christ-the-redeemer-selaron-steps-t1310546/
Brasil;paraty-l1845;1211810;Paraty;https://www.getyourguide.com/paraty-l1845/paraty-trekking-from-sugarloaf-mountain-in-saco-do-mamangua-t1211810/
Brasil;rio-de-janeiro-l9;177975;Sugar loaf mountain skip;https://www.getyourguide.com/rio-de-janeiro-l9/sugar-loaf-mountain-skip-the-line-ticket-guided-tour-t177975/
Brasil;recife-l1836;225879;Recife airport;https://www.getyourguide.com/recife-l1836/recife-airport-to-maragogi-hotels-private-transfer-t225879/
Brasil;fortaleza-l1863;228697;Fortaleza beach park round;https://www.getyourguide.com/fortaleza-l1863/fortaleza-beach-park-round-trip-transfer-t228697/
Brasil;rio-de-janeiro-l9;425461;From rio de janeiro private;https://www.getyourguide.com/rio-de-janeiro-l9/from-rio-de-janeiro-private-transfer-to-arraial-do-cabo-t425461/
Brasil;porto-alegre-l32362;489808;Porto alegre private citytour na capital dos gauchos;https://www.getyourguide.com/porto-alegre-l32362/porto-alegre-private-citytour-na-capital-dos-gauchos-t489808/
Brasil;fortaleza-l1863;228664;From fortaleza canoa quebrada game of;https://www.getyourguide.com/fortaleza-l1863/from-fortaleza-canoa-quebrada-game-of-thrones-beach-t228664/
Brasil;rio-de-janeiro-l9;385553;Rio santos dumont sdu shuttle;https://www.getyourguide.com/rio-de-janeiro-l9/rio-santos-dumont-sdu-shuttle-transfer-tofrom-hotels-t385553/
Brasil;sao-paulo-l384;392600;Sao paulo atlantic forest hike in jaragua park with picnic;https://www.getyourguide.com/sao-paulo-l384/sao-paulo-atlantic-forest-hike-in-jaragua-park-with-picnic-t392600/
Brasil;maceio-l2064;664567;One way shared;https://www.getyourguide.com/maceio-l2064/one-way-shared-transfer-from-maceio-to-maragogi-t664567/
Brasil;maceio-l2064;700108;Gunga beach;https://www.getyourguide.com/maceio-l2064/gunga-beach-tour-t700108/
Brasil;rio-de-janeiro-l9;496648;Rio jeep;https://www.getyourguide.com/rio-de-janeiro-l9/rio-jeep-tour-to-botanical-garden-tijuca-forest-w-ticket-t496648/
Brasil;rio-de-janeiro-l9;529254;City;https://www.getyourguide.com/rio-de-janeiro-l9/city-tour-rio-de-janeiro-t529254/
Brasil;rio-de-janeiro-l9;642837;Rio de janeiro pedra da gavea guided hike with best views;https://www.getyourguide.com/rio-de-janeiro-l9/rio-de-janeiro-pedra-da-gavea-guided-hike-with-best-views-t642837/
Brasil;florianopolis-l246;653109;Private;https://www.getyourguide.com/florianopolis-l246/private-transfer-from-florianopolis-to-bombinhas-t653109/
Brasil;florianopolis-l246;762158;Florianopolis cinematic horse riding;https://www.getyourguide.com/florianopolis-l246/florianopolis-cinematic-horse-riding-tour-in-unique-scenery-t762158/
Brasil;rio-de-janeiro-l9;1072380;Tourio local experience in favela santa marta;https://www.getyourguide.com/rio-de-janeiro-l9/tourio-local-experience-in-favela-santa-marta-t1072380/
Brasil;rio-de-janeiro-l9;1074982;Rio de janeiro modern architecture full day;https://www.getyourguide.com/rio-de-janeiro-l9/rio-de-janeiro-modern-architecture-full-day-tour-transfer-t1074982/
Brasil;porto-de-galinhas-l32612;1086443;Porto de galinhas 6 hour buggy;https://www.getyourguide.com/porto-de-galinhas-l32612/porto-de-galinhas-6-hour-buggy-tour-from-end-to-end-t1086443/
Brasil;parnaiba-l194334;1101379;Parnaiba piaui coastline;https://www.getyourguide.com/parnaiba-l194334/parnaiba-piaui-coastline-tour-with-hotel-pickup-t1101379/
Brasil;rio-de-janeiro-l9;1102406;Petropolis imperial city;https://www.getyourguide.com/rio-de-janeiro-l9/petropolis-imperial-city-tour-t1102406/
Brasil;rio-de-janeiro-l9;1257886;Easyfly vip scenic helicopter flight over rio de janeiro 4045 min;https://www.getyourguide.com/rio-de-janeiro-l9/easyfly-vip-scenic-helicopter-flight-over-rio-de-janeiro-4045-min-t1257886/
Brasil;itacare-l143043;1202233;Itacare marau cocoa agroforestry;https://www.getyourguide.com/itacare-l143043/itacare-marau-cocoa-agroforestry-tour-with-tasting-t1202233/
Brasil;rio-de-janeiro-l9;259502;Rio de janeiro sunset sailing;https://www.getyourguide.com/rio-de-janeiro-l9/rio-de-janeiro-sunset-sailing-tour-t259502/
Brasil;porto-alegre-l32362;1271508;Football;https://www.getyourguide.com/porto-alegre-l32362/football-tour-visit-the-stadiums-of-the-dupla-grenal-in-porto-alegre-t1271508/
Brasil;rio-de-janeiro-l9;271782;Rio de janeiro eco city;https://www.getyourguide.com/rio-de-janeiro-l9/rio-de-janeiro-eco-city-tour-t271782/
Brasil;rio-de-janeiro-l9;344646;Rio de janeiro guided bike;https://www.getyourguide.com/rio-de-janeiro-l9/rio-de-janeiro-guided-bike-tours-in-small-groups-t344646/
Brasil;rio-de-janeiro-l9;400180;Rio de janeiro guided city;https://www.getyourguide.com/rio-de-janeiro-l9/rio-de-janeiro-guided-city-tour-full-day-t400180/
Brasil;angra-dos-reis-l88183;417755;From angra dos reis shared;https://www.getyourguide.com/angra-dos-reis-l88183/from-angra-dos-reis-shared-transfer-to-rio-de-janeiro-t417755/
Brasil;rio-de-janeiro-l9;425124;From rio de janeiroprivate;https://www.getyourguide.com/rio-de-janeiro-l9/from-rio-de-janeiroprivate-transfer-to-ilha-grande-abraao-t425124/
Brasil;rio-de-janeiro-l9;581301;Vasco da gama game at sao januario stadium;https://www.getyourguide.com/rio-de-janeiro-l9/vasco-da-gama-game-at-sao-januario-stadium-t581301/
Brasil;rio-de-janeiro-l9;628129;Rio de janeiro brazilian cooking class;https://www.getyourguide.com/rio-de-janeiro-l9/rio-de-janeiro-brazilian-cooking-class-t628129/
Brasil;rio-de-janeiro-l9;931338;Rio garganta do ceu;https://www.getyourguide.com/rio-de-janeiro-l9/rio-garganta-do-ceu-trail-and-waterfall-experience-t931338/
Brasil;rio-de-janeiro-l9;975335;Rio de janeiro guided;https://www.getyourguide.com/rio-de-janeiro-l9/rio-de-janeiro-guided-tour-of-pedra-da-gavea-t975335/
Brasil;paraty-l1845;1038902;Paraty jeep adventure eco;https://www.getyourguide.com/paraty-l1845/paraty-jeep-adventure-eco-trail-distillery-and-river-swim-t1038902/
Brasil;angra-dos-reis-l88183;1208902;Half day speedboat;https://www.getyourguide.com/angra-dos-reis-l88183/half-day-speedboat-tour-of-ilha-grande-t1208902/
Brasil;niteroi-l34109;1222140;Tandem paragliding flight in niteroi with a certified instructor and a view of rio;https://www.getyourguide.com/niteroi-l34109/tandem-paragliding-flight-in-niteroi-with-a-certified-instructor-and-a-view-of-rio-t1222140/
Brasil;brasilia-l144326;1069524;Neighborhood unit igrejinha bike;https://www.getyourguide.com/brasilia-l144326/neighborhood-unit-igrejinha-bike-tour-t1069524/
Brasil;sao-paulo-l384;1234388;Sao paulo football day;https://www.getyourguide.com/sao-paulo-l384/sao-paulo-football-day-tour-with-hotel-pickup-t1234388/
Brasil;porto-de-galinhas-l32612;1291812;Coral awakening raft;https://www.getyourguide.com/porto-de-galinhas-l32612/coral-awakening-raft-trip-and-coral-cultivation-in-porto-de-galinhas-pernambuco-t1291812/
Brasil;rio-de-janeiro-l9;289500;Rio de janeiro sugarloaf cable car;https://www.getyourguide.com/rio-de-janeiro-l9/rio-de-janeiro-sugarloaf-cable-car-t289500/
Brasil;rio-de-janeiro-l9;389501;Rio de janeiro historic rio and santa;https://www.getyourguide.com/rio-de-janeiro-l9/rio-de-janeiro-historic-rio-and-santa-teresa-half-day-tour-t389501/
Brasil;rio-de-janeiro-l9;1317542;Cultural experience in rocinha with a local guide;https://www.getyourguide.com/rio-de-janeiro-l9/cultural-experience-in-rocinha-with-a-local-guide-t1317542/
Brasil;rio-de-janeiro-l9;531111;Rio de janeiro favela;https://www.getyourguide.com/rio-de-janeiro-l9/rio-de-janeiro-favela-tour-rocinha-t531111/
Brasil;barreirinhas-l105727;598051;Day;https://www.getyourguide.com/barreirinhas-l105727/day-trekking-in-lencois-maranhenses-t598051/
Brasil;rio-de-janeiro-l9;477725;Pedra do;https://www.getyourguide.com/rio-de-janeiro-l9/pedra-do-telegrafo-a-vista-mais-incrivel-do-rio-de-janeiro-t477725/
Brasil;paraty-l1845;520380;From paraty private horse riding experience picnic driver;https://www.getyourguide.com/paraty-l1845/from-paraty-private-horse-riding-experience-picnic-driver-t520380/
Brasil;rio-de-janeiro-l9;832800;7 secret staircases selaron by alan denis;https://www.getyourguide.com/rio-de-janeiro-l9/7-secret-staircases-selaron-by-alan-denis-t832800/
Brasil;lencois-l32549;801720;Pantanal marimbus canoa horseback hike;https://www.getyourguide.com/lencois-l32549/pantanal-marimbus-canoa-horseback-hike-t801720/
Brasil;canela-l117155;1192821;Alto feliz city an unforgettable day at don guerino;https://www.getyourguide.com/canela-l117155/alto-feliz-city-an-unforgettable-day-at-don-guerino-t1192821/
Brasil;rio-de-janeiro-l9;1119215;Rio de janeiro sailing experience with swimming refreshments;https://www.getyourguide.com/rio-de-janeiro-l9/rio-de-janeiro-sailing-experience-with-swimming-refreshments-t1119215/
Brasil;rio-de-janeiro-l9;1137806;Rio de janeiro rocinha favela guided walking;https://www.getyourguide.com/rio-de-janeiro-l9/rio-de-janeiro-rocinha-favela-guided-walking-tour-t1137806/
Brasil;florianopolis-l246;1170345;Full day wild florianopolis nature wildlife expedition;https://www.getyourguide.com/florianopolis-l246/full-day-wild-florianopolis-nature-wildlife-expedition-t1170345/
Brasil;balneario-camboriu-l32252;1207077;Balneario camboriu oceanic aquarium entry;https://www.getyourguide.com/balneario-camboriu-l32252/balneario-camboriu-oceanic-aquarium-entry-ticket-t1207077/
Brasil;rio-de-janeiro-l9;1217849;Rio de janeiro roxy dinner show dinner drink show;https://www.getyourguide.com/rio-de-janeiro-l9/rio-de-janeiro-roxy-dinner-show-dinner-drink-show-t1217849/
Brasil;rio-de-janeiro-l9;1301403;Rio vip nightlife experience;https://www.getyourguide.com/rio-de-janeiro-l9/rio-vip-nightlife-experience-t1301403/
Brasil;lencois-l32549;1309985;Encantos da chapada muritiba park hike;https://www.getyourguide.com/lencois-l32549/encantos-da-chapada-muritiba-park-hike-t1309985/
Brasil;rio-de-janeiro-l9;96633;Petropolis imperial city;https://www.getyourguide.com/rio-de-janeiro-l9/petropolis-imperial-city-tour-t96633/
Brasil;sao-paulo-l384;1279150;Atibaia 4x4 off road;https://www.getyourguide.com/sao-paulo-l384/atibaia-4x4-off-road-tour-to-the-nazare-paulista-reservoir-8-hours-t1279150/
Brasil;paraty-l1845;196987;Paraty bay boat;https://www.getyourguide.com/paraty-l1845/paraty-bay-boat-tour-experience-t196987/
Brasil;sao-paulo-l384;1326299;Observation deck in sao paulo edificio italia 41st floor;https://www.getyourguide.com/sao-paulo-l384/observation-deck-in-sao-paulo-edificio-italia-41st-floor-t1326299/
Brasil;rio-de-janeiro-l9;489409;Rio surf experience;https://www.getyourguide.com/rio-de-janeiro-l9/rio-surf-experience-t489409/
Brasil;rio-de-janeiro-l9;1280078;Rio santa;https://www.getyourguide.com/rio-de-janeiro-l9/rio-santa-teresa-selaron-steps-and-carioca-aqueduct-tour-t1280078/
Brasil;paraty-l1845;24756;Full day rainforest hike;https://www.getyourguide.com/paraty-l1845/full-day-rainforest-hike-to-beautiful-secluded-sono-beach-t24756/
Brasil;curitiba-l1849;24886;Full day excursion;https://www.getyourguide.com/curitiba-l1849/full-day-excursion-to-morretes-colonial-town-by-train-t24886/
Brasil;sao-paulo-l384;389810;Sao paulo cantareira natural park guided rainforest hike;https://www.getyourguide.com/sao-paulo-l384/sao-paulo-cantareira-natural-park-guided-rainforest-hike-t389810/
Brasil;angra-dos-reis-l88183;756559;Guided boat;https://www.getyourguide.com/angra-dos-reis-l88183/guided-boat-tour-in-angra-dos-reis-departing-from-angra-t756559/
Brasil;rio-de-janeiro-l9;617916;Rio carnival 2026 sambadrome parade;https://www.getyourguide.com/rio-de-janeiro-l9/rio-carnival-2026-sambadrome-parade-transfer-t617916/
Brasil;rio-de-janeiro-l9;988580;Rio de janeiro umbanda gira ceremony guided;https://www.getyourguide.com/rio-de-janeiro-l9/rio-de-janeiro-umbanda-gira-ceremony-guided-tour-t988580/
Brasil;rio-de-janeiro-l9;1003810;Rio de janeiro skydive in barra da;https://www.getyourguide.com/rio-de-janeiro-l9/rio-de-janeiro-skydive-in-barra-da-tijuca-with-christ-the-redeemer-t1003810/
Brasil;petropolis-l1831;683610;Rio de janeiro;https://www.getyourguide.com/petropolis-l1831/rio-de-janeiro-tour-por-petropolis-cidade-imperial-t683610/
Brasil;maragogi-l122555;1098276;Dive into;https://www.getyourguide.com/maragogi-l122555/dive-into-the-natural-pools-of-maragogi-t1098276/
Brasil;rio-de-janeiro-l9;1127992;Rio pub crawl in pedra do sal night with live music dancing shots;https://www.getyourguide.com/rio-de-janeiro-l9/rio-pub-crawl-in-pedra-do-sal-night-with-live-music-dancing-shots-t1127992/
Brasil;caucaia-l208637;879755;Cumbuco beach lagoa do catu and local culture in one day;https://www.getyourguide.com/caucaia-l208637/cumbuco-beach-lagoa-do-catu-and-local-culture-in-one-day-t879755/
Brasil;matelandia-l214878;1213300;Private;https://www.getyourguide.com/matelandia-l214878/private-tour-iguassu-national-park-devil-s-throat-falls-t1213300/
Brasil;rio-de-janeiro-l9;906149;Climbing;https://www.getyourguide.com/rio-de-janeiro-l9/climbing-the-via-ferrata-on-sugarloaf-mountain-the-longest-in-brazil-t906149/
Brasil;paraty-l1845;914278;Juatinga crossing;https://www.getyourguide.com/paraty-l1845/juatinga-crossing-trekking-on-the-green-coast-of-paraty-t914278/
Brasil;brasilia-l144326;1063826;From brasilia pirenopolis guided day;https://www.getyourguide.com/brasilia-l144326/from-brasilia-pirenopolis-guided-day-trip-t1063826/
Brasil;rio-de-janeiro-l9;1088817;Rio de janeiro maracana stadium;https://www.getyourguide.com/rio-de-janeiro-l9/rio-de-janeiro-maracana-stadium-tour-and-beach-soccer-t1088817/
Brasil;rio-de-janeiro-l9;1109940;Rio de janeiro pedra bonita hike and hang gliding flight watching;https://www.getyourguide.com/rio-de-janeiro-l9/rio-de-janeiro-pedra-bonita-hike-and-hang-gliding-flight-watching-t1109940/
Brasil;rio-de-janeiro-l9;174969;Rio de janeiro city bus;https://www.getyourguide.com/rio-de-janeiro-l9/rio-de-janeiro-city-bus-tour-t174969/
Brasil;rio-de-janeiro-l9;1164015;Boat;https://www.getyourguide.com/rio-de-janeiro-l9/boat-trip-to-enjoy-and-relax-in-the-rio-islands-t1164015/
Brasil;sao-paulo-l384;1199648;Sao paulo city highlights;https://www.getyourguide.com/sao-paulo-l384/sao-paulo-city-highlights-tour-with-breakfast-lunch-t1199648/
Brasil;rio-de-janeiro-l9;403975;Tijuca forest adventure history half day hike;https://www.getyourguide.com/rio-de-janeiro-l9/tijuca-forest-adventure-history-half-day-hike-t403975/
Brasil;rio-de-janeiro-l9;430294;Maracana football match includes;https://www.getyourguide.com/rio-de-janeiro-l9/maracana-football-match-includes-ticket-and-transport-t430294/
Brasil;rio-de-janeiro-l9;1306292;Rio de janeiro hike in copacabana sunrise morro dos cabritos;https://www.getyourguide.com/rio-de-janeiro-l9/rio-de-janeiro-hike-in-copacabana-sunrise-morro-dos-cabritos-t1306292/
Brasil;barreirinhas-l105727;603310;Morning;https://www.getyourguide.com/barreirinhas-l105727/morning-tour-at-lencois-maranhenses-lagoa-azul-t603310/
Brasil;rio-de-janeiro-l9;627096;Samba fit in ipanema dance music cultural fun;https://www.getyourguide.com/rio-de-janeiro-l9/samba-fit-in-ipanema-dance-music-cultural-fun-t627096/
Brasil;paraty-l1845;255702;Paraty half day bike rental;https://www.getyourguide.com/paraty-l1845/paraty-half-day-bike-rental-t255702/
Brasil;rio-de-janeiro-l9;781332;By night;https://www.getyourguide.com/rio-de-janeiro-l9/by-night-tour-roxy-dinner-show-transfer-t781332/
Brasil;rio-de-janeiro-l9;449861;Tijuca national park;https://www.getyourguide.com/rio-de-janeiro-l9/tijuca-national-park-t449861/
Brasil;rio-de-janeiro-l9;1065353;Rio de janeiro parasailing flight over guanabara bay;https://www.getyourguide.com/rio-de-janeiro-l9/rio-de-janeiro-parasailing-flight-over-guanabara-bay-t1065353/
Brasil;sao-paulo-l384;1155012;Batman s alley paint a picture or a mug with an artist;https://www.getyourguide.com/sao-paulo-l384/batman-s-alley-paint-a-picture-or-a-mug-with-an-artist-t1155012/
Brasil;rio-de-janeiro-l9;1209449;Capoeira class for beginners in rio de janeiro;https://www.getyourguide.com/rio-de-janeiro-l9/capoeira-class-for-beginners-in-rio-de-janeiro-t1209449/
Brasil;rio-de-janeiro-l9;1224781;Vidigal favela;https://www.getyourguide.com/rio-de-janeiro-l9/vidigal-favela-tour-with-a-drink-t1224781/
Brasil;rio-de-janeiro-l9;934267;Rio de janeiro customized;https://www.getyourguide.com/rio-de-janeiro-l9/rio-de-janeiro-customized-tour-local-historian-and-polyglot-t934267/
Brasil;barra-de-sao-miguel-l203216;960248;Pajucara barra de sao miguel;https://www.getyourguide.com/barra-de-sao-miguel-l203216/pajucara-barra-de-sao-miguel-tour-t960248/
Brasil;rio-de-janeiro-l9;1282099;Rio de janeiro rocinha;https://www.getyourguide.com/rio-de-janeiro-l9/rio-de-janeiro-rocinha-tour-with-drone-video-t1282099/
Brasil;paraty-l1845;1291516;Sunrise speedboat;https://www.getyourguide.com/paraty-l1845/sunrise-speedboat-tour-to-mamangua-tropical-fiord-t1291516/
Brasil;rio-de-janeiro-l9;1308251;Rio de janeiro pedra do sal bar crawl;https://www.getyourguide.com/rio-de-janeiro-l9/rio-de-janeiro-pedra-do-sal-bar-crawl-t1308251/
Brasil;rio-de-janeiro-l9;1318536;Rio drone experience in;https://www.getyourguide.com/rio-de-janeiro-l9/rio-drone-experience-in-the-rocinha-favela-with-a-local-t1318536/
Brasil;rio-de-janeiro-l9;1077569;Rio de janeiro dance at;https://www.getyourguide.com/rio-de-janeiro-l9/rio-de-janeiro-dance-at-the-salgueiro-samba-school-t1077569/
Brasil;curitiba-l1849;24864;Curitiba by night dinner included;https://www.getyourguide.com/curitiba-l1849/curitiba-by-night-dinner-included-t24864/
Brasil;santo-amaro-do-maranhao-l215939;598016;Rancharia lagoon circuit santo amaro;https://www.getyourguide.com/santo-amaro-do-maranhao-l215939/rancharia-lagoon-circuit-santo-amaro-t598016/
Brasil;rio-de-janeiro-l9;633909;Rio de janeiro paragliding;https://www.getyourguide.com/rio-de-janeiro-l9/rio-de-janeiro-paragliding-tandem-flights-with-tandemflyrio-t633909/
Brasil;rio-de-janeiro-l9;727708;Rio de janeiro sugarloaf mountain hike climb;https://www.getyourguide.com/rio-de-janeiro-l9/rio-de-janeiro-sugarloaf-mountain-hike-climb-t727708/
Brasil;rio-de-janeiro-l9;933659;Tropical escape ilha gigoia and;https://www.getyourguide.com/rio-de-janeiro-l9/tropical-escape-ilha-gigoia-and-tijuca-forest-in-one-day-t933659/
Brasil;sao-paulo-l384;612836;Sao paulo street art private;https://www.getyourguide.com/sao-paulo-l384/sao-paulo-street-art-private-tour-t612836/
Brasil;rio-de-janeiro-l9;632066;Rio de janeiro wake up and sail;https://www.getyourguide.com/rio-de-janeiro-l9/rio-de-janeiro-wake-up-and-sail-t632066/
Brasil;rio-de-janeiro-l9;980561;Tijuca national park waterfalls and caves;https://www.getyourguide.com/rio-de-janeiro-l9/tijuca-national-park-waterfalls-and-caves-tour-t980561/
Brasil;rio-de-janeiro-l9;755027;Rio exploring coastal wonders with sea kayak;https://www.getyourguide.com/rio-de-janeiro-l9/rio-exploring-coastal-wonders-with-sea-kayak-tour-t755027/
Brasil;rio-de-janeiro-l9;828096;Favela da rocinha biggest in brasil with a local guide;https://www.getyourguide.com/rio-de-janeiro-l9/favela-da-rocinha-biggest-in-brasil-with-a-local-guide-t828096/
Brasil;rio-de-janeiro-l9;846451;Hike;https://www.getyourguide.com/rio-de-janeiro-l9/hike-to-the-most-incredible-view-of-rio-de-janeiro-on-two-brothers-hill-morro-dois-irmaos-t846451/
Brasil;rio-de-janeiro-l9;971029;Shore excursion from rio de janeiro port full day city;https://www.getyourguide.com/rio-de-janeiro-l9/shore-excursion-from-rio-de-janeiro-port-full-day-city-tour-t971029/
Brasil;rio-de-janeiro-l9;977703;Copacabana learn footvolley in;https://www.getyourguide.com/rio-de-janeiro-l9/copacabana-learn-footvolley-in-the-exact-place-where-the-sport-was-created-t977703/
Brasil;gramado-l32317;1205352;Wonders of sao chico a 4x4 adventure;https://www.getyourguide.com/gramado-l32317/wonders-of-sao-chico-a-4x4-adventure-t1205352/
Brasil;sao-paulo-l384;92853;Sao paulo 4 hour private night;https://www.getyourguide.com/sao-paulo-l384/sao-paulo-4-hour-private-night-tour-t92853/
Brasil;rio-de-janeiro-l9;1211852;Rio de janeiro pedra bonita hike and paradise beach;https://www.getyourguide.com/rio-de-janeiro-l9/rio-de-janeiro-pedra-bonita-hike-and-paradise-beach-t1211852/
Brasil;rio-de-janeiro-l9;1214307;Rio de janeiro bike and boat;https://www.getyourguide.com/rio-de-janeiro-l9/rio-de-janeiro-bike-and-boat-tour-hidden-gems-of-barra-da-tijuca-t1214307/
Brasil;niteroi-l34109;1232864;Niteroi;https://www.getyourguide.com/niteroi-l34109/niteroi-tandem-paragliding-flight-luciano-miranda-t1232864/
Brasil;natal-l2112;1264420;Natal rio grande do norte;https://www.getyourguide.com/natal-l2112/natal-rio-grande-do-norte-tickets-and-chauffeur-driven-transportation-to-forro-do-seu-jerimum-t1264420/
Brasil;jericoacoara-l105737;1325078;Buggy;https://www.getyourguide.com/jericoacoara-l105737/buggy-tour-of-the-east-coast-of-jericoacoara-t1325078/
Brasil;sao-paulo-l384;391767;Sao paulo full day private wine;https://www.getyourguide.com/sao-paulo-l384/sao-paulo-full-day-private-wine-tour-in-sao-roque-t391767/
Brasil;barreirinhas-l105727;494940;Full day;https://www.getyourguide.com/barreirinhas-l105727/full-day-tour-2-lagoons-azul-and-bonita-t494940/
Brasil;recife-l1836;839445;Porto de galinhas private;https://www.getyourguide.com/recife-l1836/porto-de-galinhas-private-transfer-from-recife-airport-round-trip-t839445/
Brasil;rio-de-janeiro-l9;853667;Rio de janeiro hang gliding or paragliding flights;https://www.getyourguide.com/rio-de-janeiro-l9/rio-de-janeiro-hang-gliding-or-paragliding-flights-t853667/
Brasil;florianopolis-l246;623408;Florianopolis lagoinha do leste natural park hike;https://www.getyourguide.com/florianopolis-l246/florianopolis-lagoinha-do-leste-natural-park-hike-t623408/
Brasil;barra-da-lagoa-l230903;965525;Florianopolis hike with one of;https://www.getyourguide.com/barra-da-lagoa-l230903/florianopolis-hike-with-one-of-the-most-beautiful-views-in-florianopolis-t965525/
Brasil;rio-de-janeiro-l9;832972;9 hour private full day;https://www.getyourguide.com/rio-de-janeiro-l9/9-hour-private-full-day-tour-of-rio-by-alan-denis-t832972/
Brasil;piacabucu-l252042;1097463;Sail;https://www.getyourguide.com/piacabucu-l252042/sail-the-velho-chico-from-river-waters-to-the-ocean-t1097463/
Brasil;natal-l2112;1111151;Natal buggy ride along;https://www.getyourguide.com/natal-l2112/natal-buggy-ride-along-the-northern-coast-beaches-t1111151/
Brasil;rio-de-janeiro-l9;1136473;Rio;https://www.getyourguide.com/rio-de-janeiro-l9/rio-tour-and-fifa-football-field-in-the-heart-of-the-tavares-bastos-favela-t1136473/
Brasil;lencois-l32549;945216;Pai inacio hill;https://www.getyourguide.com/lencois-l32549/pai-inacio-hill-the-top-of-chapada-diamantina-t945216/
Brasil;ubatuba-l192258;1250720;Paraty mamangua fjord kayak and hike day;https://www.getyourguide.com/ubatuba-l192258/paraty-mamangua-fjord-kayak-and-hike-day-trip-t1250720/
Brasil;rio-de-janeiro-l9;1079091;Rio de janeiro sunset;https://www.getyourguide.com/rio-de-janeiro-l9/rio-de-janeiro-sunset-tour-with-caipirinha-pickup-t1079091/
Brasil;sao-paulo-l384;34893;Sao paulo gastronomy;https://www.getyourguide.com/sao-paulo-l384/sao-paulo-gastronomy-tour-t34893/
Brasil;rio-de-janeiro-l9;456482;Private helicopter;https://www.getyourguide.com/rio-de-janeiro-l9/private-helicopter-tour-t456482/
Brasil;sao-paulo-l384;1284811;Sao paulo historical city highlights half day walking;https://www.getyourguide.com/sao-paulo-l384/sao-paulo-historical-city-highlights-half-day-walking-tour-t1284811/
Brasil;petropolis-l1831;759420;Rio petropolis;https://www.getyourguide.com/petropolis-l1831/rio-petropolis-trip-with-palace-imperial-museum-brewery-t759420/
Brasil;rio-de-janeiro-l9;774526;Rio de janeiro private guide on a comfortable car;https://www.getyourguide.com/rio-de-janeiro-l9/rio-de-janeiro-private-guide-on-a-comfortable-car-t774526/
Brasil;rio-de-janeiro-l9;849880;Rio de janeiro photo shoot with local photographer manoella mello;https://www.getyourguide.com/rio-de-janeiro-l9/rio-de-janeiro-photo-shoot-with-local-photographer-manoella-mello-t849880/
Brasil;rio-de-janeiro-l9;878262;Rio boat party funk reggaeton stunning views;https://www.getyourguide.com/rio-de-janeiro-l9/rio-boat-party-funk-reggaeton-stunning-views-t878262/
Brasil;rio-de-janeiro-l9;963548;Vidigal;https://www.getyourguide.com/rio-de-janeiro-l9/vidigal-two-brothers-hike-tour-t963548/
Brasil;rio-de-janeiro-l9;1036857;Pedra bonita explore;https://www.getyourguide.com/rio-de-janeiro-l9/pedra-bonita-explore-the-best-of-rio-from-above-t1036857/
Brasil;rio-de-janeiro-l9;1077571;Rio de janeiro magic of salgueiro samba rehearsal;https://www.getyourguide.com/rio-de-janeiro-l9/rio-de-janeiro-magic-of-salgueiro-samba-rehearsal-today-t1077571/
Brasil;rio-de-janeiro-l9;728233;Rio de janeiro secret;https://www.getyourguide.com/rio-de-janeiro-l9/rio-de-janeiro-secret-trail-and-incredible-view-waterfall-t728233/
Brasil;rio-de-janeiro-l9;1137896;Rio de janeiro parque lage photo experience;https://www.getyourguide.com/rio-de-janeiro-l9/rio-de-janeiro-parque-lage-photo-experience-t1137896/
Brasil;rio-de-janeiro-l9;1146795;Golden rio panoramic helicopter;https://www.getyourguide.com/rio-de-janeiro-l9/golden-rio-panoramic-helicopter-tour-t1146795/
Brasil;rio-de-janeiro-l9;1065619;Rio de janeiro parasailing adventure with hotel pickup;https://www.getyourguide.com/rio-de-janeiro-l9/rio-de-janeiro-parasailing-adventure-with-hotel-pickup-t1065619/
Brasil;rio-de-janeiro-l9;54746;One day in rio rio de janeiro city;https://www.getyourguide.com/rio-de-janeiro-l9/one-day-in-rio-rio-de-janeiro-city-tour-t54746/
Brasil;itamonte-l259498;1127017;Itatiaia national park 5 lakes circuit with a specialized guide;https://www.getyourguide.com/itamonte-l259498/itatiaia-national-park-5-lakes-circuit-with-a-specialized-guide-t1127017/
Brasil;sao-paulo-l384;119560;Sao paulo up and downtown historical bike;https://www.getyourguide.com/sao-paulo-l384/sao-paulo-up-and-downtown-historical-bike-tour-t119560/
Brasil;paraty-l1845;197206;Paraty fast boat expedition;https://www.getyourguide.com/paraty-l1845/paraty-fast-boat-expedition-to-saco-do-mamangua-t197206/
Brasil;santo-amaro-da-imperatriz-l240306;1155077;Florianopolis imperial;https://www.getyourguide.com/santo-amaro-da-imperatriz-l240306/florianopolis-imperial-thermal-waters-nature-tour-t1155077/
Brasil;paraty-l1845;1170367;Paraty pedra da macela;https://www.getyourguide.com/paraty-l1845/paraty-pedra-da-macela-trekking-with-sunrise-watching-t1170367/
Brasil;sao-paulo-l384;1187471;Sao paulo fashion and streetwear;https://www.getyourguide.com/sao-paulo-l384/sao-paulo-fashion-and-streetwear-tour-with-guide-t1187471/
Brasil;rio-de-janeiro-l9;1192086;Private;https://www.getyourguide.com/rio-de-janeiro-l9/private-tour-of-rio-de-janeiro-be-amazed-by-the-view-of-christ-the-redeemer-t1192086/
Brasil;rio-de-janeiro-l9;1254160;Rio de janeiro private sunset speedboat experience with sparkling wine;https://www.getyourguide.com/rio-de-janeiro-l9/rio-de-janeiro-private-sunset-speedboat-experience-with-sparkling-wine-t1254160/
Brasil;rio-de-janeiro-l9;1272927;Rio carnival 2027 sambadrome;https://www.getyourguide.com/rio-de-janeiro-l9/rio-carnival-2027-sambadrome-ticket-with-transfer-t1272927/
Brasil;rio-de-janeiro-l9;497371;Tour rio de janeiro cidade maravilhosa;https://www.getyourguide.com/rio-de-janeiro-l9/tour-rio-de-janeiro-cidade-maravilhosa-t497371/
Brasil;rio-de-janeiro-l9;540607;Boat;https://www.getyourguide.com/rio-de-janeiro-l9/boat-tour-of-ilha-grande-from-rio-de-janeiro-t540607/
Brasil;rio-de-janeiro-l9;41875;Rio sugar loaf mountain hike climb brazil s iconic peak;https://www.getyourguide.com/rio-de-janeiro-l9/rio-sugar-loaf-mountain-hike-climb-brazil-s-iconic-peak-t41875/
Brasil;paraty-l1845;82176;Schooner boat ride in paraty;https://www.getyourguide.com/paraty-l1845/schooner-boat-ride-in-paraty-t82176/
Brasil;rio-de-janeiro-l9;705703;Rio city;https://www.getyourguide.com/rio-de-janeiro-l9/rio-city-tour-with-christ-the-redeemer-sugarloaf-mountain-t705703/
Brasil;porto-de-galinhas-l32612;298730;Porto de galinhas and recife private;https://www.getyourguide.com/porto-de-galinhas-l32612/porto-de-galinhas-and-recife-private-transfer-t298730/
Brasil;rio-de-janeiro-l9;748593;Rio best dive experience all inclusive scuba diving package;https://www.getyourguide.com/rio-de-janeiro-l9/rio-best-dive-experience-all-inclusive-scuba-diving-package-t748593/
Brasil;itacare-l143043;858614;Itacare authentic brazilian jiu jitsu class;https://www.getyourguide.com/itacare-l143043/itacare-authentic-brazilian-jiu-jitsu-class-t858614/
Brasil;rio-de-janeiro-l9;484393;Rio de janeiro cariocando na floresta da;https://www.getyourguide.com/rio-de-janeiro-l9/rio-de-janeiro-cariocando-na-floresta-da-tijuca-t484393/
Brasil;rio-de-janeiro-l9;503227;Rio de janeiro flamengo museum;https://www.getyourguide.com/rio-de-janeiro-l9/rio-de-janeiro-flamengo-museum-ticket-entrance-t503227/
Brasil;rio-de-janeiro-l9;1006483;Rio de janeiro;https://www.getyourguide.com/rio-de-janeiro-l9/rio-de-janeiro-tour-de-moto-visita-a-favela-santa-marta-t1006483/
Brasil;rio-de-janeiro-l9;1013518;Rio de janeiro historic and modern center instagram worthy walking;https://www.getyourguide.com/rio-de-janeiro-l9/rio-de-janeiro-historic-and-modern-center-instagram-worthy-walking-tour-t1013518/
Brasil;rio-de-janeiro-l9;713807;Excursao para pedra do;https://www.getyourguide.com/rio-de-janeiro-l9/excursao-para-pedra-do-telegrafo-com-saida-do-rio-de-janeiro-t713807/
Brasil;sao-miguel-dos-milagres-l98856;1098202;Sao miguel dos milagres rafts reefs and pools;https://www.getyourguide.com/sao-miguel-dos-milagres-l98856/sao-miguel-dos-milagres-rafts-reefs-and-pools-t1098202/
Brasil;maragogi-l122555;1098279;Maragogi brazilian caribbean beaches;https://www.getyourguide.com/maragogi-l122555/maragogi-brazilian-caribbean-beaches-tour-with-pickup-t1098279/
Brasil;canela-l117155;822534;From gramado canela and gramado city;https://www.getyourguide.com/canela-l117155/from-gramado-canela-and-gramado-city-tour-t822534/
Brasil;rio-de-janeiro-l9;847532;Unforgettable nature;https://www.getyourguide.com/rio-de-janeiro-l9/unforgettable-nature-tijuca-forest-jardim-botanico-tour-t847532/
Brasil;rio-de-janeiro-l9;852708;Tour arpoador copacabana walk sunset at;https://www.getyourguide.com/rio-de-janeiro-l9/tour-arpoador-copacabana-walk-sunset-at-the-arpoador-t852708/
Brasil;barreirinhas-l105727;900007;Star gazing in lencois maranhenses;https://www.getyourguide.com/barreirinhas-l105727/star-gazing-in-lencois-maranhenses-t900007/
Brasil;rio-de-janeiro-l9;954655;Photo shoot or drone filming in rio de janeiro;https://www.getyourguide.com/rio-de-janeiro-l9/photo-shoot-or-drone-filming-in-rio-de-janeiro-t954655/
Brasil;bento-goncalves-l117160;1193886;Bento goncalves vineyards of origin authentic wineries;https://www.getyourguide.com/bento-goncalves-l117160/bento-goncalves-vineyards-of-origin-authentic-wineries-t1193886/
Brasil;rio-de-janeiro-l9;508103;Rio;https://www.getyourguide.com/rio-de-janeiro-l9/rio-two-brothers-hill-vidigal-favela-hike-shared-group-t508103/
Brasil;rio-de-janeiro-l9;142839;Pedra da gavea guided hike;https://www.getyourguide.com/rio-de-janeiro-l9/pedra-da-gavea-guided-hike-tour-t142839/
Brasil;rio-de-janeiro-l9;498850;Pedra do;https://www.getyourguide.com/rio-de-janeiro-l9/pedra-do-telegrafo-hiking-relax-in-a-wild-beach-t498850/
Brasil;ilheus-l126783;880926;Receptive ilheus itacare;https://www.getyourguide.com/ilheus-l126783/receptive-ilheus-itacare-t880926/
Brasil;botucatu-l155076;916679;Tiete;https://www.getyourguide.com/botucatu-l155076/tiete-trails-in-pavuna-park-botucatu-sao-paulo-t916679/
Brasil;rio-de-janeiro-l9;949177;Rio guided churrascaria dinner with south american wines;https://www.getyourguide.com/rio-de-janeiro-l9/rio-guided-churrascaria-dinner-with-south-american-wines-t949177/
Brasil;rio-de-janeiro-l9;1014579;Rio de janeiro hike;https://www.getyourguide.com/rio-de-janeiro-l9/rio-de-janeiro-hike-to-garganta-do-ceu-t1014579/
Brasil;rio-de-janeiro-l9;1074607;Rio de janeiro favela do vidigal 2 hour bar;https://www.getyourguide.com/rio-de-janeiro-l9/rio-de-janeiro-favela-do-vidigal-2-hour-bar-tour-t1074607/
Brasil;rio-de-janeiro-l9;825124;Rio de janeiro copacabana sunrise stand up paddleboard;https://www.getyourguide.com/rio-de-janeiro-l9/rio-de-janeiro-copacabana-sunrise-stand-up-paddleboard-tour-t825124/
Brasil;paraty-l1845;877958;Discover;https://www.getyourguide.com/paraty-l1845/discover-the-best-islands-in-paraty-on-an-exclusive-boat-tour-t877958/
Brasil;rio-de-janeiro-l9;879108;Rio de janeiro private speedboat;https://www.getyourguide.com/rio-de-janeiro-l9/rio-de-janeiro-private-speedboat-tour-up-to-12-people-t879108/
Brasil;rio-de-janeiro-l9;1011737;The rio s ultimate whale whatching experience;https://www.getyourguide.com/rio-de-janeiro-l9/the-rio-s-ultimate-whale-whatching-experience-t1011737/
Brasil;rio-de-janeiro-l9;1034155;Rio de janeiro one night on rooftops and at nightclubs in brazil;https://www.getyourguide.com/rio-de-janeiro-l9/rio-de-janeiro-one-night-on-rooftops-and-at-nightclubs-in-brazil-t1034155/
Brasil;angra-dos-reis-l88183;1038088;Guided diving in;https://www.getyourguide.com/angra-dos-reis-l88183/guided-diving-in-the-beauty-of-angra-dos-reis-t1038088/
Brasil;rio-de-janeiro-l9;1078999;Rio de janeiro national;https://www.getyourguide.com/rio-de-janeiro-l9/rio-de-janeiro-national-theater-library-tour-with-pickup-t1078999/
Brasil;sao-paulo-l384;1097252;Sao paulo sao paulo zoo entry;https://www.getyourguide.com/sao-paulo-l384/sao-paulo-sao-paulo-zoo-entry-ticket-t1097252/
Brasil;sao-paulo-l384;851777;Sao paulo private downtown walking food;https://www.getyourguide.com/sao-paulo-l384/sao-paulo-private-downtown-walking-food-tour-t851777/
Brasil;rio-de-janeiro-l9;646454;Rio de janeiro experience funk class2 caipirinhas;https://www.getyourguide.com/rio-de-janeiro-l9/rio-de-janeiro-experience-funk-class2-caipirinhas-t646454/
Brasil;rio-de-janeiro-l9;784154;Flavors of rio;https://www.getyourguide.com/rio-de-janeiro-l9/flavors-of-rio-the-best-culinary-tour-in-the-marvelous-city-t784154/
Brasil;rio-de-janeiro-l9;1241302;Arpoador beach surfing lesson with drone footage;https://www.getyourguide.com/rio-de-janeiro-l9/arpoador-beach-surfing-lesson-with-drone-footage-t1241302/
Brasil;rio-de-janeiro-l9;1074613;Favela vidigal bar;https://www.getyourguide.com/rio-de-janeiro-l9/favela-vidigal-bar-tour-bar-da-laje-and-viewpoint-t1074613/
Brasil;rio-de-janeiro-l9;880138;Excursao pela favela da rocinha com guia local;https://www.getyourguide.com/rio-de-janeiro-l9/excursao-pela-favela-da-rocinha-com-guia-local-t880138/
Brasil;rio-de-janeiro-l9;1282494;Pedra bonita hike with a geologist and visit;https://www.getyourguide.com/rio-de-janeiro-l9/pedra-bonita-hike-with-a-geologist-and-visit-to-the-free-flight-ramp-t1282494/
Brasil;rio-de-janeiro-l9;1083269;Rio brazilian culinary experience with;https://www.getyourguide.com/rio-de-janeiro-l9/rio-brazilian-culinary-experience-with-transfer-included-t1083269/
Brasil;sao-paulo-l384;947433;Sao paulo 9 recipes in 4 hour brazilian cooking class;https://www.getyourguide.com/sao-paulo-l384/sao-paulo-9-recipes-in-4-hour-brazilian-cooking-class-t947433/
Brasil;balneario-camboriu-l32252;1111919;Balneario camboriu ferris wheel entry;https://www.getyourguide.com/balneario-camboriu-l32252/balneario-camboriu-ferris-wheel-entry-ticket-t1111919/
Brasil;rio-de-janeiro-l9;1003673;Rio de janeiro;https://www.getyourguide.com/rio-de-janeiro-l9/rio-de-janeiro-tour-of-urca-s-highlights-with-sunset-at-mureta-t1003673/
Brasil;morro-de-sao-paulo-l116740;1012182;Morro de sao paulo islands of enchantment guided boat;https://www.getyourguide.com/morro-de-sao-paulo-l116740/morro-de-sao-paulo-islands-of-enchantment-guided-boat-tour-t1012182/
Brasil;barreirinhas-l105727;1042794;Barreirinhas vassouras cabure;https://www.getyourguide.com/barreirinhas-l105727/barreirinhas-vassouras-cabure-tour-on-rio-preguicas-route-t1042794/
Brasil;rio-de-janeiro-l9;1168820;Rio de janeiro ferris wheel olympic boulevard;https://www.getyourguide.com/rio-de-janeiro-l9/rio-de-janeiro-ferris-wheel-olympic-boulevard-tour-t1168820/
Brasil;paraty-l1845;197017;Paraty cultural city;https://www.getyourguide.com/paraty-l1845/paraty-cultural-city-tour-t197017/
Brasil;rio-de-janeiro-l9;405689;Rio de janeiro highlights;https://www.getyourguide.com/rio-de-janeiro-l9/rio-de-janeiro-highlights-tour-by-helicopter-t405689/
Brasil;rio-de-janeiro-l9;1296140;Flamengo matchday experience maracana;https://www.getyourguide.com/rio-de-janeiro-l9/flamengo-matchday-experience-maracana-tickets-t1296140/
Brasil;rio-de-janeiro-l9;517757;Little africa walking;https://www.getyourguide.com/rio-de-janeiro-l9/little-africa-walking-tour-from-the-passed-to-the-future-t517757/
Brasil;rio-de-janeiro-l9;28715;Samba lessons including night out in rio de janeiro;https://www.getyourguide.com/rio-de-janeiro-l9/samba-lessons-including-night-out-in-rio-de-janeiro-t28715/
Brasil;sao-paulo-l384;58093;Sao paulo city;https://www.getyourguide.com/sao-paulo-l384/sao-paulo-city-tour-t58093/
Brasil;rio-de-janeiro-l9;116050;Rio s best hidden beaches small group;https://www.getyourguide.com/rio-de-janeiro-l9/rio-s-best-hidden-beaches-small-group-tour-t116050/
Brasil;rio-de-janeiro-l9;752211;Experience;https://www.getyourguide.com/rio-de-janeiro-l9/experience-the-magic-of-the-rio-carnival-all-year-round-t752211/
Brasil;porto-seguro-l126793;800946;Porto seguro airport;https://www.getyourguide.com/porto-seguro-l126793/porto-seguro-airport-transfer-to-accommodation-t800946/
Brasil;rio-de-janeiro-l9;495634;Rio little africa unveiled vibrant afro brazilian heritage;https://www.getyourguide.com/rio-de-janeiro-l9/rio-little-africa-unveiled-vibrant-afro-brazilian-heritage-t495634/
Brasil;rio-de-janeiro-l9;509647;Sunrise breakfast at mirante dona marta crhist reedmer;https://www.getyourguide.com/rio-de-janeiro-l9/sunrise-breakfast-at-mirante-dona-marta-crhist-reedmer-t509647/
Brasil;rio-de-janeiro-l9;356160;Rio de janeiro speedboat;https://www.getyourguide.com/rio-de-janeiro-l9/rio-de-janeiro-speedboat-tour-beach-tour-with-beer-t356160/
Brasil;sao-paulo-l384;582848;Sao paulo fc game at morumbi stadium;https://www.getyourguide.com/sao-paulo-l384/sao-paulo-fc-game-at-morumbi-stadium-t582848/
Brasil;rio-de-janeiro-l9;893524;Rio maracana stadium football match;https://www.getyourguide.com/rio-de-janeiro-l9/rio-maracana-stadium-football-match-ticket-pvt-transport-t893524/
Brasil;maceio-l2064;973610;Maragogi;https://www.getyourguide.com/maceio-l2064/maragogi-transport-catamaran-natural-pools-departing-from-maceio-t973610/
Brasil;teresopolis-l154917;1057099;Teresopolis atlantic forest wildlife exploration;https://www.getyourguide.com/teresopolis-l154917/teresopolis-atlantic-forest-wildlife-exploration-tour-t1057099/
Brasil;sao-paulo-l384;756422;Best sao paulo city;https://www.getyourguide.com/sao-paulo-l384/best-sao-paulo-city-tour-culture-5hours-private-t756422/
Brasil;rio-de-janeiro-l9;878952;Guided;https://www.getyourguide.com/rio-de-janeiro-l9/guided-tour-through-rocinha-with-transport-t878952/
Brasil;rio-de-janeiro-l9;770155;Rio de janeiro christ;https://www.getyourguide.com/rio-de-janeiro-l9/rio-de-janeiro-christ-the-redeemer-and-sugarloaf-tour-with-t770155/
Brasil;lencois-l32549;792095;Vale do pati crossing 5 days;https://www.getyourguide.com/lencois-l32549/vale-do-pati-crossing-5-days-t792095/
Brasil;brasilia-l144326;1008929;Parkway brasilia hike along;https://www.getyourguide.com/brasilia-l144326/parkway-brasilia-hike-along-the-train-tracks-t1008929/
Brasil;flores-da-cunha-l154785;1256136;Tastes of nova padua a vespa journey;https://www.getyourguide.com/flores-da-cunha-l154785/tastes-of-nova-padua-a-vespa-journey-through-the-vineyards-t1256136/
Brasil;caucaia-l208637;879756;Cumbuco adventure dune rides lagoa do catu coastal views;https://www.getyourguide.com/caucaia-l208637/cumbuco-adventure-dune-rides-lagoa-do-catu-coastal-views-t879756/
Brasil;rio-de-janeiro-l9;1125199;Rio de janeiro 2026 vip box at;https://www.getyourguide.com/rio-de-janeiro-l9/rio-de-janeiro-2026-vip-box-at-the-marques-de-sapucai-parade-t1125199/
Brasil;rio-de-janeiro-l9;86093;Daily;https://www.getyourguide.com/rio-de-janeiro-l9/daily-transfer-from-rio-to-buzios-t86093/
Brasil;rio-de-janeiro-l9;1077512;Ilha da gigoia experience nature calm and scenic canals;https://www.getyourguide.com/rio-de-janeiro-l9/ilha-da-gigoia-experience-nature-calm-and-scenic-canals-t1077512/
Brasil;rio-de-janeiro-l9;1265945;Rio de janeiro mangrove paddle boarding rio west side wildlife experience;https://www.getyourguide.com/rio-de-janeiro-l9/rio-de-janeiro-mangrove-paddle-boarding-rio-west-side-wildlife-experience-t1265945/
Brasil;rio-de-janeiro-l9;1179496;Pequena africa afro brazilian culture and;https://www.getyourguide.com/rio-de-janeiro-l9/pequena-africa-afro-brazilian-culture-and-the-birth-of-samba-t1179496/
Brasil;rio-de-janeiro-l9;471201;Buzios beautiful little city great beaches;https://www.getyourguide.com/rio-de-janeiro-l9/buzios-beautiful-little-city-great-beaches-t471201/
Brasil;barreirinhas-l105727;490747;Full day;https://www.getyourguide.com/barreirinhas-l105727/full-day-tour-santo-amaro-lagoons-t490747/
Brasil;rio-de-janeiro-l9;516981;Aventurismo 2 irmaos hill vidigal favela;https://www.getyourguide.com/rio-de-janeiro-l9/aventurismo-2-irmaos-hill-vidigal-favela-t516981/
Brasil;rio-de-janeiro-l9;140271;Rio de janeiro favela santa marta experience;https://www.getyourguide.com/rio-de-janeiro-l9/rio-de-janeiro-favela-santa-marta-experience-tour-t140271/
Brasil;rio-de-janeiro-l9;159590;Sugarloaf mountain hiking and climbing;https://www.getyourguide.com/rio-de-janeiro-l9/sugarloaf-mountain-hiking-and-climbing-t159590/
Brasil;paraty-l1845;238542;Paraty jeep;https://www.getyourguide.com/paraty-l1845/paraty-jeep-tour-to-jungle-waterfalls-cachaca-distillery-t238542/
Brasil;rio-de-janeiro-l9;400158;Rio de janeiro hang gliding or paragliding flight;https://www.getyourguide.com/rio-de-janeiro-l9/rio-de-janeiro-hang-gliding-or-paragliding-flight-t400158/
Brasil;rio-de-janeiro-l9;641748;Jardim botanico do rio de janeiro;https://www.getyourguide.com/rio-de-janeiro-l9/jardim-botanico-do-rio-de-janeiro-t641748/
Brasil;fortaleza-l1863;682692;Fortaleza;https://www.getyourguide.com/fortaleza-l1863/fortaleza-tour-to-aguas-belas-beach-t682692/
Brasil;rio-de-janeiro-l9;112696;Rio de janeiro african heritage;https://www.getyourguide.com/rio-de-janeiro-l9/rio-de-janeiro-african-heritage-tour-t112696/
Brasil;florianopolis-l246;535159;Surfing lesson with sea wolf;https://www.getyourguide.com/florianopolis-l246/surfing-lesson-with-sea-wolf-t535159/
Brasil;florianopolis-l246;1002265;Hike along;https://www.getyourguide.com/florianopolis-l246/hike-along-the-brazilian-way-of-st-james-in-florianopolis-t1002265/
Brasil;rio-de-janeiro-l9;528866;Rio de janeiro floresta da;https://www.getyourguide.com/rio-de-janeiro-l9/rio-de-janeiro-floresta-da-tijuca-cachoeiras-e-gruta-t528866/
Brasil;aracaju-l100614;548072;Panoramic city;https://www.getyourguide.com/aracaju-l100614/panoramic-city-tour-in-aracaju-t548072/
Brasil;barreirinhas-l105727;1041915;Lagoa bonita dunes;https://www.getyourguide.com/barreirinhas-l105727/lagoa-bonita-dunes-trails-and-stunning-sunset-t1041915/
Brasil;rio-de-janeiro-l9;1062952;Rio de janeiro private custom;https://www.getyourguide.com/rio-de-janeiro-l9/rio-de-janeiro-private-custom-tour-with-guide-t1062952/
Brasil;florianopolis-l246;823481;Florianopolis sunset in santo antonio de lisboa;https://www.getyourguide.com/florianopolis-l246/florianopolis-sunset-in-santo-antonio-de-lisboa-t823481/
Brasil;rio-de-janeiro-l9;1154557;Rio de janeiro climbing experience in urca;https://www.getyourguide.com/rio-de-janeiro-l9/rio-de-janeiro-climbing-experience-in-urca-t1154557/
Brasil;rio-de-janeiro-l9;975564;Rio de janeiro admission;https://www.getyourguide.com/rio-de-janeiro-l9/rio-de-janeiro-admission-to-christ-the-redeemer-on-the-corcovado-train-t975564/
Brasil;pindamonhangaba-l157698;1222210;Campos do jordao full;https://www.getyourguide.com/pindamonhangaba-l157698/campos-do-jordao-full-tour-with-guide-and-transportation-t1222210/
Brasil;rio-de-janeiro-l9;1077572;Rio de janeirocopacabana salgueiro samba school rehearsal;https://www.getyourguide.com/rio-de-janeiro-l9/rio-de-janeirocopacabana-salgueiro-samba-school-rehearsal-t1077572/
Brasil;rio-de-janeiro-l9;1260179;Rio de janeiro city;https://www.getyourguide.com/rio-de-janeiro-l9/rio-de-janeiro-city-tour-by-motorcycle-with-local-guide-t1260179/
Brasil;porto-seguro-l126793;1116449;Porto seguro nautical experience at recife de fora;https://www.getyourguide.com/porto-seguro-l126793/porto-seguro-nautical-experience-at-recife-de-fora-t1116449/
Brasil;rio-de-janeiro-l9;917487;Rio de janeiro centro downtown private walking;https://www.getyourguide.com/rio-de-janeiro-l9/rio-de-janeiro-centro-downtown-private-walking-tour-t917487/
Brasil;porto-de-galinhas-l32612;933015;Porto de galinhas 4 hour buggy;https://www.getyourguide.com/porto-de-galinhas-l32612/porto-de-galinhas-4-hour-buggy-tour-from-end-to-end-t933015/
Brasil;sao-paulo-l384;938798;Sao paulo exclusive dinner with rodrigo minotauro an mma legend;https://www.getyourguide.com/sao-paulo-l384/sao-paulo-exclusive-dinner-with-rodrigo-minotauro-an-mma-legend-t938798/
Brasil;belo-horizonte-l32265;1151195;Moqueca cooking class with drinks in belo horizonte;https://www.getyourguide.com/belo-horizonte-l32265/moqueca-cooking-class-with-drinks-in-belo-horizonte-t1151195/
Brasil;balneario-camboriu-l32252;1307811;Bombinhas;https://www.getyourguide.com/balneario-camboriu-l32252/bombinhas-tour-with-safari-discovering-7-beaches-on-the-enchanted-peninsula-t1307811/
Brasil;rio-de-janeiro-l9;1177928;Practical portuguese in rio;https://www.getyourguide.com/rio-de-janeiro-l9/practical-portuguese-in-rio-talk-like-a-local-t1177928/
Brasil;curitiba-l1849;1229451;Curitiba 34 brazilian flavours in;https://www.getyourguide.com/curitiba-l1849/curitiba-34-brazilian-flavours-in-tasting-with-local-expert-t1229451/
Brasil;rio-de-janeiro-l9;1127758;Rio de janeiro coffee valley;https://www.getyourguide.com/rio-de-janeiro-l9/rio-de-janeiro-coffee-valley-tour-with-tasting-t1127758/
Brasil;rio-de-janeiro-l9;410041;Private;https://www.getyourguide.com/rio-de-janeiro-l9/private-tour-christ-wticket-maracana-sugarloaf-old-rio-t410041/
Brasil;rio-de-janeiro-l9;1215245;Rio de janeiro urca hill hike cable car and beach;https://www.getyourguide.com/rio-de-janeiro-l9/rio-de-janeiro-urca-hill-hike-cable-car-and-beach-tour-t1215245/
Brasil;rio-de-janeiro-l9;532744;Fluminense game experience at;https://www.getyourguide.com/rio-de-janeiro-l9/fluminense-game-experience-at-the-iconic-maracana-stadium-t532744/
Brasil;sao-paulo-l384;534488;Corinthians game experience at neo quimica arena;https://www.getyourguide.com/sao-paulo-l384/corinthians-game-experience-at-neo-quimica-arena-t534488/
Brasil;lencois-l32549;1313400;Encantos da chapada ribeirao do meio hiking;https://www.getyourguide.com/lencois-l32549/encantos-da-chapada-ribeirao-do-meio-hiking-trip-t1313400/
Brasil;petropolis-l1831;1328241;Madrid belle epoque walking;https://www.getyourguide.com/petropolis-l1831/madrid-belle-epoque-walking-tour-t1328241/
Brasil;rio-de-janeiro-l9;479595;Rio de janeiro shuttle;https://www.getyourguide.com/rio-de-janeiro-l9/rio-de-janeiro-shuttle-transfer-tofrom-buzios-t479595/
Brasil;rio-de-janeiro-l9;178988;Rio half day jeep;https://www.getyourguide.com/rio-de-janeiro-l9/rio-half-day-jeep-tour-at-floresta-da-tijuca-t178988/
Brasil;rio-de-janeiro-l9;510150;Rio de janeiro private christ sugarloaf maracana and more;https://www.getyourguide.com/rio-de-janeiro-l9/rio-de-janeiro-private-christ-sugarloaf-maracana-and-more-t510150/
Brasil;rio-de-janeiro-l9;1082473;Rio de janeiro pedra da gavea;https://www.getyourguide.com/rio-de-janeiro-l9/rio-de-janeiro-pedra-da-gavea-trail-hiking-tour-t1082473/
Brasil;florianopolis-l246;623629;Florianopolis rafting aventura;https://www.getyourguide.com/florianopolis-l246/florianopolis-rafting-aventura-t623629/
Brasil;angra-dos-reis-l88183;643561;Shared;https://www.getyourguide.com/angra-dos-reis-l88183/shared-transfer-from-rio-de-janeiro-to-angra-dos-reis-t643561/
Brasil;paraty-l1845;1118092;Paraty guided walking;https://www.getyourguide.com/paraty-l1845/paraty-guided-walking-tour-throung-the-city-of-caicara-t1118092/
Brasil;florianopolis-l246;655177;Private;https://www.getyourguide.com/florianopolis-l246/private-transfer-from-florianopolis-to-costao-do-santinho-t655177/
Brasil;paraty-l1845;1150979;Paraty mangrove kayak;https://www.getyourguide.com/paraty-l1845/paraty-mangrove-kayak-tour-with-capybara-sightings-t1150979/
Brasil;rio-de-janeiro-l9;888852;Rio city highlights with christ sugarloaf private;https://www.getyourguide.com/rio-de-janeiro-l9/rio-city-highlights-with-christ-sugarloaf-private-tour-t888852/
Brasil;rio-de-janeiro-l9;1168888;Rio de janeiro guanabara bay catamaran;https://www.getyourguide.com/rio-de-janeiro-l9/rio-de-janeiro-guanabara-bay-catamaran-tour-with-pickup-t1168888/
Brasil;sao-miguel-dos-milagres-l98856;1186481;Sao miguel dos milagres a day;https://www.getyourguide.com/sao-miguel-dos-milagres-l98856/sao-miguel-dos-milagres-a-day-trip-t1186481/
Brasil;rio-de-janeiro-l9;766488;Rio de janeiro bossa nova night experience;https://www.getyourguide.com/rio-de-janeiro-l9/rio-de-janeiro-bossa-nova-night-experience-t766488/
Brasil;rio-de-janeiro-l9;816726;Rio de janeiro;https://www.getyourguide.com/rio-de-janeiro-l9/rio-de-janeiro-tandem-paragliding-from-pedra-bonita-ramp-t816726/
Brasil;sao-paulo-l384;870186;Full day 4x4 off road adventure from sao paulo;https://www.getyourguide.com/sao-paulo-l384/full-day-4x4-off-road-adventure-from-sao-paulo-t870186/
Brasil;niteroi-l34109;1063797;Niteroi 5 beaches;https://www.getyourguide.com/niteroi-l34109/niteroi-5-beaches-tour-with-transport-and-guide-t1063797/
Brasil;parnaiba-l194334;1082456;Delta do parnaiba private speedboat;https://www.getyourguide.com/parnaiba-l194334/delta-do-parnaiba-private-speedboat-tour-revoada-dos-guaras-t1082456/
Brasil;rio-de-janeiro-l9;1097177;Rio de janeiro pedra do sal samba party with caipirinhas;https://www.getyourguide.com/rio-de-janeiro-l9/rio-de-janeiro-pedra-do-sal-samba-party-with-caipirinhas-t1097177/
Brasil;natal-l2112;1099087;A stroll;https://www.getyourguide.com/natal-l2112/a-stroll-through-pipa-handicrafts-picturesque-streets-t1099087/
Brasil;rio-de-janeiro-l9;1108575;Football match at maracana stadium feel;https://www.getyourguide.com/rio-de-janeiro-l9/football-match-at-maracana-stadium-feel-the-national-passion-t1108575/
Brasil;lencois-l32549;1041971;Atins 4x4;https://www.getyourguide.com/lencois-l32549/atins-4x4-tour-circuit-with-kite-lagoon-and-ponta-do-mangue-t1041971/
Brasil;rio-de-janeiro-l9;1192674;Motorcycle;https://www.getyourguide.com/rio-de-janeiro-l9/motorcycle-tour-in-the-rocinha-favela-t1192674/
Brasil;rio-de-janeiro-l9;1074908;Rio de janeiro half day boat;https://www.getyourguide.com/rio-de-janeiro-l9/rio-de-janeiro-half-day-boat-tour-in-marapendi-lagoon-t1074908/
Brasil;rio-de-janeiro-l9;1074960;Rio de janeiro half day architecture walking;https://www.getyourguide.com/rio-de-janeiro-l9/rio-de-janeiro-half-day-architecture-walking-tour-t1074960/
Brasil;rio-de-janeiro-l9;295455;Inside rio s markets;https://www.getyourguide.com/rio-de-janeiro-l9/inside-rio-s-markets-taste-15-exotic-fruits-with-a-guide-t295455/
Brasil;parnaiba-l194334;1100842;Parnaiba delta monkey watching;https://www.getyourguide.com/parnaiba-l194334/parnaiba-delta-monkey-watching-tour-t1100842/
Brasil;rio-de-janeiro-l9;422257;Round;https://www.getyourguide.com/rio-de-janeiro-l9/round-triptransfer-from-rio-de-janeiro-to-ilha-grandeboat-t422257/
Brasil;rio-de-janeiro-l9;1125761;You in rio de janeiro a premium and personalized photoshoot;https://www.getyourguide.com/rio-de-janeiro-l9/you-in-rio-de-janeiro-a-premium-and-personalized-photoshoot-t1125761/
Brasil;rio-de-janeiro-l9;1127760;Rio de janeiro coffee valley;https://www.getyourguide.com/rio-de-janeiro-l9/rio-de-janeiro-coffee-valley-tour-with-tasting-t1127760/
Brasil;paraty-l1845;1158228;Paraty golden route guided hike with historical stories;https://www.getyourguide.com/paraty-l1845/paraty-golden-route-guided-hike-with-historical-stories-t1158228/
Brasil;rio-de-janeiro-l9;54583;Rocinha jeep;https://www.getyourguide.com/rio-de-janeiro-l9/rocinha-jeep-tour-a-journey-into-the-soul-of-the-favela-t54583/
Brasil;rio-de-janeiro-l9;96930;Super saver;https://www.getyourguide.com/rio-de-janeiro-l9/super-saver-three-days-photo-tour-t96930/
Brasil;rio-de-janeiro-l9;363735;Rio de janeiro serra dos orgaos national park ecotour;https://www.getyourguide.com/rio-de-janeiro-l9/rio-de-janeiro-serra-dos-orgaos-national-park-ecotour-t363735/
Brasil;rio-de-janeiro-l9;425456;From rio de janeiro private;https://www.getyourguide.com/rio-de-janeiro-l9/from-rio-de-janeiro-private-transfer-to-buzios-t425456/
Brasil;sao-paulo-l384;162033;Santo amaro island hiking;https://www.getyourguide.com/sao-paulo-l384/santo-amaro-island-hiking-tour-to-3-wild-beaches-t162033/
Brasil;rio-de-janeiro-l9;388484;From rio de janeiro arraial do cabo boat;https://www.getyourguide.com/rio-de-janeiro-l9/from-rio-de-janeiro-arraial-do-cabo-boat-trip-with-lunch-t388484/
Brasil;rio-de-janeiro-l9;530101;Excursao de dia inteiro a angra dos reis e ilha grande;https://www.getyourguide.com/rio-de-janeiro-l9/excursao-de-dia-inteiro-a-angra-dos-reis-e-ilha-grande-t530101/
Brasil;rio-de-janeiro-l9;884930;Discover pedra do;https://www.getyourguide.com/rio-de-janeiro-l9/discover-pedra-do-telegrafo-scenic-hike-with-expert-guide-t884930/
Brasil;paraty-l1845;885242;Paraty jeep;https://www.getyourguide.com/paraty-l1845/paraty-jeep-tour-to-waterfalls-engenho-d-ouro-distillery-t885242/
Brasil;sao-paulo-l384;482721;Trilha 7 praias ubatuba;https://www.getyourguide.com/sao-paulo-l384/trilha-7-praias-ubatuba-t482721/
Brasil;rio-de-janeiro-l9;528882;From rio arraial do cabo day;https://www.getyourguide.com/rio-de-janeiro-l9/from-rio-arraial-do-cabo-day-trip-with-boat-tour-t528882/
Brasil;fortaleza-l1863;682805;Fortaleza mundau and flecheiras beach with catamaran;https://www.getyourguide.com/fortaleza-l1863/fortaleza-mundau-and-flecheiras-beach-with-catamaran-t682805/
Brasil;rio-de-janeiro-l9;1101362;Guided;https://www.getyourguide.com/rio-de-janeiro-l9/guided-trip-from-rio-de-janeiro-to-buzios-arrive-in-buzios-in-style-t1101362/
Brasil;jericoacoara-l105737;1103887;Jericoacoara sunset quad bike;https://www.getyourguide.com/jericoacoara-l105737/jericoacoara-sunset-quad-bike-tour-t1103887/
Brasil;rio-de-janeiro-l9;1123660;Rio de janeiro latin funk party with djs and hot beats;https://www.getyourguide.com/rio-de-janeiro-l9/rio-de-janeiro-latin-funk-party-with-djs-and-hot-beats-t1123660/
Brasil;rio-de-janeiro-l9;692092;Rio de janeiro excursion;https://www.getyourguide.com/rio-de-janeiro-l9/rio-de-janeiro-excursion-to-pedra-do-telegrafo-and-beaches-t692092/
Brasil;rio-de-janeiro-l9;750781;Private rio s hidden gems your amazing second day in rio;https://www.getyourguide.com/rio-de-janeiro-l9/private-rio-s-hidden-gems-your-amazing-second-day-in-rio-t750781/
Brasil;braganca-paulista-l154865;821443;Braganca paulista panoramic flight with personalized;https://www.getyourguide.com/braganca-paulista-l154865/braganca-paulista-panoramic-flight-with-personalized-tour-t821443/
Brasil;angra-dos-reis-l88183;1037121;Blue lagoon speedboat adventure in angra;https://www.getyourguide.com/angra-dos-reis-l88183/blue-lagoon-speedboat-adventure-in-angra-t1037121/
Brasil;rio-de-janeiro-l9;1065437;Rio de janeiro sugarloaf mountain beaches;https://www.getyourguide.com/rio-de-janeiro-l9/rio-de-janeiro-sugarloaf-mountain-beaches-tour-t1065437/
Brasil;rio-de-janeiro-l9;971076;Shore excursion from rio de janeiro port christ redeemer;https://www.getyourguide.com/rio-de-janeiro-l9/shore-excursion-from-rio-de-janeiro-port-christ-redeemer-t971076/
Brasil;natal-l2112;1111147;Natal buggy adventure at sunset on;https://www.getyourguide.com/natal-l2112/natal-buggy-adventure-at-sunset-on-the-northern-coast-t1111147/
Brasil;porto-alegre-l32362;1148398;Porto alegre rural day use farm animal;https://www.getyourguide.com/porto-alegre-l32362/porto-alegre-rural-day-use-farm-animal-tour-gaucho-snack-t1148398/
Brasil;rio-de-janeiro-l9;1084095;Traditional feijoada in rio with guide and;https://www.getyourguide.com/rio-de-janeiro-l9/traditional-feijoada-in-rio-with-guide-and-transfer-t1084095/
Brasil;rio-de-janeiro-l9;1093212;Rio de janeiro sugarloaf mountain cable car;https://www.getyourguide.com/rio-de-janeiro-l9/rio-de-janeiro-sugarloaf-mountain-cable-car-ticket-t1093212/
Brasil;rio-de-janeiro-l9;1101519;Rio de janeiro flamengo museum and club;https://www.getyourguide.com/rio-de-janeiro-l9/rio-de-janeiro-flamengo-museum-and-club-tour-t1101519/
Brasil;parati-mirim-l214877;1190970;Paraty mirim kayak;https://www.getyourguide.com/parati-mirim-l214877/paraty-mirim-kayak-tour-calm-waters-untouched-nature-t1190970/
Brasil;miranda-l248292;1114465;Miranda cultural excursion;https://www.getyourguide.com/miranda-l248292/miranda-cultural-excursion-to-babacu-village-with-a-terena-experience-t1114465/
Brasil;alter-do-chao-l148407;387685;Alter do chao arapiuns river and urucurea village boat;https://www.getyourguide.com/alter-do-chao-l148407/alter-do-chao-arapiuns-river-and-urucurea-village-boat-tour-t387685/
Brasil;rio-de-janeiro-l9;400167;Rio de janeiro dois irmaos hill hike vidigal favela;https://www.getyourguide.com/rio-de-janeiro-l9/rio-de-janeiro-dois-irmaos-hill-hike-vidigal-favela-tour-t400167/
Brasil;rio-de-janeiro-l9;412112;Rio de janeiro boat;https://www.getyourguide.com/rio-de-janeiro-l9/rio-de-janeiro-boat-tour-sunset-with-beer-t412112/
Brasil;sao-paulo-l384;426663;Congonhas sao paulo airport private;https://www.getyourguide.com/sao-paulo-l384/congonhas-sao-paulo-airport-private-transfer-to-sao-paulo-t426663/
Brasil;rio-de-janeiro-l9;429733;Rio de janeiro full day city sightseeing guided;https://www.getyourguide.com/rio-de-janeiro-l9/rio-de-janeiro-full-day-city-sightseeing-guided-tour-t429733/
Brasil;paripueira-l193609;1186415;Paripueira beach;https://www.getyourguide.com/paripueira-l193609/paripueira-beach-tour-beach-club-t1186415/
Brasil;rio-de-janeiro-l9;1288794;Tour of;https://www.getyourguide.com/rio-de-janeiro-l9/tour-of-the-bohemian-santa-teresa-neighborhood-t1288794/
Brasil;curitiba-l1849;24862;Full day excursion;https://www.getyourguide.com/curitiba-l1849/full-day-excursion-to-vilha-velha-state-park-from-curitiba-t24862/
Brasil;rio-de-janeiro-l9;425691;From rio de janeiro sugarloaf mountain;https://www.getyourguide.com/rio-de-janeiro-l9/from-rio-de-janeiro-sugarloaf-mountain-tour-with-cable-car-t425691/
Brasil;natal-l2112;370396;Natal day;https://www.getyourguide.com/natal-l2112/natal-day-trip-to-sao-miguel-do-gostoso-t370396/
Brasil;aracaju-l100614;548899;Tour;https://www.getyourguide.com/aracaju-l100614/tour-to-croa-gore-and-namorados-island-t548899/
Brasil;sao-paulo-l384;554233;Guarulhos airport private;https://www.getyourguide.com/sao-paulo-l384/guarulhos-airport-private-transfer-t554233/
Brasil;sao-paulo-l384;1032099;Ultimate sao paulo;https://www.getyourguide.com/sao-paulo-l384/ultimate-sao-paulo-tasting-experience-up-to-34-flavors-t1032099/
Brasil;atins-l158343;1041968;Atins circuit;https://www.getyourguide.com/atins-l158343/atins-circuit-tropical-lagoon-canto-wild-beach-t1041968/
Brasil;rio-de-janeiro-l9;647681;Rio de janeiro from;https://www.getyourguide.com/rio-de-janeiro-l9/rio-de-janeiro-from-to-airports-x-hotel-private-transfer-t647681/
Brasil;florianopolis-l246;737607;Praia de bombinhas 4 ilhas and lagoinha;https://www.getyourguide.com/florianopolis-l246/praia-de-bombinhas-4-ilhas-and-lagoinha-t737607/
Brasil;rio-de-janeiro-l9;799974;Relaxing massage;https://www.getyourguide.com/rio-de-janeiro-l9/relaxing-massage-t799974/
Brasil;rio-de-janeiro-l9;742207;05 spots of rio christ redeemer sugar loaf selaron stairs;https://www.getyourguide.com/rio-de-janeiro-l9/05-spots-of-rio-christ-redeemer-sugar-loaf-selaron-stairs-t742207/
Brasil;sao-jose-dos-pinhais-l212800;1203432;Sao jose dos pinhais guided wine;https://www.getyourguide.com/sao-jose-dos-pinhais-l212800/sao-jose-dos-pinhais-guided-wine-trail-tour-t1203432/
Brasil;rio-de-janeiro-l9;794595;Rio de janeiro brazilian cooking class with hotel pickup;https://www.getyourguide.com/rio-de-janeiro-l9/rio-de-janeiro-brazilian-cooking-class-with-hotel-pickup-t794595/
Brasil;rio-de-janeiro-l9;1270065;Funk dance at;https://www.getyourguide.com/rio-de-janeiro-l9/funk-dance-at-the-rocinha-viewpoint-t1270065/
Brasil;florianopolis-l246;1273035;Florianopolis european valley blumenau and pomerode;https://www.getyourguide.com/florianopolis-l246/florianopolis-european-valley-blumenau-and-pomerode-tour-t1273035/
Brasil;rio-de-janeiro-l9;998174;Rio de janeiro private yacht charter;https://www.getyourguide.com/rio-de-janeiro-l9/rio-de-janeiro-private-yacht-charter-t998174/
Brasil;rio-de-janeiro-l9;1034877;Rio de janeiro dois irmaos sunrise hike with pickup;https://www.getyourguide.com/rio-de-janeiro-l9/rio-de-janeiro-dois-irmaos-sunrise-hike-with-pickup-t1034877/
Brasil;rio-de-janeiro-l9;73934;Rio s best_sugar loaf santa;https://www.getyourguide.com/rio-de-janeiro-l9/rio-s-best_sugar-loaf-santa-teresa-selaron-corcovado-t73934/
Brasil;rio-de-janeiro-l9;76531;Private custom 8 hour exclusive;https://www.getyourguide.com/rio-de-janeiro-l9/private-custom-8-hour-exclusive-tour-in-rio-with-vip-tickets-t76531/
Brasil;sao-paulo-l384;1169233;Sao paulo city brazilian football game;https://www.getyourguide.com/sao-paulo-l384/sao-paulo-city-brazilian-football-game-tour-with-local-fan-t1169233/
Brasil;curitiba-l1849;1097294;Curitiba architecture;https://www.getyourguide.com/curitiba-l1849/curitiba-architecture-tourism-telling-stories-through-architecture-4-hours-t1097294/
Brasil;porto-jofre-l123795;1183616;Pantanal wetlands 4 day adventure safari expedition;https://www.getyourguide.com/porto-jofre-l123795/pantanal-wetlands-4-day-adventure-safari-expedition-t1183616/
Brasil;rio-de-janeiro-l9;428690;Gig rio de janeiro airport lounge access;https://www.getyourguide.com/rio-de-janeiro-l9/gig-rio-de-janeiro-airport-lounge-access-t428690/
Brasil;rio-de-janeiro-l9;444798;Maracana stadium match;https://www.getyourguide.com/rio-de-janeiro-l9/maracana-stadium-match-ticket-and-drink-t444798/
Brasil;canela-l117155;1192930;Flores da cunha high altitude wines and memorable experiences;https://www.getyourguide.com/canela-l117155/flores-da-cunha-high-altitude-wines-and-memorable-experiences-t1192930/
Brasil;recife-l1836;490712;Tour olinda with recife antigo departing from recife;https://www.getyourguide.com/recife-l1836/tour-olinda-with-recife-antigo-departing-from-recife-t490712/
Brasil;paraty-l1845;1252478;Paraty 2 day kayak and wild camping adventure;https://www.getyourguide.com/paraty-l1845/paraty-2-day-kayak-and-wild-camping-adventure-t1252478/
Brasil;rio-de-janeiro-l9;1313437;Rio de janeiro rocinha favela barber shop cria experience;https://www.getyourguide.com/rio-de-janeiro-l9/rio-de-janeiro-rocinha-favela-barber-shop-cria-experience-t1313437/
Brasil;rio-de-janeiro-l9;18579;Rio de janeiro football match with;https://www.getyourguide.com/rio-de-janeiro-l9/rio-de-janeiro-football-match-with-ticket-transportation-t18579/
Brasil;rio-de-janeiro-l9;148766;Rio de janeiro past future downtown walking;https://www.getyourguide.com/rio-de-janeiro-l9/rio-de-janeiro-past-future-downtown-walking-tour-t148766/
Brasil;porto-de-galinhas-l32612;24716;Porto galinhas full day;https://www.getyourguide.com/porto-de-galinhas-l32612/porto-galinhas-full-day-tour-t24716/
Brasil;rio-de-janeiro-l9;140124;Corcovado christ redeemer and sugar loaf mountain day;https://www.getyourguide.com/rio-de-janeiro-l9/corcovado-christ-redeemer-and-sugar-loaf-mountain-day-tour-t140124/
Brasil;rio-de-janeiro-l9;767160;Rio de janeiro private guided city;https://www.getyourguide.com/rio-de-janeiro-l9/rio-de-janeiro-private-guided-city-tour-t767160/
Brasil;barreirinhas-l105727;781713;Day;https://www.getyourguide.com/barreirinhas-l105727/day-trip-to-atins-through-the-lencois-maranhenses-t781713/
Brasil;rio-de-janeiro-l9;878251;A day in rio christ;https://www.getyourguide.com/rio-de-janeiro-l9/a-day-in-rio-christ-the-redeemer-and-sugarloaf-mountain-t878251/
Brasil;rio-de-janeiro-l9;496880;Rio de janeiro private helicopter;https://www.getyourguide.com/rio-de-janeiro-l9/rio-de-janeiro-private-helicopter-tour-t496880/
Brasil;curitiba-l1849;478259;Shared;https://www.getyourguide.com/curitiba-l1849/shared-transfer-between-curitiba-airport-and-hotels-t478259/
Brasil;rio-de-janeiro-l9;1012214;Discover;https://www.getyourguide.com/rio-de-janeiro-l9/discover-the-best-of-rio-on-an-exclusive-full-local-tour-t1012214/
Brasil;mucuge-l214116;1101512;Chapada diamantina vale do pati 5 day adventure with local guides;https://www.getyourguide.com/mucuge-l214116/chapada-diamantina-vale-do-pati-5-day-adventure-with-local-guides-t1101512/
Brasil;maceio-l2064;671507;Maceio;https://www.getyourguide.com/maceio-l2064/maceio-tour-to-sao-miguel-dos-milagres-t671507/
Brasil;rio-de-janeiro-l9;1122779;Little africa roots of resistence;https://www.getyourguide.com/rio-de-janeiro-l9/little-africa-roots-of-resistence-t1122779/
Brasil;fortaleza-l1863;675326;Ceara beaches in one day;https://www.getyourguide.com/fortaleza-l1863/ceara-beaches-in-one-day-t675326/
Brasil;rio-de-janeiro-l9;780738;Discover rio s icons pickup any address hotel airportport;https://www.getyourguide.com/rio-de-janeiro-l9/discover-rio-s-icons-pickup-any-address-hotel-airportport-t780738/
Brasil;rio-de-janeiro-l9;1279027;Rio de janeiro art history half day;https://www.getyourguide.com/rio-de-janeiro-l9/rio-de-janeiro-art-history-half-day-tour-with-sugarloaf-mountain-t1279027/
Brasil;jericoacoara-l105737;1300284;Jericoacoara premium full day experience at alchymist and blue lagoon;https://www.getyourguide.com/jericoacoara-l105737/jericoacoara-premium-full-day-experience-at-alchymist-and-blue-lagoon-t1300284/
Brasil;rio-de-janeiro-l9;73913;Best half day in rio christ;https://www.getyourguide.com/rio-de-janeiro-l9/best-half-day-in-rio-christ-the-redeemer-and-sugarloaf-t73913/
Brasil;rio-de-janeiro-l9;96618;Santa;https://www.getyourguide.com/rio-de-janeiro-l9/santa-teresa-walking-tour-culture-art-amazing-views-t96618/
Brasil;rio-de-janeiro-l9;1077514;Explore ilha da gigoia lush vegetation and unique views;https://www.getyourguide.com/rio-de-janeiro-l9/explore-ilha-da-gigoia-lush-vegetation-and-unique-views-t1077514/
Brasil;fortaleza-l1863;227164;Fortaleza;https://www.getyourguide.com/fortaleza-l1863/fortaleza-tofrom-jericoacoara-shared-transfer-t227164/
Brasil;rio-de-janeiro-l9;1107813;Rio de janeiro santa;https://www.getyourguide.com/rio-de-janeiro-l9/rio-de-janeiro-santa-teresa-and-ilha-da-gigoia-tour-t1107813/
Brasil;paraty-l1845;1117357;Paraty serra da bocaina national park guided hike;https://www.getyourguide.com/paraty-l1845/paraty-serra-da-bocaina-national-park-guided-hike-t1117357/
Brasil;paraty-l1845;1116516;Paratyengenho d ouro distillery with;https://www.getyourguide.com/paraty-l1845/paratyengenho-d-ouro-distillery-with-tastings-waterfalls-t1116516/
Brasil;rio-de-janeiro-l9;1127824;Rio de janeiro winery;https://www.getyourguide.com/rio-de-janeiro-l9/rio-de-janeiro-winery-tour-with-wine-tasting-experience-t1127824/
Brasil;rio-de-janeiro-l9;1192981;Rocinha viewpoint with lunch;https://www.getyourguide.com/rio-de-janeiro-l9/rocinha-viewpoint-with-lunch-t1192981/
Brasil;angra-dos-reis-l88183;1185309;Recreational diving in ilha grande fantastic experience;https://www.getyourguide.com/angra-dos-reis-l88183/recreational-diving-in-ilha-grande-fantastic-experience-t1185309/
Brasil;rio-de-janeiro-l9;1210767;Rio de janeiro house concert samba;https://www.getyourguide.com/rio-de-janeiro-l9/rio-de-janeiro-house-concert-samba-tour-and-drinks-t1210767/
Brasil;rio-de-janeiro-l9;1282432;Rio de janeiro lgbtq nightlife;https://www.getyourguide.com/rio-de-janeiro-l9/rio-de-janeiro-lgbtq-nightlife-tour-with-local-guide-t1282432/
Brasil;rio-de-janeiro-l9;1318349;Rio de janeiro airport armored car;https://www.getyourguide.com/rio-de-janeiro-l9/rio-de-janeiro-airport-armored-car-transfer-with-bilingual-guides-t1318349/
Brasil;maceio-l2064;670652;Maceio;https://www.getyourguide.com/maceio-l2064/maceio-tour-to-gunga-beach-t670652/
Brasil;rio-de-janeiro-l9;54620;Rio de janeiro behind;https://www.getyourguide.com/rio-de-janeiro-l9/rio-de-janeiro-behind-the-scenes-of-maracana-stadium-t54620/
Brasil;paraty-l1845;199066;Day;https://www.getyourguide.com/paraty-l1845/day-tour-to-trindade-nature-and-sea-adventure-from-paraty-t199066/
Brasil;rio-de-janeiro-l9;791732;West zone 18 beaches;https://www.getyourguide.com/rio-de-janeiro-l9/west-zone-18-beaches-telegraph-hike-sunset-and-surprises-t791732/
Brasil;porto-seguro-l126793;800953;Porto seguro airport;https://www.getyourguide.com/porto-seguro-l126793/porto-seguro-airport-transfer-to-arraial-d-ajuda-t800953/
Brasil;sao-paulo-l384;417157;Sao paulo gru airport;https://www.getyourguide.com/sao-paulo-l384/sao-paulo-gru-airport-to-sao-paulo-city-private-transfer-t417157/
Brasil;rio-de-janeiro-l9;948347;Ipanema 4 brazilian appetizers and 4 drinks class;https://www.getyourguide.com/rio-de-janeiro-l9/ipanema-4-brazilian-appetizers-and-4-drinks-class-t948347/
Brasil;rio-de-janeiro-l9;490172;Christ;https://www.getyourguide.com/rio-de-janeiro-l9/christ-the-redeemer-hiking-journey-to-rio-s-iconic-landmark-t490172/
Brasil;rio-de-janeiro-l9;988444;Rio de janeiro private local experience;https://www.getyourguide.com/rio-de-janeiro-l9/rio-de-janeiro-private-local-experience-t988444/
Brasil;rio-de-janeiro-l9;699055;4x4;https://www.getyourguide.com/rio-de-janeiro-l9/4x4-tijuca-national-park-rio-de-janeiro-t699055/
Brasil;florianopolis-l246;723431; private van;https://www.getyourguide.com/florianopolis-l246/-private-van-transfer--t723431/
Brasil;rio-de-janeiro-l9;773487;Rio de janeiro christ redeemer by;https://www.getyourguide.com/rio-de-janeiro-l9/rio-de-janeiro-christ-redeemer-by-train-sugar-loaf-private-t773487/
Brasil;vale-dos-vinhedos-l239643;1190501;Bento goncalves experience with unforgettable sensations and flavors;https://www.getyourguide.com/vale-dos-vinhedos-l239643/bento-goncalves-experience-with-unforgettable-sensations-and-flavors-t1190501/
Brasil;rio-de-janeiro-l9;797477;Private e bike guided;https://www.getyourguide.com/rio-de-janeiro-l9/private-e-bike-guided-tour-in-rio-historic-center-to-ipanema-t797477/
Brasil;rio-de-janeiro-l9;833140;Explore rio de janeiro on a breathtaking helicopter ride;https://www.getyourguide.com/rio-de-janeiro-l9/explore-rio-de-janeiro-on-a-breathtaking-helicopter-ride-t833140/
Brasil;balneario-camboriu-l32252;913472;Drone videos in balneario camboriu;https://www.getyourguide.com/balneario-camboriu-l32252/drone-videos-in-balneario-camboriu-t913472/
Brasil;rio-de-janeiro-l9;924001;Rio de janeiro skip;https://www.getyourguide.com/rio-de-janeiro-l9/rio-de-janeiro-skip-the-line-maracana-stadium-private-tour-t924001/
Brasil;caucaia-l208637;1305271;Fortaleza 1 day;https://www.getyourguide.com/caucaia-l208637/fortaleza-1-day-tour-to-alchymist-lagoa-encantada-cumbuco-t1305271/
Brasil;rio-de-janeiro-l9;436069;Rio de janeiro private helicopter;https://www.getyourguide.com/rio-de-janeiro-l9/rio-de-janeiro-private-helicopter-tour-christ-the-redeemer-t436069/
Brasil;rio-de-janeiro-l9;1202064;Rio de janeiro city highlights;https://www.getyourguide.com/rio-de-janeiro-l9/rio-de-janeiro-city-highlights-tour-by-buggy-t1202064/
Brasil;rio-de-janeiro-l9;1237926;Rio de janeiro;https://www.getyourguide.com/rio-de-janeiro-l9/rio-de-janeiro-tijuca-forest-explore-an-urban-forest-t1237926/
Brasil;rio-de-janeiro-l9;1291847;Rio a day like flamengo;https://www.getyourguide.com/rio-de-janeiro-l9/rio-a-day-like-flamengo-ticket-to-the-club-headquarters-and-football-at-maracana-t1291847/
Brasil;rio-de-janeiro-l9;1322522;Rio de janeiro rocinha favela walking;https://www.getyourguide.com/rio-de-janeiro-l9/rio-de-janeiro-rocinha-favela-walking-tour-with-local-guide-t1322522/
Brasil;paraty-l1845;24759;Full day beach hike and snorkeling near secluded villages;https://www.getyourguide.com/paraty-l1845/full-day-beach-hike-and-snorkeling-near-secluded-villages-t24759/
Brasil;rio-de-janeiro-l9;389515;From rio de janeiro niteroi day;https://www.getyourguide.com/rio-de-janeiro-l9/from-rio-de-janeiro-niteroi-day-trip-t389515/
Brasil;sao-paulo-l384;389858;Sao paulo viracopos airport vcp private;https://www.getyourguide.com/sao-paulo-l384/sao-paulo-viracopos-airport-vcp-private-transfer-t389858/
Brasil;sao-paulo-l384;429309;Sao paulo classic half day private sightseeing guided;https://www.getyourguide.com/sao-paulo-l384/sao-paulo-classic-half-day-private-sightseeing-guided-tour-t429309/
Brasil;rio-de-janeiro-l9;522589;Stadium football match;https://www.getyourguide.com/rio-de-janeiro-l9/stadium-football-match-ticket-with-transportpaying-extra-t522589/
Brasil;rio-de-janeiro-l9;527552;Aventurismo christ redeemer;https://www.getyourguide.com/rio-de-janeiro-l9/aventurismo-christ-redeemer-t527552/
Brasil;rio-de-janeiro-l9;546674;City;https://www.getyourguide.com/rio-de-janeiro-l9/city-tour-rio-de-janeiro-t546674/
Brasil;petropolis-l1831;1043672;Petropolis nature walk with a local guide and a panoramic view of;https://www.getyourguide.com/petropolis-l1831/petropolis-nature-walk-with-a-local-guide-and-a-panoramic-view-of-the-river-t1043672/
Brasil;rio-de-janeiro-l9;1074612;Favela vidigal bar;https://www.getyourguide.com/rio-de-janeiro-l9/favela-vidigal-bar-tour-bar-da-laje-and-alto-t1074612/
Brasil;florianopolis-l246;705737;Lagoinha leste secret path epic view w local expert;https://www.getyourguide.com/florianopolis-l246/lagoinha-leste-secret-path-epic-view-w-local-expert-t705737/
Brasil;fortaleza-l1863;682749;Fortaleza;https://www.getyourguide.com/fortaleza-l1863/fortaleza-tour-to-lagoinha-beach-t682749/
Brasil;sao-paulo-l384;756380;Best sao paulo city;https://www.getyourguide.com/sao-paulo-l384/best-sao-paulo-city-tour-history-5hours-private-experience-t756380/
Brasil;rio-de-janeiro-l9;759718;Parque lage historic mansion and stunning gardens in rio;https://www.getyourguide.com/rio-de-janeiro-l9/parque-lage-historic-mansion-and-stunning-gardens-in-rio-t759718/
Brasil;rio-de-janeiro-l9;760918;Galeao airport;https://www.getyourguide.com/rio-de-janeiro-l9/galeao-airport-transfer-copacabana-ipanema-downtown-t760918/
Brasil;rio-de-janeiro-l9;1192047;Rio carnival blocos and rehearsals at;https://www.getyourguide.com/rio-de-janeiro-l9/rio-carnival-blocos-and-rehearsals-at-the-sambadrome-t1192047/
Brasil;porto-seguro-l126793;879004;Discover;https://www.getyourguide.com/porto-seguro-l126793/discover-trancoso-explore-beaches-history-local-culture-t879004/
Brasil;sao-paulo-l384;1313486;The heart of sao paulo food;https://www.getyourguide.com/sao-paulo-l384/the-heart-of-sao-paulo-food-tour-through-the-secrets-of-vila-madalena-t1313486/
Brasil;morro-de-sao-paulo-l116740;1317721;Morro de sao paulo 7 hour off road quad bike;https://www.getyourguide.com/morro-de-sao-paulo-l116740/morro-de-sao-paulo-7-hour-off-road-quad-bike-tour-along-the-beaches-t1317721/
Brasil;rio-de-janeiro-l9;1052804;Complete rio de janeiro experience private car;https://www.getyourguide.com/rio-de-janeiro-l9/complete-rio-de-janeiro-experience-private-car-tour-helicopter-t1052804/
Brasil;sao-paulo-l384;1076222;Sao paulo atlantic forest hike;https://www.getyourguide.com/sao-paulo-l384/sao-paulo-atlantic-forest-hike-to-the-highest-point-in-the-city-t1076222/
Brasil;rio-de-janeiro-l9;1086383;Serra dos orgaos day;https://www.getyourguide.com/rio-de-janeiro-l9/serra-dos-orgaos-day-trip-by-alan-denis-t1086383/
Brasil;rio-de-janeiro-l9;1106041;Rio de janeiro;https://www.getyourguide.com/rio-de-janeiro-l9/rio-de-janeiro-tijuca-rainforest-waterfalls-hidden-caves-and-history-t1106041/
Brasil;canela-l117155;1193902;Flores da cunha city a wine;https://www.getyourguide.com/canela-l117155/flores-da-cunha-city-a-wine-tasting-that-welcomes-you-t1193902/
Brasil;rio-de-janeiro-l9;1195502;Rio de janeiro climbing in copacabana;https://www.getyourguide.com/rio-de-janeiro-l9/rio-de-janeiro-climbing-in-copacabana-t1195502/
Brasil;rio-de-janeiro-l9;1205427;Rio de janeiro motorcycle;https://www.getyourguide.com/rio-de-janeiro-l9/rio-de-janeiro-motorcycle-tour-of-the-beaches-of-reserva-prainha-and-grumari-t1205427/
Brasil;rio-de-janeiro-l9;1233018;Rio de janeiro;https://www.getyourguide.com/rio-de-janeiro-l9/rio-de-janeiro-tijuca-rainforest-with-waterfall-photoshoot-t1233018/
Brasil;paraty-l1845;24761;Walking;https://www.getyourguide.com/paraty-l1845/walking-tour-of-paraty-city-bilingual-guide-options-t24761/
Brasil;joao-pessoa-l116745;26320;Joao pessoa city;https://www.getyourguide.com/joao-pessoa-l116745/joao-pessoa-city-tour-t26320/
Brasil;rio-de-janeiro-l9;95475;Wild beaches and cachaca photo;https://www.getyourguide.com/rio-de-janeiro-l9/wild-beaches-and-cachaca-photo-tour-t95475/
Brasil;fortaleza-l1863;226735;Fortaleza private;https://www.getyourguide.com/fortaleza-l1863/fortaleza-private-transfer-airport-tofrom-city-hotels-t226735/
Brasil;rio-de-janeiro-l9;386090;Rio de janeiro botanical garden;https://www.getyourguide.com/rio-de-janeiro-l9/rio-de-janeiro-botanical-garden-tijuca-forest-guided-tour-t386090/
Brasil;rio-de-janeiro-l9;385548;Rio galeao airport gig shuttle;https://www.getyourguide.com/rio-de-janeiro-l9/rio-galeao-airport-gig-shuttle-transfer-tofrom-hotels-t385548/
Brasil;rio-de-janeiro-l9;840703;Fluminense football match at maracana with local hosts;https://www.getyourguide.com/rio-de-janeiro-l9/fluminense-football-match-at-maracana-with-local-hosts-t840703/
Brasil;sao-paulo-l384;431686;Sao paulo city highlights private guided;https://www.getyourguide.com/sao-paulo-l384/sao-paulo-city-highlights-private-guided-tour-with-transfer-t431686/
Brasil;rio-de-janeiro-l9;472845;Rio de janeiro introductory rock climbing lesson;https://www.getyourguide.com/rio-de-janeiro-l9/rio-de-janeiro-introductory-rock-climbing-lesson-t472845/
Brasil;rio-de-janeiro-l9;880396;Rio de janeiro paragliding in sao conrado;https://www.getyourguide.com/rio-de-janeiro-l9/rio-de-janeiro-paragliding-in-sao-conrado-t880396/
Brasil;rio-de-janeiro-l9;533174;Rio highlights christ sugarloaf more in a private;https://www.getyourguide.com/rio-de-janeiro-l9/rio-highlights-christ-sugarloaf-more-in-a-private-tour-t533174/
Brasil;rio-de-janeiro-l9;1033524;Stand up paddleboarding rio de janeiro sunrise or sunset at copacabana beach;https://www.getyourguide.com/rio-de-janeiro-l9/stand-up-paddleboarding-rio-de-janeiro-sunrise-or-sunset-at-copacabana-beach-t1033524/
Brasil;fortaleza-l1863;675254;Exploring jericoacoara full day;https://www.getyourguide.com/fortaleza-l1863/exploring-jericoacoara-full-day-t675254/
Brasil;belo-horizonte-l32265;714727;Atletico mineiro game at arena mrv with locals fans;https://www.getyourguide.com/belo-horizonte-l32265/atletico-mineiro-game-at-arena-mrv-with-locals-fans-t714727/
Brasil;rio-de-janeiro-l9;852704;Tour arpoador sunset copacabana history stunning sunset;https://www.getyourguide.com/rio-de-janeiro-l9/tour-arpoador-sunset-copacabana-history-stunning-sunset-t852704/
Brasil;rio-de-janeiro-l9;923981;Rio de janeiro christ;https://www.getyourguide.com/rio-de-janeiro-l9/rio-de-janeiro-christ-the-redeemer-private-tour-tickets-t923981/
Brasil;barreirinhas-l105727;879766;Maranhao magic lagoa azul bliss a half day journey;https://www.getyourguide.com/barreirinhas-l105727/maranhao-magic-lagoa-azul-bliss-a-half-day-journey-t879766/
Brasil;maceio-l2064;939046;Maceio;https://www.getyourguide.com/maceio-l2064/maceio-tour-to-paripueira-beach-and-mar-cia-beach-club-t939046/
Brasil;rio-de-janeiro-l9;361780;Rio de janeiro christ;https://www.getyourguide.com/rio-de-janeiro-l9/rio-de-janeiro-christ-the-redeemer-guided-hike-t361780/
Brasil;paranagua-l265980;1021848;Mel island from curitiba nature and history in;https://www.getyourguide.com/paranagua-l265980/mel-island-from-curitiba-nature-and-history-in-the-ecological-reserve-t1021848/
Brasil;rio-de-janeiro-l9;948253;Churrasco bbq class drinks and patio party in copacabana;https://www.getyourguide.com/rio-de-janeiro-l9/churrasco-bbq-class-drinks-and-patio-party-in-copacabana-t948253/
Brasil;passa-quatro-l222250;1106680;Passa quatro mg serra fina crossing;https://www.getyourguide.com/passa-quatro-l222250/passa-quatro-mg-serra-fina-crossing-trekking-in-mantiqueira-t1106680/
Brasil;sao-jose-dos-campos-l152479;562481;Southern muriqui expedition;https://www.getyourguide.com/sao-jose-dos-campos-l152479/southern-muriqui-expedition-the-largest-primate-in-americas-t562481/
Brasil;jericoacoara-l105737;1136699;Jericoacoara buggy;https://www.getyourguide.com/jericoacoara-l105737/jericoacoara-buggy-tour-with-lagoons-and-beaches-t1136699/
Brasil;rio-de-janeiro-l9;1151177;From lima paragliding in;https://www.getyourguide.com/rio-de-janeiro-l9/from-lima-paragliding-in-the-reserve-ballestas-islands-ceviche-class-t1151177/
Brasil;maceio-l2064;664806;Maceio;https://www.getyourguide.com/maceio-l2064/maceio-tour-to-maragogi-beach-t664806/
Brasil;rio-de-janeiro-l9;1194200;Rio de janeiro private airport;https://www.getyourguide.com/rio-de-janeiro-l9/rio-de-janeiro-private-airport-transfer-with-meet-greet-gig-sdu-t1194200/
Brasil;maceio-l2064;692099;Maragogi;https://www.getyourguide.com/maceio-l2064/maragogi-tour-t692099/
Brasil;barreirinhas-l105727;779059;Half day;https://www.getyourguide.com/barreirinhas-l105727/half-day-trip-to-lagoa-azul-in-the-lencois-maranhenses-t779059/
Brasil;rio-de-janeiro-l9;847530;Rio s green;https://www.getyourguide.com/rio-de-janeiro-l9/rio-s-green-treasures-tijuca-forest-jardim-botanico-tour-t847530/
Brasil;barreirinhas-l105727;853592;All day quad bike;https://www.getyourguide.com/barreirinhas-l105727/all-day-quad-bike-tour-in-the-small-lencois-and-cabure-t853592/
Brasil;angra-dos-reis-l88183;878175;Adventures in angra and ilha grande with guide and lunch;https://www.getyourguide.com/angra-dos-reis-l88183/adventures-in-angra-and-ilha-grande-with-guide-and-lunch-t878175/
Brasil;rio-de-janeiro-l9;890849;Rio de janerio private;https://www.getyourguide.com/rio-de-janeiro-l9/rio-de-janerio-private-tijuca-forest-pedra-bonita-hike-t890849/
Brasil;rio-de-janeiro-l9;65589;Corcovado and selaron steps with optional sugar loaf;https://www.getyourguide.com/rio-de-janeiro-l9/corcovado-and-selaron-steps-with-optional-sugar-loaf-t65589/
Brasil;rio-de-janeiro-l9;412692;Rio botafogo flamengo beach and downtown biking;https://www.getyourguide.com/rio-de-janeiro-l9/rio-botafogo-flamengo-beach-and-downtown-biking-tour-t412692/
Brasil;rio-de-janeiro-l9;1122709;Rio de janeiro special wednesday party at substation club;https://www.getyourguide.com/rio-de-janeiro-l9/rio-de-janeiro-special-wednesday-party-at-substation-club-t1122709/
Brasil;rio-de-janeiro-l9;1138035;Pedra do sal party;https://www.getyourguide.com/rio-de-janeiro-l9/pedra-do-sal-party-tours-with-samba-and-caipirinha-carioca-night-t1138035/
Brasil;petropolis-l1831;662007;Petropolis in style royal city private day;https://www.getyourguide.com/petropolis-l1831/petropolis-in-style-royal-city-private-day-tour-t662007/
Brasil;rio-de-janeiro-l9;674723;Rio de janeiro best street food;https://www.getyourguide.com/rio-de-janeiro-l9/rio-de-janeiro-best-street-food-tour-with-a-local-guide-t674723/
Brasil;rio-de-janeiro-l9;540620;Sunrise at morro dois irmaos vidigal favela experience;https://www.getyourguide.com/rio-de-janeiro-l9/sunrise-at-morro-dois-irmaos-vidigal-favela-experience-t540620/
Brasil;rio-de-janeiro-l9;618594;Rio private custom express main attractions;https://www.getyourguide.com/rio-de-janeiro-l9/rio-private-custom-express-main-attractions-t618594/
Brasil;porto-seguro-l126793;821724;Porto seguro private city;https://www.getyourguide.com/porto-seguro-l126793/porto-seguro-private-city-tour-caraiva-beach-t821724/
Brasil;bonito-l32642;1306973;Bonitoms sucuri river;https://www.getyourguide.com/bonito-l32642/bonitoms-sucuri-river-tubing-t1306973/
Brasil;paraty-l1845;700288;Paraty an exclusive experience on a speedboat;https://www.getyourguide.com/paraty-l1845/paraty-an-exclusive-experience-on-a-speedboat-tour-t700288/
Brasil;rio-de-janeiro-l9;848697;Rio de janeiro botanical garden premium private;https://www.getyourguide.com/rio-de-janeiro-l9/rio-de-janeiro-botanical-garden-premium-private-tour-t848697/
Brasil;rio-de-janeiro-l9;878276;Guided;https://www.getyourguide.com/rio-de-janeiro-l9/guided-tour-to-pedra-do-telegrafo-iconic-views-adventure-t878276/
Brasil;rio-de-janeiro-l9;821890;Rio pedra da gavea rock conquer;https://www.getyourguide.com/rio-de-janeiro-l9/rio-pedra-da-gavea-rock-conquer-the-top-of-the-urban-park-t821890/
Brasil;jericoacoara-l105737;930591;Jericoacoara magic dunes lagoons east coast private;https://www.getyourguide.com/jericoacoara-l105737/jericoacoara-magic-dunes-lagoons-east-coast-private-tour-t930591/
Brasil;sao-paulo-l384;928412;Sao paulo jewish history downtown private walking;https://www.getyourguide.com/sao-paulo-l384/sao-paulo-jewish-history-downtown-private-walking-tour-t928412/
Brasil;rio-de-janeiro-l9;1035913;Private maracana;https://www.getyourguide.com/rio-de-janeiro-l9/private-maracana-tour-museum-locker-rooms-sacred-pitch-t1035913/
Brasil;paraty-l1845;971672;Paraty hike;https://www.getyourguide.com/paraty-l1845/paraty-hike-to-the-saco-bravo-waterfall-t971672/
Brasil;rio-de-janeiro-l9;1005001;Rio carnival parade costume experience;https://www.getyourguide.com/rio-de-janeiro-l9/rio-carnival-parade-costume-experience-transfer-included-t1005001/
Brasil;rio-de-janeiro-l9;1111908;Hike;https://www.getyourguide.com/rio-de-janeiro-l9/hike-to-two-brothers-hill-morro-dois-irmaos-with-breakfast-t1111908/
Brasil;rio-de-janeiro-l9;1135030;Rio de janeiro with christ;https://www.getyourguide.com/rio-de-janeiro-l9/rio-de-janeiro-with-christ-the-redeemer-4-days-3-nights-in-copacabana-t1135030/
Brasil;sao-paulo-l384;1183176;Sao paulo creative market;https://www.getyourguide.com/sao-paulo-l384/sao-paulo-creative-market-tour-with-a-local-guide-t1183176/
Brasil;rio-de-janeiro-l9;1193998;Rio de janeiro historic port of rio;https://www.getyourguide.com/rio-de-janeiro-l9/rio-de-janeiro-historic-port-of-rio-tour-with-local-lunch-t1193998/
Brasil;florianopolis-l246;1155033;Florianopolis private boto encounter lighthouse;https://www.getyourguide.com/florianopolis-l246/florianopolis-private-boto-encounter-lighthouse-tour-t1155033/
Brasil;rio-de-janeiro-l9;779149;Authentic rio in 3 days city;https://www.getyourguide.com/rio-de-janeiro-l9/authentic-rio-in-3-days-city-tour-angra-rocinha-t779149/
Brasil;rio-de-janeiro-l9;1203697;Favela art walk in ipanema meet artists buy local art;https://www.getyourguide.com/rio-de-janeiro-l9/favela-art-walk-in-ipanema-meet-artists-buy-local-art-t1203697/
Brasil;sao-paulo-l384;74600;Sao paulo private walking;https://www.getyourguide.com/sao-paulo-l384/sao-paulo-private-walking-tour-with-a-local-t74600/
Brasil;maceio-l2064;26900;Maceio city;https://www.getyourguide.com/maceio-l2064/maceio-city-tour-t26900/
Brasil;rio-de-janeiro-l9;52663;Rio urban arts walking;https://www.getyourguide.com/rio-de-janeiro-l9/rio-urban-arts-walking-tour-t52663/
Brasil;rio-de-janeiro-l9;54751;Day;https://www.getyourguide.com/rio-de-janeiro-l9/day-trip-to-buzios-from-rio-de-janeiro-t54751/
Brasil;angra-dos-reis-l88183;1036101;Angra dos reis paradise islands speedboat;https://www.getyourguide.com/angra-dos-reis-l88183/angra-dos-reis-paradise-islands-speedboat-tour-t1036101/
Brasil;rio-de-janeiro-l9;1097184;Rio de janeiro scenarium nightclub entry with dinner option;https://www.getyourguide.com/rio-de-janeiro-l9/rio-de-janeiro-scenarium-nightclub-entry-with-dinner-option-t1097184/
Brasil;rio-de-janeiro-l9;409819;Rio de janeiro christ redeemer santa;https://www.getyourguide.com/rio-de-janeiro-l9/rio-de-janeiro-christ-redeemer-santa-teresa-sugarloaf-t409819/
Brasil;sao-paulo-l384;419878;Sao paulo holambra colorful flower farm guided day;https://www.getyourguide.com/sao-paulo-l384/sao-paulo-holambra-colorful-flower-farm-guided-day-trip-t419878/
Brasil;barreirinhas-l105727;475603;Sunset experience in bonita lagoon;https://www.getyourguide.com/barreirinhas-l105727/sunset-experience-in-bonita-lagoon-t475603/
Brasil;bento-goncalves-l117160;1192867;Bento goncalves sensory itinerary wine and gastronomy;https://www.getyourguide.com/bento-goncalves-l117160/bento-goncalves-sensory-itinerary-wine-and-gastronomy-t1192867/
Brasil;florianopolis-l246;619479;Floripa authentic food;https://www.getyourguide.com/florianopolis-l246/floripa-authentic-food-tour-with-local-guide-t619479/
Brasil;florianopolis-l246;720683;Florianopolis historical center beach nature;https://www.getyourguide.com/florianopolis-l246/florianopolis-historical-center-beach-nature-tour-t720683/
Brasil;florianopolis-l246;722699;Transfer in or out from floripa airport;https://www.getyourguide.com/florianopolis-l246/transfer-in-or-out-from-floripa-airport-to-camboriu-t722699/
Brasil;florianopolis-l246;1304364;Florianopolis kayak;https://www.getyourguide.com/florianopolis-l246/florianopolis-kayak-tour-in-lagoa-do-peri-with-waterfall-t1304364/
Brasil;rio-de-janeiro-l9;845833;Rio de janeiro skip;https://www.getyourguide.com/rio-de-janeiro-l9/rio-de-janeiro-skip-the-line-christ-redeemer-private-tour-t845833/
Brasil;sao-paulo-l384;284442;Sao paulo 7 hour small group city;https://www.getyourguide.com/sao-paulo-l384/sao-paulo-7-hour-small-group-city-tour-t284442/
Brasil;rio-de-janeiro-l9;1086356;Eco secrets;https://www.getyourguide.com/rio-de-janeiro-l9/eco-secrets-tour-by-alan-denis-t1086356/
Brasil;rio-de-janeiro-l9;1072555; fifa street court experience;https://www.getyourguide.com/rio-de-janeiro-l9/-fifa-street-court-experience-tavares-bastos-favela-tour-t1072555/
Brasil;rio-de-janeiro-l9;1272778;Rio de janeiro paragliding in rj fly over;https://www.getyourguide.com/rio-de-janeiro-l9/rio-de-janeiro-paragliding-in-rj-fly-over-the-marvelous-city-t1272778/
Brasil;rio-de-janeiro-l9;1262777;Rio sunrise sup experience ilhas;https://www.getyourguide.com/rio-de-janeiro-l9/rio-sunrise-sup-experience-ilhas-tijucas-t1262777/
Brasil;rio-de-janeiro-l9;1313401;Pedra do pontal pedra da macumba hike;https://www.getyourguide.com/rio-de-janeiro-l9/pedra-do-pontal-pedra-da-macumba-hike-to-secreto-beach-t1313401/
Brasil;recife-l1836;70305;City;https://www.getyourguide.com/recife-l1836/city-tour-in-olinda-with-instituto-ricardo-brennand-t70305/
Brasil;rio-de-janeiro-l9;388302;Rio 5 hour christ;https://www.getyourguide.com/rio-de-janeiro-l9/rio-5-hour-christ-the-redeemer-and-sugarloaf-express-tour-t388302/
Brasil;sao-paulo-l384;433263;Sao paolo panoramic helicopter;https://www.getyourguide.com/sao-paulo-l384/sao-paolo-panoramic-helicopter-tour-t433263/
Brasil;rio-de-janeiro-l9;412014;Rio de janeiro niteroi day;https://www.getyourguide.com/rio-de-janeiro-l9/rio-de-janeiro-niteroi-day-trip-t412014/
Brasil;sao-paulo-l384;412562;Sao paulo urban guided bike;https://www.getyourguide.com/sao-paulo-l384/sao-paulo-urban-guided-bike-tour-t412562/
Brasil;recife-l1836;643757;Private;https://www.getyourguide.com/recife-l1836/private-transfer-from-recife-to-serrambi-beach-t643757/
Brasil;sao-paulo-l384;669016;Sao paulo highlights;https://www.getyourguide.com/sao-paulo-l384/sao-paulo-highlights-tour-with-history-curiosities-t669016/
Brasil;rio-de-janeiro-l9;702254;One day rio s bests favelas christ sugarloaf selaron;https://www.getyourguide.com/rio-de-janeiro-l9/one-day-rio-s-bests-favelas-christ-sugarloaf-selaron-t702254/
Brasil;petropolis-l1831;713761;Excursao petropolis com saida do rio de janeiro;https://www.getyourguide.com/petropolis-l1831/excursao-petropolis-com-saida-do-rio-de-janeiro-t713761/
Brasil;rio-de-janeiro-l9;800120;Rio de janeiro favela;https://www.getyourguide.com/rio-de-janeiro-l9/rio-de-janeiro-favela-tour-with-hotel-transfers-t800120/
Brasil;rio-de-janeiro-l9;941362;Rio de janeiro private speedboat;https://www.getyourguide.com/rio-de-janeiro-l9/rio-de-janeiro-private-speedboat-tour-with-snacks-drinks-t941362/
Brasil;paraty-l1845;887418;Boat;https://www.getyourguide.com/paraty-l1845/boat-trip-the-best-beaches-and-stunning-islands-of-paraty-t887418/
Brasil;parnaiba-l194334;1003209;Parnaiba amarracao;https://www.getyourguide.com/parnaiba-l194334/parnaiba-amarracao-trail-from-lagoa-do-portinho-to-carnaubinha-beach-t1003209/
Brasil;jequia-da-praia-l143083;960262;Marape dunes an encounter with nature;https://www.getyourguide.com/jequia-da-praia-l143083/marape-dunes-an-encounter-with-nature-t960262/
Brasil;rio-de-janeiro-l9;983161;Pandeiro class in downtown rio de janeiro;https://www.getyourguide.com/rio-de-janeiro-l9/pandeiro-class-in-downtown-rio-de-janeiro-t983161/
Brasil;paraty-l1845;1008355;Paraty walking;https://www.getyourguide.com/paraty-l1845/paraty-walking-tour-arts-and-art-movements-in-the-colonial-city-t1008355/
Brasil;canela-l117155;1086368;Gramado parque do caracol entry;https://www.getyourguide.com/canela-l117155/gramado-parque-do-caracol-entry-ticket-t1086368/
Brasil;maceio-l2064;1094055;Beach;https://www.getyourguide.com/maceio-l2064/beach-tour-frances-barra-de-sao-miguel-gunga-t1094055/
Brasil;rio-de-janeiro-l9;1149986;Rio de janeiro armored vehicle shore excursion christ sugar loaf;https://www.getyourguide.com/rio-de-janeiro-l9/rio-de-janeiro-armored-vehicle-shore-excursion-christ-sugar-loaf-t1149986/
Brasil;rio-de-janeiro-l9;1164630;Rio de janeiro little africa old;https://www.getyourguide.com/rio-de-janeiro-l9/rio-de-janeiro-little-africa-old-town-walking-tour-t1164630/
Brasil;rio-de-janeiro-l9;1211912;Waterfall circuit in rio de janeiro;https://www.getyourguide.com/rio-de-janeiro-l9/waterfall-circuit-in-rio-de-janeiro-t1211912/
Brasil;paraty-l1845;1288059;Paraty waterfalls and distilleries jeep;https://www.getyourguide.com/paraty-l1845/paraty-waterfalls-and-distilleries-jeep-tour-t1288059/
Brasil;rio-de-janeiro-l9;1293120;Rio de janeiro pedra bonita boat;https://www.getyourguide.com/rio-de-janeiro-l9/rio-de-janeiro-pedra-bonita-boat-tour-in-islands-and-lunch-t1293120/
Brasil;maceio-l2064;27133;Maceio airport shared;https://www.getyourguide.com/maceio-l2064/maceio-airport-shared-transfers-to-hotels-in-maceio-t27133/
Brasil;brasilia-l144326;1250432;Vintage speedboat ride on lake paranoa;https://www.getyourguide.com/brasilia-l144326/vintage-speedboat-ride-on-lake-paranoa-t1250432/
Brasil;rio-de-janeiro-l9;1309030;Rio s highlights colonial;https://www.getyourguide.com/rio-de-janeiro-l9/rio-s-highlights-colonial-to-modern-christ-statue-visit-t1309030/
Brasil;mangue-seco-l123911;1326355;Quad bike on;https://www.getyourguide.com/mangue-seco-l123911/quad-bike-on-the-west-coast-of-jericoacoara-t1326355/
Brasil;rio-de-janeiro-l9;889682;Rio de janeiro 2 hour;https://www.getyourguide.com/rio-de-janeiro-l9/rio-de-janeiro-2-hour-tour-of-the-rocinha-favela-with-a-local-guide-t889682/
Brasil;angra-dos-reis-l88183;878196;Full;https://www.getyourguide.com/angra-dos-reis-l88183/full-tour-departing-from-angra-with-lunch-t878196/
Brasil;rio-de-janeiro-l9;54609;Rio de janeiro hawaiian canoe;https://www.getyourguide.com/rio-de-janeiro-l9/rio-de-janeiro-hawaiian-canoe-tour-t54609/
Brasil;rio-de-janeiro-l9;180335;Santa;https://www.getyourguide.com/rio-de-janeiro-l9/santa-teresa-lapa-with-tram-ride-and-selaron-steps-t180335/
Brasil;rio-de-janeiro-l9;1037170;Rio de janeiro;https://www.getyourguide.com/rio-de-janeiro-l9/rio-de-janeiro-tour-christ-the-redeemer-and-sugarloaf-mountain-t1037170/
Brasil;barreirinhas-l105727;1060808;Lencois maranhenses starry boat;https://www.getyourguide.com/barreirinhas-l105727/lencois-maranhenses-starry-boat-tour-with-ancestral-celebration-t1060808/
Brasil;natal-l2112;1111146;Natal s northern coast buggy;https://www.getyourguide.com/natal-l2112/natal-s-northern-coast-buggy-tour-with-sunset-view-t1111146/
Brasil;maceio-l2064;1096658;Maceio ipioca beach;https://www.getyourguide.com/maceio-l2064/maceio-ipioca-beach-tour-with-sun-sea-and-relaxation-t1096658/
Brasil;rio-de-janeiro-l9;1127038;Rio de janeiro modern architecture experience with guide;https://www.getyourguide.com/rio-de-janeiro-l9/rio-de-janeiro-modern-architecture-experience-with-guide-t1127038/
Brasil;rio-de-janeiro-l9;471227;Pantanal of rio de janeiro;https://www.getyourguide.com/rio-de-janeiro-l9/pantanal-of-rio-de-janeiro-t471227/
Brasil;fortaleza-l1863;653070;Shared;https://www.getyourguide.com/fortaleza-l1863/shared-transfer-from-fortaleza-to-cumbuco-t653070/
Brasil;rio-de-janeiro-l9;1236210;Rio de janeiro;https://www.getyourguide.com/rio-de-janeiro-l9/rio-de-janeiro-tandem-paragliding-flight-in-parque-da-cidade-in-niteroi-t1236210/
Brasil;rio-de-janeiro-l9;727231;Rio de janeiro;https://www.getyourguide.com/rio-de-janeiro-l9/rio-de-janeiro-two-brothers-hike-the-best-view-in-vidigal-t727231/
Brasil;rio-de-janeiro-l9;744916;Rio de janeiro little africa guided walking;https://www.getyourguide.com/rio-de-janeiro-l9/rio-de-janeiro-little-africa-guided-walking-tour-t744916/
Brasil;sao-sebastiao-l156225;1300034;Whale watching on;https://www.getyourguide.com/sao-sebastiao-l156225/whale-watching-on-the-north-coast-of-sao-paulo-t1300034/
Brasil;rio-de-janeiro-l9;759673;Visit rio s botanical garden nature history and wildlife;https://www.getyourguide.com/rio-de-janeiro-l9/visit-rio-s-botanical-garden-nature-history-and-wildlife-t759673/
Brasil;maceio-l2064;857837;Maceio ipioca beach;https://www.getyourguide.com/maceio-l2064/maceio-ipioca-beach-tour-hibiscus-beach-club-t857837/
Brasil;rio-de-janeiro-l9;54577;Rio de janeiro botanical garden;https://www.getyourguide.com/rio-de-janeiro-l9/rio-de-janeiro-botanical-garden-ticket-and-tour-t54577/
Brasil;rio-de-janeiro-l9;82053;Arraial do cabo cabo frio from buzios;https://www.getyourguide.com/rio-de-janeiro-l9/arraial-do-cabo-cabo-frio-from-buzios-t82053/
Brasil;rio-de-janeiro-l9;348706;Rio de janeiro sugarloaf adventure hike;https://www.getyourguide.com/rio-de-janeiro-l9/rio-de-janeiro-sugarloaf-adventure-hike-t348706/
Brasil;sao-paulo-l384;162063;Sao paulo campos do jordao guided;https://www.getyourguide.com/sao-paulo-l384/sao-paulo-campos-do-jordao-guided-tour-t162063/
Brasil;rio-de-janeiro-l9;418976;From rio de janeiro private speedboat;https://www.getyourguide.com/rio-de-janeiro-l9/from-rio-de-janeiro-private-speedboat-tour-t418976/
Brasil;rio-de-janeiro-l9;1084100;Rio de janeiro feijoada culinary;https://www.getyourguide.com/rio-de-janeiro-l9/rio-de-janeiro-feijoada-culinary-tour-with-hotel-transfer-t1084100/
Brasil;sao-paulo-l384;495153;Football match in sao paulo;https://www.getyourguide.com/sao-paulo-l384/football-match-in-sao-paulo-ticket-transport-guide-t495153/
Brasil;niteroi-l34109;1129390;City;https://www.getyourguide.com/niteroi-l34109/city-tour-in-niteroi-mac-niemeyer-museum-santa-cruz-fortress-t1129390/
Brasil;jericoacoara-l105737;1137131;Jericoacoara west coast lagoons dunes;https://www.getyourguide.com/jericoacoara-l105737/jericoacoara-west-coast-lagoons-dunes-truck-tour-t1137131/
Brasil;brasilia-l144326;1139824;Hands on brasilia cooking cerrado dishes caipirinhas;https://www.getyourguide.com/brasilia-l144326/hands-on-brasilia-cooking-cerrado-dishes-caipirinhas-t1139824/
Brasil;fortaleza-l1863;652829;Private;https://www.getyourguide.com/fortaleza-l1863/private-transfer-from-fortaleza-to-canoa-quebrada-t652829/
Brasil;atins-l158343;691196;Atins boat;https://www.getyourguide.com/atins-l158343/atins-boat-transfer-private-t691196/
Brasil;rio-de-janeiro-l9;692128;Free walking;https://www.getyourguide.com/rio-de-janeiro-l9/free-walking-tour-around-historico-rio-downtow-and-lapa-t692128/
Brasil;sao-paulo-l384;1265504;Sao paulo brazilian coffee culture farm lunch;https://www.getyourguide.com/sao-paulo-l384/sao-paulo-brazilian-coffee-culture-farm-lunch-tour-t1265504/
Brasil;rio-de-janeiro-l9;761853;Santos dumont airport;https://www.getyourguide.com/rio-de-janeiro-l9/santos-dumont-airport-transfer-copacaba-ipanema-center-t761853/
Brasil;paraty-l1845;777967;Paraty private boat;https://www.getyourguide.com/paraty-l1845/paraty-private-boat-tour-with-optional-snorkeling-t777967/
Brasil;rio-de-janeiro-l9;852650;Discover rio vidigal;https://www.getyourguide.com/rio-de-janeiro-l9/discover-rio-vidigal-to-morro-dois-irmaos-ipanema-more-t852650/
Brasil;paraty-l1845;82191;Sightseeing;https://www.getyourguide.com/paraty-l1845/sightseeing-tour-in-paraty-t82191/
Brasil;rio-de-janeiro-l9;880129;Stylish photos in lapa rio de janeiro;https://www.getyourguide.com/rio-de-janeiro-l9/stylish-photos-in-lapa-rio-de-janeiro-t880129/
Brasil;rio-de-janeiro-l9;980551;Pedra do sal afro brazilian foodie adventure culture and samba;https://www.getyourguide.com/rio-de-janeiro-l9/pedra-do-sal-afro-brazilian-foodie-adventure-culture-and-samba-t980551/
Brasil;maragogi-l122555;1098275;Tour in maragogi explore;https://www.getyourguide.com/maragogi-l122555/tour-in-maragogi-explore-the-coral-reefs-t1098275/
Brasil;rio-de-janeiro-l9;1115375;Rio dance lessons inside;https://www.getyourguide.com/rio-de-janeiro-l9/rio-dance-lessons-inside-the-nightclub-fun-pub-crawl-in-lapa-t1115375/
Brasil;parnaioca-l219222;1141676;Ilha grande 360;https://www.getyourguide.com/parnaioca-l219222/ilha-grande-360-tour-exclusive-private-speedboat-itinerary-t1141676/
Brasil;rio-de-janeiro-l9;1093934;A day in rio;https://www.getyourguide.com/rio-de-janeiro-l9/a-day-in-rio-truly-comprehensive-t1093934/
Brasil;paraty-l1845;1164020;Paraty guided food;https://www.getyourguide.com/paraty-l1845/paraty-guided-food-tour-t1164020/
Brasil;sao-paulo-l384;565918;Palmeiras game experience in allianz parque;https://www.getyourguide.com/sao-paulo-l384/palmeiras-game-experience-in-allianz-parque-t565918/
Brasil;rio-de-janeiro-l9;628182;Rio de janeiro bossa nova walking;https://www.getyourguide.com/rio-de-janeiro-l9/rio-de-janeiro-bossa-nova-walking-tour-t628182/
Brasil;sao-paulo-l384;1273744;Dinner at;https://www.getyourguide.com/sao-paulo-l384/dinner-at-the-terraco-italia-restaurant-in-sao-paulo-t1273744/
Brasil;rio-de-janeiro-l9;6593;Rio de janeiro guided jeep;https://www.getyourguide.com/rio-de-janeiro-l9/rio-de-janeiro-guided-jeep-tour-through-tijuca-rainforest-t6593/
Brasil;rio-de-janeiro-l9;169837;Rio de janeiro aquarium aquario entrance;https://www.getyourguide.com/rio-de-janeiro-l9/rio-de-janeiro-aquarium-aquario-entrance-ticket-t169837/
Brasil;rio-de-janeiro-l9;6577;Guanabara bay cruise with lunch from rio de janeiro;https://www.getyourguide.com/rio-de-janeiro-l9/guanabara-bay-cruise-with-lunch-from-rio-de-janeiro-t6577/
Brasil;sao-paulo-l384;313608;Sao paulo street art bike;https://www.getyourguide.com/sao-paulo-l384/sao-paulo-street-art-bike-tour-t313608/
Brasil;sao-paulo-l384;426676;Sao paulo ayrton senna highlights;https://www.getyourguide.com/sao-paulo-l384/sao-paulo-ayrton-senna-highlights-tour-t426676/
Brasil;paraty-l1845;256647;Paraty 3 hour rainforest horseback ride waterfall;https://www.getyourguide.com/paraty-l1845/paraty-3-hour-rainforest-horseback-ride-waterfall-tour-t256647/
Brasil;rio-de-janeiro-l9;1075251;Rio de janeiro private airport;https://www.getyourguide.com/rio-de-janeiro-l9/rio-de-janeiro-private-airport-transfer-with-meet-greet-t1075251/
Brasil;sao-paulo-l384;495838;Sao paulo nightlife pub crawl in;https://www.getyourguide.com/sao-paulo-l384/sao-paulo-nightlife-pub-crawl-in-the-city-that-never-sleeps-t495838/
Brasil;rio-de-janeiro-l9;510532;Zip lining and canopy;https://www.getyourguide.com/rio-de-janeiro-l9/zip-lining-and-canopy-tree-tour-in-rio-de-janeiro-t510532/
Brasil;angra-dos-reis-l88183;1140984;Ilha grande explore half island bluegreen lagoon adventure;https://www.getyourguide.com/angra-dos-reis-l88183/ilha-grande-explore-half-island-bluegreen-lagoon-adventure-t1140984/
Brasil;rio-de-janeiro-l9;1151079;Pirate ship angra dos reis and ilha grande;https://www.getyourguide.com/rio-de-janeiro-l9/pirate-ship-angra-dos-reis-and-ilha-grande-t1151079/
Brasil;angra-dos-reis-l88183;1242105;Super sul private;https://www.getyourguide.com/angra-dos-reis-l88183/super-sul-private-tour-historical-itinerary-of-ilha-grande-t1242105/
Brasil;rio-de-janeiro-l9;614838;Samba class for beginners in ipanema;https://www.getyourguide.com/rio-de-janeiro-l9/samba-class-for-beginners-in-ipanema-t614838/
Brasil;rio-de-janeiro-l9;1249537;Favela experience cuisine culture and local life in rocinha rio de janeiro;https://www.getyourguide.com/rio-de-janeiro-l9/favela-experience-cuisine-culture-and-local-life-in-rocinha-rio-de-janeiro-t1249537/
Brasil;bento-goncalves-l117160;1256104;Bento goncalves and a movie night in;https://www.getyourguide.com/bento-goncalves-l117160/bento-goncalves-and-a-movie-night-in-the-vineyard-t1256104/
Brasil;rio-de-janeiro-l9;829084;Rio de janeiro 3 hours exclusive catamaran sailing;https://www.getyourguide.com/rio-de-janeiro-l9/rio-de-janeiro-3-hours-exclusive-catamaran-sailing-tour-t829084/
Brasil;angra-dos-reis-l88183;683461;Rio de janeiro;https://www.getyourguide.com/angra-dos-reis-l88183/rio-de-janeiro-tour-angra-dos-reis-completo-t683461/
Brasil;rio-de-janeiro-l9;747830;Rio de janeiro passeio de helicoptero pelo cristo redentor;https://www.getyourguide.com/rio-de-janeiro-l9/rio-de-janeiro-passeio-de-helicoptero-pelo-cristo-redentor-t747830/
Brasil;sao-miguel-dos-milagres-l98856;972806;Tour;https://www.getyourguide.com/sao-miguel-dos-milagres-l98856/tour-to-the-natural-pools-of-sao-miguel-dos-milagres-t972806/
Brasil;rio-de-janeiro-l9;1179406;Recreio surf and hostel stay;https://www.getyourguide.com/rio-de-janeiro-l9/recreio-surf-and-hostel-stay-t1179406/
Brasil;bento-goncalves-l117160;1192891;Bento goncalves serra gaucha a day of;https://www.getyourguide.com/bento-goncalves-l117160/bento-goncalves-serra-gaucha-a-day-of-tastings-and-flavors-t1192891/
Brasil;barreirinhas-l105727;603495;Barreirinhas lagoa azul and maranhao half day guided;https://www.getyourguide.com/barreirinhas-l105727/barreirinhas-lagoa-azul-and-maranhao-half-day-guided-tour-t603495/
Brasil;teresopolis-l154917;1309592;Tour;https://www.getyourguide.com/teresopolis-l154917/tour-the-caminho-velho-da-estrada-real-with-lunch-and-breakfast-t1309592/
Brasil;florianopolis-l246;1244002;Guided;https://www.getyourguide.com/florianopolis-l246/guided-tour-to-cachoeira-da-barra-da-lagoa-t1244002/
Brasil;rio-de-janeiro-l9;54617;Rio de janeiro pico da;https://www.getyourguide.com/rio-de-janeiro-l9/rio-de-janeiro-pico-da-tijuca-hiking-tour-t54617/
Brasil;rio-de-janeiro-l9;1293659;Rio de janeiro private instagram hidden viewpoints;https://www.getyourguide.com/rio-de-janeiro-l9/rio-de-janeiro-private-instagram-hidden-viewpoints-tour-t1293659/
Brasil;rio-de-janeiro-l9;404548;From rio de janeiro arraial do cabo;https://www.getyourguide.com/rio-de-janeiro-l9/from-rio-de-janeiro-arraial-do-cabo-tour-with-lunch-t404548/
Brasil;rio-de-janeiro-l9;1075086;Rio highlights hidden gems private;https://www.getyourguide.com/rio-de-janeiro-l9/rio-highlights-hidden-gems-private-tour-with-a-local-t1075086/
Brasil;rio-de-janeiro-l9;491429;Samba night at pedra do sal;https://www.getyourguide.com/rio-de-janeiro-l9/samba-night-at-pedra-do-sal-t491429/
Brasil;paraty-l1845;1100646;Saco bravo waterfall in paraty rj hiking on;https://www.getyourguide.com/paraty-l1845/saco-bravo-waterfall-in-paraty-rj-hiking-on-the-green-coast-t1100646/
Brasil;rio-de-janeiro-l9;532629;Rio de janeiro highligths favela;https://www.getyourguide.com/rio-de-janeiro-l9/rio-de-janeiro-highligths-favela-tour-wits-local-activities-t532629/
Brasil;rio-de-janeiro-l9;1120919;Rio de janeiro barra da;https://www.getyourguide.com/rio-de-janeiro-l9/rio-de-janeiro-barra-da-tijuca-boat-tour-with-pickup-t1120919/
Brasil;rio-de-janeiro-l9;1230909;Rio de janeiro boat;https://www.getyourguide.com/rio-de-janeiro-l9/rio-de-janeiro-boat-trip-with-drinks-and-bbq-t1230909/
Brasil;rio-de-janeiro-l9;1235643;Niteroi paragliding instruction flight with a view of rio de janeiro;https://www.getyourguide.com/rio-de-janeiro-l9/niteroi-paragliding-instruction-flight-with-a-view-of-rio-de-janeiro-t1235643/
Brasil;angra-dos-reis-l88183;878194;Guided;https://www.getyourguide.com/angra-dos-reis-l88183/guided-tour-of-angra-departing-from-angra-lunch-included-t878194/
Brasil;paraty-l1845;281342;Paraty idyllic islands private speedboat;https://www.getyourguide.com/paraty-l1845/paraty-idyllic-islands-private-speedboat-tour-t281342/
Brasil;sao-paulo-l384;1026186;Sao paulo football museum and stadiums guided;https://www.getyourguide.com/sao-paulo-l384/sao-paulo-football-museum-and-stadiums-guided-tour-t1026186/
Brasil;rio-de-janeiro-l9;1084103;Feijoada;https://www.getyourguide.com/rio-de-janeiro-l9/feijoada-tour-in-rio-with-hotel-pickup-and-drop-off-t1084103/
Brasil;rio-de-janeiro-l9;1112785;Rio de janeiro sugarloaf mountain sunrise experience;https://www.getyourguide.com/rio-de-janeiro-l9/rio-de-janeiro-sugarloaf-mountain-sunrise-experience-t1112785/
Brasil;rio-de-janeiro-l9;1122712;Rio de janeiro exclusive party at substation club;https://www.getyourguide.com/rio-de-janeiro-l9/rio-de-janeiro-exclusive-party-at-substation-club-t1122712/
Brasil;rio-de-janeiro-l9;510628;Conheca as grutas e cachoeiras da floresta da;https://www.getyourguide.com/rio-de-janeiro-l9/conheca-as-grutas-e-cachoeiras-da-floresta-da-tijuca-t510628/
Brasil;rio-de-janeiro-l9;1137945;From rio de janeiro christ;https://www.getyourguide.com/rio-de-janeiro-l9/from-rio-de-janeiro-christ-the-redeemer-and-iguazu-falls-in-a-6-day-adventure-t1137945/
Brasil;cabo-frio-l121720;870429;Cabo frio city;https://www.getyourguide.com/cabo-frio-l121720/cabo-frio-city-tour-t870429/
Brasil;sao-paulo-l384;938077;Sao paulo skip;https://www.getyourguide.com/sao-paulo-l384/sao-paulo-skip-the-line-museum-of-art-masp-private-tour-t938077/
Brasil;florianopolis-l246;960424;Ilha do frances kayak and stand up paddle;https://www.getyourguide.com/florianopolis-l246/ilha-do-frances-kayak-and-stand-up-paddle-tour-snorkel-in-florianopolis-t960424/
Brasil;rio-de-janeiro-l9;979578;Cultural immersion rocinha favela;https://www.getyourguide.com/rio-de-janeiro-l9/cultural-immersion-rocinha-favela-tour-t979578/
Brasil;rio-de-janeiro-l9;986149;Rio de janeiro 20 minute helicopter;https://www.getyourguide.com/rio-de-janeiro-l9/rio-de-janeiro-20-minute-helicopter-tour-with-flight-to-christ-the-redeemer-and-shuttle-transfers-t986149/
Brasil;rio-de-janeiro-l9;1065703;Sunrise on;https://www.getyourguide.com/rio-de-janeiro-l9/sunrise-on-the-high-seas-in-rio-de-janeiro-t1065703/
Brasil;sao-paulo-l384;1071030;Sao paulo s best attractions 5h private;https://www.getyourguide.com/sao-paulo-l384/sao-paulo-s-best-attractions-5h-private-tour-hotel-pickup-t1071030/
Brasil;rio-de-janeiro-l9;1082468;Rio pedra da gavea hike with lookouts and stunning scenery;https://www.getyourguide.com/rio-de-janeiro-l9/rio-pedra-da-gavea-hike-with-lookouts-and-stunning-scenery-t1082468/
Brasil;rio-de-janeiro-l9;1165455;Rio de janeiro little africa walking;https://www.getyourguide.com/rio-de-janeiro-l9/rio-de-janeiro-little-africa-walking-tour-with-pickup-t1165455/
Brasil;rio-de-janeiro-l9;1247850;Rio de janeiro beachside painting picnic with snacks;https://www.getyourguide.com/rio-de-janeiro-l9/rio-de-janeiro-beachside-painting-picnic-with-snacks-t1247850/
Brasil;sao-paulo-l384;1260859;Sao paulo night;https://www.getyourguide.com/sao-paulo-l384/sao-paulo-night-tour-with-hotel-pickup-and-drop-off-t1260859/
Brasil;paraty-l1845;420761;From paraty one way shared;https://www.getyourguide.com/paraty-l1845/from-paraty-one-way-shared-transfer-to-angra-dos-reis-t420761/
Brasil;rio-de-janeiro-l9;736736;Rio de janeiro samba night private;https://www.getyourguide.com/rio-de-janeiro-l9/rio-de-janeiro-samba-night-private-tour-with-locals-in-lapa-t736736/
Brasil;sao-paulo-l384;767789;Six hour city;https://www.getyourguide.com/sao-paulo-l384/six-hour-city-tour-of-sao-paulo-t767789/
Brasil;rio-de-janeiro-l9;1046604;Rio afro brazilian street food;https://www.getyourguide.com/rio-de-janeiro-l9/rio-afro-brazilian-street-food-tour-t1046604/
Brasil;pirenopolis-l248251;1055146;Ticket;https://www.getyourguide.com/pirenopolis-l248251/ticket-transfer-to-waterfall-in-pirenopolis-t1055146/
Brasil;rio-de-janeiro-l9;1065403;Rio de janeiro corcovado sugarloaf with barbecue lunch;https://www.getyourguide.com/rio-de-janeiro-l9/rio-de-janeiro-corcovado-sugarloaf-with-barbecue-lunch-t1065403/
Brasil;natal-l2112;1099085;Pipa evening experience bars dining cultural sights;https://www.getyourguide.com/natal-l2112/pipa-evening-experience-bars-dining-cultural-sights-t1099085/
Brasil;paraty-l1845;1101585;Sao goncalo beach;https://www.getyourguide.com/paraty-l1845/sao-goncalo-beach-tour-to-pelado-and-cedro-islands-t1101585/
Brasil;rio-de-janeiro-l9;1127759;Rio de janeiro coffee valley;https://www.getyourguide.com/rio-de-janeiro-l9/rio-de-janeiro-coffee-valley-tour-with-tasting-t1127759/
Brasil;rio-de-janeiro-l9;1329314;Rio explore african heritage in rio s port area;https://www.getyourguide.com/rio-de-janeiro-l9/rio-explore-african-heritage-in-rio-s-port-area-t1329314/
Brasil;sao-paulo-l384;161868;Sao paulo beaches day;https://www.getyourguide.com/sao-paulo-l384/sao-paulo-beaches-day-tour-t161868/
Brasil;rio-de-janeiro-l9;638996;Shared;https://www.getyourguide.com/rio-de-janeiro-l9/shared-transfer-from-rio-de-janeiro-to-cabo-frio-t638996/
Brasil;rio-de-janeiro-l9;686938;Rio de janeiro boat;https://www.getyourguide.com/rio-de-janeiro-l9/rio-de-janeiro-boat-tour-t686938/
Brasil;rio-de-janeiro-l9;749830;Tijuca rain forest semi private adventure;https://www.getyourguide.com/rio-de-janeiro-l9/tijuca-rain-forest-semi-private-adventure-through-jungle-t749830/
Brasil;florianopolis-l246;1062118;Florianopolis;https://www.getyourguide.com/florianopolis-l246/florianopolis-tandem-paragliding-flight-t1062118/
Brasil;maceio-l2064;1187183;Maceio enjoy ipioca beach;https://www.getyourguide.com/maceio-l2064/maceio-enjoy-ipioca-beach-t1187183/
Brasil;rio-de-janeiro-l9;1237947;Rio de janeiro;https://www.getyourguide.com/rio-de-janeiro-l9/rio-de-janeiro-tijuca-park-guided-tour-with-transfer-t1237947/
Brasil;paraty-l1845;24760;Full day jungle jeep waterfall and cachaca distillery;https://www.getyourguide.com/paraty-l1845/full-day-jungle-jeep-waterfall-and-cachaca-distillery-tour-t24760/
Brasil;recife-l1836;533216;Instituto ricardo brennand with;https://www.getyourguide.com/recife-l1836/instituto-ricardo-brennand-with-transfers-from-recife-t533216/
Brasil;rio-de-janeiro-l9;537944;Rio de janeiro surflessons and surfcoach;https://www.getyourguide.com/rio-de-janeiro-l9/rio-de-janeiro-surflessons-and-surfcoach-t537944/
Brasil;fortaleza-l1863;676412;Cumbuco in 1 day unforgettable;https://www.getyourguide.com/fortaleza-l1863/cumbuco-in-1-day-unforgettable-tour-t676412/
Brasil;rio-de-janeiro-l9;679517;Rio de janeiro;https://www.getyourguide.com/rio-de-janeiro-l9/rio-de-janeiro-tour-arraial-do-cabo-com-transporte-e-almoco-t679517/
Brasil;rio-de-janeiro-l9;852644;Morro dois irmaos;https://www.getyourguide.com/rio-de-janeiro-l9/morro-dois-irmaos-trail-ipanema-lagoa-pedra-da-gavea-t852644/
Brasil;natal-l2112;1013341;Rio do fogorn speedboat;https://www.getyourguide.com/natal-l2112/rio-do-fogorn-speedboat-tour-to-the-parrachos-de-rio-do-fogo-t1013341/
Brasil;porto-alegre-l32362;1017245;Porto alegre full day city;https://www.getyourguide.com/porto-alegre-l32362/porto-alegre-full-day-city-tour-t1017245/
Brasil;angra-dos-reis-l88183;1038086;Angra dos reis discover diving;https://www.getyourguide.com/angra-dos-reis-l88183/angra-dos-reis-discover-diving-t1038086/
Brasil;rio-de-janeiro-l9;1086319;Caves and waterfalls of;https://www.getyourguide.com/rio-de-janeiro-l9/caves-and-waterfalls-of-tijuca-forest-by-alan-denis-t1086319/
Brasil;natal-l2112;1111148;Natal northern coast buggy;https://www.getyourguide.com/natal-l2112/natal-northern-coast-buggy-tour-with-sunset-experience-t1111148/
Brasil;rio-de-janeiro-l9;1139904;Rio de janeiro outdoor rock climbing lesson in urca;https://www.getyourguide.com/rio-de-janeiro-l9/rio-de-janeiro-outdoor-rock-climbing-lesson-in-urca-t1139904/
Brasil;niteroi-l34109;1154909;Niteroi climbing experience in itacoatiara;https://www.getyourguide.com/niteroi-l34109/niteroi-climbing-experience-in-itacoatiara-t1154909/
Brasil;rio-de-janeiro-l9;1181794;Favela;https://www.getyourguide.com/rio-de-janeiro-l9/favela-tour-a-cultural-experience-in-rocinha-t1181794/
Brasil;rio-de-janeiro-l9;86618;Buzios boat;https://www.getyourguide.com/rio-de-janeiro-l9/buzios-boat-tour-full-day-t86618/
Brasil;rio-de-janeiro-l9;96597;Fast boat;https://www.getyourguide.com/rio-de-janeiro-l9/fast-boat-tour-in-angra-dos-reis-ilha-grande-t96597/
Brasil;fortaleza-l1863;98259;From fortaleza one way;https://www.getyourguide.com/fortaleza-l1863/from-fortaleza-one-way-transfer-to-cumbuco-t98259/
Brasil;rio-de-janeiro-l9;142887;Rio de janeiro 2 hour boat;https://www.getyourguide.com/rio-de-janeiro-l9/rio-de-janeiro-2-hour-boat-trip-with-parasailing-t142887/
Brasil;rio-de-janeiro-l9;388272;Rio de janeiro 6 stop highlights of rio with lunch;https://www.getyourguide.com/rio-de-janeiro-l9/rio-de-janeiro-6-stop-highlights-of-rio-with-lunch-t388272/
Brasil;rio-de-janeiro-l9;1088811;Rio maracana guided;https://www.getyourguide.com/rio-de-janeiro-l9/rio-maracana-guided-tour-beach-football-t1088811/
Brasil;rio-de-janeiro-l9;1116512;Arpoador and ipanema editorial photo shoot in rio de janeiro complimentary coconut;https://www.getyourguide.com/rio-de-janeiro-l9/arpoador-and-ipanema-editorial-photo-shoot-in-rio-de-janeiro-complimentary-coconut-t1116512/
Brasil;bento-goncalves-l117160;1190561;Garibaldi and an immersion glasses;https://www.getyourguide.com/bento-goncalves-l117160/garibaldi-and-an-immersion-glasses-truffles-and-memories-experience-t1190561/
Brasil;flores-da-cunha-l154785;1193930;Flores da cunha city harmonized winery experience;https://www.getyourguide.com/flores-da-cunha-l154785/flores-da-cunha-city-harmonized-winery-experience-t1193930/
Brasil;flores-da-cunha-l154785;1196489;Flores da cunha altos montes an immersion in wines and pairings;https://www.getyourguide.com/flores-da-cunha-l154785/flores-da-cunha-altos-montes-an-immersion-in-wines-and-pairings-t1196489/
Brasil;natal-l2112;27483;From natal pipa cacimbinhas and love beach full day;https://www.getyourguide.com/natal-l2112/from-natal-pipa-cacimbinhas-and-love-beach-full-day-tour-t27483/
Brasil;rio-de-janeiro-l9;409966;Rio rocinha favela;https://www.getyourguide.com/rio-de-janeiro-l9/rio-rocinha-favela-tour-immersive-walk-tour-by-local-guide-t409966/
Brasil;parati-mirim-l214877;1089584;Pico do pao de acucar mamangua bay paraty mirim;https://www.getyourguide.com/parati-mirim-l214877/pico-do-pao-de-acucar-mamangua-bay-paraty-mirim-tour-t1089584/
Brasil;maceio-l2064;1096377;Dunas de marape jequia river and ocean day;https://www.getyourguide.com/maceio-l2064/dunas-de-marape-jequia-river-and-ocean-day-trip-t1096377/
Brasil;lencois-l32549;1320620;Encantos da chapada poco encantado and poco azul;https://www.getyourguide.com/lencois-l32549/encantos-da-chapada-poco-encantado-and-poco-azul-t1320620/
Brasil;paraty-l1845;82206;Paraty jungle jeep waterfall and cachaca distillery;https://www.getyourguide.com/paraty-l1845/paraty-jungle-jeep-waterfall-and-cachaca-distillery-tour-t82206/
Brasil;rio-de-janeiro-l9;228676;Rio de janeiro;https://www.getyourguide.com/rio-de-janeiro-l9/rio-de-janeiro-tandem-hang-gliding-flight-t228676/
Brasil;paraty-l1845;414575;Paraty bay half day mangroves and beaches;https://www.getyourguide.com/paraty-l1845/paraty-bay-half-day-mangroves-and-beaches-tour-by-kayak-t414575/
Brasil;rio-de-janeiro-l9;525506;African culture;https://www.getyourguide.com/rio-de-janeiro-l9/african-culture-tour-samba-and-resistance-t525506/
Brasil;florianopolis-l246;655020;Private;https://www.getyourguide.com/florianopolis-l246/private-transfer-from-florianopolis-to-canasvieiras-t655020/
Brasil;rio-de-janeiro-l9;835757;Sunrise paddle boarding in rio or during;https://www.getyourguide.com/rio-de-janeiro-l9/sunrise-paddle-boarding-in-rio-or-during-the-day-t835757/
Brasil;jose-goncalves-l213392;846505;Explore;https://www.getyourguide.com/jose-goncalves-l213392/explore-the-trail-of-emerencias-and-jose-goncalves-in-buzios-t846505/
Brasil;rio-de-janeiro-l9;870449;Rio de janeiro city;https://www.getyourguide.com/rio-de-janeiro-l9/rio-de-janeiro-city-tour-with-buffet-lunch-t870449/
Brasil;rio-de-janeiro-l9;958794;Rio de janeiro;https://www.getyourguide.com/rio-de-janeiro-l9/rio-de-janeiro-tandem-skydiving-jump-with-breathtaking-views-of-the-city-t958794/
Brasil;sao-roque-sao-paulo-l214835;968463;Sao roque private wine;https://www.getyourguide.com/sao-roque-sao-paulo-l214835/sao-roque-private-wine-tour-with-breakfast-and-lunch-t968463/
Brasil;rio-de-janeiro-l9;1035914;Rio de janeiro maracana stadium private guided;https://www.getyourguide.com/rio-de-janeiro-l9/rio-de-janeiro-maracana-stadium-private-guided-tour-t1035914/
Brasil;barreirinhas-l105727;1041919;Barreirinhas lagoa bonita;https://www.getyourguide.com/barreirinhas-l105727/barreirinhas-lagoa-bonita-tour-with-stop-at-golden-dunes-t1041919/
Brasil;sao-paulo-l384;1071121;Sao paulo premium city bus;https://www.getyourguide.com/sao-paulo-l384/sao-paulo-premium-city-bus-tour-with-dinner-and-veggie-option-t1071121/
Brasil;rio-de-janeiro-l9;1084134;Rio de janeiro flamengo stadium and city;https://www.getyourguide.com/rio-de-janeiro-l9/rio-de-janeiro-flamengo-stadium-and-city-tour-t1084134/
Brasil;parnaiba-l194334;1100904;Sunrise delta;https://www.getyourguide.com/parnaiba-l194334/sunrise-delta-tour-with-breakfast-wildlife-t1100904/
Brasil;rio-de-janeiro-l9;1165507;Rio de janeiro;https://www.getyourguide.com/rio-de-janeiro-l9/rio-de-janeiro-tijuca-forest-tour-with-transfer-t1165507/
Brasil;rio-de-janeiro-l9;1180048;Adventure city;https://www.getyourguide.com/rio-de-janeiro-l9/adventure-city-tour-rio-de-janeiro-t1180048/
Brasil;florianopolis-l246;1214469;Guided;https://www.getyourguide.com/florianopolis-l246/guided-tour-of-fortaleza-de-sao-jose-da-ponta-grossa-and-praia-do-forte-t1214469/
Brasil;rio-de-janeiro-l9;1233148;Rio de janeiro pedra do;https://www.getyourguide.com/rio-de-janeiro-l9/rio-de-janeiro-pedra-do-telegrafo-guided-paddle-boarding-session-on-a-sandbank-t1233148/
Brasil;rio-de-janeiro-l9;1269505;Rio de janeiro a;https://www.getyourguide.com/rio-de-janeiro-l9/rio-de-janeiro-a-tour-to-discover-the-wonders-of-the-atlantic-forest-t1269505/
Brasil;sao-paulo-l384;1291492;Porto alegre full day city;https://www.getyourguide.com/sao-paulo-l384/porto-alegre-full-day-city-tour-with-boat-ride-on-lake-guaiba-t1291492/
Brasil;porto-de-galinhas-l32612;1301292;Proposito recifal a unique experience featuring floating corals and science;https://www.getyourguide.com/porto-de-galinhas-l32612/proposito-recifal-a-unique-experience-featuring-floating-corals-and-science-t1301292/
Brasil;florianopolis-l246;519654;Tour;https://www.getyourguide.com/florianopolis-l246/tour-to-balneario-camboriu-unipraias-park-t519654/
Brasil;rio-de-janeiro-l9;557567;Rio aquario and olympic boulevard;https://www.getyourguide.com/rio-de-janeiro-l9/rio-aquario-and-olympic-boulevard-t557567/
Brasil;atins-l158343;691159;Barreirinhas x atins boat;https://www.getyourguide.com/atins-l158343/barreirinhas-x-atins-boat-transfer-shared-t691159/
Brasil;angra-dos-reis-l88183;905908;Boat;https://www.getyourguide.com/angra-dos-reis-l88183/boat-trip-to-the-paradisiacal-islands-of-angra-dos-reis-t905908/
Brasil;brasilia-l144326;1058062;Brasilia civic legal and architectural city;https://www.getyourguide.com/brasilia-l144326/brasilia-civic-legal-and-architectural-city-tour-t1058062/
Brasil;rio-de-janeiro-l9;1088158;Rio roxy dinner show aquele abraco show;https://www.getyourguide.com/rio-de-janeiro-l9/rio-roxy-dinner-show-aquele-abraco-show-ticket-t1088158/
Brasil;natal-l2112;1111965;Sao miguel do gostoso xepa beach visit;https://www.getyourguide.com/natal-l2112/sao-miguel-do-gostoso-xepa-beach-visit-to-urca-distillery-t1111965/
Brasil;rio-de-janeiro-l9;1192926;Rocinha walking;https://www.getyourguide.com/rio-de-janeiro-l9/rocinha-walking-tour-t1192926/
Brasil;rio-de-janeiro-l9;1290237;Rio de janeiro outdoor samba lesson;https://www.getyourguide.com/rio-de-janeiro-l9/rio-de-janeiro-outdoor-samba-lesson-t1290237/
Brasil;rio-de-janeiro-l9;54587;Rio de janeiro combo with helicopter flight;https://www.getyourguide.com/rio-de-janeiro-l9/rio-de-janeiro-combo-with-helicopter-flight-t54587/
Brasil;rio-de-janeiro-l9;434725;Aquario and olympic boulevard small group;https://www.getyourguide.com/rio-de-janeiro-l9/aquario-and-olympic-boulevard-small-group-tour-t434725/
Brasil;rio-de-janeiro-l9;872736;Rio de janeiro;https://www.getyourguide.com/rio-de-janeiro-l9/rio-de-janeiro-telegraph-rock-hike-prainha-beach-tour-t872736/
Brasil;rio-de-janeiro-l9;879041;Rio de janeiro private city;https://www.getyourguide.com/rio-de-janeiro-l9/rio-de-janeiro-private-city-tour-with-hotel-pickup-t879041/
Brasil;rio-de-janeiro-l9;1021169;Rio de janeiro;https://www.getyourguide.com/rio-de-janeiro-l9/rio-de-janeiro-tandem-skydive-over-the-beach-t1021169/
Brasil;rio-de-janeiro-l9;1083265;Traditional barbecue;https://www.getyourguide.com/rio-de-janeiro-l9/traditional-barbecue-tasting-in-rio-de-janeiro-t1083265/
Brasil;rio-de-janeiro-l9;1160583;Rio;https://www.getyourguide.com/rio-de-janeiro-l9/rio-tavares-bastos-favela-and-secret-spots-fifa-street-t1160583/
Brasil;canela-l117155;1196414;Essence of serra gaucha iconic food and wines;https://www.getyourguide.com/canela-l117155/essence-of-serra-gaucha-iconic-food-and-wines-t1196414/
Brasil;santos-l1708;306548;Santos private 8 hour sao paulo overview;https://www.getyourguide.com/santos-l1708/santos-private-8-hour-sao-paulo-overview-t306548/
Brasil;angra-dos-reis-l88183;340381;Angra dos reis 6 stop ilha grande speedboat snorkeling;https://www.getyourguide.com/angra-dos-reis-l88183/angra-dos-reis-6-stop-ilha-grande-speedboat-snorkeling-tour-t340381/
Brasil;rio-de-janeiro-l9;407700;Rio de janeiro yup star observation wheel;https://www.getyourguide.com/rio-de-janeiro-l9/rio-de-janeiro-yup-star-observation-wheel-ticket-t407700/
Brasil;sao-paulo-l384;554281;Congonhas airport private;https://www.getyourguide.com/sao-paulo-l384/congonhas-airport-private-transfer-t554281/
