pais;ciudad_id;tour_id;titulo_referencia;url
Brasil;rio-de-janeiro-l9;361780;Rio De Janeiro Excursion Guiada Al Cristo Redentor;https://www.getyourguide.com/es-es/rio-de-janeiro-l9/rio-de-janeiro-excursion-guiada-al-cristo-redentor-t361780/
Brasil;foz-de-iguazu-l497;847192;Desde Los Hoteles De Foz Do Iguacu Cena Con Espectaculo Latinoamericano;https://www.getyourguide.com/es-es/foz-de-iguazu-l497/desde-los-hoteles-de-foz-do-iguacu-cena-con-espectaculo-latinoamericano-t847192/
Brasil;sao-paulo-l384;851777;Sao Paulo Tour Privado A Pie Por El Centro Tour Gastronomico;https://www.getyourguide.com/es-es/sao-paulo-l384/sao-paulo-tour-privado-a-pie-por-el-centro-tour-gastronomico-t851777/
Brasil;buzios-l1832;554893;Aventura En Vela En Buzios;https://www.getyourguide.com/es-es/buzios-l1832/aventura-en-vela-en-buzios-t554893/
Brasil;sao-jose-dos-campos-l152479;562481;Expedicion Muriqui Sur El Primate Mas Grande De America;https://www.getyourguide.com/es-es/sao-jose-dos-campos-l152479/expedicion-muriqui-sur-el-primate-mas-grande-de-america-t562481/
Brasil;rio-de-janeiro-l9;1074613;Tour Por Los Bares De La Favela Vidigal Bar Da Laje Y Mirador;https://www.getyourguide.com/es-es/rio-de-janeiro-l9/tour-por-los-bares-de-la-favela-vidigal-bar-da-laje-y-mirador-t1074613/
Brasil;rio-de-janeiro-l9;1083269;Rio Experiencia Culinaria Brasilena Con Traslado Incluido;https://www.getyourguide.com/es-es/rio-de-janeiro-l9/rio-experiencia-culinaria-brasilena-con-traslado-incluido-t1083269/
Brasil;maceio-l2064;664806;Maceio Excursion A La Playa De Maragogi;https://www.getyourguide.com/es-es/maceio-l2064/maceio-excursion-a-la-playa-de-maragogi-t664806/
Brasil;maceio-l2064;692099;Excursion A Maragogi;https://www.getyourguide.com/es-es/maceio-l2064/excursion-a-maragogi-t692099/
Brasil;foz-de-iguazu-l497;720815;Traslado Privado Desde El Aeropuerto De Foz Do Iguacu A Puerto Iguazu;https://www.getyourguide.com/es-es/foz-de-iguazu-l497/traslado-privado-desde-el-aeropuerto-de-foz-do-iguacu-a-puerto-iguazu-t720815/
Brasil;balneario-camboriu-l32252;1111919;Balneario Camboriu Ticket De Entrada A La Noria;https://www.getyourguide.com/es-es/balneario-camboriu-l32252/balneario-camboriu-ticket-de-entrada-a-la-noria-t1111919/
Brasil;barreirinhas-l105727;779059;Excursion De Medio Dia A La Lagoa Azul En Los Lencois Maranhenses;https://www.getyourguide.com/es-es/barreirinhas-l105727/excursion-de-medio-dia-a-la-lagoa-azul-en-los-lencois-maranhenses-t779059/
Brasil;rio-de-janeiro-l9;1168820;Rio De Janeiro Tour Por La Noria Y El Bulevar Olimpico;https://www.getyourguide.com/es-es/rio-de-janeiro-l9/rio-de-janeiro-tour-por-la-noria-y-el-bulevar-olimpico-t1168820/
Brasil;rio-de-janeiro-l9;847530;Tesoros Verdes De Rio Recorrido Por La Selva De Tijuca Y El Jardin Botanico;https://www.getyourguide.com/es-es/rio-de-janeiro-l9/tesoros-verdes-de-rio-recorrido-por-la-selva-de-tijuca-y-el-jardin-botanico-t847530/
Brasil;barreirinhas-l105727;853592;Excursion De Un Dia En Quad Por Los Pequenos Lencois Y Cabure;https://www.getyourguide.com/es-es/barreirinhas-l105727/excursion-de-un-dia-en-quad-por-los-pequenos-lencois-y-cabure-t853592/
Brasil;manaos-l917;1214124;Manaos Excursion Por El Rio Negro Y Solimoes;https://www.getyourguide.com/es-es/manaos-l917/manaos-excursion-por-el-rio-negro-y-solimoes-t1214124/
Brasil;angra-dos-reis-l88183;878175;Aventuras En Angra E Ilha Grande Con Guia Y Almuerzo;https://www.getyourguide.com/es-es/angra-dos-reis-l88183/aventuras-en-angra-e-ilha-grande-con-guia-y-almuerzo-t878175/
Brasil;rio-de-janeiro-l9;890849;Rio De Janeiro Excursion Privada Al Bosque De Tijuca Y A Pedra Bonita;https://www.getyourguide.com/es-es/rio-de-janeiro-l9/rio-de-janeiro-excursion-privada-al-bosque-de-tijuca-y-a-pedra-bonita-t890849/
Brasil;rio-de-janeiro-l9;1296140;Experiencia Jornada Del Flamengo Entradas Para El Maracana;https://www.getyourguide.com/es-es/rio-de-janeiro-l9/experiencia-jornada-del-flamengo-entradas-para-el-maracana-t1296140/
Brasil;rio-de-janeiro-l9;28715;Clases De Samba Con Salida Nocturna En Rio De Janeiro;https://www.getyourguide.com/es-es/rio-de-janeiro-l9/clases-de-samba-con-salida-nocturna-en-rio-de-janeiro-t28715/
Brasil;foz-de-iguazu-l497;1065674;Foz Do Iguacu Excursion De Un Dia Por Los Lados Argentino Y Brasileno;https://www.getyourguide.com/es-es/foz-de-iguazu-l497/foz-do-iguacu-excursion-de-un-dia-por-los-lados-argentino-y-brasileno-t1065674/
Brasil;sao-paulo-l384;58093;Tour De La Ciudad De Sao Paulo;https://www.getyourguide.com/es-es/sao-paulo-l384/tour-de-la-ciudad-de-sao-paulo-t58093/
Brasil;rio-de-janeiro-l9;116050;Las Mejores Playas Escondidas De Rio Tour En Grupo Reducido;https://www.getyourguide.com/es-es/rio-de-janeiro-l9/las-mejores-playas-escondidas-de-rio-tour-en-grupo-reducido-t116050/
Brasil;rio-de-janeiro-l9;1122709;Rio De Janeiro Fiesta Especial De Los Miercoles En La Discoteca Substation;https://www.getyourguide.com/es-es/rio-de-janeiro-l9/rio-de-janeiro-fiesta-especial-de-los-miercoles-en-la-discoteca-substation-t1122709/
Brasil;santarem-l121340;291650;Santarem Traslados Privados Desdehacia Alter Do Chao;https://www.getyourguide.com/es-es/santarem-l121340/santarem-traslados-privados-desdehacia-alter-do-chao-t291650/
Brasil;rio-de-janeiro-l9;1138035;Tours Fiesta Piedra De Sal Con Samba Y Caipirina Noche Carioca;https://www.getyourguide.com/es-es/rio-de-janeiro-l9/tours-fiesta-piedra-de-sal-con-samba-y-caipirina-noche-carioca-t1138035/
Brasil;manaos-l917;1193053;Manaos Paseo En Barco Por El Amazonas Con Guia Local;https://www.getyourguide.com/es-es/manaos-l917/manaos-paseo-en-barco-por-el-amazonas-con-guia-local-t1193053/
Brasil;rio-de-janeiro-l9;495634;Rio La Pequena Africa Al Descubierto Vibrante Herencia Afrobrasilena;https://www.getyourguide.com/es-es/rio-de-janeiro-l9/rio-la-pequena-africa-al-descubierto-vibrante-herencia-afrobrasilena-t495634/
Brasil;rio-de-janeiro-l9;509647;Desayuno Al Amanecer En Mirante Dona Marta Crhist Reedmer;https://www.getyourguide.com/es-es/rio-de-janeiro-l9/desayuno-al-amanecer-en-mirante-dona-marta-crhist-reedmer-t509647/
Brasil;sao-paulo-l384;582848;Partido Del Sao Paulo Fc En El Estadio Morumbi;https://www.getyourguide.com/es-es/sao-paulo-l384/partido-del-sao-paulo-fc-en-el-estadio-morumbi-t582848/
Brasil;bonito-l32642;1306973;Bonitoms Flotacion En El Rio Sucuri;https://www.getyourguide.com/es-es/bonito-l32642/bonitoms-flotacion-en-el-rio-sucuri-t1306973/
Brasil;sao-paulo-l384;756422;Mejor Tour De La Ciudad De Sao Paulo Cultura 5Horas Privado;https://www.getyourguide.com/es-es/sao-paulo-l384/mejor-tour-de-la-ciudad-de-sao-paulo-cultura-5horas-privado-t756422/
Brasil;buzios-l1832;385609;Buzios Visita A La Ciudad Y Salto De Playa Con Almuerzo;https://www.getyourguide.com/es-es/buzios-l1832/buzios-visita-a-la-ciudad-y-salto-de-playa-con-almuerzo-t385609/
Brasil;foz-de-iguazu-l497;793441;Kattamaram Puesta De Sol Parana Rio Iguacu;https://www.getyourguide.com/es-es/foz-de-iguazu-l497/kattamaram-puesta-de-sol-parana-rio-iguacu-t793441/
Brasil;rio-de-janeiro-l9;878952;Tour Guiado Por Rocinha Con Transporte;https://www.getyourguide.com/es-es/rio-de-janeiro-l9/tour-guiado-por-rocinha-con-transporte-t878952/
Brasil;brasilia-l144326;1008929;Parkway Brasilia Ruta A Lo Largo De La Via Del Tren;https://www.getyourguide.com/es-es/brasilia-l144326/parkway-brasilia-ruta-a-lo-largo-de-la-via-del-tren-t1008929/
Brasil;rio-de-janeiro-l9;1125199;Palco Vip Para El Desfile De Rio De Janeiro 2026 En El Marques De Sapucai;https://www.getyourguide.com/es-es/rio-de-janeiro-l9/palco-vip-para-el-desfile-de-rio-de-janeiro-2026-en-el-marques-de-sapucai-t1125199/
Brasil;salvador-brasil-l1430;1156645;Salvador Noche Soteropolitana Samba Y Bohemia;https://www.getyourguide.com/es-es/salvador-brasil-l1430/salvador-noche-soteropolitana-samba-y-bohemia-t1156645/
Brasil;rio-de-janeiro-l9;779149;El Autentico Rio En 3 Dias Tour De La Ciudad Angra Y Rocinha;https://www.getyourguide.com/es-es/rio-de-janeiro-l9/el-autentico-rio-en-3-dias-tour-de-la-ciudad-angra-y-rocinha-t779149/
Brasil;rio-de-janeiro-l9;1265945;Rio De Janeiro Padel De Remo Por Los Manglares Y Experiencia Con La Fauna De La Zona Oeste De Rio;https://www.getyourguide.com/es-es/rio-de-janeiro-l9/rio-de-janeiro-padel-de-remo-por-los-manglares-y-experiencia-con-la-fauna-de-la-zona-oeste-de-rio-t1265945/
Brasil;angra-dos-reis-l88183;1036101;Angra Dos Reis Excursion En Lancha Rapida Por Las Islas Paradisiacas;https://www.getyourguide.com/es-es/angra-dos-reis-l88183/angra-dos-reis-excursion-en-lancha-rapida-por-las-islas-paradisiacas-t1036101/
Brasil;rio-de-janeiro-l9;140271;Rio De Janeiro Tour Por La Favela De Santa Marta;https://www.getyourguide.com/es-es/rio-de-janeiro-l9/rio-de-janeiro-tour-por-la-favela-de-santa-marta-t140271/
Brasil;rio-de-janeiro-l9;159590;Montana Pan De Azucar Senderismo Y Escalada;https://www.getyourguide.com/es-es/rio-de-janeiro-l9/montana-pan-de-azucar-senderismo-y-escalada-t159590/
Brasil;paraty-l1845;238542;Paraty Excursion En Jeep A Las Cascadas De La Selva Y A La Destileria De Cachaca;https://www.getyourguide.com/es-es/paraty-l1845/paraty-excursion-en-jeep-a-las-cascadas-de-la-selva-y-a-la-destileria-de-cachaca-t238542/
Brasil;rio-de-janeiro-l9;1097184;Rio De Janeiro Entrada A La Discoteca Scenarium Con Opcion De Cena;https://www.getyourguide.com/es-es/rio-de-janeiro-l9/rio-de-janeiro-entrada-a-la-discoteca-scenarium-con-opcion-de-cena-t1097184/
Brasil;rio-de-janeiro-l9;400158;Rio De Janeiro Vuelo En Ala Delta O Parapente;https://www.getyourguide.com/es-es/rio-de-janeiro-l9/rio-de-janeiro-vuelo-en-ala-delta-o-parapente-t400158/
Brasil;bento-goncalves-l117160;1192867;Bento Goncalves Ruta Sensorial Vinos Y Gastronomia;https://www.getyourguide.com/es-es/bento-goncalves-l117160/bento-goncalves-ruta-sensorial-vinos-y-gastronomia-t1192867/
Brasil;florianopolis-l246;535159;Clase De Surf Con Sea Wolf;https://www.getyourguide.com/es-es/florianopolis-l246/clase-de-surf-con-sea-wolf-t535159/
Brasil;belem-brasil-l32400;1213260;Isla Combu Estancia De 2 Noches Con Desayuno;https://www.getyourguide.com/es-es/belem-brasil-l32400/isla-combu-estancia-de-2-noches-con-desayuno-t1213260/
Brasil;florianopolis-l246;1304364;Florianopolis Recorrido En Kayak Por La Laguna Do Peri Con Cascada;https://www.getyourguide.com/es-es/florianopolis-l246/florianopolis-recorrido-en-kayak-por-la-laguna-do-peri-con-cascada-t1304364/
Brasil;salvador-brasil-l1430;58446;Salvador Tour Privado Por Lo Mas Destacado De La Ciudad;https://www.getyourguide.com/es-es/salvador-brasil-l1430/salvador-tour-privado-por-lo-mas-destacado-de-la-ciudad-t58446/
Brasil;florianopolis-l246;823481;Florianopolis Puesta Del Sol En Santo Antonio De Lisboa;https://www.getyourguide.com/es-es/florianopolis-l246/florianopolis-puesta-del-sol-en-santo-antonio-de-lisboa-t823481/
Brasil;sao-paulo-l384;284442;Sao Paulo Tour De 7 Horas En Grupo Reducido Por La Ciudad;https://www.getyourguide.com/es-es/sao-paulo-l384/sao-paulo-tour-de-7-horas-en-grupo-reducido-por-la-ciudad-t284442/
Brasil;salvador-brasil-l1430;305718;Praia Do Forteguarajuba Y Aeropuerto Salvadore Traslado De Ida;https://www.getyourguide.com/es-es/salvador-brasil-l1430/praia-do-forteguarajuba-y-aeropuerto-salvadore-traslado-de-ida-t305718/
Brasil;foz-de-iguazu-l497;868424;Privado 2 Dias En Las Cataratas Del Iguazu Lado Brasileno Y Argentino Opcion De Barco;https://www.getyourguide.com/es-es/foz-de-iguazu-l497/privado-2-dias-en-las-cataratas-del-iguazu-lado-brasileno-y-argentino-opcion-de-barco-t868424/
Brasil;rio-de-janeiro-l9;975564;Rio De Janeiro Entrada Al Cristo Redentor En El Tren Del Corcovado;https://www.getyourguide.com/es-es/rio-de-janeiro-l9/rio-de-janeiro-entrada-al-cristo-redentor-en-el-tren-del-corcovado-t975564/
Brasil;buzios-l1832;535011;Paseo En Barco Por Buzios;https://www.getyourguide.com/es-es/buzios-l1832/paseo-en-barco-por-buzios-t535011/
Brasil;rio-de-janeiro-l9;1077572;Rio De Janeirocopacabana Ensayo De La Escuela De Samba Salgueiro;https://www.getyourguide.com/es-es/rio-de-janeiro-l9/rio-de-janeirocopacabana-ensayo-de-la-escuela-de-samba-salgueiro-t1077572/
Brasil;porto-seguro-l126793;1116449;Porto Seguro Experiencia Nautica En Recife De Fora;https://www.getyourguide.com/es-es/porto-seguro-l126793/porto-seguro-experiencia-nautica-en-recife-de-fora-t1116449/
Brasil;belo-horizonte-l32265;1151195;Clase De Cocina De Moqueca Con Bebidas En Belo Horizonte;https://www.getyourguide.com/es-es/belo-horizonte-l32265/clase-de-cocina-de-moqueca-con-bebidas-en-belo-horizonte-t1151195/
Brasil;rio-de-janeiro-l9;1177928;Portugues Practico En Rio Habla Como Un Lugareno;https://www.getyourguide.com/es-es/rio-de-janeiro-l9/portugues-practico-en-rio-habla-como-un-lugareno-t1177928/
Brasil;curitiba-l1849;1229451;Curitiba Prueba 34 Sabores Brasilenos Con Un Experto Local;https://www.getyourguide.com/es-es/curitiba-l1849/curitiba-prueba-34-sabores-brasilenos-con-un-experto-local-t1229451/
Brasil;rio-de-janeiro-l9;479595;Rio De Janeiro Traslado De Ida Y Vuelta A Buzios;https://www.getyourguide.com/es-es/rio-de-janeiro-l9/rio-de-janeiro-traslado-de-ida-y-vuelta-a-buzios-t479595/
Brasil;foz-de-iguazu-l497;611412;Desde Foz Do Iguacu Tour Privado Por Las Cataratas De Iguazu;https://www.getyourguide.com/es-es/foz-de-iguazu-l497/desde-foz-do-iguacu-tour-privado-por-las-cataratas-de-iguazu-t611412/
Brasil;manaos-l917;297575;Desde Manuas Tour Fluvial De Dia Completo;https://www.getyourguide.com/es-es/manaos-l917/desde-manuas-tour-fluvial-de-dia-completo-t297575/
Brasil;rio-de-janeiro-l9;888852;Rio Tour Privado Por Lo Mas Destacado De La Ciudad El Cristo Y El Pan De Azucar;https://www.getyourguide.com/es-es/rio-de-janeiro-l9/rio-tour-privado-por-lo-mas-destacado-de-la-ciudad-el-cristo-y-el-pan-de-azucar-t888852/
Brasil;foz-de-iguazu-l497;976026;Cataratas En Todas Sus Dimensiones Helicoptero Sendero Macuco Parque De Aves;https://www.getyourguide.com/es-es/foz-de-iguazu-l497/cataratas-en-todas-sus-dimensiones-helicoptero-sendero-macuco-parque-de-aves-t976026/
Brasil;foz-de-iguazu-l497;474587;Tour De Dia Completo A Las Cataratas Del Iguazu Ambos Lados Sin Colas Desde El Hotel;https://www.getyourguide.com/es-es/foz-de-iguazu-l497/tour-de-dia-completo-a-las-cataratas-del-iguazu-ambos-lados-sin-colas-desde-el-hotel-t474587/
Brasil;niteroi-l34109;1063797;Niteroi Tour Por 5 Playas Con Transporte Y Guia;https://www.getyourguide.com/es-es/niteroi-l34109/niteroi-tour-por-5-playas-con-transporte-y-guia-t1063797/
Brasil;parnaiba-l194334;1082456;Delta Do Parnaiba Excursion Privada En Lancha Rapida Revoada Dos Guaras;https://www.getyourguide.com/es-es/parnaiba-l194334/delta-do-parnaiba-excursion-privada-en-lancha-rapida-revoada-dos-guaras-t1082456/
Brasil;rio-de-janeiro-l9;1097177;Rio De Janeiro Fiesta De Samba En Pedra Do Sal Con Caipirinhas;https://www.getyourguide.com/es-es/rio-de-janeiro-l9/rio-de-janeiro-fiesta-de-samba-en-pedra-do-sal-con-caipirinhas-t1097177/
Brasil;natal-l2112;1099087;Un Paseo Por Pipa Artesania Y Calles Pintorescas;https://www.getyourguide.com/es-es/natal-l2112/un-paseo-por-pipa-artesania-y-calles-pintorescas-t1099087/
Brasil;rio-de-janeiro-l9;1108575;Partido De Futbol En El Estadio De Maracana Siente La Pasion Nacional;https://www.getyourguide.com/es-es/rio-de-janeiro-l9/partido-de-futbol-en-el-estadio-de-maracana-siente-la-pasion-nacional-t1108575/
Brasil;salvador-brasil-l1430;1123698;Recorrido A Pie Por Santo Antonio Alem Do Carmo;https://www.getyourguide.com/es-es/salvador-brasil-l1430/recorrido-a-pie-por-santo-antonio-alem-do-carmo-t1123698/
Brasil;salvador-brasil-l1430;621727;Salvador Bahia Un Increible Tour A Pie;https://www.getyourguide.com/es-es/salvador-brasil-l1430/salvador-bahia-un-increible-tour-a-pie-t621727/
Brasil;rio-de-janeiro-l9;1192674;Tour En Moto Por La Favela De Rocinha;https://www.getyourguide.com/es-es/rio-de-janeiro-l9/tour-en-moto-por-la-favela-de-rocinha-t1192674/
Brasil;foz-de-iguazu-l497;1282490;Tour Privado Premium Por Ambos Lados De Las Cataratas Del Iguazu Paseo En Barco;https://www.getyourguide.com/es-es/foz-de-iguazu-l497/tour-privado-premium-por-ambos-lados-de-las-cataratas-del-iguazu-paseo-en-barco-t1282490/
Brasil;rio-de-janeiro-l9;54583;Excursion En Jeep Por La Rocinha Un Viaje Al Alma De La Favela;https://www.getyourguide.com/es-es/rio-de-janeiro-l9/excursion-en-jeep-por-la-rocinha-un-viaje-al-alma-de-la-favela-t54583/
Brasil;salvador-brasil-l1430;1012122;Salvador Tour De La Ceremonia Del Candomble Con Guia Local;https://www.getyourguide.com/es-es/salvador-brasil-l1430/salvador-tour-de-la-ceremonia-del-candomble-con-guia-local-t1012122/
Brasil;rio-de-janeiro-l9;96930;Superahorro Recorrido Fotografico De Tres Dias;https://www.getyourguide.com/es-es/rio-de-janeiro-l9/superahorro-recorrido-fotografico-de-tres-dias-t96930/
Brasil;foz-de-iguazu-l497;225006;Desde Puerto Iguazu Aventura En Las Cataratas Secretas;https://www.getyourguide.com/es-es/foz-de-iguazu-l497/desde-puerto-iguazu-aventura-en-las-cataratas-secretas-t225006/
Brasil;rio-de-janeiro-l9;363735;Rio De Janeiro Ecotour Al Parque Nacional Serra Dos Orgaos;https://www.getyourguide.com/es-es/rio-de-janeiro-l9/rio-de-janeiro-ecotour-al-parque-nacional-serra-dos-orgaos-t363735/
Brasil;rio-de-janeiro-l9;425456;Desde Rio De Janeiro Traslado Privado A Buzios;https://www.getyourguide.com/es-es/rio-de-janeiro-l9/desde-rio-de-janeiro-traslado-privado-a-buzios-t425456/
Brasil;rio-de-janeiro-l9;530101;Excursion De Dia Inteiro A Angra Dos Reis E Ilha Grande;https://www.getyourguide.com/es-es/rio-de-janeiro-l9/excursion-de-dia-inteiro-a-angra-dos-reis-e-ilha-grande-t530101/
Brasil;brasilia-l144326;1250432;Paseo En Lancha Retro Por El Lago Paranoa;https://www.getyourguide.com/es-es/brasilia-l144326/paseo-en-lancha-retro-por-el-lago-paranoa-t1250432/
Brasil;foz-de-iguazu-l497;1276677;Tour Guiado A La Represa De Itaipu Y Las Cataratas Del Iguazu;https://www.getyourguide.com/es-es/foz-de-iguazu-l497/tour-guiado-a-la-represa-de-itaipu-y-las-cataratas-del-iguazu-t1276677/
Brasil;foz-de-iguazu-l497;1300072;Cataratas Del Iguazu Tour Guiado Nocturno Con Recogida En El Hotel;https://www.getyourguide.com/es-es/foz-de-iguazu-l497/cataratas-del-iguazu-tour-guiado-nocturno-con-recogida-en-el-hotel-t1300072/
Brasil;rio-de-janeiro-l9;1309030;Puntos Destacados De Rio De Lo Colonial A Lo Moderno Visita A La Estatua Del Cristo Redentor;https://www.getyourguide.com/es-es/rio-de-janeiro-l9/puntos-destacados-de-rio-de-lo-colonial-a-lo-moderno-visita-a-la-estatua-del-cristo-redentor-t1309030/
Brasil;fortaleza-l1863;682805;Fortaleza Playa De Mundau Y Flecheiras Con Catamaran;https://www.getyourguide.com/es-es/fortaleza-l1863/fortaleza-playa-de-mundau-y-flecheiras-con-catamaran-t682805/
Brasil;mangue-seco-l123911;1326355;Quad Por La Costa Oeste De Jericoacoara;https://www.getyourguide.com/es-es/mangue-seco-l123911/quad-por-la-costa-oeste-de-jericoacoara-t1326355/
Brasil;rio-de-janeiro-l9;54609;Rio De Janeiro Excursion En Canoa Hawaiana;https://www.getyourguide.com/es-es/rio-de-janeiro-l9/rio-de-janeiro-excursion-en-canoa-hawaiana-t54609/
Brasil;rio-de-janeiro-l9;180335;Santa Teresa Y Lapa Con Paseo En Tranvia Y Escalinata De Selaron;https://www.getyourguide.com/es-es/rio-de-janeiro-l9/santa-teresa-y-lapa-con-paseo-en-tranvia-y-escalinata-de-selaron-t180335/
Brasil;manaos-l917;418279;Manaos Fiesta De Nochevieja En Barco Reveillon;https://www.getyourguide.com/es-es/manaos-l917/manaos-fiesta-de-nochevieja-en-barco-reveillon-t418279/
Brasil;rio-de-janeiro-l9;471227;Pantanal De Rio De Janeiro;https://www.getyourguide.com/es-es/rio-de-janeiro-l9/pantanal-de-rio-de-janeiro-t471227/
Brasil;angra-dos-reis-l88183;1037121;Laguna Azul Aventura En Lancha Rapida En Angra;https://www.getyourguide.com/es-es/angra-dos-reis-l88183/laguna-azul-aventura-en-lancha-rapida-en-angra-t1037121/
Brasil;rio-de-janeiro-l9;1065437;Rio De Janeiro Tour Por El Pan De Azucar Y Las Playas;https://www.getyourguide.com/es-es/rio-de-janeiro-l9/rio-de-janeiro-tour-por-el-pan-de-azucar-y-las-playas-t1065437/
Brasil;natal-l2112;1111147;Natal Aventura En Buggy Al Atardecer En La Costa Norte;https://www.getyourguide.com/es-es/natal-l2112/natal-aventura-en-buggy-al-atardecer-en-la-costa-norte-t1111147/
Brasil;porto-alegre-l32362;1148398;Porto Alegre Dia Rural Animales De Granja Y Aperitivo Gaucho;https://www.getyourguide.com/es-es/porto-alegre-l32362/porto-alegre-dia-rural-animales-de-granja-y-aperitivo-gaucho-t1148398/
Brasil;fortaleza-l1863;653070;Traslado Compartido De Fortaleza A Cumbuco;https://www.getyourguide.com/es-es/fortaleza-l1863/traslado-compartido-de-fortaleza-a-cumbuco-t653070/
Brasil;buzios-l1832;673989;7 Pasajeros Xl Aeropuerto Galeao X Buzios Arraial Cabo;https://www.getyourguide.com/es-es/buzios-l1832/7-pasajeros-xl-aeropuerto-galeao-x-buzios-arraial-cabo-t673989/
Brasil;parati-mirim-l214877;1190970;Tour En Kayak Por Paraty Mirim Aguas Tranquilas Y Naturaleza Intacta;https://www.getyourguide.com/es-es/parati-mirim-l214877/tour-en-kayak-por-paraty-mirim-aguas-tranquilas-y-naturaleza-intacta-t1190970/
Brasil;rio-de-janeiro-l9;727231;Rio De Janeiro Dos Hermanos Camina Por Las Mejores Vistas En Vidigal;https://www.getyourguide.com/es-es/rio-de-janeiro-l9/rio-de-janeiro-dos-hermanos-camina-por-las-mejores-vistas-en-vidigal-t727231/
Brasil;rio-de-janeiro-l9;744916;Rio De Janeiro Tour A Pie Guiado Por La Pequena Africa;https://www.getyourguide.com/es-es/rio-de-janeiro-l9/rio-de-janeiro-tour-a-pie-guiado-por-la-pequena-africa-t744916/
Brasil;rio-de-janeiro-l9;759673;Visita El Jardin Botanico De Rio Naturaleza Historia Y Vida Salvaje;https://www.getyourguide.com/es-es/rio-de-janeiro-l9/visita-el-jardin-botanico-de-rio-naturaleza-historia-y-vida-salvaje-t759673/
Brasil;maceio-l2064;857837;Maceio Excursion A La Playa De Ipioca Hibiscus Beach Club;https://www.getyourguide.com/es-es/maceio-l2064/maceio-excursion-a-la-playa-de-ipioca-hibiscus-beach-club-t857837/
Brasil;salvador-brasil-l1430;82230;Paseo En Barco Goleta En Salvador;https://www.getyourguide.com/es-es/salvador-brasil-l1430/paseo-en-barco-goleta-en-salvador-t82230/
Brasil;rio-de-janeiro-l9;1084100;Rio De Janeiro Tour Culinario De Feijoada Con Traslado Desde El Hotel;https://www.getyourguide.com/es-es/rio-de-janeiro-l9/rio-de-janeiro-tour-culinario-de-feijoada-con-traslado-desde-el-hotel-t1084100/
Brasil;rio-de-janeiro-l9;425691;Desde Rio De Janeiro Recorrido Por El Pan De Azucar Con Teleferico;https://www.getyourguide.com/es-es/rio-de-janeiro-l9/desde-rio-de-janeiro-recorrido-por-el-pan-de-azucar-con-teleferico-t425691/
Brasil;niteroi-l34109;1129390;Tour De La Ciudad De Niteroi El Museo Mac De Niemeyer Y La Fortaleza De Santa Cruz;https://www.getyourguide.com/es-es/niteroi-l34109/tour-de-la-ciudad-de-niteroi-el-museo-mac-de-niemeyer-y-la-fortaleza-de-santa-cruz-t1129390/
Brasil;jericoacoara-l105737;1137131;Jericoacoara Tour En Camioneta Por Las Lagunas Y Dunas De La Costa Oeste;https://www.getyourguide.com/es-es/jericoacoara-l105737/jericoacoara-tour-en-camioneta-por-las-lagunas-y-dunas-de-la-costa-oeste-t1137131/
Brasil;brasilia-l144326;1139824;Cocina Brasilena Platos Del Cerrado Y Caipirinhas;https://www.getyourguide.com/es-es/brasilia-l144326/cocina-brasilena-platos-del-cerrado-y-caipirinhas-t1139824/
Brasil;aracaju-l100614;548899;Excursion A Croa Gore E Isla Namorados;https://www.getyourguide.com/es-es/aracaju-l100614/excursion-a-croa-gore-e-isla-namorados-t548899/
Brasil;sao-paulo-l384;554233;Traslado Privado Aeropuerto Guarulhos;https://www.getyourguide.com/es-es/sao-paulo-l384/traslado-privado-aeropuerto-guarulhos-t554233/
Brasil;sao-paulo-l384;1265504;Sao Paulo Tour Por La Cultura Cafetera Brasilena Y Almuerzo En Una Plantacion;https://www.getyourguide.com/es-es/sao-paulo-l384/sao-paulo-tour-por-la-cultura-cafetera-brasilena-y-almuerzo-en-una-plantacion-t1265504/
Brasil;rio-de-janeiro-l9;647681;Rio De Janeiro Desde Hasta Aeropuerto X Hotel Traslado Privado;https://www.getyourguide.com/es-es/rio-de-janeiro-l9/rio-de-janeiro-desde-hasta-aeropuerto-x-hotel-traslado-privado-t647681/
Brasil;florianopolis-l246;737607;Praia De Bombinhas 4 Ilhas Y Lagoinha;https://www.getyourguide.com/es-es/florianopolis-l246/praia-de-bombinhas-4-ilhas-y-lagoinha-t737607/
Brasil;paraty-l1845;82191;Tour Turistico En Paraty;https://www.getyourguide.com/es-es/paraty-l1845/tour-turistico-en-paraty-t82191/
Brasil;rio-de-janeiro-l9;799974;Masaje Relajante;https://www.getyourguide.com/es-es/rio-de-janeiro-l9/masaje-relajante-t799974/
Brasil;sao-paulo-l384;565918;Experiencia De Juego Del Palmeiras En El Allianz Parque;https://www.getyourguide.com/es-es/sao-paulo-l384/experiencia-de-juego-del-palmeiras-en-el-allianz-parque-t565918/
Brasil;rio-de-janeiro-l9;628182;Rio De Janeiro Tour A Pie Por La Bossa Nova;https://www.getyourguide.com/es-es/rio-de-janeiro-l9/rio-de-janeiro-tour-a-pie-por-la-bossa-nova-t628182/
Brasil;sao-paulo-l384;1169233;Sao Paulo Partido De Futbol Brasileno Con Un Aficionado Local;https://www.getyourguide.com/es-es/sao-paulo-l384/sao-paulo-partido-de-futbol-brasileno-con-un-aficionado-local-t1169233/
Brasil;porto-jofre-l123795;1183616;Pantanal Aventura De 4 Dias Y Expedicion De Safari;https://www.getyourguide.com/es-es/porto-jofre-l123795/pantanal-aventura-de-4-dias-y-expedicion-de-safari-t1183616/
Brasil;rio-de-janeiro-l9;1313437;Rio De Janeiro Experiencia Cria En Una Barberia De La Favela Rocinha;https://www.getyourguide.com/es-es/rio-de-janeiro-l9/rio-de-janeiro-experiencia-cria-en-una-barberia-de-la-favela-rocinha-t1313437/
Brasil;rio-de-janeiro-l9;18579;Rio De Janeiro Partido De Futbol Con Ticket De Entrada Y Transporte;https://www.getyourguide.com/es-es/rio-de-janeiro-l9/rio-de-janeiro-partido-de-futbol-con-ticket-de-entrada-y-transporte-t18579/
Brasil;rio-de-janeiro-l9;148766;Rio De Janeiro Tour A Pie Por El Centro Pasado Y Futuro;https://www.getyourguide.com/es-es/rio-de-janeiro-l9/rio-de-janeiro-tour-a-pie-por-el-centro-pasado-y-futuro-t148766/
Brasil;rio-de-janeiro-l9;1075251;Rio De Janeiro Traslado Privado Al Aeropuerto Con Servicio De Bienvenida;https://www.getyourguide.com/es-es/rio-de-janeiro-l9/rio-de-janeiro-traslado-privado-al-aeropuerto-con-servicio-de-bienvenida-t1075251/
Brasil;angra-dos-reis-l88183;1140984;Ilha Grande Explora Media Isla Y La Laguna Azulverde;https://www.getyourguide.com/es-es/angra-dos-reis-l88183/ilha-grande-explora-media-isla-y-la-laguna-azulverde-t1140984/
Brasil;rio-de-janeiro-l9;1151079;Barco Pirata Angra Dos Reis E Ilha Grande;https://www.getyourguide.com/es-es/rio-de-janeiro-l9/barco-pirata-angra-dos-reis-e-ilha-grande-t1151079/
Brasil;rio-de-janeiro-l9;496880;Rio De Janeiro Tour Privado En Helicoptero;https://www.getyourguide.com/es-es/rio-de-janeiro-l9/rio-de-janeiro-tour-privado-en-helicoptero-t496880/
Brasil;manaos-l917;533839;City Tour En El Centro Historico De Manaus Con Un Fotografo;https://www.getyourguide.com/es-es/manaos-l917/city-tour-en-el-centro-historico-de-manaus-con-un-fotografo-t533839/
Brasil;angra-dos-reis-l88183;1242105;Super Sur Privado Ruta Historica De Ilha Grande;https://www.getyourguide.com/es-es/angra-dos-reis-l88183/super-sur-privado-ruta-historica-de-ilha-grande-t1242105/
Brasil;rio-de-janeiro-l9;1249537;Experiencia En La Favela Gastronomia Cultura Y Vida Local En Rocinha Rio De Janeiro;https://www.getyourguide.com/es-es/rio-de-janeiro-l9/experiencia-en-la-favela-gastronomia-cultura-y-vida-local-en-rocinha-rio-de-janeiro-t1249537/
Brasil;bento-goncalves-l117160;1256104;Bento Goncalves Y Una Noche De Cine En El Vinedo;https://www.getyourguide.com/es-es/bento-goncalves-l117160/bento-goncalves-y-una-noche-de-cine-en-el-vinedo-t1256104/
Brasil;rio-de-janeiro-l9;780738;Descubre Los Iconos De Rio Recogida En Cualquier Direccion Hotel Aeropuertopuerto;https://www.getyourguide.com/es-es/rio-de-janeiro-l9/descubre-los-iconos-de-rio-recogida-en-cualquier-direccion-hotel-aeropuertopuerto-t780738/
Brasil;foz-de-iguazu-l497;224712;Desde Foz Do Iguacu Lado Brasileno De Las Cataratas Con Ticket De Entrada;https://www.getyourguide.com/es-es/foz-de-iguazu-l497/desde-foz-do-iguacu-lado-brasileno-de-las-cataratas-con-ticket-de-entrada-t224712/
Brasil;salvador-brasil-l1430;939364;Salvador Museu Nautico Da Bahia Tour Privado Con Ticket De Entrada;https://www.getyourguide.com/es-es/salvador-brasil-l1430/salvador-museu-nautico-da-bahia-tour-privado-con-ticket-de-entrada-t939364/
Brasil;barreirinhas-l105727;603495;Barreirinhas Lagoa Azul Y Maranhao Tour Guiado De Medio Dia;https://www.getyourguide.com/es-es/barreirinhas-l105727/barreirinhas-lagoa-azul-y-maranhao-tour-guiado-de-medio-dia-t603495/
Brasil;paraty-l1845;1117357;Paraty Ruta De Senderismo Guiada Por El Parque Nacional Serra Da Bocaina;https://www.getyourguide.com/es-es/paraty-l1845/paraty-ruta-de-senderismo-guiada-por-el-parque-nacional-serra-da-bocaina-t1117357/
Brasil;rio-de-janeiro-l9;1192981;Mirador De Rocinha Con Almuerzo;https://www.getyourguide.com/es-es/rio-de-janeiro-l9/mirador-de-rocinha-con-almuerzo-t1192981/
Brasil;foz-de-iguazu-l497;879708;Vive Las Cataratas Y El Parque De Las Aves De Brasil En Una Visita Guiada;https://www.getyourguide.com/es-es/foz-de-iguazu-l497/vive-las-cataratas-y-el-parque-de-las-aves-de-brasil-en-una-visita-guiada-t879708/
Brasil;rio-de-janeiro-l9;1318349;Rio De Janeiro Traslado Blindado Al Aeropuerto Con Guias Bilingues;https://www.getyourguide.com/es-es/rio-de-janeiro-l9/rio-de-janeiro-traslado-blindado-al-aeropuerto-con-guias-bilingues-t1318349/
Brasil;rio-de-janeiro-l9;1075086;Lo Mejor De Rio Y Sus Tesoros Ocultos Tour Privado Con Un Local;https://www.getyourguide.com/es-es/rio-de-janeiro-l9/lo-mejor-de-rio-y-sus-tesoros-ocultos-tour-privado-con-un-local-t1075086/
Brasil;rio-de-janeiro-l9;54620;Rio De Janeiro Entre Bastidores Del Estadio Maracana;https://www.getyourguide.com/es-es/rio-de-janeiro-l9/rio-de-janeiro-entre-bastidores-del-estadio-maracana-t54620/
Brasil;paraty-l1845;1100646;Cascada Del Saco Bravo En Paraty Rj Ruta Por La Costa Verde;https://www.getyourguide.com/es-es/paraty-l1845/cascada-del-saco-bravo-en-paraty-rj-ruta-por-la-costa-verde-t1100646/
Brasil;rio-de-janeiro-l9;1120919;Rio De Janeiro Tour En Barco Por Barra Da Tijuca Con Recogida;https://www.getyourguide.com/es-es/rio-de-janeiro-l9/rio-de-janeiro-tour-en-barco-por-barra-da-tijuca-con-recogida-t1120919/
Brasil;belem-brasil-l32400;1220306;Belem Tour De 3 Horas En Barco Por El Rio Guama Con Paradas Opcionales;https://www.getyourguide.com/es-es/belem-brasil-l32400/belem-tour-de-3-horas-en-barco-por-el-rio-guama-con-paradas-opcionales-t1220306/
Brasil;rio-de-janeiro-l9;1230909;Rio De Janeiro Paseo En Barco Con Bebidas Y Barbacoa;https://www.getyourguide.com/es-es/rio-de-janeiro-l9/rio-de-janeiro-paseo-en-barco-con-bebidas-y-barbacoa-t1230909/
Brasil;rio-de-janeiro-l9;1235643;Niteroi Vuelo De Instruccion En Parapente Con Vistas A Rio De Janeiro;https://www.getyourguide.com/es-es/rio-de-janeiro-l9/niteroi-vuelo-de-instruccion-en-parapente-con-vistas-a-rio-de-janeiro-t1235643/
Brasil;foz-de-iguazu-l497;556743;Dia Completo En Las Cataratas Del Iguazu Ambos Lados Sin Colas Desde El Hotel;https://www.getyourguide.com/es-es/foz-de-iguazu-l497/dia-completo-en-las-cataratas-del-iguazu-ambos-lados-sin-colas-desde-el-hotel-t556743/
Brasil;foz-de-iguazu-l497;595915;Cataratas De Iguazu Tour De 1 Dia Por Brasil Y Argentina;https://www.getyourguide.com/es-es/foz-de-iguazu-l497/cataratas-de-iguazu-tour-de-1-dia-por-brasil-y-argentina-t595915/
Brasil;rio-de-janeiro-l9;699055;4X4 Parque Nacional De Tijuca Rio De Janeiro;https://www.getyourguide.com/es-es/rio-de-janeiro-l9/4x4-parque-nacional-de-tijuca-rio-de-janeiro-t699055/
Brasil;florianopolis-l246;723431; Traslado En Furgoneta Privada ;https://www.getyourguide.com/es-es/florianopolis-l246/-traslado-en-furgoneta-privada--t723431/
Brasil;paraty-l1845;281342;Paraty Tour Privado En Lancha Rapida Por Las Islas Idilicas;https://www.getyourguide.com/es-es/paraty-l1845/paraty-tour-privado-en-lancha-rapida-por-las-islas-idilicas-t281342/
Brasil;rio-de-janeiro-l9;773487;Rio De Janeiro Cristo Redentor En Tren Pan De Azucar Privado;https://www.getyourguide.com/es-es/rio-de-janeiro-l9/rio-de-janeiro-cristo-redentor-en-tren-pan-de-azucar-privado-t773487/
Brasil;foz-de-iguazu-l497;837777;Tour Privado De Un Dia A Las Cataratas Del Iguazu Brasil Argentina Opcion En Barco;https://www.getyourguide.com/es-es/foz-de-iguazu-l497/tour-privado-de-un-dia-a-las-cataratas-del-iguazu-brasil-argentina-opcion-en-barco-t837777/
Brasil;balneario-camboriu-l32252;913472;Videos De Drones En Balneario Camboriu;https://www.getyourguide.com/es-es/balneario-camboriu-l32252/videos-de-drones-en-balneario-camboriu-t913472/
Brasil;rio-de-janeiro-l9;510628;Conoce Las Grutas Y Cachoeiras De Floresta Da Tijuca;https://www.getyourguide.com/es-es/rio-de-janeiro-l9/conoce-las-grutas-y-cachoeiras-de-floresta-da-tijuca-t510628/
Brasil;cabo-frio-l121720;870429;City Tour Cabo Frio;https://www.getyourguide.com/es-es/cabo-frio-l121720/city-tour-cabo-frio-t870429/
Brasil;foz-de-iguazu-l497;878157;Traslado A Cataratas Argentina;https://www.getyourguide.com/es-es/foz-de-iguazu-l497/traslado-a-cataratas-argentina-t878157/
Brasil;sao-paulo-l384;938077;Sao Paulo Visita Privada Sin Colas Al Museo De Arte Masp;https://www.getyourguide.com/es-es/sao-paulo-l384/sao-paulo-visita-privada-sin-colas-al-museo-de-arte-masp-t938077/
Brasil;manaos-l917;1235515;Tour Privado En Manaos Bosque De La Ciencia Y Teatro Amazonas;https://www.getyourguide.com/es-es/manaos-l917/tour-privado-en-manaos-bosque-de-la-ciencia-y-teatro-amazonas-t1235515/
Brasil;rio-de-janeiro-l9;1237926;Rio De Janeiro Floresta Da Tijuca Explora Un Bosque Urbano;https://www.getyourguide.com/es-es/rio-de-janeiro-l9/rio-de-janeiro-floresta-da-tijuca-explora-un-bosque-urbano-t1237926/
Brasil;florianopolis-l246;960424;Ilha Do Frances Excursion En Kayak Y Stand Up Paddle Snorkel Florianopolis;https://www.getyourguide.com/es-es/florianopolis-l246/ilha-do-frances-excursion-en-kayak-y-stand-up-paddle-snorkel-florianopolis-t960424/
Brasil;rio-de-janeiro-l9;979578;Inmersion Cultural En La Favela De Rocinha;https://www.getyourguide.com/es-es/rio-de-janeiro-l9/inmersion-cultural-en-la-favela-de-rocinha-t979578/
Brasil;rio-de-janeiro-l9;986149;Rio De Janeiro Excursion En Helicoptero De 20 Minutos Con Vuelo Al Cristo Redentor Y Traslados;https://www.getyourguide.com/es-es/rio-de-janeiro-l9/rio-de-janeiro-excursion-en-helicoptero-de-20-minutos-con-vuelo-al-cristo-redentor-y-traslados-t986149/
Brasil;rio-de-janeiro-l9;1291847;Rio Un Dia Como El Flamengo Entrada A La Sede Y Partido De Futbol En El Maracana;https://www.getyourguide.com/es-es/rio-de-janeiro-l9/rio-un-dia-como-el-flamengo-entrada-a-la-sede-y-partido-de-futbol-en-el-maracana-t1291847/
Brasil;rio-de-janeiro-l9;1065703;Amanecer En Alta Mar En Rio De Janeiro;https://www.getyourguide.com/es-es/rio-de-janeiro-l9/amanecer-en-alta-mar-en-rio-de-janeiro-t1065703/
Brasil;penedo-brasil-l246877;1069742;Paseo A Caballo Por Los Paisajes De Penedo;https://www.getyourguide.com/es-es/penedo-brasil-l246877/paseo-a-caballo-por-los-paisajes-de-penedo-t1069742/
Brasil;rio-de-janeiro-l9;1322522;Rio De Janeiro Tour A Pie Por La Favela Rocinha Con Guia Local;https://www.getyourguide.com/es-es/rio-de-janeiro-l9/rio-de-janeiro-tour-a-pie-por-la-favela-rocinha-con-guia-local-t1322522/
Brasil;sao-paulo-l384;1071030;Lo Mejor De Sao Paulo Tour Privado De 5 Horas Recogida En El Hotel;https://www.getyourguide.com/es-es/sao-paulo-l384/lo-mejor-de-sao-paulo-tour-privado-de-5-horas-recogida-en-el-hotel-t1071030/
Brasil;penedo-brasil-l246877;1071076;Utv Todoterreno En Penedo Bosque Rio Cristalino;https://www.getyourguide.com/es-es/penedo-brasil-l246877/utv-todoterreno-en-penedo-bosque-rio-cristalino-t1071076/
Brasil;manaos-l917;1076153;Manaos Tour Gastronomico Regional Con Degustacion De Platos Tipicos;https://www.getyourguide.com/es-es/manaos-l917/manaos-tour-gastronomico-regional-con-degustacion-de-platos-tipicos-t1076153/
Brasil;rio-de-janeiro-l9;1082468;Rio Caminata Por Pedra Da Gavea Con Miradores Y Paisajes Impresionantes;https://www.getyourguide.com/es-es/rio-de-janeiro-l9/rio-caminata-por-pedra-da-gavea-con-miradores-y-paisajes-impresionantes-t1082468/
Brasil;rio-de-janeiro-l9;1165455;Rio De Janeiro Tour A Pie Por La Pequena Africa Con Recogida;https://www.getyourguide.com/es-es/rio-de-janeiro-l9/rio-de-janeiro-tour-a-pie-por-la-pequena-africa-con-recogida-t1165455/
Brasil;rio-de-janeiro-l9;389515;Desde Rio De Janeiro Excursion De Un Dia A Niteroi;https://www.getyourguide.com/es-es/rio-de-janeiro-l9/desde-rio-de-janeiro-excursion-de-un-dia-a-niteroi-t389515/
Brasil;sao-paulo-l384;429309;Sao Paulo Visita Guiada Privada Clasica De Medio Dia;https://www.getyourguide.com/es-es/sao-paulo-l384/sao-paulo-visita-guiada-privada-clasica-de-medio-dia-t429309/
Brasil;rio-de-janeiro-l9;1247850;;https://www.getyourguide.com/es-es/rio-de-janeiro-l9/-t1247850/
Brasil;sao-paulo-l384;1260859;;https://www.getyourguide.com/es-es/sao-paulo-l384/-t1260859/
Brasil;rio-de-janeiro-l9;522589;Entrada Para El Partido De Futbol En El Estadio Con Transporte Con Suplemento;https://www.getyourguide.com/es-es/rio-de-janeiro-l9/entrada-para-el-partido-de-futbol-en-el-estadio-con-transporte-con-suplemento-t522589/
Brasil;florianopolis-l246;705737;Lagoinha Leste Ruta Secreta Y Vistas Epicas Con Un Experto Local;https://www.getyourguide.com/es-es/florianopolis-l246/lagoinha-leste-ruta-secreta-y-vistas-epicas-con-un-experto-local-t705737/
Brasil;porto-seguro-l126793;879004;Descubre Trancoso Explora Las Playas La Historia Y La Cultura Local;https://www.getyourguide.com/es-es/porto-seguro-l126793/descubre-trancoso-explora-las-playas-la-historia-y-la-cultura-local-t879004/
Brasil;paraty-l1845;420761;Desde Paraty Traslado Compartido De Ida A Angra Dos Reis;https://www.getyourguide.com/es-es/paraty-l1845/desde-paraty-traslado-compartido-de-ida-a-angra-dos-reis-t420761/
Brasil;rio-de-janeiro-l9;736736;Rio De Janeiro Tour Nocturno De Samba En Privado Con Lugarenos En Lapa;https://www.getyourguide.com/es-es/rio-de-janeiro-l9/rio-de-janeiro-tour-nocturno-de-samba-en-privado-con-lugarenos-en-lapa-t736736/
Brasil;sao-paulo-l384;767789;Tour De La Ciudad De Sao Paulo En Seis Horas;https://www.getyourguide.com/es-es/sao-paulo-l384/tour-de-la-ciudad-de-sao-paulo-en-seis-horas-t767789/
Brasil;rio-de-janeiro-l9;1233018;Rio De Janeiro Floresta Da Tijuca Con Sesion De Fotos En Las Cascadas;https://www.getyourguide.com/es-es/rio-de-janeiro-l9/rio-de-janeiro-floresta-da-tijuca-con-sesion-de-fotos-en-las-cascadas-t1233018/
Brasil;manaos-l917;864749;Experiencia Amazonica Cultura Indigena Y Fenomeno De La Naturaleza;https://www.getyourguide.com/es-es/manaos-l917/experiencia-amazonica-cultura-indigena-y-fenomeno-de-la-naturaleza-t864749/
Brasil;rio-de-janeiro-l9;1046604;Tour Gastronomico De Comida Callejera Afrobrasilena En Rio;https://www.getyourguide.com/es-es/rio-de-janeiro-l9/tour-gastronomico-de-comida-callejera-afrobrasilena-en-rio-t1046604/
Brasil;pirenopolis-l248251;1055146;Entrada Traslado A La Cascada En Pirenopolis;https://www.getyourguide.com/es-es/pirenopolis-l248251/entrada-traslado-a-la-cascada-en-pirenopolis-t1055146/
Brasil;paraty-l1845;24761;Visita A Pie De La Ciudad De Paraty Opciones De Guia Bilingue;https://www.getyourguide.com/es-es/paraty-l1845/visita-a-pie-de-la-ciudad-de-paraty-opciones-de-guia-bilingue-t24761/
Brasil;rio-de-janeiro-l9;1065403;Rio De Janeiro Corcovado Y Pan De Azucar Con Almuerzo Barbacoa;https://www.getyourguide.com/es-es/rio-de-janeiro-l9/rio-de-janeiro-corcovado-y-pan-de-azucar-con-almuerzo-barbacoa-t1065403/
Brasil;natal-l2112;1099085;Experiencia Nocturna En Pipa Bares Restaurantes Y Lugares Culturales;https://www.getyourguide.com/es-es/natal-l2112/experiencia-nocturna-en-pipa-bares-restaurantes-y-lugares-culturales-t1099085/
Brasil;paraty-l1845;1101585;Playa De Sao Goncalo Tour A Las Islas Pelado Y Cedro;https://www.getyourguide.com/es-es/paraty-l1845/playa-de-sao-goncalo-tour-a-las-islas-pelado-y-cedro-t1101585/
Brasil;fortaleza-l1863;226735;Fortaleza Traslado Al Aeropuerto En Privado Desdehacia Los Hoteles De La Ciudad;https://www.getyourguide.com/es-es/fortaleza-l1863/fortaleza-traslado-al-aeropuerto-en-privado-desdehacia-los-hoteles-de-la-ciudad-t226735/
Brasil;rio-de-janeiro-l9;1127759;Rio De Janeiro Tour Por El Valle Del Cafe Con Degustacion;https://www.getyourguide.com/es-es/rio-de-janeiro-l9/rio-de-janeiro-tour-por-el-valle-del-cafe-con-degustacion-t1127759/
Brasil;rio-de-janeiro-l9;386090;Rio De Janeiro Visita Guiada Al Jardin Botanico Y La Floresta De Tijuca;https://www.getyourguide.com/es-es/rio-de-janeiro-l9/rio-de-janeiro-visita-guiada-al-jardin-botanico-y-la-floresta-de-tijuca-t386090/
Brasil;rio-de-janeiro-l9;472845;Rio De Janeiro Leccion De Iniciacion A La Escalada;https://www.getyourguide.com/es-es/rio-de-janeiro-l9/rio-de-janeiro-leccion-de-iniciacion-a-la-escalada-t472845/
Brasil;rio-de-janeiro-l9;533174;Lo Mas Destacado De Rio Cristo Pan De Azucar Mas En Un Tour Privado;https://www.getyourguide.com/es-es/rio-de-janeiro-l9/lo-mas-destacado-de-rio-cristo-pan-de-azucar-mas-en-un-tour-privado-t533174/
Brasil;rio-de-janeiro-l9;1329314;Rio Explora El Patrimonio Africano En La Zona Portuaria De Rio;https://www.getyourguide.com/es-es/rio-de-janeiro-l9/rio-explora-el-patrimonio-africano-en-la-zona-portuaria-de-rio-t1329314/
Brasil;fortaleza-l1863;675254;Explorando Jericoacoara Dia Completo;https://www.getyourguide.com/es-es/fortaleza-l1863/explorando-jericoacoara-dia-completo-t675254/
Brasil;belo-horizonte-l32265;714727;Partido Del Atletico Mineiro En El Arena Mrv Con Aficionados Locales;https://www.getyourguide.com/es-es/belo-horizonte-l32265/partido-del-atletico-mineiro-en-el-arena-mrv-con-aficionados-locales-t714727/
Brasil;sao-paulo-l384;161868;Sao Paulo Excursion De Un Dia Por Las Playas;https://www.getyourguide.com/es-es/sao-paulo-l384/sao-paulo-excursion-de-un-dia-por-las-playas-t161868/
Brasil;rio-de-janeiro-l9;923981;Rio De Janeiro Tour Privado Y Tickets De Entrada Al Cristo Redentor;https://www.getyourguide.com/es-es/rio-de-janeiro-l9/rio-de-janeiro-tour-privado-y-tickets-de-entrada-al-cristo-redentor-t923981/
Brasil;paranagua-l265980;1021848;Ilha Do Mel Desde Curitiba Naturaleza E Historia En La Reserva Ecologica;https://www.getyourguide.com/es-es/paranagua-l265980/ilha-do-mel-desde-curitiba-naturaleza-e-historia-en-la-reserva-ecologica-t1021848/
Brasil;rio-de-janeiro-l9;638996;Traslado Compartido De Rio De Janeiro A Cabo Frio;https://www.getyourguide.com/es-es/rio-de-janeiro-l9/traslado-compartido-de-rio-de-janeiro-a-cabo-frio-t638996/
Brasil;rio-de-janeiro-l9;686938;Tour En Barco Por Rio De Janeiro;https://www.getyourguide.com/es-es/rio-de-janeiro-l9/tour-en-barco-por-rio-de-janeiro-t686938/
Brasil;rio-de-janeiro-l9;749830;Bosque De La Tijuca Aventura Semiprivada Por La Selva;https://www.getyourguide.com/es-es/rio-de-janeiro-l9/bosque-de-la-tijuca-aventura-semiprivada-por-la-selva-t749830/
Brasil;foz-de-iguazu-l497;868540;Tour Privado De 1 Dia Cataratas Del Iguazu Lados Brasileno Y Argentino;https://www.getyourguide.com/es-es/foz-de-iguazu-l497/tour-privado-de-1-dia-cataratas-del-iguazu-lados-brasileno-y-argentino-t868540/
Brasil;villa-do-abraao-l176580;1242244;Romance En Alta Mar Con Lancha Privada En Angra;https://www.getyourguide.com/es-es/villa-do-abraao-l176580/romance-en-alta-mar-con-lancha-privada-en-angra-t1242244/
Brasil;foz-de-iguazu-l497;1289165;Foz Do Iguacu De Noche Hito De Las Tres Fronteras Noria Y Baruc Lounge Bar;https://www.getyourguide.com/es-es/foz-de-iguazu-l497/foz-do-iguacu-de-noche-hito-de-las-tres-fronteras-noria-y-baruc-lounge-bar-t1289165/
Brasil;florianopolis-l246;1062118;Florianopolis Vuelo En Parapente En Tandem;https://www.getyourguide.com/es-es/florianopolis-l246/florianopolis-vuelo-en-parapente-en-tandem-t1062118/
Brasil;maceio-l2064;1187183;Maceio Disfruta De La Playa De Ipioca;https://www.getyourguide.com/es-es/maceio-l2064/maceio-disfruta-de-la-playa-de-ipioca-t1187183/
Brasil;rio-de-janeiro-l9;1237947;Rio De Janeiro Tour Guiado Por El Parque Nacional De La Tijuca Con Traslado;https://www.getyourguide.com/es-es/rio-de-janeiro-l9/rio-de-janeiro-tour-guiado-por-el-parque-nacional-de-la-tijuca-con-traslado-t1237947/
Brasil;foz-de-iguazu-l497;1318628;Foz Do Iguacu Ticket De Entrada Al Museo De Cera;https://www.getyourguide.com/es-es/foz-de-iguazu-l497/foz-do-iguacu-ticket-de-entrada-al-museo-de-cera-t1318628/
Brasil;paraty-l1845;24760;Excursion De Dia Completo En Jeep Por La Selva La Cascada Y La Destileria De Cachaca;https://www.getyourguide.com/es-es/paraty-l1845/excursion-de-dia-completo-en-jeep-por-la-selva-la-cascada-y-la-destileria-de-cachaca-t24760/
Brasil;petropolis-l1831;662007;Petropolis Con Estilo Visita Privada De Un Dia A La Ciudad Real;https://www.getyourguide.com/es-es/petropolis-l1831/petropolis-con-estilo-visita-privada-de-un-dia-a-la-ciudad-real-t662007/
Brasil;rio-de-janeiro-l9;674723;Rio De Janeiro El Mejor Tour De Comida Callejera Con Un Guia Local;https://www.getyourguide.com/es-es/rio-de-janeiro-l9/rio-de-janeiro-el-mejor-tour-de-comida-callejera-con-un-guia-local-t674723/
Brasil;manaos-l917;815984;Manaos Piraguismo Delfines De Rio Tribus Indigenas Y Comida;https://www.getyourguide.com/es-es/manaos-l917/manaos-piraguismo-delfines-de-rio-tribus-indigenas-y-comida-t815984/
Brasil;porto-seguro-l126793;821724;Porto Seguro Tour Privado De La Ciudad Playa De Caraiva;https://www.getyourguide.com/es-es/porto-seguro-l126793/porto-seguro-tour-privado-de-la-ciudad-playa-de-caraiva-t821724/
Brasil;rio-de-janeiro-l9;848697;Rio De Janeiro Jardin Botanico Tour Privado Premium;https://www.getyourguide.com/es-es/rio-de-janeiro-l9/rio-de-janeiro-jardin-botanico-tour-privado-premium-t848697/
Brasil;rio-de-janeiro-l9;878276;Tour Guiado A Pedra Do Telegrafo Vistas Iconicas Y Aventura;https://www.getyourguide.com/es-es/rio-de-janeiro-l9/tour-guiado-a-pedra-do-telegrafo-vistas-iconicas-y-aventura-t878276/
Brasil;recife-l1836;533216;Instituto Ricardo Brennand Con Traslados Desde Recife;https://www.getyourguide.com/es-es/recife-l1836/instituto-ricardo-brennand-con-traslados-desde-recife-t533216/
Brasil;rio-de-janeiro-l9;537944;Rio De Janeiro Surflessons Y Surfcoach;https://www.getyourguide.com/es-es/rio-de-janeiro-l9/rio-de-janeiro-surflessons-y-surfcoach-t537944/
Brasil;jericoacoara-l105737;930591;Jericoacoara Tour Privado Por Las Dunas Y Lagunas Magicas De La Costa Este;https://www.getyourguide.com/es-es/jericoacoara-l105737/jericoacoara-tour-privado-por-las-dunas-y-lagunas-magicas-de-la-costa-este-t930591/
Brasil;salvador-brasil-l1430;626443;Salvador Clase De Cocina Con Bebidas Alcoholicas Y Visita Al Mercado;https://www.getyourguide.com/es-es/salvador-brasil-l1430/salvador-clase-de-cocina-con-bebidas-alcoholicas-y-visita-al-mercado-t626443/
Brasil;fortaleza-l1863;676412;Cumbuco En 1 Dia Excursion Inolvidable;https://www.getyourguide.com/es-es/fortaleza-l1863/cumbuco-en-1-dia-excursion-inolvidable-t676412/
Brasil;rio-de-janeiro-l9;679517;Rio De Janeiro Tour Arraial Do Cabo Com Transporte E Almoco;https://www.getyourguide.com/es-es/rio-de-janeiro-l9/rio-de-janeiro-tour-arraial-do-cabo-com-transporte-e-almoco-t679517/
Brasil;rio-de-janeiro-l9;1035913;Tour Privado Por El Maracana Museo Vestuarios Y Cesped Sagrado;https://www.getyourguide.com/es-es/rio-de-janeiro-l9/tour-privado-por-el-maracana-museo-vestuarios-y-cesped-sagrado-t1035913/
Brasil;salvador-brasil-l1430;1057515;Experiencia De Surf En Salvador;https://www.getyourguide.com/es-es/salvador-brasil-l1430/experiencia-de-surf-en-salvador-t1057515/
Brasil;rio-de-janeiro-l9;1111908;Ruta Al Morro Dois Irmaos Con Desayuno;https://www.getyourguide.com/es-es/rio-de-janeiro-l9/ruta-al-morro-dois-irmaos-con-desayuno-t1111908/
Brasil;rio-de-janeiro-l9;1135030;Rio De Janeiro Con Cristo Redentor 4 Dias 3 Noches En Copacabana;https://www.getyourguide.com/es-es/rio-de-janeiro-l9/rio-de-janeiro-con-cristo-redentor-4-dias-3-noches-en-copacabana-t1135030/
Brasil;rio-de-janeiro-l9;852644;Sendero Morro Dois Irmaos Ipanema Lagoa Y Pedra Da Gavea;https://www.getyourguide.com/es-es/rio-de-janeiro-l9/sendero-morro-dois-irmaos-ipanema-lagoa-y-pedra-da-gavea-t852644/
Brasil;sao-paulo-l384;1183176;Sao Paulo Tour Creativo Por El Mercado Con Un Guia Local;https://www.getyourguide.com/es-es/sao-paulo-l384/sao-paulo-tour-creativo-por-el-mercado-con-un-guia-local-t1183176/
Brasil;rio-de-janeiro-l9;1193998;Rio De Janeiro Tour Por El Puerto Historico De Rio Con Almuerzo Local;https://www.getyourguide.com/es-es/rio-de-janeiro-l9/rio-de-janeiro-tour-por-el-puerto-historico-de-rio-con-almuerzo-local-t1193998/
Brasil;natal-l2112;1013341;Rio Del Fuegorn Excursion En Lancha A Los Parrachos De Rio Del Fuego;https://www.getyourguide.com/es-es/natal-l2112/rio-del-fuegorn-excursion-en-lancha-a-los-parrachos-de-rio-del-fuego-t1013341/
Brasil;porto-alegre-l32362;1017245;Porto Alegre City Tour De Dia Completo;https://www.getyourguide.com/es-es/porto-alegre-l32362/porto-alegre-city-tour-de-dia-completo-t1017245/
Brasil;angra-dos-reis-l88183;1038086;Angra Dos Reis Descubre El Buceo;https://www.getyourguide.com/es-es/angra-dos-reis-l88183/angra-dos-reis-descubre-el-buceo-t1038086/
Brasil;penedo-brasil-l246877;1069739;Paseo A Caballo Por Penedo A Lo Largo De Senderos Ocultos En El Bosque;https://www.getyourguide.com/es-es/penedo-brasil-l246877/paseo-a-caballo-por-penedo-a-lo-largo-de-senderos-ocultos-en-el-bosque-t1069739/
Brasil;rio-de-janeiro-l9;1086319;Cuevas Y Cascadas Del Bosque De La Tijuca Con Alan Denis;https://www.getyourguide.com/es-es/rio-de-janeiro-l9/cuevas-y-cascadas-del-bosque-de-la-tijuca-con-alan-denis-t1086319/
Brasil;natal-l2112;1111148;Natal Tour En Buggy Por La Costa Norte Con Puesta De Sol;https://www.getyourguide.com/es-es/natal-l2112/natal-tour-en-buggy-por-la-costa-norte-con-puesta-de-sol-t1111148/
Brasil;sao-paulo-l384;74600;Sao Paulo Tour Privado A Pie Con Un Guia Local;https://www.getyourguide.com/es-es/sao-paulo-l384/sao-paulo-tour-privado-a-pie-con-un-guia-local-t74600/
Brasil;manaos-l917;82707;Tour Por La Selva Amazonica Y Observacion Nocturna De Caimanes Desde Manaos;https://www.getyourguide.com/es-es/manaos-l917/tour-por-la-selva-amazonica-y-observacion-nocturna-de-caimanes-desde-manaos-t82707/
Brasil;rio-de-janeiro-l9;1139904;Rio De Janeiro Clase De Escalada En Roca Al Aire Libre En Urca;https://www.getyourguide.com/es-es/rio-de-janeiro-l9/rio-de-janeiro-clase-de-escalada-en-roca-al-aire-libre-en-urca-t1139904/
Brasil;niteroi-l34109;1154909;Niteroi Experiencia De Escalada En Itacoatiara;https://www.getyourguide.com/es-es/niteroi-l34109/niteroi-experiencia-de-escalada-en-itacoatiara-t1154909/
Brasil;rio-de-janeiro-l9;1181794;Favela Tour Experiencia Cultural En Rocinha;https://www.getyourguide.com/es-es/rio-de-janeiro-l9/favela-tour-experiencia-cultural-en-rocinha-t1181794/
Brasil;salvador-brasil-l1430;1308224;Ilha Dos Frades Paseo En Barco Con Musica En Vivo;https://www.getyourguide.com/es-es/salvador-brasil-l1430/ilha-dos-frades-paseo-en-barco-con-musica-en-vivo-t1308224/
Brasil;florianopolis-l246;619479;Floripa Tour Gastronomico Autentico Con Guia Local;https://www.getyourguide.com/es-es/florianopolis-l246/floripa-tour-gastronomico-autentico-con-guia-local-t619479/
Brasil;buzios-l1832;82056;Paseo En Barco Goleta En Buzios;https://www.getyourguide.com/es-es/buzios-l1832/paseo-en-barco-goleta-en-buzios-t82056/
Brasil;rio-de-janeiro-l9;86618;Tour En Barco Por Buzios Dia Completo;https://www.getyourguide.com/es-es/rio-de-janeiro-l9/tour-en-barco-por-buzios-dia-completo-t86618/
Brasil;rio-de-janeiro-l9;96597;Tour En Barco Rapido Por Angra Dos Reis E Ilha Grande;https://www.getyourguide.com/es-es/rio-de-janeiro-l9/tour-en-barco-rapido-por-angra-dos-reis-e-ilha-grande-t96597/
Brasil;fortaleza-l1863;98259;Desde Fortaleza Traslado De Ida A Cumbuco;https://www.getyourguide.com/es-es/fortaleza-l1863/desde-fortaleza-traslado-de-ida-a-cumbuco-t98259/
Brasil;rio-de-janeiro-l9;142887;Rio De Janeiro Excursion De 2 Horas En Barco Con Parasailing;https://www.getyourguide.com/es-es/rio-de-janeiro-l9/rio-de-janeiro-excursion-de-2-horas-en-barco-con-parasailing-t142887/
Brasil;salvador-brasil-l1430;160283;Traslado En Coche Privado Del Aeropuerto De Salvador Al Hotel De La Ciudad De Salvador;https://www.getyourguide.com/es-es/salvador-brasil-l1430/traslado-en-coche-privado-del-aeropuerto-de-salvador-al-hotel-de-la-ciudad-de-salvador-t160283/
Brasil;florianopolis-l246;720683;Florianopolis Centro Historico Playa Y Recorrido Por La Naturaleza;https://www.getyourguide.com/es-es/florianopolis-l246/florianopolis-centro-historico-playa-y-recorrido-por-la-naturaleza-t720683/
Brasil;florianopolis-l246;722699;Traslado De Entrada O Salida Del Aeropuerto De Floripa A Camboriu;https://www.getyourguide.com/es-es/florianopolis-l246/traslado-de-entrada-o-salida-del-aeropuerto-de-floripa-a-camboriu-t722699/
Brasil;rio-de-janeiro-l9;388272;Rio De Janeiro 6 Paradas Para Ver Lo Mas Destacado De Rio Con Almuerzo;https://www.getyourguide.com/es-es/rio-de-janeiro-l9/rio-de-janeiro-6-paradas-para-ver-lo-mas-destacado-de-rio-con-almuerzo-t388272/
Brasil;arraial-del-cabo-l95354;756574;Visita Guiada A Arraial Con Almuerzo Salida Desde Arraial;https://www.getyourguide.com/es-es/arraial-del-cabo-l95354/visita-guiada-a-arraial-con-almuerzo-salida-desde-arraial-t756574/
Brasil;arraial-del-cabo-l95354;869161;Arraial Do Cabo Brazilian Caribbean Guided Tour From Rio;https://www.getyourguide.com/es-es/arraial-del-cabo-l95354/arraial-do-cabo-brazilian-caribbean-guided-tour-from-rio-t869161/
Brasil;rio-de-janeiro-l9;1086356;Tour De Secretos Ecologicos Con Alan Denis;https://www.getyourguide.com/es-es/rio-de-janeiro-l9/tour-de-secretos-ecologicos-con-alan-denis-t1086356/
Brasil;rio-de-janeiro-l9;1272778;Rio De Janeiro Parapente En Rio Vuela Sobre La Ciudad Maravillosa;https://www.getyourguide.com/es-es/rio-de-janeiro-l9/rio-de-janeiro-parapente-en-rio-vuela-sobre-la-ciudad-maravillosa-t1272778/
Brasil;rio-de-janeiro-l9;1313401;Pedra Do Pontal Pedra Da Macumba Caminata A La Playa Do Secreto;https://www.getyourguide.com/es-es/rio-de-janeiro-l9/pedra-do-pontal-pedra-da-macumba-caminata-a-la-playa-do-secreto-t1313401/
Brasil;rio-de-janeiro-l9;1088811;Rio Tour Guiado Al Maracana Y Futbol Playa;https://www.getyourguide.com/es-es/rio-de-janeiro-l9/rio-tour-guiado-al-maracana-y-futbol-playa-t1088811/
Brasil;rio-de-janeiro-l9;1116512;Arpoador E Ipanema Sesion Editorial En Rio De Janeiro Un Coco De Regalo;https://www.getyourguide.com/es-es/rio-de-janeiro-l9/arpoador-e-ipanema-sesion-editorial-en-rio-de-janeiro-un-coco-de-regalo-t1116512/
Brasil;bento-goncalves-l117160;1190561;Garibaldi Y Una Inmersion Experiencia De Copas Trufas Y Recuerdos;https://www.getyourguide.com/es-es/bento-goncalves-l117160/garibaldi-y-una-inmersion-experiencia-de-copas-trufas-y-recuerdos-t1190561/
Brasil;flores-da-cunha-l154785;1193930;Ciudad De Flores Da Cunha Experiencia Armonizada En Una Bodega;https://www.getyourguide.com/es-es/flores-da-cunha-l154785/ciudad-de-flores-da-cunha-experiencia-armonizada-en-una-bodega-t1193930/
Brasil;flores-da-cunha-l154785;1196489;Flores Da Cunha Altos Montes Una Inmersion En Vinos Y Maridajes;https://www.getyourguide.com/es-es/flores-da-cunha-l154785/flores-da-cunha-altos-montes-una-inmersion-en-vinos-y-maridajes-t1196489/
Brasil;sao-paulo-l384;433263;Sao Paulo Visita Panoramica En Helicoptero;https://www.getyourguide.com/es-es/sao-paulo-l384/sao-paulo-visita-panoramica-en-helicoptero-t433263/
Brasil;natal-l2112;27483;Desde Natal Pipa Cacimbinhas Y La Playa Del Amor Tour De Dia Completo;https://www.getyourguide.com/es-es/natal-l2112/desde-natal-pipa-cacimbinhas-y-la-playa-del-amor-tour-de-dia-completo-t27483/
Brasil;foz-de-iguazu-l497;641265;Foz Do Iguacu Vuelo En Helicoptero Sobre Las Cataratas De Iguazu;https://www.getyourguide.com/es-es/foz-de-iguazu-l497/foz-do-iguacu-vuelo-en-helicoptero-sobre-las-cataratas-de-iguazu-t641265/
Brasil;sao-paulo-l384;669016;Sao Paulo Recorrido De Lo Mas Destacado Con Historia Y Curiosidades;https://www.getyourguide.com/es-es/sao-paulo-l384/sao-paulo-recorrido-de-lo-mas-destacado-con-historia-y-curiosidades-t669016/
Brasil;buzios-l1832;694977;Rio De Janeiro Transfer Privado De 8 A 10 Passageiros;https://www.getyourguide.com/es-es/buzios-l1832/rio-de-janeiro-transfer-privado-de-8-a-10-passageiros-t694977/
Brasil;rio-de-janeiro-l9;702254;Lo Mejor De Rio En Un Dia Favelas Cristo Pan De Azucar Selaron;https://www.getyourguide.com/es-es/rio-de-janeiro-l9/lo-mejor-de-rio-en-un-dia-favelas-cristo-pan-de-azucar-selaron-t702254/
Brasil;rio-de-janeiro-l9;409966;Rio Tour A Pie Por La Favela Rocinha Con Un Guia Local;https://www.getyourguide.com/es-es/rio-de-janeiro-l9/rio-tour-a-pie-por-la-favela-rocinha-con-un-guia-local-t409966/
Brasil;rio-de-janeiro-l9;800120;Rio De Janeiro Excursion Por Las Favelas Con Traslados Al Hotel;https://www.getyourguide.com/es-es/rio-de-janeiro-l9/rio-de-janeiro-excursion-por-las-favelas-con-traslados-al-hotel-t800120/
Brasil;foz-de-iguazu-l497;826498;Foz De Iguazu Expedicion Guiada En Canoa Y Cataratas;https://www.getyourguide.com/es-es/foz-de-iguazu-l497/foz-de-iguazu-expedicion-guiada-en-canoa-y-cataratas-t826498/
Brasil;rio-de-janeiro-l9;941362;Rio De Janeiro Tour Privado En Lancha Rapida Con Aperitivos Y Bebidas;https://www.getyourguide.com/es-es/rio-de-janeiro-l9/rio-de-janeiro-tour-privado-en-lancha-rapida-con-aperitivos-y-bebidas-t941362/
Brasil;parnaiba-l194334;1003209;Parnaiba Ruta Lagoa Do Portinho Praia Da Carnaubinha;https://www.getyourguide.com/es-es/parnaiba-l194334/parnaiba-ruta-lagoa-do-portinho-praia-da-carnaubinha-t1003209/
Brasil;foz-de-iguazu-l497;1127897;Foz Do Iguacu Cataratas Del Iguazu En Brasil Y Visita A Puerto Iguazu;https://www.getyourguide.com/es-es/foz-de-iguazu-l497/foz-do-iguacu-cataratas-del-iguazu-en-brasil-y-visita-a-puerto-iguazu-t1127897/
Brasil;rio-de-janeiro-l9;1149986;Rio De Janeiro Excursion En Vehiculo Blindado Cristo Pan De Azucar;https://www.getyourguide.com/es-es/rio-de-janeiro-l9/rio-de-janeiro-excursion-en-vehiculo-blindado-cristo-pan-de-azucar-t1149986/
Brasil;rio-de-janeiro-l9;1164630;Rio De Janeiro Tour A Pie Por Little Africa Y El Casco Antiguo;https://www.getyourguide.com/es-es/rio-de-janeiro-l9/rio-de-janeiro-tour-a-pie-por-little-africa-y-el-casco-antiguo-t1164630/
Brasil;paraty-l1845;1288059;Recorrido En Todoterreno Por Paraty Cascadas Y Alambiques;https://www.getyourguide.com/es-es/paraty-l1845/recorrido-en-todoterreno-por-paraty-cascadas-y-alambiques-t1288059/
Brasil;parati-mirim-l214877;1089584;Tour Por El Pico Do Pao De Acucar La Bahia De Mamangua Y Paraty Mirim;https://www.getyourguide.com/es-es/parati-mirim-l214877/tour-por-el-pico-do-pao-de-acucar-la-bahia-de-mamangua-y-paraty-mirim-t1089584/
Brasil;maceio-l2064;1096377;Dunas De Marape Excursion De 1 Dia Al Rio Jequia Y Al Oceano;https://www.getyourguide.com/es-es/maceio-l2064/dunas-de-marape-excursion-de-1-dia-al-rio-jequia-y-al-oceano-t1096377/
Brasil;sao-vicente-l127333;535540;Excursion Privada A Santos Experiencia Urbana De Dia Completo;https://www.getyourguide.com/es-es/sao-vicente-l127333/excursion-privada-a-santos-experiencia-urbana-de-dia-completo-t535540/
Brasil;lencois-l32549;1320620;Encantos Da Chapada Poco Encantado Y Poco Azul;https://www.getyourguide.com/es-es/lencois-l32549/encantos-da-chapada-poco-encantado-y-poco-azul-t1320620/
Brasil;paraty-l1845;82206;Paraty Excursion En Jeep Por La Selva Cascada Y Destileria De Cachaca;https://www.getyourguide.com/es-es/paraty-l1845/paraty-excursion-en-jeep-por-la-selva-cascada-y-destileria-de-cachaca-t82206/
Brasil;rio-de-janeiro-l9;228676;Rio De Janeiro Vuelo En Ala Delta En Tandem;https://www.getyourguide.com/es-es/rio-de-janeiro-l9/rio-de-janeiro-vuelo-en-ala-delta-en-tandem-t228676/
Brasil;paraty-l1845;414575;Bahia De Paraty Excursion De Medio Dia Por Los Manglares Y Las Playas En Kayak;https://www.getyourguide.com/es-es/paraty-l1845/bahia-de-paraty-excursion-de-medio-dia-por-los-manglares-y-las-playas-en-kayak-t414575/
Brasil;rio-de-janeiro-l9;525506;Gira Cultural Africana Samba Y Resistencia;https://www.getyourguide.com/es-es/rio-de-janeiro-l9/gira-cultural-africana-samba-y-resistencia-t525506/
Brasil;rio-de-janeiro-l9;889682;Rio De Janeiro Visita De 2 Horas A La Favela Rocinha Con Un Guia Local;https://www.getyourguide.com/es-es/rio-de-janeiro-l9/rio-de-janeiro-visita-de-2-horas-a-la-favela-rocinha-con-un-guia-local-t889682/
Brasil;florianopolis-l246;655020;Traslado Privado De Florianopolis A Canasvieiras;https://www.getyourguide.com/es-es/florianopolis-l246/traslado-privado-de-florianopolis-a-canasvieiras-t655020/
Brasil;rio-de-janeiro-l9;1037170;Rio De Janeiro Tour Cristo Redentor Y Pan De Azucar;https://www.getyourguide.com/es-es/rio-de-janeiro-l9/rio-de-janeiro-tour-cristo-redentor-y-pan-de-azucar-t1037170/
Brasil;natal-l2112;1111146;Costa Norte De Natal Tour En Buggy Con Vistas Al Atardecer;https://www.getyourguide.com/es-es/natal-l2112/costa-norte-de-natal-tour-en-buggy-con-vistas-al-atardecer-t1111146/
Brasil;rio-de-janeiro-l9;1127038;Rio De Janeiro Arquitectura Moderna Con Guia;https://www.getyourguide.com/es-es/rio-de-janeiro-l9/rio-de-janeiro-arquitectura-moderna-con-guia-t1127038/
Brasil;rio-de-janeiro-l9;835757;Surf De Remo Al Amanecer En Rio O Durante El Dia;https://www.getyourguide.com/es-es/rio-de-janeiro-l9/surf-de-remo-al-amanecer-en-rio-o-durante-el-dia-t835757/
Brasil;jose-goncalves-l213392;846505;Explora El Sendero De Emerencias Y Jose Goncalves En Buzios;https://www.getyourguide.com/es-es/jose-goncalves-l213392/explora-el-sendero-de-emerencias-y-jose-goncalves-en-buzios-t846505/
Brasil;rio-de-janeiro-l9;870449;Rio De Janeiro City Tour Con Almuerzo Buffet;https://www.getyourguide.com/es-es/rio-de-janeiro-l9/rio-de-janeiro-city-tour-con-almuerzo-buffet-t870449/
Brasil;foz-de-iguazu-l497;1181689;Cataratas En Bici Tour Guiado En Bici A Las Cataratas Brasilenas;https://www.getyourguide.com/es-es/foz-de-iguazu-l497/cataratas-en-bici-tour-guiado-en-bici-a-las-cataratas-brasilenas-t1181689/
Brasil;foz-de-iguazu-l497;1200994;Foz De Iguazu Experiencia De Paracaidismo En Tandem Con Recogida;https://www.getyourguide.com/es-es/foz-de-iguazu-l497/foz-de-iguazu-experiencia-de-paracaidismo-en-tandem-con-recogida-t1200994/
Brasil;rio-de-janeiro-l9;958794;Rio De Janeiro Salto Doble En Paracaidas Con Vistas Impresionantes De La Ciudad;https://www.getyourguide.com/es-es/rio-de-janeiro-l9/rio-de-janeiro-salto-doble-en-paracaidas-con-vistas-impresionantes-de-la-ciudad-t958794/
Brasil;sao-roque-sao-paulo-l214835;968463;Sao Roque Tour Privado Del Vino Con Desayuno Y Almuerzo;https://www.getyourguide.com/es-es/sao-roque-sao-paulo-l214835/sao-roque-tour-privado-del-vino-con-desayuno-y-almuerzo-t968463/
Brasil;rio-de-janeiro-l9;1035914;Rio De Janeiro Tour Guiado Privado Por El Estadio De Maracana;https://www.getyourguide.com/es-es/rio-de-janeiro-l9/rio-de-janeiro-tour-guiado-privado-por-el-estadio-de-maracana-t1035914/
Brasil;barreirinhas-l105727;1041919;Barreirinhas Excursion A La Laguna Bonita Con Parada En Las Dunas Doradas;https://www.getyourguide.com/es-es/barreirinhas-l105727/barreirinhas-excursion-a-la-laguna-bonita-con-parada-en-las-dunas-doradas-t1041919/
Brasil;sao-paulo-l384;1071121;San Pablo Tour En Autobus Premium Por La Ciudad Con Cena Y Opcion Vegetariana;https://www.getyourguide.com/es-es/sao-paulo-l384/san-pablo-tour-en-autobus-premium-por-la-ciudad-con-cena-y-opcion-vegetariana-t1071121/
Brasil;rio-de-janeiro-l9;1084134;Rio De Janeiro Estadio Del Flamengo Y Tour De La Ciudad;https://www.getyourguide.com/es-es/rio-de-janeiro-l9/rio-de-janeiro-estadio-del-flamengo-y-tour-de-la-ciudad-t1084134/
Brasil;parnaiba-l194334;1100904;Tour Al Amanecer Por El Delta Con Desayuno Y Vida Silvestre;https://www.getyourguide.com/es-es/parnaiba-l194334/tour-al-amanecer-por-el-delta-con-desayuno-y-vida-silvestre-t1100904/
Brasil;sao-sebastiao-l156225;1300034;Avistamiento De Ballenas Jorobadas En La Costa Norte De Sao Paulo;https://www.getyourguide.com/es-es/sao-sebastiao-l156225/avistamiento-de-ballenas-jorobadas-en-la-costa-norte-de-sao-paulo-t1300034/
Brasil;rio-de-janeiro-l9;1165507;Rio De Janeiro Tour Por El Bosque De La Tijuca Con Traslado;https://www.getyourguide.com/es-es/rio-de-janeiro-l9/rio-de-janeiro-tour-por-el-bosque-de-la-tijuca-con-traslado-t1165507/
Brasil;rio-de-janeiro-l9;1180048;Tour De Aventura Por La Ciudad De Rio De Janeiro;https://www.getyourguide.com/es-es/rio-de-janeiro-l9/tour-de-aventura-por-la-ciudad-de-rio-de-janeiro-t1180048/
Brasil;rio-de-janeiro-l9;348706;Rio De Janeiro Excursion De Aventura Al Pan De Azucar;https://www.getyourguide.com/es-es/rio-de-janeiro-l9/rio-de-janeiro-excursion-de-aventura-al-pan-de-azucar-t348706/
Brasil;florianopolis-l246;1214469;Tour Guiado A Fortaleza De Sao Jose Da Ponta Grossa E Praia Do Forte;https://www.getyourguide.com/es-es/florianopolis-l246/tour-guiado-a-fortaleza-de-sao-jose-da-ponta-grossa-e-praia-do-forte-t1214469/
Brasil;rio-de-janeiro-l9;1233148;Rio De Janeiro Pedra Do Telegrafo Remada Guiada De Sup En Restinga;https://www.getyourguide.com/es-es/rio-de-janeiro-l9/rio-de-janeiro-pedra-do-telegrafo-remada-guiada-de-sup-en-restinga-t1233148/
Brasil;rio-de-janeiro-l9;418976;Desde Rio De Janeiro Tour Privado En Lancha Motora;https://www.getyourguide.com/es-es/rio-de-janeiro-l9/desde-rio-de-janeiro-tour-privado-en-lancha-motora-t418976/
Brasil;rio-de-janeiro-l9;1269505;Rio De Janeiro Un Recorrido Para Descubrir Las Maravillas De La Mata Atlantica;https://www.getyourguide.com/es-es/rio-de-janeiro-l9/rio-de-janeiro-un-recorrido-para-descubrir-las-maravillas-de-la-mata-atlantica-t1269505/
Brasil;sao-paulo-l384;1291492;Porto Alegre Recorrido Por La Ciudad De Un Dia Completo Con Paseo En Barco Por El Guaiba;https://www.getyourguide.com/es-es/sao-paulo-l384/porto-alegre-recorrido-por-la-ciudad-de-un-dia-completo-con-paseo-en-barco-por-el-guaiba-t1291492/
Brasil;porto-de-galinhas-l32612;1301292;Proposito Arrecifal Una Experiencia Unica Con Flotacion Corales Y Ciencia;https://www.getyourguide.com/es-es/porto-de-galinhas-l32612/proposito-arrecifal-una-experiencia-unica-con-flotacion-corales-y-ciencia-t1301292/
Brasil;fortaleza-l1863;652829;Traslado Privado De Fortaleza A Canoa Quebrada;https://www.getyourguide.com/es-es/fortaleza-l1863/traslado-privado-de-fortaleza-a-canoa-quebrada-t652829/
Brasil;atins-l158343;691196;Traslado En Barco Atins Privado;https://www.getyourguide.com/es-es/atins-l158343/traslado-en-barco-atins-privado-t691196/
Brasil;rio-de-janeiro-l9;761853;Traslado Al Aeropuerto Santos Dumont Copacaba Ipanema Y Centro;https://www.getyourguide.com/es-es/rio-de-janeiro-l9/traslado-al-aeropuerto-santos-dumont-copacaba-ipanema-y-centro-t761853/
Brasil;florianopolis-l246;519654;Excursion Al Balneario Camboriu Y Al Parque Unipraias;https://www.getyourguide.com/es-es/florianopolis-l246/excursion-al-balneario-camboriu-y-al-parque-unipraias-t519654/
Brasil;rio-de-janeiro-l9;557567;Rio Aquario Y Bulevar Olimpico;https://www.getyourguide.com/es-es/rio-de-janeiro-l9/rio-aquario-y-bulevar-olimpico-t557567/
Brasil;atins-l158343;691159;Traslado En Barco Barreirinhas X Atins Compartido;https://www.getyourguide.com/es-es/atins-l158343/traslado-en-barco-barreirinhas-x-atins-compartido-t691159/
Brasil;rio-de-janeiro-l9;980551;Pedra Do Sal Aventura Gastronomica Afrobrasilena Cultura Y Samba;https://www.getyourguide.com/es-es/rio-de-janeiro-l9/pedra-do-sal-aventura-gastronomica-afrobrasilena-cultura-y-samba-t980551/
Brasil;maragogi-l122555;1098275;Tour En Maragogi Explora Los Arrecifes De Coral;https://www.getyourguide.com/es-es/maragogi-l122555/tour-en-maragogi-explora-los-arrecifes-de-coral-t1098275/
Brasil;rio-de-janeiro-l9;1115375;Rio Clases De Baile Dentro De La Discoteca Pub Crawl Diverido En Lapa;https://www.getyourguide.com/es-es/rio-de-janeiro-l9/rio-clases-de-baile-dentro-de-la-discoteca-pub-crawl-diverido-en-lapa-t1115375/
Brasil;parnaioca-l219222;1141676;Ilha Grande 360 Itinerario Exclusivo En Lancha Motora Privada;https://www.getyourguide.com/es-es/parnaioca-l219222/ilha-grande-360-itinerario-exclusivo-en-lancha-motora-privada-t1141676/
Brasil;paraty-l1845;1164020;Paraty Tour Gastronomico Guiado;https://www.getyourguide.com/es-es/paraty-l1845/paraty-tour-gastronomico-guiado-t1164020/
Brasil;angra-dos-reis-l88183;905908;Excursion En Barco A Las Islas Paradisiacas De Angra Dos Reis;https://www.getyourguide.com/es-es/angra-dos-reis-l88183/excursion-en-barco-a-las-islas-paradisiacas-de-angra-dos-reis-t905908/
Brasil;manaos-l917;1257683;Manaos Tour En Barco Por El Encuentro De Las Aguas Experiencia Fluvial;https://www.getyourguide.com/es-es/manaos-l917/manaos-tour-en-barco-por-el-encuentro-de-las-aguas-experiencia-fluvial-t1257683/
Brasil;brasilia-l144326;1058062;Brasilia Tour De La Ciudad Civica Legal Y Arquitectonica;https://www.getyourguide.com/es-es/brasilia-l144326/brasilia-tour-de-la-ciudad-civica-legal-y-arquitectonica-t1058062/
Brasil;sao-paulo-l384;1273744;Cena En El Restaurante Terraco Italia En Sao Paulo;https://www.getyourguide.com/es-es/sao-paulo-l384/cena-en-el-restaurante-terraco-italia-en-sao-paulo-t1273744/
Brasil;rio-de-janeiro-l9;1088158;Rio Roxy Dinner Show Espectaculo Aquele Abraco Entrada;https://www.getyourguide.com/es-es/rio-de-janeiro-l9/rio-roxy-dinner-show-espectaculo-aquele-abraco-entrada-t1088158/
Brasil;natal-l2112;1111965;Sao Miguel Do Gostoso Playa De Xepa Y Visita A La Destileria De Urca;https://www.getyourguide.com/es-es/natal-l2112/sao-miguel-do-gostoso-playa-de-xepa-y-visita-a-la-destileria-de-urca-t1111965/
Brasil;rio-de-janeiro-l9;6593;Rio De Janeiro Tour Guiado En Jeep Por La Selva De Tijuca;https://www.getyourguide.com/es-es/rio-de-janeiro-l9/rio-de-janeiro-tour-guiado-en-jeep-por-la-selva-de-tijuca-t6593/
Brasil;rio-de-janeiro-l9;169837;Ticket De Entrada Al Aquario De Rio De Janeiro;https://www.getyourguide.com/es-es/rio-de-janeiro-l9/ticket-de-entrada-al-aquario-de-rio-de-janeiro-t169837/
Brasil;rio-de-janeiro-l9;1192926;Recorrido A Pie Por Rocinha;https://www.getyourguide.com/es-es/rio-de-janeiro-l9/recorrido-a-pie-por-rocinha-t1192926/
Brasil;sao-paulo-l384;313608;Sao Paulo Recorrido En Bicicleta Por El Arte Urbano;https://www.getyourguide.com/es-es/sao-paulo-l384/sao-paulo-recorrido-en-bicicleta-por-el-arte-urbano-t313608/
Brasil;belem-brasil-l32400;386457;Belem Excursion De Un Dia A La Isla De Marajo Con Visita A Una Granja De Bufalos;https://www.getyourguide.com/es-es/belem-brasil-l32400/belem-excursion-de-un-dia-a-la-isla-de-marajo-con-visita-a-una-granja-de-bufalos-t386457/
Brasil;sao-paulo-l384;426676;Sao Paulo Lo Mas Destacado De Ayrton Senna;https://www.getyourguide.com/es-es/sao-paulo-l384/sao-paulo-lo-mas-destacado-de-ayrton-senna-t426676/
Brasil;rio-de-janeiro-l9;1290237;Rio De Janeiro Clase De Samba Al Aire Libre;https://www.getyourguide.com/es-es/rio-de-janeiro-l9/rio-de-janeiro-clase-de-samba-al-aire-libre-t1290237/
Brasil;sao-paulo-l384;495838;Vida Nocturna En Sao Paulo De Bares Por La Ciudad Que Nunca Duerme;https://www.getyourguide.com/es-es/sao-paulo-l384/vida-nocturna-en-sao-paulo-de-bares-por-la-ciudad-que-nunca-duerme-t495838/
Brasil;rio-de-janeiro-l9;510532;Tirolina Y Canopy En Rio De Janeiro;https://www.getyourguide.com/es-es/rio-de-janeiro-l9/tirolina-y-canopy-en-rio-de-janeiro-t510532/
Brasil;rio-de-janeiro-l9;54587;Rio De Janeiro Combo Con Vuelo En Helicoptero;https://www.getyourguide.com/es-es/rio-de-janeiro-l9/rio-de-janeiro-combo-con-vuelo-en-helicoptero-t54587/
Brasil;rio-de-janeiro-l9;434725;Excursion En Grupo Reducido Por Aquario Y El Bulevar Olimpico;https://www.getyourguide.com/es-es/rio-de-janeiro-l9/excursion-en-grupo-reducido-por-aquario-y-el-bulevar-olimpico-t434725/
Brasil;rio-de-janeiro-l9;829084;Rio De Janeiro 3 Horas De Tour Exclusivo En Catamaran A Vela;https://www.getyourguide.com/es-es/rio-de-janeiro-l9/rio-de-janeiro-3-horas-de-tour-exclusivo-en-catamaran-a-vela-t829084/
Brasil;villa-do-abraao-l176580;870541;Ilha Grande Excursion En Goleta Por La Laguna Azul;https://www.getyourguide.com/es-es/villa-do-abraao-l176580/ilha-grande-excursion-en-goleta-por-la-laguna-azul-t870541/
Brasil;sao-miguel-dos-milagres-l98856;972806;Paseo Por Las Piscinas Naturales De Sao Miguel Dos Milagres;https://www.getyourguide.com/es-es/sao-miguel-dos-milagres-l98856/paseo-por-las-piscinas-naturales-de-sao-miguel-dos-milagres-t972806/
Brasil;buzios-l1832;1083181;Excursiones En Aguas Abiertas Por Las Playas De Buzios;https://www.getyourguide.com/es-es/buzios-l1832/excursiones-en-aguas-abiertas-por-las-playas-de-buzios-t1083181/
Brasil;rio-de-janeiro-l9;872736;Rio De Janeiro Excursion A La Roca Del Telegrafo Y A La Playa De Prainha;https://www.getyourguide.com/es-es/rio-de-janeiro-l9/rio-de-janeiro-excursion-a-la-roca-del-telegrafo-y-a-la-playa-de-prainha-t872736/
Brasil;rio-de-janeiro-l9;879041;Rio De Janeiro Tour De La Ciudad Privado Con Servicio De Recogida Del Hotel;https://www.getyourguide.com/es-es/rio-de-janeiro-l9/rio-de-janeiro-tour-de-la-ciudad-privado-con-servicio-de-recogida-del-hotel-t879041/
Brasil;rio-de-janeiro-l9;1179406;Recreio Surf Y Estancia En Un Hostal;https://www.getyourguide.com/es-es/rio-de-janeiro-l9/recreio-surf-y-estancia-en-un-hostal-t1179406/
Brasil;salvador-brasil-l1430;939541;Salvador Basilica Do Senhor Do Bonfim Tour A Pie Privado;https://www.getyourguide.com/es-es/salvador-brasil-l1430/salvador-basilica-do-senhor-do-bonfim-tour-a-pie-privado-t939541/
Brasil;bento-goncalves-l117160;1192891;Bento Goncalves Serra Gaucha Un Dia De Degustaciones Y Sabores;https://www.getyourguide.com/es-es/bento-goncalves-l117160/bento-goncalves-serra-gaucha-un-dia-de-degustaciones-y-sabores-t1192891/
Brasil;rio-de-janeiro-l9;1021169;Rio De Janeiro Salto En Tandem Sobre La Playa;https://www.getyourguide.com/es-es/rio-de-janeiro-l9/rio-de-janeiro-salto-en-tandem-sobre-la-playa-t1021169/
Brasil;salvador-brasil-l1430;1278343;Salvador Tour Gastronomico Por Bahia Con Mas De 12 Degustaciones;https://www.getyourguide.com/es-es/salvador-brasil-l1430/salvador-tour-gastronomico-por-bahia-con-mas-de-12-degustaciones-t1278343/
Brasil;rio-de-janeiro-l9;1083265;Degustacion De Barbacoa Tradicional En Rio De Janeiro;https://www.getyourguide.com/es-es/rio-de-janeiro-l9/degustacion-de-barbacoa-tradicional-en-rio-de-janeiro-t1083265/
Brasil;teresopolis-l154917;1309592;Recorre El Caminho Velho De La Estrada Real Con Almuerzo Y Desayuno;https://www.getyourguide.com/es-es/teresopolis-l154917/recorre-el-caminho-velho-de-la-estrada-real-con-almuerzo-y-desayuno-t1309592/
Brasil;rio-de-janeiro-l9;54617;Rio De Janeiro Excursion Al Pico Da Tijuca;https://www.getyourguide.com/es-es/rio-de-janeiro-l9/rio-de-janeiro-excursion-al-pico-da-tijuca-t54617/
Brasil;rio-de-janeiro-l9;1160583;Rio Favela Tavares Bastos Lugares Secretos Secretos Y Fifa Street;https://www.getyourguide.com/es-es/rio-de-janeiro-l9/rio-favela-tavares-bastos-lugares-secretos-secretos-y-fifa-street-t1160583/
Brasil;canela-l117155;1196414;Esencia De La Serra Gaucha Gastronomia Y Vinos Iconicos;https://www.getyourguide.com/es-es/canela-l117155/esencia-de-la-serra-gaucha-gastronomia-y-vinos-iconicos-t1196414/
Brasil;rio-de-janeiro-l9;404548;Desde Rio De Janeiro Excursion A Arraial Do Cabo Con Almuerzo;https://www.getyourguide.com/es-es/rio-de-janeiro-l9/desde-rio-de-janeiro-excursion-a-arraial-do-cabo-con-almuerzo-t404548/
Brasil;rio-de-janeiro-l9;491429;Noche De Samba En Pedra Do Sal;https://www.getyourguide.com/es-es/rio-de-janeiro-l9/noche-de-samba-en-pedra-do-sal-t491429/
Brasil;rio-de-janeiro-l9;532629;Rio De Janeiro Recorrido Por La Favela De Highligths Con Actividades Locales;https://www.getyourguide.com/es-es/rio-de-janeiro-l9/rio-de-janeiro-recorrido-por-la-favela-de-highligths-con-actividades-locales-t532629/
Brasil;manaos-l917;207546;Traslado Del Aeropuerto De Manaus A La Ciudad De Manaus;https://www.getyourguide.com/es-es/manaos-l917/traslado-del-aeropuerto-de-manaus-a-la-ciudad-de-manaus-t207546/
Brasil;santos-l1708;306548;Santos Panorama Privado De 8 Horas De Sao Paulo;https://www.getyourguide.com/es-es/santos-l1708/santos-panorama-privado-de-8-horas-de-sao-paulo-t306548/
Brasil;angra-dos-reis-l88183;340381;Angra Dos Reis 6 Paradas De Esnorquel Por Ilha Grande;https://www.getyourguide.com/es-es/angra-dos-reis-l88183/angra-dos-reis-6-paradas-de-esnorquel-por-ilha-grande-t340381/
Brasil;rio-de-janeiro-l9;407700;Rio De Janeiro Entrada A La Rueda De Observacion Yup Star;https://www.getyourguide.com/es-es/rio-de-janeiro-l9/rio-de-janeiro-entrada-a-la-rueda-de-observacion-yup-star-t407700/
Brasil;angra-dos-reis-l88183;878194;Tour Guiado De Angra Con Salida Desde Angra Almuerzo Incluido;https://www.getyourguide.com/es-es/angra-dos-reis-l88183/tour-guiado-de-angra-con-salida-desde-angra-almuerzo-incluido-t878194/
Brasil;sao-paulo-l384;554281;Traslado Privado Aeropuerto Congonhas;https://www.getyourguide.com/es-es/sao-paulo-l384/traslado-privado-aeropuerto-congonhas-t554281/
Brasil;sao-paulo-l384;1026186;Sao Paulo Tour Guiado Por El Museo Del Futbol Y Los Estadios;https://www.getyourguide.com/es-es/sao-paulo-l384/sao-paulo-tour-guiado-por-el-museo-del-futbol-y-los-estadios-t1026186/
Brasil;rio-de-janeiro-l9;1084103;Tour De La Feijoada En Rio Con Servicio De Recogida Y Regreso Al Hotel;https://www.getyourguide.com/es-es/rio-de-janeiro-l9/tour-de-la-feijoada-en-rio-con-servicio-de-recogida-y-regreso-al-hotel-t1084103/
Brasil;foz-de-iguazu-l497;1087265;Foz Do Iguacu Rafain Churrascaria Y Espectaculo Latinoamericano;https://www.getyourguide.com/es-es/foz-de-iguazu-l497/foz-do-iguacu-rafain-churrascaria-y-espectaculo-latinoamericano-t1087265/
Brasil;rio-de-janeiro-l9;431348;Rio Asientos Premium En El Carnaval Con Comida Bebidas Y Traslados;https://www.getyourguide.com/es-es/rio-de-janeiro-l9/rio-asientos-premium-en-el-carnaval-con-comida-bebidas-y-traslados-t431348/
Brasil;rio-de-janeiro-l9;1112785;Rio De Janeiro Experiencia Al Amanecer En El Pan De Azucar;https://www.getyourguide.com/es-es/rio-de-janeiro-l9/rio-de-janeiro-experiencia-al-amanecer-en-el-pan-de-azucar-t1112785/
Brasil;rio-de-janeiro-l9;1122712;Rio De Janeiro Fiesta Exclusiva En La Discoteca Substation;https://www.getyourguide.com/es-es/rio-de-janeiro-l9/rio-de-janeiro-fiesta-exclusiva-en-la-discoteca-substation-t1122712/
Brasil;rio-de-janeiro-l9;1137945;Desde Rio De Janeiro Cristo Y Cataratas De Iguazu En 6 Dias De Aventura;https://www.getyourguide.com/es-es/rio-de-janeiro-l9/desde-rio-de-janeiro-cristo-y-cataratas-de-iguazu-en-6-dias-de-aventura-t1137945/
Brasil;rio-de-janeiro-l9;1236199;Rio Visita Guiada Al Mirador De La Cima De Copacabana;https://www.getyourguide.com/es-es/rio-de-janeiro-l9/rio-visita-guiada-al-mirador-de-la-cima-de-copacabana-t1236199/
Brasil;morro-de-sao-paulo-l116740;1290371;Morro De Sao Paulo Recorrido En Lancha Por Las Islas Y Las Piscinas Naturales;https://www.getyourguide.com/es-es/morro-de-sao-paulo-l116740/morro-de-sao-paulo-recorrido-en-lancha-por-las-islas-y-las-piscinas-naturales-t1290371/
Brasil;rio-de-janeiro-l9;1303632;Religion Gastronomia Y Sociedad El Mejor Tour Cultural Por Rio De Janeiro;https://www.getyourguide.com/es-es/rio-de-janeiro-l9/religion-gastronomia-y-sociedad-el-mejor-tour-cultural-por-rio-de-janeiro-t1303632/
Brasil;rio-de-janeiro-l9;6487;Pan De Azucar Tour De La Ciudad Y Catedral Metropolitana;https://www.getyourguide.com/es-es/rio-de-janeiro-l9/pan-de-azucar-tour-de-la-ciudad-y-catedral-metropolitana-t6487/
Brasil;sao-paulo-l384;789064;Sao Paulo Consigna De Equipajes En El Centro;https://www.getyourguide.com/es-es/sao-paulo-l384/sao-paulo-consigna-de-equipajes-en-el-centro-t789064/
Brasil;salvador-brasil-l1430;82266;Tour Panoramico De La Ciudad De Salvador;https://www.getyourguide.com/es-es/salvador-brasil-l1430/tour-panoramico-de-la-ciudad-de-salvador-t82266/
Brasil;salvador-brasil-l1430;159143;Tour Privado De Un Dia Por El Patrimonio Quilombo Desde Salvador;https://www.getyourguide.com/es-es/salvador-brasil-l1430/tour-privado-de-un-dia-por-el-patrimonio-quilombo-desde-salvador-t159143/
Brasil;buzios-l1832;878227;Vuelta Completa A Buzios Con Almuerzo Incluido Y Paradas;https://www.getyourguide.com/es-es/buzios-l1832/vuelta-completa-a-buzios-con-almuerzo-incluido-y-paradas-t878227/
Brasil;belem-brasil-l32400;386462;Belem Tour De Dia Completo En Barco Por Los Furos E Igarapes Con Almuerzo Incluido;https://www.getyourguide.com/es-es/belem-brasil-l32400/belem-tour-de-dia-completo-en-barco-por-los-furos-e-igarapes-con-almuerzo-incluido-t386462/
Brasil;salvador-brasil-l1430;901146;Salvador Taller De Percusion Y Tambor Tradicional;https://www.getyourguide.com/es-es/salvador-brasil-l1430/salvador-taller-de-percusion-y-tambor-tradicional-t901146/
Brasil;salvador-brasil-l1430;901569;Visita Gastronomica De Salvador;https://www.getyourguide.com/es-es/salvador-brasil-l1430/visita-gastronomica-de-salvador-t901569/
Brasil;sao-paulo-l384;431543;Sao Paulo Tour Privado Por Lo Mas Destacado De La Ciudad;https://www.getyourguide.com/es-es/sao-paulo-l384/sao-paulo-tour-privado-por-lo-mas-destacado-de-la-ciudad-t431543/
Brasil;recife-l1836;475660;Recife Visita Privada Personalizada Con Un Guia Local;https://www.getyourguide.com/es-es/recife-l1836/recife-visita-privada-personalizada-con-un-guia-local-t475660/
Brasil;maceio-l2064;1094050;Trio Paradisiaco Frances Barra De Sao Miguel Y Gunga;https://www.getyourguide.com/es-es/maceio-l2064/trio-paradisiaco-frances-barra-de-sao-miguel-y-gunga-t1094050/
Brasil;rio-de-janeiro-l9;1112120;Estadio De Maracana Ver Un Partido De Futbol Traslado Guia Barra Libre Y Comida;https://www.getyourguide.com/es-es/rio-de-janeiro-l9/estadio-de-maracana-ver-un-partido-de-futbol-traslado-guia-barra-libre-y-comida-t1112120/
Brasil;angra-dos-reis-l88183;609029;Desde Rio De Janeiro Excursion De Un Dia A Ilha Grande;https://www.getyourguide.com/es-es/angra-dos-reis-l88183/desde-rio-de-janeiro-excursion-de-un-dia-a-ilha-grande-t609029/
Brasil;sao-paulo-l384;611283;Sao Paulo Sesion De Narracion Personal Con Texto Escrito;https://www.getyourguide.com/es-es/sao-paulo-l384/sao-paulo-sesion-de-narracion-personal-con-texto-escrito-t611283/
Brasil;rio-de-janeiro-l9;1145008;Vuela En Parapente Con Las Vistas Mas Bonitas De Rio De Janeiro;https://www.getyourguide.com/es-es/rio-de-janeiro-l9/vuela-en-parapente-con-las-vistas-mas-bonitas-de-rio-de-janeiro-t1145008/
Brasil;paraty-l1845;700262;Un Tour A Pie Guiado Por El Centro Historico De Paraty;https://www.getyourguide.com/es-es/paraty-l1845/un-tour-a-pie-guiado-por-el-centro-historico-de-paraty-t700262/
Brasil;foz-de-iguazu-l497;1205997;Foz De Iguazu Tour En Bici A Aguaray;https://www.getyourguide.com/es-es/foz-de-iguazu-l497/foz-de-iguazu-tour-en-bici-a-aguaray-t1205997/
Brasil;angra-dos-reis-l88183;1242522;Una Experiencia En Lancha Exclusiva En Ilha Grande;https://www.getyourguide.com/es-es/angra-dos-reis-l88183/una-experiencia-en-lancha-exclusiva-en-ilha-grande-t1242522/
Brasil;maceio-l2064;27446;Excursion De Un Dia A La Playa De Maragogi Y Al Arrecife Gales;https://www.getyourguide.com/es-es/maceio-l2064/excursion-de-un-dia-a-la-playa-de-maragogi-y-al-arrecife-gales-t27446/
Brasil;salvador-brasil-l1430;56289;Clase De Cocina Autentica Con Visita Al Mercado Y Almuerzo;https://www.getyourguide.com/es-es/salvador-brasil-l1430/clase-de-cocina-autentica-con-visita-al-mercado-y-almuerzo-t56289/
Brasil;maceio-l2064;973548;Sao Miguel Dos Milagres Excursion Desde Maceio;https://www.getyourguide.com/es-es/maceio-l2064/sao-miguel-dos-milagres-excursion-desde-maceio-t973548/
Brasil;salvador-brasil-l1430;159320;Tour Privado Praia Do Forte Costa Norte De Coconuth;https://www.getyourguide.com/es-es/salvador-brasil-l1430/tour-privado-praia-do-forte-costa-norte-de-coconuth-t159320/
Brasil;foz-de-iguazu-l497;1005613;Puerto Iguazu Crucero Puesta Del Sol;https://www.getyourguide.com/es-es/foz-de-iguazu-l497/puerto-iguazu-crucero-puesta-del-sol-t1005613/
Brasil;paraty-l1845;1040993;Rafting En El Rio Mambucaba Con Impresionantes Paisajes Forestales Acceso;https://www.getyourguide.com/es-es/paraty-l1845/rafting-en-el-rio-mambucaba-con-impresionantes-paisajes-forestales-acceso-t1040993/
Brasil;paraty-l1845;259332;Traslado Compartido De Sao Paulo A Paraty O Viceversa;https://www.getyourguide.com/es-es/paraty-l1845/traslado-compartido-de-sao-paulo-a-paraty-o-viceversa-t259332/
Brasil;natal-l2112;1099083;Noche En Pipa Tiendas De Artesania Musica En Directo Y Cena;https://www.getyourguide.com/es-es/natal-l2112/noche-en-pipa-tiendas-de-artesania-musica-en-directo-y-cena-t1099083/
Brasil;rio-de-janeiro-l9;1116459;Rio De Janeiro Piscina Natural Secreta;https://www.getyourguide.com/es-es/rio-de-janeiro-l9/rio-de-janeiro-piscina-natural-secreta-t1116459/
Brasil;salvador-brasil-l1430;481710;Tour Privado De La Ciudad De Salvador De Raices Afrobrasilenas;https://www.getyourguide.com/es-es/salvador-brasil-l1430/tour-privado-de-la-ciudad-de-salvador-de-raices-afrobrasilenas-t481710/
Brasil;rio-de-janeiro-l9;631114;Tour Privado En Lancha Rapida Por Rio De Janeiro;https://www.getyourguide.com/es-es/rio-de-janeiro-l9/tour-privado-en-lancha-rapida-por-rio-de-janeiro-t631114/
Brasil;lencois-l32549;699335;Cascada De Mixila;https://www.getyourguide.com/es-es/lencois-l32549/cascada-de-mixila-t699335/
Brasil;rio-de-janeiro-l9;774439;Rio De Janeiro Sendero Pedra Do Telegrafo Y Parada En La Playa;https://www.getyourguide.com/es-es/rio-de-janeiro-l9/rio-de-janeiro-sendero-pedra-do-telegrafo-y-parada-en-la-playa-t774439/
Brasil;foz-de-iguazu-l497;805548;Cataratas Del Iguazu Tour De Dia Completo Por Los Lados De Brasil Y Argentina;https://www.getyourguide.com/es-es/foz-de-iguazu-l497/cataratas-del-iguazu-tour-de-dia-completo-por-los-lados-de-brasil-y-argentina-t805548/
Brasil;rio-de-janeiro-l9;840128;Rio Pub Crawl Sobre Cachaca Y Samba Con Traslado;https://www.getyourguide.com/es-es/rio-de-janeiro-l9/rio-pub-crawl-sobre-cachaca-y-samba-con-traslado-t840128/
Brasil;manaos-l917;74650;Manaos Trekking Por La Selva Amazonica Y Archipielago De Anavilhanas;https://www.getyourguide.com/es-es/manaos-l917/manaos-trekking-por-la-selva-amazonica-y-archipielago-de-anavilhanas-t74650/
Brasil;manaos-l917;208722;Crucero De 4 Dias Por El Rio Negro;https://www.getyourguide.com/es-es/manaos-l917/crucero-de-4-dias-por-el-rio-negro-t208722/
Brasil;manaos-l917;298545;Desde Manaus Experiencia De Un Dia En La Selva Amazonica;https://www.getyourguide.com/es-es/manaos-l917/desde-manaus-experiencia-de-un-dia-en-la-selva-amazonica-t298545/
Brasil;rio-de-janeiro-l9;384318;Rio De Janeiro Visita Futbolistica Al Maracana Y Al Flamengo;https://www.getyourguide.com/es-es/rio-de-janeiro-l9/rio-de-janeiro-visita-futbolistica-al-maracana-y-al-flamengo-t384318/
Brasil;rio-de-janeiro-l9;961409;Rio De Janeiro Cristo Redentor Pan De Azucar Y Tour De La Ciudad;https://www.getyourguide.com/es-es/rio-de-janeiro-l9/rio-de-janeiro-cristo-redentor-pan-de-azucar-y-tour-de-la-ciudad-t961409/
Brasil;rio-de-janeiro-l9;971061;Excursion Desde El Puerto De Rio De Janeiro Excursion De Un Dia A Niteroi;https://www.getyourguide.com/es-es/rio-de-janeiro-l9/excursion-desde-el-puerto-de-rio-de-janeiro-excursion-de-un-dia-a-niteroi-t971061/
Brasil;barreirinhas-l105727;482191;Traslado De Barreirinhas A Sao Luis;https://www.getyourguide.com/es-es/barreirinhas-l105727/traslado-de-barreirinhas-a-sao-luis-t482191/
Brasil;paraty-l1845;1190841;Paraty Paseo En Kayak Por Los Manglares Y La Bahia;https://www.getyourguide.com/es-es/paraty-l1845/paraty-paseo-en-kayak-por-los-manglares-y-la-bahia-t1190841/
Brasil;manaos-l917;83229;Tour Turistico De Manaos;https://www.getyourguide.com/es-es/manaos-l917/tour-turistico-de-manaos-t83229/
Brasil;sao-paulo-l384;1070455;Sao Paulo Paseo Por La Selva En El Pico Jaragua;https://www.getyourguide.com/es-es/sao-paulo-l384/sao-paulo-paseo-por-la-selva-en-el-pico-jaragua-t1070455/
Brasil;porto-seguro-l126793;1116447;Porto Seguro Crucero Panoramico A Recife De Fora;https://www.getyourguide.com/es-es/porto-seguro-l126793/porto-seguro-crucero-panoramico-a-recife-de-fora-t1116447/
Brasil;rio-de-janeiro-l9;1127765;Rio De Janeiro Visita A Una Plantacion De Cafe Con Degustacion;https://www.getyourguide.com/es-es/rio-de-janeiro-l9/rio-de-janeiro-visita-a-una-plantacion-de-cafe-con-degustacion-t1127765/
Brasil;angra-dos-reis-l88183;608101;Angra Dos Reis Excursion En Lancha Rapida Super Lagoa Azul;https://www.getyourguide.com/es-es/angra-dos-reis-l88183/angra-dos-reis-excursion-en-lancha-rapida-super-lagoa-azul-t608101/
Brasil;balneario-camboriu-l32252;662965;Transfer Privativo Aeroporto Navegantes A Balneario Camboriu;https://www.getyourguide.com/es-es/balneario-camboriu-l32252/transfer-privativo-aeroporto-navegantes-a-balneario-camboriu-t662965/
Brasil;rio-de-janeiro-l9;712763;Rio Cristo Redentor Pao De Acucar Almoco Em Churrascaria;https://www.getyourguide.com/es-es/rio-de-janeiro-l9/rio-cristo-redentor-pao-de-acucar-almoco-em-churrascaria-t712763/
Brasil;sao-paulo-l384;756515;Mejor Tour De La Ciudad De Sao Paulo Historia Experiencia De 6 Horas;https://www.getyourguide.com/es-es/sao-paulo-l384/mejor-tour-de-la-ciudad-de-sao-paulo-historia-experiencia-de-6-horas-t756515/
Brasil;foz-de-iguazu-l497;1318662;Foz De Iguazu Ticket De Entrada Al Dreams Motor Show;https://www.getyourguide.com/es-es/foz-de-iguazu-l497/foz-de-iguazu-ticket-de-entrada-al-dreams-motor-show-t1318662/
Brasil;gramado-l32317;822646;Desde Gramado Cultura Italiana Y Vino Con Viaje En Tren;https://www.getyourguide.com/es-es/gramado-l32317/desde-gramado-cultura-italiana-y-vino-con-viaje-en-tren-t822646/
Brasil;rio-de-janeiro-l9;1332390;Garganta Do Ceu Ruta Por La Naturaleza En Compania De Un Geologo;https://www.getyourguide.com/es-es/rio-de-janeiro-l9/garganta-do-ceu-ruta-por-la-naturaleza-en-compania-de-un-geologo-t1332390/
Brasil;sao-paulo-l384;34892;Sao Paulo Graffiti Tour;https://www.getyourguide.com/es-es/sao-paulo-l384/sao-paulo-graffiti-tour-t34892/
Brasil;foz-de-iguazu-l497;224955;Desde Puerto Iguazu Lado Brasileno De Las Cataratas Con Ticket De Entrada;https://www.getyourguide.com/es-es/foz-de-iguazu-l497/desde-puerto-iguazu-lado-brasileno-de-las-cataratas-con-ticket-de-entrada-t224955/
Brasil;sao-paulo-l384;924160;Sao Paulo Lo Mas Destacado Del Centro De La Ciudad Tour A Pie Privado;https://www.getyourguide.com/es-es/sao-paulo-l384/sao-paulo-lo-mas-destacado-del-centro-de-la-ciudad-tour-a-pie-privado-t924160/
Brasil;salvador-brasil-l1430;952851;Salvador Clase De Cocina Brasilena Con Caipirinhas Ilimitadas;https://www.getyourguide.com/es-es/salvador-brasil-l1430/salvador-clase-de-cocina-brasilena-con-caipirinhas-ilimitadas-t952851/
Brasil;angra-dos-reis-l88183;973512;Angra Dos Reis Paseo En Goleta Por Ilha Grande;https://www.getyourguide.com/es-es/angra-dos-reis-l88183/angra-dos-reis-paseo-en-goleta-por-ilha-grande-t973512/
Brasil;sao-paulo-l384;421331;Desde Sao Paulo Excursion Privada Santos Y Playa De Guaruja;https://www.getyourguide.com/es-es/sao-paulo-l384/desde-sao-paulo-excursion-privada-santos-y-playa-de-guaruja-t421331/
Brasil;rio-de-janeiro-l9;1065539;Rio De Janeiro Tour Al Cristo Redentor Y Las Escaleras De Selaron;https://www.getyourguide.com/es-es/rio-de-janeiro-l9/rio-de-janeiro-tour-al-cristo-redentor-y-las-escaleras-de-selaron-t1065539/
Brasil;rio-de-janeiro-l9;548209;Rio Taller De Caipirinha Y Clase De Samba;https://www.getyourguide.com/es-es/rio-de-janeiro-l9/rio-taller-de-caipirinha-y-clase-de-samba-t548209/
Brasil;rio-de-janeiro-l9;565865;Rio De Janeiro Disfruta De Un Partido De Futbol Del Botafogo Con Los Locales;https://www.getyourguide.com/es-es/rio-de-janeiro-l9/rio-de-janeiro-disfruta-de-un-partido-de-futbol-del-botafogo-con-los-locales-t565865/
Brasil;ubatuba-l192258;589889;Santos Y Guaruja Excursion A La Playa De 8 Horas Con Salida Desde Sao Paulo;https://www.getyourguide.com/es-es/ubatuba-l192258/santos-y-guaruja-excursion-a-la-playa-de-8-horas-con-salida-desde-sao-paulo-t589889/
Brasil;foz-de-iguazu-l497;698855;Tour Privado De 1 2 Dias Explora Ambos Lados De Las Cataratas Del Iguazu;https://www.getyourguide.com/es-es/foz-de-iguazu-l497/tour-privado-de-1-2-dias-explora-ambos-lados-de-las-cataratas-del-iguazu-t698855/
Brasil;salvador-brasil-l1430;1308363;Salvador Explora Salvador Con Un Lugareno Y Aprende Portugues;https://www.getyourguide.com/es-es/salvador-brasil-l1430/salvador-explora-salvador-con-un-lugareno-y-aprende-portugues-t1308363/
Brasil;angra-dos-reis-l88183;86609;Excursion Angra Dos Reis E Ilha Grande Excursion De Un Dia;https://www.getyourguide.com/es-es/angra-dos-reis-l88183/excursion-angra-dos-reis-e-ilha-grande-excursion-de-un-dia-t86609/
Brasil;manaos-l917;290270;De Manaus A Santarem 36 Horas De Ferry Por El Amazonas;https://www.getyourguide.com/es-es/manaos-l917/de-manaus-a-santarem-36-horas-de-ferry-por-el-amazonas-t290270/
Brasil;villa-do-abraao-l176580;1095070;Tour En Lancha Motora Por 5 Playas Aisladas Alrededor De Ilha Grande 360;https://www.getyourguide.com/es-es/villa-do-abraao-l176580/tour-en-lancha-motora-por-5-playas-aisladas-alrededor-de-ilha-grande-360-t1095070/
Brasil;rio-de-janeiro-l9;467458;Dia Cultural En Petropolis;https://www.getyourguide.com/es-es/rio-de-janeiro-l9/dia-cultural-en-petropolis-t467458/
Brasil;rio-de-janeiro-l9;572505;Consigna De Equipajes Rio De Janeiro;https://www.getyourguide.com/es-es/rio-de-janeiro-l9/consigna-de-equipajes-rio-de-janeiro-t572505/
Brasil;florianopolis-l246;655206;Traslado Privado De Florianopolis A Jurere;https://www.getyourguide.com/es-es/florianopolis-l246/traslado-privado-de-florianopolis-a-jurere-t655206/
Brasil;foz-de-iguazu-l497;714818;Cataratas Del Iguazu Traslado Privado Al Parque Brasileno Y De Las Aves;https://www.getyourguide.com/es-es/foz-de-iguazu-l497/cataratas-del-iguazu-traslado-privado-al-parque-brasileno-y-de-las-aves-t714818/
Brasil;rio-de-janeiro-l9;1315923;Rio De Janeiro Tour Privado En Helicoptero Con Puertas Abiertascerradas;https://www.getyourguide.com/es-es/rio-de-janeiro-l9/rio-de-janeiro-tour-privado-en-helicoptero-con-puertas-abiertascerradas-t1315923/
Brasil;rio-de-janeiro-l9;780679;Rio De Janeiro Excursion En Jeep Cristo Redentor Pan De Azucar;https://www.getyourguide.com/es-es/rio-de-janeiro-l9/rio-de-janeiro-excursion-en-jeep-cristo-redentor-pan-de-azucar-t780679/
Brasil;rio-de-janeiro-l9;789121;Rio De Janeiro Consigna De Equipajes En El Centro;https://www.getyourguide.com/es-es/rio-de-janeiro-l9/rio-de-janeiro-consigna-de-equipajes-en-el-centro-t789121/
Brasil;sao-paulo-l384;852525;Escala En Sao Paulo Tour Privado De La Ciudad Con Servicio De Recogida En El Aeropuerto;https://www.getyourguide.com/es-es/sao-paulo-l384/escala-en-sao-paulo-tour-privado-de-la-ciudad-con-servicio-de-recogida-en-el-aeropuerto-t852525/
Brasil;niteroi-l34109;967488;Rio De Janeiro Vuelo Doble En Parapente En Niteroi Con Instructores Experimentados;https://www.getyourguide.com/es-es/niteroi-l34109/rio-de-janeiro-vuelo-doble-en-parapente-en-niteroi-con-instructores-experimentados-t967488/
Brasil;sao-paulo-l384;972553;Sao Paulo Tour Fotografico Profesional Por La Avenida Paulista;https://www.getyourguide.com/es-es/sao-paulo-l384/sao-paulo-tour-fotografico-profesional-por-la-avenida-paulista-t972553/
Brasil;foz-de-iguazu-l497;496833;Cataratas Brasilenas Con El Barco Safari Macuco;https://www.getyourguide.com/es-es/foz-de-iguazu-l497/cataratas-brasilenas-con-el-barco-safari-macuco-t496833/
Brasil;paraty-l1845;1059300;Paraty Paseo En Jeep 4X4 Con Visita A Cascadas Y Tour;https://www.getyourguide.com/es-es/paraty-l1845/paraty-paseo-en-jeep-4x4-con-visita-a-cascadas-y-tour-t1059300/
Brasil;arraial-del-cabo-l95354;554878;Arraial Do Cabo La Version Brasilena Del Caribe;https://www.getyourguide.com/es-es/arraial-del-cabo-l95354/arraial-do-cabo-la-version-brasilena-del-caribe-t554878/
Brasil;rio-de-janeiro-l9;1077517;Rio Tour De Medio Dia Por La Isla De Gigoia En Barra Da Tijuca;https://www.getyourguide.com/es-es/rio-de-janeiro-l9/rio-tour-de-medio-dia-por-la-isla-de-gigoia-en-barra-da-tijuca-t1077517/
Brasil;brasilia-l144326;1084570;Las Cuatro Escalas De Lucio Tour Guiado En Bicicleta;https://www.getyourguide.com/es-es/brasilia-l144326/las-cuatro-escalas-de-lucio-tour-guiado-en-bicicleta-t1084570/
Brasil;rio-de-janeiro-l9;1165559;Rio Tour Del Cristo Redentor Y El Bosque De Tijuca;https://www.getyourguide.com/es-es/rio-de-janeiro-l9/rio-tour-del-cristo-redentor-y-el-bosque-de-tijuca-t1165559/
Brasil;fortaleza-l1863;682705;Fortaleza Excursion A La Playa De Canoa Quebrada;https://www.getyourguide.com/es-es/fortaleza-l1863/fortaleza-excursion-a-la-playa-de-canoa-quebrada-t682705/
Brasil;flores-da-cunha-l154785;1193632;De La Cocina Al Camino Una Experiencia Inolvidable En Flores Da Cunha;https://www.getyourguide.com/es-es/flores-da-cunha-l154785/de-la-cocina-al-camino-una-experiencia-inolvidable-en-flores-da-cunha-t1193632/
Brasil;rio-de-janeiro-l9;767111;Rio De Janeiro 30 Minutos En Helicoptero Con Traslados;https://www.getyourguide.com/es-es/rio-de-janeiro-l9/rio-de-janeiro-30-minutos-en-helicoptero-con-traslados-t767111/
Brasil;rio-de-janeiro-l9;772671;Sumergete En La Historia Tour A Pie Por El Centro De La Ciudad De Rio De Janeiro;https://www.getyourguide.com/es-es/rio-de-janeiro-l9/sumergete-en-la-historia-tour-a-pie-por-el-centro-de-la-ciudad-de-rio-de-janeiro-t772671/
Brasil;fortaleza-l1863;827606;Traslado De Ida Al Aeropuerto De Fortaleza A Cumbuco;https://www.getyourguide.com/es-es/fortaleza-l1863/traslado-de-ida-al-aeropuerto-de-fortaleza-a-cumbuco-t827606/
Brasil;rio-de-janeiro-l9;1326169;Fiesta Day Use En La Pousada Riozi;https://www.getyourguide.com/es-es/rio-de-janeiro-l9/fiesta-day-use-en-la-pousada-riozi-t1326169/
Brasil;porto-seguro-l126793;1116452;Porto Seguro Excursion En Barco A Recife De Fora;https://www.getyourguide.com/es-es/porto-seguro-l126793/porto-seguro-excursion-en-barco-a-recife-de-fora-t1116452/
Brasil;rio-de-janeiro-l9;1184563;Rio De Janeiro Pedra Do Telegrafo Y Rocinha En Un Tour Guiado;https://www.getyourguide.com/es-es/rio-de-janeiro-l9/rio-de-janeiro-pedra-do-telegrafo-y-rocinha-en-un-tour-guiado-t1184563/
Brasil;paraty-l1845;1246775;Paraty Paseo En Lancha Por Las Islas Y Playas Paradisiacas;https://www.getyourguide.com/es-es/paraty-l1845/paraty-paseo-en-lancha-por-las-islas-y-playas-paradisiacas-t1246775/
Brasil;rio-de-janeiro-l9;710664;Rio De Janeiro Pub Crawl Lapa;https://www.getyourguide.com/es-es/rio-de-janeiro-l9/rio-de-janeiro-pub-crawl-lapa-t710664/
Brasil;rio-de-janeiro-l9;723131;Rio De Janeiro Recorrido Panoramico En Bicicleta;https://www.getyourguide.com/es-es/rio-de-janeiro-l9/rio-de-janeiro-recorrido-panoramico-en-bicicleta-t723131/
Brasil;sao-paulo-l384;759416;La Mejor Experiencia Cultural De 7 Horas De Tour De La Ciudad De Sao Paulo;https://www.getyourguide.com/es-es/sao-paulo-l384/la-mejor-experiencia-cultural-de-7-horas-de-tour-de-la-ciudad-de-sao-paulo-t759416/
Brasil;foz-de-iguazu-l497;774372;Cataratas Del Iguazu Tour De 1 Dia Privado Por Brasil Y Argentina;https://www.getyourguide.com/es-es/foz-de-iguazu-l497/cataratas-del-iguazu-tour-de-1-dia-privado-por-brasil-y-argentina-t774372/
Brasil;rio-de-janeiro-l9;234727;Rio Billetes Para El Teleferico Del Pan De Azucar Y El Tren Del Corcovado;https://www.getyourguide.com/es-es/rio-de-janeiro-l9/rio-billetes-para-el-teleferico-del-pan-de-azucar-y-el-tren-del-corcovado-t234727/
Brasil;sao-paulo-l384;390419;Sao Paulo Traslado Privado Aeropuerto De Congonhas Cgh;https://www.getyourguide.com/es-es/sao-paulo-l384/sao-paulo-traslado-privado-aeropuerto-de-congonhas-cgh-t390419/
Brasil;angra-dos-reis-l88183;422298;Desde Angra Dos Reis Traslado En Lancha Rapida A Ilha Grande;https://www.getyourguide.com/es-es/angra-dos-reis-l88183/desde-angra-dos-reis-traslado-en-lancha-rapida-a-ilha-grande-t422298/
Brasil;angra-dos-reis-l88183;1038091;Angra Dos Reis Una Experiencia De Buceo Segura Y Fascinante;https://www.getyourguide.com/es-es/angra-dos-reis-l88183/angra-dos-reis-una-experiencia-de-buceo-segura-y-fascinante-t1038091/
Brasil;rio-de-janeiro-l9;1043674;Rio De Janeiro Tour A Pie Guiado Por Una Favela Con Energia Solar;https://www.getyourguide.com/es-es/rio-de-janeiro-l9/rio-de-janeiro-tour-a-pie-guiado-por-una-favela-con-energia-solar-t1043674/
Brasil;sao-paulo-l384;563757;Sao Paulo Recorrido Destacado De 5 Horas Con Degustacion De Frutas Y Cubierta Panoramica;https://www.getyourguide.com/es-es/sao-paulo-l384/sao-paulo-recorrido-destacado-de-5-horas-con-degustacion-de-frutas-y-cubierta-panoramica-t563757/
Brasil;rio-de-janeiro-l9;1134316;Rio De Janeiro Experiencia Fotografica Cultural Y Cotidiana;https://www.getyourguide.com/es-es/rio-de-janeiro-l9/rio-de-janeiro-experiencia-fotografica-cultural-y-cotidiana-t1134316/
Brasil;rio-de-janeiro-l9;618574;Desfile Del Carnaval De Rio 2026 En Sapucai Traslado;https://www.getyourguide.com/es-es/rio-de-janeiro-l9/desfile-del-carnaval-de-rio-2026-en-sapucai-traslado-t618574/
Brasil;paraty-l1845;1214302;Experiencia En Lancha En Paraty;https://www.getyourguide.com/es-es/paraty-l1845/experiencia-en-lancha-en-paraty-t1214302/
Brasil;sao-paulo-l384;1271568;Ritual Con Hierbas En Un Estudio De Plantas Oculto De Sao Paulo;https://www.getyourguide.com/es-es/sao-paulo-l384/ritual-con-hierbas-en-un-estudio-de-plantas-oculto-de-sao-paulo-t1271568/
Brasil;manaos-l917;27527;Aeropuerto De Manaos Traslado Compartido De 1 Hora A Hoteles De Manaos;https://www.getyourguide.com/es-es/manaos-l917/aeropuerto-de-manaos-traslado-compartido-de-1-hora-a-hoteles-de-manaos-t27527/
Brasil;rio-de-janeiro-l9;979652;Rio De Janeiro Ruta De Los Dos Irmaos En Vidigal Amanecer;https://www.getyourguide.com/es-es/rio-de-janeiro-l9/rio-de-janeiro-ruta-de-los-dos-irmaos-en-vidigal-amanecer-t979652/
Brasil;foz-de-iguazu-l497;189636;Autobus Turistico Tour De La Ciudad Foz;https://www.getyourguide.com/es-es/foz-de-iguazu-l497/autobus-turistico-tour-de-la-ciudad-foz-t189636/
Brasil;curitiba-l1849;1024511;Curitiba Tour Nocturno Por Las Cervecerias Con Degustacion En 3 Cervecerias Y Mucha Diversion;https://www.getyourguide.com/es-es/curitiba-l1849/curitiba-tour-nocturno-por-las-cervecerias-con-degustacion-en-3-cervecerias-y-mucha-diversion-t1024511/
Brasil;rio-de-janeiro-l9;1137126;City Tour En Rio Con Fotos Profesionales Gratis Y Entradas Incluidas;https://www.getyourguide.com/es-es/rio-de-janeiro-l9/city-tour-en-rio-con-fotos-profesionales-gratis-y-entradas-incluidas-t1137126/
Brasil;rio-de-janeiro-l9;1145091;Una Noche De Baile Funk En La Favela;https://www.getyourguide.com/es-es/rio-de-janeiro-l9/una-noche-de-baile-funk-en-la-favela-t1145091/
Brasil;paraty-l1845;1274042;Paraty Senderismo A La Cascada De Saco Bravo;https://www.getyourguide.com/es-es/paraty-l1845/paraty-senderismo-a-la-cascada-de-saco-bravo-t1274042/
Brasil;rio-de-janeiro-l9;69574;Rio De Janeiro Tour Privado De Un Dia Completo Por Los Lugares Mas Destacados;https://www.getyourguide.com/es-es/rio-de-janeiro-l9/rio-de-janeiro-tour-privado-de-un-dia-completo-por-los-lugares-mas-destacados-t69574/
Brasil;rio-de-janeiro-l9;850264;Miradores Ocultos De Rio Por Alan Denis;https://www.getyourguide.com/es-es/rio-de-janeiro-l9/miradores-ocultos-de-rio-por-alan-denis-t850264/
Brasil;santos-l1708;860277;Santos Excursion Guiada En Kayak Por El Corazon Del Parque Estatal;https://www.getyourguide.com/es-es/santos-l1708/santos-excursion-guiada-en-kayak-por-el-corazon-del-parque-estatal-t860277/
Brasil;florianopolis-l246;943575;Isla De Las Aranas Paseo En Barco Con Barbacoa;https://www.getyourguide.com/es-es/florianopolis-l246/isla-de-las-aranas-paseo-en-barco-con-barbacoa-t943575/
Brasil;rio-de-janeiro-l9;424156;Desde Rio De Janeiro Traslado En Barco Compartido A Aracatiba;https://www.getyourguide.com/es-es/rio-de-janeiro-l9/desde-rio-de-janeiro-traslado-en-barco-compartido-a-aracatiba-t424156/
Brasil;rio-de-janeiro-l9;431954;Rio De Janeiro Visita Guiada A Los 4 Sitios Mas Importantes;https://www.getyourguide.com/es-es/rio-de-janeiro-l9/rio-de-janeiro-visita-guiada-a-los-4-sitios-mas-importantes-t431954/
Brasil;angra-dos-reis-l88183;469424;Excursion En Barco Por Angra Dos Reis;https://www.getyourguide.com/es-es/angra-dos-reis-l88183/excursion-en-barco-por-angra-dos-reis-t469424/
Brasil;matelandia-l214878;1079006;Cataratas Del Iguacu Entrada Oficial Al Parque Nacional;https://www.getyourguide.com/es-es/matelandia-l214878/cataratas-del-iguacu-entrada-oficial-al-parque-nacional-t1079006/
Brasil;sao-paulo-l384;547200;Excursion A Santos Visita De Sao Paulo Y Aeropuerto;https://www.getyourguide.com/es-es/sao-paulo-l384/excursion-a-santos-visita-de-sao-paulo-y-aeropuerto-t547200/
Brasil;maceio-l2064;664694;Maceio Tour De La Ciudad Con Playa Francesa;https://www.getyourguide.com/es-es/maceio-l2064/maceio-tour-de-la-ciudad-con-playa-francesa-t664694/
Brasil;porto-seguro-l126793;740884;Visita Guiada A Las Playas De Caraiva Porto Seguro;https://www.getyourguide.com/es-es/porto-seguro-l126793/visita-guiada-a-las-playas-de-caraiva-porto-seguro-t740884/
Brasil;porto-seguro-l126793;820588;Porto Seguro Tour Privado De La Ciudad Historia;https://www.getyourguide.com/es-es/porto-seguro-l126793/porto-seguro-tour-privado-de-la-ciudad-historia-t820588/
Brasil;rio-de-janeiro-l9;1282454;Rio De Janeiro Recorrido Guiado De Bares Por Botafogo;https://www.getyourguide.com/es-es/rio-de-janeiro-l9/rio-de-janeiro-recorrido-guiado-de-bares-por-botafogo-t1282454/
Brasil;rio-de-janeiro-l9;847526;Explora La Flora Jardim Botanico Aventura En La Selva De Tijuca;https://www.getyourguide.com/es-es/rio-de-janeiro-l9/explora-la-flora-jardim-botanico-aventura-en-la-selva-de-tijuca-t847526/
Brasil;rio-de-janeiro-l9;869343;Rio De Janeiro Tour Guiado De Dia Completo;https://www.getyourguide.com/es-es/rio-de-janeiro-l9/rio-de-janeiro-tour-guiado-de-dia-completo-t869343/
Brasil;arraial-del-cabo-l95354;878219;Arraial Tour Guiado Con Almuerzo Salida Desde Arraial;https://www.getyourguide.com/es-es/arraial-del-cabo-l95354/arraial-tour-guiado-con-almuerzo-salida-desde-arraial-t878219/
Brasil;manaos-l917;202243;Manaos Cena Con Espectaculo De Folklore Amazonico;https://www.getyourguide.com/es-es/manaos-l917/manaos-cena-con-espectaculo-de-folklore-amazonico-t202243/
Brasil;rio-de-janeiro-l9;361800;Rio De Janeiro Excursion Guiada En Balsa Por El Rio;https://www.getyourguide.com/es-es/rio-de-janeiro-l9/rio-de-janeiro-excursion-guiada-en-balsa-por-el-rio-t361800/
Brasil;buzios-l1832;1021837;Buzios Rj Paseo En Canoa Hawaiana Por Las Playas Del Centro;https://www.getyourguide.com/es-es/buzios-l1832/buzios-rj-paseo-en-canoa-hawaiana-por-las-playas-del-centro-t1021837/
Brasil;paraty-l1845;1040711;Paraty Caminata Privada Al Amanecer A La Pedra Da Marcela Con Servicio De Recogida;https://www.getyourguide.com/es-es/paraty-l1845/paraty-caminata-privada-al-amanecer-a-la-pedra-da-marcela-con-servicio-de-recogida-t1040711/
Brasil;manaos-l917;418272;Manaus Excursion A La Historia De Los Judios Con Guia;https://www.getyourguide.com/es-es/manaos-l917/manaus-excursion-a-la-historia-de-los-judios-con-guia-t418272/
Brasil;santarem-l121340;418755;Desde Santarem Viaje En Barco A Belem De Para Con Traslado;https://www.getyourguide.com/es-es/santarem-l121340/desde-santarem-viaje-en-barco-a-belem-de-para-con-traslado-t418755/
Brasil;rio-de-janeiro-l9;1082467;Sendero Pedra Da Gavea Vistas Panoramicas Y Aventura En La Naturaleza;https://www.getyourguide.com/es-es/rio-de-janeiro-l9/sendero-pedra-da-gavea-vistas-panoramicas-y-aventura-en-la-naturaleza-t1082467/
Brasil;rio-de-janeiro-l9;1084131;Rio Estadio Del Flamengo Con Visita Panoramica Guiada;https://www.getyourguide.com/es-es/rio-de-janeiro-l9/rio-estadio-del-flamengo-con-visita-panoramica-guiada-t1084131/
Brasil;sao-paulo-l384;614296;Campos Do Jordao Tour Privado De 8 Horas;https://www.getyourguide.com/es-es/sao-paulo-l384/campos-do-jordao-tour-privado-de-8-horas-t614296/
Brasil;sao-paulo-l384;711733;Sao Paulo Recorrido A Pie Con Guia Por Los Lugares De Visita Obligada;https://www.getyourguide.com/es-es/sao-paulo-l384/sao-paulo-recorrido-a-pie-con-guia-por-los-lugares-de-visita-obligada-t711733/
Brasil;rio-de-janeiro-l9;758680;Pedra Da Gavea Rio De Janeiro Caminata A La Cima;https://www.getyourguide.com/es-es/rio-de-janeiro-l9/pedra-da-gavea-rio-de-janeiro-caminata-a-la-cima-t758680/
Brasil;rio-de-janeiro-l9;771405;Jeep N Green Jardin Botanico De Rio Y Excursion Por La Selva Tropical De Tijuca;https://www.getyourguide.com/es-es/rio-de-janeiro-l9/jeep-n-green-jardin-botanico-de-rio-y-excursion-por-la-selva-tropical-de-tijuca-t771405/
Brasil;salvador-brasil-l1430;56286;Salvador Ruta De Los Misterios Del Candomble;https://www.getyourguide.com/es-es/salvador-brasil-l1430/salvador-ruta-de-los-misterios-del-candomble-t56286/
Brasil;salvador-brasil-l1430;58469;Morro De Sao Paulo Isla Paraiso Desde Salvador;https://www.getyourguide.com/es-es/salvador-brasil-l1430/morro-de-sao-paulo-isla-paraiso-desde-salvador-t58469/
Brasil;rio-de-janeiro-l9;413096;Rio Museo Del Manana Yup Star Y Olympic Boulevard;https://www.getyourguide.com/es-es/rio-de-janeiro-l9/rio-museo-del-manana-yup-star-y-olympic-boulevard-t413096/
Brasil;aracaju-l100614;548226;Excursion Al Canon Xingo En El Rio Sao Francisco;https://www.getyourguide.com/es-es/aracaju-l100614/excursion-al-canon-xingo-en-el-rio-sao-francisco-t548226/
Brasil;brasilia-l144326;1086467;Brasilia Paseo Turistico Y Cultural En Barco Por El Lago Paranoa;https://www.getyourguide.com/es-es/brasilia-l144326/brasilia-paseo-turistico-y-cultural-en-barco-por-el-lago-paranoa-t1086467/
Brasil;arraial-del-cabo-l95354;694914;Rio De Janeiro Traslado Privado De 4 A 6 Pasajeros;https://www.getyourguide.com/es-es/arraial-del-cabo-l95354/rio-de-janeiro-traslado-privado-de-4-a-6-pasajeros-t694914/
Brasil;rio-de-janeiro-l9;800133;Rio De Janeiro Tour Guiado Por El Bioparque Con Traslado;https://www.getyourguide.com/es-es/rio-de-janeiro-l9/rio-de-janeiro-tour-guiado-por-el-bioparque-con-traslado-t800133/
Brasil;matelandia-l214878;1286623;Aventura En Barco Por Las Cataratas Del Iguazu En Brasil Tour Privado Y Entradas;https://www.getyourguide.com/es-es/matelandia-l214878/aventura-en-barco-por-las-cataratas-del-iguazu-en-brasil-tour-privado-y-entradas-t1286623/
Brasil;porto-seguro-l126793;878968;Descubre Las Playas De Caraiva Un Tour Guiado En Porto Seguro;https://www.getyourguide.com/es-es/porto-seguro-l126793/descubre-las-playas-de-caraiva-un-tour-guiado-en-porto-seguro-t878968/
Brasil;foz-de-iguazu-l497;1300164;Ruta Gastronomica De 3 Horas Por Foz De Iguazu Experiencia En El Mercado Barrageiro;https://www.getyourguide.com/es-es/foz-de-iguazu-l497/ruta-gastronomica-de-3-horas-por-foz-de-iguazu-experiencia-en-el-mercado-barrageiro-t1300164/
Brasil;canela-l117155;922612;Gramado Y Canela Excursion Privada De Un Dia;https://www.getyourguide.com/es-es/canela-l117155/gramado-y-canela-excursion-privada-de-un-dia-t922612/
Brasil;maceio-l2064;1098206;Sao Miguel Dos Milagres Visita A La Playa De Toque Y A Las Piscinas Naturales;https://www.getyourguide.com/es-es/maceio-l2064/sao-miguel-dos-milagres-visita-a-la-playa-de-toque-y-a-las-piscinas-naturales-t1098206/
Brasil;rio-de-janeiro-l9;1142918;Rio De Janeiro K2 Rock Climb Route Corcovado Con Vistas Al Cristo Redentor;https://www.getyourguide.com/es-es/rio-de-janeiro-l9/rio-de-janeiro-k2-rock-climb-route-corcovado-con-vistas-al-cristo-redentor-t1142918/
Brasil;rio-de-janeiro-l9;551821;Aula De Samba No Pe Danza Bezerra;https://www.getyourguide.com/es-es/rio-de-janeiro-l9/aula-de-samba-no-pe-danza-bezerra-t551821/
Brasil;rio-de-janeiro-l9;1237024;Vuelo En Parapente En Tandem En Rio De Janeiro;https://www.getyourguide.com/es-es/rio-de-janeiro-l9/vuelo-en-parapente-en-tandem-en-rio-de-janeiro-t1237024/
Brasil;sao-paulo-l384;1267588;;https://www.getyourguide.com/es-es/sao-paulo-l384/-t1267588/
Brasil;rio-de-janeiro-l9;27310;Rio De Janeiro Recorrido Por El Cristo La Escalinata De Selaron Y El Parque De Tijuca;https://www.getyourguide.com/es-es/rio-de-janeiro-l9/rio-de-janeiro-recorrido-por-el-cristo-la-escalinata-de-selaron-y-el-parque-de-tijuca-t27310/
Brasil;sao-paulo-l384;252812;Visita A Aparecida La Iglesia Mas Grande De Brasil;https://www.getyourguide.com/es-es/sao-paulo-l384/visita-a-aparecida-la-iglesia-mas-grande-de-brasil-t252812/
Brasil;rio-de-janeiro-l9;315227;Rio De Janeiro Tour Guiado Por Los Iconos De Rio Con Entradas Y Almuerzo;https://www.getyourguide.com/es-es/rio-de-janeiro-l9/rio-de-janeiro-tour-guiado-por-los-iconos-de-rio-con-entradas-y-almuerzo-t315227/
Brasil;rio-de-janeiro-l9;897093;Rio De Janeiro Experiencia Futbolistica En La Favela Rocinha;https://www.getyourguide.com/es-es/rio-de-janeiro-l9/rio-de-janeiro-experiencia-futbolistica-en-la-favela-rocinha-t897093/
Brasil;rio-de-janeiro-l9;911280;Excursion En Rocinha;https://www.getyourguide.com/es-es/rio-de-janeiro-l9/excursion-en-rocinha-t911280/
Brasil;recife-l1836;496866;Excursion A Porto De Galinhas;https://www.getyourguide.com/es-es/recife-l1836/excursion-a-porto-de-galinhas-t496866/
Brasil;rio-de-janeiro-l9;1036997;Rio De Janeiro Tour En Coche Al Cristo Redentor Y Al Pan De Azucar;https://www.getyourguide.com/es-es/rio-de-janeiro-l9/rio-de-janeiro-tour-en-coche-al-cristo-redentor-y-al-pan-de-azucar-t1036997/
Brasil;aracaju-l100614;548772;City Tour Cultural En Aracaju;https://www.getyourguide.com/es-es/aracaju-l100614/city-tour-cultural-en-aracaju-t548772/
Brasil;aracaju-l100614;549033;Excursion A La Playa De Saco Desde Aracaju;https://www.getyourguide.com/es-es/aracaju-l100614/excursion-a-la-playa-de-saco-desde-aracaju-t549033/
Brasil;miranda-l248292;1075291;Pantanal Tour De Dia Completo A La Granja A Caballo Y En Tour En Barco Con Comidas Incluidas;https://www.getyourguide.com/es-es/miranda-l248292/pantanal-tour-de-dia-completo-a-la-granja-a-caballo-y-en-tour-en-barco-con-comidas-incluidas-t1075291/
Brasil;rio-de-janeiro-l9;1099892;Tour Por La Favela Ppg Pavao Pavaozinho Y Cantagalo Rio De Janeiro;https://www.getyourguide.com/es-es/rio-de-janeiro-l9/tour-por-la-favela-ppg-pavao-pavaozinho-y-cantagalo-rio-de-janeiro-t1099892/
Brasil;rio-de-janeiro-l9;626984;Rio Visita A La Favela Rocinha Con Guia Local Y Lugares Secretos;https://www.getyourguide.com/es-es/rio-de-janeiro-l9/rio-visita-a-la-favela-rocinha-con-guia-local-y-lugares-secretos-t626984/
Brasil;foz-de-iguazu-l497;1207465;Aventura En Bici Y Rafting En Las Cataratas Del Iguazu;https://www.getyourguide.com/es-es/foz-de-iguazu-l497/aventura-en-bici-y-rafting-en-las-cataratas-del-iguazu-t1207465/
Brasil;rio-de-janeiro-l9;779098;2 Dias Corcovado Y Tour De La Ciudad Paradise Waters;https://www.getyourguide.com/es-es/rio-de-janeiro-l9/2-dias-corcovado-y-tour-de-la-ciudad-paradise-waters-t779098/
Brasil;salvador-brasil-l1430;822619;Salvador Citytour Pelourinho Ascensor Lacerda Y Playas;https://www.getyourguide.com/es-es/salvador-brasil-l1430/salvador-citytour-pelourinho-ascensor-lacerda-y-playas-t822619/
Brasil;rio-de-janeiro-l9;824728;Rio De Janeiro Cristo Redentor Pan De Azucar Y Almuerzo;https://www.getyourguide.com/es-es/rio-de-janeiro-l9/rio-de-janeiro-cristo-redentor-pan-de-azucar-y-almuerzo-t824728/
Brasil;rio-de-janeiro-l9;878953;Tour Guiado Por La Favela De Rocinha Con Transporte;https://www.getyourguide.com/es-es/rio-de-janeiro-l9/tour-guiado-por-la-favela-de-rocinha-con-transporte-t878953/
Brasil;paraty-l1845;258057;Paraty Tour De Medio Dia Por La Playa De Sono;https://www.getyourguide.com/es-es/paraty-l1845/paraty-tour-de-medio-dia-por-la-playa-de-sono-t258057/
Brasil;natal-l2112;375816;Natal Tour Costa Sur Y Laguna Arituba;https://www.getyourguide.com/es-es/natal-l2112/natal-tour-costa-sur-y-laguna-arituba-t375816/
Brasil;rio-de-janeiro-l9;405207;Rio De Janeiro Caminata De Aventura Pedra Da Gavea;https://www.getyourguide.com/es-es/rio-de-janeiro-l9/rio-de-janeiro-caminata-de-aventura-pedra-da-gavea-t405207/
Brasil;rio-de-janeiro-l9;1122706;Rio De Janeiro Noche De Fiesta En La Discoteca Substation;https://www.getyourguide.com/es-es/rio-de-janeiro-l9/rio-de-janeiro-noche-de-fiesta-en-la-discoteca-substation-t1122706/
Brasil;foz-de-iguazu-l497;1125237;Foz De Iguazu Experiencia Practica De Cocina Brasilena;https://www.getyourguide.com/es-es/foz-de-iguazu-l497/foz-de-iguazu-experiencia-practica-de-cocina-brasilena-t1125237/
Brasil;rio-de-janeiro-l9;600674;Rio De Janeiro Amanecer En El Observatorio Y Cristo Redentor;https://www.getyourguide.com/es-es/rio-de-janeiro-l9/rio-de-janeiro-amanecer-en-el-observatorio-y-cristo-redentor-t600674/
Brasil;niteroi-l34109;1212880;Niteroi Museo De Arte Contemporaneo Y Vuelo En Parapente En El Parque Da Cidade;https://www.getyourguide.com/es-es/niteroi-l34109/niteroi-museo-de-arte-contemporaneo-y-vuelo-en-parapente-en-el-parque-da-cidade-t1212880/
Brasil;rio-de-janeiro-l9;655156;Tour Guiado Por Rocinha Una De Las Mayores Favelas;https://www.getyourguide.com/es-es/rio-de-janeiro-l9/tour-guiado-por-rocinha-una-de-las-mayores-favelas-t655156/
Brasil;foz-de-iguazu-l497;723279;Foz De Iguazu El Lado Brasileno De Las Cataratas;https://www.getyourguide.com/es-es/foz-de-iguazu-l497/foz-de-iguazu-el-lado-brasileno-de-las-cataratas-t723279/
Brasil;bombinhas-l106807;1300997;Safari Por Las Playas Recorrido Panoramico Por 7 Playas De Bombinhas;https://www.getyourguide.com/es-es/bombinhas-l106807/safari-por-las-playas-recorrido-panoramico-por-7-playas-de-bombinhas-t1300997/
Brasil;manaos-l917;819648;El Safari Amazonico;https://www.getyourguide.com/es-es/manaos-l917/el-safari-amazonico-t819648/
Brasil;foz-de-iguazu-l497;1326419;Foz Do Iguacu Ticket De Entrada Al Eco Park;https://www.getyourguide.com/es-es/foz-de-iguazu-l497/foz-do-iguacu-ticket-de-entrada-al-eco-park-t1326419/
Brasil;rio-de-janeiro-l9;86615;Arraial Do Cabo Tour En Barco;https://www.getyourguide.com/es-es/rio-de-janeiro-l9/arraial-do-cabo-tour-en-barco-t86615/
Brasil;arraial-del-cabo-l95354;878220;Visita Guiada A Arraial Comida Salida Desde Arraial;https://www.getyourguide.com/es-es/arraial-del-cabo-l95354/visita-guiada-a-arraial-comida-salida-desde-arraial-t878220/
Brasil;salvador-brasil-l1430;159356;Traslado Salvador Adesde Isla Boipeba;https://www.getyourguide.com/es-es/salvador-brasil-l1430/traslado-salvador-adesde-isla-boipeba-t159356/
Brasil;rio-de-janeiro-l9;385506;Desdehacia Rio De Janeiro Arraial Do Cabo Traslado;https://www.getyourguide.com/es-es/rio-de-janeiro-l9/desdehacia-rio-de-janeiro-arraial-do-cabo-traslado-t385506/
Brasil;sao-paulo-l384;995227;Asiste A Un Partido Del Sao Paulo Fc En El Estadio Morumbi;https://www.getyourguide.com/es-es/sao-paulo-l384/asiste-a-un-partido-del-sao-paulo-fc-en-el-estadio-morumbi-t995227/
Brasil;rio-de-janeiro-l9;411226;Rio De Janeiro Tour Privado De Un Dia Con El Cristo Redentor;https://www.getyourguide.com/es-es/rio-de-janeiro-l9/rio-de-janeiro-tour-privado-de-un-dia-con-el-cristo-redentor-t411226/
Brasil;sao-paulo-l384;544926;Excursion Privada En Tierra De Santos Visita De Un Dia A Sao Paulo;https://www.getyourguide.com/es-es/sao-paulo-l384/excursion-privada-en-tierra-de-santos-visita-de-un-dia-a-sao-paulo-t544926/
Brasil;foz-de-iguazu-l497;553733;Traslado Compartido Aeropuerto De Foz Do Iguacu;https://www.getyourguide.com/es-es/foz-de-iguazu-l497/traslado-compartido-aeropuerto-de-foz-do-iguacu-t553733/
Brasil;rio-de-janeiro-l9;1190934;Rio De Janeiro Sesion De Fotos Y Video Con Un Fotografo Local;https://www.getyourguide.com/es-es/rio-de-janeiro-l9/rio-de-janeiro-sesion-de-fotos-y-video-con-un-fotografo-local-t1190934/
Brasil;foz-de-iguazu-l497;1203638;Ruta Gastronomica A Pie Por Iguazu;https://www.getyourguide.com/es-es/foz-de-iguazu-l497/ruta-gastronomica-a-pie-por-iguazu-t1203638/
Brasil;rio-de-janeiro-l9;1243646;Explora El Centro De La Ciudad De Rio En Privado Con Un Lugareno Y Sesion De Fotos;https://www.getyourguide.com/es-es/rio-de-janeiro-l9/explora-el-centro-de-la-ciudad-de-rio-en-privado-con-un-lugareno-y-sesion-de-fotos-t1243646/
Brasil;angra-dos-reis-l88183;713790;Angra Dos Reis Tour De Dia Completo Con Almuerzo Y Paseo En Barco;https://www.getyourguide.com/es-es/angra-dos-reis-l88183/angra-dos-reis-tour-de-dia-completo-con-almuerzo-y-paseo-en-barco-t713790/
Brasil;balneario-camboriu-l32252;1307961;Recorrido Por Bombinhas Con Aventura 4X4 Descubre El Mirador 360Deg Y La Playa De Tainha;https://www.getyourguide.com/es-es/balneario-camboriu-l32252/recorrido-por-bombinhas-con-aventura-4x4-descubre-el-mirador-360deg-y-la-playa-de-tainha-t1307961/
Brasil;rio-de-janeiro-l9;929447;Excursion Privada En Lancha Rapida Por Rio De Janeiro;https://www.getyourguide.com/es-es/rio-de-janeiro-l9/excursion-privada-en-lancha-rapida-por-rio-de-janeiro-t929447/
Brasil;jericoacoara-l105737;930602;Jericoacoara Excursion Privada Dunas Y Lagunas Magicas Costa Oeste;https://www.getyourguide.com/es-es/jericoacoara-l105737/jericoacoara-excursion-privada-dunas-y-lagunas-magicas-costa-oeste-t930602/
Brasil;natal-l2112;1111966;Sao Miguel Do Gostoso Una Experiencia Exclusiva Junto Al Mar;https://www.getyourguide.com/es-es/natal-l2112/sao-miguel-do-gostoso-una-experiencia-exclusiva-junto-al-mar-t1111966/
Brasil;rio-de-janeiro-l9;1168932;Rio De Janeiro Discotecas Con Recogida En El Hotel Y Bebida;https://www.getyourguide.com/es-es/rio-de-janeiro-l9/rio-de-janeiro-discotecas-con-recogida-en-el-hotel-y-bebida-t1168932/
Brasil;buzios-l1832;785373;Explora Buzios Impresionantes Vistas En El Sendero De Las Emerencias;https://www.getyourguide.com/es-es/buzios-l1832/explora-buzios-impresionantes-vistas-en-el-sendero-de-las-emerencias-t785373/
Brasil;manaos-l917;817001;Manaos 2 3 O 4 Dias En La Experiencia Supervivencia Amazonica;https://www.getyourguide.com/es-es/manaos-l917/manaos-2-3-o-4-dias-en-la-experiencia-supervivencia-amazonica-t817001/
Brasil;rio-de-janeiro-l9;834128;Maracana;https://www.getyourguide.com/es-es/rio-de-janeiro-l9/maracana-t834128/
Brasil;rio-de-janeiro-l9;6485;Visita Vespertina Al Corcovado Y Al Cristo Redentor;https://www.getyourguide.com/es-es/rio-de-janeiro-l9/visita-vespertina-al-corcovado-y-al-cristo-redentor-t6485/
Brasil;foz-de-iguazu-l497;212685;Safari Macuco Paseo En Barco Con Cataratas Brasilenas;https://www.getyourguide.com/es-es/foz-de-iguazu-l497/safari-macuco-paseo-en-barco-con-cataratas-brasilenas-t212685/
Brasil;rio-de-janeiro-l9;1051737;Rio De Janeiro Excursion En Lancha Rapida Por Las Islas De Angra Dos Reis;https://www.getyourguide.com/es-es/rio-de-janeiro-l9/rio-de-janeiro-excursion-en-lancha-rapida-por-las-islas-de-angra-dos-reis-t1051737/
Brasil;porto-alegre-l32362;1053833;Porto Alegre Aeropuerto Salgado Filho Con Acceso A La Sala Vip;https://www.getyourguide.com/es-es/porto-alegre-l32362/porto-alegre-aeropuerto-salgado-filho-con-acceso-a-la-sala-vip-t1053833/
Brasil;rio-de-janeiro-l9;1178736;Rio De Janeiro Curso De Kitesurf De 10 Horas Con Monitor;https://www.getyourguide.com/es-es/rio-de-janeiro-l9/rio-de-janeiro-curso-de-kitesurf-de-10-horas-con-monitor-t1178736/
Brasil;porto-alegre-l32362;1193957;City Tour Pa Pum Semipanoramico Porto Alegre;https://www.getyourguide.com/es-es/porto-alegre-l32362/city-tour-pa-pum-semipanoramico-porto-alegre-t1193957/
Brasil;soure-brasil-l181819;1221529;La Verdadera Isla De Marajo Circuito De 2 Dias Por El Amazonas Hotel;https://www.getyourguide.com/es-es/soure-brasil-l181819/la-verdadera-isla-de-marajo-circuito-de-2-dias-por-el-amazonas-hotel-t1221529/
Brasil;fortaleza-l1863;675251;Un Dia Completo En Jericoacoara;https://www.getyourguide.com/es-es/fortaleza-l1863/un-dia-completo-en-jericoacoara-t675251/
Brasil;fortaleza-l1863;675387;Lagoinha En 1 Dia Belleza De Ceara;https://www.getyourguide.com/es-es/fortaleza-l1863/lagoinha-en-1-dia-belleza-de-ceara-t675387/
Brasil;rio-de-janeiro-l9;83523;Rio Excursion En Jeep Con Corcovado Selva De Tijuca Y Sta Teresa;https://www.getyourguide.com/es-es/rio-de-janeiro-l9/rio-excursion-en-jeep-con-corcovado-selva-de-tijuca-y-sta-teresa-t83523/
Brasil;manaos-l917;85566;Trepar A Los Arboles En La Selva Amazonica;https://www.getyourguide.com/es-es/manaos-l917/trepar-a-los-arboles-en-la-selva-amazonica-t85566/
Brasil;rio-de-janeiro-l9;527657;Aventurismo Pedra Da Gavea;https://www.getyourguide.com/es-es/rio-de-janeiro-l9/aventurismo-pedra-da-gavea-t527657/
Brasil;niteroi-l34109;1154967;Niteroi Escalada En La Agulha Guarischi;https://www.getyourguide.com/es-es/niteroi-l34109/niteroi-escalada-en-la-agulha-guarischi-t1154967/
Brasil;salvador-brasil-l1430;1208419;Mas Que Un Tour Nocturno Una Autentica Experiencia De Bares En Salvador;https://www.getyourguide.com/es-es/salvador-brasil-l1430/mas-que-un-tour-nocturno-una-autentica-experiencia-de-bares-en-salvador-t1208419/
Brasil;rio-de-janeiro-l9;834927;Floresta Da Tijuca;https://www.getyourguide.com/es-es/rio-de-janeiro-l9/floresta-da-tijuca-t834927/
Brasil;sao-paulo-l384;75818;Desde Sao Paulo Tour De Dia Completo A Campos Do Jordao;https://www.getyourguide.com/es-es/sao-paulo-l384/desde-sao-paulo-tour-de-dia-completo-a-campos-do-jordao-t75818/
Brasil;paraty-l1845;82200;Excursion A La Ensenada De Trinidade Desde Paraty;https://www.getyourguide.com/es-es/paraty-l1845/excursion-a-la-ensenada-de-trinidade-desde-paraty-t82200/
Brasil;manaos-l917;85551;Stand Up Paddle En El Rio Amazonas;https://www.getyourguide.com/es-es/manaos-l917/stand-up-paddle-en-el-rio-amazonas-t85551/
Brasil;rio-de-janeiro-l9;888716;Rio De Janeiro Recorrido A Pie Por La Favela Da Rocinha;https://www.getyourguide.com/es-es/rio-de-janeiro-l9/rio-de-janeiro-recorrido-a-pie-por-la-favela-da-rocinha-t888716/
Brasil;rio-de-janeiro-l9;241482;Rio De Janeiro Visita De 4 Horas Al Jardin Botanico Y La Selva De Tijuca;https://www.getyourguide.com/es-es/rio-de-janeiro-l9/rio-de-janeiro-visita-de-4-horas-al-jardin-botanico-y-la-selva-de-tijuca-t241482/
Brasil;manaos-l917;260512;Manaos Vuelo Panoramico En Avion Por La Selva Amazonica;https://www.getyourguide.com/es-es/manaos-l917/manaos-vuelo-panoramico-en-avion-por-la-selva-amazonica-t260512/
Brasil;sao-paulo-l384;409991;Desde Sao Paulo Excursion De Un Dia Al Parque Estatal De Cantareira;https://www.getyourguide.com/es-es/sao-paulo-l384/desde-sao-paulo-excursion-de-un-dia-al-parque-estatal-de-cantareira-t409991/
Brasil;rio-de-janeiro-l9;1142238;Arte En Rio Tour A Pie Por Santa Teresa Y Taller De Arte Gratuito;https://www.getyourguide.com/es-es/rio-de-janeiro-l9/arte-en-rio-tour-a-pie-por-santa-teresa-y-taller-de-arte-gratuito-t1142238/
Brasil;rio-de-janeiro-l9;556426;Cariocando En Aquario Y Olympic S Boulevard;https://www.getyourguide.com/es-es/rio-de-janeiro-l9/cariocando-en-aquario-y-olympic-s-boulevard-t556426/
Brasil;rio-de-janeiro-l9;1183020;Rio De Janeiro Paseo En Moto Playas Centro De Rio;https://www.getyourguide.com/es-es/rio-de-janeiro-l9/rio-de-janeiro-paseo-en-moto-playas-centro-de-rio-t1183020/
Brasil;canela-l117155;1190525;Garibaldi Autentica Historia Vinos Y Sabores Tradicionales;https://www.getyourguide.com/es-es/canela-l117155/garibaldi-autentica-historia-vinos-y-sabores-tradicionales-t1190525/
Brasil;rio-de-janeiro-l9;768082;Rio De Janeiro Ensayo De La Escuela De Samba Visionado Con Traslado;https://www.getyourguide.com/es-es/rio-de-janeiro-l9/rio-de-janeiro-ensayo-de-la-escuela-de-samba-visionado-con-traslado-t768082/
Brasil;sao-paulo-l384;839867;Sao Paulo Tour Personalizado De La Ciudad Puntos Destacados Tesoros Ocultos;https://www.getyourguide.com/es-es/sao-paulo-l384/sao-paulo-tour-personalizado-de-la-ciudad-puntos-destacados-tesoros-ocultos-t839867/
Brasil;maragogi-l122555;841430;Maragogi Traslado Privado Desde El Aeropuerto De Recife Ida Y Vuelta;https://www.getyourguide.com/es-es/maragogi-l122555/maragogi-traslado-privado-desde-el-aeropuerto-de-recife-ida-y-vuelta-t841430/
Brasil;curitiba-l1849;24858;Tour De Medio Dia Por La Ciudad De Curitiba;https://www.getyourguide.com/es-es/curitiba-l1849/tour-de-medio-dia-por-la-ciudad-de-curitiba-t24858/
Brasil;buzios-l1832;869189;Buzios Desde Rio En Barco;https://www.getyourguide.com/es-es/buzios-l1832/buzios-desde-rio-en-barco-t869189/
Brasil;rio-de-janeiro-l9;41233;Rio El Pico Mas Alto De La Selva De Tijuca Y Una Cascada En La Selva;https://www.getyourguide.com/es-es/rio-de-janeiro-l9/rio-el-pico-mas-alto-de-la-selva-de-tijuca-y-una-cascada-en-la-selva-t41233/
Brasil;foz-de-iguazu-l497;177843;Cataratas Del Iguazu Tour Por Ambos Lados De Las Cataratas;https://www.getyourguide.com/es-es/foz-de-iguazu-l497/cataratas-del-iguazu-tour-por-ambos-lados-de-las-cataratas-t177843/
Brasil;santos-l1708;318117;Santos Tour Completo De La Ciudad De 7 Horas;https://www.getyourguide.com/es-es/santos-l1708/santos-tour-completo-de-la-ciudad-de-7-horas-t318117/
Brasil;angra-dos-reis-l88183;1040987;Rafting En La Frontera Entre Angra Y Paraty Con Caminata Por La Mata Atlantica;https://www.getyourguide.com/es-es/angra-dos-reis-l88183/rafting-en-la-frontera-entre-angra-y-paraty-con-caminata-por-la-mata-atlantica-t1040987/
Brasil;rio-de-janeiro-l9;433041;Recorrido A Pie Por Rio Bossa Nova Colectivo O Privado;https://www.getyourguide.com/es-es/rio-de-janeiro-l9/recorrido-a-pie-por-rio-bossa-nova-colectivo-o-privado-t433041/
Brasil;porto-seguro-l126793;1117391;Porto Seguro Una Experiencia De Inmersion Cultural;https://www.getyourguide.com/es-es/porto-seguro-l126793/porto-seguro-una-experiencia-de-inmersion-cultural-t1117391/
Brasil;rio-de-janeiro-l9;487896;Desde Rio De Janeiro Viaja A Ilha Grande En Furgoneta Y Lancha Flexible;https://www.getyourguide.com/es-es/rio-de-janeiro-l9/desde-rio-de-janeiro-viaja-a-ilha-grande-en-furgoneta-y-lancha-flexible-t487896/
Brasil;canela-l117155;490725;Gramado Y Canela Excursion Privada De Un Dia Desde Porto Alegre;https://www.getyourguide.com/es-es/canela-l117155/gramado-y-canela-excursion-privada-de-un-dia-desde-porto-alegre-t490725/
Brasil;san-luis-l105732;616205;Transfer Sao Luis Barreirinhas O Viceversa;https://www.getyourguide.com/es-es/san-luis-l105732/transfer-sao-luis-barreirinhas-o-viceversa-t616205/
Brasil;rio-de-janeiro-l9;1264599;Rio Viernes Por La Noche En Un Mercado De Comida Poco Conocido Del Noreste De Brasil;https://www.getyourguide.com/es-es/rio-de-janeiro-l9/rio-viernes-por-la-noche-en-un-mercado-de-comida-poco-conocido-del-noreste-de-brasil-t1264599/
Brasil;manaos-l917;74652;Tour A Pie De 4 Horas Por La Selva Amazonica;https://www.getyourguide.com/es-es/manaos-l917/tour-a-pie-de-4-horas-por-la-selva-amazonica-t74652/
Brasil;barreirinhas-l105727;1042790;Excursion Al Rio Preguicas Aventura De Vassouras A Cabure;https://www.getyourguide.com/es-es/barreirinhas-l105727/excursion-al-rio-preguicas-aventura-de-vassouras-a-cabure-t1042790/
Brasil;penedo-brasil-l246877;1070472;Excursion En Jeep Por Penedo Tres Cuencas Y Mirador Del Cielo;https://www.getyourguide.com/es-es/penedo-brasil-l246877/excursion-en-jeep-por-penedo-tres-cuencas-y-mirador-del-cielo-t1070472/
Brasil;foz-de-iguazu-l497;1082248;Parque De Las Aves Con Puesta De Sol De Las Cataratas De Brasil Foz Do Iguacu;https://www.getyourguide.com/es-es/foz-de-iguazu-l497/parque-de-las-aves-con-puesta-de-sol-de-las-cataratas-de-brasil-foz-do-iguacu-t1082248/
Brasil;natal-l2112;1109330;Natal Ruta En 4X4 Por La Ruta Nativa Con Lagunas Ocultas;https://www.getyourguide.com/es-es/natal-l2112/natal-ruta-en-4x4-por-la-ruta-nativa-con-lagunas-ocultas-t1109330/
Brasil;rio-de-janeiro-l9;1138637;Rio De Janeiro Cristo Redentor Tour Fotografico Documental;https://www.getyourguide.com/es-es/rio-de-janeiro-l9/rio-de-janeiro-cristo-redentor-tour-fotografico-documental-t1138637/
Brasil;sao-paulo-l384;1138888;Experiencia De Frutas Tropicales Brasilenas En Sao Paulo;https://www.getyourguide.com/es-es/sao-paulo-l384/experiencia-de-frutas-tropicales-brasilenas-en-sao-paulo-t1138888/
Brasil;rio-de-janeiro-l9;630456;Tour De La Ciudad De Rio;https://www.getyourguide.com/es-es/rio-de-janeiro-l9/tour-de-la-ciudad-de-rio-t630456/
Brasil;rio-de-janeiro-l9;1243940;Rio De Janeiro Vuelo Acrobatico;https://www.getyourguide.com/es-es/rio-de-janeiro-l9/rio-de-janeiro-vuelo-acrobatico-t1243940/
Brasil;porto-de-galinhas-l32612;1301343;Inmersion Oceanica Bautismo De Buceo Y Cultivo De Corales En Porto De Galinhas;https://www.getyourguide.com/es-es/porto-de-galinhas-l32612/inmersion-oceanica-bautismo-de-buceo-y-cultivo-de-corales-en-porto-de-galinhas-t1301343/
Brasil;paraty-l1845;1304511;Paraty Tour En Barco Por El Fiordo De Saco Do Mamangua Con Esnorquel;https://www.getyourguide.com/es-es/paraty-l1845/paraty-tour-en-barco-por-el-fiordo-de-saco-do-mamangua-con-esnorquel-t1304511/
Brasil;rio-de-janeiro-l9;878275;Descubre Pedra Do Telegrafo Una Excursion Panoramica Guiada En Rio;https://www.getyourguide.com/es-es/rio-de-janeiro-l9/descubre-pedra-do-telegrafo-una-excursion-panoramica-guiada-en-rio-t878275/
Brasil;maceio-l2064;26993;Excursion De Un Dia A La Playa De Paripueira;https://www.getyourguide.com/es-es/maceio-l2064/excursion-de-un-dia-a-la-playa-de-paripueira-t26993/
Brasil;rio-de-janeiro-l9;388489;Desde Rio De Janeiro Paseo En Barco Por Buzios Con Almuerzo;https://www.getyourguide.com/es-es/rio-de-janeiro-l9/desde-rio-de-janeiro-paseo-en-barco-por-buzios-con-almuerzo-t388489/
Brasil;rio-de-janeiro-l9;411306;Rio De Janeiro Tour Expres De 4 Horas Al Cristo Redentor;https://www.getyourguide.com/es-es/rio-de-janeiro-l9/rio-de-janeiro-tour-expres-de-4-horas-al-cristo-redentor-t411306/
Brasil;manaos-l917;1076138;Manaus Visita Al Museo Del Seringal;https://www.getyourguide.com/es-es/manaos-l917/manaus-visita-al-museo-del-seringal-t1076138/
Brasil;florianopolis-l246;1104072; Taller De Perfumeria Crea Tu Fragancia Unica En Florianopolis ;https://www.getyourguide.com/es-es/florianopolis-l246/-taller-de-perfumeria-crea-tu-fragancia-unica-en-florianopolis--t1104072/
Brasil;barreirinhas-l105727;1119163;Maranhao Tubing En Las Aguas Cristalinas Del Rio Formiga;https://www.getyourguide.com/es-es/barreirinhas-l105727/maranhao-tubing-en-las-aguas-cristalinas-del-rio-formiga-t1119163/
Brasil;bento-goncalves-l117160;1193673;Ciudad De Flores Da Cunha Sabores De La Sierra Y Libertad Sobre Dos Ruedas;https://www.getyourguide.com/es-es/bento-goncalves-l117160/ciudad-de-flores-da-cunha-sabores-de-la-sierra-y-libertad-sobre-dos-ruedas-t1193673/
Brasil;rio-de-janeiro-l9;831098;Rio De Janeiro Excursion En Lancha Rapida Atardecer Con Cerveza;https://www.getyourguide.com/es-es/rio-de-janeiro-l9/rio-de-janeiro-excursion-en-lancha-rapida-atardecer-con-cerveza-t831098/
Brasil;rio-de-janeiro-l9;1297097;Partido Del Flamengo En El Maracana Ticket Vip Barra Libre Y Traslado;https://www.getyourguide.com/es-es/rio-de-janeiro-l9/partido-del-flamengo-en-el-maracana-ticket-vip-barra-libre-y-traslado-t1297097/
Brasil;rio-de-janeiro-l9;1297326;Futbol En El Maracana Tickets Oficiales Del Flamengo Y Traslado Vip;https://www.getyourguide.com/es-es/rio-de-janeiro-l9/futbol-en-el-maracana-tickets-oficiales-del-flamengo-y-traslado-vip-t1297326/
Brasil;florianopolis-l246;846963;Traslado Privado Aeropuerto De Florianopolis A Balneario Camboriu Sc;https://www.getyourguide.com/es-es/florianopolis-l246/traslado-privado-aeropuerto-de-florianopolis-a-balneario-camboriu-sc-t846963/
Brasil;arraial-del-cabo-l95354;878215;Aventura En Arraial Do Cabo Tour Guiado Playas Y Almuerzo;https://www.getyourguide.com/es-es/arraial-del-cabo-l95354/aventura-en-arraial-do-cabo-tour-guiado-playas-y-almuerzo-t878215/
Brasil;rio-de-janeiro-l9;54554;Senderismo Dos Hermanos Favela Tour Vidigal;https://www.getyourguide.com/es-es/rio-de-janeiro-l9/senderismo-dos-hermanos-favela-tour-vidigal-t54554/
Brasil;rio-de-janeiro-l9;961203;Clases De Yoga Surf Playa De Ipanema;https://www.getyourguide.com/es-es/rio-de-janeiro-l9/clases-de-yoga-surf-playa-de-ipanema-t961203/
Brasil;rio-de-janeiro-l9;964984;Rio De Janeiro Vuelo Privado En Helicoptero Sobre La Ciudad;https://www.getyourguide.com/es-es/rio-de-janeiro-l9/rio-de-janeiro-vuelo-privado-en-helicoptero-sobre-la-ciudad-t964984/
Brasil;rio-de-janeiro-l9;1051666;Ipanema Experiencia Fotografica Al Atardecer Carioca;https://www.getyourguide.com/es-es/rio-de-janeiro-l9/ipanema-experiencia-fotografica-al-atardecer-carioca-t1051666/
Brasil;rio-de-janeiro-l9;1061631;Rio De Janeiro Ruta Por Bares De Samba Con Experiencia De Caipirinha;https://www.getyourguide.com/es-es/rio-de-janeiro-l9/rio-de-janeiro-ruta-por-bares-de-samba-con-experiencia-de-caipirinha-t1061631/
Brasil;guarajuba-l128588;1099013;Excursion De Un Dia De Surf Y Paisajes Salvador Itacimirim 8 H;https://www.getyourguide.com/es-es/guarajuba-l128588/excursion-de-un-dia-de-surf-y-paisajes-salvador-itacimirim-8-h-t1099013/
Brasil;sao-paulo-l384;1123393;Sao Paulo Visita Guiada Por El Jardin Botanico;https://www.getyourguide.com/es-es/sao-paulo-l384/sao-paulo-visita-guiada-por-el-jardin-botanico-t1123393/
Brasil;matelandia-l214878;1236127;Meditacion En Las Cataratas Del Iguazu La Naturaleza Y La Tranquilidad;https://www.getyourguide.com/es-es/matelandia-l214878/meditacion-en-las-cataratas-del-iguazu-la-naturaleza-y-la-tranquilidad-t1236127/
Brasil;salvador-brasil-l1430;655454;Salvador Clase De Capoeira En La 1A Escuela De Mestre Bimba;https://www.getyourguide.com/es-es/salvador-brasil-l1430/salvador-clase-de-capoeira-en-la-1a-escuela-de-mestre-bimba-t655454/
Brasil;rio-de-janeiro-l9;712314;Rio De Janeiro Ruta De 6 Horas A La Pedra Da Gavea Con Guia Local;https://www.getyourguide.com/es-es/rio-de-janeiro-l9/rio-de-janeiro-ruta-de-6-horas-a-la-pedra-da-gavea-con-guia-local-t712314/
Brasil;rio-de-janeiro-l9;1313570;Rio Photo Tours Tour Fotografico Privado De Un Dia Por Rio De Janeiro;https://www.getyourguide.com/es-es/rio-de-janeiro-l9/rio-photo-tours-tour-fotografico-privado-de-un-dia-por-rio-de-janeiro-t1313570/
Brasil;jericoacoara-l105737;1324772;Quad Por La Costa Este De Jericoacoara;https://www.getyourguide.com/es-es/jericoacoara-l105737/quad-por-la-costa-este-de-jericoacoara-t1324772/
Brasil;salvador-brasil-l1430;829134;Desde Salvador Excursion En Goleta A Las Islas Frades E Itaparica;https://www.getyourguide.com/es-es/salvador-brasil-l1430/desde-salvador-excursion-en-goleta-a-las-islas-frades-e-itaparica-t829134/
Brasil;rio-de-janeiro-l9;860281;Favela En Rio Wit Transfer Tour Guiado Recorrido 100 Seguro;https://www.getyourguide.com/es-es/rio-de-janeiro-l9/favela-en-rio-wit-transfer-tour-guiado-recorrido-100-seguro-t860281/
Brasil;rio-de-janeiro-l9;878287;Samba Fit Experience Diversion Fitness Y La Cultura Emblematica De Rio;https://www.getyourguide.com/es-es/rio-de-janeiro-l9/samba-fit-experience-diversion-fitness-y-la-cultura-emblematica-de-rio-t878287/
Brasil;jericoacoara-l105737;879745;Jericoacoara Aventura De Un Dia Completo En Un Paraiso Costero;https://www.getyourguide.com/es-es/jericoacoara-l105737/jericoacoara-aventura-de-un-dia-completo-en-un-paraiso-costero-t879745/
Brasil;rio-de-janeiro-l9;285677;Tour En Barco Inolvidable Al Atardecer Con Caipirinhas;https://www.getyourguide.com/es-es/rio-de-janeiro-l9/tour-en-barco-inolvidable-al-atardecer-con-caipirinhas-t285677/
Brasil;rio-de-janeiro-l9;1010863;Rio De Janeiro Tour Completo Por La Ciudad Por Tierra Y Aire En Helicoptero;https://www.getyourguide.com/es-es/rio-de-janeiro-l9/rio-de-janeiro-tour-completo-por-la-ciudad-por-tierra-y-aire-en-helicoptero-t1010863/
Brasil;angra-dos-reis-l88183;1040990;Aventura De Rafting Con Jeep 4X4 En La Mata Atlantica;https://www.getyourguide.com/es-es/angra-dos-reis-l88183/aventura-de-rafting-con-jeep-4x4-en-la-mata-atlantica-t1040990/
Brasil;barreirinhas-l105727;1042793;Paseo En Barco Por El Rio Preguicas Hasta Cabure Y Vassouras;https://www.getyourguide.com/es-es/barreirinhas-l105727/paseo-en-barco-por-el-rio-preguicas-hasta-cabure-y-vassouras-t1042793/
Brasil;arraial-del-cabo-l95354;491409;Arraial Do Cabo Tour En Barco Con Tobogan Y Bar A Bordo;https://www.getyourguide.com/es-es/arraial-del-cabo-l95354/arraial-do-cabo-tour-en-barco-con-tobogan-y-bar-a-bordo-t491409/
Brasil;sao-paulo-l384;1089843;Sao Paulo Tour De 4 Dias Por El Pantanal Para Ver Jaguares Y Fauna;https://www.getyourguide.com/es-es/sao-paulo-l384/sao-paulo-tour-de-4-dias-por-el-pantanal-para-ver-jaguares-y-fauna-t1089843/
Brasil;foz-de-iguazu-l497;746484;Tour Guiado Por Las Cataratas Brasilenas Y El Parque De Las Aves;https://www.getyourguide.com/es-es/foz-de-iguazu-l497/tour-guiado-por-las-cataratas-brasilenas-y-el-parque-de-las-aves-t746484/
Brasil;rio-de-janeiro-l9;808877;Rio De Janeiro Voo De Helicoptero Sem Portas Sin Puertas;https://www.getyourguide.com/es-es/rio-de-janeiro-l9/rio-de-janeiro-voo-de-helicoptero-sem-portas-sin-puertas-t808877/
Brasil;salvador-brasil-l1430;829153;Desde Salvador Excursion Al Morro De Sao Paulo;https://www.getyourguide.com/es-es/salvador-brasil-l1430/desde-salvador-excursion-al-morro-de-sao-paulo-t829153/
Brasil;rio-de-janeiro-l9;847463;Visita Guiada Jardin Botanico Y Parque Lage En El Corazon De Rio;https://www.getyourguide.com/es-es/rio-de-janeiro-l9/visita-guiada-jardin-botanico-y-parque-lage-en-el-corazon-de-rio-t847463/
Brasil;rio-de-janeiro-l9;389738;Escala En El Aeropuerto De Rio Excursion Al Cristo Redentor Y Al Pan De Azucar;https://www.getyourguide.com/es-es/rio-de-janeiro-l9/escala-en-el-aeropuerto-de-rio-excursion-al-cristo-redentor-y-al-pan-de-azucar-t389738/
Brasil;rio-de-janeiro-l9;1077513;Pantanal Carioca Excursion De Evasion Urbana Y Conexion Con La Naturaleza;https://www.getyourguide.com/es-es/rio-de-janeiro-l9/pantanal-carioca-excursion-de-evasion-urbana-y-conexion-con-la-naturaleza-t1077513/
Brasil;parnaiba-l194334;1101395;Parnaiba Excursion Por La Costa De Piaui Con Barra Grande;https://www.getyourguide.com/es-es/parnaiba-l194334/parnaiba-excursion-por-la-costa-de-piaui-con-barra-grande-t1101395/
Brasil;salvador-brasil-l1430;475627;Salvador De Bahia Excursion Privada A Medida Con Guia Local;https://www.getyourguide.com/es-es/salvador-brasil-l1430/salvador-de-bahia-excursion-privada-a-medida-con-guia-local-t475627/
Brasil;rio-de-janeiro-l9;510378;Rio Tour A Pie Por La Cultura Africana;https://www.getyourguide.com/es-es/rio-de-janeiro-l9/rio-tour-a-pie-por-la-cultura-africana-t510378/
Brasil;rio-de-janeiro-l9;781839;Aulas De Surfe No Arpoador Em Ipanema;https://www.getyourguide.com/es-es/rio-de-janeiro-l9/aulas-de-surfe-no-arpoador-em-ipanema-t781839/
Brasil;fortaleza-l1863;93513;Traslados Al Aeropuerto De Fortaleza Ida Y Vuelta;https://www.getyourguide.com/es-es/fortaleza-l1863/traslados-al-aeropuerto-de-fortaleza-ida-y-vuelta-t93513/
Brasil;rio-de-janeiro-l9;852794;Rio De Janeiro Cristo Redentor En Tren Y Tour De La Ciudad;https://www.getyourguide.com/es-es/rio-de-janeiro-l9/rio-de-janeiro-cristo-redentor-en-tren-y-tour-de-la-ciudad-t852794/
Brasil;lencois-l32549;874944;Lo Mas Destacado De Chapada Cuevas Pratinha Y Colina De Los Camellos;https://www.getyourguide.com/es-es/lencois-l32549/lo-mas-destacado-de-chapada-cuevas-pratinha-y-colina-de-los-camellos-t874944/
Brasil;foz-de-iguazu-l497;280737;Cataratas Del Iguazu Lado Argentino;https://www.getyourguide.com/es-es/foz-de-iguazu-l497/cataratas-del-iguazu-lado-argentino-t280737/
Brasil;rio-de-janeiro-l9;938135;Rio De Janeiro Parapente;https://www.getyourguide.com/es-es/rio-de-janeiro-l9/rio-de-janeiro-parapente-t938135/
Brasil;villa-do-abraao-l176580;468607;Desde Ilha Grande Billete De Ida Y Vuelta En Barco A La Playa De Lopes Mendes;https://www.getyourguide.com/es-es/villa-do-abraao-l176580/desde-ilha-grande-billete-de-ida-y-vuelta-en-barco-a-la-playa-de-lopes-mendes-t468607/
Brasil;barreirinhas-l105727;1041917;Ruta De La Lagoa Bonita Y Las Dunas De Lencois;https://www.getyourguide.com/es-es/barreirinhas-l105727/ruta-de-la-lagoa-bonita-y-las-dunas-de-lencois-t1041917/
Brasil;chapada-dos-guimaraes-l222401;1091825;Chapada Dos Guimaraes Trekking Del Morro De Sao Jeronimo;https://www.getyourguide.com/es-es/chapada-dos-guimaraes-l222401/chapada-dos-guimaraes-trekking-del-morro-de-sao-jeronimo-t1091825/
Brasil;rio-de-janeiro-l9;1127825;Rio De Janeiro Visita Guiada A Bodegas Con Cata De Vino;https://www.getyourguide.com/es-es/rio-de-janeiro-l9/rio-de-janeiro-visita-guiada-a-bodegas-con-cata-de-vino-t1127825/
Brasil;maceio-l2064;1148356;City Tour Maceio;https://www.getyourguide.com/es-es/maceio-l2064/city-tour-maceio-t1148356/
Brasil;rio-de-janeiro-l9;709760;Un Inolvidable Paseo En Helicoptero De 60 Minutos En Rio De Janeiro;https://www.getyourguide.com/es-es/rio-de-janeiro-l9/un-inolvidable-paseo-en-helicoptero-de-60-minutos-en-rio-de-janeiro-t709760/
Brasil;foz-de-iguazu-l497;879690;Cascadas Parque De Las Aves Y Safari Macuco Experiencia Completa;https://www.getyourguide.com/es-es/foz-de-iguazu-l497/cascadas-parque-de-las-aves-y-safari-macuco-experiencia-completa-t879690/
Brasil;lagoinha-l141886;879724;Explora La Playa De Lagoinha Experiencia De Un Tour De Dia Completo Con Guia;https://www.getyourguide.com/es-es/lagoinha-l141886/explora-la-playa-de-lagoinha-experiencia-de-un-tour-de-dia-completo-con-guia-t879724/
Brasil;rio-de-janeiro-l9;41505;Rio Descubre La Selva De Tijuca Caminata Por Picos Cuevas Y Cascadas;https://www.getyourguide.com/es-es/rio-de-janeiro-l9/rio-descubre-la-selva-de-tijuca-caminata-por-picos-cuevas-y-cascadas-t41505/
Brasil;rio-de-janeiro-l9;383919;Rio De Janeiro Entrada Al Escenario De Rio Cena Y Barra Libre;https://www.getyourguide.com/es-es/rio-de-janeiro-l9/rio-de-janeiro-entrada-al-escenario-de-rio-cena-y-barra-libre-t383919/
Brasil;brasilia-l144326;1069496;Brasilia Tour Guiado En Bicicleta Por El Eje Monumental;https://www.getyourguide.com/es-es/brasilia-l144326/brasilia-tour-guiado-en-bicicleta-por-el-eje-monumental-t1069496/
Brasil;paraty-l1845;410014;Paraty Pico Pao De Acucar Senderismo Y Trekking;https://www.getyourguide.com/es-es/paraty-l1845/paraty-pico-pao-de-acucar-senderismo-y-trekking-t410014/
Brasil;rio-de-janeiro-l9;411222;Desde Copacabana Tour Privado De 1 Dia Por El Valle Del Cafe;https://www.getyourguide.com/es-es/rio-de-janeiro-l9/desde-copacabana-tour-privado-de-1-dia-por-el-valle-del-cafe-t411222/
Brasil;maceio-l2064;1097386;Escapate De Las Multitudes En Ipioca Un Paraiso En La Costa Norte;https://www.getyourguide.com/es-es/maceio-l2064/escapate-de-las-multitudes-en-ipioca-un-paraiso-en-la-costa-norte-t1097386/
Brasil;rio-de-janeiro-l9;496675;Del Grafiti A La Historia Explorando El Arte Urbano Y La Cultura Callejera De Rio;https://www.getyourguide.com/es-es/rio-de-janeiro-l9/del-grafiti-a-la-historia-explorando-el-arte-urbano-y-la-cultura-callejera-de-rio-t496675/
Brasil;florianopolis-l246;620239;Floripa Kayak Y Surf De Remo A Una Playa Secreta Y Fauna;https://www.getyourguide.com/es-es/florianopolis-l246/floripa-kayak-y-surf-de-remo-a-una-playa-secreta-y-fauna-t620239/
Brasil;foz-de-iguazu-l497;1238069;Experiencia Premium Privada Cataratas Del Iguazu Brasil Y Parque De Las Aves;https://www.getyourguide.com/es-es/foz-de-iguazu-l497/experiencia-premium-privada-cataratas-del-iguazu-brasil-y-parque-de-las-aves-t1238069/
Brasil;barreirinhas-l105727;779096;Guia Turistico De Habla Alemana Para Los Lencois Maranhenses;https://www.getyourguide.com/es-es/barreirinhas-l105727/guia-turistico-de-habla-alemana-para-los-lencois-maranhenses-t779096/
Brasil;lencois-l32549;1320837;Encantos Da Chapada Cascada Del Mosquito Rio Mucugezinho Y Pozo Del Diablo;https://www.getyourguide.com/es-es/lencois-l32549/encantos-da-chapada-cascada-del-mosquito-rio-mucugezinho-y-pozo-del-diablo-t1320837/
Brasil;balneario-camboriu-l32252;1322479;Balneario Camboriu Ticket De Entrada A Summit Bc;https://www.getyourguide.com/es-es/balneario-camboriu-l32252/balneario-camboriu-ticket-de-entrada-a-summit-bc-t1322479/
Brasil;rio-de-janeiro-l9;865087;Gig Aeropuerto Internacional De Rj A Vila Do Abraao En Ilha Grande;https://www.getyourguide.com/es-es/rio-de-janeiro-l9/gig-aeropuerto-internacional-de-rj-a-vila-do-abraao-en-ilha-grande-t865087/
Brasil;arraial-del-cabo-l95354;878214;Excursion Guiada A Arraial Do Cabo Con Aguas Cristalinas Y Almuerzo;https://www.getyourguide.com/es-es/arraial-del-cabo-l95354/excursion-guiada-a-arraial-do-cabo-con-aguas-cristalinas-y-almuerzo-t878214/
Brasil;rio-de-janeiro-l9;890362;Rio De Janeiro Roxy Cena Espectaculo Con Servicio De Recogida Del Hotel;https://www.getyourguide.com/es-es/rio-de-janeiro-l9/rio-de-janeiro-roxy-cena-espectaculo-con-servicio-de-recogida-del-hotel-t890362/
Brasil;balneario-camboriu-l32252;266090;Balneario Camboriu Ruta Germanica Con Blumenau Y Pomerode;https://www.getyourguide.com/es-es/balneario-camboriu-l32252/balneario-camboriu-ruta-germanica-con-blumenau-y-pomerode-t266090/
Brasil;angra-dos-reis-l88183;977865;Angra Dos Reis Paseo En Lancha Privada Super Lagoa Azul;https://www.getyourguide.com/es-es/angra-dos-reis-l88183/angra-dos-reis-paseo-en-lancha-privada-super-lagoa-azul-t977865/
Brasil;sao-paulo-l384;1048632;Sao Paulo Paseo Cultural Por El Centro Historico;https://www.getyourguide.com/es-es/sao-paulo-l384/sao-paulo-paseo-cultural-por-el-centro-historico-t1048632/
Brasil;rio-de-janeiro-l9;1114568;Tour Fotografico Por Los Antiguos Puntos Turisticos De Rio De Janeiro;https://www.getyourguide.com/es-es/rio-de-janeiro-l9/tour-fotografico-por-los-antiguos-puntos-turisticos-de-rio-de-janeiro-t1114568/
Brasil;rio-de-janeiro-l9;551616;Come Bebe Y Descubre Rio Como Un Local Con Un Local;https://www.getyourguide.com/es-es/rio-de-janeiro-l9/come-bebe-y-descubre-rio-como-un-local-con-un-local-t551616/
Brasil;angra-dos-reis-l88183;598817;Angra Dos Reis Excursion En Lancha Rapida Por Las Islas Paraiso;https://www.getyourguide.com/es-es/angra-dos-reis-l88183/angra-dos-reis-excursion-en-lancha-rapida-por-las-islas-paraiso-t598817/
Brasil;rio-de-janeiro-l9;1249398;Rio De Janeiro Maracana Zv Experience;https://www.getyourguide.com/es-es/rio-de-janeiro-l9/rio-de-janeiro-maracana-zv-experience-t1249398/
Brasil;foz-de-iguazu-l497;729444;Tour Privado Cataratas Del Iguazu Lado Argentina;https://www.getyourguide.com/es-es/foz-de-iguazu-l497/tour-privado-cataratas-del-iguazu-lado-argentina-t729444/
Brasil;rio-de-janeiro-l9;737511;Pedra Do Telegrafo Sendero Y Descubrimiento De La Belleza De La Playa;https://www.getyourguide.com/es-es/rio-de-janeiro-l9/pedra-do-telegrafo-sendero-y-descubrimiento-de-la-belleza-de-la-playa-t737511/
Brasil;maceio-l2064;26864;Excursion De Un Dia En Barco Por El Santuario De La Naturaleza Del Rio San Francisco;https://www.getyourguide.com/es-es/maceio-l2064/excursion-de-un-dia-en-barco-por-el-santuario-de-la-naturaleza-del-rio-san-francisco-t26864/
Brasil;belem-brasil-l32400;385722;Desde Belem Excursion De 3 Horas A La Ceramica Icoaraci;https://www.getyourguide.com/es-es/belem-brasil-l32400/desde-belem-excursion-de-3-horas-a-la-ceramica-icoaraci-t385722/
Brasil;natal-l2112;554965;Natal Puesta De Sol Con Paseo En Barco Por El Rio Potengi;https://www.getyourguide.com/es-es/natal-l2112/natal-puesta-de-sol-con-paseo-en-barco-por-el-rio-potengi-t554965/
Brasil;rio-de-janeiro-l9;1082470;Rio Miradores De Pedra Da Gavea Y Experiencia De Senderismo Por El Bosque;https://www.getyourguide.com/es-es/rio-de-janeiro-l9/rio-miradores-de-pedra-da-gavea-y-experiencia-de-senderismo-por-el-bosque-t1082470/
Brasil;rio-de-janeiro-l9;1123663;Rio De Janeiro Una Experiencia Unica En La Fiesta Latin Funk;https://www.getyourguide.com/es-es/rio-de-janeiro-l9/rio-de-janeiro-una-experiencia-unica-en-la-fiesta-latin-funk-t1123663/
Brasil;curitiba-l1849;1226993;Curitiba Entrada Para Un Evento De Pintura En El Taller De Un Artista Local;https://www.getyourguide.com/es-es/curitiba-l1849/curitiba-entrada-para-un-evento-de-pintura-en-el-taller-de-un-artista-local-t1226993/
Brasil;rio-de-janeiro-l9;791812;Rio De Janeiro Tour Privado Personalizado De Lo Mas Destacado De La Ciudad;https://www.getyourguide.com/es-es/rio-de-janeiro-l9/rio-de-janeiro-tour-privado-personalizado-de-lo-mas-destacado-de-la-ciudad-t791812/
Brasil;villa-do-abraao-l176580;805675;Ilha Grande Tour En Barco Por La Mitad Norte De La Isla;https://www.getyourguide.com/es-es/villa-do-abraao-l176580/ilha-grande-tour-en-barco-por-la-mitad-norte-de-la-isla-t805675/
Brasil;rio-de-janeiro-l9;815412;Copy Of Rio Express;https://www.getyourguide.com/es-es/rio-de-janeiro-l9/copy-of-rio-express-t815412/
Brasil;villa-do-abraao-l176580;1242576;Ilha Grande Privada Con Barbacoa A Bordo;https://www.getyourguide.com/es-es/villa-do-abraao-l176580/ilha-grande-privada-con-barbacoa-a-bordo-t1242576/
Brasil;sao-paulo-l384;975897;Recorrido A Pie Por El Barrio De La Luz;https://www.getyourguide.com/es-es/sao-paulo-l384/recorrido-a-pie-por-el-barrio-de-la-luz-t975897/
Brasil;florianopolis-l246;1139809;Cocina Y Prueba 8 Recetas Brasilenas En Florianopolis;https://www.getyourguide.com/es-es/florianopolis-l246/cocina-y-prueba-8-recetas-brasilenas-en-florianopolis-t1139809/
Brasil;rio-de-janeiro-l9;1165310;Rio De Janeiro Ruta De Senderismo Por Pedra Da Gavea Con Traslado;https://www.getyourguide.com/es-es/rio-de-janeiro-l9/rio-de-janeiro-ruta-de-senderismo-por-pedra-da-gavea-con-traslado-t1165310/
Brasil;rio-de-janeiro-l9;390003;Rio De Janeiro Tour A Pie Por El Patrimonio De La Pequena Africa;https://www.getyourguide.com/es-es/rio-de-janeiro-l9/rio-de-janeiro-tour-a-pie-por-el-patrimonio-de-la-pequena-africa-t390003/
Brasil;rio-de-janeiro-l9;944884;Rio De Janeiro Tour Por La Religion Afro Brasilena Del Candomble;https://www.getyourguide.com/es-es/rio-de-janeiro-l9/rio-de-janeiro-tour-por-la-religion-afro-brasilena-del-candomble-t944884/
Brasil;rio-de-janeiro-l9;1093940;Rio Vive Un Partido De Futbol En El Estadio De Maracana;https://www.getyourguide.com/es-es/rio-de-janeiro-l9/rio-vive-un-partido-de-futbol-en-el-estadio-de-maracana-t1093940/
Brasil;foz-de-iguazu-l497;628290;Foz Do Iguacu Cataratas Brasilenas Parque De Aves En Un Tour Privado;https://www.getyourguide.com/es-es/foz-de-iguazu-l497/foz-do-iguacu-cataratas-brasilenas-parque-de-aves-en-un-tour-privado-t628290/
Brasil;foz-de-iguazu-l497;1163563;Rafain Show Espectaculo Latinoamericano Con Cena En Foz Do Iguacu;https://www.getyourguide.com/es-es/foz-de-iguazu-l497/rafain-show-espectaculo-latinoamericano-con-cena-en-foz-do-iguacu-t1163563/
Brasil;rio-de-janeiro-l9;641714;Rio De Janeiro Lapa Y Santa Teresa;https://www.getyourguide.com/es-es/rio-de-janeiro-l9/rio-de-janeiro-lapa-y-santa-teresa-t641714/
Brasil;itacare-l143043;1224689;Itacare Y Marau Bano En El Bosque Y Visita A Una Cascada;https://www.getyourguide.com/es-es/itacare-l143043/itacare-y-marau-bano-en-el-bosque-y-visita-a-una-cascada-t1224689/
Brasil;niteroi-l34109;1233635;Niteroi Paseo Radical En Parapente Doble Con Instruccion;https://www.getyourguide.com/es-es/niteroi-l34109/niteroi-paseo-radical-en-parapente-doble-con-instruccion-t1233635/
Brasil;rio-de-janeiro-l9;1285285;Rio De Janeiro Caminata Al Amanecer Por El Telegrafo Y Rato En La Playa;https://www.getyourguide.com/es-es/rio-de-janeiro-l9/rio-de-janeiro-caminata-al-amanecer-por-el-telegrafo-y-rato-en-la-playa-t1285285/
Brasil;buzios-l1832;1307427;Buzios Estatua De Brigitte Bardot Playa Brava Y Ruta Playa Olho De Boi;https://www.getyourguide.com/es-es/buzios-l1832/buzios-estatua-de-brigitte-bardot-playa-brava-y-ruta-playa-olho-de-boi-t1307427/
Brasil;foz-de-iguazu-l497;960102;Tour Completo A Las Cataratas Del Iguazu Sendero Macuco Parque De Aves;https://www.getyourguide.com/es-es/foz-de-iguazu-l497/tour-completo-a-las-cataratas-del-iguazu-sendero-macuco-parque-de-aves-t960102/
Brasil;andradas-l244383;1028162;Andradas Experiencia Inmersiva En El Mundo Del Cafe Desde El Cultivo Hasta La Taza;https://www.getyourguide.com/es-es/andradas-l244383/andradas-experiencia-inmersiva-en-el-mundo-del-cafe-desde-el-cultivo-hasta-la-taza-t1028162/
Brasil;barreirinhas-l105727;1041922;Lagoa Bonita Dunas Altas Y Puesta De Sol En Lencois;https://www.getyourguide.com/es-es/barreirinhas-l105727/lagoa-bonita-dunas-altas-y-puesta-de-sol-en-lencois-t1041922/
Brasil;maragogi-l122555;1098274;Maragogi Piscinas Naturales Arrecifes De Coral Y Aguas Cristalinas;https://www.getyourguide.com/es-es/maragogi-l122555/maragogi-piscinas-naturales-arrecifes-de-coral-y-aguas-cristalinas-t1098274/
Brasil;januaria-l250975;1111160;Januaria Paseo En Barco Con Parada Para Nadar En El Rio Sao Francisco;https://www.getyourguide.com/es-es/januaria-l250975/januaria-paseo-en-barco-con-parada-para-nadar-en-el-rio-sao-francisco-t1111160/
Brasil;rio-de-janeiro-l9;515875;Traslado Del Aeropuerto Internacional De Galeao;https://www.getyourguide.com/es-es/rio-de-janeiro-l9/traslado-del-aeropuerto-internacional-de-galeao-t515875/
Brasil;paraty-l1845;639331;Traslado Compartido De Rio De Janeiro A Paraty;https://www.getyourguide.com/es-es/paraty-l1845/traslado-compartido-de-rio-de-janeiro-a-paraty-t639331/
Brasil;fortaleza-l1863;1269846;Excursion A La Playa De Paracuru Paseo En Buggy Por Los Lencois Paracuruenses;https://www.getyourguide.com/es-es/fortaleza-l1863/excursion-a-la-playa-de-paracuru-paseo-en-buggy-por-los-lencois-paracuruenses-t1269846/
Brasil;rio-de-janeiro-l9;723226;Rio De Janeiro Tour A Pie Por El Centro De La Ciudad;https://www.getyourguide.com/es-es/rio-de-janeiro-l9/rio-de-janeiro-tour-a-pie-por-el-centro-de-la-ciudad-t723226/
Brasil;fortaleza-l1863;227140;Desde Fortaleza Excursion De Un Dia A Jericoacoara;https://www.getyourguide.com/es-es/fortaleza-l1863/desde-fortaleza-excursion-de-un-dia-a-jericoacoara-t227140/
Brasil;belem-brasil-l32400;386542;Desde Belem Ruta Del Queso Marajoara De 2 Dias Con Comidas;https://www.getyourguide.com/es-es/belem-brasil-l32400/desde-belem-ruta-del-queso-marajoara-de-2-dias-con-comidas-t386542/
Brasil;rio-de-janeiro-l9;392345;Rio De Janeiro Recorrido Gastronomico Clasico Por El Centro;https://www.getyourguide.com/es-es/rio-de-janeiro-l9/rio-de-janeiro-recorrido-gastronomico-clasico-por-el-centro-t392345/
Brasil;rio-de-janeiro-l9;410745;Rio Tour Tras Bambalinas Del Carnaval En Samba City Con Coctel;https://www.getyourguide.com/es-es/rio-de-janeiro-l9/rio-tour-tras-bambalinas-del-carnaval-en-samba-city-con-coctel-t410745/
Brasil;natal-l2112;927276;Rota Do Sol Excursion En 4X4;https://www.getyourguide.com/es-es/natal-l2112/rota-do-sol-excursion-en-4x4-t927276/
Brasil;san-luis-l105732;494568;Traslado Sao Luis A Barreirinhas Privado Lencois;https://www.getyourguide.com/es-es/san-luis-l105732/traslado-sao-luis-a-barreirinhas-privado-lencois-t494568/
Brasil;arraial-del-cabo-l95354;548875;Arraial Do Cabo Un Dia En El Caribe Brasileno;https://www.getyourguide.com/es-es/arraial-del-cabo-l95354/arraial-do-cabo-un-dia-en-el-caribe-brasileno-t548875/
Brasil;rio-de-janeiro-l9;1067936;Clase De Cocina Brasilena En Rio Hornea Y Mezcla;https://www.getyourguide.com/es-es/rio-de-janeiro-l9/clase-de-cocina-brasilena-en-rio-hornea-y-mezcla-t1067936/
Brasil;rio-de-janeiro-l9;610243;Rio De Janeiro Vuelos En Parapente Biplaza Sobre Rio;https://www.getyourguide.com/es-es/rio-de-janeiro-l9/rio-de-janeiro-vuelos-en-parapente-biplaza-sobre-rio-t610243/
Brasil;natal-l2112;1109327;Natal Ruta 4X4 Por Lagunas Dunas Y Senderos;https://www.getyourguide.com/es-es/natal-l2112/natal-ruta-4x4-por-lagunas-dunas-y-senderos-t1109327/
Brasil;foz-de-iguazu-l497;1119068;Desde El Hotel Belmond Tour Privado A Las Cataratas Argentinas Con Entrada;https://www.getyourguide.com/es-es/foz-de-iguazu-l497/desde-el-hotel-belmond-tour-privado-a-las-cataratas-argentinas-con-entrada-t1119068/
Brasil;rio-de-janeiro-l9;1124538;Rio De Janeiro Tour Guiado En Bici Con Fotos E Historia;https://www.getyourguide.com/es-es/rio-de-janeiro-l9/rio-de-janeiro-tour-guiado-en-bici-con-fotos-e-historia-t1124538/
Brasil;rio-de-janeiro-l9;1165234;Rio De Janeiro Ruta De Senderismo A Pedra Do Telegrafo Con Traslado;https://www.getyourguide.com/es-es/rio-de-janeiro-l9/rio-de-janeiro-ruta-de-senderismo-a-pedra-do-telegrafo-con-traslado-t1165234/
Brasil;foz-de-iguazu-l497;847329;Cataratas Del Iguazu Parque De Las Aves Safari En Barco Todas Las Entradas;https://www.getyourguide.com/es-es/foz-de-iguazu-l497/cataratas-del-iguazu-parque-de-las-aves-safari-en-barco-todas-las-entradas-t847329/
Brasil;rio-de-janeiro-l9;916200;Vuelo En Helicoptero En Rio De Janeiro;https://www.getyourguide.com/es-es/rio-de-janeiro-l9/vuelo-en-helicoptero-en-rio-de-janeiro-t916200/
Brasil;salvador-brasil-l1430;18417;Dos Frades E Islas Itaparica En Goleta;https://www.getyourguide.com/es-es/salvador-brasil-l1430/dos-frades-e-islas-itaparica-en-goleta-t18417/
Brasil;rio-de-janeiro-l9;161598;Rio De Janeiro Tour Privado Al Amanecer;https://www.getyourguide.com/es-es/rio-de-janeiro-l9/rio-de-janeiro-tour-privado-al-amanecer-t161598/
Brasil;paraty-l1845;282047;Traslado Compartido De Paraty A Ilha Grande;https://www.getyourguide.com/es-es/paraty-l1845/traslado-compartido-de-paraty-a-ilha-grande-t282047/
Brasil;florianopolis-l246;511389;Florianopolis Tour A Pie Historia Arte Y Gastronomia;https://www.getyourguide.com/es-es/florianopolis-l246/florianopolis-tour-a-pie-historia-arte-y-gastronomia-t511389/
Brasil;rio-de-janeiro-l9;511764;Excursion En Helicoptero Rio De Janeiro;https://www.getyourguide.com/es-es/rio-de-janeiro-l9/excursion-en-helicoptero-rio-de-janeiro-t511764/
Brasil;rio-de-janeiro-l9;1197989;Rio De Janeiro Tour De Bares De Funk En Rocinha Con Bebidas;https://www.getyourguide.com/es-es/rio-de-janeiro-l9/rio-de-janeiro-tour-de-bares-de-funk-en-rocinha-con-bebidas-t1197989/
Brasil;manaos-l917;633112;Experiencia Sushi Amazon;https://www.getyourguide.com/es-es/manaos-l917/experiencia-sushi-amazon-t633112/
Brasil;florianopolis-l246;722394;Traslado Al Aeropuerto;https://www.getyourguide.com/es-es/florianopolis-l246/traslado-al-aeropuerto-t722394/
Brasil;paraty-l1845;257502;Paraty Experiencia De Buceo De Descubrimiento Para Principiantes;https://www.getyourguide.com/es-es/paraty-l1845/paraty-experiencia-de-buceo-de-descubrimiento-para-principiantes-t257502/
Brasil;rio-de-janeiro-l9;400181;Rio De Janeiro Cristo Redentor Pan De Azucar Medio Dia;https://www.getyourguide.com/es-es/rio-de-janeiro-l9/rio-de-janeiro-cristo-redentor-pan-de-azucar-medio-dia-t400181/
Brasil;rio-de-janeiro-l9;413406;De Rio De Janeiro A Angra Dos Reis Traslado Compartido;https://www.getyourguide.com/es-es/rio-de-janeiro-l9/de-rio-de-janeiro-a-angra-dos-reis-traslado-compartido-t413406/
Brasil;rio-de-janeiro-l9;1010572;Rio De Janeiro Tour De Los Equipos De Futbol De Rio;https://www.getyourguide.com/es-es/rio-de-janeiro-l9/rio-de-janeiro-tour-de-los-equipos-de-futbol-de-rio-t1010572/
Brasil;foz-de-iguazu-l497;1122728;Tour Privado Por El Parque De Aves Y Las Cataratas Del Iguazu;https://www.getyourguide.com/es-es/foz-de-iguazu-l497/tour-privado-por-el-parque-de-aves-y-las-cataratas-del-iguazu-t1122728/
Brasil;rio-de-janeiro-l9;820706;Rio De Janeiro Tour De La Ciudad Con Un Autentico Lugareno;https://www.getyourguide.com/es-es/rio-de-janeiro-l9/rio-de-janeiro-tour-de-la-ciudad-con-un-autentico-lugareno-t820706/
Brasil;rio-de-janeiro-l9;960401;Entradas Para El Teleferico Del Pan De Azucar Saltate Las Colas Saltate La Cola;https://www.getyourguide.com/es-es/rio-de-janeiro-l9/entradas-para-el-teleferico-del-pan-de-azucar-saltate-las-colas-saltate-la-cola-t960401/
Brasil;ubatuba-l192258;970853;Paseo En Velero En Ubatuba;https://www.getyourguide.com/es-es/ubatuba-l192258/paseo-en-velero-en-ubatuba-t970853/
Brasil;salvador-brasil-l1430;56295;Salvador Clase De Percusion;https://www.getyourguide.com/es-es/salvador-brasil-l1430/salvador-clase-de-percusion-t56295/
Brasil;rio-de-janeiro-l9;86477;Visita Al Centro De Rio De Janeiro;https://www.getyourguide.com/es-es/rio-de-janeiro-l9/visita-al-centro-de-rio-de-janeiro-t86477/
Brasil;sao-paulo-l384;291790;Sao Paulo Tour A Pie Por La Avenida Paulista;https://www.getyourguide.com/es-es/sao-paulo-l384/sao-paulo-tour-a-pie-por-la-avenida-paulista-t291790/
Brasil;fortaleza-l1863;315587;Desde Fortaleza Excursion De Un Dia A La Playa De Aguas Belas;https://www.getyourguide.com/es-es/fortaleza-l1863/desde-fortaleza-excursion-de-un-dia-a-la-playa-de-aguas-belas-t315587/
Brasil;rio-de-janeiro-l9;507740;Desde Rio Lo Mejor De Ilha Grande Y Angra Dos Reis;https://www.getyourguide.com/es-es/rio-de-janeiro-l9/desde-rio-lo-mejor-de-ilha-grande-y-angra-dos-reis-t507740/
Brasil;foz-de-iguazu-l497;1227156;Foz Do Iguacu Visita Guiada A Las Cataratas Del Iguazu Con Traslados;https://www.getyourguide.com/es-es/foz-de-iguazu-l497/foz-do-iguacu-visita-guiada-a-las-cataratas-del-iguazu-con-traslados-t1227156/
Brasil;sao-paulo-l384;1228274;Sao Paulo Tour Historico A Pie Con Un Arquitecto Local;https://www.getyourguide.com/es-es/sao-paulo-l384/sao-paulo-tour-historico-a-pie-con-un-arquitecto-local-t1228274/
Brasil;florianopolis-l246;1243975;Tour Guiado A Santo Antonio De Lisboa;https://www.getyourguide.com/es-es/florianopolis-l246/tour-guiado-a-santo-antonio-de-lisboa-t1243975/
Brasil;rio-de-janeiro-l9;590881;Rio De Janeiro Helitour De 30 Minutos Sin Puertas;https://www.getyourguide.com/es-es/rio-de-janeiro-l9/rio-de-janeiro-helitour-de-30-minutos-sin-puertas-t590881/
Brasil;sao-paulo-l384;1308009;Baila Samba Como Un Lugareno Experiencia En Una Roda Secreta De Sao Paulo;https://www.getyourguide.com/es-es/sao-paulo-l384/baila-samba-como-un-lugareno-experiencia-en-una-roda-secreta-de-sao-paulo-t1308009/
Brasil;barreirinhas-l105727;778820;Excursion De Medio Dia A Lagoa Bonito En Los Lencois Maranhenses;https://www.getyourguide.com/es-es/barreirinhas-l105727/excursion-de-medio-dia-a-lagoa-bonito-en-los-lencois-maranhenses-t778820/
Brasil;sao-paulo-l384;858479;Descubre Las Maravillas Del Litoral De Sao Paulo Santos Y Sao Vicente;https://www.getyourguide.com/es-es/sao-paulo-l384/descubre-las-maravillas-del-litoral-de-sao-paulo-santos-y-sao-vicente-t858479/
Brasil;rio-de-janeiro-l9;869366;Telegraph Stone From Rio;https://www.getyourguide.com/es-es/rio-de-janeiro-l9/telegraph-stone-from-rio-t869366/
Brasil;lagoinha-l141886;879725;Lo Mejor De La Playa De Lagoinha Tour De Exploracion Guiado De 1 Dia;https://www.getyourguide.com/es-es/lagoinha-l141886/lo-mejor-de-la-playa-de-lagoinha-tour-de-exploracion-guiado-de-1-dia-t879725/
Brasil;villa-do-abraao-l176580;455983;Ilha Grande Senderismo Privado Lopes Mendes;https://www.getyourguide.com/es-es/villa-do-abraao-l176580/ilha-grande-senderismo-privado-lopes-mendes-t455983/
Brasil;rio-de-janeiro-l9;466255;Rio De Janeiro Seis Lugares Que Hay Que Visitar En Rio Almuerzo;https://www.getyourguide.com/es-es/rio-de-janeiro-l9/rio-de-janeiro-seis-lugares-que-hay-que-visitar-en-rio-almuerzo-t466255/
Brasil;rio-de-janeiro-l9;1010141;Rio De Janeiro Tour A Pie Con Degustacion De Cafe Y Arquitectura;https://www.getyourguide.com/es-es/rio-de-janeiro-l9/rio-de-janeiro-tour-a-pie-con-degustacion-de-cafe-y-arquitectura-t1010141/
Brasil;rio-de-janeiro-l9;1012541;Rio Fiesta Baile Funk;https://www.getyourguide.com/es-es/rio-de-janeiro-l9/rio-fiesta-baile-funk-t1012541/
Brasil;rio-de-janeiro-l9;557429;Bossa Nova Y La Vida Carioca Copacabana E Ipanema;https://www.getyourguide.com/es-es/rio-de-janeiro-l9/bossa-nova-y-la-vida-carioca-copacabana-e-ipanema-t557429/
Brasil;rio-de-janeiro-l9;1139817;Tour Maravillas Del Puerto Rio De Janeiro;https://www.getyourguide.com/es-es/rio-de-janeiro-l9/tour-maravillas-del-puerto-rio-de-janeiro-t1139817/
Brasil;buzios-l1832;756578;Excursion Guiada Por Buzios Con Almuerzo Salida De Buzios;https://www.getyourguide.com/es-es/buzios-l1832/excursion-guiada-por-buzios-con-almuerzo-salida-de-buzios-t756578/
Brasil;rio-de-janeiro-l9;1192942;Recorrido A Pie Por Vidigal;https://www.getyourguide.com/es-es/rio-de-janeiro-l9/recorrido-a-pie-por-vidigal-t1192942/
Brasil;curitiba-l1849;821869;Desde Curitiba Excursion De Un Dia A Colonia Witmarsum;https://www.getyourguide.com/es-es/curitiba-l1849/desde-curitiba-excursion-de-un-dia-a-colonia-witmarsum-t821869/
Brasil;florianopolis-l246;1236875;Florianopolis Tour Para Correr Con Guia Local Y Bebida;https://www.getyourguide.com/es-es/florianopolis-l246/florianopolis-tour-para-correr-con-guia-local-y-bebida-t1236875/
Brasil;foz-de-iguazu-l497;1240041;Tour Privado Exclusivo Por La Zona Rural De Foz Do Iguacu Con Desayuno;https://www.getyourguide.com/es-es/foz-de-iguazu-l497/tour-privado-exclusivo-por-la-zona-rural-de-foz-do-iguacu-con-desayuno-t1240041/
Brasil;florianopolis-l246;1245886;Recorrido En Barco Al Atardecer En Florianopolis;https://www.getyourguide.com/es-es/florianopolis-l246/recorrido-en-barco-al-atardecer-en-florianopolis-t1245886/
Brasil;salvador-brasil-l1430;939431;Salvador Visita Al Solar Do Unhao Museu De Arte Moderna Da Bahia;https://www.getyourguide.com/es-es/salvador-brasil-l1430/salvador-visita-al-solar-do-unhao-museu-de-arte-moderna-da-bahia-t939431/
Brasil;rio-de-janeiro-l9;1003854;Rio De Janeiro Skydive Con Camara En Barra Da Tijuca;https://www.getyourguide.com/es-es/rio-de-janeiro-l9/rio-de-janeiro-skydive-con-camara-en-barra-da-tijuca-t1003854/
Brasil;rio-de-janeiro-l9;1035917;Maracana Inolvidable Museo Campo Y Tunel De Jugadores;https://www.getyourguide.com/es-es/rio-de-janeiro-l9/maracana-inolvidable-museo-campo-y-tunel-de-jugadores-t1035917/
Brasil;rio-de-janeiro-l9;169894;Rio Tour En Barco De 2 Horas Por La Bahia De Guanabara;https://www.getyourguide.com/es-es/rio-de-janeiro-l9/rio-tour-en-barco-de-2-horas-por-la-bahia-de-guanabara-t169894/
Brasil;rio-de-janeiro-l9;1065457;Rio De Janeiro Cristo Redentor Y Tour Por La Favela;https://www.getyourguide.com/es-es/rio-de-janeiro-l9/rio-de-janeiro-cristo-redentor-y-tour-por-la-favela-t1065457/
Brasil;sao-paulo-l384;1089808;Sao Paulo Avistamiento De Primates En Muriqui Do Sul Y Estancia;https://www.getyourguide.com/es-es/sao-paulo-l384/sao-paulo-avistamiento-de-primates-en-muriqui-do-sul-y-estancia-t1089808/
Brasil;natal-l2112;1109237;Natal Tour Acuatico Con Bano En Piscinas Naturales;https://www.getyourguide.com/es-es/natal-l2112/natal-tour-acuatico-con-bano-en-piscinas-naturales-t1109237/
Brasil;porto-alegre-l32362;1148462;Porto Alegre Equitacion Y Tiro Con Arco Para Principiantes;https://www.getyourguide.com/es-es/porto-alegre-l32362/porto-alegre-equitacion-y-tiro-con-arco-para-principiantes-t1148462/
Brasil;rio-de-janeiro-l9;568890;Vuelo De Puertas Abiertas En Rio De Janeiro;https://www.getyourguide.com/es-es/rio-de-janeiro-l9/vuelo-de-puertas-abiertas-en-rio-de-janeiro-t568890/
Brasil;rio-de-janeiro-l9;34069;Favela Tour The Original Rocinha Vila Canoas Desde 1992;https://www.getyourguide.com/es-es/rio-de-janeiro-l9/favela-tour-the-original-rocinha-vila-canoas-desde-1992-t34069/
Brasil;rio-de-janeiro-l9;846430;Sendero De Las Cascadas Y Cuevas En La Selva De Tijuca;https://www.getyourguide.com/es-es/rio-de-janeiro-l9/sendero-de-las-cascadas-y-cuevas-en-la-selva-de-tijuca-t846430/
Brasil;recife-l1836;469508;Visita A Recife Y Olinda;https://www.getyourguide.com/es-es/recife-l1836/visita-a-recife-y-olinda-t469508/
Brasil;lencois-l32549;1020339;Lencois Tour Guiado A Pie Por El Centro Historico;https://www.getyourguide.com/es-es/lencois-l32549/lencois-tour-guiado-a-pie-por-el-centro-historico-t1020339/
Brasil;rio-de-janeiro-l9;557621;Rio Excursion De Un Dia A Buzios Con Paseo En Barco Y Almuerzo;https://www.getyourguide.com/es-es/rio-de-janeiro-l9/rio-excursion-de-un-dia-a-buzios-con-paseo-en-barco-y-almuerzo-t557621/
Brasil;natal-l2112;1099089;Explora Pipa Rua Da Grecia Vila Mangueira Y Tiendas Locales;https://www.getyourguide.com/es-es/natal-l2112/explora-pipa-rua-da-grecia-vila-mangueira-y-tiendas-locales-t1099089/
Brasil;rio-de-janeiro-l9;1122708;Rio De Janeiro Gran Fiesta En La Discoteca Substation;https://www.getyourguide.com/es-es/rio-de-janeiro-l9/rio-de-janeiro-gran-fiesta-en-la-discoteca-substation-t1122708/
Brasil;niteroi-l34109;1188062;Tour Privado Por Niteroi Historia Cultura Y Gastronomia;https://www.getyourguide.com/es-es/niteroi-l34109/tour-privado-por-niteroi-historia-cultura-y-gastronomia-t1188062/
Brasil;rio-de-janeiro-l9;805859;Rio De Janeiro Stand Up Paddle Amanecer En La Playa De Copacabana;https://www.getyourguide.com/es-es/rio-de-janeiro-l9/rio-de-janeiro-stand-up-paddle-amanecer-en-la-playa-de-copacabana-t805859/
Brasil;paraty-l1845;1275353;Paraty Sesion De Fotos Inmersiva Con Un Fotografo Local;https://www.getyourguide.com/es-es/paraty-l1845/paraty-sesion-de-fotos-inmersiva-con-un-fotografo-local-t1275353/
Brasil;rio-de-janeiro-l9;873923;Autobus Turistico Hop On Hop Off En Rio De Janeiro Rio Samba Bus;https://www.getyourguide.com/es-es/rio-de-janeiro-l9/autobus-turistico-hop-on-hop-off-en-rio-de-janeiro-rio-samba-bus-t873923/
Brasil;rio-de-janeiro-l9;161850;Ticket De Entrada Al Tren Cremallera Del Cristo Redentor;https://www.getyourguide.com/es-es/rio-de-janeiro-l9/ticket-de-entrada-al-tren-cremallera-del-cristo-redentor-t161850/
Brasil;rio-de-janeiro-l9;559633;Maracana;https://www.getyourguide.com/es-es/rio-de-janeiro-l9/maracana-t559633/
Brasil;bonito-l32642;1198544;Cascadas Serra Da Bodoquena 6 Cascadas Bote Y Uso De Dia En Bonitoms;https://www.getyourguide.com/es-es/bonito-l32642/cascadas-serra-da-bodoquena-6-cascadas-bote-y-uso-de-dia-en-bonitoms-t1198544/
Brasil;jericoacoara-l105737;776573;Traslado De Jericoacoara A Fortaleza;https://www.getyourguide.com/es-es/jericoacoara-l105737/traslado-de-jericoacoara-a-fortaleza-t776573/
Brasil;rio-de-janeiro-l9;848761;Rio De Janeiro Excursion De 3 Horas Por La Favela Da Rocinha Con Guia Local;https://www.getyourguide.com/es-es/rio-de-janeiro-l9/rio-de-janeiro-excursion-de-3-horas-por-la-favela-da-rocinha-con-guia-local-t848761/
Brasil;rio-de-janeiro-l9;54605;Ginga Tropical Show Ritmos Brasilenos;https://www.getyourguide.com/es-es/rio-de-janeiro-l9/ginga-tropical-show-ritmos-brasilenos-t54605/
Brasil;manaos-l917;74587;Conoce A Los Lugarenos Pueblo Indio Y Museo Del Caucho;https://www.getyourguide.com/es-es/manaos-l917/conoce-a-los-lugarenos-pueblo-indio-y-museo-del-caucho-t74587/
Brasil;fortaleza-l1863;98334;Fortaleza 4 Horas De Tour De La Ciudad En Coche;https://www.getyourguide.com/es-es/fortaleza-l1863/fortaleza-4-horas-de-tour-de-la-ciudad-en-coche-t98334/
Brasil;manaos-l917;202240;Ritual De Las Hormigas Tucandeiras;https://www.getyourguide.com/es-es/manaos-l917/ritual-de-las-hormigas-tucandeiras-t202240/
Brasil;porto-de-galinhas-l32612;931362;Aventura En Buggy En Porto De Galinhas Explora Las Playas Paradisiacas;https://www.getyourguide.com/es-es/porto-de-galinhas-l32612/aventura-en-buggy-en-porto-de-galinhas-explora-las-playas-paradisiacas-t931362/
Brasil;rio-de-janeiro-l9;1069628;Rio De Janeiro Tour Por La Favela De Santa Marta Con Barbacoa Y Samba;https://www.getyourguide.com/es-es/rio-de-janeiro-l9/rio-de-janeiro-tour-por-la-favela-de-santa-marta-con-barbacoa-y-samba-t1069628/
Brasil;rio-de-janeiro-l9;478642;Entradas Al Estadio De Maracana Mas Baratas;https://www.getyourguide.com/es-es/rio-de-janeiro-l9/entradas-al-estadio-de-maracana-mas-baratas-t478642/
Brasil;porto-seguro-l126793;1116451;Porto Seguro Paseo En Goleta Y Bano En Recife De Fora;https://www.getyourguide.com/es-es/porto-seguro-l126793/porto-seguro-paseo-en-goleta-y-bano-en-recife-de-fora-t1116451/
Brasil;rio-de-janeiro-l9;553016;Rio De Janeiro Experiencia Inolvidable En Una Fiesta En Barco;https://www.getyourguide.com/es-es/rio-de-janeiro-l9/rio-de-janeiro-experiencia-inolvidable-en-una-fiesta-en-barco-t553016/
Brasil;rio-de-janeiro-l9;1185534;Rio De Janeiro Tour Privado Por La Ciudad Con Itinerario Personalizable;https://www.getyourguide.com/es-es/rio-de-janeiro-l9/rio-de-janeiro-tour-privado-por-la-ciudad-con-itinerario-personalizable-t1185534/
Brasil;rio-de-janeiro-l9;1269937;Easyfly Vuelo Panoramico En Helicoptero Basic Rio 20 Min;https://www.getyourguide.com/es-es/rio-de-janeiro-l9/easyfly-vuelo-panoramico-en-helicoptero-basic-rio-20-min-t1269937/
Brasil;rio-de-janeiro-l9;830903;Rio De Janeiro Conoce Y Explora Las Playas Secretas;https://www.getyourguide.com/es-es/rio-de-janeiro-l9/rio-de-janeiro-conoce-y-explora-las-playas-secretas-t830903/
Brasil;manaos-l917;226975;Desde Manaus Excursion De Un Dia A Las Cascadas Presidente Figueiredo;https://www.getyourguide.com/es-es/manaos-l917/desde-manaus-excursion-de-un-dia-a-las-cascadas-presidente-figueiredo-t226975/
Brasil;foz-de-iguazu-l497;1076097;Esencia Iguazu Dia Completo En Las Cataratas Del Iguazu Brasil Y Ruta Por Sao Joao;https://www.getyourguide.com/es-es/foz-de-iguazu-l497/esencia-iguazu-dia-completo-en-las-cataratas-del-iguazu-brasil-y-ruta-por-sao-joao-t1076097/
Brasil;jequia-da-praia-l143083;1096373;Tour Por Las Dunas De Marape Un Paraiso En La Costa Sur;https://www.getyourguide.com/es-es/jequia-da-praia-l143083/tour-por-las-dunas-de-marape-un-paraiso-en-la-costa-sur-t1096373/
Brasil;parnaiba-l194334;1101331;Delta Del Parnaiba Contempla Las Estrellas Con Vino Y Aperitivos;https://www.getyourguide.com/es-es/parnaiba-l194334/delta-del-parnaiba-contempla-las-estrellas-con-vino-y-aperitivos-t1101331/
Brasil;rio-de-janeiro-l9;465881;Lo Mejor De Rio Cristo Redentor Y Pan De Azucar;https://www.getyourguide.com/es-es/rio-de-janeiro-l9/lo-mejor-de-rio-cristo-redentor-y-pan-de-azucar-t465881/
Brasil;rio-de-janeiro-l9;484412;Rio De Janeiro Cristo Redentor Y Pao De Acucar;https://www.getyourguide.com/es-es/rio-de-janeiro-l9/rio-de-janeiro-cristo-redentor-y-pao-de-acucar-t484412/
Brasil;rio-de-janeiro-l9;554869;Visita De Un Dia A La Ciudad De Rio De Janeiro;https://www.getyourguide.com/es-es/rio-de-janeiro-l9/visita-de-un-dia-a-la-ciudad-de-rio-de-janeiro-t554869/
Brasil;rio-de-janeiro-l9;652151;Partido De Futbol En El Estadio De Maracana Una Experiencia Local;https://www.getyourguide.com/es-es/rio-de-janeiro-l9/partido-de-futbol-en-el-estadio-de-maracana-una-experiencia-local-t652151/
Brasil;rio-de-janeiro-l9;1262617;Rutas Por La Floresta Da Tijuca Inmersion En La Naturaleza;https://www.getyourguide.com/es-es/rio-de-janeiro-l9/rutas-por-la-floresta-da-tijuca-inmersion-en-la-naturaleza-t1262617/
Brasil;buzios-l1832;759480;Desde Buzios Arraial Do Cabo Con Tour En Barco Y Almuerzo Barbacoa;https://www.getyourguide.com/es-es/buzios-l1832/desde-buzios-arraial-do-cabo-con-tour-en-barco-y-almuerzo-barbacoa-t759480/
Brasil;rio-de-janeiro-l9;238427;Rio De Janeiro Vuelo Biplaza En Parapente;https://www.getyourguide.com/es-es/rio-de-janeiro-l9/rio-de-janeiro-vuelo-biplaza-en-parapente-t238427/
Brasil;paraty-l1845;425769;Desde Paraty Traslado Compartido A Vila Do Abraao;https://www.getyourguide.com/es-es/paraty-l1845/desde-paraty-traslado-compartido-a-vila-do-abraao-t425769/
Brasil;rio-de-janeiro-l9;490202;Experiencia De Juego Flamengo En El Estadio Maracana;https://www.getyourguide.com/es-es/rio-de-janeiro-l9/experiencia-de-juego-flamengo-en-el-estadio-maracana-t490202/
Brasil;rio-de-janeiro-l9;710630;Rio De Janeiro Visita Guiada A Pie Por Los Lugares Mas Destacados;https://www.getyourguide.com/es-es/rio-de-janeiro-l9/rio-de-janeiro-visita-guiada-a-pie-por-los-lugares-mas-destacados-t710630/
Brasil;salvador-brasil-l1430;829166;Salvador Tour Privado Historico De 5 Horas;https://www.getyourguide.com/es-es/salvador-brasil-l1430/salvador-tour-privado-historico-de-5-horas-t829166/
Brasil;sao-paulo-l384;890297;Sao Paulo Recorrido Compartido Por Lo Mas Destacado De La Ciudad;https://www.getyourguide.com/es-es/sao-paulo-l384/sao-paulo-recorrido-compartido-por-lo-mas-destacado-de-la-ciudad-t890297/
Brasil;rio-de-janeiro-l9;1007255;Rio De Janeiro Nova Friburgo Pedra Do Cao Sentado Excursion De Un Dia;https://www.getyourguide.com/es-es/rio-de-janeiro-l9/rio-de-janeiro-nova-friburgo-pedra-do-cao-sentado-excursion-de-un-dia-t1007255/
Brasil;rio-de-janeiro-l9;1063822;Experiencia De Carnaval Y Tour Por Uruguaiana;https://www.getyourguide.com/es-es/rio-de-janeiro-l9/experiencia-de-carnaval-y-tour-por-uruguaiana-t1063822/
Brasil;miranda-l248292;1115019;Miranda Paseo De Observacion De Aves Al Amanecer En El Pantanal Con Desayuno;https://www.getyourguide.com/es-es/miranda-l248292/miranda-paseo-de-observacion-de-aves-al-amanecer-en-el-pantanal-con-desayuno-t1115019/
Brasil;barreirinhas-l105727;1119941;Lencois Maranhenses Paseo En Quad Entre Arena Y Agua;https://www.getyourguide.com/es-es/barreirinhas-l105727/lencois-maranhenses-paseo-en-quad-entre-arena-y-agua-t1119941/
Brasil;rio-de-janeiro-l9;413100;Rio Museo Del Manana Aquario Y Olympic Boulevard;https://www.getyourguide.com/es-es/rio-de-janeiro-l9/rio-museo-del-manana-aquario-y-olympic-boulevard-t413100/
Brasil;rio-de-janeiro-l9;437380;Visita Privada Sin Colas Al Pan De Azucar Y La Ciudad Pase Rapido;https://www.getyourguide.com/es-es/rio-de-janeiro-l9/visita-privada-sin-colas-al-pan-de-azucar-y-la-ciudad-pase-rapido-t437380/
Brasil;miranda-l248292;1198500;Acqua Trekking En Los Canones De Salobra Aventura En El Rio En Bonitoms;https://www.getyourguide.com/es-es/miranda-l248292/acqua-trekking-en-los-canones-de-salobra-aventura-en-el-rio-en-bonitoms-t1198500/
Brasil;campinas-l1696;1225828;Fin De Semana En Serra Da Mantiqueira Con Experiencias De Vinos Y Cafes;https://www.getyourguide.com/es-es/campinas-l1696/fin-de-semana-en-serra-da-mantiqueira-con-experiencias-de-vinos-y-cafes-t1225828/
Brasil;sao-paulo-l384;1236930;Vuelo Panoramico En Avion 30 Minutos C150 Sao Paulo Campo De Marte;https://www.getyourguide.com/es-es/sao-paulo-l384/vuelo-panoramico-en-avion-30-minutos-c150-sao-paulo-campo-de-marte-t1236930/
Brasil;rio-de-janeiro-l9;1275412;Rio De Janeiro Sesion Fotografica Deportiva De Running;https://www.getyourguide.com/es-es/rio-de-janeiro-l9/rio-de-janeiro-sesion-fotografica-deportiva-de-running-t1275412/
Brasil;rio-de-janeiro-l9;1303706;Religion Gastronomia Y Sociedad El Mejor Tour Cultural Por Sao Paulo;https://www.getyourguide.com/es-es/rio-de-janeiro-l9/religion-gastronomia-y-sociedad-el-mejor-tour-cultural-por-sao-paulo-t1303706/
Brasil;barreirinhas-l105727;801723;Cabure Paseo En Barco Por El Rio Preguicas;https://www.getyourguide.com/es-es/barreirinhas-l105727/cabure-paseo-en-barco-por-el-rio-preguicas-t801723/
Brasil;manaos-l917;894689;Manaus Aventura Escalando Arboles;https://www.getyourguide.com/es-es/manaos-l917/manaus-aventura-escalando-arboles-t894689/
Brasil;rio-de-janeiro-l9;929465;Rio De Janeiro Senderismo Guiado Por La Garganta Do Ceu En Gavea;https://www.getyourguide.com/es-es/rio-de-janeiro-l9/rio-de-janeiro-senderismo-guiado-por-la-garganta-do-ceu-en-gavea-t929465/
Brasil;rio-de-janeiro-l9;487407;Rio De Janeiro Visita A La Favela Santa Marta Con Guia Residente;https://www.getyourguide.com/es-es/rio-de-janeiro-l9/rio-de-janeiro-visita-a-la-favela-santa-marta-con-guia-residente-t487407/
Brasil;sao-paulo-l384;938101;Pinacoteca Del Estado De Sao Paulo Visita Privada Sin Colas;https://www.getyourguide.com/es-es/sao-paulo-l384/pinacoteca-del-estado-de-sao-paulo-visita-privada-sin-colas-t938101/
Brasil;florianopolis-l246;1071056;Clase De Windsurf En Florianopolis Norte De La Isla;https://www.getyourguide.com/es-es/florianopolis-l246/clase-de-windsurf-en-florianopolis-norte-de-la-isla-t1071056/
Brasil;rio-de-janeiro-l9;1136956;Rio De Janeiro Tour Fotografico Por Porto Maravilha Con Fotos;https://www.getyourguide.com/es-es/rio-de-janeiro-l9/rio-de-janeiro-tour-fotografico-por-porto-maravilha-con-fotos-t1136956/
Brasil;rio-de-janeiro-l9;791813;Rio De Janeiro Excursion En Land Cruiser Con Senderismo Y Fotos;https://www.getyourguide.com/es-es/rio-de-janeiro-l9/rio-de-janeiro-excursion-en-land-cruiser-con-senderismo-y-fotos-t791813/
Brasil;rio-de-janeiro-l9;1269906;Rio Tour A Pie Por La Pequena Africa Con Inmersion Cultural;https://www.getyourguide.com/es-es/rio-de-janeiro-l9/rio-tour-a-pie-por-la-pequena-africa-con-inmersion-cultural-t1269906/
Brasil;jericoacoara-l105737;1326320;Buggy Por La Costa Oeste De Jericoacoara;https://www.getyourguide.com/es-es/jericoacoara-l105737/buggy-por-la-costa-oeste-de-jericoacoara-t1326320/
Brasil;barreirinhas-l105727;1041969;Lagunas Atins Y Canto Do Atins En Un Tour De Un Dia;https://www.getyourguide.com/es-es/barreirinhas-l105727/lagunas-atins-y-canto-do-atins-en-un-tour-de-un-dia-t1041969/
Brasil;natal-l2112;292250;Desde Natal Excursion De Un Dia A La Playa De Pipa;https://www.getyourguide.com/es-es/natal-l2112/desde-natal-excursion-de-un-dia-a-la-playa-de-pipa-t292250/
Brasil;barreirinhas-l105727;1119936;Lencois Maranhenses Ruta En Quad Con Paradas Para Nadar En La Laguna;https://www.getyourguide.com/es-es/barreirinhas-l105727/lencois-maranhenses-ruta-en-quad-con-paradas-para-nadar-en-la-laguna-t1119936/
Brasil;rio-de-janeiro-l9;460563;Rio De Noche El Sabor De La Cachaca Clase De Caipirinha Y Samba;https://www.getyourguide.com/es-es/rio-de-janeiro-l9/rio-de-noche-el-sabor-de-la-cachaca-clase-de-caipirinha-y-samba-t460563/
Brasil;rio-de-janeiro-l9;1284599;Rio De Janeiro Tour Por La Vida Nocturna Local Con Comida Y Bebidas En Lapa;https://www.getyourguide.com/es-es/rio-de-janeiro-l9/rio-de-janeiro-tour-por-la-vida-nocturna-local-con-comida-y-bebidas-en-lapa-t1284599/
Brasil;foz-de-iguazu-l497;671608;Cataratas De Iguazu Lado Brasil Con Macuco Safari Speed Boat;https://www.getyourguide.com/es-es/foz-de-iguazu-l497/cataratas-de-iguazu-lado-brasil-con-macuco-safari-speed-boat-t671608/
Brasil;morro-de-sao-paulo-l116740;18439;Excursion De Un Dia A Morro De Sao Paulo;https://www.getyourguide.com/es-es/morro-de-sao-paulo-l116740/excursion-de-un-dia-a-morro-de-sao-paulo-t18439/
Brasil;rio-de-janeiro-l9;768268;Conductor Y Guia Privado De Sacramento En Rio;https://www.getyourguide.com/es-es/rio-de-janeiro-l9/conductor-y-guia-privado-de-sacramento-en-rio-t768268/
Brasil;foz-de-iguazu-l497;74693;Vuelo Panoramico De 10 Minutos En Helicoptero Sobre Las Cataratas Del Iguazu;https://www.getyourguide.com/es-es/foz-de-iguazu-l497/vuelo-panoramico-de-10-minutos-en-helicoptero-sobre-las-cataratas-del-iguazu-t74693/
Brasil;rio-de-janeiro-l9;800176;Rio De Janeiro Excursion De 45 Minutos En Helicoptero Con Traslado;https://www.getyourguide.com/es-es/rio-de-janeiro-l9/rio-de-janeiro-excursion-de-45-minutos-en-helicoptero-con-traslado-t800176/
Brasil;fortaleza-l1863;901875;Fortaleza Tour De La Ciudad Con Parada En La Playa De Cumbuco;https://www.getyourguide.com/es-es/fortaleza-l1863/fortaleza-tour-de-la-ciudad-con-parada-en-la-playa-de-cumbuco-t901875/
Brasil;rio-de-janeiro-l9;431342;Rio Tour Entre Bastidores De La Ciudad De La Samba Con Clase De Baile Y Traslado;https://www.getyourguide.com/es-es/rio-de-janeiro-l9/rio-tour-entre-bastidores-de-la-ciudad-de-la-samba-con-clase-de-baile-y-traslado-t431342/
Brasil;rio-de-janeiro-l9;501759;Excursion Privada En Helicoptero Rio De Janeiro En 20Min;https://www.getyourguide.com/es-es/rio-de-janeiro-l9/excursion-privada-en-helicoptero-rio-de-janeiro-en-20min-t501759/
Brasil;jericoacoara-l105737;1001803;Excursion Compartida Por La Costa Este Lagunas Y Dunas;https://www.getyourguide.com/es-es/jericoacoara-l105737/excursion-compartida-por-la-costa-este-lagunas-y-dunas-t1001803/
Brasil;rio-de-janeiro-l9;1122711;Rio De Janeiro Fiesta Imperdible En La Discoteca Substation;https://www.getyourguide.com/es-es/rio-de-janeiro-l9/rio-de-janeiro-fiesta-imperdible-en-la-discoteca-substation-t1122711/
Brasil;maceio-l2064;664770;Maceio Excursion Al Rio Sao Francisco;https://www.getyourguide.com/es-es/maceio-l2064/maceio-excursion-al-rio-sao-francisco-t664770/
Brasil;ubatuba-l192258;1130177;Ubatuba Tour En Barco Por 3 Islas Couves Rachada Y Prumirim;https://www.getyourguide.com/es-es/ubatuba-l192258/ubatuba-tour-en-barco-por-3-islas-couves-rachada-y-prumirim-t1130177/
Brasil;rio-de-janeiro-l9;1131572;Rio De Janeiro Pan De Azucar Caminata Y Escalada;https://www.getyourguide.com/es-es/rio-de-janeiro-l9/rio-de-janeiro-pan-de-azucar-caminata-y-escalada-t1131572/
Brasil;rio-de-janeiro-l9;700881;Rio De Janeiro Excursion En Helicoptero Con Una Vista Inolvidable;https://www.getyourguide.com/es-es/rio-de-janeiro-l9/rio-de-janeiro-excursion-en-helicoptero-con-una-vista-inolvidable-t700881/
Brasil;sao-paulo-l384;711817;Sao Paulo Lo Mas Destacado Del Tour A Pie Con Guia;https://www.getyourguide.com/es-es/sao-paulo-l384/sao-paulo-lo-mas-destacado-del-tour-a-pie-con-guia-t711817/
Brasil;rio-de-janeiro-l9;1182529;Rio De Janeiro Excursion De 1 Dia Al Parque Serra Dos Orgaos Y Almuerzo;https://www.getyourguide.com/es-es/rio-de-janeiro-l9/rio-de-janeiro-excursion-de-1-dia-al-parque-serra-dos-orgaos-y-almuerzo-t1182529/
Brasil;rio-de-janeiro-l9;1188098;Rio De Janeiro Parapente Vista Chinesa Mesa Do Imperador Y Cachoeira;https://www.getyourguide.com/es-es/rio-de-janeiro-l9/rio-de-janeiro-parapente-vista-chinesa-mesa-do-imperador-y-cachoeira-t1188098/
Brasil;manaos-l917;1250945;Manaos Tour Guiado Por El Museo Del Amazonas Con Guia Biologo;https://www.getyourguide.com/es-es/manaos-l917/manaos-tour-guiado-por-el-museo-del-amazonas-con-guia-biologo-t1250945/
Brasil;rio-de-janeiro-l9;1313682;Senderismo Al Amanecer En Rio Morro Dois Irmaos Y Experiencia En La Playa De Vidigal;https://www.getyourguide.com/es-es/rio-de-janeiro-l9/senderismo-al-amanecer-en-rio-morro-dois-irmaos-y-experiencia-en-la-playa-de-vidigal-t1313682/
Brasil;rio-de-janeiro-l9;6481;Cristo Redentor Pan De Azucar Y Maracana En Tren;https://www.getyourguide.com/es-es/rio-de-janeiro-l9/cristo-redentor-pan-de-azucar-y-maracana-en-tren-t6481/
Brasil;manaos-l917;31109;Observacion De Caimanes En Manaos;https://www.getyourguide.com/es-es/manaos-l917/observacion-de-caimanes-en-manaos-t31109/
Brasil;atins-l158343;1041972;Explora Atins Laguna Dunas Y Pueblo Con Encanto;https://www.getyourguide.com/es-es/atins-l158343/explora-atins-laguna-dunas-y-pueblo-con-encanto-t1041972/
Brasil;rio-de-janeiro-l9;1202671;Paseo A Pie Por Rio Confeitaria Colombo Catedral Y Mucho Mas;https://www.getyourguide.com/es-es/rio-de-janeiro-l9/paseo-a-pie-por-rio-confeitaria-colombo-catedral-y-mucho-mas-t1202671/
Brasil;foz-de-iguazu-l497;496850;Excursion A Las Cataratas Argentinas;https://www.getyourguide.com/es-es/foz-de-iguazu-l497/excursion-a-las-cataratas-argentinas-t496850/
Brasil;galinhos-l145686;554971;Natal Excursion A Galinhos;https://www.getyourguide.com/es-es/galinhos-l145686/natal-excursion-a-galinhos-t554971/
Brasil;rio-de-janeiro-l9;1320404;Rio Tour Privado Vip Con Sesion De Fotos En El Cristo Y El Pan De Azucar;https://www.getyourguide.com/es-es/rio-de-janeiro-l9/rio-tour-privado-vip-con-sesion-de-fotos-en-el-cristo-y-el-pan-de-azucar-t1320404/
Brasil;rio-de-janeiro-l9;1331047;Recorrido En Lancha Motora Por Rio De Janeiro;https://www.getyourguide.com/es-es/rio-de-janeiro-l9/recorrido-en-lancha-motora-por-rio-de-janeiro-t1331047/
Brasil;porto-seguro-l126793;740793;Descubre Trancoso Passeio Guiado Inesquecivel;https://www.getyourguide.com/es-es/porto-seguro-l126793/descubre-trancoso-passeio-guiado-inesquecivel-t740793/
Brasil;recife-l1836;402372;City Tour Recife Con Catamaran Incluido;https://www.getyourguide.com/es-es/recife-l1836/city-tour-recife-con-catamaran-incluido-t402372/
Brasil;rio-de-janeiro-l9;504076;Cariocando De Veleiro No Rio De Janeiro;https://www.getyourguide.com/es-es/rio-de-janeiro-l9/cariocando-de-veleiro-no-rio-de-janeiro-t504076/
Brasil;rio-de-janeiro-l9;923962;Rio De Janeiro Tour A Pie Por El Centro Con Billetes De Crucero;https://www.getyourguide.com/es-es/rio-de-janeiro-l9/rio-de-janeiro-tour-a-pie-por-el-centro-con-billetes-de-crucero-t923962/
Brasil;foz-de-iguazu-l497;756606;2 Dias Cataratas De Brasil Y Argentina Parque De Las Avestraslado Al Aeropuerto;https://www.getyourguide.com/es-es/foz-de-iguazu-l497/2-dias-cataratas-de-brasil-y-argentina-parque-de-las-avestraslado-al-aeropuerto-t756606/
Brasil;sao-paulo-l384;1170191;Descubre La Comida Y Bebida Brasilena En Sao Paulo;https://www.getyourguide.com/es-es/sao-paulo-l384/descubre-la-comida-y-bebida-brasilena-en-sao-paulo-t1170191/
Brasil;campinas-l1696;835964;Clase De Ceramica Con Torno Y Construccion Manual;https://www.getyourguide.com/es-es/campinas-l1696/clase-de-ceramica-con-torno-y-construccion-manual-t835964/
Brasil;salvador-brasil-l1430;1207970;Buceo En Corales En La Playa De Porto Da Barra En Salvador Bahia;https://www.getyourguide.com/es-es/salvador-brasil-l1430/buceo-en-corales-en-la-playa-de-porto-da-barra-en-salvador-bahia-t1207970/
Brasil;guaratingueta-l222795;871372;Senderismo Bosque Atlantico Con Cascadas La Via Del Oro;https://www.getyourguide.com/es-es/guaratingueta-l222795/senderismo-bosque-atlantico-con-cascadas-la-via-del-oro-t871372/
Brasil;rio-de-janeiro-l9;1254286;Rio De Janeiro Barbacoa Y Fiesta En Barco Privado Con Barra Libre 5 Horas;https://www.getyourguide.com/es-es/rio-de-janeiro-l9/rio-de-janeiro-barbacoa-y-fiesta-en-barco-privado-con-barra-libre-5-horas-t1254286/
Brasil;angra-dos-reis-l88183;1040992;Rafting En Angra Con Recorrido En Jeep 4X4 Por La Selva Tropical;https://www.getyourguide.com/es-es/angra-dos-reis-l88183/rafting-en-angra-con-recorrido-en-jeep-4x4-por-la-selva-tropical-t1040992/
Brasil;parnaiba-l194334;1082460;Parnaiba Tour Privado En Lancha Motora Por El Circuito De Las Canarias;https://www.getyourguide.com/es-es/parnaiba-l194334/parnaiba-tour-privado-en-lancha-motora-por-el-circuito-de-las-canarias-t1082460/
Brasil;manaos-l917;1090394;Tour Historico Y Cultural Por La Ciudad Con Experiencias Amazonicas;https://www.getyourguide.com/es-es/manaos-l917/tour-historico-y-cultural-por-la-ciudad-con-experiencias-amazonicas-t1090394/
Brasil;natal-l2112;1109331;Natal Excursion En 4X4 Por La Ruta De Los Nativos Y Vistas Panoramicas;https://www.getyourguide.com/es-es/natal-l2112/natal-excursion-en-4x4-por-la-ruta-de-los-nativos-y-vistas-panoramicas-t1109331/
Brasil;parnaiba-l194334;613278;Tour Delta De Parnaiba Circuito Revoada Dos Guaras;https://www.getyourguide.com/es-es/parnaiba-l194334/tour-delta-de-parnaiba-circuito-revoada-dos-guaras-t613278/
Brasil;foz-de-iguazu-l497;1316636;Foz Do Iguacu Ticket De Entrada Al Bar De Hielo Dreams;https://www.getyourguide.com/es-es/foz-de-iguazu-l497/foz-do-iguacu-ticket-de-entrada-al-bar-de-hielo-dreams-t1316636/
Brasil;recife-l1836;643738;Traslado Privado De Recife A La Playa De Carneiros;https://www.getyourguide.com/es-es/recife-l1836/traslado-privado-de-recife-a-la-playa-de-carneiros-t643738/
Brasil;maceio-l2064;663856;Traslado Compartido De Maceio A Sao Miguel Dos Milagres;https://www.getyourguide.com/es-es/maceio-l2064/traslado-compartido-de-maceio-a-sao-miguel-dos-milagres-t663856/
Brasil;rio-de-janeiro-l9;723317;Gigsdu Traslado Al Aeropuerto Al Hotel O Regreso Desde El Hotel;https://www.getyourguide.com/es-es/rio-de-janeiro-l9/gigsdu-traslado-al-aeropuerto-al-hotel-o-regreso-desde-el-hotel-t723317/
Brasil;recife-l1836;225873;Recife Traslado Al Aeropuerto De Porto De Galinhas;https://www.getyourguide.com/es-es/recife-l1836/recife-traslado-al-aeropuerto-de-porto-de-galinhas-t225873/
Brasil;natal-l2112;359625;Desde Natal Aventura En Buggy Por Las Dunas De Genipabu;https://www.getyourguide.com/es-es/natal-l2112/desde-natal-aventura-en-buggy-por-las-dunas-de-genipabu-t359625/
Brasil;manaos-l917;888642;Manaus Safari Por El Archipielago De Anavilhanas;https://www.getyourguide.com/es-es/manaos-l917/manaus-safari-por-el-archipielago-de-anavilhanas-t888642/
Brasil;cachoeiras-de-macacu-l208627;975976;Desde Rio Retiro De Ecoturismo De 4 Dias Con Traslados Y Cabanas;https://www.getyourguide.com/es-es/cachoeiras-de-macacu-l208627/desde-rio-retiro-de-ecoturismo-de-4-dias-con-traslados-y-cabanas-t975976/
Brasil;rio-de-janeiro-l9;1074610;Tour Por Los Bares De La Favela Vidigal Bar Da Laje Y Vistas;https://www.getyourguide.com/es-es/rio-de-janeiro-l9/tour-por-los-bares-de-la-favela-vidigal-bar-da-laje-y-vistas-t1074610/
Brasil;rio-de-janeiro-l9;1077570;Rio De Janeiro Ensayo De La Escuela De Samba Salgueiro Con Guia;https://www.getyourguide.com/es-es/rio-de-janeiro-l9/rio-de-janeiro-ensayo-de-la-escuela-de-samba-salgueiro-con-guia-t1077570/
Brasil;foz-de-iguazu-l497;748801;Aventura En Las Cataratas Del Iguazu Safari Parque De Las Aves Y Cataratas;https://www.getyourguide.com/es-es/foz-de-iguazu-l497/aventura-en-las-cataratas-del-iguazu-safari-parque-de-las-aves-y-cataratas-t748801/
Brasil;rio-de-janeiro-l9;794548;Rio De Janeiro Tour De Medio Dia Por El Pan De Azucar Y Las Playas;https://www.getyourguide.com/es-es/rio-de-janeiro-l9/rio-de-janeiro-tour-de-medio-dia-por-el-pan-de-azucar-y-las-playas-t794548/
Brasil;rio-de-janeiro-l9;1176430;Rio De Janeiro Sesion De Fotos Al Atardecer En Ipanema Y Arpodor;https://www.getyourguide.com/es-es/rio-de-janeiro-l9/rio-de-janeiro-sesion-de-fotos-al-atardecer-en-ipanema-y-arpodor-t1176430/
Brasil;canela-l117155;1196467;Altos Montes Flores Da Cunha Vinos De Altitud Y Alta Gastronomia;https://www.getyourguide.com/es-es/canela-l117155/altos-montes-flores-da-cunha-vinos-de-altitud-y-alta-gastronomia-t1196467/
Brasil;rio-de-janeiro-l9;852368;Rio De Janeiro Vive La Experiencia De Un Vuelo En Helicoptero Sobre El Cristo Redentor;https://www.getyourguide.com/es-es/rio-de-janeiro-l9/rio-de-janeiro-vive-la-experiencia-de-un-vuelo-en-helicoptero-sobre-el-cristo-redentor-t852368/
Brasil;angra-dos-reis-l88183;1221399;Ilha Grande Tour En Goleta Y Ruta De Senderismo Por La Playa De Lopes Mendes;https://www.getyourguide.com/es-es/angra-dos-reis-l88183/ilha-grande-tour-en-goleta-y-ruta-de-senderismo-por-la-playa-de-lopes-mendes-t1221399/
Brasil;paraty-l1845;1233353;Paseo En Lancha Compartida Por 6 Islas Y Playas Paradisiacas En Paraty;https://www.getyourguide.com/es-es/paraty-l1845/paseo-en-lancha-compartida-por-6-islas-y-playas-paradisiacas-en-paraty-t1233353/
Brasil;rio-de-janeiro-l9;961443;Santa Teresa Tranvia Dona Marta Por Alan Denis;https://www.getyourguide.com/es-es/rio-de-janeiro-l9/santa-teresa-tranvia-dona-marta-por-alan-denis-t961443/
Brasil;sao-paulo-l384;1304255;Maceio Recorrido Por Las 9 Islas Atardecer En La Laguna De Mundau;https://www.getyourguide.com/es-es/sao-paulo-l384/maceio-recorrido-por-las-9-islas-atardecer-en-la-laguna-de-mundau-t1304255/
Brasil;cachoeira-do-bom-jesus-l214780;1071109;Florianopolis Clase De Vela En Catamaran Hobie Cat;https://www.getyourguide.com/es-es/cachoeira-do-bom-jesus-l214780/florianopolis-clase-de-vela-en-catamaran-hobie-cat-t1071109/
Brasil;rio-de-janeiro-l9;1324842;Excursion Exclusiva Para Avistamiento De Ballenas En Rio De Janeiro;https://www.getyourguide.com/es-es/rio-de-janeiro-l9/excursion-exclusiva-para-avistamiento-de-ballenas-en-rio-de-janeiro-t1324842/
Brasil;natal-l2112;1109328;Natal Excursion En 4X4 Por La Ruta Nativa Y Miradores Increibles;https://www.getyourguide.com/es-es/natal-l2112/natal-excursion-en-4x4-por-la-ruta-nativa-y-miradores-increibles-t1109328/
Brasil;porto-alegre-l32362;1112020;Paseo Historico Y Museos Del Centro Porto Alegre;https://www.getyourguide.com/es-es/porto-alegre-l32362/paseo-historico-y-museos-del-centro-porto-alegre-t1112020/
Brasil;belem-brasil-l32400;386468;Belem Excursion De 2 3 O 4 Dias A La Isla De Marajo Con Alojamiento;https://www.getyourguide.com/es-es/belem-brasil-l32400/belem-excursion-de-2-3-o-4-dias-a-la-isla-de-marajo-con-alojamiento-t386468/
Brasil;santos-l1708;393067;Santos Y Guaruja Excursion Privada En Lancha Rapida;https://www.getyourguide.com/es-es/santos-l1708/santos-y-guaruja-excursion-privada-en-lancha-rapida-t393067/
Brasil;matelandia-l214878;1204855;Astroturismo Nocturno En Las Cataratas Del Iguazu;https://www.getyourguide.com/es-es/matelandia-l214878/astroturismo-nocturno-en-las-cataratas-del-iguazu-t1204855/
Brasil;rio-de-janeiro-l9;1227012;Niteroi Vuelo Doble Privado En Parapente Video Gratis;https://www.getyourguide.com/es-es/rio-de-janeiro-l9/niteroi-vuelo-doble-privado-en-parapente-video-gratis-t1227012/
Brasil;rio-de-janeiro-l9;1231720;La Vida Nocturna De Rio De Janeiro Sin Limites;https://www.getyourguide.com/es-es/rio-de-janeiro-l9/la-vida-nocturna-de-rio-de-janeiro-sin-limites-t1231720/
Brasil;buzios-l1832;683401;Rio De Janeiro Tour Em Buzios Completo;https://www.getyourguide.com/es-es/buzios-l1832/rio-de-janeiro-tour-em-buzios-completo-t683401/
Brasil;rio-de-janeiro-l9;796971;Rio De Janeiro Tour Entre Bastidores Del Carnaval Y Clase De Samba;https://www.getyourguide.com/es-es/rio-de-janeiro-l9/rio-de-janeiro-tour-entre-bastidores-del-carnaval-y-clase-de-samba-t796971/
Brasil;rio-de-janeiro-l9;461329;Velero En Rio De Janeiro Con Bebidas Y Aperitivos;https://www.getyourguide.com/es-es/rio-de-janeiro-l9/velero-en-rio-de-janeiro-con-bebidas-y-aperitivos-t461329/
Brasil;angra-dos-reis-l88183;1037126;Excursion En Lancha Rapida Laguna Azul En Angra Dos Reis;https://www.getyourguide.com/es-es/angra-dos-reis-l88183/excursion-en-lancha-rapida-laguna-azul-en-angra-dos-reis-t1037126/
Brasil;angra-dos-reis-l88183;1037985;Aventura Nautica En Las Lagunas Paradisiacas De Ilha Grande;https://www.getyourguide.com/es-es/angra-dos-reis-l88183/aventura-nautica-en-las-lagunas-paradisiacas-de-ilha-grande-t1037985/
Brasil;florianopolis-l246;1076760;Ruta Guiada Costa Da Lagoa Con Regreso En Barco 4 Horas;https://www.getyourguide.com/es-es/florianopolis-l246/ruta-guiada-costa-da-lagoa-con-regreso-en-barco-4-horas-t1076760/
Brasil;rio-de-janeiro-l9;1122598;Taller De Pintura En Ceramica En Lagoa Rio De Janeiro;https://www.getyourguide.com/es-es/rio-de-janeiro-l9/taller-de-pintura-en-ceramica-en-lagoa-rio-de-janeiro-t1122598/
Brasil;brasilia-l144326;739139;Brasilia Tour Privado Personalizado Con Guia Local;https://www.getyourguide.com/es-es/brasilia-l144326/brasilia-tour-privado-personalizado-con-guia-local-t739139/
Brasil;sao-paulo-l384;786302;Sao Paulo Excursion Nocturna Con Bares En Las Azoteas;https://www.getyourguide.com/es-es/sao-paulo-l384/sao-paulo-excursion-nocturna-con-bares-en-las-azoteas-t786302/
Brasil;rio-de-janeiro-l9;794570;Rio De Janeiro Tren Del Corcovado Y Excursion Al Pan De Azucar Con Almuerzo;https://www.getyourguide.com/es-es/rio-de-janeiro-l9/rio-de-janeiro-tren-del-corcovado-y-excursion-al-pan-de-azucar-con-almuerzo-t794570/
Brasil;rio-de-janeiro-l9;1218742;Rio De Janeiro Amanecer Piscina Natural Y Playa Salvaje;https://www.getyourguide.com/es-es/rio-de-janeiro-l9/rio-de-janeiro-amanecer-piscina-natural-y-playa-salvaje-t1218742/
Brasil;foz-de-iguazu-l497;1233444;Tour De Las Cataratas Del Iguazu Y La Ciudad De Foz Todas Las Entradas Incluidas;https://www.getyourguide.com/es-es/foz-de-iguazu-l497/tour-de-las-cataratas-del-iguazu-y-la-ciudad-de-foz-todas-las-entradas-incluidas-t1233444/
Brasil;rio-de-janeiro-l9;1272938;Rio De Janeiro Ruta De Senderismo Guiada Al Amaneceratardecer Por Dois Irmaos;https://www.getyourguide.com/es-es/rio-de-janeiro-l9/rio-de-janeiro-ruta-de-senderismo-guiada-al-amaneceratardecer-por-dois-irmaos-t1272938/
Brasil;rio-de-janeiro-l9;1308157;Rocinha Tour Sin Filtros Por La Favela Motos Miradores E Historias;https://www.getyourguide.com/es-es/rio-de-janeiro-l9/rocinha-tour-sin-filtros-por-la-favela-motos-miradores-e-historias-t1308157/
Brasil;sao-paulo-l384;34894;Recorrido Por La Arquitectura De Sao Paulo;https://www.getyourguide.com/es-es/sao-paulo-l384/recorrido-por-la-arquitectura-de-sao-paulo-t34894/
Brasil;sao-paulo-l384;1059178;Sao Paulo Y La Mata Atlantica Excursion Al Parque Estatal De La Serra Do Mar;https://www.getyourguide.com/es-es/sao-paulo-l384/sao-paulo-y-la-mata-atlantica-excursion-al-parque-estatal-de-la-serra-do-mar-t1059178/
Brasil;rio-de-janeiro-l9;1093719;Rio De Janeiro Tour De La Ciudad Historico Con Acai Cafe Y Aperitivos;https://www.getyourguide.com/es-es/rio-de-janeiro-l9/rio-de-janeiro-tour-de-la-ciudad-historico-con-acai-cafe-y-aperitivos-t1093719/
Brasil;natal-l2112;1109230;Natal Tour Acuatico Y Ruta Por Bellezas Naturales;https://www.getyourguide.com/es-es/natal-l2112/natal-tour-acuatico-y-ruta-por-bellezas-naturales-t1109230/
Brasil;angra-dos-reis-l88183;340386;Angra Dos Reis Excursion En Lancha Rapida Por Las Ilhas Paradisiacas;https://www.getyourguide.com/es-es/angra-dos-reis-l88183/angra-dos-reis-excursion-en-lancha-rapida-por-las-ilhas-paradisiacas-t340386/
Brasil;rio-de-janeiro-l9;418262;Rio De Janeiro Traslado Privado Del Aeropuerto De Gig Al Centro De La Ciudad;https://www.getyourguide.com/es-es/rio-de-janeiro-l9/rio-de-janeiro-traslado-privado-del-aeropuerto-de-gig-al-centro-de-la-ciudad-t418262/
Brasil;rio-de-janeiro-l9;1190748;Parapente En Rio Vuela Con Un Piloto De Record Mundial;https://www.getyourguide.com/es-es/rio-de-janeiro-l9/parapente-en-rio-vuela-con-un-piloto-de-record-mundial-t1190748/
Brasil;sao-paulo-l384;496874;Excursion De Un Dia A Santos Y Guaruja;https://www.getyourguide.com/es-es/sao-paulo-l384/excursion-de-un-dia-a-santos-y-guaruja-t496874/
Brasil;matelandia-l214878;1210669;Experiencia Premium Privada En Las Cataratas Brasilenas;https://www.getyourguide.com/es-es/matelandia-l214878/experiencia-premium-privada-en-las-cataratas-brasilenas-t1210669/
Brasil;villa-do-abraao-l176580;1260871;Canoa Polinesia Experiencia Al Amanecer En Ilha Grande;https://www.getyourguide.com/es-es/villa-do-abraao-l176580/canoa-polinesia-experiencia-al-amanecer-en-ilha-grande-t1260871/
Brasil;rio-de-janeiro-l9;628087;Prueba 33 Platos Increibles Que Encantan A Los Brasilenos Sesion De Degustacion De 3 Horas En Rio;https://www.getyourguide.com/es-es/rio-de-janeiro-l9/prueba-33-platos-increibles-que-encantan-a-los-brasilenos-sesion-de-degustacion-de-3-horas-en-rio-t628087/
Brasil;lencois-l32549;680244;Vale Do Pati 3 Dias;https://www.getyourguide.com/es-es/lencois-l32549/vale-do-pati-3-dias-t680244/
Brasil;rio-de-janeiro-l9;757394;Rio De Janeiro Clase De Bebidas Con Puesta De Sol;https://www.getyourguide.com/es-es/rio-de-janeiro-l9/rio-de-janeiro-clase-de-bebidas-con-puesta-de-sol-t757394/
Brasil;sao-paulo-l384;52362;Tour De Dia Completo A Santos Y Guaruja;https://www.getyourguide.com/es-es/sao-paulo-l384/tour-de-dia-completo-a-santos-y-guaruja-t52362/
Brasil;rio-de-janeiro-l9;195674;Aventura En La Selva De Tijuca Caminata De Un Dia;https://www.getyourguide.com/es-es/rio-de-janeiro-l9/aventura-en-la-selva-de-tijuca-caminata-de-un-dia-t195674/
Brasil;rio-de-janeiro-l9;891327;Pedra Do Telegrafo Rio De Janeiro Traslado;https://www.getyourguide.com/es-es/rio-de-janeiro-l9/pedra-do-telegrafo-rio-de-janeiro-traslado-t891327/
Brasil;rio-de-janeiro-l9;421665;Rio De Janeiro Traslado Compartido Del Aeropuerto A Angra Dos Reis;https://www.getyourguide.com/es-es/rio-de-janeiro-l9/rio-de-janeiro-traslado-compartido-del-aeropuerto-a-angra-dos-reis-t421665/
Brasil;foz-de-iguazu-l497;980558;Excursion A Las Cataratas Del Iguazu Y A La Triple Frontera Brasil Y Argentina;https://www.getyourguide.com/es-es/foz-de-iguazu-l497/excursion-a-las-cataratas-del-iguazu-y-a-la-triple-frontera-brasil-y-argentina-t980558/
Brasil;rio-de-janeiro-l9;1038060;Rio De Janeiro Fiesta Del Barco Nocturno;https://www.getyourguide.com/es-es/rio-de-janeiro-l9/rio-de-janeiro-fiesta-del-barco-nocturno-t1038060/
Brasil;rio-de-janeiro-l9;1084098;Rio De Janeiro Feijoada Con Guia Y Traslado Garantizado;https://www.getyourguide.com/es-es/rio-de-janeiro-l9/rio-de-janeiro-feijoada-con-guia-y-traslado-garantizado-t1084098/
Brasil;rio-de-janeiro-l9;1111996;Ruta Guiada Por El Morro Dois Irmaos Lo Mejor De Rio;https://www.getyourguide.com/es-es/rio-de-janeiro-l9/ruta-guiada-por-el-morro-dois-irmaos-lo-mejor-de-rio-t1111996/
Brasil;rio-de-janeiro-l9;628070;Lapa Y Santa Teresa Con Viaje En Tranvia;https://www.getyourguide.com/es-es/rio-de-janeiro-l9/lapa-y-santa-teresa-con-viaje-en-tranvia-t628070/
Brasil;rio-de-janeiro-l9;641745;Boulevard Olimpicoaquarioroda Gigante;https://www.getyourguide.com/es-es/rio-de-janeiro-l9/boulevard-olimpicoaquarioroda-gigante-t641745/
Brasil;rio-de-janeiro-l9;1159366;Rio De Janeiro Senderismo Guiado En Pedra Da Gavea Con Seguridad;https://www.getyourguide.com/es-es/rio-de-janeiro-l9/rio-de-janeiro-senderismo-guiado-en-pedra-da-gavea-con-seguridad-t1159366/
Brasil;buzios-l1832;689192;Buzios Tour De Lancha En 2 Islas Y 11 Praderas;https://www.getyourguide.com/es-es/buzios-l1832/buzios-tour-de-lancha-en-2-islas-y-11-praderas-t689192/
Brasil;rio-de-janeiro-l9;1210856;Tour Gastronomico De 3 Dias En Rio Cocina Y Prueba Sabores Autenticos;https://www.getyourguide.com/es-es/rio-de-janeiro-l9/tour-gastronomico-de-3-dias-en-rio-cocina-y-prueba-sabores-autenticos-t1210856/
Brasil;rio-de-janeiro-l9;761856;Rio De Janeiro Amanecer En El Pan De Azucar Con Desayuno Gourmet;https://www.getyourguide.com/es-es/rio-de-janeiro-l9/rio-de-janeiro-amanecer-en-el-pan-de-azucar-con-desayuno-gourmet-t761856/
Brasil;foz-de-iguazu-l497;224745;Desde Foz Do Iguacu Visita A La Presa De Itaipu Con Ticket De Entrada;https://www.getyourguide.com/es-es/foz-de-iguazu-l497/desde-foz-do-iguacu-visita-a-la-presa-de-itaipu-con-ticket-de-entrada-t224745/
Brasil;natal-l2112;1109233;Natal Tour Por Los Tesoros Del Sur Con Mirador De Delfines;https://www.getyourguide.com/es-es/natal-l2112/natal-tour-por-los-tesoros-del-sur-con-mirador-de-delfines-t1109233/
Brasil;barreirinhas-l105727;1119940;Lencois Maranhenses Una Expedicion Inolvidable En Quad;https://www.getyourguide.com/es-es/barreirinhas-l105727/lencois-maranhenses-una-expedicion-inolvidable-en-quad-t1119940/
Brasil;rio-de-janeiro-l9;1130176;Rio De Janeiro Amanecer En Mirante Dona Marta Con Fotos;https://www.getyourguide.com/es-es/rio-de-janeiro-l9/rio-de-janeiro-amanecer-en-mirante-dona-marta-con-fotos-t1130176/
Brasil;rio-de-janeiro-l9;541611;Recorrido Por Las Favelas De Rio;https://www.getyourguide.com/es-es/rio-de-janeiro-l9/recorrido-por-las-favelas-de-rio-t541611/
Brasil;rio-de-janeiro-l9;581466;Tour Privado En Lancha Rapida Por Rio De Janeiro;https://www.getyourguide.com/es-es/rio-de-janeiro-l9/tour-privado-en-lancha-rapida-por-rio-de-janeiro-t581466/
Brasil;santo-amaro-do-maranhao-l215939;597965;Santo Amaro Circuito De La Laguna De Betania Con Guia;https://www.getyourguide.com/es-es/santo-amaro-do-maranhao-l215939/santo-amaro-circuito-de-la-laguna-de-betania-con-guia-t597965/
Brasil;foz-de-iguazu-l497;1305231;Rutas En El Parque Nacional Iguazu Senderismo En Plena Naturaleza;https://www.getyourguide.com/es-es/foz-de-iguazu-l497/rutas-en-el-parque-nacional-iguazu-senderismo-en-plena-naturaleza-t1305231/
Brasil;porto-alegre-l32362;1316142;Cata De Vinos Gauchos 1 H 30 Min Porto Alegre;https://www.getyourguide.com/es-es/porto-alegre-l32362/cata-de-vinos-gauchos-1-h-30-min-porto-alegre-t1316142/
Brasil;foz-de-iguazu-l497;793314;Privado Visita Panoramica A La Central Hidroelectrica De Itaipu;https://www.getyourguide.com/es-es/foz-de-iguazu-l497/privado-visita-panoramica-a-la-central-hidroelectrica-de-itaipu-t793314/
Brasil;rio-de-janeiro-l9;805350;Rio De Janeiro Favela Santa Marta Top Tour Con Guia Local;https://www.getyourguide.com/es-es/rio-de-janeiro-l9/rio-de-janeiro-favela-santa-marta-top-tour-con-guia-local-t805350/
Brasil;rio-de-janeiro-l9;255572;Rio De Janeiro Vuelo Turistico En Helicoptero;https://www.getyourguide.com/es-es/rio-de-janeiro-l9/rio-de-janeiro-vuelo-turistico-en-helicoptero-t255572/
Brasil;manaos-l917;298520;Manaos Tour Guiado Por La Ciudad Vieja Mas Tour En Barco Por El Rio Amazonas;https://www.getyourguide.com/es-es/manaos-l917/manaos-tour-guiado-por-la-ciudad-vieja-mas-tour-en-barco-por-el-rio-amazonas-t298520/
Brasil;rio-de-janeiro-l9;388313;Rio De Janeiro Visita De Medio Dia Al Cristo Redentor Y La Ciudad;https://www.getyourguide.com/es-es/rio-de-janeiro-l9/rio-de-janeiro-visita-de-medio-dia-al-cristo-redentor-y-la-ciudad-t388313/
Brasil;rio-de-janeiro-l9;434274;Rio De Janeiro Tour Privado En Lancha Motora De 6 A 8 Personas;https://www.getyourguide.com/es-es/rio-de-janeiro-l9/rio-de-janeiro-tour-privado-en-lancha-motora-de-6-a-8-personas-t434274/
Brasil;beberibe-l141901;902414;Fortaleza Excursion De Un Dia A La Playa De Morro Branco Y Praia Das Fontes;https://www.getyourguide.com/es-es/beberibe-l141901/fortaleza-excursion-de-un-dia-a-la-playa-de-morro-branco-y-praia-das-fontes-t902414/
Brasil;porto-de-galinhas-l32612;933367;Porto De Galinhas Buceo;https://www.getyourguide.com/es-es/porto-de-galinhas-l32612/porto-de-galinhas-buceo-t933367/
Brasil;rio-de-janeiro-l9;603677;Explora Fernando De Noronha Ilhatour De 7 Horas;https://www.getyourguide.com/es-es/rio-de-janeiro-l9/explora-fernando-de-noronha-ilhatour-de-7-horas-t603677/
Brasil;fortaleza-l1863;675388;Playa De Lagoinha Tour De 1 Dia;https://www.getyourguide.com/es-es/fortaleza-l1863/playa-de-lagoinha-tour-de-1-dia-t675388/
Brasil;rio-de-janeiro-l9;721926;Rio De Janeiro Excursion En Catamaran A Arraial Do Cabo;https://www.getyourguide.com/es-es/rio-de-janeiro-l9/rio-de-janeiro-excursion-en-catamaran-a-arraial-do-cabo-t721926/
Brasil;florianopolis-l246;722820;Traslado A Beto Carrero World;https://www.getyourguide.com/es-es/florianopolis-l246/traslado-a-beto-carrero-world-t722820/
Brasil;rio-de-janeiro-l9;1075005;Rio De Janeiro Tour De Medio Dia Sobre La Familia Real Portuguesa;https://www.getyourguide.com/es-es/rio-de-janeiro-l9/rio-de-janeiro-tour-de-medio-dia-sobre-la-familia-real-portuguesa-t1075005/
Brasil;foz-de-iguazu-l497;228553;Desde Foz Do Iguacu Cataratas Argentinas De Iguazu Con Paseo En Barco;https://www.getyourguide.com/es-es/foz-de-iguazu-l497/desde-foz-do-iguacu-cataratas-argentinas-de-iguazu-con-paseo-en-barco-t228553/
Brasil;santos-l1708;306293;Santos Tour Privado Por Lo Mas Destacado De La Ciudad;https://www.getyourguide.com/es-es/santos-l1708/santos-tour-privado-por-lo-mas-destacado-de-la-ciudad-t306293/
Brasil;villa-do-abraao-l176580;425699;Desde Vila Do Abraao Traslado Compartido A Paraty;https://www.getyourguide.com/es-es/villa-do-abraao-l176580/desde-vila-do-abraao-traslado-compartido-a-paraty-t425699/
Brasil;rio-de-janeiro-l9;427049;Rio De Janeiro Clase De Baile Forro Y Visita Al Club;https://www.getyourguide.com/es-es/rio-de-janeiro-l9/rio-de-janeiro-clase-de-baile-forro-y-visita-al-club-t427049/
Brasil;foz-de-iguazu-l497;1205581;Descubre Asuncion Paraguay Excursion Saliendo De Foz Do Iguacu;https://www.getyourguide.com/es-es/foz-de-iguazu-l497/descubre-asuncion-paraguay-excursion-saliendo-de-foz-do-iguacu-t1205581/
Brasil;rio-de-janeiro-l9;647708;Voo De Asa Delta No Rio De Janeiro;https://www.getyourguide.com/es-es/rio-de-janeiro-l9/voo-de-asa-delta-no-rio-de-janeiro-t647708/
Brasil;sao-paulo-l384;1322368;Sao Paulo Tour Cultural Privado Sobre El Patrimonio Judio;https://www.getyourguide.com/es-es/sao-paulo-l384/sao-paulo-tour-cultural-privado-sobre-el-patrimonio-judio-t1322368/
Brasil;rio-de-janeiro-l9;116086;Pedra Bonita Y Rampa De Vuelo Libre Caminata Facil;https://www.getyourguide.com/es-es/rio-de-janeiro-l9/pedra-bonita-y-rampa-de-vuelo-libre-caminata-facil-t116086/
Brasil;foz-de-iguazu-l497;230302;Foz De Iguazu Traslado Al Aeropuerto Internacional De Igu;https://www.getyourguide.com/es-es/foz-de-iguazu-l497/foz-de-iguazu-traslado-al-aeropuerto-internacional-de-igu-t230302/
Brasil;rio-de-janeiro-l9;355290;Rio Recorrido De Medio Dia Por El Cristo Redentor Y Las Escaleras De Selaron;https://www.getyourguide.com/es-es/rio-de-janeiro-l9/rio-recorrido-de-medio-dia-por-el-cristo-redentor-y-las-escaleras-de-selaron-t355290/
Brasil;foz-de-iguazu-l497;418897;Desde Foz Do Iguazu Boleto Emblematico De La Triple Frontera;https://www.getyourguide.com/es-es/foz-de-iguazu-l497/desde-foz-do-iguazu-boleto-emblematico-de-la-triple-frontera-t418897/
Brasil;santos-l1708;473422;Descubre Santos Excursion Compartida De Dia Completo Con Entradas Y Almuerzo;https://www.getyourguide.com/es-es/santos-l1708/descubre-santos-excursion-compartida-de-dia-completo-con-entradas-y-almuerzo-t473422/
Brasil;recife-l1836;494174;Playa De Carneiros;https://www.getyourguide.com/es-es/recife-l1836/playa-de-carneiros-t494174/
Brasil;natal-l2112;1111963;Sao Miguel Do Gostoso Tour De Dia Completo Con Guia Local;https://www.getyourguide.com/es-es/natal-l2112/sao-miguel-do-gostoso-tour-de-dia-completo-con-guia-local-t1111963/
Brasil;porto-seguro-l126793;1116443;Porto Seguro Tour Maritimo A Recife De Fora;https://www.getyourguide.com/es-es/porto-seguro-l126793/porto-seguro-tour-maritimo-a-recife-de-fora-t1116443/
Brasil;fortaleza-l1863;653077;Traslado Compartido De Fortaleza A Jericoacoara;https://www.getyourguide.com/es-es/fortaleza-l1863/traslado-compartido-de-fortaleza-a-jericoacoara-t653077/
Brasil;rio-de-janeiro-l9;673691;7 Pasajeros Xl Aeropuerto Internacional Rj X Zona Sul Rj;https://www.getyourguide.com/es-es/rio-de-janeiro-l9/7-pasajeros-xl-aeropuerto-internacional-rj-x-zona-sul-rj-t673691/
Brasil;balneario-camboriu-l32252;1197854;Balneario Camboriu Paseo En Teleferico Y En Barco Pirata;https://www.getyourguide.com/es-es/balneario-camboriu-l32252/balneario-camboriu-paseo-en-teleferico-y-en-barco-pirata-t1197854/
Brasil;sao-paulo-l384;759570;Mejor Tour De La Ciudad De Sao Paulo Arquitectura 6Horas Familia 3 Personas;https://www.getyourguide.com/es-es/sao-paulo-l384/mejor-tour-de-la-ciudad-de-sao-paulo-arquitectura-6horas-familia-3-personas-t759570/
Brasil;rio-de-janeiro-l9;86015;Traslado Del Aeropuerto De Rio De Janeiro A Los Hoteles Del Centro De La Ciudad;https://www.getyourguide.com/es-es/rio-de-janeiro-l9/traslado-del-aeropuerto-de-rio-de-janeiro-a-los-hoteles-del-centro-de-la-ciudad-t86015/
Brasil;rio-de-janeiro-l9;1134314;Rio De Janeiro Visita Guiada Por El Centro De Rio;https://www.getyourguide.com/es-es/rio-de-janeiro-l9/rio-de-janeiro-visita-guiada-por-el-centro-de-rio-t1134314/
Brasil;manaos-l917;517298;Tour De La Ciudad Historica De Manaos En Coche Con 3 Paradas;https://www.getyourguide.com/es-es/manaos-l917/tour-de-la-ciudad-historica-de-manaos-en-coche-con-3-paradas-t517298/
Brasil;rio-de-janeiro-l9;27986;Excursion De 2 Horas A Vela En Rio;https://www.getyourguide.com/es-es/rio-de-janeiro-l9/excursion-de-2-horas-a-vela-en-rio-t27986/
Brasil;villa-do-abraao-l176580;746817;Esnorquel Con Tortugas En Su Habitat Natural;https://www.getyourguide.com/es-es/villa-do-abraao-l176580/esnorquel-con-tortugas-en-su-habitat-natural-t746817/
Brasil;sao-paulo-l384;756533;La Mejor Experiencia Cultural De 6 Horas De Tour De La Ciudad De Sao Paulo;https://www.getyourguide.com/es-es/sao-paulo-l384/la-mejor-experiencia-cultural-de-6-horas-de-tour-de-la-ciudad-de-sao-paulo-t756533/
Brasil;angra-dos-reis-l88183;863811;Angra Dos Reis And Ilha Grande Guided Tour From Rio;https://www.getyourguide.com/es-es/angra-dos-reis-l88183/angra-dos-reis-and-ilha-grande-guided-tour-from-rio-t863811/
Brasil;rio-de-janeiro-l9;877655;Experiencia Carnival Entre Bastidores Del Carnival Magic;https://www.getyourguide.com/es-es/rio-de-janeiro-l9/experiencia-carnival-entre-bastidores-del-carnival-magic-t877655/
Brasil;porto-alegre-l32362;453424;Desde Porto Alegre Excursion Privada De Un Dia A Gramado Y Canela;https://www.getyourguide.com/es-es/porto-alegre-l32362/desde-porto-alegre-excursion-privada-de-un-dia-a-gramado-y-canela-t453424/
Brasil;rio-de-janeiro-l9;467414;Rio De Janeiro Visita Guiada Al Estadio De Maracana Con Recogida Incluida;https://www.getyourguide.com/es-es/rio-de-janeiro-l9/rio-de-janeiro-visita-guiada-al-estadio-de-maracana-con-recogida-incluida-t467414/
Brasil;angra-dos-reis-l88183;531608;Rio De Janeiro Traslado De Ida Y Vuelta A Angra Dos Reis;https://www.getyourguide.com/es-es/angra-dos-reis-l88183/rio-de-janeiro-traslado-de-ida-y-vuelta-a-angra-dos-reis-t531608/
Brasil;rio-de-janeiro-l9;1005673;Un Dia De Surf En Rio De Janeiro Todos Los Niveles;https://www.getyourguide.com/es-es/rio-de-janeiro-l9/un-dia-de-surf-en-rio-de-janeiro-todos-los-niveles-t1005673/
Brasil;angra-dos-reis-l88183;1038089;Increible Experiencia De Buceo En Angra Dos Reis;https://www.getyourguide.com/es-es/angra-dos-reis-l88183/increible-experiencia-de-buceo-en-angra-dos-reis-t1038089/
Brasil;barreirinhas-l105727;1041921;Barreirinhas Tour Inolvidable Por Las Dunas Y La Lagoa Bonita;https://www.getyourguide.com/es-es/barreirinhas-l105727/barreirinhas-tour-inolvidable-por-las-dunas-y-la-lagoa-bonita-t1041921/
Brasil;natal-l2112;1101667;Buceo Privado Exclusivo En Los Arrecifes De Rio Do Fogo;https://www.getyourguide.com/es-es/natal-l2112/buceo-privado-exclusivo-en-los-arrecifes-de-rio-do-fogo-t1101667/
Brasil;rio-de-janeiro-l9;1136428;Rio Visita Autentica De La Favela De Rocinha Con Un Guia Local;https://www.getyourguide.com/es-es/rio-de-janeiro-l9/rio-visita-autentica-de-la-favela-de-rocinha-con-un-guia-local-t1136428/
Brasil;cachoeiras-de-macacu-l208627;1169999;Teresopolis Expedicion De 3 Dias Por Vale Dos Deuses;https://www.getyourguide.com/es-es/cachoeiras-de-macacu-l208627/teresopolis-expedicion-de-3-dias-por-vale-dos-deuses-t1169999/
Brasil;rio-de-janeiro-l9;797990;Rio Tour Privado 5 Horas Tour Personalizado Con Un Guia Local;https://www.getyourguide.com/es-es/rio-de-janeiro-l9/rio-tour-privado-5-horas-tour-personalizado-con-un-guia-local-t797990/
Brasil;rio-de-janeiro-l9;895758;Rio De Janeiro Funk Class Master Your Hips;https://www.getyourguide.com/es-es/rio-de-janeiro-l9/rio-de-janeiro-funk-class-master-your-hips-t895758/
Brasil;santo-amaro-do-maranhao-l215939;948441;La Belleza Oculta De Los Lencois Santo Amaro Ponta Verde;https://www.getyourguide.com/es-es/santo-amaro-do-maranhao-l215939/la-belleza-oculta-de-los-lencois-santo-amaro-ponta-verde-t948441/
Brasil;rio-de-janeiro-l9;318718;Rio De Janeiro Ticket De Entrada Oficial Al Estadio Maracana;https://www.getyourguide.com/es-es/rio-de-janeiro-l9/rio-de-janeiro-ticket-de-entrada-oficial-al-estadio-maracana-t318718/
Brasil;natal-l2112;375736;Desde Natal Excursion De 1 Dia A Joao Pessoa;https://www.getyourguide.com/es-es/natal-l2112/desde-natal-excursion-de-1-dia-a-joao-pessoa-t375736/
Brasil;rio-de-janeiro-l9;467934;Arraial Do Cabo Paraiso Brasileno;https://www.getyourguide.com/es-es/rio-de-janeiro-l9/arraial-do-cabo-paraiso-brasileno-t467934/
Brasil;florianopolis-l246;482702;Mundo Beto Carrero Traslado Privado Desde Florianopolis;https://www.getyourguide.com/es-es/florianopolis-l246/mundo-beto-carrero-traslado-privado-desde-florianopolis-t482702/
Brasil;aracaju-l100614;609705;Tour En Velero Por Aracaju Sergipe;https://www.getyourguide.com/es-es/aracaju-l100614/tour-en-velero-por-aracaju-sergipe-t609705/
Brasil;belo-horizonte-l32265;1298692;Belo Horizonte Tour De Recoleccion Urbana Con Aperitivo;https://www.getyourguide.com/es-es/belo-horizonte-l32265/belo-horizonte-tour-de-recoleccion-urbana-con-aperitivo-t1298692/
Brasil;rio-de-janeiro-l9;783677;Explora Ilha Da Gigoia Una Aventura Islena;https://www.getyourguide.com/es-es/rio-de-janeiro-l9/explora-ilha-da-gigoia-una-aventura-islena-t783677/
Brasil;rio-de-janeiro-l9;67596;Rio Favela Tour A Pie;https://www.getyourguide.com/es-es/rio-de-janeiro-l9/rio-favela-tour-a-pie-t67596/
Brasil;fortaleza-l1863;316342;Desde Fortaleza Excursion De Un Dia A La Playa De Lagoinha;https://www.getyourguide.com/es-es/fortaleza-l1863/desde-fortaleza-excursion-de-un-dia-a-la-playa-de-lagoinha-t316342/
Brasil;rio-de-janeiro-l9;323118;Desde Rio Excursion De 1 Dia A Arraial Do Cabo Tour En Barco Y Almuerzo;https://www.getyourguide.com/es-es/rio-de-janeiro-l9/desde-rio-excursion-de-1-dia-a-arraial-do-cabo-tour-en-barco-y-almuerzo-t323118/
Brasil;belem-brasil-l32400;335686;Belem Tour De La Ciudad De 4 Horas Con Visita Al Mercado De Ver O Peso;https://www.getyourguide.com/es-es/belem-brasil-l32400/belem-tour-de-la-ciudad-de-4-horas-con-visita-al-mercado-de-ver-o-peso-t335686/
Brasil;foz-de-iguazu-l497;873408;Foz Do Iguacu Caminata Por Las Cataratas Con Almuerzo Y Traslado;https://www.getyourguide.com/es-es/foz-de-iguazu-l497/foz-do-iguacu-caminata-por-las-cataratas-con-almuerzo-y-traslado-t873408/
Brasil;buzios-l1832;878226;Encantadores Buzios Tour Guiado Paradas Culturales Y Almuerzo;https://www.getyourguide.com/es-es/buzios-l1832/encantadores-buzios-tour-guiado-paradas-culturales-y-almuerzo-t878226/
Brasil;sao-paulo-l384;1268307;Sao Paulo Ruta De Senderismo A Las Cascadas Vistas A La Playa Y Tour En Telesilla;https://www.getyourguide.com/es-es/sao-paulo-l384/sao-paulo-ruta-de-senderismo-a-las-cascadas-vistas-a-la-playa-y-tour-en-telesilla-t1268307/
Brasil;recife-l1836;24604;Tour De La Ciudad De Recife Y Olinda Descubriendo El Encanto De Dos Ciudades;https://www.getyourguide.com/es-es/recife-l1836/tour-de-la-ciudad-de-recife-y-olinda-descubriendo-el-encanto-de-dos-ciudades-t24604/
Brasil;rio-de-janeiro-l9;1075756;Rio De Janeiro Visita Guiada Al Parque Nacional De Tijuca;https://www.getyourguide.com/es-es/rio-de-janeiro-l9/rio-de-janeiro-visita-guiada-al-parque-nacional-de-tijuca-t1075756/
Brasil;rio-de-janeiro-l9;169354;Playas De Prainha Y Grumari Senderismo Y Natacion;https://www.getyourguide.com/es-es/rio-de-janeiro-l9/playas-de-prainha-y-grumari-senderismo-y-natacion-t169354/
Brasil;rio-de-janeiro-l9;321123;Desde Rio Dia Completo En Buzios Con Tour En Barco Y Almuerzo;https://www.getyourguide.com/es-es/rio-de-janeiro-l9/desde-rio-dia-completo-en-buzios-con-tour-en-barco-y-almuerzo-t321123/
Brasil;guaruja-l127328;1240847;Desde Sao Paulo Tour De 1 Dia A Santos Y A La Playa De Guaruja 8 H;https://www.getyourguide.com/es-es/guaruja-l127328/desde-sao-paulo-tour-de-1-dia-a-santos-y-a-la-playa-de-guaruja-8-h-t1240847/
Brasil;rio-de-janeiro-l9;520411;Rio Desayuno Flotante Paseo En Barco Por La Bahia De Guanabara;https://www.getyourguide.com/es-es/rio-de-janeiro-l9/rio-desayuno-flotante-paseo-en-barco-por-la-bahia-de-guanabara-t520411/
Brasil;lencois-l32549;598037;Traslado Sao Luis A Santo Amaro Lencois;https://www.getyourguide.com/es-es/lencois-l32549/traslado-sao-luis-a-santo-amaro-lencois-t598037/
Brasil;lencois-l32549;1317543;Encantos De La Chapada Grutas Fazenda Pratinha Y Pai Inacio;https://www.getyourguide.com/es-es/lencois-l32549/encantos-de-la-chapada-grutas-fazenda-pratinha-y-pai-inacio-t1317543/
Brasil;salvador-brasil-l1430;159335;Excursion A Las Islas Tropicales Con Almuerzo Incluido;https://www.getyourguide.com/es-es/salvador-brasil-l1430/excursion-a-las-islas-tropicales-con-almuerzo-incluido-t159335/
Brasil;rio-de-janeiro-l9;732688;Rio De Janeiro Tour De La Estatua De Cristo La Ciudad Y La Selva Tropical;https://www.getyourguide.com/es-es/rio-de-janeiro-l9/rio-de-janeiro-tour-de-la-estatua-de-cristo-la-ciudad-y-la-selva-tropical-t732688/
Brasil;buzios-l1832;409373;Buzios Excursion En Catamaran Con Snorkel;https://www.getyourguide.com/es-es/buzios-l1832/buzios-excursion-en-catamaran-con-snorkel-t409373/
Brasil;salvador-brasil-l1430;829120;Desde Salvador Excursion A Praia Do Forte Y Guarajuba;https://www.getyourguide.com/es-es/salvador-brasil-l1430/desde-salvador-excursion-a-praia-do-forte-y-guarajuba-t829120/
Brasil;rio-de-janeiro-l9;852643;Explora Vidigal Y Camina Por El Morro Dois Irmaos Vistas De Rio;https://www.getyourguide.com/es-es/rio-de-janeiro-l9/explora-vidigal-y-camina-por-el-morro-dois-irmaos-vistas-de-rio-t852643/
Brasil;angra-dos-reis-l88183;878198;Tour Guiado De Angra Con Almuerzo Salida De Angra;https://www.getyourguide.com/es-es/angra-dos-reis-l88183/tour-guiado-de-angra-con-almuerzo-salida-de-angra-t878198/
Brasil;rio-de-janeiro-l9;880247;Explora La Ilha Gigoia Y La Favela Rocinha El Alma Oculta De Rio;https://www.getyourguide.com/es-es/rio-de-janeiro-l9/explora-la-ilha-gigoia-y-la-favela-rocinha-el-alma-oculta-de-rio-t880247/
Brasil;rio-de-janeiro-l9;890203;Dos Hermanos Caminan Por La Colina Desde El Amanecer Hasta El Atardecer;https://www.getyourguide.com/es-es/rio-de-janeiro-l9/dos-hermanos-caminan-por-la-colina-desde-el-amanecer-hasta-el-atardecer-t890203/
Brasil;canela-l117155;490771;Gramado Y Canela Traslados Desde Porto Alegre Y Region;https://www.getyourguide.com/es-es/canela-l117155/gramado-y-canela-traslados-desde-porto-alegre-y-region-t490771/
Brasil;sao-paulo-l384;913694;Excursion De Un Dia A La Catedral De Aparecida Con Transporte Desde Sao Paulo;https://www.getyourguide.com/es-es/sao-paulo-l384/excursion-de-un-dia-a-la-catedral-de-aparecida-con-transporte-desde-sao-paulo-t913694/
Brasil;barreirinhas-l105727;1042789;Rio Preguicas Monos Faro Y Playa De Cabure;https://www.getyourguide.com/es-es/barreirinhas-l105727/rio-preguicas-monos-faro-y-playa-de-cabure-t1042789/
Brasil;rio-de-janeiro-l9;729395;Rio De Janeiro Excursion Al Parque Nacional De Tijuca;https://www.getyourguide.com/es-es/rio-de-janeiro-l9/rio-de-janeiro-excursion-al-parque-nacional-de-tijuca-t729395/
Brasil;rio-de-janeiro-l9;746704;Descubre Aquario Y El Bulevar Olimpico Vida Marina Y Arte;https://www.getyourguide.com/es-es/rio-de-janeiro-l9/descubre-aquario-y-el-bulevar-olimpico-vida-marina-y-arte-t746704/
Brasil;rio-de-janeiro-l9;799850;Trilha Morro Dois Irmaos Vidigal;https://www.getyourguide.com/es-es/rio-de-janeiro-l9/trilha-morro-dois-irmaos-vidigal-t799850/
Brasil;vale-dos-vinhedos-l239643;1184200;Vale Dos Vinhedos Tour Con Degustacion Y Monte Belo Do Sul;https://www.getyourguide.com/es-es/vale-dos-vinhedos-l239643/vale-dos-vinhedos-tour-con-degustacion-y-monte-belo-do-sul-t1184200/
Brasil;foz-de-iguazu-l497;1261919;Iguazu Brasil Y Paraguay En Un Dia Completo Con Itaipu Monday Y Las Cataratas Brasilenas;https://www.getyourguide.com/es-es/foz-de-iguazu-l497/iguazu-brasil-y-paraguay-en-un-dia-completo-con-itaipu-monday-y-las-cataratas-brasilenas-t1261919/
Brasil;belem-brasil-l32400;968527;Belem Piraguismo Por Los Agujeros Y Arroyos De Las Islas Con Desayuno;https://www.getyourguide.com/es-es/belem-brasil-l32400/belem-piraguismo-por-los-agujeros-y-arroyos-de-las-islas-con-desayuno-t968527/
Brasil;rio-de-janeiro-l9;1284709;Rio De Janeiro Clase De Surf Para Principiantes Y Usuarios Experimentados;https://www.getyourguide.com/es-es/rio-de-janeiro-l9/rio-de-janeiro-clase-de-surf-para-principiantes-y-usuarios-experimentados-t1284709/
Brasil;salvador-brasil-l1430;1005015;Experiencia Privada De Capoeira En Salvador;https://www.getyourguide.com/es-es/salvador-brasil-l1430/experiencia-privada-de-capoeira-en-salvador-t1005015/
Brasil;angra-dos-reis-l88183;1038092;Angra Dos Reis Experiencia De Buceo Certificada Por Padi;https://www.getyourguide.com/es-es/angra-dos-reis-l88183/angra-dos-reis-experiencia-de-buceo-certificada-por-padi-t1038092/
Brasil;rio-de-janeiro-l9;1060962;Rio De Janeiro O Sao Paulo Parque Nacional De Itatiaia Tour De 3 Dias;https://www.getyourguide.com/es-es/rio-de-janeiro-l9/rio-de-janeiro-o-sao-paulo-parque-nacional-de-itatiaia-tour-de-3-dias-t1060962/
Brasil;rio-de-janeiro-l9;1077516;Rio De Janeiro Canales Y Fauna De La Isla De Gigoia;https://www.getyourguide.com/es-es/rio-de-janeiro-l9/rio-de-janeiro-canales-y-fauna-de-la-isla-de-gigoia-t1077516/
Brasil;rio-de-janeiro-l9;177141;Rio Excursion En Minivan Por El Cristo Redentor Y La Escalinata De Selaron;https://www.getyourguide.com/es-es/rio-de-janeiro-l9/rio-excursion-en-minivan-por-el-cristo-redentor-y-la-escalinata-de-selaron-t177141/
Brasil;belem-brasil-l32400;385704;Belem Excursion A La Playa Fluvial De Ilha Do Mosqueiro Con Almuerzo;https://www.getyourguide.com/es-es/belem-brasil-l32400/belem-excursion-a-la-playa-fluvial-de-ilha-do-mosqueiro-con-almuerzo-t385704/
Brasil;sao-paulo-l384;411416;Sao Paulo Excursion Privada En Helicoptero Con Traslado;https://www.getyourguide.com/es-es/sao-paulo-l384/sao-paulo-excursion-privada-en-helicoptero-con-traslado-t411416/
Brasil;rio-de-janeiro-l9;425592;Desde Rio Barra Da Tijuca A Vila Do Abraao Traslado Compartido;https://www.getyourguide.com/es-es/rio-de-janeiro-l9/desde-rio-barra-da-tijuca-a-vila-do-abraao-traslado-compartido-t425592/
Brasil;foz-de-iguazu-l497;1188567;Foz Do Iguacu Paseo Por Las Cataratas De Brasil Y Argentina;https://www.getyourguide.com/es-es/foz-de-iguazu-l497/foz-do-iguacu-paseo-por-las-cataratas-de-brasil-y-argentina-t1188567/
Brasil;rio-de-janeiro-l9;1212601;Tour Privado Rio De Janeiro Escalera Selaron Catedral Aquario Maracana;https://www.getyourguide.com/es-es/rio-de-janeiro-l9/tour-privado-rio-de-janeiro-escalera-selaron-catedral-aquario-maracana-t1212601/
Brasil;rio-de-janeiro-l9;1228273;Las Pasiones De Rio Maracana Y El Carnaval Entre Bastidores;https://www.getyourguide.com/es-es/rio-de-janeiro-l9/las-pasiones-de-rio-maracana-y-el-carnaval-entre-bastidores-t1228273/
Brasil;paraty-l1845;525053;Paraty Excursion En Lancha Rapida Por El Saco Do Mamangua;https://www.getyourguide.com/es-es/paraty-l1845/paraty-excursion-en-lancha-rapida-por-el-saco-do-mamangua-t525053/
Brasil;niteroi-l34109;632948;Niteroi Experiencia En Parapente Con Fotos Y Video Gopro;https://www.getyourguide.com/es-es/niteroi-l34109/niteroi-experiencia-en-parapente-con-fotos-y-video-gopro-t632948/
Brasil;rio-de-janeiro-l9;685455;Rio De Janeiro Tour Maracana Estadio;https://www.getyourguide.com/es-es/rio-de-janeiro-l9/rio-de-janeiro-tour-maracana-estadio-t685455/
Brasil;paraty-l1845;701859;Experiencia Exclusiva En Mamangua Tour Privado En Lancha Rapida;https://www.getyourguide.com/es-es/paraty-l1845/experiencia-exclusiva-en-mamangua-tour-privado-en-lancha-rapida-t701859/
Brasil;foz-de-iguazu-l497;711246;Iguazu Tour Lado Brasil Y Almuerzo En Autentica Churrascaria;https://www.getyourguide.com/es-es/foz-de-iguazu-l497/iguazu-tour-lado-brasil-y-almuerzo-en-autentica-churrascaria-t711246/
Brasil;rio-de-janeiro-l9;894384;Sendero De Los 2 Hermanos En Vidigal Rj;https://www.getyourguide.com/es-es/rio-de-janeiro-l9/sendero-de-los-2-hermanos-en-vidigal-rj-t894384/
Brasil;brasilia-l144326;1016549;Brasilia Navegando Por El Lago Paranoa Paseo Al Atardecer;https://www.getyourguide.com/es-es/brasilia-l144326/brasilia-navegando-por-el-lago-paranoa-paseo-al-atardecer-t1016549/
Brasil;rio-de-janeiro-l9;1102488;Recorrido Por Rio De Janeiro Con Almuerzo Incluido;https://www.getyourguide.com/es-es/rio-de-janeiro-l9/recorrido-por-rio-de-janeiro-con-almuerzo-incluido-t1102488/
Brasil;rio-de-janeiro-l9;1127831;Rio De Janeiro Tour De Dia Completo Por Bodegas Y Vinedos;https://www.getyourguide.com/es-es/rio-de-janeiro-l9/rio-de-janeiro-tour-de-dia-completo-por-bodegas-y-vinedos-t1127831/
Brasil;villa-do-abraao-l176580;1208353;Angra Dos Reis Crucero En Barco Pirata Con Sesion De Fotos;https://www.getyourguide.com/es-es/villa-do-abraao-l176580/angra-dos-reis-crucero-en-barco-pirata-con-sesion-de-fotos-t1208353/
Brasil;rio-de-janeiro-l9;67389;Aventura En Ala Delta En Rio De Janeiro;https://www.getyourguide.com/es-es/rio-de-janeiro-l9/aventura-en-ala-delta-en-rio-de-janeiro-t67389/
Brasil;jequia-da-praia-l143083;1096372;Alagoas Excursion De 1 Dia A Las Dunas De Marape;https://www.getyourguide.com/es-es/jequia-da-praia-l143083/alagoas-excursion-de-1-dia-a-las-dunas-de-marape-t1096372/
Brasil;rio-de-janeiro-l9;525482;Santa Teresa Bohemia Y Arte;https://www.getyourguide.com/es-es/rio-de-janeiro-l9/santa-teresa-bohemia-y-arte-t525482/
Brasil;matelandia-l214878;1296035;Tour Privado De Lujo Por Las Cataratas Del Iguazu Joyas Unicas Y Parada Cultural;https://www.getyourguide.com/es-es/matelandia-l214878/tour-privado-de-lujo-por-las-cataratas-del-iguazu-joyas-unicas-y-parada-cultural-t1296035/
Brasil;salvador-brasil-l1430;56288;Salvador Tour De La Ciudad Antropologica;https://www.getyourguide.com/es-es/salvador-brasil-l1430/salvador-tour-de-la-ciudad-antropologica-t56288/
Brasil;rio-de-janeiro-l9;776640;Rio De Janeiro Clase De Samba;https://www.getyourguide.com/es-es/rio-de-janeiro-l9/rio-de-janeiro-clase-de-samba-t776640/
Brasil;rio-de-janeiro-l9;248477;Rio De Janeiro Vuelo En Parapente Biplaza Rotorfly;https://www.getyourguide.com/es-es/rio-de-janeiro-l9/rio-de-janeiro-vuelo-en-parapente-biplaza-rotorfly-t248477/
Brasil;petropolis-l1831;376696;Petropolis Visita Privada Con Entrada Al Museo;https://www.getyourguide.com/es-es/petropolis-l1831/petropolis-visita-privada-con-entrada-al-museo-t376696/
Brasil;rio-de-janeiro-l9;851298;Rio De Janeiro Baile Charme;https://www.getyourguide.com/es-es/rio-de-janeiro-l9/rio-de-janeiro-baile-charme-t851298/
Brasil;rio-de-janeiro-l9;388481;Desde Rio De Janeiro Paseo En Barco Por Angra Dos Reis Con Almuerzo;https://www.getyourguide.com/es-es/rio-de-janeiro-l9/desde-rio-de-janeiro-paseo-en-barco-por-angra-dos-reis-con-almuerzo-t388481/
Brasil;florianopolis-l246;505856;Senderismo Por La Lagoa Da Conceicao Hasta Una Aldea De Pescadores;https://www.getyourguide.com/es-es/florianopolis-l246/senderismo-por-la-lagoa-da-conceicao-hasta-una-aldea-de-pescadores-t505856/
Brasil;rio-de-janeiro-l9;558379;Rio Excursion En Jeep 4 Maravillas;https://www.getyourguide.com/es-es/rio-de-janeiro-l9/rio-excursion-en-jeep-4-maravillas-t558379/
Brasil;natal-l2112;1109325;Natal Ruta En 4X4 Y Playas Paradisiacas;https://www.getyourguide.com/es-es/natal-l2112/natal-ruta-en-4x4-y-playas-paradisiacas-t1109325/
Brasil;foz-de-iguazu-l497;662806;Foz Do Iguacu Visita Panoramica A La Presa Hidroelectrica De Itaipu;https://www.getyourguide.com/es-es/foz-de-iguazu-l497/foz-do-iguacu-visita-panoramica-a-la-presa-hidroelectrica-de-itaipu-t662806/
Brasil;soure-brasil-l181819;1168881;Soure La Capital De Marajo City Tour Y Carimbo;https://www.getyourguide.com/es-es/soure-brasil-l181819/soure-la-capital-de-marajo-city-tour-y-carimbo-t1168881/
Brasil;foz-de-iguazu-l497;872789;Privado Cataratas Del Iguazu Lado Brasileno Y Argentino En 1 Dia;https://www.getyourguide.com/es-es/foz-de-iguazu-l497/privado-cataratas-del-iguazu-lado-brasileno-y-argentino-en-1-dia-t872789/
Brasil;sao-paulo-l384;1272925;Pinta E Toma Te Ilustracion Botanica En Un Estudio De Sao Paulo;https://www.getyourguide.com/es-es/sao-paulo-l384/pinta-e-toma-te-ilustracion-botanica-en-un-estudio-de-sao-paulo-t1272925/
Brasil;rio-de-janeiro-l9;1293129;Rio En 1 Dia A Tu Manera Experiencia Privada Con Opciones Exclusivas;https://www.getyourguide.com/es-es/rio-de-janeiro-l9/rio-en-1-dia-a-tu-manera-experiencia-privada-con-opciones-exclusivas-t1293129/
Brasil;paraty-l1845;24758;Medio Dia De Crucero En Goleta Y Snorkel En La Bahia De Paraty;https://www.getyourguide.com/es-es/paraty-l1845/medio-dia-de-crucero-en-goleta-y-snorkel-en-la-bahia-de-paraty-t24758/
Brasil;rio-de-janeiro-l9;54585;Rio En Un Dia Combo De Visita A Lo Mas Destacado De La Ciudad Y Espectaculo;https://www.getyourguide.com/es-es/rio-de-janeiro-l9/rio-en-un-dia-combo-de-visita-a-lo-mas-destacado-de-la-ciudad-y-espectaculo-t54585/
Brasil;rio-de-janeiro-l9;1112306;Rio De Janeiro Tour Por El Bosque De La Tijuca Y La Isla De Gigoia;https://www.getyourguide.com/es-es/rio-de-janeiro-l9/rio-de-janeiro-tour-por-el-bosque-de-la-tijuca-y-la-isla-de-gigoia-t1112306/
Brasil;rio-de-janeiro-l9;1211771;Rio De Janeiro Descubre El Kitesurf;https://www.getyourguide.com/es-es/rio-de-janeiro-l9/rio-de-janeiro-descubre-el-kitesurf-t1211771/
Brasil;florianopolis-l246;516943;Ruta Germanica Blumenau Y Pomerode;https://www.getyourguide.com/es-es/florianopolis-l246/ruta-germanica-blumenau-y-pomerode-t516943/
Brasil;parnaioca-l219222;1241949;Tour Privado Por La Isla Exclusividad En Ilha Grande;https://www.getyourguide.com/es-es/parnaioca-l219222/tour-privado-por-la-isla-exclusividad-en-ilha-grande-t1241949/
Brasil;rio-de-janeiro-l9;1279050;Rio De Janeiro Recorrido Artistico Historico Con El Pan De Azucar Y El Cristo Redentor;https://www.getyourguide.com/es-es/rio-de-janeiro-l9/rio-de-janeiro-recorrido-artistico-historico-con-el-pan-de-azucar-y-el-cristo-redentor-t1279050/
Brasil;foz-de-iguazu-l497;703065;Cataratas De Iguazu Tour Privado Lado Brasileno;https://www.getyourguide.com/es-es/foz-de-iguazu-l497/cataratas-de-iguazu-tour-privado-lado-brasileno-t703065/
Brasil;paraty-l1845;711035;Paraty Una Experiencia Al Atardecer En Lancha Rapida;https://www.getyourguide.com/es-es/paraty-l1845/paraty-una-experiencia-al-atardecer-en-lancha-rapida-t711035/
Brasil;rio-de-janeiro-l9;723007;Excursion En Lancha Rapida En Rio De Janeiro;https://www.getyourguide.com/es-es/rio-de-janeiro-l9/excursion-en-lancha-rapida-en-rio-de-janeiro-t723007/
Brasil;rio-de-janeiro-l9;783062;Rio Amanecer En El Pan De Azucar Con Desayuno Y Traslado;https://www.getyourguide.com/es-es/rio-de-janeiro-l9/rio-amanecer-en-el-pan-de-azucar-con-desayuno-y-traslado-t783062/
Brasil;rio-de-janeiro-l9;872594;Rio De Janeiro Tour A Pie Privado Por El Centro Historico Judio;https://www.getyourguide.com/es-es/rio-de-janeiro-l9/rio-de-janeiro-tour-a-pie-privado-por-el-centro-historico-judio-t872594/
Brasil;angra-dos-reis-l88183;455155;Ilha Grande 7H En Lancha Rapida Por Las Islas Paraiso De Angra;https://www.getyourguide.com/es-es/angra-dos-reis-l88183/ilha-grande-7h-en-lancha-rapida-por-las-islas-paraiso-de-angra-t455155/
Brasil;lencois-l32549;1133669;Vale Do Pati 3 Dias Aventura Inolvidable En Chapada Diamantina;https://www.getyourguide.com/es-es/lencois-l32549/vale-do-pati-3-dias-aventura-inolvidable-en-chapada-diamantina-t1133669/
Brasil;florianopolis-l246;685661;Florianopolis Ruta De Bares Por El Centro;https://www.getyourguide.com/es-es/florianopolis-l246/florianopolis-ruta-de-bares-por-el-centro-t685661/
Brasil;maragogi-l122555;1155903;Maragogi Tour En Barco Por Las Piscinas Naturales De Croas De Sao Bento;https://www.getyourguide.com/es-es/maragogi-l122555/maragogi-tour-en-barco-por-las-piscinas-naturales-de-croas-de-sao-bento-t1155903/
Brasil;rio-de-janeiro-l9;723265;Visita De Un Dia A Rio De Janeiro Con Imagenes De Drones;https://www.getyourguide.com/es-es/rio-de-janeiro-l9/visita-de-un-dia-a-rio-de-janeiro-con-imagenes-de-drones-t723265/
Brasil;canela-l117155;1193958;Vinos Que Piden Otra Copa En Bento Goncalves;https://www.getyourguide.com/es-es/canela-l117155/vinos-que-piden-otra-copa-en-bento-goncalves-t1193958/
Brasil;bento-goncalves-l117160;804618;Recorrido De 5 Dias Que Incluye Gramado Canones Y Vale Dos Vinhedos;https://www.getyourguide.com/es-es/bento-goncalves-l117160/recorrido-de-5-dias-que-incluye-gramado-canones-y-vale-dos-vinhedos-t804618/
Brasil;villa-do-abraao-l176580;1223065;Vila Do Abraao Tour En Lancha Motora Por La Gruta Do Acaia Con 5 Paradas;https://www.getyourguide.com/es-es/villa-do-abraao-l176580/vila-do-abraao-tour-en-lancha-motora-por-la-gruta-do-acaia-con-5-paradas-t1223065/
Brasil;rio-de-janeiro-l9;1262443;Rio De Janeiro Experiencia De Clase De Entrenamiento Funcional En Ipanema;https://www.getyourguide.com/es-es/rio-de-janeiro-l9/rio-de-janeiro-experiencia-de-clase-de-entrenamiento-funcional-en-ipanema-t1262443/
Brasil;jericoacoara-l105737;898679;Jeri Off Road Conduce Un Utv En Las Dunas;https://www.getyourguide.com/es-es/jericoacoara-l105737/jeri-off-road-conduce-un-utv-en-las-dunas-t898679/
Brasil;rio-de-janeiro-l9;960370;Rio De Janeiro Ticket De Entrada Al Cristo Redentor;https://www.getyourguide.com/es-es/rio-de-janeiro-l9/rio-de-janeiro-ticket-de-entrada-al-cristo-redentor-t960370/
Brasil;angra-dos-reis-l88183;977663;Angra Dos Reis Paseo En Lancha Privada Por Islas Paradisiacas;https://www.getyourguide.com/es-es/angra-dos-reis-l88183/angra-dos-reis-paseo-en-lancha-privada-por-islas-paradisiacas-t977663/
Brasil;arraial-del-cabo-l95354;1010645;Rio De Janeiro Conoce Arraial Como Nunca Lo Habias Visto;https://www.getyourguide.com/es-es/arraial-del-cabo-l95354/rio-de-janeiro-conoce-arraial-como-nunca-lo-habias-visto-t1010645/
Brasil;rio-de-janeiro-l9;1104598;Descubre El Estadio De Maracana Con Una Visita Guiada;https://www.getyourguide.com/es-es/rio-de-janeiro-l9/descubre-el-estadio-de-maracana-con-una-visita-guiada-t1104598/
Brasil;porto-seguro-l126793;1120018;Porto Seguro Playas De Arraial D Ajuda Y Tour Historico;https://www.getyourguide.com/es-es/porto-seguro-l126793/porto-seguro-playas-de-arraial-d-ajuda-y-tour-historico-t1120018/
Brasil;rio-de-janeiro-l9;433732;Desde Rio De Janeiro Tour En Helicoptero Por Los Puntos Destacados De La Ciudad;https://www.getyourguide.com/es-es/rio-de-janeiro-l9/desde-rio-de-janeiro-tour-en-helicoptero-por-los-puntos-destacados-de-la-ciudad-t433732/
Brasil;rio-de-janeiro-l9;464565;Experiencia Amanecer Mirador Dmarta Y Cristo Rojo;https://www.getyourguide.com/es-es/rio-de-janeiro-l9/experiencia-amanecer-mirador-dmarta-y-cristo-rojo-t464565/
Brasil;tamandare-ramirez-forte-l205863;533217;Excursion En Catamaran En Praia Dos Carneiros;https://www.getyourguide.com/es-es/tamandare-ramirez-forte-l205863/excursion-en-catamaran-en-praia-dos-carneiros-t533217/
Brasil;salvador-brasil-l1430;554092;Visita Salvador Historico Pelourinho;https://www.getyourguide.com/es-es/salvador-brasil-l1430/visita-salvador-historico-pelourinho-t554092/
Brasil;foz-de-iguazu-l497;588222;Cataratas De Brasil Parque De Las Aves Y Presa De Itaipu;https://www.getyourguide.com/es-es/foz-de-iguazu-l497/cataratas-de-brasil-parque-de-las-aves-y-presa-de-itaipu-t588222/
Brasil;rio-de-janeiro-l9;1256608;Easyfly Vuelo Panoramico En Helicoptero Con Puertas Abiertas Por Rio De Janeiro 20 Min;https://www.getyourguide.com/es-es/rio-de-janeiro-l9/easyfly-vuelo-panoramico-en-helicoptero-con-puertas-abiertas-por-rio-de-janeiro-20-min-t1256608/
Brasil;arraial-del-cabo-l95354;1275582;Paseo En Barco Por Arraial Do Cabo Gruta Azul Bano Y Caribe Brasileno;https://www.getyourguide.com/es-es/arraial-del-cabo-l95354/paseo-en-barco-por-arraial-do-cabo-gruta-azul-bano-y-caribe-brasileno-t1275582/
Brasil;ubatuba-l192258;707871;Ubatuba Experiencia De Surf Con Monitor Profesional;https://www.getyourguide.com/es-es/ubatuba-l192258/ubatuba-experiencia-de-surf-con-monitor-profesional-t707871/
Brasil;salvador-brasil-l1430;829142;Desde Salvador Viaje En Goleta A Ilha Dos Frades;https://www.getyourguide.com/es-es/salvador-brasil-l1430/desde-salvador-viaje-en-goleta-a-ilha-dos-frades-t829142/
Brasil;sao-paulo-l384;380759;Sao Paulo Liberdade Street Food Tour En Ingles;https://www.getyourguide.com/es-es/sao-paulo-l384/sao-paulo-liberdade-street-food-tour-en-ingles-t380759/
Brasil;sao-paulo-l384;389797;Desde Sao Paulo Ruta Del Vino De Sao Roque Y Tour De Compras;https://www.getyourguide.com/es-es/sao-paulo-l384/desde-sao-paulo-ruta-del-vino-de-sao-roque-y-tour-de-compras-t389797/
Brasil;petropolis-l1831;412113;Desde Copacabana Excursion Privada De Un Dia A Petropolis Y Fabrica De Cerveza;https://www.getyourguide.com/es-es/petropolis-l1831/desde-copacabana-excursion-privada-de-un-dia-a-petropolis-y-fabrica-de-cerveza-t412113/
Brasil;rio-de-janeiro-l9;480579;Rio De Janeiro Traslado De Ida Y Vuelta A Cabo Frio;https://www.getyourguide.com/es-es/rio-de-janeiro-l9/rio-de-janeiro-traslado-de-ida-y-vuelta-a-cabo-frio-t480579/
Brasil;curitiba-l1849;1029988;Curitiba City Tour Ecologico Los Increibles Parques Y Postales4 H;https://www.getyourguide.com/es-es/curitiba-l1849/curitiba-city-tour-ecologico-los-increibles-parques-y-postales4-h-t1029988/
Brasil;aracaju-l100614;554843;Traslado Compartido Aeropuerto De Aracaju;https://www.getyourguide.com/es-es/aracaju-l100614/traslado-compartido-aeropuerto-de-aracaju-t554843/
Brasil;rio-de-janeiro-l9;1065597;Rio De Janeiro Clase De Cocina Brasilena Con Servicio De Recogida;https://www.getyourguide.com/es-es/rio-de-janeiro-l9/rio-de-janeiro-clase-de-cocina-brasilena-con-servicio-de-recogida-t1065597/
Brasil;barreirinhas-l105727;599315;Excursion En Lancha Rapida Por El Rio Preguicas;https://www.getyourguide.com/es-es/barreirinhas-l105727/excursion-en-lancha-rapida-por-el-rio-preguicas-t599315/
Brasil;rio-de-janeiro-l9;1074453;Rio De Janeiro Tour Gastronomico De Feijoada Con Traslados;https://www.getyourguide.com/es-es/rio-de-janeiro-l9/rio-de-janeiro-tour-gastronomico-de-feijoada-con-traslados-t1074453/
Brasil;canela-l117155;1171772;Canela Ticket De Entrada Al Parque Do Caracol;https://www.getyourguide.com/es-es/canela-l117155/canela-ticket-de-entrada-al-parque-do-caracol-t1171772/
Brasil;vale-dos-vinhedos-l239643;1192850;Ciudad De Alto Feliz Don Guerino Y Los Sabores De La Sierra;https://www.getyourguide.com/es-es/vale-dos-vinhedos-l239643/ciudad-de-alto-feliz-don-guerino-y-los-sabores-de-la-sierra-t1192850/
Brasil;salvador-brasil-l1430;790764;Salvador Exp Nocturna Comisariada En El Corazon De La Ciudad;https://www.getyourguide.com/es-es/salvador-brasil-l1430/salvador-exp-nocturna-comisariada-en-el-corazon-de-la-ciudad-t790764/
Brasil;manaos-l917;895651;Manaos Supervivencia En La Selva Amazonica;https://www.getyourguide.com/es-es/manaos-l917/manaos-supervivencia-en-la-selva-amazonica-t895651/
Brasil;florianopolis-l246;1268617;;https://www.getyourguide.com/es-es/florianopolis-l246/-t1268617/
Brasil;rio-de-janeiro-l9;940420;Rio De Janeiro Excursion A Caballo Cascada Y Playas;https://www.getyourguide.com/es-es/rio-de-janeiro-l9/rio-de-janeiro-excursion-a-caballo-cascada-y-playas-t940420/
Brasil;rio-de-janeiro-l9;1289308;Rio De Janeiro Pan De Azucar Y Tour Historico De La Ciudad;https://www.getyourguide.com/es-es/rio-de-janeiro-l9/rio-de-janeiro-pan-de-azucar-y-tour-historico-de-la-ciudad-t1289308/
Brasil;foz-de-iguazu-l497;968468;Desde Foz Do Iguacu Excursion De 1 Dia A Las Cataratas Brasilenas Y Argentinas;https://www.getyourguide.com/es-es/foz-de-iguazu-l497/desde-foz-do-iguacu-excursion-de-1-dia-a-las-cataratas-brasilenas-y-argentinas-t968468/
Brasil;buzios-l1832;1064523;Rio De Janeiro Paseo En Catamaran Exclusivo Y Almuerzo Incluido;https://www.getyourguide.com/es-es/buzios-l1832/rio-de-janeiro-paseo-en-catamaran-exclusivo-y-almuerzo-incluido-t1064523/
Brasil;rio-de-janeiro-l9;1084101;Rio De Janeiro Experiencia Carioca De Feijoada Con Traslados;https://www.getyourguide.com/es-es/rio-de-janeiro-l9/rio-de-janeiro-experiencia-carioca-de-feijoada-con-traslados-t1084101/
Brasil;foz-de-iguazu-l497;1218680;Cataratas Del Iguazu Tour Privado Por Senderos Ocultos Y Clasicos;https://www.getyourguide.com/es-es/foz-de-iguazu-l497/cataratas-del-iguazu-tour-privado-por-senderos-ocultos-y-clasicos-t1218680/
Brasil;manaos-l917;576817;Servicio De Traslado Privado 24H Del Hotel Al Aeropuerto De Manaus;https://www.getyourguide.com/es-es/manaos-l917/servicio-de-traslado-privado-24h-del-hotel-al-aeropuerto-de-manaus-t576817/
Brasil;florianopolis-l246;620080;Tour Vip Por Florianopolis Coche Privado Y Guia Local;https://www.getyourguide.com/es-es/florianopolis-l246/tour-vip-por-florianopolis-coche-privado-y-guia-local-t620080/
Brasil;natal-l2112;27454;Excursion De Un Dia A Barra Do Cunhau Desde Natal;https://www.getyourguide.com/es-es/natal-l2112/excursion-de-un-dia-a-barra-do-cunhau-desde-natal-t27454/
Brasil;rio-de-janeiro-l9;405194;Rio De Janeiro Traslado Compartido A Vila Abrao Ilha Grande;https://www.getyourguide.com/es-es/rio-de-janeiro-l9/rio-de-janeiro-traslado-compartido-a-vila-abrao-ilha-grande-t405194/
Brasil;rio-de-janeiro-l9;553800;Noche De Samba En Lapa;https://www.getyourguide.com/es-es/rio-de-janeiro-l9/noche-de-samba-en-lapa-t553800/
Brasil;foz-de-iguazu-l497;604458;Cataratas Del Iguazu Guiadotour Explora Brasil Y Argentina En 1 Dia;https://www.getyourguide.com/es-es/foz-de-iguazu-l497/cataratas-del-iguazu-guiadotour-explora-brasil-y-argentina-en-1-dia-t604458/
Brasil;porto-seguro-l126793;794490;Porto Seguro Excursion De Un Dia A Trancoso Con Playa Y Quadrado;https://www.getyourguide.com/es-es/porto-seguro-l126793/porto-seguro-excursion-de-un-dia-a-trancoso-con-playa-y-quadrado-t794490/
Brasil;rio-de-janeiro-l9;1219010;Tour Privado Rio De Janeiro Descubre El Carnaval Carioca Con Entradas Incluidas;https://www.getyourguide.com/es-es/rio-de-janeiro-l9/tour-privado-rio-de-janeiro-descubre-el-carnaval-carioca-con-entradas-incluidas-t1219010/
Brasil;salvador-brasil-l1430;1229461;Clase De Cocina Brasilena De Ultima Hora Cerca Del Aeropuerto De Salvador;https://www.getyourguide.com/es-es/salvador-brasil-l1430/clase-de-cocina-brasilena-de-ultima-hora-cerca-del-aeropuerto-de-salvador-t1229461/
Brasil;cabo-frio-l121720;1272761;Cabo Frio Experiencia En Moto Acuatica Con Recorrido Panoramico;https://www.getyourguide.com/es-es/cabo-frio-l121720/cabo-frio-experiencia-en-moto-acuatica-con-recorrido-panoramico-t1272761/
Brasil;niteroi-l34109;959538;Niteroi Experiencia De Vuelo En Parapente Con Fotos Y Video;https://www.getyourguide.com/es-es/niteroi-l34109/niteroi-experiencia-de-vuelo-en-parapente-con-fotos-y-video-t959538/
Brasil;cabo-frio-l121720;1289201;Cabo Frio Experiencia Guiada En Canoa Hawaiana;https://www.getyourguide.com/es-es/cabo-frio-l121720/cabo-frio-experiencia-guiada-en-canoa-hawaiana-t1289201/
Brasil;rio-de-janeiro-l9;992918;Rio De Janeiro El Primer Estadio De Futbol De Brasil Laranjeiras;https://www.getyourguide.com/es-es/rio-de-janeiro-l9/rio-de-janeiro-el-primer-estadio-de-futbol-de-brasil-laranjeiras-t992918/
Brasil;sao-paulo-l384;1024549;Sao Paulo Tour De Cultura Y Arte Underground;https://www.getyourguide.com/es-es/sao-paulo-l384/sao-paulo-tour-de-cultura-y-arte-underground-t1024549/
Brasil;natal-l2112;1099084;Natal Tour De Vida Nocturna En La Playa De Pipa Con Recogida En El Hotel;https://www.getyourguide.com/es-es/natal-l2112/natal-tour-de-vida-nocturna-en-la-playa-de-pipa-con-recogida-en-el-hotel-t1099084/
Brasil;rio-de-janeiro-l9;1130103;Despierta En El Mar Desayuno De Ensueno En La Bahia De Guanabara Rio De Janeiro;https://www.getyourguide.com/es-es/rio-de-janeiro-l9/despierta-en-el-mar-desayuno-de-ensueno-en-la-bahia-de-guanabara-rio-de-janeiro-t1130103/
Brasil;barreirinhas-l105727;496632;Traslado Barreirinhas A Parnaiba;https://www.getyourguide.com/es-es/barreirinhas-l105727/traslado-barreirinhas-a-parnaiba-t496632/
Brasil;rio-de-janeiro-l9;501295;Recorrido Por Las Favelas Rocinha;https://www.getyourguide.com/es-es/rio-de-janeiro-l9/recorrido-por-las-favelas-rocinha-t501295/
Brasil;porto-alegre-l32362;502016;Bento Daytour Privado Vale Vinhedos Saindo De Porto Alegre;https://www.getyourguide.com/es-es/porto-alegre-l32362/bento-daytour-privado-vale-vinhedos-saindo-de-porto-alegre-t502016/
Brasil;rio-de-janeiro-l9;504535;Rio Tour Combinado Del Cristo Redentor En Tren Y El Pan De Azucar;https://www.getyourguide.com/es-es/rio-de-janeiro-l9/rio-tour-combinado-del-cristo-redentor-en-tren-y-el-pan-de-azucar-t504535/
Brasil;rio-de-janeiro-l9;655162;Descubre Rocinha Tour Guiado Por La Famosa Favela;https://www.getyourguide.com/es-es/rio-de-janeiro-l9/descubre-rocinha-tour-guiado-por-la-famosa-favela-t655162/
Brasil;arraial-del-cabo-l95354;712479;Excursion Arraial Do Cabo Com Saida Do Rio De Janeiro;https://www.getyourguide.com/es-es/arraial-del-cabo-l95354/excursion-arraial-do-cabo-com-saida-do-rio-de-janeiro-t712479/
Brasil;rio-de-janeiro-l9;674940;Favela Santa Marta Tour A Pie Con Guia Local;https://www.getyourguide.com/es-es/rio-de-janeiro-l9/favela-santa-marta-tour-a-pie-con-guia-local-t674940/
Brasil;salvador-brasil-l1430;813173;Salvador Masterclass De Caipirinha Con Bebidas Ilimitadas;https://www.getyourguide.com/es-es/salvador-brasil-l1430/salvador-masterclass-de-caipirinha-con-bebidas-ilimitadas-t813173/
Brasil;gramado-l32317;822518;Gramado Tour De La Ciudad En Privado Descubre La Magia De Gramado;https://www.getyourguide.com/es-es/gramado-l32317/gramado-tour-de-la-ciudad-en-privado-descubre-la-magia-de-gramado-t822518/
Brasil;rio-de-janeiro-l9;850311;Tour Por Los Tesoros Ocultos De Rio Por Alan Denis;https://www.getyourguide.com/es-es/rio-de-janeiro-l9/tour-por-los-tesoros-ocultos-de-rio-por-alan-denis-t850311/
Brasil;rio-de-janeiro-l9;862005;Visita A La Favela De Vidigal;https://www.getyourguide.com/es-es/rio-de-janeiro-l9/visita-a-la-favela-de-vidigal-t862005/
Brasil;buzios-l1832;878238;Explora Buzios Tour En Barco Con Almuerzo Salida Desde Buzios;https://www.getyourguide.com/es-es/buzios-l1832/explora-buzios-tour-en-barco-con-almuerzo-salida-desde-buzios-t878238/
Brasil;rio-de-janeiro-l9;894614;Sendero Pedra Bonita El Sendero Mas Facil Con Una Hermosa Vista De Rio;https://www.getyourguide.com/es-es/rio-de-janeiro-l9/sendero-pedra-bonita-el-sendero-mas-facil-con-una-hermosa-vista-de-rio-t894614/
Brasil;rio-de-janeiro-l9;975476;Rio De Janeiro Ticket Al Teleferico Del Pan De Azucar;https://www.getyourguide.com/es-es/rio-de-janeiro-l9/rio-de-janeiro-ticket-al-teleferico-del-pan-de-azucar-t975476/
Brasil;rio-de-janeiro-l9;960427;Rio De Janeiro Experiencia De Parapente En Pedra Bonita;https://www.getyourguide.com/es-es/rio-de-janeiro-l9/rio-de-janeiro-experiencia-de-parapente-en-pedra-bonita-t960427/
Brasil;rio-de-janeiro-l9;1009127;Rio De Janeiro Tour A Pie Historico Y Cultural;https://www.getyourguide.com/es-es/rio-de-janeiro-l9/rio-de-janeiro-tour-a-pie-historico-y-cultural-t1009127/
Brasil;angra-dos-reis-l88183;1036102;Angra Dos Reis Excursion En Lancha Rapida Por Islas Impresionantes;https://www.getyourguide.com/es-es/angra-dos-reis-l88183/angra-dos-reis-excursion-en-lancha-rapida-por-islas-impresionantes-t1036102/
Brasil;rio-de-janeiro-l9;1032009;Rio De Janeiro 4 Pubs Cerveza De Barril Aperitivos Atardecer Ideal Para Solteros;https://www.getyourguide.com/es-es/rio-de-janeiro-l9/rio-de-janeiro-4-pubs-cerveza-de-barril-aperitivos-atardecer-ideal-para-solteros-t1032009/
Brasil;rio-de-janeiro-l9;1065476;Rio De Janeiro Tour Al Cristo Redentor Con Servicio De Recogida;https://www.getyourguide.com/es-es/rio-de-janeiro-l9/rio-de-janeiro-tour-al-cristo-redentor-con-servicio-de-recogida-t1065476/
Brasil;rio-de-janeiro-l9;1118166;Yoga En La Pedra Da Gavea;https://www.getyourguide.com/es-es/rio-de-janeiro-l9/yoga-en-la-pedra-da-gavea-t1118166/
Brasil;barreirinhas-l105727;1119939;Lencois Maranhenses Ruta En Quad A La Laguna Azul;https://www.getyourguide.com/es-es/barreirinhas-l105727/lencois-maranhenses-ruta-en-quad-a-la-laguna-azul-t1119939/
Brasil;ubatuba-l192258;1181302;Paseo Nautico Con Visita A La Isla Anchieta Y A La Playa De Las Siete Fuentes;https://www.getyourguide.com/es-es/ubatuba-l192258/paseo-nautico-con-visita-a-la-isla-anchieta-y-a-la-playa-de-las-siete-fuentes-t1181302/
Brasil;barra-da-lagoa-l230903;1228348;Paseo En Barco A La Isla De Campeche Y La Laguna De La Concepcion;https://www.getyourguide.com/es-es/barra-da-lagoa-l230903/paseo-en-barco-a-la-isla-de-campeche-y-la-laguna-de-la-concepcion-t1228348/
Brasil;rio-de-janeiro-l9;54518;Senderismo En Pedra Da Gavea;https://www.getyourguide.com/es-es/rio-de-janeiro-l9/senderismo-en-pedra-da-gavea-t54518/
Brasil;salvador-brasil-l1430;56285;Salvador Tour De La Ceremonia Del Candomble;https://www.getyourguide.com/es-es/salvador-brasil-l1430/salvador-tour-de-la-ceremonia-del-candomble-t56285/
Brasil;rio-de-janeiro-l9;149966;Rio De Janeiro Excursion De Un Dia A Buzios;https://www.getyourguide.com/es-es/rio-de-janeiro-l9/rio-de-janeiro-excursion-de-un-dia-a-buzios-t149966/
Brasil;belem-brasil-l32400;385627;Belem Mercado De Ver O Peso Y Visita De Un Dia A La Ciudad Con Almuerzo;https://www.getyourguide.com/es-es/belem-brasil-l32400/belem-mercado-de-ver-o-peso-y-visita-de-un-dia-a-la-ciudad-con-almuerzo-t385627/
Brasil;rio-de-janeiro-l9;389516;Rio De Janeiro Excursion A Pie De Medio Dia Por La Feria Hippie;https://www.getyourguide.com/es-es/rio-de-janeiro-l9/rio-de-janeiro-excursion-a-pie-de-medio-dia-por-la-feria-hippie-t389516/
Brasil;foz-de-iguazu-l497;251902;Desde Foz Do Iguacu Puerto Iguazu De Noche Con Cena Barbacoa;https://www.getyourguide.com/es-es/foz-de-iguazu-l497/desde-foz-do-iguacu-puerto-iguazu-de-noche-con-cena-barbacoa-t251902/
Brasil;manaos-l917;299170;Manaus Excursion Fluvial De 2 Dias Con Pernoctacion;https://www.getyourguide.com/es-es/manaos-l917/manaus-excursion-fluvial-de-2-dias-con-pernoctacion-t299170/
Brasil;sao-paulo-l384;369131;Sao Paulo Pinheiros Food Graffiti Tour En Ingles;https://www.getyourguide.com/es-es/sao-paulo-l384/sao-paulo-pinheiros-food-graffiti-tour-en-ingles-t369131/
Brasil;rio-de-janeiro-l9;388491;Desde Rio De Janeiro Excursion De Un Dia A Petropolis Con Almuerzo Opcional;https://www.getyourguide.com/es-es/rio-de-janeiro-l9/desde-rio-de-janeiro-excursion-de-un-dia-a-petropolis-con-almuerzo-opcional-t388491/
Brasil;rio-de-janeiro-l9;554839;Fiesta En Barco Inolvidable;https://www.getyourguide.com/es-es/rio-de-janeiro-l9/fiesta-en-barco-inolvidable-t554839/
Brasil;rio-de-janeiro-l9;655155;Excursion Guiada Explora Los Secretos De Rocinha;https://www.getyourguide.com/es-es/rio-de-janeiro-l9/excursion-guiada-explora-los-secretos-de-rocinha-t655155/
Brasil;rio-de-janeiro-l9;824841;Rio De Janeiro Guia Del Cristo Redentor Pao De Acucar;https://www.getyourguide.com/es-es/rio-de-janeiro-l9/rio-de-janeiro-guia-del-cristo-redentor-pao-de-acucar-t824841/
Brasil;barreirinhas-l105727;853390;Excursion De Medio Dia En Quad Por El Pequeno Lencois;https://www.getyourguide.com/es-es/barreirinhas-l105727/excursion-de-medio-dia-en-quad-por-el-pequeno-lencois-t853390/
Brasil;jericoacoara-l105737;879744;Tour De Dia Completo Por Jericoacoara Dunas Lagunas Y Cultura Vibrante;https://www.getyourguide.com/es-es/jericoacoara-l105737/tour-de-dia-completo-por-jericoacoara-dunas-lagunas-y-cultura-vibrante-t879744/
Brasil;sao-paulo-l384;938605;Sao Paulo Visita Sin Colas Al Museo Del Futbol Con Entradas;https://www.getyourguide.com/es-es/sao-paulo-l384/sao-paulo-visita-sin-colas-al-museo-del-futbol-con-entradas-t938605/
Brasil;salvador-brasil-l1430;938611;Salvador Tour Privado Por La Iglesia Y El Convento De San Francisco;https://www.getyourguide.com/es-es/salvador-brasil-l1430/salvador-tour-privado-por-la-iglesia-y-el-convento-de-san-francisco-t938611/
Brasil;rio-de-janeiro-l9;1016553;Visita Al Estadio Maracana Con Guia Local Y Aperitivo Y Bebidas;https://www.getyourguide.com/es-es/rio-de-janeiro-l9/visita-al-estadio-maracana-con-guia-local-y-aperitivo-y-bebidas-t1016553/
Brasil;sao-paulo-l384;1059174;Liberdade Fuerza Resistencia Y Silencio;https://www.getyourguide.com/es-es/sao-paulo-l384/liberdade-fuerza-resistencia-y-silencio-t1059174/
Brasil;natal-l2112;1109326;Natal Aventura En 4X4 Por La Ruta Nativa Y Paisajes Naturales;https://www.getyourguide.com/es-es/natal-l2112/natal-aventura-en-4x4-por-la-ruta-nativa-y-paisajes-naturales-t1109326/
Brasil;rio-de-janeiro-l9;1135126;Rio De Janeiro Tour Carioca 50;https://www.getyourguide.com/es-es/rio-de-janeiro-l9/rio-de-janeiro-tour-carioca-50-t1135126/
Brasil;belo-horizonte-l32265;1170220;Ruta Gastronomica Por Los Mercados Y Sabores Locales De Belo Horizonte;https://www.getyourguide.com/es-es/belo-horizonte-l32265/ruta-gastronomica-por-los-mercados-y-sabores-locales-de-belo-horizonte-t1170220/
Brasil;rio-de-janeiro-l9;1222477;Mambo Beach Playas Salvajes De Barra Da Tijuca;https://www.getyourguide.com/es-es/rio-de-janeiro-l9/mambo-beach-playas-salvajes-de-barra-da-tijuca-t1222477/
Brasil;sao-paulo-l384;1240992;Sao Paulo Tour Privado Por El Patrimonio Judio Sinagogas 5 H;https://www.getyourguide.com/es-es/sao-paulo-l384/sao-paulo-tour-privado-por-el-patrimonio-judio-sinagogas-5-h-t1240992/
Brasil;sao-paulo-l384;1262751;Una Noche En Las Azoteas Y Discotecas De Sao Paulo;https://www.getyourguide.com/es-es/sao-paulo-l384/una-noche-en-las-azoteas-y-discotecas-de-sao-paulo-t1262751/
Brasil;cabo-frio-l121720;1290632;Experiencia Privada En Canoa Hawaiana En Cabo Frio;https://www.getyourguide.com/es-es/cabo-frio-l121720/experiencia-privada-en-canoa-hawaiana-en-cabo-frio-t1290632/
Brasil;rio-de-janeiro-l9;41613;Rio De Janeiro Tour A Pie De Medio Dia Por La Favela De Rocinha;https://www.getyourguide.com/es-es/rio-de-janeiro-l9/rio-de-janeiro-tour-a-pie-de-medio-dia-por-la-favela-de-rocinha-t41613/
Brasil;buzios-l1832;290015;Buzios Excursion De Dia Completo Por Tierra Y Mar Con Almuerzo;https://www.getyourguide.com/es-es/buzios-l1832/buzios-excursion-de-dia-completo-por-tierra-y-mar-con-almuerzo-t290015/
Brasil;foz-de-iguazu-l497;441094;Desde Foz Do Iguacu Traslado Al Casino City Center Iguazu;https://www.getyourguide.com/es-es/foz-de-iguazu-l497/desde-foz-do-iguacu-traslado-al-casino-city-center-iguazu-t441094/
Brasil;rio-de-janeiro-l9;497886;Excursion Privada En Helicoptero 20 Minutos 2 Personas;https://www.getyourguide.com/es-es/rio-de-janeiro-l9/excursion-privada-en-helicoptero-20-minutos-2-personas-t497886/
Brasil;rio-de-janeiro-l9;595134;Clases De Surf Con Instructores Locales En Copacabanaipanema;https://www.getyourguide.com/es-es/rio-de-janeiro-l9/clases-de-surf-con-instructores-locales-en-copacabanaipanema-t595134/
Brasil;barreirinhas-l105727;792876;Excursion De Dia Completo A Lencois Marnahenses Lagoa Azul Y Lagoa Bonita Combinados;https://www.getyourguide.com/es-es/barreirinhas-l105727/excursion-de-dia-completo-a-lencois-marnahenses-lagoa-azul-y-lagoa-bonita-combinados-t792876/
Brasil;rio-de-janeiro-l9;863965;Traslado En Rio De Janeiro;https://www.getyourguide.com/es-es/rio-de-janeiro-l9/traslado-en-rio-de-janeiro-t863965/
Brasil;beberibe-l141901;879733;Itinerario De 1 Dia Visita 3 Playas De Ceara En Un Tour Guiado;https://www.getyourguide.com/es-es/beberibe-l141901/itinerario-de-1-dia-visita-3-playas-de-ceara-en-un-tour-guiado-t879733/
Brasil;villa-do-abraao-l176580;1011496;Rio De Janeiro Traslado A Ilha Grande Con Travesia Maritima;https://www.getyourguide.com/es-es/villa-do-abraao-l176580/rio-de-janeiro-traslado-a-ilha-grande-con-travesia-maritima-t1011496/
Brasil;angra-dos-reis-l88183;1038087;Angra Dos Reis Sumergete En Aguas Cristalinas;https://www.getyourguide.com/es-es/angra-dos-reis-l88183/angra-dos-reis-sumergete-en-aguas-cristalinas-t1038087/
Brasil;barreirinhas-l105727;1041916;Escala Las Dunas Y Nada En La Lagoa Bonita;https://www.getyourguide.com/es-es/barreirinhas-l105727/escala-las-dunas-y-nada-en-la-lagoa-bonita-t1041916/
Brasil;rio-de-janeiro-l9;1146116;Rio De Janeiro Ruta De Senderismo Y Escalada En El Pan De Azucar;https://www.getyourguide.com/es-es/rio-de-janeiro-l9/rio-de-janeiro-ruta-de-senderismo-y-escalada-en-el-pan-de-azucar-t1146116/
Brasil;balneario-camboriu-l32252;1164814;Balneario Camboriu Tour De La Ciudad Con Almuerzo Y Teleferico;https://www.getyourguide.com/es-es/balneario-camboriu-l32252/balneario-camboriu-tour-de-la-ciudad-con-almuerzo-y-teleferico-t1164814/
Brasil;parati-mirim-l214877;1191025;Paraty Ruta De Senderismo Al Pan De Azucar De Mamangua Con Taxiboat Y Traslado;https://www.getyourguide.com/es-es/parati-mirim-l214877/paraty-ruta-de-senderismo-al-pan-de-azucar-de-mamangua-con-taxiboat-y-traslado-t1191025/
Brasil;rio-de-janeiro-l9;1304354;Rio De Janeiro Tour En Bicicleta De Montana Por El Bosque De La Tijuca;https://www.getyourguide.com/es-es/rio-de-janeiro-l9/rio-de-janeiro-tour-en-bicicleta-de-montana-por-el-bosque-de-la-tijuca-t1304354/
Brasil;rio-de-janeiro-l9;1325150;Rio De Janeiro Experiencia Privada En Helicoptero Sobre El Cristo Redentor;https://www.getyourguide.com/es-es/rio-de-janeiro-l9/rio-de-janeiro-experiencia-privada-en-helicoptero-sobre-el-cristo-redentor-t1325150/
Brasil;rio-de-janeiro-l9;110671;Rio De Janeiro Estadio Maracana Entre Bastidores;https://www.getyourguide.com/es-es/rio-de-janeiro-l9/rio-de-janeiro-estadio-maracana-entre-bastidores-t110671/
Brasil;sao-paulo-l384;92859;Aeropuerto Gru Recorrido En Escala Por Sao Paulo;https://www.getyourguide.com/es-es/sao-paulo-l384/aeropuerto-gru-recorrido-en-escala-por-sao-paulo-t92859/
Brasil;foz-de-iguazu-l497;224946;Foz Do Iguacu Visita Al Parque De Las Aves Con Tickets De Entrada;https://www.getyourguide.com/es-es/foz-de-iguazu-l497/foz-do-iguacu-visita-al-parque-de-las-aves-con-tickets-de-entrada-t224946/
Brasil;manaos-l917;393820;Tour Gastronomico En Manaus;https://www.getyourguide.com/es-es/manaos-l917/tour-gastronomico-en-manaus-t393820/
Brasil;sao-paulo-l384;479217;Trilha Pico Do Piuva E Praia Saco Da Mae Maria;https://www.getyourguide.com/es-es/sao-paulo-l384/trilha-pico-do-piuva-e-praia-saco-da-mae-maria-t479217/
Brasil;rio-de-janeiro-l9;518610;Rio De Janeiro Tour En Grupo Por La Favela De Rocinha Guia Local 3 Horas;https://www.getyourguide.com/es-es/rio-de-janeiro-l9/rio-de-janeiro-tour-en-grupo-por-la-favela-de-rocinha-guia-local-3-horas-t518610/
Brasil;rio-de-janeiro-l9;523493;Rocinha Visita A Pie;https://www.getyourguide.com/es-es/rio-de-janeiro-l9/rocinha-visita-a-pie-t523493/
Brasil;rio-de-janeiro-l9;546585;Excursion De Un Dia A Angra Dos Reis E Ilha Grande;https://www.getyourguide.com/es-es/rio-de-janeiro-l9/excursion-de-un-dia-a-angra-dos-reis-e-ilha-grande-t546585/
Brasil;fortaleza-l1863;675385;Descubre Lagoinha Excursion De 1 Dia;https://www.getyourguide.com/es-es/fortaleza-l1863/descubre-lagoinha-excursion-de-1-dia-t675385/
Brasil;fortaleza-l1863;676414;Itinerario De 1 Dia En Cumbuco Ce;https://www.getyourguide.com/es-es/fortaleza-l1863/itinerario-de-1-dia-en-cumbuco-ce-t676414/
Brasil;florianopolis-l246;723545;Traslado En Furgoneta Privada A Balneario Camboriu;https://www.getyourguide.com/es-es/florianopolis-l246/traslado-en-furgoneta-privada-a-balneario-camboriu-t723545/
Brasil;presidente-figueiredo-l109827;823397;Manaos Cascadas Cuevas Y Piscinas Naturales;https://www.getyourguide.com/es-es/presidente-figueiredo-l109827/manaos-cascadas-cuevas-y-piscinas-naturales-t823397/
Brasil;manaos-l917;894719;Manaus Visita Al Musa Museo De La Amazonia;https://www.getyourguide.com/es-es/manaos-l917/manaus-visita-al-musa-museo-de-la-amazonia-t894719/
Brasil;rio-de-janeiro-l9;941311;Rio De Janeiro Excursion En Lancha Rapida Con Aperitivos Y Bebidas;https://www.getyourguide.com/es-es/rio-de-janeiro-l9/rio-de-janeiro-excursion-en-lancha-rapida-con-aperitivos-y-bebidas-t941311/
Brasil;angra-dos-reis-l88183;974233;Angra Dos Reis Paseo Privado En Lancha Con Experiencia De Barbacoa A Bordo;https://www.getyourguide.com/es-es/angra-dos-reis-l88183/angra-dos-reis-paseo-privado-en-lancha-con-experiencia-de-barbacoa-a-bordo-t974233/
Brasil;rio-de-janeiro-l9;1082474;Ruta De La Pedra Da Gavea Naturaleza Salvaje Paisajes Y Aventura;https://www.getyourguide.com/es-es/rio-de-janeiro-l9/ruta-de-la-pedra-da-gavea-naturaleza-salvaje-paisajes-y-aventura-t1082474/
Brasil;rio-de-janeiro-l9;1111079;Rio De Janeiro Visita Guiada A Santa Teresa Con Paseo En Tranvia;https://www.getyourguide.com/es-es/rio-de-janeiro-l9/rio-de-janeiro-visita-guiada-a-santa-teresa-con-paseo-en-tranvia-t1111079/
Brasil;maceio-l2064;1113657;Maceio Excursion De Un Dia A La Playa De Gunga;https://www.getyourguide.com/es-es/maceio-l2064/maceio-excursion-de-un-dia-a-la-playa-de-gunga-t1113657/
Brasil;rio-de-janeiro-l9;1143436;Rio De Janeiro Paseo En Catamaran Por La Bahia De Guanabara;https://www.getyourguide.com/es-es/rio-de-janeiro-l9/rio-de-janeiro-paseo-en-catamaran-por-la-bahia-de-guanabara-t1143436/
Brasil;rio-de-janeiro-l9;1136202;Rio De Janeiro Tour En Coche Por El Bosque De Tijuca Y Pedra Bonita;https://www.getyourguide.com/es-es/rio-de-janeiro-l9/rio-de-janeiro-tour-en-coche-por-el-bosque-de-tijuca-y-pedra-bonita-t1136202/
Brasil;rio-de-janeiro-l9;1147043;Ruta Gastronomica Por Rio Con Mas De 15 Degustaciones Brasilenas;https://www.getyourguide.com/es-es/rio-de-janeiro-l9/ruta-gastronomica-por-rio-con-mas-de-15-degustaciones-brasilenas-t1147043/
Brasil;maceio-l2064;1141101;Maceio Tour En Barco Por Las Piscinas Naturales De La Playa De Ponta Verde;https://www.getyourguide.com/es-es/maceio-l2064/maceio-tour-en-barco-por-las-piscinas-naturales-de-la-playa-de-ponta-verde-t1141101/
Brasil;teresopolis-l154917;1155570;Teresopolis Escalada En El Dedo De Dios;https://www.getyourguide.com/es-es/teresopolis-l154917/teresopolis-escalada-en-el-dedo-de-dios-t1155570/
Brasil;rio-de-janeiro-l9;1196388;Ruta Sitio Dos Macacos Rocinha;https://www.getyourguide.com/es-es/rio-de-janeiro-l9/ruta-sitio-dos-macacos-rocinha-t1196388/
Brasil;angra-dos-reis-l88183;1239903;Angra Dos Reis E Ilha Grande Tour Privado En Yate;https://www.getyourguide.com/es-es/angra-dos-reis-l88183/angra-dos-reis-e-ilha-grande-tour-privado-en-yate-t1239903/
Brasil;rio-de-janeiro-l9;1279546;Visita Al Centro De Rio De Janeiro;https://www.getyourguide.com/es-es/rio-de-janeiro-l9/visita-al-centro-de-rio-de-janeiro-t1279546/
Brasil;rio-de-janeiro-l9;1279790;Vida Nocturna En Una Favela De Rio Bares Vistas Desde Una Azotea Y Fiesta En Vivo;https://www.getyourguide.com/es-es/rio-de-janeiro-l9/vida-nocturna-en-una-favela-de-rio-bares-vistas-desde-una-azotea-y-fiesta-en-vivo-t1279790/
Brasil;salvador-brasil-l1430;18415;Salvador De Bahia Tour A Pie Del Casco Historico;https://www.getyourguide.com/es-es/salvador-brasil-l1430/salvador-de-bahia-tour-a-pie-del-casco-historico-t18415/
Brasil;rio-de-janeiro-l9;24493;Tour A Pie Por Rio De Janeiro Por La Tarde;https://www.getyourguide.com/es-es/rio-de-janeiro-l9/tour-a-pie-por-rio-de-janeiro-por-la-tarde-t24493/
Brasil;sao-paulo-l384;52359;Recorrido De 5 Horas Por La Ciudad De Sao Paulo;https://www.getyourguide.com/es-es/sao-paulo-l384/recorrido-de-5-horas-por-la-ciudad-de-sao-paulo-t52359/
Brasil;rio-de-janeiro-l9;54614;Estatua Del Cristo Redentor Por El Parque Lage Excursion A Pie;https://www.getyourguide.com/es-es/rio-de-janeiro-l9/estatua-del-cristo-redentor-por-el-parque-lage-excursion-a-pie-t54614/
Brasil;manaos-l917;84597;Sabor A Amazonas 3D2N En El Juma Floating Lodge;https://www.getyourguide.com/es-es/manaos-l917/sabor-a-amazonas-3d2n-en-el-juma-floating-lodge-t84597/
Brasil;salvador-brasil-l1430;82281;Tour De La Ciudad Historica De Salvador;https://www.getyourguide.com/es-es/salvador-brasil-l1430/tour-de-la-ciudad-historica-de-salvador-t82281/
Brasil;jericoacoara-l105737;229207;Jericoacoara Playa De Tatajuba Y Paseo En Buggy;https://www.getyourguide.com/es-es/jericoacoara-l105737/jericoacoara-playa-de-tatajuba-y-paseo-en-buggy-t229207/
Brasil;porto-alegre-l32362;485803;Visita Los Canones Del Sur De Brasil En Una Excursion De 2 Dias;https://www.getyourguide.com/es-es/porto-alegre-l32362/visita-los-canones-del-sur-de-brasil-en-una-excursion-de-2-dias-t485803/
Brasil;salvador-brasil-l1430;558317;Salvador Traslado Compartido Del Aeropuerto A Los Hoteles;https://www.getyourguide.com/es-es/salvador-brasil-l1430/salvador-traslado-compartido-del-aeropuerto-a-los-hoteles-t558317/
Brasil;manaos-l917;577695;Excursion Safari Amazonico En Manaos Compartido;https://www.getyourguide.com/es-es/manaos-l917/excursion-safari-amazonico-en-manaos-compartido-t577695/
Brasil;rio-de-janeiro-l9;655034;Rio De Janeiro Inmersion En La Floresta De Tijuca;https://www.getyourguide.com/es-es/rio-de-janeiro-l9/rio-de-janeiro-inmersion-en-la-floresta-de-tijuca-t655034/
Brasil;buzios-l1832;674013;Tour De Dia Completo A Buzios Premium Todo Incluido;https://www.getyourguide.com/es-es/buzios-l1832/tour-de-dia-completo-a-buzios-premium-todo-incluido-t674013/
Brasil;sao-paulo-l384;674796;Sao Paulo El Mejor Tour De Comida Callejera Con Un Guia Local;https://www.getyourguide.com/es-es/sao-paulo-l384/sao-paulo-el-mejor-tour-de-comida-callejera-con-un-guia-local-t674796/
Brasil;florianopolis-l246;723558;Florianopolis Parque Camboriu Unipraias Con Paseo En Teleferico;https://www.getyourguide.com/es-es/florianopolis-l246/florianopolis-parque-camboriu-unipraias-con-paseo-en-teleferico-t723558/
Brasil;sao-paulo-l384;692537;Sao Paulo Excursion En Grupo Compartido;https://www.getyourguide.com/es-es/sao-paulo-l384/sao-paulo-excursion-en-grupo-compartido-t692537/
Brasil;rio-de-janeiro-l9;757418;Explora Santa Teresa Tour A Pie;https://www.getyourguide.com/es-es/rio-de-janeiro-l9/explora-santa-teresa-tour-a-pie-t757418/
Brasil;rio-de-janeiro-l9;856747;Experiencia En Un Partido De Futbol Del Botafogo;https://www.getyourguide.com/es-es/rio-de-janeiro-l9/experiencia-en-un-partido-de-futbol-del-botafogo-t856747/
Brasil;rio-de-janeiro-l9;861091;Rio De Janeiro Excursion En Velero Al Atardecer Con Aperitivos Y Bebidas;https://www.getyourguide.com/es-es/rio-de-janeiro-l9/rio-de-janeiro-excursion-en-velero-al-atardecer-con-aperitivos-y-bebidas-t861091/
Brasil;blumenau-l100287;918700;City Tour Vale Europeu Con Salida Desde Balneario Camboriu;https://www.getyourguide.com/es-es/blumenau-l100287/city-tour-vale-europeu-con-salida-desde-balneario-camboriu-t918700/
Brasil;manaos-l917;927618;Tour En El Musa Privado Museo De La Amazonia En Manaos;https://www.getyourguide.com/es-es/manaos-l917/tour-en-el-musa-privado-museo-de-la-amazonia-en-manaos-t927618/
Brasil;rio-de-janeiro-l9;961040;Playa De Ipanema Clases De Yoga Con Sanacion Por Sonido;https://www.getyourguide.com/es-es/rio-de-janeiro-l9/playa-de-ipanema-clases-de-yoga-con-sanacion-por-sonido-t961040/
Brasil;maceio-l2064;955605;Excursion A La Desembocadura Del Sao Francisco;https://www.getyourguide.com/es-es/maceio-l2064/excursion-a-la-desembocadura-del-sao-francisco-t955605/
Brasil;foz-de-iguazu-l497;1009816;Foz De Iguazu Tour Guiado De 2 Dias Con Cascadas E Itaipu;https://www.getyourguide.com/es-es/foz-de-iguazu-l497/foz-de-iguazu-tour-guiado-de-2-dias-con-cascadas-e-itaipu-t1009816/
Brasil;maceio-l2064;1097382;Playa De Ipioca Excursion De 1 Dia A La Discoteca Hibiscus Con Recogida;https://www.getyourguide.com/es-es/maceio-l2064/playa-de-ipioca-excursion-de-1-dia-a-la-discoteca-hibiscus-con-recogida-t1097382/
Brasil;rio-de-janeiro-l9;1084130;Rio De Janeiro Visita Guiada Al Estadio Del Flamengo Y Tour De La Ciudad;https://www.getyourguide.com/es-es/rio-de-janeiro-l9/rio-de-janeiro-visita-guiada-al-estadio-del-flamengo-y-tour-de-la-ciudad-t1084130/
Brasil;natal-l2112;1111152;Costa Norte Ruta En Buggy Al Atardecer Desde Natal;https://www.getyourguide.com/es-es/natal-l2112/costa-norte-ruta-en-buggy-al-atardecer-desde-natal-t1111152/
Brasil;natal-l2112;1111964;Destileria Urca Do Tubarao Cata Y Tour En Sao Miguel;https://www.getyourguide.com/es-es/natal-l2112/destileria-urca-do-tubarao-cata-y-tour-en-sao-miguel-t1111964/
Brasil;rio-de-janeiro-l9;1115749;Rio De Janeiro Piscinas Naturales Cristalinas En El Parque Da Pedra Branca;https://www.getyourguide.com/es-es/rio-de-janeiro-l9/rio-de-janeiro-piscinas-naturales-cristalinas-en-el-parque-da-pedra-branca-t1115749/
Brasil;canela-l117155;1193690;Caminos De Piedra En Bento Goncalves Una Tradicion Que Se Vive No Se Explica;https://www.getyourguide.com/es-es/canela-l117155/caminos-de-piedra-en-bento-goncalves-una-tradicion-que-se-vive-no-se-explica-t1193690/
Brasil;rio-de-janeiro-l9;1254432;Rio De Janeiro La Mejor Experiencia Con Churrasco Barra Libre Y Moto Acuatica A Bordo;https://www.getyourguide.com/es-es/rio-de-janeiro-l9/rio-de-janeiro-la-mejor-experiencia-con-churrasco-barra-libre-y-moto-acuatica-a-bordo-t1254432/
Brasil;rio-de-janeiro-l9;1287504;Ticket Para Un Partido De Futbol En El Estadio De Maracana;https://www.getyourguide.com/es-es/rio-de-janeiro-l9/ticket-para-un-partido-de-futbol-en-el-estadio-de-maracana-t1287504/
Brasil;manaos-l917;82701;Excursion Encuentro De Las Aguas Desde Manaos;https://www.getyourguide.com/es-es/manaos-l917/excursion-encuentro-de-las-aguas-desde-manaos-t82701/
Brasil;rio-de-janeiro-l9;115578;Rio Medio Dia Con Cristo Las Escaleras De Selaron Y La Puesta De Sol En El Pan De Azucar;https://www.getyourguide.com/es-es/rio-de-janeiro-l9/rio-medio-dia-con-cristo-las-escaleras-de-selaron-y-la-puesta-de-sol-en-el-pan-de-azucar-t115578/
Brasil;rio-de-janeiro-l9;96606;Rio Senderismo De 7 Horas Por Pedra Da Gavea;https://www.getyourguide.com/es-es/rio-de-janeiro-l9/rio-senderismo-de-7-horas-por-pedra-da-gavea-t96606/
Brasil;aracatiba-l176554;425589;Desde Aracatiba Traslado Compartido A Rio De Janeiro;https://www.getyourguide.com/es-es/aracatiba-l176554/desde-aracatiba-traslado-compartido-a-rio-de-janeiro-t425589/
Brasil;rio-de-janeiro-l9;468761;Rio De Janeiro Excursion Privada A Medida Con Guia Local;https://www.getyourguide.com/es-es/rio-de-janeiro-l9/rio-de-janeiro-excursion-privada-a-medida-con-guia-local-t468761/
Brasil;rio-de-janeiro-l9;470217;Excursion Matinal En Velero Por Rio;https://www.getyourguide.com/es-es/rio-de-janeiro-l9/excursion-matinal-en-velero-por-rio-t470217/
Brasil;rio-de-janeiro-l9;532256;Paseo Por Pedra Bonita Y Vista Chinesa;https://www.getyourguide.com/es-es/rio-de-janeiro-l9/paseo-por-pedra-bonita-y-vista-chinesa-t532256/
Brasil;aracaju-l100614;548972;Excursion A Mangue Seco;https://www.getyourguide.com/es-es/aracaju-l100614/excursion-a-mangue-seco-t548972/
Brasil;paripueira-l193609;667921;Maceio Excursion A La Playa De Paripueira;https://www.getyourguide.com/es-es/paripueira-l193609/maceio-excursion-a-la-playa-de-paripueira-t667921/
Brasil;barreirinhas-l105727;710491;Paseo En Quad Y Lancha Combo Dia Completo;https://www.getyourguide.com/es-es/barreirinhas-l105727/paseo-en-quad-y-lancha-combo-dia-completo-t710491/
Brasil;rio-de-janeiro-l9;736236;Paraiso Vip Privado Ilha Grande Barco Rapido Desde Rio;https://www.getyourguide.com/es-es/rio-de-janeiro-l9/paraiso-vip-privado-ilha-grande-barco-rapido-desde-rio-t736236/
Brasil;rio-de-janeiro-l9;757403;Tour Guiado Corcovado Y Aventura Express City;https://www.getyourguide.com/es-es/rio-de-janeiro-l9/tour-guiado-corcovado-y-aventura-express-city-t757403/
Brasil;ouro-preto-l155573;1014661;Excursion A Ciudades Historicas De Minas Gerais;https://www.getyourguide.com/es-es/ouro-preto-l155573/excursion-a-ciudades-historicas-de-minas-gerais-t1014661/
Brasil;matelandia-l214878;923911;Foz Do Iguacu Paseo En Barco Senderismo Y Helicoptero;https://www.getyourguide.com/es-es/matelandia-l214878/foz-do-iguacu-paseo-en-barco-senderismo-y-helicoptero-t923911/
Brasil;rio-de-janeiro-l9;951451;Excursion Desde El Puerto De Rio De Janeiro Excursion Al Centro;https://www.getyourguide.com/es-es/rio-de-janeiro-l9/excursion-desde-el-puerto-de-rio-de-janeiro-excursion-al-centro-t951451/
Brasil;barreirinhas-l105727;1042791;Explora El Rio Preguicas Vassouras Y Mandacaru;https://www.getyourguide.com/es-es/barreirinhas-l105727/explora-el-rio-preguicas-vassouras-y-mandacaru-t1042791/
Brasil;acu-da-torre-l214898;1152622;Playa Del Forte E Imbassai Tour Por Las Playas Del Litoral Norte De Bahia;https://www.getyourguide.com/es-es/acu-da-torre-l214898/playa-del-forte-e-imbassai-tour-por-las-playas-del-litoral-norte-de-bahia-t1152622/
Brasil;natal-l2112;1099086;Praia Da Pipa Los Mejores Restaurantes Mariscos Y Paseos Nocturnos;https://www.getyourguide.com/es-es/natal-l2112/praia-da-pipa-los-mejores-restaurantes-mariscos-y-paseos-nocturnos-t1099086/
Brasil;guinea-l214769;1143240;Vale Do Pati Y Fumaca 4 Dias De Senderismo Chapada Diamantina;https://www.getyourguide.com/es-es/guinea-l214769/vale-do-pati-y-fumaca-4-dias-de-senderismo-chapada-diamantina-t1143240/
Brasil;rio-de-janeiro-l9;1197984;Rio De Janeiro Video Con Dron De La Favela Rocinha;https://www.getyourguide.com/es-es/rio-de-janeiro-l9/rio-de-janeiro-video-con-dron-de-la-favela-rocinha-t1197984/
Brasil;niteroi-l34109;1202732;Rio De Janeiro Excursion De 1 Dia A Niteroi Con Barbacoa;https://www.getyourguide.com/es-es/niteroi-l34109/rio-de-janeiro-excursion-de-1-dia-a-niteroi-con-barbacoa-t1202732/
Brasil;rio-de-janeiro-l9;1213156;Tour Por La Favela De Rocinha Con Espectaculo De Capoeira Y Vistas Al Morro Dos Irmaos;https://www.getyourguide.com/es-es/rio-de-janeiro-l9/tour-por-la-favela-de-rocinha-con-espectaculo-de-capoeira-y-vistas-al-morro-dos-irmaos-t1213156/
Brasil;rio-de-janeiro-l9;1175136;Rio Caminata Divertida Por Lo Mejor Del Centro Con Sorpresas Y Souvenirs;https://www.getyourguide.com/es-es/rio-de-janeiro-l9/rio-caminata-divertida-por-lo-mejor-del-centro-con-sorpresas-y-souvenirs-t1175136/
Brasil;rio-de-janeiro-l9;1188174;Rio De Janeiro Ruta De Bares Y Vida Nocturna En Lapa;https://www.getyourguide.com/es-es/rio-de-janeiro-l9/rio-de-janeiro-ruta-de-bares-y-vida-nocturna-en-lapa-t1188174/
Brasil;manaos-l917;1193974;El Corazon Del Amazonas En Un Dia El Tour Mas Completo;https://www.getyourguide.com/es-es/manaos-l917/el-corazon-del-amazonas-en-un-dia-el-tour-mas-completo-t1193974/
Brasil;rio-de-janeiro-l9;1287712;;https://www.getyourguide.com/es-es/rio-de-janeiro-l9/-t1287712/
Brasil;foz-de-iguazu-l497;1281246;Cataratas Del Iguazu Tour Privado Para Huespedes De Belmond Melia Y Sanma;https://www.getyourguide.com/es-es/foz-de-iguazu-l497/cataratas-del-iguazu-tour-privado-para-huespedes-de-belmond-melia-y-sanma-t1281246/
Brasil;natal-l2112;1290547;Ruta Gastronomica De 3 Horas Por Natal Redinha Y Ginga Con Tapioca;https://www.getyourguide.com/es-es/natal-l2112/ruta-gastronomica-de-3-horas-por-natal-redinha-y-ginga-con-tapioca-t1290547/
Brasil;rio-de-janeiro-l9;65229;Corcovado Pan De Azucar Y Playas Incl Almuerzo Barbacoa;https://www.getyourguide.com/es-es/rio-de-janeiro-l9/corcovado-pan-de-azucar-y-playas-incl-almuerzo-barbacoa-t65229/
Brasil;rio-de-janeiro-l9;83547;Rio De Janeiro Espectaculo De Samba Y Cena;https://www.getyourguide.com/es-es/rio-de-janeiro-l9/rio-de-janeiro-espectaculo-de-samba-y-cena-t83547/
Brasil;rio-de-janeiro-l9;24509;Dia Completo A Petropolis La Ciudad Imperial Desde Rio De Janeiro;https://www.getyourguide.com/es-es/rio-de-janeiro-l9/dia-completo-a-petropolis-la-ciudad-imperial-desde-rio-de-janeiro-t24509/
Brasil;foz-de-iguazu-l497;74462;Paseo En Barco Por Las Cataratas Del Iguazu Desde Foz Do Iguacu Hasta Argentina;https://www.getyourguide.com/es-es/foz-de-iguazu-l497/paseo-en-barco-por-las-cataratas-del-iguazu-desde-foz-do-iguacu-hasta-argentina-t74462/
Brasil;rio-de-janeiro-l9;389247;Rio De Janeiro Recorrido A Pie Por El Centro;https://www.getyourguide.com/es-es/rio-de-janeiro-l9/rio-de-janeiro-recorrido-a-pie-por-el-centro-t389247/
Brasil;sao-paulo-l384;461215;La Suiza Brasilena Excursion De Un Dia Campos Do Jordao;https://www.getyourguide.com/es-es/sao-paulo-l384/la-suiza-brasilena-excursion-de-un-dia-campos-do-jordao-t461215/
Brasil;sao-paulo-l384;479233;Ubatuba Playa Brava De Itamambuca;https://www.getyourguide.com/es-es/sao-paulo-l384/ubatuba-playa-brava-de-itamambuca-t479233/
Brasil;rio-de-janeiro-l9;532337;Lapa Vida Nocturna De Rio De Janeiro;https://www.getyourguide.com/es-es/rio-de-janeiro-l9/lapa-vida-nocturna-de-rio-de-janeiro-t532337/
Brasil;recife-l1836;551099;Recife Excursion A Carneiros Con Paseo En Catamaran;https://www.getyourguide.com/es-es/recife-l1836/recife-excursion-a-carneiros-con-paseo-en-catamaran-t551099/
Brasil;foz-de-iguazu-l497;562206;Privado Descubre Las Cataratas Brasilenas Y Argentinas En 2 Dias;https://www.getyourguide.com/es-es/foz-de-iguazu-l497/privado-descubre-las-cataratas-brasilenas-y-argentinas-en-2-dias-t562206/
Brasil;rio-de-janeiro-l9;595841;Pedra Da Gavea Rj Guia Equipo De Seguridad;https://www.getyourguide.com/es-es/rio-de-janeiro-l9/pedra-da-gavea-rj-guia-equipo-de-seguridad-t595841/
Brasil;petropolis-l1831;644642;Petropolis Desvelando La Ciudad Imperial Excursion De Un Dia En Privado;https://www.getyourguide.com/es-es/petropolis-l1831/petropolis-desvelando-la-ciudad-imperial-excursion-de-un-dia-en-privado-t644642/
Brasil;barreirinhas-l105727;683445;Dia Completo Privado Excursion Al Parque Nacional De Lencois Maranhenses;https://www.getyourguide.com/es-es/barreirinhas-l105727/dia-completo-privado-excursion-al-parque-nacional-de-lencois-maranhenses-t683445/
Brasil;rio-de-janeiro-l9;723035;Rio De Janeiro Recorrido Urbano En Bicicleta;https://www.getyourguide.com/es-es/rio-de-janeiro-l9/rio-de-janeiro-recorrido-urbano-en-bicicleta-t723035/
Brasil;rio-de-janeiro-l9;839854;Niteroi Oceanico Camino Niemeyer Mac;https://www.getyourguide.com/es-es/rio-de-janeiro-l9/niteroi-oceanico-camino-niemeyer-mac-t839854/
Brasil;rio-de-janeiro-l9;978778;Navega Al Atardecer En Un Velero Privado En Rio De Janeiro;https://www.getyourguide.com/es-es/rio-de-janeiro-l9/navega-al-atardecer-en-un-velero-privado-en-rio-de-janeiro-t978778/
Brasil;rio-de-janeiro-l9;1030065;Rio De Janeiro Tour Privado En Jeep A Tu Medida;https://www.getyourguide.com/es-es/rio-de-janeiro-l9/rio-de-janeiro-tour-privado-en-jeep-a-tu-medida-t1030065/
Brasil;barreirinhas-l105727;1041973;Circuito De Atins Dunas Lagunas Y Parada En La Playa De Canto;https://www.getyourguide.com/es-es/barreirinhas-l105727/circuito-de-atins-dunas-lagunas-y-parada-en-la-playa-de-canto-t1041973/
Brasil;rio-de-janeiro-l9;1091315;Rio De Janeiro Paquete Del Festival De Carnaval 2026;https://www.getyourguide.com/es-es/rio-de-janeiro-l9/rio-de-janeiro-paquete-del-festival-de-carnaval-2026-t1091315/
Brasil;penha-l206944;1115632;Santa Catarina Clases De Surf Vuelo En Parapente En Pareja;https://www.getyourguide.com/es-es/penha-l206944/santa-catarina-clases-de-surf-vuelo-en-parapente-en-pareja-t1115632/
Brasil;rio-de-janeiro-l9;1129328;Rio De Janeiro Tour De La Ciudad Completo Por La Manana Con Fotos;https://www.getyourguide.com/es-es/rio-de-janeiro-l9/rio-de-janeiro-tour-de-la-ciudad-completo-por-la-manana-con-fotos-t1129328/
Brasil;rio-de-janeiro-l9;1237957;Rio De Janeiro Maracana Matchday Inc Guia Turistico Traslado Y Entrada;https://www.getyourguide.com/es-es/rio-de-janeiro-l9/rio-de-janeiro-maracana-matchday-inc-guia-turistico-traslado-y-entrada-t1237957/
Brasil;rio-de-janeiro-l9;1283728;Rio De Janeiro Partido De Futbol En El Estadio De Maracana;https://www.getyourguide.com/es-es/rio-de-janeiro-l9/rio-de-janeiro-partido-de-futbol-en-el-estadio-de-maracana-t1283728/
Brasil;rio-de-janeiro-l9;83328;Entradas Para El Pan De Azucar Y Tour Turistico Por Rio De Janeiro;https://www.getyourguide.com/es-es/rio-de-janeiro-l9/entradas-para-el-pan-de-azucar-y-tour-turistico-por-rio-de-janeiro-t83328/
Brasil;manaos-l917;113356;De Manaus A Belem En Barco;https://www.getyourguide.com/es-es/manaos-l917/de-manaus-a-belem-en-barco-t113356/
Brasil;rio-de-janeiro-l9;411983;Aeropuerto De Rio De Janeiro Gig Traslado De Ida A Rio Sur;https://www.getyourguide.com/es-es/rio-de-janeiro-l9/aeropuerto-de-rio-de-janeiro-gig-traslado-de-ida-a-rio-sur-t411983/
Brasil;rio-de-janeiro-l9;404839;Rio De Janeiro Excursion A La Cascada De Las Almas De La Floresta De Tijuca;https://www.getyourguide.com/es-es/rio-de-janeiro-l9/rio-de-janeiro-excursion-a-la-cascada-de-las-almas-de-la-floresta-de-tijuca-t404839/
Brasil;villa-do-abraao-l176580;424277;Desde Vila Do Abraao Traslado Compartido A Barra Da Tijuca;https://www.getyourguide.com/es-es/villa-do-abraao-l176580/desde-vila-do-abraao-traslado-compartido-a-barra-da-tijuca-t424277/
Brasil;porto-de-galinhas-l32612;490023;Excursion A Porto De Galinhas Salida De Recife;https://www.getyourguide.com/es-es/porto-de-galinhas-l32612/excursion-a-porto-de-galinhas-salida-de-recife-t490023/
Brasil;florianopolis-l246;521534;Tour En Bicicleta Por Florianopolis Fotografia Historia Y Comida Callejera;https://www.getyourguide.com/es-es/florianopolis-l246/tour-en-bicicleta-por-florianopolis-fotografia-historia-y-comida-callejera-t521534/
Brasil;rio-de-janeiro-l9;527937;Aventurismo Pao De Acucar;https://www.getyourguide.com/es-es/rio-de-janeiro-l9/aventurismo-pao-de-acucar-t527937/
Brasil;morro-de-sao-paulo-l116740;637347;Salvador Traslado Privado Dentro Fuera Del Aeropuerto;https://www.getyourguide.com/es-es/morro-de-sao-paulo-l116740/salvador-traslado-privado-dentro-fuera-del-aeropuerto-t637347/
Brasil;florianopolis-l246;653083;Traslado Privado De Florianopolis A Balneario Camboriu;https://www.getyourguide.com/es-es/florianopolis-l246/traslado-privado-de-florianopolis-a-balneario-camboriu-t653083/
Brasil;salvador-brasil-l1430;728025;Salvador Clase De Capoeira Cultural;https://www.getyourguide.com/es-es/salvador-brasil-l1430/salvador-clase-de-capoeira-cultural-t728025/
Brasil;foz-de-iguazu-l497;748798;Explorando Las Cataratas Visita Completa Al Parque Nacional;https://www.getyourguide.com/es-es/foz-de-iguazu-l497/explorando-las-cataratas-visita-completa-al-parque-nacional-t748798/
Brasil;rio-de-janeiro-l9;800093;Rio De Janeiro Sitio Roberto Burle Marx Tour Guiado;https://www.getyourguide.com/es-es/rio-de-janeiro-l9/rio-de-janeiro-sitio-roberto-burle-marx-tour-guiado-t800093/
Brasil;porto-seguro-l126793;794462;Porto Seguro Visita A La Ciudad Alta Y Coroa Vermelha;https://www.getyourguide.com/es-es/porto-seguro-l126793/porto-seguro-visita-a-la-ciudad-alta-y-coroa-vermelha-t794462/
Brasil;rio-de-janeiro-l9;949543;Rio De Janeiro Experiencia De Navegacion Privada En La Ciudad Maravillosa;https://www.getyourguide.com/es-es/rio-de-janeiro-l9/rio-de-janeiro-experiencia-de-navegacion-privada-en-la-ciudad-maravillosa-t949543/
Brasil;rio-de-janeiro-l9;962544;Clases De Musica En Rio De Janeiro Samba Choro Mpb;https://www.getyourguide.com/es-es/rio-de-janeiro-l9/clases-de-musica-en-rio-de-janeiro-samba-choro-mpb-t962544/
Brasil;angra-dos-reis-l88183;1040989;Rafting Con Guia En Mambucaba Y Sendero Por El Bosque Nativo;https://www.getyourguide.com/es-es/angra-dos-reis-l88183/rafting-con-guia-en-mambucaba-y-sendero-por-el-bosque-nativo-t1040989/
Brasil;florianopolis-l246;1072906;Porto Alegre Tour Privado De 7 Dias Odisea Del Sur De Brasil;https://www.getyourguide.com/es-es/florianopolis-l246/porto-alegre-tour-privado-de-7-dias-odisea-del-sur-de-brasil-t1072906/
Brasil;rio-de-janeiro-l9;1083268;Cena Rodizio Con Traslado Privado En Rio De Janeiro;https://www.getyourguide.com/es-es/rio-de-janeiro-l9/cena-rodizio-con-traslado-privado-en-rio-de-janeiro-t1083268/
Brasil;rio-de-janeiro-l9;1140589;Rio De Janeiro Tour Por Una Favela Con Cancha De Futbol Callejero;https://www.getyourguide.com/es-es/rio-de-janeiro-l9/rio-de-janeiro-tour-por-una-favela-con-cancha-de-futbol-callejero-t1140589/
Brasil;rio-de-janeiro-l9;1174073;Cascadas Y Naturaleza En Serra Dos Orgaos Tour Por Rio De Janeiro;https://www.getyourguide.com/es-es/rio-de-janeiro-l9/cascadas-y-naturaleza-en-serra-dos-orgaos-tour-por-rio-de-janeiro-t1174073/
Brasil;bento-goncalves-l117160;1193990;Bento Goncalves La Herencia Italiana En El Presente;https://www.getyourguide.com/es-es/bento-goncalves-l117160/bento-goncalves-la-herencia-italiana-en-el-presente-t1193990/
Brasil;rio-de-janeiro-l9;1215976;Niteroi Rio De Janeiro Vuelo En Parapente En El Parque Da Cidade;https://www.getyourguide.com/es-es/rio-de-janeiro-l9/niteroi-rio-de-janeiro-vuelo-en-parapente-en-el-parque-da-cidade-t1215976/
Brasil;rio-de-janeiro-l9;1316612;Ruta Por El Morro Dois Irmaos Con Guia Local Vistas Increibles De Rio;https://www.getyourguide.com/es-es/rio-de-janeiro-l9/ruta-por-el-morro-dois-irmaos-con-guia-local-vistas-increibles-de-rio-t1316612/
Brasil;sao-paulo-l384;291785;Tour A Pie Por El Centro De Historia De Sao Paulo;https://www.getyourguide.com/es-es/sao-paulo-l384/tour-a-pie-por-el-centro-de-historia-de-sao-paulo-t291785/
Brasil;sao-paulo-l384;417876;Sao Paulo Lo Mas Destacado De La Ciudad Y La Escena Lgbtqia Tour Privado;https://www.getyourguide.com/es-es/sao-paulo-l384/sao-paulo-lo-mas-destacado-de-la-ciudad-y-la-escena-lgbtqia-tour-privado-t417876/
Brasil;rio-de-janeiro-l9;456452;Rio De Janeiro Paseo En Velero Al Atardecer Con Bebidas;https://www.getyourguide.com/es-es/rio-de-janeiro-l9/rio-de-janeiro-paseo-en-velero-al-atardecer-con-bebidas-t456452/
Brasil;foz-de-iguazu-l497;465953;Visita Panoramica A La Hidroelectrica De Itaipu;https://www.getyourguide.com/es-es/foz-de-iguazu-l497/visita-panoramica-a-la-hidroelectrica-de-itaipu-t465953/
Brasil;rio-de-janeiro-l9;467632;Experiencia En Carnaval;https://www.getyourguide.com/es-es/rio-de-janeiro-l9/experiencia-en-carnaval-t467632/
Brasil;sao-paulo-l384;482244;Visita A La Ciudad De Sao Paulo;https://www.getyourguide.com/es-es/sao-paulo-l384/visita-a-la-ciudad-de-sao-paulo-t482244/
Brasil;foz-de-iguazu-l497;498249;Foz Do Iguacu Amanecer En Las Cataratas Con Desayuno Incluido;https://www.getyourguide.com/es-es/foz-de-iguazu-l497/foz-do-iguacu-amanecer-en-las-cataratas-con-desayuno-incluido-t498249/
Brasil;buzios-l1832;551113;Traslado Compartido De Ida De Rio De Janeiro A Buzios;https://www.getyourguide.com/es-es/buzios-l1832/traslado-compartido-de-ida-de-rio-de-janeiro-a-buzios-t551113/
Brasil;rio-de-janeiro-l9;546226;Desde Rio De Janeiro Excursion De Un Dia A La Isla De Arraial Do Cabo;https://www.getyourguide.com/es-es/rio-de-janeiro-l9/desde-rio-de-janeiro-excursion-de-un-dia-a-la-isla-de-arraial-do-cabo-t546226/
Brasil;fortaleza-l1863;676416;Explorando Cumbuco Aventura De 1 Dia;https://www.getyourguide.com/es-es/fortaleza-l1863/explorando-cumbuco-aventura-de-1-dia-t676416/
Brasil;rio-de-janeiro-l9;707982;Rio De Janeiro Excursion A La Roca Del Telegrafo Con Parada Opcional En La Playa;https://www.getyourguide.com/es-es/rio-de-janeiro-l9/rio-de-janeiro-excursion-a-la-roca-del-telegrafo-con-parada-opcional-en-la-playa-t707982/
Brasil;rio-de-janeiro-l9;695234;Clase De Baile De Musica Latina Dj 2 Bebidas Gratis;https://www.getyourguide.com/es-es/rio-de-janeiro-l9/clase-de-baile-de-musica-latina-dj-2-bebidas-gratis-t695234/
Brasil;rio-de-janeiro-l9;755697;Desde Rio De Janeiro Tour Descubre Buzios En Buggy;https://www.getyourguide.com/es-es/rio-de-janeiro-l9/desde-rio-de-janeiro-tour-descubre-buzios-en-buggy-t755697/
Brasil;manaos-l917;829782;Manaos Visita Guiada Al Puerto Y A La Casa Flotante;https://www.getyourguide.com/es-es/manaos-l917/manaos-visita-guiada-al-puerto-y-a-la-casa-flotante-t829782/
Brasil;rio-de-janeiro-l9;847527;Maravillas Tropicales Descubre El Jardin Botanico De Rio Y Tijuca;https://www.getyourguide.com/es-es/rio-de-janeiro-l9/maravillas-tropicales-descubre-el-jardin-botanico-de-rio-y-tijuca-t847527/
Brasil;sao-miguel-dos-milagres-l98856;912013;Paseo Por Sao Miguel Dos Milagres;https://www.getyourguide.com/es-es/sao-miguel-dos-milagres-l98856/paseo-por-sao-miguel-dos-milagres-t912013/
Brasil;rio-de-janeiro-l9;1082472;Ruta De La Pedra Da Gavea Facil Ascenso Y Panoramicas Impresionantes;https://www.getyourguide.com/es-es/rio-de-janeiro-l9/ruta-de-la-pedra-da-gavea-facil-ascenso-y-panoramicas-impresionantes-t1082472/
Brasil;foz-de-iguazu-l497;1106026;Espectaculo Acuatico Y Exposicion De Coches En El Wonder Park De Foz Do Iguacu;https://www.getyourguide.com/es-es/foz-de-iguazu-l497/espectaculo-acuatico-y-exposicion-de-coches-en-el-wonder-park-de-foz-do-iguacu-t1106026/
Brasil;januaria-l250975;1111188;Januaria Paseo En Barco Por El Rio Sao Francisco;https://www.getyourguide.com/es-es/januaria-l250975/januaria-paseo-en-barco-por-el-rio-sao-francisco-t1111188/
Brasil;paraty-l1845;1141595;Paraty Cascadas Destileria Y Degustacion De Quesos;https://www.getyourguide.com/es-es/paraty-l1845/paraty-cascadas-destileria-y-degustacion-de-quesos-t1141595/
Brasil;iranduba-l215937;1150042;Manaos Tour De Experiencia Ribeirinha Pesca Conexion Y Almuerzo Incluido;https://www.getyourguide.com/es-es/iranduba-l215937/manaos-tour-de-experiencia-ribeirinha-pesca-conexion-y-almuerzo-incluido-t1150042/
Brasil;niteroi-l34109;1154924;Niteroi Escalada En El Costao De Itacoatiara;https://www.getyourguide.com/es-es/niteroi-l34109/niteroi-escalada-en-el-costao-de-itacoatiara-t1154924/
Brasil;foz-de-iguazu-l497;1201153;Puerto Iguazu Tour En Kayak Y Senderismo Por Aguaray Con Almuerzo;https://www.getyourguide.com/es-es/foz-de-iguazu-l497/puerto-iguazu-tour-en-kayak-y-senderismo-por-aguaray-con-almuerzo-t1201153/
Brasil;rio-de-janeiro-l9;1214318;Rio Afrobrasileno Comprender La Historia Racial En Rio;https://www.getyourguide.com/es-es/rio-de-janeiro-l9/rio-afrobrasileno-comprender-la-historia-racial-en-rio-t1214318/
Brasil;rio-de-janeiro-l9;1239822;Ruta De Senderismo Por Bico Do Papagaio Cascadas Y Vistas En El Parque Tijuca;https://www.getyourguide.com/es-es/rio-de-janeiro-l9/ruta-de-senderismo-por-bico-do-papagaio-cascadas-y-vistas-en-el-parque-tijuca-t1239822/
Brasil;balneario-camboriu-l32252;1266155;Balneario Camboriu Ticket De Entrada A Cristo Luz;https://www.getyourguide.com/es-es/balneario-camboriu-l32252/balneario-camboriu-ticket-de-entrada-a-cristo-luz-t1266155/
Brasil;rio-de-janeiro-l9;1256225;Niteroi Lo Mas Destacado De La Ciudad Sonrisa Con Almuerzo Incluido;https://www.getyourguide.com/es-es/rio-de-janeiro-l9/niteroi-lo-mas-destacado-de-la-ciudad-sonrisa-con-almuerzo-incluido-t1256225/
Brasil;foz-de-iguazu-l497;1304242;Foz Do Iguacu Paseo En Globo Con Vistas Panoramicas;https://www.getyourguide.com/es-es/foz-de-iguazu-l497/foz-do-iguacu-paseo-en-globo-con-vistas-panoramicas-t1304242/
Brasil;rio-de-janeiro-l9;1331231;Rio De Janeiro Prebaile En La Azotea Y Experiencia De Funk Carioca En Rocinha;https://www.getyourguide.com/es-es/rio-de-janeiro-l9/rio-de-janeiro-prebaile-en-la-azotea-y-experiencia-de-funk-carioca-en-rocinha-t1331231/
Brasil;rio-de-janeiro-l9;28597;Rio De Janeiro Clase De Samba En Copacabana;https://www.getyourguide.com/es-es/rio-de-janeiro-l9/rio-de-janeiro-clase-de-samba-en-copacabana-t28597/
Brasil;rio-de-janeiro-l9;453194;Ve Seguro Un Traslado Con Seguridad Y Comodidad En Rio;https://www.getyourguide.com/es-es/rio-de-janeiro-l9/ve-seguro-un-traslado-con-seguridad-y-comodidad-en-rio-t453194/
Brasil;villa-do-abraao-l176580;460448;Excursion Privada Pico Do Papagaio Ilha Grande;https://www.getyourguide.com/es-es/villa-do-abraao-l176580/excursion-privada-pico-do-papagaio-ilha-grande-t460448/
Brasil;san-luis-l105732;474909;Recorrido A Pie Por Sao Luis Do Maranhao;https://www.getyourguide.com/es-es/san-luis-l105732/recorrido-a-pie-por-sao-luis-do-maranhao-t474909/
Brasil;rio-de-janeiro-l9;479871;Rio Espectaculo De Samba Y Folclore De Ginga Tropical;https://www.getyourguide.com/es-es/rio-de-janeiro-l9/rio-espectaculo-de-samba-y-folclore-de-ginga-tropical-t479871/
Brasil;rio-de-janeiro-l9;469864;Rio El Cristo Redentor Y El Atardecer En El Pan De Azucar;https://www.getyourguide.com/es-es/rio-de-janeiro-l9/rio-el-cristo-redentor-y-el-atardecer-en-el-pan-de-azucar-t469864/
Brasil;rio-de-janeiro-l9;737508;Pedra Do Telegrafo Senderismo Y Exploracion De La Playa;https://www.getyourguide.com/es-es/rio-de-janeiro-l9/pedra-do-telegrafo-senderismo-y-exploracion-de-la-playa-t737508/
Brasil;rio-de-janeiro-l9;788181;Un Paseo Por La Favela Rocinha Las Mujeres Abren Camino;https://www.getyourguide.com/es-es/rio-de-janeiro-l9/un-paseo-por-la-favela-rocinha-las-mujeres-abren-camino-t788181/
Brasil;rio-de-janeiro-l9;834864;Experiencia De Wakeboard En La Zona Sur De Rio De Janeiro;https://www.getyourguide.com/es-es/rio-de-janeiro-l9/experiencia-de-wakeboard-en-la-zona-sur-de-rio-de-janeiro-t834864/
Brasil;maragogi-l122555;960121;Excursion A Las Pozas Naturales De Maragogi;https://www.getyourguide.com/es-es/maragogi-l122555/excursion-a-las-pozas-naturales-de-maragogi-t960121/
Brasil;guarulhos-l150643;1006566;Pullman Guarulhos Base Barbecue Churrasco Na Parrilla;https://www.getyourguide.com/es-es/guarulhos-l150643/pullman-guarulhos-base-barbecue-churrasco-na-parrilla-t1006566/
Brasil;rio-de-janeiro-l9;1083317;Noche De Cata De Vinos Brasilenos Seleccion Exclusiva;https://www.getyourguide.com/es-es/rio-de-janeiro-l9/noche-de-cata-de-vinos-brasilenos-seleccion-exclusiva-t1083317/
Brasil;paraty-l1845;1084758;Paseo En Barco Por Paraty;https://www.getyourguide.com/es-es/paraty-l1845/paseo-en-barco-por-paraty-t1084758/
Brasil;foz-de-iguazu-l497;1093094;Foz Do Iguacu Recorrido En Autobus Para Grupos Cataratas De Brasil Con Guia;https://www.getyourguide.com/es-es/foz-de-iguazu-l497/foz-do-iguacu-recorrido-en-autobus-para-grupos-cataratas-de-brasil-con-guia-t1093094/
Brasil;rio-de-janeiro-l9;1098927;Dia Completo En Ilha Grande En Barco;https://www.getyourguide.com/es-es/rio-de-janeiro-l9/dia-completo-en-ilha-grande-en-barco-t1098927/
Brasil;rio-de-janeiro-l9;1109213;Rio De Janeiro Vuelo Panoramico Sin Puertas Con Grabacion De Camara 360O;https://www.getyourguide.com/es-es/rio-de-janeiro-l9/rio-de-janeiro-vuelo-panoramico-sin-puertas-con-grabacion-de-camara-360o-t1109213/
Brasil;rio-de-janeiro-l9;1127767;Rio Inmersion Cultural En Una Antigua Plantacion De Cafe;https://www.getyourguide.com/es-es/rio-de-janeiro-l9/rio-inmersion-cultural-en-una-antigua-plantacion-de-cafe-t1127767/
Brasil;rio-de-janeiro-l9;1245822;Rio Baile En La Favela Con Guia Local Te Invitamos A Una Caipirina De Limon;https://www.getyourguide.com/es-es/rio-de-janeiro-l9/rio-baile-en-la-favela-con-guia-local-te-invitamos-a-una-caipirina-de-limon-t1245822/
Brasil;rio-de-janeiro-l9;1263575;Rio De Janeiro Experiencia De Aventura Con Surf De Remo Y Cascada;https://www.getyourguide.com/es-es/rio-de-janeiro-l9/rio-de-janeiro-experiencia-de-aventura-con-surf-de-remo-y-cascada-t1263575/
Brasil;rio-de-janeiro-l9;646454;Experiencia En Rio De Janeiro Clase Funk2 Caipirinhas;https://www.getyourguide.com/es-es/rio-de-janeiro-l9/experiencia-en-rio-de-janeiro-clase-funk2-caipirinhas-t646454/
Brasil;rio-de-janeiro-l9;12286;Rio De Janeiro Clase De Cocina Brasilena Con Alcohol Y 9 Recetas;https://www.getyourguide.com/es-es/rio-de-janeiro-l9/rio-de-janeiro-clase-de-cocina-brasilena-con-alcohol-y-9-recetas-t12286/
Brasil;rio-de-janeiro-l9;784154;Sabores De Rio El Mejor Tour Culinario De La Ciudad Maravillosa;https://www.getyourguide.com/es-es/rio-de-janeiro-l9/sabores-de-rio-el-mejor-tour-culinario-de-la-ciudad-maravillosa-t784154/
Brasil;rio-de-janeiro-l9;282522;Rio De Janeiro Traslado A Ilha Grande;https://www.getyourguide.com/es-es/rio-de-janeiro-l9/rio-de-janeiro-traslado-a-ilha-grande-t282522/
Brasil;petropolis-l1831;400183;Rio De Janeiro Visita A Petropolis;https://www.getyourguide.com/es-es/petropolis-l1831/rio-de-janeiro-visita-a-petropolis-t400183/
Brasil;rio-de-janeiro-l9;410082;Rio De Janeiro Visita Guiada Al Bosque De Tijuca Y Al Jardin Botanico;https://www.getyourguide.com/es-es/rio-de-janeiro-l9/rio-de-janeiro-visita-guiada-al-bosque-de-tijuca-y-al-jardin-botanico-t410082/
Brasil;foz-de-iguazu-l497;879691;Explora Las Cataratas El Parque De Las Aves Y El Safari Macuco;https://www.getyourguide.com/es-es/foz-de-iguazu-l497/explora-las-cataratas-el-parque-de-las-aves-y-el-safari-macuco-t879691/
Brasil;rio-de-janeiro-l9;880138;Excursion Por La Favela De Rocinha Con Guia Local;https://www.getyourguide.com/es-es/rio-de-janeiro-l9/excursion-por-la-favela-de-rocinha-con-guia-local-t880138/
Brasil;sao-paulo-l384;947433;Sao Paulo 9 Recetas En Una Clase De Cocina Brasilena De 4 Horas;https://www.getyourguide.com/es-es/sao-paulo-l384/sao-paulo-9-recetas-en-una-clase-de-cocina-brasilena-de-4-horas-t947433/
Brasil;rio-de-janeiro-l9;1003673;Rio De Janeiro Tour Por Lo Mas Destacado De Urca Con Puesta De Sol En La Mureta;https://www.getyourguide.com/es-es/rio-de-janeiro-l9/rio-de-janeiro-tour-por-lo-mas-destacado-de-urca-con-puesta-de-sol-en-la-mureta-t1003673/
Brasil;morro-de-sao-paulo-l116740;1012182;Morro De Sao Paulo Tour Guiado En Barco Por Las Islas Encantadas;https://www.getyourguide.com/es-es/morro-de-sao-paulo-l116740/morro-de-sao-paulo-tour-guiado-en-barco-por-las-islas-encantadas-t1012182/
Brasil;barreirinhas-l105727;1042794;Barreirinhas Tour Vassouras Y Cabure Por La Ruta Del Rio Preguicas;https://www.getyourguide.com/es-es/barreirinhas-l105727/barreirinhas-tour-vassouras-y-cabure-por-la-ruta-del-rio-preguicas-t1042794/
Brasil;teresopolis-l154917;671596;Aventura De Senderismo En El Parque Nacional De Serra Dos Orgaos Desde Rio;https://www.getyourguide.com/es-es/teresopolis-l154917/aventura-de-senderismo-en-el-parque-nacional-de-serra-dos-orgaos-desde-rio-t671596/
Brasil;rio-de-janeiro-l9;686537;Tour Rio Premium Cristo Pan De Azucar Maracana Y Mas;https://www.getyourguide.com/es-es/rio-de-janeiro-l9/tour-rio-premium-cristo-pan-de-azucar-maracana-y-mas-t686537/
Brasil;rio-de-janeiro-l9;721851;Rio De Janeiro Cristo Redentor Pan De Azucar Y Almuerzo;https://www.getyourguide.com/es-es/rio-de-janeiro-l9/rio-de-janeiro-cristo-redentor-pan-de-azucar-y-almuerzo-t721851/
Brasil;rio-de-janeiro-l9;763422;Rio De Janeiro Vuelo En Helicoptero Sin Puertas;https://www.getyourguide.com/es-es/rio-de-janeiro-l9/rio-de-janeiro-vuelo-en-helicoptero-sin-puertas-t763422/
Brasil;rio-de-janeiro-l9;779091;Rio De Janeiro Musica Brasilena En El Escenario De Rio Con Cena;https://www.getyourguide.com/es-es/rio-de-janeiro-l9/rio-de-janeiro-musica-brasilena-en-el-escenario-de-rio-con-cena-t779091/
Brasil;rio-de-janeiro-l9;955186;Sendero Dos Hermanos Al Amanecer Contempla Una Vista Inolvidable De Rio;https://www.getyourguide.com/es-es/rio-de-janeiro-l9/sendero-dos-hermanos-al-amanecer-contempla-una-vista-inolvidable-de-rio-t955186/
Brasil;rio-de-janeiro-l9;1074608;Recorrido Por Los Bares De La Favela Vidigal Mirador Y Bar Da Laje;https://www.getyourguide.com/es-es/rio-de-janeiro-l9/recorrido-por-los-bares-de-la-favela-vidigal-mirador-y-bar-da-laje-t1074608/
Brasil;rio-de-janeiro-l9;356160;Rio De Janeiro Excursion En Lancha Rapida Excursion Por La Playa Con Cerveza;https://www.getyourguide.com/es-es/rio-de-janeiro-l9/rio-de-janeiro-excursion-en-lancha-rapida-excursion-por-la-playa-con-cerveza-t356160/
Brasil;rio-de-janeiro-l9;1147215;Rio De Janeiro Playa De Abrico Traslados Uso De Dia Con Bangolo Y Vino Espumoso;https://www.getyourguide.com/es-es/rio-de-janeiro-l9/rio-de-janeiro-playa-de-abrico-traslados-uso-de-dia-con-bangolo-y-vino-espumoso-t1147215/
Brasil;arraial-del-cabo-l95354;1157993;Paseo En Barco Arraial Do Cabo;https://www.getyourguide.com/es-es/arraial-del-cabo-l95354/paseo-en-barco-arraial-do-cabo-t1157993/
Brasil;rio-de-janeiro-l9;770155;Rio De Janeiro Excursion Al Cristo Redentor Y Al Pan De Azucar Con;https://www.getyourguide.com/es-es/rio-de-janeiro-l9/rio-de-janeiro-excursion-al-cristo-redentor-y-al-pan-de-azucar-con-t770155/
Brasil;lencois-l32549;792095;Travesia Vale Do Pati 5 Dias;https://www.getyourguide.com/es-es/lencois-l32549/travesia-vale-do-pati-5-dias-t792095/
Brasil;buzios-l1832;193262;Experiencia En Barco Goleta De 25 Horas En Buzios;https://www.getyourguide.com/es-es/buzios-l1832/experiencia-en-barco-goleta-de-25-horas-en-buzios-t193262/
Brasil;foz-de-iguazu-l497;230122;Foz De Iguazu Tour En Barco Catamaran Al Atardecer Con Cena;https://www.getyourguide.com/es-es/foz-de-iguazu-l497/foz-de-iguazu-tour-en-barco-catamaran-al-atardecer-con-cena-t230122/
Brasil;caucaia-l208637;879756;Aventura En Cumbuco Paseos Por Las Dunas Lagoa Do Catu Y Vistas De La Costa;https://www.getyourguide.com/es-es/caucaia-l208637/aventura-en-cumbuco-paseos-por-las-dunas-lagoa-do-catu-y-vistas-de-la-costa-t879756/
Brasil;foz-de-iguazu-l497;418929;Iguazu Caminata Guiada Y Kayak O Sup River Tour Con Traslado;https://www.getyourguide.com/es-es/foz-de-iguazu-l497/iguazu-caminata-guiada-y-kayak-o-sup-river-tour-con-traslado-t418929/
Brasil;rio-de-janeiro-l9;463518;Rio Experiencia Futbolistica En El Estadio Maracana El Dia Del Partido Flamengo;https://www.getyourguide.com/es-es/rio-de-janeiro-l9/rio-experiencia-futbolistica-en-el-estadio-maracana-el-dia-del-partido-flamengo-t463518/
Brasil;rio-de-janeiro-l9;1077512;Experiencia Ilha Da Gigoia Naturaleza Calma Y Canales Pintorescos;https://www.getyourguide.com/es-es/rio-de-janeiro-l9/experiencia-ilha-da-gigoia-naturaleza-calma-y-canales-pintorescos-t1077512/
Brasil;rio-de-janeiro-l9;546054;Rio Ruta De Senderismo Por Las Cascadas Y Cuevas De La Selva De Tijuca;https://www.getyourguide.com/es-es/rio-de-janeiro-l9/rio-ruta-de-senderismo-por-las-cascadas-y-cuevas-de-la-selva-de-tijuca-t546054/
Brasil;rio-de-janeiro-l9;569467;Haz Una Pose El Tour Fotografico De Rio;https://www.getyourguide.com/es-es/rio-de-janeiro-l9/haz-una-pose-el-tour-fotografico-de-rio-t569467/
Brasil;rio-de-janeiro-l9;1179496;Pequena Africa Cultura Afrobrasilena Y Nacimiento De La Samba;https://www.getyourguide.com/es-es/rio-de-janeiro-l9/pequena-africa-cultura-afrobrasilena-y-nacimiento-de-la-samba-t1179496/
Brasil;rio-de-janeiro-l9;769509;Rio De Janeiro Passeio De Jeep Na Floresta Da Tijuca;https://www.getyourguide.com/es-es/rio-de-janeiro-l9/rio-de-janeiro-passeio-de-jeep-na-floresta-da-tijuca-t769509/
Brasil;rio-de-janeiro-l9;774079;Tour Privado De 2 Dias En Rio De Janeiro;https://www.getyourguide.com/es-es/rio-de-janeiro-l9/tour-privado-de-2-dias-en-rio-de-janeiro-t774079/
Brasil;sao-paulo-l384;806887;Experiencia En Un Partido De Futbol Del Corinthians;https://www.getyourguide.com/es-es/sao-paulo-l384/experiencia-en-un-partido-de-futbol-del-corinthians-t806887/
Brasil;rio-de-janeiro-l9;870664;Um Dia No Rioone Day In Rio;https://www.getyourguide.com/es-es/rio-de-janeiro-l9/um-dia-no-rioone-day-in-rio-t870664/
Brasil;florianopolis-l246;988625;Florianopolis Fotografia De Turismo En La Isla;https://www.getyourguide.com/es-es/florianopolis-l246/florianopolis-fotografia-de-turismo-en-la-isla-t988625/
Brasil;rio-de-janeiro-l9;112696;Rio De Janeiro Recorrido Por La Herencia Africana;https://www.getyourguide.com/es-es/rio-de-janeiro-l9/rio-de-janeiro-recorrido-por-la-herencia-africana-t112696/
Brasil;rio-de-janeiro-l9;528866;Rio De Janeiro Floresta Da Tijuca Cachoeiras E Gruta;https://www.getyourguide.com/es-es/rio-de-janeiro-l9/rio-de-janeiro-floresta-da-tijuca-cachoeiras-e-gruta-t528866/
Brasil;aracaju-l100614;548072;Visita Panoramica De La Ciudad De Aracaju;https://www.getyourguide.com/es-es/aracaju-l100614/visita-panoramica-de-la-ciudad-de-aracaju-t548072/
Brasil;rio-de-janeiro-l9;1302199;Rio A Su Medida Tour Privado Con Guia Experta En Aleman;https://www.getyourguide.com/es-es/rio-de-janeiro-l9/rio-a-su-medida-tour-privado-con-guia-experta-en-aleman-t1302199/
Brasil;rio-de-janeiro-l9;1330915;Capibaras Tour En Barco De Pedales Por La Laguna Rodrigo De Freitas;https://www.getyourguide.com/es-es/rio-de-janeiro-l9/capibaras-tour-en-barco-de-pedales-por-la-laguna-rodrigo-de-freitas-t1330915/
Brasil;salvador-brasil-l1430;58447;Salvador De Noche Cena Y Espectaculo Cultural;https://www.getyourguide.com/es-es/salvador-brasil-l1430/salvador-de-noche-cena-y-espectaculo-cultural-t58447/
Brasil;buzios-l1832;869418;Buzios Buceo Experience;https://www.getyourguide.com/es-es/buzios-l1832/buzios-buceo-experience-t869418/
Brasil;rio-de-janeiro-l9;371126;Tour A Pie Por La Favela Rocinha;https://www.getyourguide.com/es-es/rio-de-janeiro-l9/tour-a-pie-por-la-favela-rocinha-t371126/
Brasil;rio-de-janeiro-l9;389509;Rio De Janeiro Museo Del Manana Y Boulevard Olimpico;https://www.getyourguide.com/es-es/rio-de-janeiro-l9/rio-de-janeiro-museo-del-manana-y-boulevard-olimpico-t389509/
Brasil;rio-de-janeiro-l9;917487;Rio De Janeiro Centro Centro Tour A Pie Privado;https://www.getyourguide.com/es-es/rio-de-janeiro-l9/rio-de-janeiro-centro-centro-tour-a-pie-privado-t917487/
Brasil;porto-de-galinhas-l32612;933015;Porto De Galinhas 4 Horas De Paseo En Buggy De Punta A Punta;https://www.getyourguide.com/es-es/porto-de-galinhas-l32612/porto-de-galinhas-4-horas-de-paseo-en-buggy-de-punta-a-punta-t933015/
Brasil;sao-paulo-l384;938798;Sao Paulo Cena Exclusiva Con Rodrigo Minotauro Una Leyenda De Las Mma;https://www.getyourguide.com/es-es/sao-paulo-l384/sao-paulo-cena-exclusiva-con-rodrigo-minotauro-una-leyenda-de-las-mma-t938798/
Brasil;salvador-brasil-l1430;939588;Tour A Pie Privado Por Los Aspectos Destacados Del Pelourinho De La Ciudad Vieja De Salvador;https://www.getyourguide.com/es-es/salvador-brasil-l1430/tour-a-pie-privado-por-los-aspectos-destacados-del-pelourinho-de-la-ciudad-vieja-de-salvador-t939588/
Brasil;rio-de-janeiro-l9;515716;Rio De Janeiro Paseo Por El Centro Historico Y Lapa;https://www.getyourguide.com/es-es/rio-de-janeiro-l9/rio-de-janeiro-paseo-por-el-centro-historico-y-lapa-t515716/
Brasil;rio-de-janeiro-l9;1127758;Rio De Janeiro Tour Por El Valle Del Cafe Con Degustacion;https://www.getyourguide.com/es-es/rio-de-janeiro-l9/rio-de-janeiro-tour-por-el-valle-del-cafe-con-degustacion-t1127758/
Brasil;sao-paulo-l384;602016;Tour Especial 8 Horas Tour A Pie Vida Nocturna ;https://www.getyourguide.com/es-es/sao-paulo-l384/tour-especial-8-horas-tour-a-pie-vida-nocturna--t602016/
Brasil;rio-de-janeiro-l9;1215245;Rio De Janeiro Ruta De Senderismo Por La Colina De Urca Teleferico Y Playa;https://www.getyourguide.com/es-es/rio-de-janeiro-l9/rio-de-janeiro-ruta-de-senderismo-por-la-colina-de-urca-teleferico-y-playa-t1215245/
Brasil;atins-l158343;707992;Desde Barreirinhas Excursion De Senderismo De 3 Dias A Santo Amaro;https://www.getyourguide.com/es-es/atins-l158343/desde-barreirinhas-excursion-de-senderismo-de-3-dias-a-santo-amaro-t707992/
Brasil;manaos-l917;712068;Amazonas Tour De 2 3 O 4 Dias;https://www.getyourguide.com/es-es/manaos-l917/amazonas-tour-de-2-3-o-4-dias-t712068/
Brasil;rio-de-janeiro-l9;727214;Rio De Janeiro Caminata Al Amanecer Y Al Atardecer Por Two Brothers Y Vidigal;https://www.getyourguide.com/es-es/rio-de-janeiro-l9/rio-de-janeiro-caminata-al-amanecer-y-al-atardecer-por-two-brothers-y-vidigal-t727214/
Brasil;rio-de-janeiro-l9;769862;Gloria Crucero En Lancha Rapida Al Atardecer Con Bebidas Y Aperitivos;https://www.getyourguide.com/es-es/rio-de-janeiro-l9/gloria-crucero-en-lancha-rapida-al-atardecer-con-bebidas-y-aperitivos-t769862/
Brasil;fortaleza-l1863;788940;Tour De La Ciudad Y Playa De Praia Futuro;https://www.getyourguide.com/es-es/fortaleza-l1863/tour-de-la-ciudad-y-playa-de-praia-futuro-t788940/
Brasil;paraty-l1845;863115;Travessia Juatinga Senderismo 4 Dias Selva Atlantica Y Playas Paraty Rj;https://www.getyourguide.com/es-es/paraty-l1845/travessia-juatinga-senderismo-4-dias-selva-atlantica-y-playas-paraty-rj-t863115/
Brasil;lencois-l32549;1313400;Encantos Da Chapada Ruta Ribeirao Do Meio;https://www.getyourguide.com/es-es/lencois-l32549/encantos-da-chapada-ruta-ribeirao-do-meio-t1313400/
Brasil;foz-de-iguazu-l497;881197;Lo Mejor De Las Cataratas Del Iguazu Lado Brasileno Tour De Medio Dia;https://www.getyourguide.com/es-es/foz-de-iguazu-l497/lo-mejor-de-las-cataratas-del-iguazu-lado-brasileno-tour-de-medio-dia-t881197/
Brasil;petropolis-l1831;1328241;;https://www.getyourguide.com/es-es/petropolis-l1831/-t1328241/
Brasil;rio-de-janeiro-l9;905445;Rio De Janeiro Cristo Redentor Almuerzo Afrobrasileno;https://www.getyourguide.com/es-es/rio-de-janeiro-l9/rio-de-janeiro-cristo-redentor-almuerzo-afrobrasileno-t905445/
Brasil;rio-de-janeiro-l9;178988;Rio Tour De Medio Dia En Jeep Por Floresta Da Tijuca;https://www.getyourguide.com/es-es/rio-de-janeiro-l9/rio-tour-de-medio-dia-en-jeep-por-floresta-da-tijuca-t178988/
Brasil;foz-de-iguazu-l497;280587;Foz Do Iguacu Museo De Cera Y Bar De Hielo Dreamland;https://www.getyourguide.com/es-es/foz-de-iguazu-l497/foz-do-iguacu-museo-de-cera-y-bar-de-hielo-dreamland-t280587/
Brasil;sao-sebastiao-l156225;1018653;Ilhabela Brasil Whale Watching Avistamiento De Ballenas Y Animales Marinos;https://www.getyourguide.com/es-es/sao-sebastiao-l156225/ilhabela-brasil-whale-watching-avistamiento-de-ballenas-y-animales-marinos-t1018653/
Brasil;rio-de-janeiro-l9;1084133;Rio Tour Por El Estadio Flamengo Y Miradores Panoramicos;https://www.getyourguide.com/es-es/rio-de-janeiro-l9/rio-tour-por-el-estadio-flamengo-y-miradores-panoramicos-t1084133/
Brasil;manaos-l917;1136193;Presidente Figueiredo Excursiones A Las Cascadas Grutas Y Cavernas;https://www.getyourguide.com/es-es/manaos-l917/presidente-figueiredo-excursiones-a-las-cascadas-grutas-y-cavernas-t1136193/
Brasil;rio-de-janeiro-l9;510150;Rio De Janeiro Privado Cristo Pan De Azucar Maracana Y Mas;https://www.getyourguide.com/es-es/rio-de-janeiro-l9/rio-de-janeiro-privado-cristo-pan-de-azucar-maracana-y-mas-t510150/
Brasil;florianopolis-l246;623629;Florianopolis Rafting Aventura;https://www.getyourguide.com/es-es/florianopolis-l246/florianopolis-rafting-aventura-t623629/
Brasil;angra-dos-reis-l88183;643561;Traslado Compartido De Rio De Janeiro A Angra Dos Reis;https://www.getyourguide.com/es-es/angra-dos-reis-l88183/traslado-compartido-de-rio-de-janeiro-a-angra-dos-reis-t643561/
Brasil;florianopolis-l246;655177;Traslado Privado De Florianopolis A Costao Do Santinho;https://www.getyourguide.com/es-es/florianopolis-l246/traslado-privado-de-florianopolis-a-costao-do-santinho-t655177/
Brasil;rio-de-janeiro-l9;766488;Rio De Janeiro Experiencia Nocturna De Bossa Nova;https://www.getyourguide.com/es-es/rio-de-janeiro-l9/rio-de-janeiro-experiencia-nocturna-de-bossa-nova-t766488/
Brasil;rio-de-janeiro-l9;816726;Rio De Janeiro Parapente Biplaza Desde La Rampa De Pedra Bonita;https://www.getyourguide.com/es-es/rio-de-janeiro-l9/rio-de-janeiro-parapente-biplaza-desde-la-rampa-de-pedra-bonita-t816726/
Brasil;buzios-l1832;82047;Tour De La Ciudad En Tranvia Por Buzios;https://www.getyourguide.com/es-es/buzios-l1832/tour-de-la-ciudad-en-tranvia-por-buzios-t82047/
Brasil;sao-paulo-l384;870186;Aventura 4X4 Todo Terreno De Un Dia Desde Sao Paulo;https://www.getyourguide.com/es-es/sao-paulo-l384/aventura-4x4-todo-terreno-de-un-dia-desde-sao-paulo-t870186/
Brasil;manaos-l917;258237;Desde Manaos Tour De 3 4 O 5 Dias En El Tapiri Anavilhanas Lodge;https://www.getyourguide.com/es-es/manaos-l917/desde-manaos-tour-de-3-4-o-5-dias-en-el-tapiri-anavilhanas-lodge-t258237/
Brasil;manaos-l917;895618;Manaus Enfoque Nocturno;https://www.getyourguide.com/es-es/manaos-l917/manaus-enfoque-nocturno-t895618/
Brasil;manaos-l917;459227;Tour Privado De La Ciudad En El Centro Historico De Manaos;https://www.getyourguide.com/es-es/manaos-l917/tour-privado-de-la-ciudad-en-el-centro-historico-de-manaos-t459227/
Brasil;sao-paulo-l384;468775;Sao Paulo Visita Privada Personalizada Con Guia Local;https://www.getyourguide.com/es-es/sao-paulo-l384/sao-paulo-visita-privada-personalizada-con-guia-local-t468775/
Brasil;rio-de-janeiro-l9;477801;Billete Aquario Rio De Janeiro;https://www.getyourguide.com/es-es/rio-de-janeiro-l9/billete-aquario-rio-de-janeiro-t477801/
Brasil;lencois-l32549;1041971;Atins Circuito En 4X4 Con Laguna De Kitesurf Y Ponta Do Mangue;https://www.getyourguide.com/es-es/lencois-l32549/atins-circuito-en-4x4-con-laguna-de-kitesurf-y-ponta-do-mangue-t1041971/
Brasil;rio-de-janeiro-l9;1074908;Rio De Janeiro Tour En Barco De Medio Dia Por La Laguna De Marapendi;https://www.getyourguide.com/es-es/rio-de-janeiro-l9/rio-de-janeiro-tour-en-barco-de-medio-dia-por-la-laguna-de-marapendi-t1074908/
Brasil;rio-de-janeiro-l9;1074960;Rio De Janeiro Tour A Pie De Medio Dia Por La Arquitectura;https://www.getyourguide.com/es-es/rio-de-janeiro-l9/rio-de-janeiro-tour-a-pie-de-medio-dia-por-la-arquitectura-t1074960/
Brasil;parnaiba-l194334;1100842;Tour De Avistamiento De Monos En El Delta Del Parnaiba;https://www.getyourguide.com/es-es/parnaiba-l194334/tour-de-avistamiento-de-monos-en-el-delta-del-parnaiba-t1100842/
Brasil;rio-de-janeiro-l9;1125761;Tu En Rio De Janeiro Una Sesion De Fotos Premium Y Personalizada;https://www.getyourguide.com/es-es/rio-de-janeiro-l9/tu-en-rio-de-janeiro-una-sesion-de-fotos-premium-y-personalizada-t1125761/
Brasil;rio-de-janeiro-l9;1127760;Rio De Janeiro Tour Por El Valle Del Cafe Con Degustacion;https://www.getyourguide.com/es-es/rio-de-janeiro-l9/rio-de-janeiro-tour-por-el-valle-del-cafe-con-degustacion-t1127760/
Brasil;rio-de-janeiro-l9;607324;Rio Tour En Barco Esnorquel Y Tortugas En Las Islas Tijuca;https://www.getyourguide.com/es-es/rio-de-janeiro-l9/rio-tour-en-barco-esnorquel-y-tortugas-en-las-islas-tijuca-t607324/
Brasil;paraty-l1845;1158228;Paraty Ruta De Senderismo Guiada Por La Ruta Del Oro Con Relatos Historicos;https://www.getyourguide.com/es-es/paraty-l1845/paraty-ruta-de-senderismo-guiada-por-la-ruta-del-oro-con-relatos-historicos-t1158228/
Brasil;fortaleza-l1863;675255;Desde Fortaleza Excursion De Un Dia A Jericoacoara;https://www.getyourguide.com/es-es/fortaleza-l1863/desde-fortaleza-excursion-de-un-dia-a-jericoacoara-t675255/
Brasil;sao-paulo-l384;162033;Isla De Santo Amaro Excursion A 3 Playas Salvajes;https://www.getyourguide.com/es-es/sao-paulo-l384/isla-de-santo-amaro-excursion-a-3-playas-salvajes-t162033/
Brasil;foz-de-iguazu-l497;229027;Desde Foz Do Iguacu Cataratas Iguazu Brasil Y Macuco Safari;https://www.getyourguide.com/es-es/foz-de-iguazu-l497/desde-foz-do-iguacu-cataratas-iguazu-brasil-y-macuco-safari-t229027/
Brasil;rio-de-janeiro-l9;1004997;Traje Personalizado Para El Desfile Del Carnaval De Rio Con Traslado De Ida Y Vuelta;https://www.getyourguide.com/es-es/rio-de-janeiro-l9/traje-personalizado-para-el-desfile-del-carnaval-de-rio-con-traslado-de-ida-y-vuelta-t1004997/
Brasil;rio-de-janeiro-l9;388484;Desde Rio De Janeiro Paseo En Barco Por Arraial Do Cabo Con Almuerzo;https://www.getyourguide.com/es-es/rio-de-janeiro-l9/desde-rio-de-janeiro-paseo-en-barco-por-arraial-do-cabo-con-almuerzo-t388484/
Brasil;maragogi-l122555;1098272;Maragogi Tour Por Las Piscinas Naturales De Gales Taocas Y Barra;https://www.getyourguide.com/es-es/maragogi-l122555/maragogi-tour-por-las-piscinas-naturales-de-gales-taocas-y-barra-t1098272/
Brasil;manaos-l917;459198;Servicio De Traslado Privado 24 Horas Aeropuerto Hotel En Manaos;https://www.getyourguide.com/es-es/manaos-l917/servicio-de-traslado-privado-24-horas-aeropuerto-hotel-en-manaos-t459198/
Brasil;sao-paulo-l384;482721;Playa De Las 7 Playas Ubatuba;https://www.getyourguide.com/es-es/sao-paulo-l384/playa-de-las-7-playas-ubatuba-t482721/
Brasil;rio-de-janeiro-l9;528882;Desde Rio Excursion De Un Dia A Arraial Do Cabo Con Paseo En Barco;https://www.getyourguide.com/es-es/rio-de-janeiro-l9/desde-rio-excursion-de-un-dia-a-arraial-do-cabo-con-paseo-en-barco-t528882/
Brasil;foz-de-iguazu-l497;1239955;Foz De Iguazu Cataratas Parque De Aves Y Safari Macuco;https://www.getyourguide.com/es-es/foz-de-iguazu-l497/foz-de-iguazu-cataratas-parque-de-aves-y-safari-macuco-t1239955/
Brasil;rio-de-janeiro-l9;692092;Rio De Janeiro Excursion A Pedra Do Telegrafo Y Playas;https://www.getyourguide.com/es-es/rio-de-janeiro-l9/rio-de-janeiro-excursion-a-pedra-do-telegrafo-y-playas-t692092/
Brasil;rio-de-janeiro-l9;750781;Privado Las Joyas Ocultas De Rio Tu Increible Segundo Dia En Rio;https://www.getyourguide.com/es-es/rio-de-janeiro-l9/privado-las-joyas-ocultas-de-rio-tu-increible-segundo-dia-en-rio-t750781/
Brasil;rio-de-janeiro-l9;1311100;Rio Cristo Redentor Y Pan De Azucar Con Guia Local Experiencia Completa;https://www.getyourguide.com/es-es/rio-de-janeiro-l9/rio-cristo-redentor-y-pan-de-azucar-con-guia-local-experiencia-completa-t1311100/
Brasil;braganca-paulista-l154865;821443;Braganca Paulista Vuelo Panoramico Con Recorrido Personalizado;https://www.getyourguide.com/es-es/braganca-paulista-l154865/braganca-paulista-vuelo-panoramico-con-recorrido-personalizado-t821443/
Brasil;natal-l2112;27457;Arrecife De Los Parrachos De Maracajau Aventura De Natacion Con Mascara Y Tubo;https://www.getyourguide.com/es-es/natal-l2112/arrecife-de-los-parrachos-de-maracajau-aventura-de-natacion-con-mascara-y-tubo-t27457/
Brasil;paraty-l1845;258007;Paraty Excursion A Pie Por La Selva Tropical Camino Del Oro;https://www.getyourguide.com/es-es/paraty-l1845/paraty-excursion-a-pie-por-la-selva-tropical-camino-del-oro-t258007/
Brasil;rio-de-janeiro-l9;971076;Excursion Desde El Puerto De Rio De Janeiro Cristo Redentor;https://www.getyourguide.com/es-es/rio-de-janeiro-l9/excursion-desde-el-puerto-de-rio-de-janeiro-cristo-redentor-t971076/
Brasil;rio-de-janeiro-l9;430465;Rio De Janeiro Clase De Cocina Brasilena;https://www.getyourguide.com/es-es/rio-de-janeiro-l9/rio-de-janeiro-clase-de-cocina-brasilena-t430465/
Brasil;rio-de-janeiro-l9;1084095;Feijoada Tradicional En Rio Con Guia Y Traslado;https://www.getyourguide.com/es-es/rio-de-janeiro-l9/feijoada-tradicional-en-rio-con-guia-y-traslado-t1084095/
Brasil;rio-de-janeiro-l9;1093212;Rio De Janeiro Ticket Para El Teleferico Del Pan De Azucar;https://www.getyourguide.com/es-es/rio-de-janeiro-l9/rio-de-janeiro-ticket-para-el-teleferico-del-pan-de-azucar-t1093212/
Brasil;rio-de-janeiro-l9;1101519;Rio De Janeiro Tour Por El Museo Y La Discoteca Del Flamengo;https://www.getyourguide.com/es-es/rio-de-janeiro-l9/rio-de-janeiro-tour-por-el-museo-y-la-discoteca-del-flamengo-t1101519/
Brasil;miranda-l248292;1114465;Miranda Excursion Cultural A La Aldea De Babacu Con Experiencia Terena;https://www.getyourguide.com/es-es/miranda-l248292/miranda-excursion-cultural-a-la-aldea-de-babacu-con-experiencia-terena-t1114465/
Brasil;paripueira-l193609;1186415;Paseo A La Playa De Paripueira Beach Club;https://www.getyourguide.com/es-es/paripueira-l193609/paseo-a-la-playa-de-paripueira-beach-club-t1186415/
Brasil;rio-de-janeiro-l9;709416;Rio De Janeiro Caminata De Los Dos Hermanos Y Experiencia En La Favela;https://www.getyourguide.com/es-es/rio-de-janeiro-l9/rio-de-janeiro-caminata-de-los-dos-hermanos-y-experiencia-en-la-favela-t709416/
Brasil;foz-de-iguazu-l497;1229902;Foz De Iguazu Tour Nocturno De Compras En Paraguay Con Guia;https://www.getyourguide.com/es-es/foz-de-iguazu-l497/foz-de-iguazu-tour-nocturno-de-compras-en-paraguay-con-guia-t1229902/
Brasil;rio-de-janeiro-l9;1288794;Visita Al Barrio Bohemio De Santa Teresa;https://www.getyourguide.com/es-es/rio-de-janeiro-l9/visita-al-barrio-bohemio-de-santa-teresa-t1288794/
Brasil;cabo-frio-l121720;847230;Tour Privado De La Ciudad De Cabo Frio Playas Historia Y Belleza;https://www.getyourguide.com/es-es/cabo-frio-l121720/tour-privado-de-la-ciudad-de-cabo-frio-playas-historia-y-belleza-t847230/
Brasil;curitiba-l1849;24862;Excursion De Dia Completo Al Parque Estatal De Vilha Velha Desde Curitiba;https://www.getyourguide.com/es-es/curitiba-l1849/excursion-de-dia-completo-al-parque-estatal-de-vilha-velha-desde-curitiba-t24862/
Brasil;natal-l2112;370396;Natal Excursion De Un Dia A Sao Miguel Do Gostoso;https://www.getyourguide.com/es-es/natal-l2112/natal-excursion-de-un-dia-a-sao-miguel-do-gostoso-t370396/
Brasil;rio-de-janeiro-l9;1225878;Rio De Janeiro Remada Guiada De Surf De Remo En Una Reserva Ambiental;https://www.getyourguide.com/es-es/rio-de-janeiro-l9/rio-de-janeiro-remada-guiada-de-surf-de-remo-en-una-reserva-ambiental-t1225878/
Brasil;rio-de-janeiro-l9;1230130;Cristo Redentor Favela De Rocinha Y Pan De Azucar;https://www.getyourguide.com/es-es/rio-de-janeiro-l9/cristo-redentor-favela-de-rocinha-y-pan-de-azucar-t1230130/
Brasil;fortaleza-l1863;1258889;Excursion En Buggy A Las Playas De Morro Branco Das Fontes Y Canoa Quebrada;https://www.getyourguide.com/es-es/fortaleza-l1863/excursion-en-buggy-a-las-playas-de-morro-branco-das-fontes-y-canoa-quebrada-t1258889/
Brasil;rio-de-janeiro-l9;742207;05 Lugares De Rio Cristo Redentor Pan De Azucar Escalera Selaron;https://www.getyourguide.com/es-es/rio-de-janeiro-l9/05-lugares-de-rio-cristo-redentor-pan-de-azucar-escalera-selaron-t742207/
Brasil;rio-de-janeiro-l9;794595;Rio De Janeiro Clase De Cocina Brasilena Con Servicio De Recogida Del Hotel;https://www.getyourguide.com/es-es/rio-de-janeiro-l9/rio-de-janeiro-clase-de-cocina-brasilena-con-servicio-de-recogida-del-hotel-t794595/
Brasil;sao-paulo-l384;318818;Sao Paulo Tour A Pie Por El Centro De La Ciudad 2 Horas Espanol;https://www.getyourguide.com/es-es/sao-paulo-l384/sao-paulo-tour-a-pie-por-el-centro-de-la-ciudad-2-horas-espanol-t318818/
Brasil;foz-de-iguazu-l497;992896;Foz Do Iguacu Tour De Cascadas Por Sendero Unico;https://www.getyourguide.com/es-es/foz-de-iguazu-l497/foz-do-iguacu-tour-de-cascadas-por-sendero-unico-t992896/
Brasil;rio-de-janeiro-l9;998174;Rio De Janeiro Alquiler De Yates Privados;https://www.getyourguide.com/es-es/rio-de-janeiro-l9/rio-de-janeiro-alquiler-de-yates-privados-t998174/
Brasil;rio-de-janeiro-l9;1034877;Rio De Janeiro Excursion Al Amanecer A Dois Irmaos Con Servicio De Recogida;https://www.getyourguide.com/es-es/rio-de-janeiro-l9/rio-de-janeiro-excursion-al-amanecer-a-dois-irmaos-con-servicio-de-recogida-t1034877/
Brasil;curitiba-l1849;1097294;Curitiba Turismo Arquitectonicocontar Historias A Traves De La Arquitectura4 Horas;https://www.getyourguide.com/es-es/curitiba-l1849/curitiba-turismo-arquitectonicocontar-historias-a-traves-de-la-arquitectura4-horas-t1097294/
Brasil;natal-l2112;496859;Recorrido Por La Costa Sur En 4X4;https://www.getyourguide.com/es-es/natal-l2112/recorrido-por-la-costa-sur-en-4x4-t496859/
Brasil;rio-de-janeiro-l9;532004;Rio De Janeiro Trilha Morro Dois Irmaos Vidigal;https://www.getyourguide.com/es-es/rio-de-janeiro-l9/rio-de-janeiro-trilha-morro-dois-irmaos-vidigal-t532004/
Brasil;canela-l117155;1192930;Flores Da Cunha Vinos De Altura Y Experiencias Inolvidables;https://www.getyourguide.com/es-es/canela-l117155/flores-da-cunha-vinos-de-altura-y-experiencias-inolvidables-t1192930/
Brasil;foz-de-iguazu-l497;627206;Desde Foz Do Iguacu Atardecer En Las Cataratas;https://www.getyourguide.com/es-es/foz-de-iguazu-l497/desde-foz-do-iguacu-atardecer-en-las-cataratas-t627206/
Brasil;paraty-l1845;1252478;Paraty 2 Dias De Kayak Y Acampada En La Naturaleza;https://www.getyourguide.com/es-es/paraty-l1845/paraty-2-dias-de-kayak-y-acampada-en-la-naturaleza-t1252478/
Brasil;lencois-l32549;740233;Traslado De Barreirinhas A Santo Amaro Lencois;https://www.getyourguide.com/es-es/lencois-l32549/traslado-de-barreirinhas-a-santo-amaro-lencois-t740233/
Brasil;rio-de-janeiro-l9;761982;Rio De Janeiro A Ilha Grande Traslado De Ida Con Ticket De Entrada En Barco;https://www.getyourguide.com/es-es/rio-de-janeiro-l9/rio-de-janeiro-a-ilha-grande-traslado-de-ida-con-ticket-de-entrada-en-barco-t761982/
Brasil;rio-de-janeiro-l9;847462;Rio Verde Visita Guiada Al Jardin Botanico Y Al Parque Lage;https://www.getyourguide.com/es-es/rio-de-janeiro-l9/rio-verde-visita-guiada-al-jardin-botanico-y-al-parque-lage-t847462/
Brasil;porto-de-galinhas-l32612;24716;Porto Galinhas Tour De Dia Completo;https://www.getyourguide.com/es-es/porto-de-galinhas-l32612/porto-galinhas-tour-de-dia-completo-t24716/
Brasil;rio-de-janeiro-l9;140124;Excursion De Un Dia A Corcovado Cristo Redentor Y Pan De Azucar;https://www.getyourguide.com/es-es/rio-de-janeiro-l9/excursion-de-un-dia-a-corcovado-cristo-redentor-y-pan-de-azucar-t140124/
Brasil;rio-de-janeiro-l9;878252;Rio De Janeiro Cristo Redentor Pan De Azucar;https://www.getyourguide.com/es-es/rio-de-janeiro-l9/rio-de-janeiro-cristo-redentor-pan-de-azucar-t878252/
Brasil;curitiba-l1849;478259;Traslado Compartido Entre El Aeropuerto De Curitiba Y Los Hoteles;https://www.getyourguide.com/es-es/curitiba-l1849/traslado-compartido-entre-el-aeropuerto-de-curitiba-y-los-hoteles-t478259/
Brasil;buzios-l1832;546235;Paseo En Barco Por Buzios;https://www.getyourguide.com/es-es/buzios-l1832/paseo-en-barco-por-buzios-t546235/
Brasil;parnaiba-l194334;1100897;Parnaiba Tour En Lancha Motora Al Amanecer Con Desayuno;https://www.getyourguide.com/es-es/parnaiba-l194334/parnaiba-tour-en-lancha-motora-al-amanecer-con-desayuno-t1100897/
Brasil;rio-de-janeiro-l9;1130631;Experiencia Autentica Hacia La Basilica Da Penha;https://www.getyourguide.com/es-es/rio-de-janeiro-l9/experiencia-autentica-hacia-la-basilica-da-penha-t1130631/
Brasil;rio-de-janeiro-l9;1165355;Rio De Janeiro Ruta De Senderismo Por Morro Dois Irmaos Y Tour Por La Favela De Vidigal;https://www.getyourguide.com/es-es/rio-de-janeiro-l9/rio-de-janeiro-ruta-de-senderismo-por-morro-dois-irmaos-y-tour-por-la-favela-de-vidigal-t1165355/
Brasil;maceio-l2064;671507;Maceio Excursion A Sao Miguel Dos Milagres;https://www.getyourguide.com/es-es/maceio-l2064/maceio-excursion-a-sao-miguel-dos-milagres-t671507/
Brasil;fortaleza-l1863;675326;Playas De Ceara En Un Dia;https://www.getyourguide.com/es-es/fortaleza-l1863/playas-de-ceara-en-un-dia-t675326/
Brasil;canela-l117155;1193730;Bento Goncalves Raices Culturales En Los Caminos De Piedra;https://www.getyourguide.com/es-es/canela-l117155/bento-goncalves-raices-culturales-en-los-caminos-de-piedra-t1193730/
Brasil;porto-de-galinhas-l32612;1286512;Recorrido En Buggy Porto De Galinhas;https://www.getyourguide.com/es-es/porto-de-galinhas-l32612/recorrido-en-buggy-porto-de-galinhas-t1286512/
Brasil;rio-de-janeiro-l9;1319514;Rio De Janeiro Sesion De Fotos De Retrato En El Jardin Botanico;https://www.getyourguide.com/es-es/rio-de-janeiro-l9/rio-de-janeiro-sesion-de-fotos-de-retrato-en-el-jardin-botanico-t1319514/
Brasil;rio-de-janeiro-l9;24589;Roxy Show Folclore Y Ritmos Brasilenos;https://www.getyourguide.com/es-es/rio-de-janeiro-l9/roxy-show-folclore-y-ritmos-brasilenos-t24589/
Brasil;rio-de-janeiro-l9;253482;Rio Excursion Expres Al Cristo Redentor Y Al Pan De Azucar;https://www.getyourguide.com/es-es/rio-de-janeiro-l9/rio-excursion-expres-al-cristo-redentor-y-al-pan-de-azucar-t253482/
Brasil;rio-de-janeiro-l9;1077514;Explora Ilha Da Gigoia Exuberante Vegetacion Y Vistas Unicas;https://www.getyourguide.com/es-es/rio-de-janeiro-l9/explora-ilha-da-gigoia-exuberante-vegetacion-y-vistas-unicas-t1077514/
Brasil;buzios-l1832;413506;Buzios Goleta Tour De La Ciudad En Tranvia Y Almuerzo En Buzios;https://www.getyourguide.com/es-es/buzios-l1832/buzios-goleta-tour-de-la-ciudad-en-tranvia-y-almuerzo-en-buzios-t413506/
Brasil;rio-de-janeiro-l9;1197656;Rio De Janeiro La Mejor Experiencia De Surf Carioca;https://www.getyourguide.com/es-es/rio-de-janeiro-l9/rio-de-janeiro-la-mejor-experiencia-de-surf-carioca-t1197656/
Brasil;guarulhos-l150643;416610;Sao Paulo Entrada A La Sala Vip Premium Del Aeropuerto;https://www.getyourguide.com/es-es/guarulhos-l150643/sao-paulo-entrada-a-la-sala-vip-premium-del-aeropuerto-t416610/
Brasil;rio-de-janeiro-l9;425301;Rio Entrada Al Ensayo De La Escuela De Samba De Salgueiro Con Traslado;https://www.getyourguide.com/es-es/rio-de-janeiro-l9/rio-entrada-al-ensayo-de-la-escuela-de-samba-de-salgueiro-con-traslado-t425301/
Brasil;rio-de-janeiro-l9;1107813;Rio De Janeiro Tour Por Santa Teresa Y La Isla De Gigoia;https://www.getyourguide.com/es-es/rio-de-janeiro-l9/rio-de-janeiro-tour-por-santa-teresa-y-la-isla-de-gigoia-t1107813/
Brasil;paraty-l1845;1116516;Paraty Destileria Engenho D Ouro Con Degustaciones Y Cascadas;https://www.getyourguide.com/es-es/paraty-l1845/paraty-destileria-engenho-d-ouro-con-degustaciones-y-cascadas-t1116516/
Brasil;rio-de-janeiro-l9;1127824;Rio De Janeiro Visita A Una Bodega Con Cata De Vino;https://www.getyourguide.com/es-es/rio-de-janeiro-l9/rio-de-janeiro-visita-a-una-bodega-con-cata-de-vino-t1127824/
Brasil;matelandia-l214878;1229782;Peregrinacion A Las Cataratas Del Iguazu La Naturaleza En Todo Su Esplendor;https://www.getyourguide.com/es-es/matelandia-l214878/peregrinacion-a-las-cataratas-del-iguazu-la-naturaleza-en-todo-su-esplendor-t1229782/
Brasil;angra-dos-reis-l88183;1185309;Buceo Recreativo En Ilha Grande Una Experiencia Fantastica;https://www.getyourguide.com/es-es/angra-dos-reis-l88183/buceo-recreativo-en-ilha-grande-una-experiencia-fantastica-t1185309/
Brasil;sao-paulo-l384;540773;Tour Por Los Bares Y Discotecas De Sao Paulo Pubcrawl Sp;https://www.getyourguide.com/es-es/sao-paulo-l384/tour-por-los-bares-y-discotecas-de-sao-paulo-pubcrawl-sp-t540773/
Brasil;rio-de-janeiro-l9;1210767;Rio De Janeiro Concierto En Casa Tour De Samba Y Bebidas;https://www.getyourguide.com/es-es/rio-de-janeiro-l9/rio-de-janeiro-concierto-en-casa-tour-de-samba-y-bebidas-t1210767/
Brasil;rio-de-janeiro-l9;74255;Rio Tour A Pie Historico;https://www.getyourguide.com/es-es/rio-de-janeiro-l9/rio-tour-a-pie-historico-t74255/
Brasil;rio-de-janeiro-l9;1282432;Rio De Janeiro Tour Por La Vida Nocturna Lgbtq Con Guia Local;https://www.getyourguide.com/es-es/rio-de-janeiro-l9/rio-de-janeiro-tour-por-la-vida-nocturna-lgbtq-con-guia-local-t1282432/
Brasil;manaos-l917;261207;Tour De Medio Dia Por La Ciudad De Manaus;https://www.getyourguide.com/es-es/manaos-l917/tour-de-medio-dia-por-la-ciudad-de-manaus-t261207/
Brasil;fortaleza-l1863;316217;Fortaleza Excursion De Un Dia A La Playa De Cumbuco;https://www.getyourguide.com/es-es/fortaleza-l1863/fortaleza-excursion-de-un-dia-a-la-playa-de-cumbuco-t316217/
Brasil;paraty-l1845;199066;Excursion De Un Dia A Trindade Aventura En La Naturaleza Y El Mar Desde Paraty;https://www.getyourguide.com/es-es/paraty-l1845/excursion-de-un-dia-a-trindade-aventura-en-la-naturaleza-y-el-mar-desde-paraty-t199066/
Brasil;barreirinhas-l105727;480936;Excursion De Dia Completo Playa Y Lagunas De Atins;https://www.getyourguide.com/es-es/barreirinhas-l105727/excursion-de-dia-completo-playa-y-lagunas-de-atins-t480936/
Brasil;rio-de-janeiro-l9;856812;Noche De Samba En Pedra Do Sal Con 1 Caipirinha Gratis;https://www.getyourguide.com/es-es/rio-de-janeiro-l9/noche-de-samba-en-pedra-do-sal-con-1-caipirinha-gratis-t856812/
Brasil;foz-de-iguazu-l497;879707;Tour Guiado Cataratas Brasilenas Y Aves Exoticas En El Parque De Las Aves;https://www.getyourguide.com/es-es/foz-de-iguazu-l497/tour-guiado-cataratas-brasilenas-y-aves-exoticas-en-el-parque-de-las-aves-t879707/
Brasil;sao-paulo-l384;417157;Sao Paulo Traslado Privado Del Aeropuerto Gru A La Ciudad De Sao Paulo;https://www.getyourguide.com/es-es/sao-paulo-l384/sao-paulo-traslado-privado-del-aeropuerto-gru-a-la-ciudad-de-sao-paulo-t417157/
Brasil;rio-de-janeiro-l9;899486;Rio De Janeiro Tour Por La Favela De Santa Marta Con Guia Local Residente Y Almuerzo;https://www.getyourguide.com/es-es/rio-de-janeiro-l9/rio-de-janeiro-tour-por-la-favela-de-santa-marta-con-guia-local-residente-y-almuerzo-t899486/
Brasil;rio-de-janeiro-l9;571536;Rio Pedra Do Sal Com Samba Caipirinhas E Imersao Historica;https://www.getyourguide.com/es-es/rio-de-janeiro-l9/rio-pedra-do-sal-com-samba-caipirinhas-e-imersao-historica-t571536/
Brasil;rio-de-janeiro-l9;949228;Pub Crawl En Lapa Con Autentica Comida De Bar Brasilena;https://www.getyourguide.com/es-es/rio-de-janeiro-l9/pub-crawl-en-lapa-con-autentica-comida-de-bar-brasilena-t949228/
Brasil;rio-de-janeiro-l9;970926;Pedra Bonita Caminata Facil Y Vistas Impresionantes;https://www.getyourguide.com/es-es/rio-de-janeiro-l9/pedra-bonita-caminata-facil-y-vistas-impresionantes-t970926/
Brasil;foz-de-iguazu-l497;472807;Excursion Privada De Un Dia A Las Cataratas De Brasil Y Argentina Mismo Dia;https://www.getyourguide.com/es-es/foz-de-iguazu-l497/excursion-privada-de-un-dia-a-las-cataratas-de-brasil-y-argentina-mismo-dia-t472807/
Brasil;rio-de-janeiro-l9;490172;Senderismo Al Cristo Redentor Viaje Al Lugar Emblematico De Rio De Janeiro;https://www.getyourguide.com/es-es/rio-de-janeiro-l9/senderismo-al-cristo-redentor-viaje-al-lugar-emblematico-de-rio-de-janeiro-t490172/
Brasil;florianopolis-l246;655187;Traslado Privado De Florianopolis A La Playa De Ingleses;https://www.getyourguide.com/es-es/florianopolis-l246/traslado-privado-de-florianopolis-a-la-playa-de-ingleses-t655187/
Brasil;rio-de-janeiro-l9;794583;Rio De Janeiro Tour Privado Al Corcovado Y Al Pan De Azucar;https://www.getyourguide.com/es-es/rio-de-janeiro-l9/rio-de-janeiro-tour-privado-al-corcovado-y-al-pan-de-azucar-t794583/
Brasil;natal-l2112;1109238;Natal Tour Acuatico Con Visita A Lagunas Y Dunas;https://www.getyourguide.com/es-es/natal-l2112/natal-tour-acuatico-con-visita-a-lagunas-y-dunas-t1109238/
Brasil;rio-de-janeiro-l9;1122707;Rio De Janeiro Tour Nocturno Con Fiesta En La Discoteca Substation;https://www.getyourguide.com/es-es/rio-de-janeiro-l9/rio-de-janeiro-tour-nocturno-con-fiesta-en-la-discoteca-substation-t1122707/
Brasil;rio-de-janeiro-l9;865772;Rio De Janeiro Roxy Dinner Show Cena Y Espectaculo;https://www.getyourguide.com/es-es/rio-de-janeiro-l9/rio-de-janeiro-roxy-dinner-show-cena-y-espectaculo-t865772/
Brasil;santos-l1708;1186497;Paseo Completo De Un Dia Entero Por Santos;https://www.getyourguide.com/es-es/santos-l1708/paseo-completo-de-un-dia-entero-por-santos-t1186497/
Brasil;rio-de-janeiro-l9;797477;Tour Guiado Privado En Bicicleta Electrica Por El Centro Historico De Rio Y Ipanema;https://www.getyourguide.com/es-es/rio-de-janeiro-l9/tour-guiado-privado-en-bicicleta-electrica-por-el-centro-historico-de-rio-y-ipanema-t797477/
Brasil;foz-de-iguazu-l497;950080;City Tour Paraguay Con Itaipu Paraguay Cultura Historia Y Paisajes;https://www.getyourguide.com/es-es/foz-de-iguazu-l497/city-tour-paraguay-con-itaipu-paraguay-cultura-historia-y-paisajes-t950080/
Brasil;rio-de-janeiro-l9;833140;Explora Rio De Janeiro En Un Impresionante Paseo En Helicoptero;https://www.getyourguide.com/es-es/rio-de-janeiro-l9/explora-rio-de-janeiro-en-un-impresionante-paseo-en-helicoptero-t833140/
Brasil;rio-de-janeiro-l9;1049294;Rio Visita Al Jardin Botanico Degustacion De Licores Y Fiesta De Cocina;https://www.getyourguide.com/es-es/rio-de-janeiro-l9/rio-visita-al-jardin-botanico-degustacion-de-licores-y-fiesta-de-cocina-t1049294/
Brasil;rio-de-janeiro-l9;1284650;Padel Al Amanecer En Rio De Janeiro;https://www.getyourguide.com/es-es/rio-de-janeiro-l9/padel-al-amanecer-en-rio-de-janeiro-t1284650/
Brasil;rio-de-janeiro-l9;1287665;Puerta Del Cielo Dron Tour Por La Favela Rocinha;https://www.getyourguide.com/es-es/rio-de-janeiro-l9/puerta-del-cielo-dron-tour-por-la-favela-rocinha-t1287665/
Brasil;rio-de-janeiro-l9;924001;Rio De Janeiro Skip The Line Tour Privado Del Estadio Maracana;https://www.getyourguide.com/es-es/rio-de-janeiro-l9/rio-de-janeiro-skip-the-line-tour-privado-del-estadio-maracana-t924001/
Brasil;rio-de-janeiro-l9;1088813;Maracana Tour Homenaje Al Futbol Playa Carioca Con Paolo;https://www.getyourguide.com/es-es/rio-de-janeiro-l9/maracana-tour-homenaje-al-futbol-playa-carioca-con-paolo-t1088813/
Brasil;foz-de-iguazu-l497;1309163;Foz Do Iguacu Tour Vip Privado Con Guia Multilingue;https://www.getyourguide.com/es-es/foz-de-iguazu-l497/foz-do-iguacu-tour-vip-privado-con-guia-multilingue-t1309163/
Brasil;rio-de-janeiro-l9;1103458;Rio De Janeiro Tour Por La Favela Rocinha Con Leroy;https://www.getyourguide.com/es-es/rio-de-janeiro-l9/rio-de-janeiro-tour-por-la-favela-rocinha-con-leroy-t1103458/
Brasil;maceio-l2064;26872;Excursion De Dia Completo A La Playa De Duas Barras Y Las Dunas De Marape;https://www.getyourguide.com/es-es/maceio-l2064/excursion-de-dia-completo-a-la-playa-de-duas-barras-y-las-dunas-de-marape-t26872/
Brasil;natal-l2112;27486;Aeropuerto De Natal Traslados Compartidos De Ida O De Ida Y Vuelta;https://www.getyourguide.com/es-es/natal-l2112/aeropuerto-de-natal-traslados-compartidos-de-ida-o-de-ida-y-vuelta-t27486/
Brasil;foz-de-iguazu-l497;1137199;Recorrido Por Foz Do Iguacu Visita Multicultural Con Guia;https://www.getyourguide.com/es-es/foz-de-iguazu-l497/recorrido-por-foz-do-iguacu-visita-multicultural-con-guia-t1137199/
Brasil;penedo-brasil-l246877;1069738;Paseos A Caballo En Penedo Paseos Inolvidables;https://www.getyourguide.com/es-es/penedo-brasil-l246877/paseos-a-caballo-en-penedo-paseos-inolvidables-t1069738/
Brasil;rio-de-janeiro-l9;1202064;Rio De Janeiro Tour En Buggy Por Los Puntos Destacados De La Ciudad;https://www.getyourguide.com/es-es/rio-de-janeiro-l9/rio-de-janeiro-tour-en-buggy-por-los-puntos-destacados-de-la-ciudad-t1202064/
Brasil;rio-de-janeiro-l9;639234;Traslado Compartido De Rio De Janeiro A Arraial Do Cabo;https://www.getyourguide.com/es-es/rio-de-janeiro-l9/traslado-compartido-de-rio-de-janeiro-a-arraial-do-cabo-t639234/
Brasil;foz-de-iguazu-l497;662756;Dia Completo Cataratas Del Iguazu Ambos Lados Brasil Y Argentina;https://www.getyourguide.com/es-es/foz-de-iguazu-l497/dia-completo-cataratas-del-iguazu-ambos-lados-brasil-y-argentina-t662756/
Brasil;rio-de-janeiro-l9;783824;Rio Tour Inmersivo Por Los Callejones De La Favela Rocinha;https://www.getyourguide.com/es-es/rio-de-janeiro-l9/rio-tour-inmersivo-por-los-callejones-de-la-favela-rocinha-t783824/
Brasil;manaos-l917;829632;Manaos Tour De La Ciudad;https://www.getyourguide.com/es-es/manaos-l917/manaos-tour-de-la-ciudad-t829632/
Brasil;paraty-l1845;24759;Excursion De Un Dia Entero Por La Playa Y Buceo Cerca De Pueblos Aislados;https://www.getyourguide.com/es-es/paraty-l1845/excursion-de-un-dia-entero-por-la-playa-y-buceo-cerca-de-pueblos-aislados-t24759/
Brasil;salvador-brasil-l1430;478582;Salvador De Bahia Visita Cultural Africana;https://www.getyourguide.com/es-es/salvador-brasil-l1430/salvador-de-bahia-visita-cultural-africana-t478582/
Brasil;santos-l1708;860316;Santos Excursion A La Cascada Y Paseo En Barco Por La Selva Tropical;https://www.getyourguide.com/es-es/santos-l1708/santos-excursion-a-la-cascada-y-paseo-en-barco-por-la-selva-tropical-t860316/
Brasil;sao-paulo-l384;389858;Sao Paulo Aeropuerto De Viracopos Vcp Traslado Privado;https://www.getyourguide.com/es-es/sao-paulo-l384/sao-paulo-aeropuerto-de-viracopos-vcp-traslado-privado-t389858/
Brasil;florianopolis-l246;998891;Ruta De Lagoinha Do Leste Historia Cultura Naturaleza E Fotos Increibles;https://www.getyourguide.com/es-es/florianopolis-l246/ruta-de-lagoinha-do-leste-historia-cultura-naturaleza-e-fotos-increibles-t998891/
Brasil;florianopolis-l246;1004202;Busqueda Del Tesoro En Familia En El Centro Historico De Florianopolis;https://www.getyourguide.com/es-es/florianopolis-l246/busqueda-del-tesoro-en-familia-en-el-centro-historico-de-florianopolis-t1004202/
Brasil;maceio-l2064;663910;Traslado Compartido De Ida De Maceio A Barra De Sao Miguel;https://www.getyourguide.com/es-es/maceio-l2064/traslado-compartido-de-ida-de-maceio-a-barra-de-sao-miguel-t663910/
Brasil;rio-de-janeiro-l9;1065576;Rio De Janeiro Tour Privado Con Fotografo;https://www.getyourguide.com/es-es/rio-de-janeiro-l9/rio-de-janeiro-tour-privado-con-fotografo-t1065576/
Brasil;foz-de-iguazu-l497;719540;Tour De 1 Dia A Las Cataratas Del Iguazu Brasil Argentina Opcion De Barco;https://www.getyourguide.com/es-es/foz-de-iguazu-l497/tour-de-1-dia-a-las-cataratas-del-iguazu-brasil-argentina-opcion-de-barco-t719540/
Brasil;rio-de-janeiro-l9;527552;Aventurismo Cristo Redentor;https://www.getyourguide.com/es-es/rio-de-janeiro-l9/aventurismo-cristo-redentor-t527552/
Brasil;rio-de-janeiro-l9;546674;Visita A Rio De Janeiro;https://www.getyourguide.com/es-es/rio-de-janeiro-l9/visita-a-rio-de-janeiro-t546674/
Brasil;rio-de-janeiro-l9;800151;Rio De Janeiro Se Un Autentico Carioca Por Un Dia Tour;https://www.getyourguide.com/es-es/rio-de-janeiro-l9/rio-de-janeiro-se-un-autentico-carioca-por-un-dia-tour-t800151/
Brasil;rio-de-janeiro-l9;1175404;Rio De Janeiro 3 Dias De Kitesurf Con Clases;https://www.getyourguide.com/es-es/rio-de-janeiro-l9/rio-de-janeiro-3-dias-de-kitesurf-con-clases-t1175404/
Brasil;fortaleza-l1863;682749;Fortaleza Excursion A La Playa De Lagoinha;https://www.getyourguide.com/es-es/fortaleza-l1863/fortaleza-excursion-a-la-playa-de-lagoinha-t682749/
Brasil;buzios-l1832;878236;Excursion En Buzios Con Almuerzo Saliendo De Buzios;https://www.getyourguide.com/es-es/buzios-l1832/excursion-en-buzios-con-almuerzo-saliendo-de-buzios-t878236/
Brasil;beberibe-l141901;879732;Tour De 1 Dia Con Guia Descubre 3 Playas Paradisiacas En Ceara;https://www.getyourguide.com/es-es/beberibe-l141901/tour-de-1-dia-con-guia-descubre-3-playas-paradisiacas-en-ceara-t879732/
Brasil;rio-de-janeiro-l9;1192854;Tour En Moto Por La Favela De Vidigal;https://www.getyourguide.com/es-es/rio-de-janeiro-l9/tour-en-moto-por-la-favela-de-vidigal-t1192854/
Brasil;arraial-del-cabo-l95354;884874;Excursion Completa Arraial Do Cabo Con Almuerzo Incluido;https://www.getyourguide.com/es-es/arraial-del-cabo-l95354/excursion-completa-arraial-do-cabo-con-almuerzo-incluido-t884874/
Brasil;sao-paulo-l384;756380;Mejor Tour De La Ciudad De Sao Paulo Historia Experiencia Privada De 5 Horas;https://www.getyourguide.com/es-es/sao-paulo-l384/mejor-tour-de-la-ciudad-de-sao-paulo-historia-experiencia-privada-de-5-horas-t756380/
Brasil;rio-de-janeiro-l9;759718;Parque Lage Mansion Historica E Impresionantes Jardines En Rio;https://www.getyourguide.com/es-es/rio-de-janeiro-l9/parque-lage-mansion-historica-e-impresionantes-jardines-en-rio-t759718/
Brasil;rio-de-janeiro-l9;760918;Traslado Al Aeropuerto De Galeao Copacabana Ipanema Y Centro De La Ciudad;https://www.getyourguide.com/es-es/rio-de-janeiro-l9/traslado-al-aeropuerto-de-galeao-copacabana-ipanema-y-centro-de-la-ciudad-t760918/
Brasil;manaos-l917;824979;Manaos Archipielago De Las Anavilhanas;https://www.getyourguide.com/es-es/manaos-l917/manaos-archipielago-de-las-anavilhanas-t824979/
Brasil;salvaterra-l181818;1111016;Bufalo Tour Salvaterra;https://www.getyourguide.com/es-es/salvaterra-l181818/bufalo-tour-salvaterra-t1111016/
Brasil;natal-l2112;1111967;Natal Excursion De 1 Dia A Sao Miguel Do Gostoso;https://www.getyourguide.com/es-es/natal-l2112/natal-excursion-de-1-dia-a-sao-miguel-do-gostoso-t1111967/
Brasil;rio-de-janeiro-l9;1052804;Experiencia Completa En Rio De Janeiro Tour En Coche Privado Helicoptero;https://www.getyourguide.com/es-es/rio-de-janeiro-l9/experiencia-completa-en-rio-de-janeiro-tour-en-coche-privado-helicoptero-t1052804/
Brasil;canela-l117155;1190461;Entre Vinedos Y Sensaciones Experiencias Exclusivas En Bento Goncalves;https://www.getyourguide.com/es-es/canela-l117155/entre-vinedos-y-sensaciones-experiencias-exclusivas-en-bento-goncalves-t1190461/
Brasil;sao-paulo-l384;1076222;Sao Paulo Caminata Por La Mata Atlantica Hasta El Punto Mas Alto De La Ciudad;https://www.getyourguide.com/es-es/sao-paulo-l384/sao-paulo-caminata-por-la-mata-atlantica-hasta-el-punto-mas-alto-de-la-ciudad-t1076222/
Brasil;rio-de-janeiro-l9;1086383;Excursion De 1 Dia A Serra Dos Orgaos Con Alan Denis;https://www.getyourguide.com/es-es/rio-de-janeiro-l9/excursion-de-1-dia-a-serra-dos-orgaos-con-alan-denis-t1086383/
Brasil;niteroi-l34109;1217815;Vuelo En Parapente Niteroi Rj Paseo En Parapente Niteroi Rj;https://www.getyourguide.com/es-es/niteroi-l34109/vuelo-en-parapente-niteroi-rj-paseo-en-parapente-niteroi-rj-t1217815/
Brasil;rio-de-janeiro-l9;1106041;Rio De Janeiro Floresta Da Tijuca Cascadas Cuevas Secretas E Historia;https://www.getyourguide.com/es-es/rio-de-janeiro-l9/rio-de-janeiro-floresta-da-tijuca-cascadas-cuevas-secretas-e-historia-t1106041/
Brasil;canela-l117155;1193902;Ciudad De Flores Da Cunha Una Cata De Vinos Que Te Da La Bienvenida;https://www.getyourguide.com/es-es/canela-l117155/ciudad-de-flores-da-cunha-una-cata-de-vinos-que-te-da-la-bienvenida-t1193902/
Brasil;rio-de-janeiro-l9;1195502;Rio De Janeiro Escalada En Copacabana;https://www.getyourguide.com/es-es/rio-de-janeiro-l9/rio-de-janeiro-escalada-en-copacabana-t1195502/
Brasil;rio-de-janeiro-l9;1205427;Rio De Janeiro Tour En Moto Por Las Playas De Reserva Prainha Y Grumari;https://www.getyourguide.com/es-es/rio-de-janeiro-l9/rio-de-janeiro-tour-en-moto-por-las-playas-de-reserva-prainha-y-grumari-t1205427/
Brasil;florianopolis-l246;636664;Florianopolis Ruta Por La Playa De Gravata Con Guia Local;https://www.getyourguide.com/es-es/florianopolis-l246/florianopolis-ruta-por-la-playa-de-gravata-con-guia-local-t636664/
Brasil;sao-paulo-l384;80889;Tour Privado De La Ciudad De Sao Paulo;https://www.getyourguide.com/es-es/sao-paulo-l384/tour-privado-de-la-ciudad-de-sao-paulo-t80889/
Brasil;rio-de-janeiro-l9;753228;Desde Rio Dia Completo En Buzios Con Excursion En Catamaran Y Almuerzo;https://www.getyourguide.com/es-es/rio-de-janeiro-l9/desde-rio-dia-completo-en-buzios-con-excursion-en-catamaran-y-almuerzo-t753228/
Brasil;manaos-l917;418020;Desde Manaus Excursion De 2 Dias A La Selva Amazonica Y Al Lago De Ipanema;https://www.getyourguide.com/es-es/manaos-l917/desde-manaus-excursion-de-2-dias-a-la-selva-amazonica-y-al-lago-de-ipanema-t418020/
Brasil;joao-pessoa-l116745;26320;Tour De La Ciudad De Joao Pessoa;https://www.getyourguide.com/es-es/joao-pessoa-l116745/tour-de-la-ciudad-de-joao-pessoa-t26320/
Brasil;chapada-dos-guimaraes-l222401;881369;Chapada Dos Guimaraescidade De Pedra Vale Do Rio Claro Con Veu De Noiva;https://www.getyourguide.com/es-es/chapada-dos-guimaraes-l222401/chapada-dos-guimaraescidade-de-pedra-vale-do-rio-claro-con-veu-de-noiva-t881369/
Brasil;rio-de-janeiro-l9;95475;Recorrido Fotografico Por Las Playas Salvajes Y La Cachaza;https://www.getyourguide.com/es-es/rio-de-janeiro-l9/recorrido-fotografico-por-las-playas-salvajes-y-la-cachaza-t95475/
Brasil;passa-quatro-l222250;916886;Piquete Mgtravessia Marins Itaguare El Trekking Mas Tecnico De Brasil;https://www.getyourguide.com/es-es/passa-quatro-l222250/piquete-mgtravessia-marins-itaguare-el-trekking-mas-tecnico-de-brasil-t916886/
Brasil;buzios-l1832;292495;Desde Buzios Excursion De Un Dia A Arraial Do Cabo Y Cabo Frio;https://www.getyourguide.com/es-es/buzios-l1832/desde-buzios-excursion-de-un-dia-a-arraial-do-cabo-y-cabo-frio-t292495/
Brasil;manaos-l917;298500;Desde Manaus Excursion De Medio Dia Al Rio Negro;https://www.getyourguide.com/es-es/manaos-l917/desde-manaus-excursion-de-medio-dia-al-rio-negro-t298500/
Brasil;rio-de-janeiro-l9;385548;Aeropuerto Rio Galeao Gig Traslado De Ida Y Vuelta A Los Hoteles;https://www.getyourguide.com/es-es/rio-de-janeiro-l9/aeropuerto-rio-galeao-gig-traslado-de-ida-y-vuelta-a-los-hoteles-t385548/
Brasil;foz-de-iguazu-l497;390327;Foz De Iguazu Puerto Iguazu Tour De Compras Por Ciudad Del Este;https://www.getyourguide.com/es-es/foz-de-iguazu-l497/foz-de-iguazu-puerto-iguazu-tour-de-compras-por-ciudad-del-este-t390327/
Brasil;rio-de-janeiro-l9;554850;Desde Rio De Janeiro Tour De Un Dia A Angra Dos Reis E Ilha Grande;https://www.getyourguide.com/es-es/rio-de-janeiro-l9/desde-rio-de-janeiro-tour-de-un-dia-a-angra-dos-reis-e-ilha-grande-t554850/
Brasil;arraial-del-cabo-l95354;416319;Arraial Do Cabo Excursion En Quad Atv;https://www.getyourguide.com/es-es/arraial-del-cabo-l95354/arraial-do-cabo-excursion-en-quad-atv-t416319/
Brasil;sao-paulo-l384;431686;Sao Paulo Lo Mas Destacado De La Ciudad Visita Guiada Privada Con Traslado;https://www.getyourguide.com/es-es/sao-paulo-l384/sao-paulo-lo-mas-destacado-de-la-ciudad-visita-guiada-privada-con-traslado-t431686/
Brasil;rio-de-janeiro-l9;1011459;Rio De Janeiro Caminata Morro Dois Irmaos Del Amanecer Al Atardecer;https://www.getyourguide.com/es-es/rio-de-janeiro-l9/rio-de-janeiro-caminata-morro-dois-irmaos-del-amanecer-al-atardecer-t1011459/
Brasil;rio-de-janeiro-l9;721985;Rio De Janeiro Vuelos En Parapente Biplaza Sobre Rio;https://www.getyourguide.com/es-es/rio-de-janeiro-l9/rio-de-janeiro-vuelos-en-parapente-biplaza-sobre-rio-t721985/
Brasil;salvador-brasil-l1430;763032;Clase Boxe Ex Campeona Bahiana Salvador Ba;https://www.getyourguide.com/es-es/salvador-brasil-l1430/clase-boxe-ex-campeona-bahiana-salvador-ba-t763032/
Brasil;rio-de-janeiro-l9;782847;Rio De Janeiro Excursion Al Amanecer Al Dia O Al Atardecer Al Pico Dois Irmaos;https://www.getyourguide.com/es-es/rio-de-janeiro-l9/rio-de-janeiro-excursion-al-amanecer-al-dia-o-al-atardecer-al-pico-dois-irmaos-t782847/
Brasil;barreirinhas-l105727;1186677;Barreirinhas Tour De 5 Dias Por Lencois Maranhenses Con Alojamiento;https://www.getyourguide.com/es-es/barreirinhas-l105727/barreirinhas-tour-de-5-dias-por-lencois-maranhenses-con-alojamiento-t1186677/
Brasil;manaos-l917;829725;Manaus Pesca De Piranas;https://www.getyourguide.com/es-es/manaos-l917/manaus-pesca-de-piranas-t829725/
Brasil;rio-de-janeiro-l9;847459;Naturaleza Y Cultura Jardin Botanico Y Parque Lage De Rio;https://www.getyourguide.com/es-es/rio-de-janeiro-l9/naturaleza-y-cultura-jardin-botanico-y-parque-lage-de-rio-t847459/
Brasil;canela-l117155;869401;Canelagramado Bodegas Del Sur Tren Del Vino Y Parque Italiano;https://www.getyourguide.com/es-es/canela-l117155/canelagramado-bodegas-del-sur-tren-del-vino-y-parque-italiano-t869401/
Brasil;balneario-camboriu-l32252;881443;Beto Carrero Word Traslado Privado Desde Balneario Camboriu Sc;https://www.getyourguide.com/es-es/balneario-camboriu-l32252/beto-carrero-word-traslado-privado-desde-balneario-camboriu-sc-t881443/
Brasil;manaos-l917;893587;Manaus Visita Guiada A Pie Por El Centro Historico;https://www.getyourguide.com/es-es/manaos-l917/manaus-visita-guiada-a-pie-por-el-centro-historico-t893587/
Brasil;maceio-l2064;1249513;Maceio Paseo A La Playa De Gunga En Furgoneta Con Guia Turistico;https://www.getyourguide.com/es-es/maceio-l2064/maceio-paseo-a-la-playa-de-gunga-en-furgoneta-con-guia-turistico-t1249513/
Brasil;sao-paulo-l384;931971;Sao Paulo Tour Por Lo Mas Destacado Del Masp Con Entrada Gratuita Garantizada;https://www.getyourguide.com/es-es/sao-paulo-l384/sao-paulo-tour-por-lo-mas-destacado-del-masp-con-entrada-gratuita-garantizada-t931971/
Brasil;salvador-brasil-l1430;832159;Salvador Excursion Folclorica Con Cena Buffet;https://www.getyourguide.com/es-es/salvador-brasil-l1430/salvador-excursion-folclorica-con-cena-buffet-t832159/
Brasil;rio-de-janeiro-l9;1038996;Rio De Janeiro Escuela De Surf Con Todo El Material Incluido;https://www.getyourguide.com/es-es/rio-de-janeiro-l9/rio-de-janeiro-escuela-de-surf-con-todo-el-material-incluido-t1038996/
Brasil;rio-de-janeiro-l9;852704;Tour Puesta De Sol En Arpoador Historia De Copacabana E Impresionante Puesta De Sol;https://www.getyourguide.com/es-es/rio-de-janeiro-l9/tour-puesta-de-sol-en-arpoador-historia-de-copacabana-e-impresionante-puesta-de-sol-t852704/
Brasil;barreirinhas-l105727;879766;Magia De Maranhao Y Gozo De Lagoa Azul Un Viaje De Medio Dia;https://www.getyourguide.com/es-es/barreirinhas-l105727/magia-de-maranhao-y-gozo-de-lagoa-azul-un-viaje-de-medio-dia-t879766/
Brasil;rio-de-janeiro-l9;1085819;Rio De Janeiro Tour Guiado En Bicicleta Al Cristo Redentor;https://www.getyourguide.com/es-es/rio-de-janeiro-l9/rio-de-janeiro-tour-guiado-en-bicicleta-al-cristo-redentor-t1085819/
Brasil;rio-de-janeiro-l9;96627;Excursion De Dia Completo A La Pedra Do Telegrafo Y La Playa;https://www.getyourguide.com/es-es/rio-de-janeiro-l9/excursion-de-dia-completo-a-la-pedra-do-telegrafo-y-la-playa-t96627/
Brasil;maceio-l2064;939046;Maceio Paseo A La Playa De Paripueira Y Al Beach Club Mar Cia;https://www.getyourguide.com/es-es/maceio-l2064/maceio-paseo-a-la-playa-de-paripueira-y-al-beach-club-mar-cia-t939046/
Brasil;rio-de-janeiro-l9;1122784;Explora El Corazon Historico De Rio De Janeiro;https://www.getyourguide.com/es-es/rio-de-janeiro-l9/explora-el-corazon-historico-de-rio-de-janeiro-t1122784/
Brasil;rio-de-janeiro-l9;948253;Clase De Churrasco Bbq Bebidas Y Fiesta En El Patio En Copacabana;https://www.getyourguide.com/es-es/rio-de-janeiro-l9/clase-de-churrasco-bbq-bebidas-y-fiesta-en-el-patio-en-copacabana-t948253/
Brasil;buzios-l1832;192828;Tour De La Ciudad En Tranvia De Buzios;https://www.getyourguide.com/es-es/buzios-l1832/tour-de-la-ciudad-en-tranvia-de-buzios-t192828/
Brasil;sao-paulo-l384;321018;Sao Paulo 20 Minutos De Tour Turistico En Helicoptero;https://www.getyourguide.com/es-es/sao-paulo-l384/sao-paulo-20-minutos-de-tour-turistico-en-helicoptero-t321018/
Brasil;rio-de-janeiro-l9;417952;Rio Tour Privado Lgbtqia Con Guia Local Gay Friendly;https://www.getyourguide.com/es-es/rio-de-janeiro-l9/rio-tour-privado-lgbtqia-con-guia-local-gay-friendly-t417952/
Brasil;rio-de-janeiro-l9;437949;Rio Excursion A Pie En Grupo Por Rocinha La Favela Mas Grande De Brasil;https://www.getyourguide.com/es-es/rio-de-janeiro-l9/rio-excursion-a-pie-en-grupo-por-rocinha-la-favela-mas-grande-de-brasil-t437949/
Brasil;campinas-l1696;1221105;Ruta Del Cafe Y El Vino En Espirito Santo Do Pinhal;https://www.getyourguide.com/es-es/campinas-l1696/ruta-del-cafe-y-el-vino-en-espirito-santo-do-pinhal-t1221105/
Brasil;passa-quatro-l222250;1106680;Passa Quatro Mg Travesia De La Serra Fina Senderismo En Mantiqueira;https://www.getyourguide.com/es-es/passa-quatro-l222250/passa-quatro-mg-travesia-de-la-serra-fina-senderismo-en-mantiqueira-t1106680/
Brasil;rio-de-janeiro-l9;543184;Ala Delta Rio De Janeiro;https://www.getyourguide.com/es-es/rio-de-janeiro-l9/ala-delta-rio-de-janeiro-t543184/
Brasil;jericoacoara-l105737;1136699;Jericoacoara Tour En Buggy Por Lagunas Y Playas;https://www.getyourguide.com/es-es/jericoacoara-l105737/jericoacoara-tour-en-buggy-por-lagunas-y-playas-t1136699/
Brasil;rio-de-janeiro-l9;1151177;Desde Lima Parapente En La Reserva Islas Ballestas Clase De Ceviche;https://www.getyourguide.com/es-es/rio-de-janeiro-l9/desde-lima-parapente-en-la-reserva-islas-ballestas-clase-de-ceviche-t1151177/
Brasil;rio-de-janeiro-l9;1298060;Rio De Janeiro Recorrido A Pie Por La Favela De Copacabana Tabajaras Y Cabritos;https://www.getyourguide.com/es-es/rio-de-janeiro-l9/rio-de-janeiro-recorrido-a-pie-por-la-favela-de-copacabana-tabajaras-y-cabritos-t1298060/
Brasil;rio-de-janeiro-l9;1194200;Rio De Janeiro Traslado Privado Al Aeropuerto Con Servicio De Bienvenida Gig Y Sdu;https://www.getyourguide.com/es-es/rio-de-janeiro-l9/rio-de-janeiro-traslado-privado-al-aeropuerto-con-servicio-de-bienvenida-gig-y-sdu-t1194200/
Brasil;manaos-l917;82719;Excursion De Un Dia A Los Delfines Del Amazonas Desde Manaos;https://www.getyourguide.com/es-es/manaos-l917/excursion-de-un-dia-a-los-delfines-del-amazonas-desde-manaos-t82719/
Brasil;rio-de-janeiro-l9;740417;Rio Samba Bus Tour En Autobus Turistico Por La Ciudad De Rio De Janeiro;https://www.getyourguide.com/es-es/rio-de-janeiro-l9/rio-samba-bus-tour-en-autobus-turistico-por-la-ciudad-de-rio-de-janeiro-t740417/
Brasil;foz-de-iguazu-l497;795133;Tour Privado De 2 Dias A Las Cataratas Del Iguazu En Brasil Y Argentina;https://www.getyourguide.com/es-es/foz-de-iguazu-l497/tour-privado-de-2-dias-a-las-cataratas-del-iguazu-en-brasil-y-argentina-t795133/
Brasil;foz-de-iguazu-l497;1281368;Cataratas Del Iguazu De Lujo En 2 Dias Brasilargentina Con Barco Y Helicoptero;https://www.getyourguide.com/es-es/foz-de-iguazu-l497/cataratas-del-iguazu-de-lujo-en-2-dias-brasilargentina-con-barco-y-helicoptero-t1281368/
Brasil;rio-de-janeiro-l9;858925;Rio De Janeiro Cristo Redentor En Furgoneta Y Tour De La Ciudad;https://www.getyourguide.com/es-es/rio-de-janeiro-l9/rio-de-janeiro-cristo-redentor-en-furgoneta-y-tour-de-la-ciudad-t858925/
Brasil;rio-de-janeiro-l9;877706;Rio De Janeiro Vuelo En Helicoptero Cristo Redentor 30 Min;https://www.getyourguide.com/es-es/rio-de-janeiro-l9/rio-de-janeiro-vuelo-en-helicoptero-cristo-redentor-30-min-t877706/
Brasil;rio-de-janeiro-l9;462097;Excursion En Barco Por Rio En Grupo Compartido Mananas Y Tardes;https://www.getyourguide.com/es-es/rio-de-janeiro-l9/excursion-en-barco-por-rio-en-grupo-compartido-mananas-y-tardes-t462097/
Brasil;rio-de-janeiro-l9;65589;Corcovado Y Escalinata De Selaron Con Pan De Azucar Opcional;https://www.getyourguide.com/es-es/rio-de-janeiro-l9/corcovado-y-escalinata-de-selaron-con-pan-de-azucar-opcional-t65589/
Brasil;rio-de-janeiro-l9;946999;Desde Rio De Janeiro Excursion De 5 Dias Por Bahia Y Las Islas Abrolhos;https://www.getyourguide.com/es-es/rio-de-janeiro-l9/desde-rio-de-janeiro-excursion-de-5-dias-por-bahia-y-las-islas-abrolhos-t946999/
Brasil;paraty-l1845;947806;Paraty Tour Por Las Islas Y Playas Paradisiacas De Paraty;https://www.getyourguide.com/es-es/paraty-l1845/paraty-tour-por-las-islas-y-playas-paradisiacas-de-paraty-t947806/
Brasil;salvador-brasil-l1430;293735;Traslados Entre Salvador Y Barra Grande Marau;https://www.getyourguide.com/es-es/salvador-brasil-l1430/traslados-entre-salvador-y-barra-grande-marau-t293735/
Brasil;fortaleza-l1863;1052923;Fortaleza Aeropuerto Internacional De Pinto Martins Con Acceso A La Sala Vip;https://www.getyourguide.com/es-es/fortaleza-l1863/fortaleza-aeropuerto-internacional-de-pinto-martins-con-acceso-a-la-sala-vip-t1052923/
Brasil;rio-de-janeiro-l9;412692;Rio Recorrido En Bici Por Botafogo La Playa De Flamengo Y El Centro De La Ciudad;https://www.getyourguide.com/es-es/rio-de-janeiro-l9/rio-recorrido-en-bici-por-botafogo-la-playa-de-flamengo-y-el-centro-de-la-ciudad-t412692/
Brasil;angra-dos-reis-l88183;1145465;Vila Do Abraao Tour En Barco Por Lopes Mendes Pouso Y Santo Antonio;https://www.getyourguide.com/es-es/angra-dos-reis-l88183/vila-do-abraao-tour-en-barco-por-lopes-mendes-pouso-y-santo-antonio-t1145465/
Brasil;bento-goncalves-l117160;1189750;Pinto Bandeira Descubre Vinos Y Experiencias Unicas;https://www.getyourguide.com/es-es/bento-goncalves-l117160/pinto-bandeira-descubre-vinos-y-experiencias-unicas-t1189750/
Brasil;rio-de-janeiro-l9;540620;Amanecer En El Morro Dois Irmaos Experiencia En La Favela De Vidigal;https://www.getyourguide.com/es-es/rio-de-janeiro-l9/amanecer-en-el-morro-dois-irmaos-experiencia-en-la-favela-de-vidigal-t540620/
Brasil;rio-de-janeiro-l9;618594;Rio Privado Expres Personalizado Principales Atracciones;https://www.getyourguide.com/es-es/rio-de-janeiro-l9/rio-privado-expres-personalizado-principales-atracciones-t618594/
Brasil;curitiba-l1849;1250919;Entrada Al Museo Oscar Niemeyer;https://www.getyourguide.com/es-es/curitiba-l1849/entrada-al-museo-oscar-niemeyer-t1250919/
Brasil;paraty-l1845;700288;Paraty Una Experiencia Exclusiva En Una Excursion En Lancha Rapida;https://www.getyourguide.com/es-es/paraty-l1845/paraty-una-experiencia-exclusiva-en-una-excursion-en-lancha-rapida-t700288/
Brasil;foz-de-iguazu-l497;746578;Tour Guiado Cataratas De Brasil Y Parque De Las Aves;https://www.getyourguide.com/es-es/foz-de-iguazu-l497/tour-guiado-cataratas-de-brasil-y-parque-de-las-aves-t746578/
Brasil;rio-de-janeiro-l9;1307863;Vive Santa Marta Inmersion Real En La Favela Con Sus Habitantes E Impacto Social;https://www.getyourguide.com/es-es/rio-de-janeiro-l9/vive-santa-marta-inmersion-real-en-la-favela-con-sus-habitantes-e-impacto-social-t1307863/
Brasil;rio-de-janeiro-l9;821890;Rio Pedra Da Gavea Conquista La Cima Del Parque Urbano;https://www.getyourguide.com/es-es/rio-de-janeiro-l9/rio-pedra-da-gavea-conquista-la-cima-del-parque-urbano-t821890/
Brasil;rio-de-janeiro-l9;83265;Tour Turistico Del Cristo Redentor Y Rio De Janeiro;https://www.getyourguide.com/es-es/rio-de-janeiro-l9/tour-turistico-del-cristo-redentor-y-rio-de-janeiro-t83265/
Brasil;rio-de-janeiro-l9;308768;Rio Visita Al Jardin Botanico La Selva De Tijuca Y El Parque Lage;https://www.getyourguide.com/es-es/rio-de-janeiro-l9/rio-visita-al-jardin-botanico-la-selva-de-tijuca-y-el-parque-lage-t308768/
Brasil;rio-de-janeiro-l9;1079026;Rio De Janeiro Visita Guiada Al Museo De Arte Moderno Y Traslado;https://www.getyourguide.com/es-es/rio-de-janeiro-l9/rio-de-janeiro-visita-guiada-al-museo-de-arte-moderno-y-traslado-t1079026/
Brasil;rio-de-janeiro-l9;1097157;Rio De Janeiro Tour De Vida Nocturna Lgbt Con Traslados;https://www.getyourguide.com/es-es/rio-de-janeiro-l9/rio-de-janeiro-tour-de-vida-nocturna-lgbt-con-traslados-t1097157/
Brasil;sao-paulo-l384;928412;Sao Paulo Tour A Pie Privado Por El Centro Historico Judio;https://www.getyourguide.com/es-es/sao-paulo-l384/sao-paulo-tour-a-pie-privado-por-el-centro-historico-judio-t928412/
Brasil;paraty-l1845;971672;Paraty Caminata En La Cascada De Saco Bravo;https://www.getyourguide.com/es-es/paraty-l1845/paraty-caminata-en-la-cascada-de-saco-bravo-t971672/
Brasil;rio-de-janeiro-l9;1005001;Desfile Del Carnaval De Rio Experiencia Con Disfraz Y Traslado Incluidos;https://www.getyourguide.com/es-es/rio-de-janeiro-l9/desfile-del-carnaval-de-rio-experiencia-con-disfraz-y-traslado-incluidos-t1005001/
Brasil;penedo-brasil-l246877;1069736;Paseo A Caballo En Penedo Con Aguas Cristalinas;https://www.getyourguide.com/es-es/penedo-brasil-l246877/paseo-a-caballo-en-penedo-con-aguas-cristalinas-t1069736/
Brasil;rio-de-janeiro-l9;1215266;Clase De Barbacoa De Marisco En Copacabana;https://www.getyourguide.com/es-es/rio-de-janeiro-l9/clase-de-barbacoa-de-marisco-en-copacabana-t1215266/
Brasil;sao-paulo-l384;543016;Tour A Pie Por Sao Paulo;https://www.getyourguide.com/es-es/sao-paulo-l384/tour-a-pie-por-sao-paulo-t543016/
Brasil;rio-de-janeiro-l9;1234256;Rio De Janeiro Visita Guiada Por El Mercado De Feira Da Gloria Con Un Chef;https://www.getyourguide.com/es-es/rio-de-janeiro-l9/rio-de-janeiro-visita-guiada-por-el-mercado-de-feira-da-gloria-con-un-chef-t1234256/
Brasil;florianopolis-l246;1155033;Florianopolis Encuentro Privado Con Delfines Y Tour Por El Faro;https://www.getyourguide.com/es-es/florianopolis-l246/florianopolis-encuentro-privado-con-delfines-y-tour-por-el-faro-t1155033/
Brasil;rio-de-janeiro-l9;1203697;Paseo Artistico Por Una Favela De Ipanema Conoce A Artistas Y Compra Arte Local;https://www.getyourguide.com/es-es/rio-de-janeiro-l9/paseo-artistico-por-una-favela-de-ipanema-conoce-a-artistas-y-compra-arte-local-t1203697/
Brasil;rio-de-janeiro-l9;710397;Rio De Janeiro Recorrido A Pie Con Guia Por Los Lugares De Visita Obligada;https://www.getyourguide.com/es-es/rio-de-janeiro-l9/rio-de-janeiro-recorrido-a-pie-con-guia-por-los-lugares-de-visita-obligada-t710397/
Brasil;rio-de-janeiro-l9;736007;Rio De Janeiro Tour Gastronomico Privado Por Los Bares Locales De Copacabana;https://www.getyourguide.com/es-es/rio-de-janeiro-l9/rio-de-janeiro-tour-gastronomico-privado-por-los-bares-locales-de-copacabana-t736007/
Brasil;maceio-l2064;27058;Desde Maceio Tour De 1 Dia De Playa De Gunga Y Goleta;https://www.getyourguide.com/es-es/maceio-l2064/desde-maceio-tour-de-1-dia-de-playa-de-gunga-y-goleta-t27058/
Brasil;foz-de-iguazu-l497;1238980;Foz Do Iguacu Tour Guiado De La Ciudad Con Traslado;https://www.getyourguide.com/es-es/foz-de-iguazu-l497/foz-do-iguacu-tour-guiado-de-la-ciudad-con-traslado-t1238980/
Brasil;foz-de-iguazu-l497;1259561;Iguassu Secret Falls Cascadas Exclusivas En Un Dia De Conexion Total;https://www.getyourguide.com/es-es/foz-de-iguazu-l497/iguassu-secret-falls-cascadas-exclusivas-en-un-dia-de-conexion-total-t1259561/
Brasil;rio-de-janeiro-l9;796954;Rio De Janeiro Espectaculo De Samba Entrada Y Traslado;https://www.getyourguide.com/es-es/rio-de-janeiro-l9/rio-de-janeiro-espectaculo-de-samba-entrada-y-traslado-t796954/
Brasil;sao-paulo-l384;389809;Sao Paulo Traslado Privado Aeropuerto Guarulhos Gru;https://www.getyourguide.com/es-es/sao-paulo-l384/sao-paulo-traslado-privado-aeropuerto-guarulhos-gru-t389809/
Brasil;foz-de-iguazu-l497;877920;Cataratas Brasilenas Y Paseo En Barco Con Entradas Incluidas;https://www.getyourguide.com/es-es/foz-de-iguazu-l497/cataratas-brasilenas-y-paseo-en-barco-con-entradas-incluidas-t877920/
Brasil;maceio-l2064;26900;Tour De La Ciudad De Maceio;https://www.getyourguide.com/es-es/maceio-l2064/tour-de-la-ciudad-de-maceio-t26900/
Brasil;rio-de-janeiro-l9;52663;Recorrido A Pie Por Las Artes Urbanas De Rio;https://www.getyourguide.com/es-es/rio-de-janeiro-l9/recorrido-a-pie-por-las-artes-urbanas-de-rio-t52663/
Brasil;rio-de-janeiro-l9;54751;Excursion De 1 Dia A Buzios Desde Rio De Janeiro;https://www.getyourguide.com/es-es/rio-de-janeiro-l9/excursion-de-1-dia-a-buzios-desde-rio-de-janeiro-t54751/
Brasil;botucatu-l155076;914814;Paseo Historico Por El Sendero De Peabiru Cultura Y Naturaleza En Botucatu;https://www.getyourguide.com/es-es/botucatu-l155076/paseo-historico-por-el-sendero-de-peabiru-cultura-y-naturaleza-en-botucatu-t914814/
Brasil;rio-de-janeiro-l9;409819;Rio De Janeiro Cristo Redentor Santa Teresa Y Pan De Azucar;https://www.getyourguide.com/es-es/rio-de-janeiro-l9/rio-de-janeiro-cristo-redentor-santa-teresa-y-pan-de-azucar-t409819/
Brasil;sao-paulo-l384;419878;Sao Paulo Visita Guiada De Un Dia A La Granja De Flores Coloridas Holambra;https://www.getyourguide.com/es-es/sao-paulo-l384/sao-paulo-visita-guiada-de-un-dia-a-la-granja-de-flores-coloridas-holambra-t419878/
Brasil;rio-de-janeiro-l9;633685;Rio De Janeiro Paseo Y Tour Gastronomico Por Barra Da Tijuca Con Bebidas;https://www.getyourguide.com/es-es/rio-de-janeiro-l9/rio-de-janeiro-paseo-y-tour-gastronomico-por-barra-da-tijuca-con-bebidas-t633685/
Brasil;barreirinhas-l105727;475603;Experiencia Al Atardecer En La Laguna Bonita;https://www.getyourguide.com/es-es/barreirinhas-l105727/experiencia-al-atardecer-en-la-laguna-bonita-t475603/
Brasil;rio-de-janeiro-l9;1171770;Rio De Janeiro Ticket Para El Teleferico Del Pan De Azucar;https://www.getyourguide.com/es-es/rio-de-janeiro-l9/rio-de-janeiro-ticket-para-el-teleferico-del-pan-de-azucar-t1171770/
Brasil;foz-de-iguazu-l497;599528;Desde Foz Do Iguacu Madero Tango Con Cena;https://www.getyourguide.com/es-es/foz-de-iguazu-l497/desde-foz-do-iguacu-madero-tango-con-cena-t599528/
Brasil;canela-l117155;822592;Canela Tour De La Ciudad En Privado Descubre La Magia De Canela;https://www.getyourguide.com/es-es/canela-l117155/canela-tour-de-la-ciudad-en-privado-descubre-la-magia-de-canela-t822592/
Brasil;sao-paulo-l384;832122;Sao Paulo 20 Horas Arte Urbano De Pinheiros Y Experiencia Con Aerosoles;https://www.getyourguide.com/es-es/sao-paulo-l384/sao-paulo-20-horas-arte-urbano-de-pinheiros-y-experiencia-con-aerosoles-t832122/
Brasil;canela-l117155;868311;Tour En Autobus De Los Suenos De Navidad De Gramado Y Canela;https://www.getyourguide.com/es-es/canela-l117155/tour-en-autobus-de-los-suenos-de-navidad-de-gramado-y-canela-t868311/
Brasil;rio-de-janeiro-l9;889000;Senderismo Dois Irmaos Experiencia En La Favela De Vidigal;https://www.getyourguide.com/es-es/rio-de-janeiro-l9/senderismo-dois-irmaos-experiencia-en-la-favela-de-vidigal-t889000/
Brasil;rio-de-janeiro-l9;892849;Aventuras En Rio De Janeiro Cristo Reedemer Dia Completo;https://www.getyourguide.com/es-es/rio-de-janeiro-l9/aventuras-en-rio-de-janeiro-cristo-reedemer-dia-completo-t892849/
Brasil;rio-de-janeiro-l9;1027685;Paseo Romantico En Velero Por Rio De Janeiro;https://www.getyourguide.com/es-es/rio-de-janeiro-l9/paseo-romantico-en-velero-por-rio-de-janeiro-t1027685/
Brasil;rio-de-janeiro-l9;845833;Rio De Janeiro Skip The Line Tour Privado Del Cristo Redentor;https://www.getyourguide.com/es-es/rio-de-janeiro-l9/rio-de-janeiro-skip-the-line-tour-privado-del-cristo-redentor-t845833/
Brasil;natal-l2112;27451;Recorrido Por La Ciudad Y El Litoral Sur De Natal;https://www.getyourguide.com/es-es/natal-l2112/recorrido-por-la-ciudad-y-el-litoral-sur-de-natal-t27451/
Brasil;maceio-l2064;1097398;Maceio Excursion De 1 Dia A La Playa De Ipioca Con Recogida En El Hotel;https://www.getyourguide.com/es-es/maceio-l2064/maceio-excursion-de-1-dia-a-la-playa-de-ipioca-con-recogida-en-el-hotel-t1097398/
Brasil;rio-de-janeiro-l9;1072555;Experiencia En La Cancha Fifa Street Recorrido Por La Favela Tavares Bastos;https://www.getyourguide.com/es-es/rio-de-janeiro-l9/experiencia-en-la-cancha-fifa-street-recorrido-por-la-favela-tavares-bastos-t1072555/
Brasil;rio-de-janeiro-l9;1261773;Rio Parapente En Tandem Con El Campeon Local Andre Do Ponte;https://www.getyourguide.com/es-es/rio-de-janeiro-l9/rio-parapente-en-tandem-con-el-campeon-local-andre-do-ponte-t1261773/
Brasil;fortaleza-l1863;682772;Fortaleza Excursion A Morro Branco Y Playa De Fontes;https://www.getyourguide.com/es-es/fortaleza-l1863/fortaleza-excursion-a-morro-branco-y-playa-de-fontes-t682772/
Brasil;rio-de-janeiro-l9;1262777;Rio Experiencia De Paddle Surf Al Amanecer En Las Islas Tijucas;https://www.getyourguide.com/es-es/rio-de-janeiro-l9/rio-experiencia-de-paddle-surf-al-amanecer-en-las-islas-tijucas-t1262777/
Brasil;paraty-l1845;852315;City Tour En Paraty Iglesias Y Centro Historico Privado;https://www.getyourguide.com/es-es/paraty-l1845/city-tour-en-paraty-iglesias-y-centro-historico-privado-t852315/
Brasil;recife-l1836;70305;Tour De La Ciudad De Olinda Con El Instituto Ricardo Brennand;https://www.getyourguide.com/es-es/recife-l1836/tour-de-la-ciudad-de-olinda-con-el-instituto-ricardo-brennand-t70305/
Brasil;salvador-brasil-l1430;921877;Salvador Noche Cultural De Capoeira Samba Y Tambores;https://www.getyourguide.com/es-es/salvador-brasil-l1430/salvador-noche-cultural-de-capoeira-samba-y-tambores-t921877/
Brasil;florianopolis-l246;520387;Visita A Florianopolis;https://www.getyourguide.com/es-es/florianopolis-l246/visita-a-florianopolis-t520387/
Brasil;rio-de-janeiro-l9;388302;Rio Excursion Expres De 5 Horas Al Cristo Redentor Y Al Pan De Azucar;https://www.getyourguide.com/es-es/rio-de-janeiro-l9/rio-excursion-expres-de-5-horas-al-cristo-redentor-y-al-pan-de-azucar-t388302/
Brasil;rio-de-janeiro-l9;412014;Rio De Janeiro Excursion De Un Dia A Niteroi;https://www.getyourguide.com/es-es/rio-de-janeiro-l9/rio-de-janeiro-excursion-de-un-dia-a-niteroi-t412014/
Brasil;sao-paulo-l384;412562;Sao Paulo Recorrido Urbano Guiado En Bicicleta;https://www.getyourguide.com/es-es/sao-paulo-l384/sao-paulo-recorrido-urbano-guiado-en-bicicleta-t412562/
Brasil;sao-paulo-l384;1033754;Pub Crawl De Reyvi Chupitos Y Juegos En Sao Paulo;https://www.getyourguide.com/es-es/sao-paulo-l384/pub-crawl-de-reyvi-chupitos-y-juegos-en-sao-paulo-t1033754/
Brasil;canoa-quebrada-l253023;1122812;Canoa Quebrada Vuelo En Parapente Biplaza;https://www.getyourguide.com/es-es/canoa-quebrada-l253023/canoa-quebrada-vuelo-en-parapente-biplaza-t1122812/
Brasil;rio-de-janeiro-l9;1122977;Rio Pub Crawl En Las Mejores Vistas De Copacabana Discotecas Baile;https://www.getyourguide.com/es-es/rio-de-janeiro-l9/rio-pub-crawl-en-las-mejores-vistas-de-copacabana-discotecas-baile-t1122977/
Brasil;rio-de-janeiro-l9;1124730;Rio Tour Gastronomico Por Copacabana Con 7 Degustaciones Y Un Plato Secreto;https://www.getyourguide.com/es-es/rio-de-janeiro-l9/rio-tour-gastronomico-por-copacabana-con-7-degustaciones-y-un-plato-secreto-t1124730/
Brasil;recife-l1836;643757;Traslado Privado De Recife A La Playa De Serrambi;https://www.getyourguide.com/es-es/recife-l1836/traslado-privado-de-recife-a-la-playa-de-serrambi-t643757/
Brasil;rio-de-janeiro-l9;832986;Rio De Janeiro Playa De Joatinga E Isla De Gigoia;https://www.getyourguide.com/es-es/rio-de-janeiro-l9/rio-de-janeiro-playa-de-joatinga-e-isla-de-gigoia-t832986/
Brasil;paraty-l1845;1211810;Paraty Senderismo Por El Pico Do Pao De Acucar En Saco Do Mamangua;https://www.getyourguide.com/es-es/paraty-l1845/paraty-senderismo-por-el-pico-do-pao-de-acucar-en-saco-do-mamangua-t1211810/
Brasil;petropolis-l1831;713761;Excursion Petropolis Con Salida A Rio De Janeiro;https://www.getyourguide.com/es-es/petropolis-l1831/excursion-petropolis-con-salida-a-rio-de-janeiro-t713761/
Brasil;foz-de-iguazu-l497;779684;Foz Do Iguacu Experiencia De Paracaidismo Con Fotos Y Videos;https://www.getyourguide.com/es-es/foz-de-iguazu-l497/foz-do-iguacu-experiencia-de-paracaidismo-con-fotos-y-videos-t779684/
Brasil;atins-l158343;1041974;Tour A Atins Con Parada En El Pueblo Y Visitas A Las Lagunas;https://www.getyourguide.com/es-es/atins-l158343/tour-a-atins-con-parada-en-el-pueblo-y-visitas-a-las-lagunas-t1041974/
Brasil;paraty-l1845;887418;Paseo En Barco Las Mejores Playas E Islas Deslumbrantes De Paraty;https://www.getyourguide.com/es-es/paraty-l1845/paseo-en-barco-las-mejores-playas-e-islas-deslumbrantes-de-paraty-t887418/
Brasil;jequia-da-praia-l143083;960262;Dunas De Marape Un Encuentro Con La Naturaleza;https://www.getyourguide.com/es-es/jequia-da-praia-l143083/dunas-de-marape-un-encuentro-con-la-naturaleza-t960262/
Brasil;rio-de-janeiro-l9;983161;Clase De Pandeiro En El Centro De Rio De Janeiro;https://www.getyourguide.com/es-es/rio-de-janeiro-l9/clase-de-pandeiro-en-el-centro-de-rio-de-janeiro-t983161/
Brasil;paraty-l1845;1008355;Paraty Tour A Pie Artes Y Movimientos Artisticos En La Ciudad Colonial;https://www.getyourguide.com/es-es/paraty-l1845/paraty-tour-a-pie-artes-y-movimientos-artisticos-en-la-ciudad-colonial-t1008355/
Brasil;fortaleza-l1863;228664;Desde Fortaleza Canoa Quebrada Y Playa De Juego De Tronos;https://www.getyourguide.com/es-es/fortaleza-l1863/desde-fortaleza-canoa-quebrada-y-playa-de-juego-de-tronos-t228664/
Brasil;rio-de-janeiro-l9;385553;Rio Santos Dumont Sdu Traslado De Ida Y Vuelta A Los Hoteles;https://www.getyourguide.com/es-es/rio-de-janeiro-l9/rio-santos-dumont-sdu-traslado-de-ida-y-vuelta-a-los-hoteles-t385553/
Brasil;parati-mirim-l214877;1190814;Paraty 3 Dias De Kayak Y Ruta De Senderismo Expedicion A Mamangua;https://www.getyourguide.com/es-es/parati-mirim-l214877/paraty-3-dias-de-kayak-y-ruta-de-senderismo-expedicion-a-mamangua-t1190814/
Brasil;buzios-l1832;385555;Armacao Dos Buzios Paseo En Barco Goleta De 3 Paradas;https://www.getyourguide.com/es-es/buzios-l1832/armacao-dos-buzios-paseo-en-barco-goleta-de-3-paradas-t385555/
Brasil;sao-paulo-l384;392600;Sao Paulo Caminata Por La Mata Atlantica En El Parque De Jaragua Con Picnic;https://www.getyourguide.com/es-es/sao-paulo-l384/sao-paulo-caminata-por-la-mata-atlantica-en-el-parque-de-jaragua-con-picnic-t392600/
Brasil;canela-l117155;1086368;Gramado Ticket De Entrada Al Parque Do Caracol;https://www.getyourguide.com/es-es/canela-l117155/gramado-ticket-de-entrada-al-parque-do-caracol-t1086368/
Brasil;maceio-l2064;1094055;Excursion A La Playa Frances Barra De Sao Miguel Y Gunga;https://www.getyourguide.com/es-es/maceio-l2064/excursion-a-la-playa-frances-barra-de-sao-miguel-y-gunga-t1094055/
Brasil;caucaia-l208637;1261572;Excursion A La Playa De Cumbuco Con Club De Playa;https://www.getyourguide.com/es-es/caucaia-l208637/excursion-a-la-playa-de-cumbuco-con-club-de-playa-t1261572/
Brasil;balneario-camboriu-l32252;1267419;Balneario Camboriu Tour Gastronomico De Comida Callejera Brasilena;https://www.getyourguide.com/es-es/balneario-camboriu-l32252/balneario-camboriu-tour-gastronomico-de-comida-callejera-brasilena-t1267419/
Brasil;foz-de-iguazu-l497;1286813;Foz De Iguazu Tour De Compras Por Ciudad Del Este Con Guia;https://www.getyourguide.com/es-es/foz-de-iguazu-l497/foz-de-iguazu-tour-de-compras-por-ciudad-del-este-con-guia-t1286813/
Brasil;rio-de-janeiro-l9;496648;Rio Excursion En Jeep Al Jardin Botanico Y Al Bosque De Tijuca Con Ticket De Entrada;https://www.getyourguide.com/es-es/rio-de-janeiro-l9/rio-excursion-en-jeep-al-jardin-botanico-y-al-bosque-de-tijuca-con-ticket-de-entrada-t496648/
Brasil;rio-de-janeiro-l9;529254;Visita A Rio De Janeiro;https://www.getyourguide.com/es-es/rio-de-janeiro-l9/visita-a-rio-de-janeiro-t529254/
Brasil;rio-de-janeiro-l9;1313587;Rio De Janeiro Amanecer Ruta De Senderismo Y Favela Con Videos De Dron;https://www.getyourguide.com/es-es/rio-de-janeiro-l9/rio-de-janeiro-amanecer-ruta-de-senderismo-y-favela-con-videos-de-dron-t1313587/
Brasil;rio-de-janeiro-l9;1211912;Circuito De Cascadas En Rio De Janeiro;https://www.getyourguide.com/es-es/rio-de-janeiro-l9/circuito-de-cascadas-en-rio-de-janeiro-t1211912/
Brasil;salvador-brasil-l1430;56223;Salvador Tour De La Ciudad Del Patrimonio Africano;https://www.getyourguide.com/es-es/salvador-brasil-l1430/salvador-tour-de-la-ciudad-del-patrimonio-africano-t56223/
Brasil;rio-de-janeiro-l9;642837;Rio De Janeiro Pedra Da Gavea Caminata Guiada Con Las Mejores Vistas;https://www.getyourguide.com/es-es/rio-de-janeiro-l9/rio-de-janeiro-pedra-da-gavea-caminata-guiada-con-las-mejores-vistas-t642837/
Brasil;rio-de-janeiro-l9;197428;Rio De Janeiro Tour De Medio Dia Por Lo Mas Destacado De La Ciudad;https://www.getyourguide.com/es-es/rio-de-janeiro-l9/rio-de-janeiro-tour-de-medio-dia-por-lo-mas-destacado-de-la-ciudad-t197428/
Brasil;florianopolis-l246;653109;Traslado Privado De Florianopolis A Bombinhas;https://www.getyourguide.com/es-es/florianopolis-l246/traslado-privado-de-florianopolis-a-bombinhas-t653109/
Brasil;foz-de-iguazu-l497;211593;Paseo En Helicoptero Por Las Cataratas Del Iguazu Ticket De Entrada;https://www.getyourguide.com/es-es/foz-de-iguazu-l497/paseo-en-helicoptero-por-las-cataratas-del-iguazu-ticket-de-entrada-t211593/
Brasil;rio-de-janeiro-l9;1293120;Rio De Janeiro Pedra Bonita Tour En Barco Por Las Islas Y Almuerzo;https://www.getyourguide.com/es-es/rio-de-janeiro-l9/rio-de-janeiro-pedra-bonita-tour-en-barco-por-las-islas-y-almuerzo-t1293120/
Brasil;sao-paulo-l384;355440;Sao Paulo Experiencia Del Desfile De Samba Del Carnaval;https://www.getyourguide.com/es-es/sao-paulo-l384/sao-paulo-experiencia-del-desfile-de-samba-del-carnaval-t355440/
Brasil;florianopolis-l246;762158;Florianopolis Paseo A Caballo Por Paisajes Unicos;https://www.getyourguide.com/es-es/florianopolis-l246/florianopolis-paseo-a-caballo-por-paisajes-unicos-t762158/
Brasil;maceio-l2064;27133;Traslados Compartidos Desde El Aeropuerto De Maceio A Hoteles De Maceio;https://www.getyourguide.com/es-es/maceio-l2064/traslados-compartidos-desde-el-aeropuerto-de-maceio-a-hoteles-de-maceio-t27133/
Brasil;fortaleza-l1863;468126;Visita A La Ciudad De Fortaleza;https://www.getyourguide.com/es-es/fortaleza-l1863/visita-a-la-ciudad-de-fortaleza-t468126/
Brasil;manaos-l917;895632;Manaus Un Dia De Pesca En El Rio Negro;https://www.getyourguide.com/es-es/manaos-l917/manaus-un-dia-de-pesca-en-el-rio-negro-t895632/
Brasil;rio-de-janeiro-l9;642746;Rio De Janeiro Dos Hermanos Hike En Vidigal Amanecer O Dia;https://www.getyourguide.com/es-es/rio-de-janeiro-l9/rio-de-janeiro-dos-hermanos-hike-en-vidigal-amanecer-o-dia-t642746/
Brasil;rio-de-janeiro-l9;1074982;Rio De Janeiro Tour De Dia Completo De Arquitectura Moderna Y Traslado;https://www.getyourguide.com/es-es/rio-de-janeiro-l9/rio-de-janeiro-tour-de-dia-completo-de-arquitectura-moderna-y-traslado-t1074982/
Brasil;florianopolis-l246;723099;Traslado Privado Dentro De La Isla De Florianopolis;https://www.getyourguide.com/es-es/florianopolis-l246/traslado-privado-dentro-de-la-isla-de-florianopolis-t723099/
Brasil;porto-de-galinhas-l32612;1086443;Porto De Galinhas Paseo En Buggy De Punta A Punta Con Una Duracion De 6 Horas;https://www.getyourguide.com/es-es/porto-de-galinhas-l32612/porto-de-galinhas-paseo-en-buggy-de-punta-a-punta-con-una-duracion-de-6-horas-t1086443/
Brasil;rio-de-janeiro-l9;730379;Rio De Janeiro Cata De Vinos Brasilenos;https://www.getyourguide.com/es-es/rio-de-janeiro-l9/rio-de-janeiro-cata-de-vinos-brasilenos-t730379/
Brasil;parnaiba-l194334;1101379;Parnaiba Tour Por La Costa De Piaui Con Recogida En El Hotel;https://www.getyourguide.com/es-es/parnaiba-l194334/parnaiba-tour-por-la-costa-de-piaui-con-recogida-en-el-hotel-t1101379/
Brasil;rio-de-janeiro-l9;1102406;Tour Por Petropolis La Ciudad Imperial;https://www.getyourguide.com/es-es/rio-de-janeiro-l9/tour-por-petropolis-la-ciudad-imperial-t1102406/
Brasil;paraty-l1845;753167;Excursion En Jeep Por La Jungla De La Cascada Y La Destileria De Cachaca;https://www.getyourguide.com/es-es/paraty-l1845/excursion-en-jeep-por-la-jungla-de-la-cascada-y-la-destileria-de-cachaca-t753167/
Brasil;itacare-l143043;1202233;Itacare Y Marau Tour Agroforestal De Cacao Con Degustacion;https://www.getyourguide.com/es-es/itacare-l143043/itacare-y-marau-tour-agroforestal-de-cacao-con-degustacion-t1202233/
Brasil;rio-de-janeiro-l9;894754;Skyline Night Tour Rio De Janeiro City Tour Panoramico Rio Samba Bus;https://www.getyourguide.com/es-es/rio-de-janeiro-l9/skyline-night-tour-rio-de-janeiro-city-tour-panoramico-rio-samba-bus-t894754/
Brasil;rio-de-janeiro-l9;976032;Rio De Janeiro Crucero Privado En Catamaran Con Barbacoa Y Barra Libre;https://www.getyourguide.com/es-es/rio-de-janeiro-l9/rio-de-janeiro-crucero-privado-en-catamaran-con-barbacoa-y-barra-libre-t976032/
Brasil;porto-alegre-l32362;1271508;Tour Del Futbol Visite Los Estadios De La Dupla Grenal En Porto Alegre;https://www.getyourguide.com/es-es/porto-alegre-l32362/tour-del-futbol-visite-los-estadios-de-la-dupla-grenal-en-porto-alegre-t1271508/
Brasil;angra-dos-reis-l88183;878196;Excursion Completa Con Salida De Angra Y Almuerzo;https://www.getyourguide.com/es-es/angra-dos-reis-l88183/excursion-completa-con-salida-de-angra-y-almuerzo-t878196/
Brasil;rio-de-janeiro-l9;1074890;Rio De Janeiro Tour En Barco Por La Laguna De Tijuca Con Fauna Silvestre;https://www.getyourguide.com/es-es/rio-de-janeiro-l9/rio-de-janeiro-tour-en-barco-por-la-laguna-de-tijuca-con-fauna-silvestre-t1074890/
Brasil;curitiba-l1849;1094998;Vila Velha Colonia Witmarsum Lavandario Dia Completoexcursion Encantadora;https://www.getyourguide.com/es-es/curitiba-l1849/vila-velha-colonia-witmarsum-lavandario-dia-completoexcursion-encantadora-t1094998/
Brasil;rio-de-janeiro-l9;1137712;Rio De Janeiro Tour A Pie Por El Centro Historico Con Almuerzo;https://www.getyourguide.com/es-es/rio-de-janeiro-l9/rio-de-janeiro-tour-a-pie-por-el-centro-historico-con-almuerzo-t1137712/
Brasil;rio-de-janeiro-l9;271782;Rio De Janeiro Eco City Tour;https://www.getyourguide.com/es-es/rio-de-janeiro-l9/rio-de-janeiro-eco-city-tour-t271782/
Brasil;rio-de-janeiro-l9;344646;Rio De Janeiro Rutas Guiadas En Bicicleta En Grupos Reducidos;https://www.getyourguide.com/es-es/rio-de-janeiro-l9/rio-de-janeiro-rutas-guiadas-en-bicicleta-en-grupos-reducidos-t344646/
Brasil;barreirinhas-l105727;1060808;Lencois Maranhenses Paseo Nautico Estrelado Con Celebracion Ancestral;https://www.getyourguide.com/es-es/barreirinhas-l105727/lencois-maranhenses-paseo-nautico-estrelado-con-celebracion-ancestral-t1060808/
Brasil;rio-de-janeiro-l9;400180;Rio De Janeiro Tour Guiado Por La Ciudad Dia Completo;https://www.getyourguide.com/es-es/rio-de-janeiro-l9/rio-de-janeiro-tour-guiado-por-la-ciudad-dia-completo-t400180/
Brasil;angra-dos-reis-l88183;417755;Desde Angra Dos Reis Traslado Compartido A Rio De Janeiro;https://www.getyourguide.com/es-es/angra-dos-reis-l88183/desde-angra-dos-reis-traslado-compartido-a-rio-de-janeiro-t417755/
Brasil;gramado-l32317;1193771;Bento Goncalves La Sierra Escrita En Cantinas Y Vinedos;https://www.getyourguide.com/es-es/gramado-l32317/bento-goncalves-la-sierra-escrita-en-cantinas-y-vinedos-t1193771/
Brasil;maceio-l2064;1096658;Maceio Tour Por La Playa De Ipioca Con Sol Mar Y Relax;https://www.getyourguide.com/es-es/maceio-l2064/maceio-tour-por-la-playa-de-ipioca-con-sol-mar-y-relax-t1096658/
Brasil;rio-de-janeiro-l9;425124;Desde Rio De Janeirotraslado Privado A Ilha Grande Abraao;https://www.getyourguide.com/es-es/rio-de-janeiro-l9/desde-rio-de-janeirotraslado-privado-a-ilha-grande-abraao-t425124/
Brasil;rio-de-janeiro-l9;581301;Partido Vasco Da Gama En El Estadio Sao Januario;https://www.getyourguide.com/es-es/rio-de-janeiro-l9/partido-vasco-da-gama-en-el-estadio-sao-januario-t581301/
Brasil;rio-de-janeiro-l9;1236210;Rio De Janeiro Vuelo Doble En Parapente En El Parque Da Cidade De Niteroi;https://www.getyourguide.com/es-es/rio-de-janeiro-l9/rio-de-janeiro-vuelo-doble-en-parapente-en-el-parque-da-cidade-de-niteroi-t1236210/
Brasil;rio-de-janeiro-l9;25758;Tour De Medio Dia De Senderismo Por El Parque De Tijuca En Rio;https://www.getyourguide.com/es-es/rio-de-janeiro-l9/tour-de-medio-dia-de-senderismo-por-el-parque-de-tijuca-en-rio-t25758/
Brasil;rio-de-janeiro-l9;628129;Rio De Janeiro Clase De Cocina Brasilena;https://www.getyourguide.com/es-es/rio-de-janeiro-l9/rio-de-janeiro-clase-de-cocina-brasilena-t628129/
Brasil;manaos-l917;267892;Desde La Terminal De Cruceros De Manaos Lo Mas Destacado De La Selva Amazonica;https://www.getyourguide.com/es-es/manaos-l917/desde-la-terminal-de-cruceros-de-manaos-lo-mas-destacado-de-la-selva-amazonica-t267892/
Brasil;manaos-l917;20175;Tour De Dia Completo Por El Rio Amazonas Desde Manaos;https://www.getyourguide.com/es-es/manaos-l917/tour-de-dia-completo-por-el-rio-amazonas-desde-manaos-t20175/
Brasil;rio-de-janeiro-l9;54577;Rio De Janeiro Ticket De Entrada Y Visita Al Jardin Botanico;https://www.getyourguide.com/es-es/rio-de-janeiro-l9/rio-de-janeiro-ticket-de-entrada-y-visita-al-jardin-botanico-t54577/
Brasil;rio-de-janeiro-l9;82053;Arraial Do Cabo Cabo Frio Desde Buzios;https://www.getyourguide.com/es-es/rio-de-janeiro-l9/arraial-do-cabo-cabo-frio-desde-buzios-t82053/
Brasil;buzios-l1832;847110;Sendero Emerencias Jose Goncalves Impresionante Panorama De Buzios;https://www.getyourguide.com/es-es/buzios-l1832/sendero-emerencias-jose-goncalves-impresionante-panorama-de-buzios-t847110/
Brasil;sao-paulo-l384;162063;Sao Paulo Campos Do Jordao Tour Guiado;https://www.getyourguide.com/es-es/sao-paulo-l384/sao-paulo-campos-do-jordao-tour-guiado-t162063/
Brasil;rio-de-janeiro-l9;931338;Rio Ruta Garganta Do Ceu Y Cascada;https://www.getyourguide.com/es-es/rio-de-janeiro-l9/rio-ruta-garganta-do-ceu-y-cascada-t931338/
Brasil;rio-de-janeiro-l9;975335;Rio De Janeiro Tour Guiado En La Pedra Da Gavea;https://www.getyourguide.com/es-es/rio-de-janeiro-l9/rio-de-janeiro-tour-guiado-en-la-pedra-da-gavea-t975335/
Brasil;sao-paulo-l384;495153;Partido De Futbol En Sao Paulo Ticket De Entrada Transporte Y Guia;https://www.getyourguide.com/es-es/sao-paulo-l384/partido-de-futbol-en-sao-paulo-ticket-de-entrada-transporte-y-guia-t495153/
Brasil;paraty-l1845;1038902;Aventura En Jeep Por Paraty Ruta Ecologica Destileria Y Bano En El Rio;https://www.getyourguide.com/es-es/paraty-l1845/aventura-en-jeep-por-paraty-ruta-ecologica-destileria-y-bano-en-el-rio-t1038902/
Brasil;brasilia-l144326;1069524;Recorrido En Bicicleta Por El Barrio Unit E Igrejinha;https://www.getyourguide.com/es-es/brasilia-l144326/recorrido-en-bicicleta-por-el-barrio-unit-e-igrejinha-t1069524/
Brasil;rio-de-janeiro-l9;729569;Rio Sesion De Fotos En Mirante Dona Marta;https://www.getyourguide.com/es-es/rio-de-janeiro-l9/rio-sesion-de-fotos-en-mirante-dona-marta-t729569/
Brasil;rio-de-janeiro-l9;692128;Tour A Pie Gratuito Por El Centro Historico De Rio Y Lapa;https://www.getyourguide.com/es-es/rio-de-janeiro-l9/tour-a-pie-gratuito-por-el-centro-historico-de-rio-y-lapa-t692128/
Brasil;rio-de-janeiro-l9;920091;Rio De Janeiro Tour Guiado Para Ver Un Partido De Futbol En Estadios Historicos;https://www.getyourguide.com/es-es/rio-de-janeiro-l9/rio-de-janeiro-tour-guiado-para-ver-un-partido-de-futbol-en-estadios-historicos-t920091/
Brasil;paraty-l1845;777967;Paraty Tour En Barco Privado Con Snorkel Opcional;https://www.getyourguide.com/es-es/paraty-l1845/paraty-tour-en-barco-privado-con-snorkel-opcional-t777967/
Brasil;villa-do-abraao-l176580;818736;Ilha Grande A Rio De Janeiro Traslado De Ida Con Ticket De Entrada En Barco;https://www.getyourguide.com/es-es/villa-do-abraao-l176580/ilha-grande-a-rio-de-janeiro-traslado-de-ida-con-ticket-de-entrada-en-barco-t818736/
Brasil;rio-de-janeiro-l9;852650;Descubre Rio Vidigal A Morro Dois Irmaos Ipanema Y Mas;https://www.getyourguide.com/es-es/rio-de-janeiro-l9/descubre-rio-vidigal-a-morro-dois-irmaos-ipanema-y-mas-t852650/
Brasil;barreirinhas-l105727;1042788;Descubre Vassouras Y Cabure En El Tour Por El Rio Preguicas;https://www.getyourguide.com/es-es/barreirinhas-l105727/descubre-vassouras-y-cabure-en-el-tour-por-el-rio-preguicas-t1042788/
Brasil;rio-de-janeiro-l9;1317542;Experiencia Cultural En Rocinha Con Guia Local;https://www.getyourguide.com/es-es/rio-de-janeiro-l9/experiencia-cultural-en-rocinha-con-guia-local-t1317542/
Brasil;rio-de-janeiro-l9;880129;Fotografias Con Estilo En Rio De Janeiro Lapa;https://www.getyourguide.com/es-es/rio-de-janeiro-l9/fotografias-con-estilo-en-rio-de-janeiro-lapa-t880129/
Brasil;porto-de-galinhas-l32612;1083360;Praia Dos Carneiros En Lancha Day Use En El Lup Beach Club Traslado;https://www.getyourguide.com/es-es/porto-de-galinhas-l32612/praia-dos-carneiros-en-lancha-day-use-en-el-lup-beach-club-traslado-t1083360/
Brasil;foz-de-iguazu-l497;319258;Paseo En Helicoptero Sobre Las Cataratas Del Iguazu Con Traslado;https://www.getyourguide.com/es-es/foz-de-iguazu-l497/paseo-en-helicoptero-sobre-las-cataratas-del-iguazu-con-traslado-t319258/
Brasil;rio-de-janeiro-l9;1093934;Un Dia En Rio Completamente Autentico;https://www.getyourguide.com/es-es/rio-de-janeiro-l9/un-dia-en-rio-completamente-autentico-t1093934/
Brasil;foz-de-iguazu-l497;472331;Las Mejores Vistas De Las Cataratas De Iguazu Con Un Guia Asombroso;https://www.getyourguide.com/es-es/foz-de-iguazu-l497/las-mejores-vistas-de-las-cataratas-de-iguazu-con-un-guia-asombroso-t472331/
Brasil;rio-de-janeiro-l9;477725;Pedra Do Telegrafo La Vista Mas Increible De Rio De Janeiro;https://www.getyourguide.com/es-es/rio-de-janeiro-l9/pedra-do-telegrafo-la-vista-mas-increible-de-rio-de-janeiro-t477725/
Brasil;paraty-l1845;520380;Desde Paraty Experiencia Privada A Caballo Picnic Conductor;https://www.getyourguide.com/es-es/paraty-l1845/desde-paraty-experiencia-privada-a-caballo-picnic-conductor-t520380/
Brasil;paraty-l1845;1257903;Paraty Expedicion De 4 Dias En Kayak De Mar Por La Peninsula De Joatinga;https://www.getyourguide.com/es-es/paraty-l1845/paraty-expedicion-de-4-dias-en-kayak-de-mar-por-la-peninsula-de-joatinga-t1257903/
Brasil;lencois-l32549;801720;Pantanal Marimbus Canoa Cabalgata Senderismo;https://www.getyourguide.com/es-es/lencois-l32549/pantanal-marimbus-canoa-cabalgata-senderismo-t801720/
Brasil;rio-de-janeiro-l9;6577;Crucero Por La Bahia De Guanabara Con Almuerzo Desde Rio De Janeiro;https://www.getyourguide.com/es-es/rio-de-janeiro-l9/crucero-por-la-bahia-de-guanabara-con-almuerzo-desde-rio-de-janeiro-t6577/
Brasil;paraty-l1845;256647;Paraty Excursion De 3 Horas A Caballo Por La Selva Y Cascada;https://www.getyourguide.com/es-es/paraty-l1845/paraty-excursion-de-3-horas-a-caballo-por-la-selva-y-cascada-t256647/
Brasil;sao-paulo-l384;521548;Sao Paulo Rastreo De Bares Y Arte Callejero Con Guia Local;https://www.getyourguide.com/es-es/sao-paulo-l384/sao-paulo-rastreo-de-bares-y-arte-callejero-con-guia-local-t521548/
Brasil;rio-de-janeiro-l9;617732;Rio De Janeiro Surftrips Cabo Frio Arraial Do Cabo Buzios;https://www.getyourguide.com/es-es/rio-de-janeiro-l9/rio-de-janeiro-surftrips-cabo-frio-arraial-do-cabo-buzios-t617732/
Brasil;rio-de-janeiro-l9;1119215;Rio De Janeiro Paseo En Velero Con Bano Y Bebidas;https://www.getyourguide.com/es-es/rio-de-janeiro-l9/rio-de-janeiro-paseo-en-velero-con-bano-y-bebidas-t1119215/
Brasil;rio-de-janeiro-l9;1137806;Rio De Janeiro Tour A Pie Guiado Por La Favela Rocinha;https://www.getyourguide.com/es-es/rio-de-janeiro-l9/rio-de-janeiro-tour-a-pie-guiado-por-la-favela-rocinha-t1137806/
Brasil;rio-de-janeiro-l9;767125;Rio De Janeiro Visita Al Parque Nacional Y Jardin Botanico De Tijuca;https://www.getyourguide.com/es-es/rio-de-janeiro-l9/rio-de-janeiro-visita-al-parque-nacional-y-jardin-botanico-de-tijuca-t767125/
Brasil;florianopolis-l246;1170345;Florianopolis Salvaje Expedicion De Naturaleza Y Vida Salvaje;https://www.getyourguide.com/es-es/florianopolis-l246/florianopolis-salvaje-expedicion-de-naturaleza-y-vida-salvaje-t1170345/
Brasil;rio-de-janeiro-l9;614838;Clase De Samba Para Principiantes En Ipanema;https://www.getyourguide.com/es-es/rio-de-janeiro-l9/clase-de-samba-para-principiantes-en-ipanema-t614838/
Brasil;balneario-camboriu-l32252;1207077;Balneario Camboriu Ticket De Entrada Al Acuario Oceanico;https://www.getyourguide.com/es-es/balneario-camboriu-l32252/balneario-camboriu-ticket-de-entrada-al-acuario-oceanico-t1207077/
Brasil;rio-de-janeiro-l9;1217849;Rio De Janeiro Roxy Dinner Show Cena Bebida Y Espectaculo;https://www.getyourguide.com/es-es/rio-de-janeiro-l9/rio-de-janeiro-roxy-dinner-show-cena-bebida-y-espectaculo-t1217849/
Brasil;angra-dos-reis-l88183;683461;Rio De Janeiro Tour Angra Dos Reis Completo;https://www.getyourguide.com/es-es/angra-dos-reis-l88183/rio-de-janeiro-tour-angra-dos-reis-completo-t683461/
Brasil;rio-de-janeiro-l9;878261;Fiesta En Barco En Rio Baila Al Ritmo De Dj En La Bahia De Guanabara;https://www.getyourguide.com/es-es/rio-de-janeiro-l9/fiesta-en-barco-en-rio-baila-al-ritmo-de-dj-en-la-bahia-de-guanabara-t878261/
Brasil;rio-de-janeiro-l9;747830;Rio De Janeiro Passeio De Helicoptero Pelo Cristo Redentor;https://www.getyourguide.com/es-es/rio-de-janeiro-l9/rio-de-janeiro-passeio-de-helicoptero-pelo-cristo-redentor-t747830/
Brasil;sao-paulo-l384;1279150;Atibaia Recorrido Todoterreno En 4X4 Hasta El Embalse De Nazare Paulista 8 H;https://www.getyourguide.com/es-es/sao-paulo-l384/atibaia-recorrido-todoterreno-en-4x4-hasta-el-embalse-de-nazare-paulista-8-h-t1279150/
Brasil;salvador-brasil-l1430;802296;Salvador Tesoro Cultural Samba De Roda;https://www.getyourguide.com/es-es/salvador-brasil-l1430/salvador-tesoro-cultural-samba-de-roda-t802296/
Brasil;foz-de-iguazu-l497;830159;Iguazu En 2 Dias Visita Ambos Lados De Las Cataratas;https://www.getyourguide.com/es-es/foz-de-iguazu-l497/iguazu-en-2-dias-visita-ambos-lados-de-las-cataratas-t830159/
Brasil;sao-paulo-l384;1326299;Mirador En Sao Paulo Edificio Italia Planta 41;https://www.getyourguide.com/es-es/sao-paulo-l384/mirador-en-sao-paulo-edificio-italia-planta-41-t1326299/
Brasil;rio-de-janeiro-l9;1065517;Rio De Janeiro Tour Del Cristo Redentor Y La Puesta De Sol En El Pan De Azucar;https://www.getyourguide.com/es-es/rio-de-janeiro-l9/rio-de-janeiro-tour-del-cristo-redentor-y-la-puesta-de-sol-en-el-pan-de-azucar-t1065517/
Brasil;foz-de-iguazu-l497;229024;Foz De Iguazu Excursion De Un Dia A Las Minas De Wanda Y Ruinas De San Ignacio;https://www.getyourguide.com/es-es/foz-de-iguazu-l497/foz-de-iguazu-excursion-de-un-dia-a-las-minas-de-wanda-y-ruinas-de-san-ignacio-t229024/
Brasil;rio-de-janeiro-l9;489409;Experiencia Rio Surf;https://www.getyourguide.com/es-es/rio-de-janeiro-l9/experiencia-rio-surf-t489409/
Brasil;niteroi-l34109;1225780;Vuelo En Parapente En Niteroi Con Piloto Certificado Y Vistas De Rio;https://www.getyourguide.com/es-es/niteroi-l34109/vuelo-en-parapente-en-niteroi-con-piloto-certificado-y-vistas-de-rio-t1225780/
Brasil;salvador-brasil-l1430;1197887;Salvador Experiencia De Buceo En La Bahia De Todos Los Santos Con Fotos;https://www.getyourguide.com/es-es/salvador-brasil-l1430/salvador-experiencia-de-buceo-en-la-bahia-de-todos-los-santos-con-fotos-t1197887/
Brasil;rio-de-janeiro-l9;1291857;Rio Un Dia Como El Fluminense Entrada A La Sede Y Partido De Futbol En El Maracana;https://www.getyourguide.com/es-es/rio-de-janeiro-l9/rio-un-dia-como-el-fluminense-entrada-a-la-sede-y-partido-de-futbol-en-el-maracana-t1291857/
Brasil;florianopolis-l246;1244002;Tour Guiado A Cachoeira Da Barra Da Lagoa;https://www.getyourguide.com/es-es/florianopolis-l246/tour-guiado-a-cachoeira-da-barra-da-lagoa-t1244002/
Brasil;angra-dos-reis-l88183;756559;Tour En Barco Guiado En Angra Dos Reis Salida Desde Angra;https://www.getyourguide.com/es-es/angra-dos-reis-l88183/tour-en-barco-guiado-en-angra-dos-reis-salida-desde-angra-t756559/
Brasil;rio-de-janeiro-l9;86519;Tour De Medio Dia Por El Patrimonio Judio De Rio;https://www.getyourguide.com/es-es/rio-de-janeiro-l9/tour-de-medio-dia-por-el-patrimonio-judio-de-rio-t86519/
Brasil;rio-de-janeiro-l9;1293659;Rio De Janeiro Tour Privado De Instagram Y Miradores Ocultos;https://www.getyourguide.com/es-es/rio-de-janeiro-l9/rio-de-janeiro-tour-privado-de-instagram-y-miradores-ocultos-t1293659/
Brasil;rio-de-janeiro-l9;258827;Paraty Transporte Compartido Desdehacia Rio De Janeiro;https://www.getyourguide.com/es-es/rio-de-janeiro-l9/paraty-transporte-compartido-desdehacia-rio-de-janeiro-t258827/
Brasil;rio-de-janeiro-l9;988580;Rio De Janeiro Visita Guiada A La Ceremonia De La Gira De Umbanda;https://www.getyourguide.com/es-es/rio-de-janeiro-l9/rio-de-janeiro-visita-guiada-a-la-ceremonia-de-la-gira-de-umbanda-t988580/
Brasil;foz-de-iguazu-l497;992810;Foz Do Iguacu Tour De Medio Dia Por Las Cascadas Y Senderos;https://www.getyourguide.com/es-es/foz-de-iguazu-l497/foz-do-iguacu-tour-de-medio-dia-por-las-cascadas-y-senderos-t992810/
Brasil;rio-de-janeiro-l9;1003810;Rio De Janeiro Salta En Paracaidas En Barra Da Tijuca Con El Cristo Redentor;https://www.getyourguide.com/es-es/rio-de-janeiro-l9/rio-de-janeiro-salta-en-paracaidas-en-barra-da-tijuca-con-el-cristo-redentor-t1003810/
Brasil;maragogi-l122555;1098276;Sumergete En Las Piscinas Naturales De Maragogi;https://www.getyourguide.com/es-es/maragogi-l122555/sumergete-en-las-piscinas-naturales-de-maragogi-t1098276/
Brasil;rio-de-janeiro-l9;1280078;Rio Excursion A Santa Teresa Escalera Selaron Arcos De La Lapa;https://www.getyourguide.com/es-es/rio-de-janeiro-l9/rio-excursion-a-santa-teresa-escalera-selaron-arcos-de-la-lapa-t1280078/
Brasil;rio-de-janeiro-l9;1127992;Rio Pub Crawl En Pedra Do Sal Noche Con Musica En Vivo Baile Chupitos;https://www.getyourguide.com/es-es/rio-de-janeiro-l9/rio-pub-crawl-en-pedra-do-sal-noche-con-musica-en-vivo-baile-chupitos-t1127992/
Brasil;buzios-l1832;730423;De Rio De Janeiro Buceo En Buzios;https://www.getyourguide.com/es-es/buzios-l1832/de-rio-de-janeiro-buceo-en-buzios-t730423/
Brasil;salvador-brasil-l1430;18447;Aeropuerto De Salvador Traslado A Hoteles De La Ciudad De Salvador;https://www.getyourguide.com/es-es/salvador-brasil-l1430/aeropuerto-de-salvador-traslado-a-hoteles-de-la-ciudad-de-salvador-t18447/
Brasil;paraty-l1845;24756;Ruta De Senderismo De Un Dia Por La Selva Hasta La Playa De Sono;https://www.getyourguide.com/es-es/paraty-l1845/ruta-de-senderismo-de-un-dia-por-la-selva-hasta-la-playa-de-sono-t24756/
Brasil;curitiba-l1849;24886;Excursion De Dia Completo A La Ciudad Colonial De Morretes En Tren;https://www.getyourguide.com/es-es/curitiba-l1849/excursion-de-dia-completo-a-la-ciudad-colonial-de-morretes-en-tren-t24886/
Brasil;sao-paulo-l384;750660;Mejor Tour De La Ciudad De Sao Paulo En Privado 5 Horas A Pie;https://www.getyourguide.com/es-es/sao-paulo-l384/mejor-tour-de-la-ciudad-de-sao-paulo-en-privado-5-horas-a-pie-t750660/
Brasil;matelandia-l214878;1213300;Tour Privado Parque Nacional Iguazu Y Garganta Del Diablo;https://www.getyourguide.com/es-es/matelandia-l214878/tour-privado-parque-nacional-iguazu-y-garganta-del-diablo-t1213300/
Brasil;salvador-brasil-l1430;822668;Salvador Citytour Pelourinho Ascensor Lacerda Y Playas;https://www.getyourguide.com/es-es/salvador-brasil-l1430/salvador-citytour-pelourinho-ascensor-lacerda-y-playas-t822668/
Brasil;sao-paulo-l384;389810;Sao Paulo Caminata Guiada Por La Selva Del Parque Natural De Cantareira;https://www.getyourguide.com/es-es/sao-paulo-l384/sao-paulo-caminata-guiada-por-la-selva-del-parque-natural-de-cantareira-t389810/
Brasil;fortaleza-l1863;901839;Desde Fortaleza Exotica Excursion De Un Dia A La Playa De Canoa Quebrada;https://www.getyourguide.com/es-es/fortaleza-l1863/desde-fortaleza-exotica-excursion-de-un-dia-a-la-playa-de-canoa-quebrada-t901839/
Brasil;rio-de-janeiro-l9;960772;Rio Sup Paddleboarding Con Traslado En Vw Kombi Transporter;https://www.getyourguide.com/es-es/rio-de-janeiro-l9/rio-sup-paddleboarding-con-traslado-en-vw-kombi-transporter-t960772/
Brasil;rio-de-janeiro-l9;174969;Rio De Janeiro Tour En Autobus Por La Ciudad;https://www.getyourguide.com/es-es/rio-de-janeiro-l9/rio-de-janeiro-tour-en-autobus-por-la-ciudad-t174969/
Brasil;rio-de-janeiro-l9;617916;Carnaval De Rio 2026 Desfile En El Sambodromo Traslado;https://www.getyourguide.com/es-es/rio-de-janeiro-l9/carnaval-de-rio-2026-desfile-en-el-sambodromo-traslado-t617916/
Brasil;parnaiba-l194334;1088882;Parnaiba Tour En Barco Por El Delta Con Almuerzo Y Recogida En El Hotel;https://www.getyourguide.com/es-es/parnaiba-l194334/parnaiba-tour-en-barco-por-el-delta-con-almuerzo-y-recogida-en-el-hotel-t1088882/
Brasil;rio-de-janeiro-l9;403975;Selva De Tijuca Excursion De Medio Dia De Aventura E Historia;https://www.getyourguide.com/es-es/rio-de-janeiro-l9/selva-de-tijuca-excursion-de-medio-dia-de-aventura-e-historia-t403975/
Brasil;buzios-l1832;410945;Circuito De Las Piscinas Naturales De Buzios;https://www.getyourguide.com/es-es/buzios-l1832/circuito-de-las-piscinas-naturales-de-buzios-t410945/
Brasil;natal-l2112;1111969;Desde Natal Tour De Playa Y Cultura En Sao Miguel Do Gostoso;https://www.getyourguide.com/es-es/natal-l2112/desde-natal-tour-de-playa-y-cultura-en-sao-miguel-do-gostoso-t1111969/
Brasil;miranda-l248292;1113600;Miranda Visita A Un Rancho Del Pantanal Con Demostracion De Lazo Y Aperitivo;https://www.getyourguide.com/es-es/miranda-l248292/miranda-visita-a-un-rancho-del-pantanal-con-demostracion-de-lazo-y-aperitivo-t1113600/
Brasil;sao-paulo-l384;1123366;Sao Paulo Pico Do Jaragua Ruta Del Pai Ze;https://www.getyourguide.com/es-es/sao-paulo-l384/sao-paulo-pico-do-jaragua-ruta-del-pai-ze-t1123366/
Brasil;rio-de-janeiro-l9;430294;Partido De Futbol En Maracana Incluye Ticket De Entrada Y Transporte;https://www.getyourguide.com/es-es/rio-de-janeiro-l9/partido-de-futbol-en-maracana-incluye-ticket-de-entrada-y-transporte-t430294/
Brasil;petropolis-l1831;683610;Rio De Janeiro Tour Por Petropolis Cidade Imperial;https://www.getyourguide.com/es-es/petropolis-l1831/rio-de-janeiro-tour-por-petropolis-cidade-imperial-t683610/
Brasil;foz-de-iguazu-l497;1205818;Ruinas Jesuitas Trinidad Patrimonio De La Humanidad De La Unesco Salidas Desde Foz Y Cde;https://www.getyourguide.com/es-es/foz-de-iguazu-l497/ruinas-jesuitas-trinidad-patrimonio-de-la-humanidad-de-la-unesco-salidas-desde-foz-y-cde-t1205818/
Brasil;barreirinhas-l105727;603310;Excursion Matinal En Lencois Maranhenses Lagoa Azul;https://www.getyourguide.com/es-es/barreirinhas-l105727/excursion-matinal-en-lencois-maranhenses-lagoa-azul-t603310/
Brasil;rio-de-janeiro-l9;627096;Samba Fit En Ipanema Baile Musica Y Diversion Cultural;https://www.getyourguide.com/es-es/rio-de-janeiro-l9/samba-fit-en-ipanema-baile-musica-y-diversion-cultural-t627096/
Brasil;caucaia-l208637;879755;Playa De Cumbuco Lagoa Do Catu Y Cultura Local En Un Dia;https://www.getyourguide.com/es-es/caucaia-l208637/playa-de-cumbuco-lagoa-do-catu-y-cultura-local-en-un-dia-t879755/
Brasil;fortaleza-l1863;1268751;Recorrido Por Fortaleza Mercado Central Y Mercado De Pescado;https://www.getyourguide.com/es-es/fortaleza-l1863/recorrido-por-fortaleza-mercado-central-y-mercado-de-pescado-t1268751/
Brasil;rio-de-janeiro-l9;906149;Escalando La Via Ferrata En El Pan De Azucar La Mas Grande De Brasil;https://www.getyourguide.com/es-es/rio-de-janeiro-l9/escalando-la-via-ferrata-en-el-pan-de-azucar-la-mas-grande-de-brasil-t906149/
Brasil;paraty-l1845;914278;Senderismo Travessia Da Juatinga En La Costa Verde De Paraty;https://www.getyourguide.com/es-es/paraty-l1845/senderismo-travessia-da-juatinga-en-la-costa-verde-de-paraty-t914278/
Brasil;rio-de-janeiro-l9;781332;Tour Nocturno Roxy Cena Con Espectaculo Y Traslado;https://www.getyourguide.com/es-es/rio-de-janeiro-l9/tour-nocturno-roxy-cena-con-espectaculo-y-traslado-t781332/
Brasil;salvador-brasil-l1430;18419;Praia Do Forte Y Zonas De Anidacion De Tortugas Marinas;https://www.getyourguide.com/es-es/salvador-brasil-l1430/praia-do-forte-y-zonas-de-anidacion-de-tortugas-marinas-t18419/
Brasil;brasilia-l144326;1063826;Desde Brasilia Excursion Guiada De Un Dia A Pirenopolis;https://www.getyourguide.com/es-es/brasilia-l144326/desde-brasilia-excursion-guiada-de-un-dia-a-pirenopolis-t1063826/
Brasil;recife-l1836;231532;Pernambuco Excursion De Un Dia A La Playa De Carneiros Con Paseo En Catamaran;https://www.getyourguide.com/es-es/recife-l1836/pernambuco-excursion-de-un-dia-a-la-playa-de-carneiros-con-paseo-en-catamaran-t231532/
Brasil;rio-de-janeiro-l9;1088817;Rio De Janeiro Visita Al Estadio Maracana Y Futbol Playa;https://www.getyourguide.com/es-es/rio-de-janeiro-l9/rio-de-janeiro-visita-al-estadio-maracana-y-futbol-playa-t1088817/
Brasil;rio-de-janeiro-l9;1109940;Rio De Janeiro Ruta De Pedra Bonita Y Observacion De Vuelos De Ala Delta;https://www.getyourguide.com/es-es/rio-de-janeiro-l9/rio-de-janeiro-ruta-de-pedra-bonita-y-observacion-de-vuelos-de-ala-delta-t1109940/
Brasil;rio-de-janeiro-l9;1164015;Paseo En Barco Para Disfrutar Y Relajarse En Las Islas De Rio;https://www.getyourguide.com/es-es/rio-de-janeiro-l9/paseo-en-barco-para-disfrutar-y-relajarse-en-las-islas-de-rio-t1164015/
Brasil;sao-paulo-l384;1199648;Sao Paulo Tour Por Los Puntos Destacados De La Ciudad Con Desayuno Y Almuerzo;https://www.getyourguide.com/es-es/sao-paulo-l384/sao-paulo-tour-por-los-puntos-destacados-de-la-ciudad-con-desayuno-y-almuerzo-t1199648/
Brasil;rio-de-janeiro-l9;1065353;Rio De Janeiro Vuelo En Parasailing Sobre La Bahia De Guanabara;https://www.getyourguide.com/es-es/rio-de-janeiro-l9/rio-de-janeiro-vuelo-en-parasailing-sobre-la-bahia-de-guanabara-t1065353/
Brasil;foz-de-iguazu-l497;627295;Desde Foz Do Iguacu Tour Privado En Las Cataratas Argentinas;https://www.getyourguide.com/es-es/foz-de-iguazu-l497/desde-foz-do-iguacu-tour-privado-en-las-cataratas-argentinas-t627295/
Brasil;san-luis-l105732;650376;Sao Luis Tour Fotografico Privado Y Exclusivo;https://www.getyourguide.com/es-es/san-luis-l105732/sao-luis-tour-fotografico-privado-y-exclusivo-t650376/
Brasil;rio-de-janeiro-l9;1306292;Rio De Janeiro Senderismo Por Copacabana Amanecer Morro Dos Cabritos;https://www.getyourguide.com/es-es/rio-de-janeiro-l9/rio-de-janeiro-senderismo-por-copacabana-amanecer-morro-dos-cabritos-t1306292/
Brasil;sao-paulo-l384;1155012;Beco Do Batman Pinta Un Cuadro O Una Taza Con Un Artista;https://www.getyourguide.com/es-es/sao-paulo-l384/beco-do-batman-pinta-un-cuadro-o-una-taza-con-un-artista-t1155012/
Brasil;rio-de-janeiro-l9;1209449;Clase De Capoeira Para Principiantes En Rio De Janeiro;https://www.getyourguide.com/es-es/rio-de-janeiro-l9/clase-de-capoeira-para-principiantes-en-rio-de-janeiro-t1209449/
Brasil;rio-de-janeiro-l9;1224781;Tour Por La Favela De Vidigal Con Bebida;https://www.getyourguide.com/es-es/rio-de-janeiro-l9/tour-por-la-favela-de-vidigal-con-bebida-t1224781/
Brasil;rio-de-janeiro-l9;827052;Rio De Janeiro Excursion Compartida De 3 Horas En Catamaran A Vela;https://www.getyourguide.com/es-es/rio-de-janeiro-l9/rio-de-janeiro-excursion-compartida-de-3-horas-en-catamaran-a-vela-t827052/
Brasil;paraty-l1845;255702;Paraty Medio Dia De Alquiler De Bicicletas;https://www.getyourguide.com/es-es/paraty-l1845/paraty-medio-dia-de-alquiler-de-bicicletas-t255702/
Brasil;arraial-del-cabo-l95354;870393;Boat Tour Of Arraial Do Cabo S Beaches With Hotel Pickup;https://www.getyourguide.com/es-es/arraial-del-cabo-l95354/boat-tour-of-arraial-do-cabo-s-beaches-with-hotel-pickup-t870393/
Brasil;rio-de-janeiro-l9;897302;Dia En Rio De Janeiro Cristo Playa Secreta Helicoptero;https://www.getyourguide.com/es-es/rio-de-janeiro-l9/dia-en-rio-de-janeiro-cristo-playa-secreta-helicoptero-t897302/
Brasil;rio-de-janeiro-l9;904252;Experiencia De Carnaval En Una Escuela De Samba En Rio Salgueiro 20252026;https://www.getyourguide.com/es-es/rio-de-janeiro-l9/experiencia-de-carnaval-en-una-escuela-de-samba-en-rio-salgueiro-20252026-t904252/
Brasil;rio-de-janeiro-l9;1282099;Rio De Janeiro Recorrido Por Rocinha Con Video Con Dron;https://www.getyourguide.com/es-es/rio-de-janeiro-l9/rio-de-janeiro-recorrido-por-rocinha-con-video-con-dron-t1282099/
Brasil;paraty-l1845;1291516;Tour En Lancha Motora Al Amanecer Al Fiordo Tropical De Mamangua;https://www.getyourguide.com/es-es/paraty-l1845/tour-en-lancha-motora-al-amanecer-al-fiordo-tropical-de-mamangua-t1291516/
Brasil;rio-de-janeiro-l9;449861;Parque Nacional De Tijuca;https://www.getyourguide.com/es-es/rio-de-janeiro-l9/parque-nacional-de-tijuca-t449861/
Brasil;rio-de-janeiro-l9;1308251;Rio De Janeiro Recorrido De Bares Por Pedra Do Sal;https://www.getyourguide.com/es-es/rio-de-janeiro-l9/rio-de-janeiro-recorrido-de-bares-por-pedra-do-sal-t1308251/
Brasil;rio-de-janeiro-l9;1318536;Rio Experiencia Con Dron En La Favela De Rocinha Con Un Lugareno;https://www.getyourguide.com/es-es/rio-de-janeiro-l9/rio-experiencia-con-dron-en-la-favela-de-rocinha-con-un-lugareno-t1318536/
Brasil;parnaiba-l194334;1100873;Parnaiba Tour En Lancha Motora Por El Circuito Del Delta;https://www.getyourguide.com/es-es/parnaiba-l194334/parnaiba-tour-en-lancha-motora-por-el-circuito-del-delta-t1100873/
Brasil;santo-amaro-do-maranhao-l215939;598016;Circuito De La Laguna De Rancharia Santo Amaro;https://www.getyourguide.com/es-es/santo-amaro-do-maranhao-l215939/circuito-de-la-laguna-de-rancharia-santo-amaro-t598016/
Brasil;rio-de-janeiro-l9;633909;Rio De Janeiro Vuelos En Parapente Biplaza Con Tandemflyrio;https://www.getyourguide.com/es-es/rio-de-janeiro-l9/rio-de-janeiro-vuelos-en-parapente-biplaza-con-tandemflyrio-t633909/
Brasil;rio-de-janeiro-l9;934267;Rio De Janeiro Visita Personalizada Historiador Local Y Poliglota;https://www.getyourguide.com/es-es/rio-de-janeiro-l9/rio-de-janeiro-visita-personalizada-historiador-local-y-poliglota-t934267/
Brasil;salvador-brasil-l1430;56290;Salvador Proyectos De Arte Urbano Social Y Favela;https://www.getyourguide.com/es-es/salvador-brasil-l1430/salvador-proyectos-de-arte-urbano-social-y-favela-t56290/
Brasil;barra-de-sao-miguel-l203216;960248;Pajucara Paseo Por Barra De Sao Miguel;https://www.getyourguide.com/es-es/barra-de-sao-miguel-l203216/pajucara-paseo-por-barra-de-sao-miguel-t960248/
Brasil;recife-l1836;133917;Desde Recife Tour De Dia Completo De Compras Y Cachaca;https://www.getyourguide.com/es-es/recife-l1836/desde-recife-tour-de-dia-completo-de-compras-y-cachaca-t133917/
Brasil;rio-de-janeiro-l9;727708;Rio De Janeiro Subida Y Caminata Al Pan De Azucar;https://www.getyourguide.com/es-es/rio-de-janeiro-l9/rio-de-janeiro-subida-y-caminata-al-pan-de-azucar-t727708/
Brasil;rio-de-janeiro-l9;405742;Traslado Compartido De Rio De Janeiro A Paraty;https://www.getyourguide.com/es-es/rio-de-janeiro-l9/traslado-compartido-de-rio-de-janeiro-a-paraty-t405742/
Brasil;sao-paulo-l384;427946;Lo Mejor De Sao Paulo Cultura Historia Y Vitalidad En Bicicleta;https://www.getyourguide.com/es-es/sao-paulo-l384/lo-mejor-de-sao-paulo-cultura-historia-y-vitalidad-en-bicicleta-t427946/
Brasil;rio-de-janeiro-l9;1077569;Rio De Janeiro Baila En La Escuela De Samba Salgueiro;https://www.getyourguide.com/es-es/rio-de-janeiro-l9/rio-de-janeiro-baila-en-la-escuela-de-samba-salgueiro-t1077569/
Brasil;rio-de-janeiro-l9;933659;Escapada Tropical Ilha Gigoia Y El Bosque De Tijuca En Un Dia;https://www.getyourguide.com/es-es/rio-de-janeiro-l9/escapada-tropical-ilha-gigoia-y-el-bosque-de-tijuca-en-un-dia-t933659/
Brasil;arraial-del-cabo-l95354;530058;Arraial Do Cabo O Caribe Brasileiro;https://www.getyourguide.com/es-es/arraial-del-cabo-l95354/arraial-do-cabo-o-caribe-brasileiro-t530058/
Brasil;rio-de-janeiro-l9;980561;Tour Por Las Cascadas Y Cuevas Del Parque Nacional De Tijuca;https://www.getyourguide.com/es-es/rio-de-janeiro-l9/tour-por-las-cascadas-y-cuevas-del-parque-nacional-de-tijuca-t980561/
Brasil;sao-paulo-l384;573923;Tour Nocturno Por Sao Paulo;https://www.getyourguide.com/es-es/sao-paulo-l384/tour-nocturno-por-sao-paulo-t573923/
Brasil;fortaleza-l1863;652798;Traslado Compartido De Fortaleza A Aquiraz;https://www.getyourguide.com/es-es/fortaleza-l1863/traslado-compartido-de-fortaleza-a-aquiraz-t652798/
Brasil;rio-de-janeiro-l9;721947;Rio De Janeiro Excursion En Jeep Por Las Favelas De Rocinha Y Capoeira;https://www.getyourguide.com/es-es/rio-de-janeiro-l9/rio-de-janeiro-excursion-en-jeep-por-las-favelas-de-rocinha-y-capoeira-t721947/
Brasil;rio-de-janeiro-l9;751542;Rio Excursion De Aventura En Aguas Bravas En Rio De Janeiro;https://www.getyourguide.com/es-es/rio-de-janeiro-l9/rio-excursion-de-aventura-en-aguas-bravas-en-rio-de-janeiro-t751542/
Brasil;curitiba-l1849;24864;Curitiba De Noche Cena Incluida;https://www.getyourguide.com/es-es/curitiba-l1849/curitiba-de-noche-cena-incluida-t24864/
Brasil;salvador-brasil-l1430;816913;Salvador Tour A Pie Por El Pelourinho;https://www.getyourguide.com/es-es/salvador-brasil-l1430/salvador-tour-a-pie-por-el-pelourinho-t816913/
Brasil;foz-de-iguazu-l497;843275;Tour Privado Lado Brasileno Y Argentino En 1 Dia Opcion De Barco;https://www.getyourguide.com/es-es/foz-de-iguazu-l497/tour-privado-lado-brasileno-y-argentino-en-1-dia-opcion-de-barco-t843275/
Brasil;gramado-l32317;1205352;Maravillas De Sao Chico Una Aventura 4X4;https://www.getyourguide.com/es-es/gramado-l32317/maravillas-de-sao-chico-una-aventura-4x4-t1205352/
Brasil;manaos-l917;208404;Excursion De 4 Dias Por La Selva Amazonica Alojandote En Casas De Huespedes Del Rio Juma;https://www.getyourguide.com/es-es/manaos-l917/excursion-de-4-dias-por-la-selva-amazonica-alojandote-en-casas-de-huespedes-del-rio-juma-t208404/
Brasil;barreirinhas-l105727;879765;Tour De Medio Dia Lagoa Azul Y Puntos Destacados De Maranhao;https://www.getyourguide.com/es-es/barreirinhas-l105727/tour-de-medio-dia-lagoa-azul-y-puntos-destacados-de-maranhao-t879765/
Brasil;rio-de-janeiro-l9;971051;Excursion En Tierra Desde El Puerto De Rio De Janeiro Tour Privado A Petropolis;https://www.getyourguide.com/es-es/rio-de-janeiro-l9/excursion-en-tierra-desde-el-puerto-de-rio-de-janeiro-tour-privado-a-petropolis-t971051/
Brasil;villa-do-abraao-l176580;457475;Ilha Grande Excursion De 6 Horas En Lancha Rapida Por Las Lagunas Azul Y Verde;https://www.getyourguide.com/es-es/villa-do-abraao-l176580/ilha-grande-excursion-de-6-horas-en-lancha-rapida-por-las-lagunas-azul-y-verde-t457475/
Brasil;angra-dos-reis-l88183;1040988;Rafting En Mambucaba Con Acceso En Jeep 4X4 A Traves Del Bosque;https://www.getyourguide.com/es-es/angra-dos-reis-l88183/rafting-en-mambucaba-con-acceso-en-jeep-4x4-a-traves-del-bosque-t1040988/
Brasil;buzios-l1832;86099;De Buzios A Rio Traslado Diario Regular;https://www.getyourguide.com/es-es/buzios-l1832/de-buzios-a-rio-traslado-diario-regular-t86099/
Brasil;sao-paulo-l384;92853;Sao Paulo Tour Nocturno Privado De 4 Horas;https://www.getyourguide.com/es-es/sao-paulo-l384/sao-paulo-tour-nocturno-privado-de-4-horas-t92853/
Brasil;sao-paulo-l384;612836;Sao Paulo Tour Privado De Arte Callejero;https://www.getyourguide.com/es-es/sao-paulo-l384/sao-paulo-tour-privado-de-arte-callejero-t612836/
Brasil;rio-de-janeiro-l9;632066;Rio De Janeiro Despierta Y Navega;https://www.getyourguide.com/es-es/rio-de-janeiro-l9/rio-de-janeiro-despierta-y-navega-t632066/
Brasil;rio-de-janeiro-l9;755027;Rio Explorando Las Maravillas De La Costa Con Una Excursion En Kayak De Mar;https://www.getyourguide.com/es-es/rio-de-janeiro-l9/rio-explorando-las-maravillas-de-la-costa-con-una-excursion-en-kayak-de-mar-t755027/
Brasil;rio-de-janeiro-l9;1210454;Descubre Las Joyas Ocultas De Rio Explora La Ciudad Fuera De Lo Comun;https://www.getyourguide.com/es-es/rio-de-janeiro-l9/descubre-las-joyas-ocultas-de-rio-explora-la-ciudad-fuera-de-lo-comun-t1210454/
Brasil;rio-de-janeiro-l9;828096;Favela Da Rocinha La Mas Grande De Brasil Con Un Guia Local;https://www.getyourguide.com/es-es/rio-de-janeiro-l9/favela-da-rocinha-la-mas-grande-de-brasil-con-un-guia-local-t828096/
Brasil;rio-de-janeiro-l9;846451;El Sendero Con La Vista Mas Increible De Rio De Janeiro En Morro Dois Irmaos;https://www.getyourguide.com/es-es/rio-de-janeiro-l9/el-sendero-con-la-vista-mas-increible-de-rio-de-janeiro-en-morro-dois-irmaos-t846451/
Brasil;rio-de-janeiro-l9;971029;Excursion Desde El Puerto De Rio De Janeiro Tour De La Ciudad De Dia Completo;https://www.getyourguide.com/es-es/rio-de-janeiro-l9/excursion-desde-el-puerto-de-rio-de-janeiro-tour-de-la-ciudad-de-dia-completo-t971029/
Brasil;rio-de-janeiro-l9;977703;Copacabana Aprende Futvolei En El Lugar Exacto Donde Se Creo Este Deporte;https://www.getyourguide.com/es-es/rio-de-janeiro-l9/copacabana-aprende-futvolei-en-el-lugar-exacto-donde-se-creo-este-deporte-t977703/
Brasil;salvador-brasil-l1430;833027;Salvador Traslado A Morro De Sao Paulo;https://www.getyourguide.com/es-es/salvador-brasil-l1430/salvador-traslado-a-morro-de-sao-paulo-t833027/
Brasil;recife-l1836;839445;Porto De Galinhas Traslado Privado Desde El Aeropuerto De Recife Ida Y Vuelta;https://www.getyourguide.com/es-es/recife-l1836/porto-de-galinhas-traslado-privado-desde-el-aeropuerto-de-recife-ida-y-vuelta-t839445/
Brasil;rio-de-janeiro-l9;853667;Rio De Janeiro Vuelos En Ala Delta O Parapente;https://www.getyourguide.com/es-es/rio-de-janeiro-l9/rio-de-janeiro-vuelos-en-ala-delta-o-parapente-t853667/
Brasil;rio-de-janeiro-l9;1211852;Rio De Janeiro Ruta Pedra Bonita Y Playa Paradisiaca;https://www.getyourguide.com/es-es/rio-de-janeiro-l9/rio-de-janeiro-ruta-pedra-bonita-y-playa-paradisiaca-t1211852/
Brasil;rio-de-janeiro-l9;1214307;Rio De Janeiro Bike N Boat Tour Joyas Ocultas De Barra Da Tijuca;https://www.getyourguide.com/es-es/rio-de-janeiro-l9/rio-de-janeiro-bike-n-boat-tour-joyas-ocultas-de-barra-da-tijuca-t1214307/
Brasil;barra-da-lagoa-l230903;965525;Florianopolis Senderismo En Uno De Los Lugares Mas Bellos De Florianopolis;https://www.getyourguide.com/es-es/barra-da-lagoa-l230903/florianopolis-senderismo-en-uno-de-los-lugares-mas-bellos-de-florianopolis-t965525/
Brasil;niteroi-l34109;1232864;Niteroi Vuelo Doble En Parapente Luciano Miranda;https://www.getyourguide.com/es-es/niteroi-l34109/niteroi-vuelo-doble-en-parapente-luciano-miranda-t1232864/
Brasil;natal-l2112;1264420;Natal Rn Entradas Y Transporte Con Chofer Al Forro Do Seu Jerimum;https://www.getyourguide.com/es-es/natal-l2112/natal-rn-entradas-y-transporte-con-chofer-al-forro-do-seu-jerimum-t1264420/
Brasil;piacabucu-l252042;1097463;Navega Por El Velho Chico De Las Aguas Del Rio Al Oceano;https://www.getyourguide.com/es-es/piacabucu-l252042/navega-por-el-velho-chico-de-las-aguas-del-rio-al-oceano-t1097463/
Brasil;natal-l2112;1111151;Natal Paseo En Buggy Por Las Playas De La Costa Norte;https://www.getyourguide.com/es-es/natal-l2112/natal-paseo-en-buggy-por-las-playas-de-la-costa-norte-t1111151/
Brasil;jericoacoara-l105737;1325078;Buggy Por La Costa Este De Jericoacoara;https://www.getyourguide.com/es-es/jericoacoara-l105737/buggy-por-la-costa-este-de-jericoacoara-t1325078/
Brasil;rio-de-janeiro-l9;1136473;Rio Visita Y Campo De Futbol Fifa En El Corazon De La Favela Tavares Bastos;https://www.getyourguide.com/es-es/rio-de-janeiro-l9/rio-visita-y-campo-de-futbol-fifa-en-el-corazon-de-la-favela-tavares-bastos-t1136473/
Brasil;rio-de-janeiro-l9;712407;Excursion De Un Dia A Buzios;https://www.getyourguide.com/es-es/rio-de-janeiro-l9/excursion-de-un-dia-a-buzios-t712407/
Brasil;rio-de-janeiro-l9;814942;Rio De Janeiro Pequena Africa Tour A Pie;https://www.getyourguide.com/es-es/rio-de-janeiro-l9/rio-de-janeiro-pequena-africa-tour-a-pie-t814942/
Brasil;sao-paulo-l384;391767;Sao Paulo Excursion Privada De Un Dia En Sao Roque;https://www.getyourguide.com/es-es/sao-paulo-l384/sao-paulo-excursion-privada-de-un-dia-en-sao-roque-t391767/
Brasil;rio-de-janeiro-l9;836209;Cataraman Pirata Angra Dos Reis E Ilha Grande Con Almuerzo;https://www.getyourguide.com/es-es/rio-de-janeiro-l9/cataraman-pirata-angra-dos-reis-e-ilha-grande-con-almuerzo-t836209/
Brasil;ubatuba-l192258;1250720;;https://www.getyourguide.com/es-es/ubatuba-l192258/-t1250720/
Brasil;foz-de-iguazu-l497;479630;Foz Do Iguacu Lado Brasileno De Las Cataratas Parque De Las Aves;https://www.getyourguide.com/es-es/foz-de-iguazu-l497/foz-do-iguacu-lado-brasileno-de-las-cataratas-parque-de-las-aves-t479630/
Brasil;barreirinhas-l105727;494940;Tour De Dia Completo 2 Lagunas Azul Y Bonita;https://www.getyourguide.com/es-es/barreirinhas-l105727/tour-de-dia-completo-2-lagunas-azul-y-bonita-t494940/
Brasil;sao-paulo-l384;34893;Recorrido Gastronomico Por Sao Paulo;https://www.getyourguide.com/es-es/sao-paulo-l384/recorrido-gastronomico-por-sao-paulo-t34893/
Brasil;sao-paulo-l384;1032038;Smoke Steel Ritual De Barbacoa En Sao Paulo;https://www.getyourguide.com/es-es/sao-paulo-l384/smoke-steel-ritual-de-barbacoa-en-sao-paulo-t1032038/
Brasil;florianopolis-l246;623408;Florianopolis Excursion Al Parque Natural Lagoinha Do Leste;https://www.getyourguide.com/es-es/florianopolis-l246/florianopolis-excursion-al-parque-natural-lagoinha-do-leste-t623408/
Brasil;rio-de-janeiro-l9;456482;Excursion Privada En Helicoptero;https://www.getyourguide.com/es-es/rio-de-janeiro-l9/excursion-privada-en-helicoptero-t456482/
Brasil;petropolis-l1831;1182505;Petropolis E Itaipava Tour De 1 Dia Con Almuerzo;https://www.getyourguide.com/es-es/petropolis-l1831/petropolis-e-itaipava-tour-de-1-dia-con-almuerzo-t1182505/
Brasil;rio-de-janeiro-l9;832972;Tour Privado De 9 Horas De Un Dia Completo Por Rio Por Alan Denis;https://www.getyourguide.com/es-es/rio-de-janeiro-l9/tour-privado-de-9-horas-de-un-dia-completo-por-rio-por-alan-denis-t832972/
Brasil;jericoacoara-l105737;1242237;Jericoacoara Brasil Tour Por La Costa Este Laguna Paradisiaca;https://www.getyourguide.com/es-es/jericoacoara-l105737/jericoacoara-brasil-tour-por-la-costa-este-laguna-paradisiaca-t1242237/
Brasil;lencois-l32549;945216;Morro Do Pai Inacio La Cima De La Chapada Diamantina;https://www.getyourguide.com/es-es/lencois-l32549/morro-do-pai-inacio-la-cima-de-la-chapada-diamantina-t945216/
Brasil;rio-de-janeiro-l9;1310546;Rio Iconos De Rio Cristo Redentor Y Escalera De Selaron;https://www.getyourguide.com/es-es/rio-de-janeiro-l9/rio-iconos-de-rio-cristo-redentor-y-escalera-de-selaron-t1310546/
Brasil;manaos-l917;20181;Manaos Tour De 2 3 O 4 Dias Por La Selva Amazonica En El Anaconda Lodge;https://www.getyourguide.com/es-es/manaos-l917/manaos-tour-de-2-3-o-4-dias-por-la-selva-amazonica-en-el-anaconda-lodge-t20181/
Brasil;petropolis-l1831;759420;Rio Viaje A Petropolis Con Palacio Museo Imperial Y Cerveceria;https://www.getyourguide.com/es-es/petropolis-l1831/rio-viaje-a-petropolis-con-palacio-museo-imperial-y-cerveceria-t759420/
Brasil;rio-de-janeiro-l9;774526;Rio De Janeiro Tu Guia Privado En Un Coche Comodo;https://www.getyourguide.com/es-es/rio-de-janeiro-l9/rio-de-janeiro-tu-guia-privado-en-un-coche-comodo-t774526/
Brasil;rio-de-janeiro-l9;177975;Excursion Guiada Con Ticket De Entrada Sin Colas Al Pan De Azucar;https://www.getyourguide.com/es-es/rio-de-janeiro-l9/excursion-guiada-con-ticket-de-entrada-sin-colas-al-pan-de-azucar-t177975/
Brasil;rio-de-janeiro-l9;1079091;Rio De Janeiro Tour Al Atardecer Con Caipirina Y Recogida;https://www.getyourguide.com/es-es/rio-de-janeiro-l9/rio-de-janeiro-tour-al-atardecer-con-caipirina-y-recogida-t1079091/
Brasil;recife-l1836;225879;Recife Traslado Privado Del Aeropuerto A Los Hoteles De Maragogi;https://www.getyourguide.com/es-es/recife-l1836/recife-traslado-privado-del-aeropuerto-a-los-hoteles-de-maragogi-t225879/
Brasil;fortaleza-l1863;228697;Fortaleza Traslado De Ida Y Vuelta Al Parque De La Playa;https://www.getyourguide.com/es-es/fortaleza-l1863/fortaleza-traslado-de-ida-y-vuelta-al-parque-de-la-playa-t228697/
Brasil;rio-de-janeiro-l9;849880;Rio De Janeiro Sesion De Fotos Con La Fotografa Local Manoella Mello;https://www.getyourguide.com/es-es/rio-de-janeiro-l9/rio-de-janeiro-sesion-de-fotos-con-la-fotografa-local-manoella-mello-t849880/
Brasil;salvador-brasil-l1430;292460;Salvador Servicio De Traslado A La Isla De Morro De Sao Paulo;https://www.getyourguide.com/es-es/salvador-brasil-l1430/salvador-servicio-de-traslado-a-la-isla-de-morro-de-sao-paulo-t292460/
Brasil;rio-de-janeiro-l9;878262;Fiesta En Barco En Rio Funk Reggaeton Y Vistas Impresionantes;https://www.getyourguide.com/es-es/rio-de-janeiro-l9/fiesta-en-barco-en-rio-funk-reggaeton-y-vistas-impresionantes-t878262/
Brasil;foz-de-iguazu-l497;391465;Cataratas Del Iguazu Y Parque De Aves En Un Autobus Turistico;https://www.getyourguide.com/es-es/foz-de-iguazu-l497/cataratas-del-iguazu-y-parque-de-aves-en-un-autobus-turistico-t391465/
Brasil;rio-de-janeiro-l9;425461;Desde Rio De Janeiro Traslado Privado A Arraial Do Cabo;https://www.getyourguide.com/es-es/rio-de-janeiro-l9/desde-rio-de-janeiro-traslado-privado-a-arraial-do-cabo-t425461/
Brasil;rio-de-janeiro-l9;963548;Tour Por La Ruta Dos Irmaos Do Vidigal;https://www.getyourguide.com/es-es/rio-de-janeiro-l9/tour-por-la-ruta-dos-irmaos-do-vidigal-t963548/
Brasil;rio-de-janeiro-l9;1036857;Pedra Bonita Explora Lo Mejor De Rio Desde Las Alturas;https://www.getyourguide.com/es-es/rio-de-janeiro-l9/pedra-bonita-explora-lo-mejor-de-rio-desde-las-alturas-t1036857/
Brasil;porto-alegre-l32362;489808;Porto Alegre Citytour Privado Na Capital Dos Gauchos;https://www.getyourguide.com/es-es/porto-alegre-l32362/porto-alegre-citytour-privado-na-capital-dos-gauchos-t489808/
Brasil;rio-de-janeiro-l9;1077571;Rio De Janeiro La Magia Del Ensayo De Samba De Salgueiro Hoy;https://www.getyourguide.com/es-es/rio-de-janeiro-l9/rio-de-janeiro-la-magia-del-ensayo-de-samba-de-salgueiro-hoy-t1077571/
Brasil;sao-paulo-l384;1284811;Sao Paulo Puntos Destacados Del Casco Historico Tour A Pie De Medio Dia;https://www.getyourguide.com/es-es/sao-paulo-l384/sao-paulo-puntos-destacados-del-casco-historico-tour-a-pie-de-medio-dia-t1284811/
Brasil;rio-de-janeiro-l9;1137896;Rio De Janeiro Sesion De Fotos En El Parque Lage;https://www.getyourguide.com/es-es/rio-de-janeiro-l9/rio-de-janeiro-sesion-de-fotos-en-el-parque-lage-t1137896/
Brasil;rio-de-janeiro-l9;1146795;Golden Rio Paseo Panoramico En Helicoptero;https://www.getyourguide.com/es-es/rio-de-janeiro-l9/golden-rio-paseo-panoramico-en-helicoptero-t1146795/
Brasil;maceio-l2064;664567;Traslado Compartido De Ida De Maceio A Maragogi;https://www.getyourguide.com/es-es/maceio-l2064/traslado-compartido-de-ida-de-maceio-a-maragogi-t664567/
Brasil;maceio-l2064;700108;Excursion A La Playa De Gunga;https://www.getyourguide.com/es-es/maceio-l2064/excursion-a-la-playa-de-gunga-t700108/
Brasil;rio-de-janeiro-l9;54746;Un Dia En Rio Tour De La Ciudad De Rio De Janeiro;https://www.getyourguide.com/es-es/rio-de-janeiro-l9/un-dia-en-rio-tour-de-la-ciudad-de-rio-de-janeiro-t54746/
Brasil;sao-paulo-l384;119560;Sao Paulo Arriba Y Centro Historico En Bicicleta;https://www.getyourguide.com/es-es/sao-paulo-l384/sao-paulo-arriba-y-centro-historico-en-bicicleta-t119560/
Brasil;paraty-l1845;197206;Paraty Expedicion En Lancha Rapida Al Saco Do Mamangua;https://www.getyourguide.com/es-es/paraty-l1845/paraty-expedicion-en-lancha-rapida-al-saco-do-mamangua-t197206/
Brasil;foz-de-iguazu-l497;224784;Foz Do Iguacu Aventura En Las Cataratas Secretas;https://www.getyourguide.com/es-es/foz-de-iguazu-l497/foz-do-iguacu-aventura-en-las-cataratas-secretas-t224784/
Brasil;rio-de-janeiro-l9;1072380;Tourio Experiencia Local En La Favela Santa Marta;https://www.getyourguide.com/es-es/rio-de-janeiro-l9/tourio-experiencia-local-en-la-favela-santa-marta-t1072380/
Brasil;san-luis-l105732;623968;Traslado Sao Luis Santo Amaro Vice Versa;https://www.getyourguide.com/es-es/san-luis-l105732/traslado-sao-luis-santo-amaro-vice-versa-t623968/
Brasil;rio-de-janeiro-l9;728233;Rio De Janeiro Sendero Secreto Y Vistas Increibles Cascada;https://www.getyourguide.com/es-es/rio-de-janeiro-l9/rio-de-janeiro-sendero-secreto-y-vistas-increibles-cascada-t728233/
Brasil;rio-de-janeiro-l9;497371;Tour Rio De Janeiro Cidade Maravilhosa;https://www.getyourguide.com/es-es/rio-de-janeiro-l9/tour-rio-de-janeiro-cidade-maravilhosa-t497371/
Brasil;rio-de-janeiro-l9;540607;Excursion En Barco Por Ilha Grande Desde Rio De Janeiro;https://www.getyourguide.com/es-es/rio-de-janeiro-l9/excursion-en-barco-por-ilha-grande-desde-rio-de-janeiro-t540607/
Brasil;rio-de-janeiro-l9;1257886;Easyfly Vuelo Panoramico En Helicoptero Vip Sobre Rio De Janeiro 4045 Min;https://www.getyourguide.com/es-es/rio-de-janeiro-l9/easyfly-vuelo-panoramico-en-helicoptero-vip-sobre-rio-de-janeiro-4045-min-t1257886/
Brasil;rio-de-janeiro-l9;705703;Rio Tour De La Ciudad Con El Cristo Redentor Y El Pan De Azucar;https://www.getyourguide.com/es-es/rio-de-janeiro-l9/rio-tour-de-la-ciudad-con-el-cristo-redentor-y-el-pan-de-azucar-t705703/
Brasil;rio-de-janeiro-l9;748593;Rio Paquete De Buceo Todo Incluido Best Dive Experience;https://www.getyourguide.com/es-es/rio-de-janeiro-l9/rio-paquete-de-buceo-todo-incluido-best-dive-experience-t748593/
Brasil;rio-de-janeiro-l9;1065619;Rio De Janeiro Aventura De Parasailing Con Servicio De Recogida Del Hotel;https://www.getyourguide.com/es-es/rio-de-janeiro-l9/rio-de-janeiro-aventura-de-parasailing-con-servicio-de-recogida-del-hotel-t1065619/
Brasil;rio-de-janeiro-l9;259502;Rio De Janeiro Paseo En Velero Al Atardecer;https://www.getyourguide.com/es-es/rio-de-janeiro-l9/rio-de-janeiro-paseo-en-velero-al-atardecer-t259502/
Brasil;itacare-l143043;858614;Itacare Autentica Clase De Jiu Jitsu Brasileno;https://www.getyourguide.com/es-es/itacare-l143043/itacare-autentica-clase-de-jiu-jitsu-brasileno-t858614/
Brasil;itamonte-l259498;1127017;Parque Nacional De Itatiaia Circuito De Los 5 Lagos Con Guia Especializado;https://www.getyourguide.com/es-es/itamonte-l259498/parque-nacional-de-itatiaia-circuito-de-los-5-lagos-con-guia-especializado-t1127017/
Brasil;santo-amaro-da-imperatriz-l240306;1155077;Florianopolis Aguas Termales Imperiales Y Naturaleza;https://www.getyourguide.com/es-es/santo-amaro-da-imperatriz-l240306/florianopolis-aguas-termales-imperiales-y-naturaleza-t1155077/
Brasil;paraty-l1845;1170367;Paraty Senderismo Por Pedra Da Macela Con Amanecer;https://www.getyourguide.com/es-es/paraty-l1845/paraty-senderismo-por-pedra-da-macela-con-amanecer-t1170367/
Brasil;sao-paulo-l384;1187471;Sao Paulo Tour De Moda Y Ropa Urbana Con Guia;https://www.getyourguide.com/es-es/sao-paulo-l384/sao-paulo-tour-de-moda-y-ropa-urbana-con-guia-t1187471/
Brasil;rio-de-janeiro-l9;1192086;Tour Privado Por Rio De Janeiro Dejate Sorprender Por Las Vistas Del Cristo Redentor;https://www.getyourguide.com/es-es/rio-de-janeiro-l9/tour-privado-por-rio-de-janeiro-dejate-sorprender-por-las-vistas-del-cristo-redentor-t1192086/
Brasil;rio-de-janeiro-l9;1006483;Rio De Janeiro Tour En Moto Visita A La Favela Santa Marta;https://www.getyourguide.com/es-es/rio-de-janeiro-l9/rio-de-janeiro-tour-en-moto-visita-a-la-favela-santa-marta-t1006483/
Brasil;rio-de-janeiro-l9;1013518;Rio De Janeiro Centro Historico Y Moderno Walking Tour Instagrameable;https://www.getyourguide.com/es-es/rio-de-janeiro-l9/rio-de-janeiro-centro-historico-y-moderno-walking-tour-instagrameable-t1013518/
Brasil;arraial-del-cabo-l95354;1043024;Cabo Frio Rj Alquiler Y Paseo Con E Bikes Tour E Bike Adventure;https://www.getyourguide.com/es-es/arraial-del-cabo-l95354/cabo-frio-rj-alquiler-y-paseo-con-e-bikes-tour-e-bike-adventure-t1043024/
Brasil;rio-de-janeiro-l9;1254160;Rio De Janeiro Experiencia Privada En Lancha Al Atardecer Con Cava;https://www.getyourguide.com/es-es/rio-de-janeiro-l9/rio-de-janeiro-experiencia-privada-en-lancha-al-atardecer-con-cava-t1254160/
Brasil;rio-de-janeiro-l9;1272927;Carnaval De Rio 2027 Ticket Para El Sambodromo Con Traslado;https://www.getyourguide.com/es-es/rio-de-janeiro-l9/carnaval-de-rio-2027-ticket-para-el-sambodromo-con-traslado-t1272927/
Brasil;sao-miguel-dos-milagres-l98856;1098202;Sao Miguel Dos Milagres Balsas Arrecifes Y Piscinas;https://www.getyourguide.com/es-es/sao-miguel-dos-milagres-l98856/sao-miguel-dos-milagres-balsas-arrecifes-y-piscinas-t1098202/
Brasil;maragogi-l122555;1098279;Maragogi Tour Por Las Playas Del Caribe Brasileno Con Recogida;https://www.getyourguide.com/es-es/maragogi-l122555/maragogi-tour-por-las-playas-del-caribe-brasileno-con-recogida-t1098279/
Brasil;rio-de-janeiro-l9;41875;Rio Ruta De Senderismo Por El Pan De Azucar El Pico Emblematico De Brasil;https://www.getyourguide.com/es-es/rio-de-janeiro-l9/rio-ruta-de-senderismo-por-el-pan-de-azucar-el-pico-emblematico-de-brasil-t41875/
Brasil;paraty-l1845;82176;Paseo En Barco Goleta En Paraty;https://www.getyourguide.com/es-es/paraty-l1845/paseo-en-barco-goleta-en-paraty-t82176/
Brasil;porto-de-galinhas-l32612;298730;Traslado Privado Porto De Galinhas Y Recife;https://www.getyourguide.com/es-es/porto-de-galinhas-l32612/traslado-privado-porto-de-galinhas-y-recife-t298730/
Brasil;manaos-l917;888659;Manaos Excursion De Un Dia A Las Cataratas Del Amazonas Con Almuerzo;https://www.getyourguide.com/es-es/manaos-l917/manaos-excursion-de-un-dia-a-las-cataratas-del-amazonas-con-almuerzo-t888659/
Brasil;rio-de-janeiro-l9;484393;Rio De Janeiro Cariocando Na Floresta Da Tijuca;https://www.getyourguide.com/es-es/rio-de-janeiro-l9/rio-de-janeiro-cariocando-na-floresta-da-tijuca-t484393/
Brasil;rio-de-janeiro-l9;503227;Rio De Janeiro Entrada Museo Flamengo;https://www.getyourguide.com/es-es/rio-de-janeiro-l9/rio-de-janeiro-entrada-museo-flamengo-t503227/
Brasil;manaos-l917;296315;Manaus Visita Historica De La Ciudad;https://www.getyourguide.com/es-es/manaos-l917/manaus-visita-historica-de-la-ciudad-t296315/
Brasil;rio-de-janeiro-l9;713807;Excursao Para Pedra Do Telegrafo Com Saida Do Rio De Janeiro;https://www.getyourguide.com/es-es/rio-de-janeiro-l9/excursao-para-pedra-do-telegrafo-com-saida-do-rio-de-janeiro-t713807/
Brasil;angra-dos-reis-l88183;1208902;Paseo En Lancha De Media Vuelta Por Ilha Grande;https://www.getyourguide.com/es-es/angra-dos-reis-l88183/paseo-en-lancha-de-media-vuelta-por-ilha-grande-t1208902/
Brasil;niteroi-l34109;1222140;Vuelo Doble En Parapente En Niteroi Con Instructor Certificado Y Vistas De Rio;https://www.getyourguide.com/es-es/niteroi-l34109/vuelo-doble-en-parapente-en-niteroi-con-instructor-certificado-y-vistas-de-rio-t1222140/
Brasil;rio-de-janeiro-l9;508103;Rio Caminata Por La Colina De Los Dos Hermanos Y La Favela De Vidigal Grupo Compartido;https://www.getyourguide.com/es-es/rio-de-janeiro-l9/rio-caminata-por-la-colina-de-los-dos-hermanos-y-la-favela-de-vidigal-grupo-compartido-t508103/
Brasil;canela-l117155;822534;Desde Gramado Tour De La Ciudad De Canela Y Gramado;https://www.getyourguide.com/es-es/canela-l117155/desde-gramado-tour-de-la-ciudad-de-canela-y-gramado-t822534/
Brasil;sao-paulo-l384;1234388;Sao Paulo Tour De 1 Dia Sobre Futbol Con Recogida En El Hotel;https://www.getyourguide.com/es-es/sao-paulo-l384/sao-paulo-tour-de-1-dia-sobre-futbol-con-recogida-en-el-hotel-t1234388/
Brasil;rio-de-janeiro-l9;847532;Naturaleza Inolvidable Recorrido Por La Selva De Tijuca Y El Jardin Botanico;https://www.getyourguide.com/es-es/rio-de-janeiro-l9/naturaleza-inolvidable-recorrido-por-la-selva-de-tijuca-y-el-jardin-botanico-t847532/
Brasil;rio-de-janeiro-l9;852708;Tour Arpoador Paseo Por Copacabana Y Puesta De Sol En El Arpoador;https://www.getyourguide.com/es-es/rio-de-janeiro-l9/tour-arpoador-paseo-por-copacabana-y-puesta-de-sol-en-el-arpoador-t852708/
Brasil;porto-de-galinhas-l32612;1291812;Despertar Coralino Balsa Y Cultivo De Corales En Porto De Galinhas Pernambuco Brasil;https://www.getyourguide.com/es-es/porto-de-galinhas-l32612/despertar-coralino-balsa-y-cultivo-de-corales-en-porto-de-galinhas-pernambuco-brasil-t1291812/
Brasil;barreirinhas-l105727;900007;Observar Las Estrellas En Lencois Maranhenses;https://www.getyourguide.com/es-es/barreirinhas-l105727/observar-las-estrellas-en-lencois-maranhenses-t900007/
Brasil;rio-de-janeiro-l9;954655;Sesion Fotografica O Filmacion Con Dron En Rio De Janeiro;https://www.getyourguide.com/es-es/rio-de-janeiro-l9/sesion-fotografica-o-filmacion-con-dron-en-rio-de-janeiro-t954655/
Brasil;rio-de-janeiro-l9;289500;Rio De Janeiro Teleferico Pan De Azucar;https://www.getyourguide.com/es-es/rio-de-janeiro-l9/rio-de-janeiro-teleferico-pan-de-azucar-t289500/
Brasil;foz-de-iguazu-l497;846592;Privado Cataratas Del Iguazu Lado Brasileno Y Argentino En 2 Dias;https://www.getyourguide.com/es-es/foz-de-iguazu-l497/privado-cataratas-del-iguazu-lado-brasileno-y-argentino-en-2-dias-t846592/
Brasil;rio-de-janeiro-l9;389501;Rio De Janeiro Excursion De Medio Dia Por El Rio Historico Y Santa Teresa;https://www.getyourguide.com/es-es/rio-de-janeiro-l9/rio-de-janeiro-excursion-de-medio-dia-por-el-rio-historico-y-santa-teresa-t389501/
Brasil;ilheus-l126783;880926;Recepcion Ilheus Itacare;https://www.getyourguide.com/es-es/ilheus-l126783/recepcion-ilheus-itacare-t880926/
Brasil;botucatu-l155076;916679;Senderos Del Tiete En El Parque Pavuna En Botucatu Sp;https://www.getyourguide.com/es-es/botucatu-l155076/senderos-del-tiete-en-el-parque-pavuna-en-botucatu-sp-t916679/
Brasil;rio-de-janeiro-l9;949177;Rio Cena Guiada En Una Churrasqueria Con Vinos Sudamericanos;https://www.getyourguide.com/es-es/rio-de-janeiro-l9/rio-cena-guiada-en-una-churrasqueria-con-vinos-sudamericanos-t949177/
Brasil;rio-de-janeiro-l9;1014579;Rio De Janeiro Excursion A La Garganta Do Ceu;https://www.getyourguide.com/es-es/rio-de-janeiro-l9/rio-de-janeiro-excursion-a-la-garganta-do-ceu-t1014579/
Brasil;bento-goncalves-l117160;1193886;Bento Goncalves Vinedos De Origen Cantinas De Verdad;https://www.getyourguide.com/es-es/bento-goncalves-l117160/bento-goncalves-vinedos-de-origen-cantinas-de-verdad-t1193886/
Brasil;rio-de-janeiro-l9;531111;Rio De Janeiro Recorrido Por Las Favelas Rocinha;https://www.getyourguide.com/es-es/rio-de-janeiro-l9/rio-de-janeiro-recorrido-por-las-favelas-rocinha-t531111/
Brasil;rio-de-janeiro-l9;1074607;Rio De Janeiro Tour De 2 Horas Por Los Bares De La Favela Do Vidigal;https://www.getyourguide.com/es-es/rio-de-janeiro-l9/rio-de-janeiro-tour-de-2-horas-por-los-bares-de-la-favela-do-vidigal-t1074607/
Brasil;barreirinhas-l105727;598051;Senderismo De Un Dia En Lencois Maranhenses;https://www.getyourguide.com/es-es/barreirinhas-l105727/senderismo-de-un-dia-en-lencois-maranhenses-t598051/
Brasil;rio-de-janeiro-l9;142839;Excursion Guiada A Pie Por Pedra Da Gavea;https://www.getyourguide.com/es-es/rio-de-janeiro-l9/excursion-guiada-a-pie-por-pedra-da-gavea-t142839/
Brasil;rio-de-janeiro-l9;832800;7 Escaleras Secretas Selaron Por Alan Denis;https://www.getyourguide.com/es-es/rio-de-janeiro-l9/7-escaleras-secretas-selaron-por-alan-denis-t832800/
Brasil;rio-de-janeiro-l9;498850;Pedra Do Telegrafo Senderismo Y Relax En Una Playa Salvaje;https://www.getyourguide.com/es-es/rio-de-janeiro-l9/pedra-do-telegrafo-senderismo-y-relax-en-una-playa-salvaje-t498850/
Brasil;canela-l117155;1192821;Ciudad De Alto Feliz Un Dia Inolvidable En Don Guerino;https://www.getyourguide.com/es-es/canela-l117155/ciudad-de-alto-feliz-un-dia-inolvidable-en-don-guerino-t1192821/
Brasil;rio-de-janeiro-l9;825124;Rio De Janeiro Excursion En Stand Up Paddleboard Al Amanecer En Copacabana;https://www.getyourguide.com/es-es/rio-de-janeiro-l9/rio-de-janeiro-excursion-en-stand-up-paddleboard-al-amanecer-en-copacabana-t825124/
Brasil;paraty-l1845;877958;Descubre Las Mejores Islas De Paraty En Un Paseo En Barco Exclusivo;https://www.getyourguide.com/es-es/paraty-l1845/descubre-las-mejores-islas-de-paraty-en-un-paseo-en-barco-exclusivo-t877958/
Brasil;rio-de-janeiro-l9;879108;Rio De Janeiro Tour Privado En Lancha Rapida Hasta 12 Personas;https://www.getyourguide.com/es-es/rio-de-janeiro-l9/rio-de-janeiro-tour-privado-en-lancha-rapida-hasta-12-personas-t879108/
Brasil;rio-de-janeiro-l9;1301403;Experiencia Vip De La Vida Nocturna De Rio;https://www.getyourguide.com/es-es/rio-de-janeiro-l9/experiencia-vip-de-la-vida-nocturna-de-rio-t1301403/
Brasil;lencois-l32549;1309985;Encantos Da Chapada Ruta Por El Parque Muritiba;https://www.getyourguide.com/es-es/lencois-l32549/encantos-da-chapada-ruta-por-el-parque-muritiba-t1309985/
Brasil;rio-de-janeiro-l9;1011737;La Mejor Experiencia De Avistamiento De Ballenas En Rio;https://www.getyourguide.com/es-es/rio-de-janeiro-l9/la-mejor-experiencia-de-avistamiento-de-ballenas-en-rio-t1011737/
Brasil;rio-de-janeiro-l9;1034155;Rio De Janeiro One Night In Rooftops And Nightclubs Of Brazil;https://www.getyourguide.com/es-es/rio-de-janeiro-l9/rio-de-janeiro-one-night-in-rooftops-and-nightclubs-of-brazil-t1034155/
Brasil;angra-dos-reis-l88183;1038088;Buceo Guiado En La Belleza De Angra Dos Reis;https://www.getyourguide.com/es-es/angra-dos-reis-l88183/buceo-guiado-en-la-belleza-de-angra-dos-reis-t1038088/
Brasil;rio-de-janeiro-l9;96633;Petropolis Tour De La Ciudad Imperial;https://www.getyourguide.com/es-es/rio-de-janeiro-l9/petropolis-tour-de-la-ciudad-imperial-t96633/
Brasil;rio-de-janeiro-l9;1078999;Rio De Janeiro Tour Por El Teatro Nacional Y La Biblioteca Nacional Con Recogida;https://www.getyourguide.com/es-es/rio-de-janeiro-l9/rio-de-janeiro-tour-por-el-teatro-nacional-y-la-biblioteca-nacional-con-recogida-t1078999/
Brasil;salvador-brasil-l1430;159305;Excursion A La Campina De Cachoeira Desde Salvador;https://www.getyourguide.com/es-es/salvador-brasil-l1430/excursion-a-la-campina-de-cachoeira-desde-salvador-t159305/
Brasil;paraty-l1845;196987;Bahia De Paraty Experiencia De Tour En Barco;https://www.getyourguide.com/es-es/paraty-l1845/bahia-de-paraty-experiencia-de-tour-en-barco-t196987/
Brasil;sao-paulo-l384;1097252;Sao Paulo Ticket De Entrada Al Zoologico De Sao Paulo;https://www.getyourguide.com/es-es/sao-paulo-l384/sao-paulo-ticket-de-entrada-al-zoologico-de-sao-paulo-t1097252/
Brasil;rio-de-janeiro-l9;1241302;Playa De Arpoador Clase De Surf Con Imagenes De Dron;https://www.getyourguide.com/es-es/rio-de-janeiro-l9/playa-de-arpoador-clase-de-surf-con-imagenes-de-dron-t1241302/
Brasil;rio-de-janeiro-l9;1282494;Pedra Bonita Ruta Con Un Geologo Y Visita A La Rampa De Vuelo Sin Motor;https://www.getyourguide.com/es-es/rio-de-janeiro-l9/pedra-bonita-ruta-con-un-geologo-y-visita-a-la-rampa-de-vuelo-sin-motor-t1282494/
Brasil;paraty-l1845;197017;Paraty Tour De La Ciudad Cultural;https://www.getyourguide.com/es-es/paraty-l1845/paraty-tour-de-la-ciudad-cultural-t197017/
Brasil;belem-brasil-l32400;385709;Belem Excursion De Medio Dia En Barco Por Los Furos Y Visita A La Comunidad Riberena;https://www.getyourguide.com/es-es/belem-brasil-l32400/belem-excursion-de-medio-dia-en-barco-por-los-furos-y-visita-a-la-comunidad-riberena-t385709/
Brasil;rio-de-janeiro-l9;405689;Rio De Janeiro Tour Destacado En Helicoptero;https://www.getyourguide.com/es-es/rio-de-janeiro-l9/rio-de-janeiro-tour-destacado-en-helicoptero-t405689/
Brasil;villa-do-abraao-l176580;478099;Paseo Historico Y Natural Con Piscina Natural;https://www.getyourguide.com/es-es/villa-do-abraao-l176580/paseo-historico-y-natural-con-piscina-natural-t478099/
Brasil;rio-de-janeiro-l9;517757;Pequena Africa Recorrido A Pie Del Pasado Al Futuro;https://www.getyourguide.com/es-es/rio-de-janeiro-l9/pequena-africa-recorrido-a-pie-del-pasado-al-futuro-t517757/
Brasil;rio-de-janeiro-l9;752211;Vive La Magia Del Carnaval De Rio Todo El Ano;https://www.getyourguide.com/es-es/rio-de-janeiro-l9/vive-la-magia-del-carnaval-de-rio-todo-el-ano-t752211/
Brasil;porto-seguro-l126793;800946;Porto Seguro Traslado Al Aeropuerto Hasta El Alojamiento;https://www.getyourguide.com/es-es/porto-seguro-l126793/porto-seguro-traslado-al-aeropuerto-hasta-el-alojamiento-t800946/
Brasil;rio-de-janeiro-l9;893524;Rio Ticket De Entrada Al Estadio Maracana Y Transporte Privado;https://www.getyourguide.com/es-es/rio-de-janeiro-l9/rio-ticket-de-entrada-al-estadio-maracana-y-transporte-privado-t893524/
Brasil;maceio-l2064;973610;Maragogi Transporte Catamaran Piscinas Naturales Saliendo De Maceio;https://www.getyourguide.com/es-es/maceio-l2064/maragogi-transporte-catamaran-piscinas-naturales-saliendo-de-maceio-t973610/
Brasil;teresopolis-l154917;1057099;Teresopolis Tour De Exploracion De La Fauna Del Bosque Atlantico;https://www.getyourguide.com/es-es/teresopolis-l154917/teresopolis-tour-de-exploracion-de-la-fauna-del-bosque-atlantico-t1057099/
Brasil;penedo-brasil-l246877;1069741;Paseo A Caballo En Penedo Por Manantiales Y Rocas;https://www.getyourguide.com/es-es/penedo-brasil-l246877/paseo-a-caballo-en-penedo-por-manantiales-y-rocas-t1069741/
Brasil;flores-da-cunha-l154785;1256136;Sabores De Nova Padua Un Recorrido En Vespa Por Los Vinedos;https://www.getyourguide.com/es-es/flores-da-cunha-l154785/sabores-de-nova-padua-un-recorrido-en-vespa-por-los-vinedos-t1256136/
Brasil;rio-de-janeiro-l9;86093;Traslado Diario De Rio A Buzios;https://www.getyourguide.com/es-es/rio-de-janeiro-l9/traslado-diario-de-rio-a-buzios-t86093/
Brasil;rio-de-janeiro-l9;471201;Buzios Hermosa Pequena Ciudad Y Grandes Playas;https://www.getyourguide.com/es-es/rio-de-janeiro-l9/buzios-hermosa-pequena-ciudad-y-grandes-playas-t471201/
Brasil;barreirinhas-l105727;490747;Tour De Dia Completo Lagunas De Santo Amaro;https://www.getyourguide.com/es-es/barreirinhas-l105727/tour-de-dia-completo-lagunas-de-santo-amaro-t490747/
Brasil;rio-de-janeiro-l9;516981;Aventurismo 2 Irmaos Colina Vidigal Favela;https://www.getyourguide.com/es-es/rio-de-janeiro-l9/aventurismo-2-irmaos-colina-vidigal-favela-t516981/
Brasil;rio-de-janeiro-l9;641748;Jardin Botanico De Rio De Janeiro;https://www.getyourguide.com/es-es/rio-de-janeiro-l9/jardin-botanico-de-rio-de-janeiro-t641748/
Brasil;fortaleza-l1863;682692;Fortaleza Excursion A La Playa De Aguas Belas;https://www.getyourguide.com/es-es/fortaleza-l1863/fortaleza-excursion-a-la-playa-de-aguas-belas-t682692/
Brasil;florianopolis-l246;1002265;Recorrido Por El Camino Brasileno De Santiago De Compostela Florianopolis;https://www.getyourguide.com/es-es/florianopolis-l246/recorrido-por-el-camino-brasileno-de-santiago-de-compostela-florianopolis-t1002265/
Brasil;barreirinhas-l105727;1041915;Lagoa Bonita Dunas Senderos Y Un Atardecer Impresionante;https://www.getyourguide.com/es-es/barreirinhas-l105727/lagoa-bonita-dunas-senderos-y-un-atardecer-impresionante-t1041915/
Brasil;rio-de-janeiro-l9;1062952;Rio De Janeiro Tour Privado Personalizado Con Guia;https://www.getyourguide.com/es-es/rio-de-janeiro-l9/rio-de-janeiro-tour-privado-personalizado-con-guia-t1062952/
Brasil;rio-de-janeiro-l9;1154557;Rio De Janeiro Experiencia De Escalada En Urca;https://www.getyourguide.com/es-es/rio-de-janeiro-l9/rio-de-janeiro-experiencia-de-escalada-en-urca-t1154557/
Brasil;pindamonhangaba-l157698;1222210;Campos Do Jordao Tour Completo Con Guia Y Transporte;https://www.getyourguide.com/es-es/pindamonhangaba-l157698/campos-do-jordao-tour-completo-con-guia-y-transporte-t1222210/
Brasil;foz-de-iguazu-l497;1257965;Foz De Iguazu Pasaporte Para El Dreams Park Show Con 6 Atracciones;https://www.getyourguide.com/es-es/foz-de-iguazu-l497/foz-de-iguazu-pasaporte-para-el-dreams-park-show-con-6-atracciones-t1257965/
Brasil;rio-de-janeiro-l9;1260179;Rio De Janeiro Tour De La Ciudad En Moto Con Guia Local;https://www.getyourguide.com/es-es/rio-de-janeiro-l9/rio-de-janeiro-tour-de-la-ciudad-en-moto-con-guia-local-t1260179/
Brasil;balneario-camboriu-l32252;1307811;Recorrido Por Bombinhas Con Safari Descubrimos 7 Playas De La Peninsula Encantada;https://www.getyourguide.com/es-es/balneario-camboriu-l32252/recorrido-por-bombinhas-con-safari-descubrimos-7-playas-de-la-peninsula-encantada-t1307811/
Brasil;rio-de-janeiro-l9;410041;Tour Privado Cristo Con Entrada Maracana Pan De Azucar Rio Antiguo;https://www.getyourguide.com/es-es/rio-de-janeiro-l9/tour-privado-cristo-con-entrada-maracana-pan-de-azucar-rio-antiguo-t410041/
Brasil;san-luis-l105732;475569;Traslado Sao Luis A Barreirinhas Lencois;https://www.getyourguide.com/es-es/san-luis-l105732/traslado-sao-luis-a-barreirinhas-lencois-t475569/
Brasil;rio-de-janeiro-l9;532744;Experiencia De Juego Fluminense En El Emblematico Estadio Maracana;https://www.getyourguide.com/es-es/rio-de-janeiro-l9/experiencia-de-juego-fluminense-en-el-emblematico-estadio-maracana-t532744/
Brasil;sao-paulo-l384;534488;Experiencia De Juego Del Corinthians En El Neo Quimica Arena;https://www.getyourguide.com/es-es/sao-paulo-l384/experiencia-de-juego-del-corinthians-en-el-neo-quimica-arena-t534488/
Brasil;porto-das-dunas-l146529;924125;Fortalezace Entradas Para El Beach Park;https://www.getyourguide.com/es-es/porto-das-dunas-l146529/fortalezace-entradas-para-el-beach-park-t924125/
Brasil;rio-de-janeiro-l9;1082473;Rio De Janeiro Excursion De Senderismo Por El Sendero Pedra Da Gavea;https://www.getyourguide.com/es-es/rio-de-janeiro-l9/rio-de-janeiro-excursion-de-senderismo-por-el-sendero-pedra-da-gavea-t1082473/
Brasil;paraty-l1845;1118092;Paraty Tour Guiado A Pie Por La Ciudad De Los Caicara;https://www.getyourguide.com/es-es/paraty-l1845/paraty-tour-guiado-a-pie-por-la-ciudad-de-los-caicara-t1118092/
Brasil;paraty-l1845;1150979;Paraty Tour En Kayak Por Los Manglares Con Capibaras;https://www.getyourguide.com/es-es/paraty-l1845/paraty-tour-en-kayak-por-los-manglares-con-capibaras-t1150979/
Brasil;rio-de-janeiro-l9;1168888;Rio De Janeiro Tour En Catamaran Por La Bahia De Guanabara Con Recogida;https://www.getyourguide.com/es-es/rio-de-janeiro-l9/rio-de-janeiro-tour-en-catamaran-por-la-bahia-de-guanabara-con-recogida-t1168888/
Brasil;sao-miguel-dos-milagres-l98856;1186481;Sao Miguel Dos Milagres Excursion De Un Dia;https://www.getyourguide.com/es-es/sao-miguel-dos-milagres-l98856/sao-miguel-dos-milagres-excursion-de-un-dia-t1186481/
Brasil;villa-do-abraao-l176580;1213030;Ilha Grande Paseo En Lancha Por Lagunas Y Playas De Aguas Cristalinas;https://www.getyourguide.com/es-es/villa-do-abraao-l176580/ilha-grande-paseo-en-lancha-por-lagunas-y-playas-de-aguas-cristalinas-t1213030/
Brasil;foz-de-iguazu-l497;1240045;Desayuno Rural Y Cataratas Del Iguazu Una Experiencia Privada Exclusiva;https://www.getyourguide.com/es-es/foz-de-iguazu-l497/desayuno-rural-y-cataratas-del-iguazu-una-experiencia-privada-exclusiva-t1240045/
Brasil;rio-de-janeiro-l9;295455;Dentro De Los Mercados De Rio Prueba Mas De 15 Frutas Exoticas Con Un Guia;https://www.getyourguide.com/es-es/rio-de-janeiro-l9/dentro-de-los-mercados-de-rio-prueba-mas-de-15-frutas-exoticas-con-un-guia-t295455/
Brasil;rio-de-janeiro-l9;422257;Ida Y Vueltatraslado De Rio De Janeiro A Ilha Grandebarco;https://www.getyourguide.com/es-es/rio-de-janeiro-l9/ida-y-vueltatraslado-de-rio-de-janeiro-a-ilha-grandebarco-t422257/
Brasil;rio-de-janeiro-l9;884930;Descubre Pedra Do Telegrafo Excursion Panoramica Con Guia Experto;https://www.getyourguide.com/es-es/rio-de-janeiro-l9/descubre-pedra-do-telegrafo-excursion-panoramica-con-guia-experto-t884930/
Brasil;paraty-l1845;885242;Paraty Tour En Jeep A Cascadas Y La Destileria Engenho D Ouro;https://www.getyourguide.com/es-es/paraty-l1845/paraty-tour-en-jeep-a-cascadas-y-la-destileria-engenho-d-ouro-t885242/
Brasil;rio-de-janeiro-l9;1101362;Viaje Guiado De Rio De Janeiro A Buzios Llega A Buzios Con Estilo;https://www.getyourguide.com/es-es/rio-de-janeiro-l9/viaje-guiado-de-rio-de-janeiro-a-buzios-llega-a-buzios-con-estilo-t1101362/
Brasil;jericoacoara-l105737;1103887;Paseo En Quad Al Atardecer En Jericoacoara;https://www.getyourguide.com/es-es/jericoacoara-l105737/paseo-en-quad-al-atardecer-en-jericoacoara-t1103887/
Brasil;rio-de-janeiro-l9;1123660;Rio De Janeiro Fiesta De Funk Latino Con Dj Y Ritmos Calientes;https://www.getyourguide.com/es-es/rio-de-janeiro-l9/rio-de-janeiro-fiesta-de-funk-latino-con-dj-y-ritmos-calientes-t1123660/
Brasil;alter-do-chao-l148407;387685;Alter Do Chao Excursion En Barco Por El Rio Arapiuns Y La Aldea De Urucurea;https://www.getyourguide.com/es-es/alter-do-chao-l148407/alter-do-chao-excursion-en-barco-por-el-rio-arapiuns-y-la-aldea-de-urucurea-t387685/
Brasil;rio-de-janeiro-l9;400167;Rio De Janeiro Excursion A La Colina De Dois Irmaos Y A La Favela De Vidigal;https://www.getyourguide.com/es-es/rio-de-janeiro-l9/rio-de-janeiro-excursion-a-la-colina-de-dois-irmaos-y-a-la-favela-de-vidigal-t400167/
Brasil;rio-de-janeiro-l9;412112;Rio De Janeiro Tour En Barco Atardecer Con Cerveza;https://www.getyourguide.com/es-es/rio-de-janeiro-l9/rio-de-janeiro-tour-en-barco-atardecer-con-cerveza-t412112/
Brasil;sao-paulo-l384;426663;Aeropuerto De Congonhas Sao Paulo Traslado Privado A Sao Paulo;https://www.getyourguide.com/es-es/sao-paulo-l384/aeropuerto-de-congonhas-sao-paulo-traslado-privado-a-sao-paulo-t426663/
Brasil;rio-de-janeiro-l9;429733;Rio De Janeiro Tour Guiado De Dia Completo Por La Ciudad;https://www.getyourguide.com/es-es/rio-de-janeiro-l9/rio-de-janeiro-tour-guiado-de-dia-completo-por-la-ciudad-t429733/
Brasil;sao-paulo-l384;1032099;La Mejor Experiencia Gastronomica De Sao Paulo Hasta 34 Sabores;https://www.getyourguide.com/es-es/sao-paulo-l384/la-mejor-experiencia-gastronomica-de-sao-paulo-hasta-34-sabores-t1032099/
Brasil;atins-l158343;1041968;Circuito Atins Laguna Tropical Canto Y Playa Salvaje;https://www.getyourguide.com/es-es/atins-l158343/circuito-atins-laguna-tropical-canto-y-playa-salvaje-t1041968/
Brasil;sao-jose-dos-pinhais-l212800;1203432;Sao Jose Dos Pinhais Tour Guiado Por La Ruta Del Vino;https://www.getyourguide.com/es-es/sao-jose-dos-pinhais-l212800/sao-jose-dos-pinhais-tour-guiado-por-la-ruta-del-vino-t1203432/
Brasil;manaos-l917;1208423;Presidente Figueiredo Inmersion En Una Posada En La Selva Amazonica 2 4 Dias;https://www.getyourguide.com/es-es/manaos-l917/presidente-figueiredo-inmersion-en-una-posada-en-la-selva-amazonica-2-4-dias-t1208423/
Brasil;rio-de-janeiro-l9;1270065;Baile Funk En El Mirador De Rocinha;https://www.getyourguide.com/es-es/rio-de-janeiro-l9/baile-funk-en-el-mirador-de-rocinha-t1270065/
Brasil;florianopolis-l246;1273035;Florianopolis Tour Por El Valle Europeo Blumenau Y Pomerode;https://www.getyourguide.com/es-es/florianopolis-l246/florianopolis-tour-por-el-valle-europeo-blumenau-y-pomerode-t1273035/
Brasil;foz-de-iguazu-l497;1281104;Foz Do Iguacu Tour Por Las Cataratas El Parque Das Aves Y El Monumento De Las Tres Fronteras;https://www.getyourguide.com/es-es/foz-de-iguazu-l497/foz-do-iguacu-tour-por-las-cataratas-el-parque-das-aves-y-el-monumento-de-las-tres-fronteras-t1281104/
Brasil;rio-de-janeiro-l9;73934;Lo Mejor De Rio Pan De Azucar Santa Teresa Selaron Y Corcovado;https://www.getyourguide.com/es-es/rio-de-janeiro-l9/lo-mejor-de-rio-pan-de-azucar-santa-teresa-selaron-y-corcovado-t73934/
Brasil;rio-de-janeiro-l9;76531;Tour Privado Y Personalizado De 8 Horas En Rio Con Tickets Vip;https://www.getyourguide.com/es-es/rio-de-janeiro-l9/tour-privado-y-personalizado-de-8-horas-en-rio-con-tickets-vip-t76531/
Brasil;belem-brasil-l32400;386546;Desde Belem Excursion Guiada De Un Dia A La Isla De Marajo Y Soure;https://www.getyourguide.com/es-es/belem-brasil-l32400/desde-belem-excursion-guiada-de-un-dia-a-la-isla-de-marajo-y-soure-t386546/
Brasil;rio-de-janeiro-l9;428690;Aeropuerto Gig De Rio De Janeiro Acceso A La Sala Vip;https://www.getyourguide.com/es-es/rio-de-janeiro-l9/aeropuerto-gig-de-rio-de-janeiro-acceso-a-la-sala-vip-t428690/
Brasil;rio-de-janeiro-l9;444798;Estadio Maracana Ticket De Entrada Y Bebida;https://www.getyourguide.com/es-es/rio-de-janeiro-l9/estadio-maracana-ticket-de-entrada-y-bebida-t444798/
Brasil;recife-l1836;490712;Tour Olinda Con Recife Antigo Con Salida Desde Recife;https://www.getyourguide.com/es-es/recife-l1836/tour-olinda-con-recife-antigo-con-salida-desde-recife-t490712/
Brasil;manaos-l917;561682;Traslado Privado Al Aeropuerto De Manaus;https://www.getyourguide.com/es-es/manaos-l917/traslado-privado-al-aeropuerto-de-manaus-t561682/
Brasil;rio-de-janeiro-l9;767160;Rio De Janeiro Tour Guiado Privado De La Ciudad;https://www.getyourguide.com/es-es/rio-de-janeiro-l9/rio-de-janeiro-tour-guiado-privado-de-la-ciudad-t767160/
Brasil;barreirinhas-l105727;781713;Excursion De Un Dia A Atins Por Los Lencois Maranhenses;https://www.getyourguide.com/es-es/barreirinhas-l105727/excursion-de-un-dia-a-atins-por-los-lencois-maranhenses-t781713/
Brasil;rio-de-janeiro-l9;878251;Un Dia En Rio Cristo Redentor Y Pan De Azucar;https://www.getyourguide.com/es-es/rio-de-janeiro-l9/un-dia-en-rio-cristo-redentor-y-pan-de-azucar-t878251/
Brasil;manaos-l917;896634;Manaos Encuentro De Las Aguas Excursion Privada En Barco;https://www.getyourguide.com/es-es/manaos-l917/manaos-encuentro-de-las-aguas-excursion-privada-en-barco-t896634/
Brasil;rio-de-janeiro-l9;1012214;Descubre Lo Mejor De Rio En Un Tour Local Completo Y Exclusivo;https://www.getyourguide.com/es-es/rio-de-janeiro-l9/descubre-lo-mejor-de-rio-en-un-tour-local-completo-y-exclusivo-t1012214/
Brasil;mucuge-l214116;1101512;Chapada Diamantina Vale Do Pati Travesia De 5 Dias Con Guias Locales;https://www.getyourguide.com/es-es/mucuge-l214116/chapada-diamantina-vale-do-pati-travesia-de-5-dias-con-guias-locales-t1101512/
Brasil;rio-de-janeiro-l9;1122779;Pequena Africa Raices De La Resistencia;https://www.getyourguide.com/es-es/rio-de-janeiro-l9/pequena-africa-raices-de-la-resistencia-t1122779/
Brasil;rio-de-janeiro-l9;1279027;Rio De Janeiro Recorrido Artistico E Historico De Medio Dia Con El Pan De Azucar;https://www.getyourguide.com/es-es/rio-de-janeiro-l9/rio-de-janeiro-recorrido-artistico-e-historico-de-medio-dia-con-el-pan-de-azucar-t1279027/
Brasil;jericoacoara-l105737;1300284;Jericoacoara Experiencia Premium De 1 Dia En Alchymist Y Blue Lagoon;https://www.getyourguide.com/es-es/jericoacoara-l105737/jericoacoara-experiencia-premium-de-1-dia-en-alchymist-y-blue-lagoon-t1300284/
Brasil;rio-de-janeiro-l9;73913;El Mejor Medio Dia En Rio Cristo Redentor Y Pan De Azucar;https://www.getyourguide.com/es-es/rio-de-janeiro-l9/el-mejor-medio-dia-en-rio-cristo-redentor-y-pan-de-azucar-t73913/
Brasil;rio-de-janeiro-l9;96618;Tour A Pie Por Santa Teresa Cultura Arte Y Vistas Asombrosas;https://www.getyourguide.com/es-es/rio-de-janeiro-l9/tour-a-pie-por-santa-teresa-cultura-arte-y-vistas-asombrosas-t96618/
Brasil;fortaleza-l1863;227164;Fortaleza Adesde Jericoacoara Traslado Compartido;https://www.getyourguide.com/es-es/fortaleza-l1863/fortaleza-adesde-jericoacoara-traslado-compartido-t227164/
Brasil;manaos-l917;260547;Manaos Visita Al Museo Amazonico Musa Y Torre De Observacion;https://www.getyourguide.com/es-es/manaos-l917/manaos-visita-al-museo-amazonico-musa-y-torre-de-observacion-t260547/
Brasil;manaos-l917;296780;Manaos Excursion A Las Cuevas Y Cascadas Del Presidente Figueiredo;https://www.getyourguide.com/es-es/manaos-l917/manaos-excursion-a-las-cuevas-y-cascadas-del-presidente-figueiredo-t296780/
Brasil;maceio-l2064;670652;Maceio Excursion A La Playa De Gunga;https://www.getyourguide.com/es-es/maceio-l2064/maceio-excursion-a-la-playa-de-gunga-t670652/
Brasil;rio-de-janeiro-l9;791732;Zona Oeste 18 Playas Caminata Por Telegraph Puesta De Sol Y Sorpresas;https://www.getyourguide.com/es-es/rio-de-janeiro-l9/zona-oeste-18-playas-caminata-por-telegraph-puesta-de-sol-y-sorpresas-t791732/
Brasil;porto-seguro-l126793;800953;Porto Seguro Traslado Al Aeropuerto De Arraial D Ajuda;https://www.getyourguide.com/es-es/porto-seguro-l126793/porto-seguro-traslado-al-aeropuerto-de-arraial-d-ajuda-t800953/
Brasil;rio-de-janeiro-l9;948347;Ipanema Clase De 4 Aperitivos Brasilenos Y 4 Bebidas;https://www.getyourguide.com/es-es/rio-de-janeiro-l9/ipanema-clase-de-4-aperitivos-brasilenos-y-4-bebidas-t948347/
Brasil;rio-de-janeiro-l9;988444;Rio De Janeiro Experiencia Local Privada;https://www.getyourguide.com/es-es/rio-de-janeiro-l9/rio-de-janeiro-experiencia-local-privada-t988444/
Brasil;vale-dos-vinhedos-l239643;1190501;Bento Goncalves Una Experiencia Con Sensaciones Y Sabores Inolvidables;https://www.getyourguide.com/es-es/vale-dos-vinhedos-l239643/bento-goncalves-una-experiencia-con-sensaciones-y-sabores-inolvidables-t1190501/
Brasil;caucaia-l208637;1305271;Fortaleza Excursion De 1 Dia Al Alchymist Lagoa Encantada En Cumbuco;https://www.getyourguide.com/es-es/caucaia-l208637/fortaleza-excursion-de-1-dia-al-alchymist-lagoa-encantada-en-cumbuco-t1305271/
Brasil;salvador-brasil-l1430;82224;Excursion De Un Dia A Praia Do Forte Y La Playa De Guarajuba Desde Salvador;https://www.getyourguide.com/es-es/salvador-brasil-l1430/excursion-de-un-dia-a-praia-do-forte-y-la-playa-de-guarajuba-desde-salvador-t82224/
Brasil;rio-de-janeiro-l9;436069;Rio De Janeiro Tour Privado En Helicoptero Al Cristo Redentor;https://www.getyourguide.com/es-es/rio-de-janeiro-l9/rio-de-janeiro-tour-privado-en-helicoptero-al-cristo-redentor-t436069/
Brasil;petropolis-l1831;1043672;Petropolis Caminata En La Naturaleza Con Guia Local Y Mirador Panoramico Del Rio;https://www.getyourguide.com/es-es/petropolis-l1831/petropolis-caminata-en-la-naturaleza-con-guia-local-y-mirador-panoramico-del-rio-t1043672/
Brasil;rio-de-janeiro-l9;1074612;Tour Por Los Bares De La Favela Vidigal Bar Da Laje Y Alto;https://www.getyourguide.com/es-es/rio-de-janeiro-l9/tour-por-los-bares-de-la-favela-vidigal-bar-da-laje-y-alto-t1074612/
Brasil;foz-de-iguazu-l497;1189579;Excursion De 1 Dia A Paraguay Itaipu Historia Y Cascadas;https://www.getyourguide.com/es-es/foz-de-iguazu-l497/excursion-de-1-dia-a-paraguay-itaipu-historia-y-cascadas-t1189579/
Brasil;rio-de-janeiro-l9;1192047;Rio Tour A Blocos De Carnaval Y Ensayos En El Sambodromo;https://www.getyourguide.com/es-es/rio-de-janeiro-l9/rio-tour-a-blocos-de-carnaval-y-ensayos-en-el-sambodromo-t1192047/
Brasil;sao-paulo-l384;1313486;El Corazon De Sao Paulo Ruta Gastronomica Por Los Secretos De Vila Madalena;https://www.getyourguide.com/es-es/sao-paulo-l384/el-corazon-de-sao-paulo-ruta-gastronomica-por-los-secretos-de-vila-madalena-t1313486/
Brasil;morro-de-sao-paulo-l116740;1317721;Morro De Sao Paulo 7 Horas En Quad Todoterreno Por Las Playas;https://www.getyourguide.com/es-es/morro-de-sao-paulo-l116740/morro-de-sao-paulo-7-horas-en-quad-todoterreno-por-las-playas-t1317721/
Brasil;salvador-brasil-l1430;58448;Tour Nocturno Por El Casco Antiguo De Pelourinho;https://www.getyourguide.com/es-es/salvador-brasil-l1430/tour-nocturno-por-el-casco-antiguo-de-pelourinho-t58448/
Brasil;foz-de-iguazu-l497;204715;Palacio De Rafain Cena Espectaculo Con Barbacoa;https://www.getyourguide.com/es-es/foz-de-iguazu-l497/palacio-de-rafain-cena-espectaculo-con-barbacoa-t204715/
Brasil;foz-de-iguazu-l497;230742;Desde Puerto Iguazu Excursion Al Parque De Las Aves De Brasil Con Entradas;https://www.getyourguide.com/es-es/foz-de-iguazu-l497/desde-puerto-iguazu-excursion-al-parque-de-las-aves-de-brasil-con-entradas-t230742/
Brasil;rio-de-janeiro-l9;840703;Partido De Futbol Del Fluminense En El Maracana Con Anfitriones Locales;https://www.getyourguide.com/es-es/rio-de-janeiro-l9/partido-de-futbol-del-fluminense-en-el-maracana-con-anfitriones-locales-t840703/
Brasil;rio-de-janeiro-l9;880396;Rio De Janeiro Vuelo De Parapente En Sao Conrado;https://www.getyourguide.com/es-es/rio-de-janeiro-l9/rio-de-janeiro-vuelo-de-parapente-en-sao-conrado-t880396/
Brasil;rio-de-janeiro-l9;1033524;Stand Up Paddle Rio De Janeiro Amanecer O Atardecer En La Playa De Copacabana;https://www.getyourguide.com/es-es/rio-de-janeiro-l9/stand-up-paddle-rio-de-janeiro-amanecer-o-atardecer-en-la-playa-de-copacabana-t1033524/
